horizon,outer_held_out_season,alpha,inner_rmse,inner_mae,inner_r_squared,selected_alpha
1,10-11,0.0001,7573522.553076391,5975082.020678422,0.8735014718826093,False
1,10-11,0.00017782794100389227,7569647.59851101,5970606.8879046,0.8736308834338546,False
1,10-11,0.00031622776601683794,7562838.247743008,5962716.376607477,0.873858134332367,False
1,10-11,0.0005623413251903491,7550980.1454377975,5949201.2497596005,0.8742533908304595,False
1,10-11,0.001,7530651.034955904,5926052.4710556045,0.8749295614843894,False
1,10-11,0.0017782794100389228,7496714.763709327,5888043.058231138,0.8760542612557273,False
1,10-11,0.0031622776601683794,7442484.658540782,5828637.591581644,0.8778409849532581,False
1,10-11,0.005623413251903491,7361499.383607576,5741337.145381697,0.88048506315263,False
1,10-11,0.01,7251594.515913973,5617748.368389508,0.8840270645561551,False
1,10-11,0.01778279410038923,7118864.59559153,5464100.196941017,0.8882336440772151,False
1,10-11,0.03162277660168379,6975638.505616617,5297038.348978326,0.892685709439327,False
1,10-11,0.05623413251903491,6832093.279998172,5128684.80393008,0.8970569098730323,False
1,10-11,0.1,6691769.775412291,4965764.152332342,0.9012421541700217,False
1,10-11,0.1778279410038923,6556335.49333684,4791884.081984354,0.9051992084394115,False
1,10-11,0.31622776601683794,6430697.992710221,4642423.410584385,0.9087976866284637,False
1,10-11,0.5623413251903491,6321169.486241775,4507775.042194339,0.9118779693706133,False
1,10-11,1.0,6231442.797887243,4389743.878232605,0.9143619338440981,False
1,10-11,1.7782794100389228,6161845.384388417,4288228.488292352,0.9162641912107311,False
1,10-11,3.1622776601683795,6110755.307876882,4214179.464551007,0.91764700207601,False
1,10-11,5.623413251903491,6075646.181652768,4176728.8412808115,0.9185905959865194,False
1,10-11,10.0,6053339.679156263,4156410.765647969,0.9191872816418525,False
1,10-11,17.78279410038923,6040231.952664676,4146101.1142631373,0.9195368817660733,False
1,10-11,31.622776601683793,6032962.922399055,4144435.952910423,0.9197304295994205,False
1,10-11,56.23413251903491,6029041.520304837,4145627.215769283,0.9198347454939916,False
1,10-11,100.0,6026932.3957438115,4147571.541475635,0.9198908237055925,False
1,10-11,177.82794100389228,6025787.831702229,4148849.6592455837,0.9199212475996125,False
1,10-11,316.22776601683796,6025159.764442238,4149581.608303368,0.9199379399302736,False
1,10-11,562.341325190349,6024811.9930776805,4149997.5435617287,0.919947182004978,False
1,10-11,1000.0,6024618.234118367,4150232.838803751,0.9199523309461584,False
1,10-11,1778.2794100389228,6024509.864418924,4150365.602198063,0.9199552106850827,False
1,10-11,3162.2776601683795,6024449.113086096,4150440.402878732,0.9199568250249138,False
1,10-11,5623.413251903491,6024415.0105760265,4150482.5115712667,0.9199577312207845,False
1,10-11,10000.0,6024395.852551762,4150506.2053459035,0.9199582402990224,False
1,10-11,17782.794100389227,6024385.085301264,4150519.533867198,0.9199585264119964,False
1,10-11,31622.776601683792,6024379.032363054,4150527.0304798344,0.9199586872535905,False
1,10-11,56234.13251903491,6024375.629157198,4150531.2465886525,0.9199587776851473,False
1,10-11,100000.0,6024373.715587363,4150533.617624386,0.9199588285333858,False
1,10-11,177827.94100389228,6024372.639569163,4150534.9510011543,0.9199588571258184,False
1,10-11,316227.7660168379,6024372.0344990175,4150535.7008283655,0.9199588732040082,False
1,10-11,562341.3251903491,6024371.694249191,4150536.1224917327,0.9199588822452754,False
1,10-11,1000000.0,6024371.502914587,4150536.3596119033,0.919958887329502,False
1,10-11,1778279.410038923,6024371.395319846,4150536.492954829,0.9199588901885564,False
1,10-11,3162277.6601683795,6024371.334815069,4150536.567939211,0.9199588917963156,False
1,10-11,5623413.251903491,6024371.300790794,4150536.6101060724,0.9199588927004234,False
1,10-11,10000000.0,6024371.281657559,4150536.6338182557,0.9199588932088401,False
1,10-11,17782794.100389227,6024371.270898157,4150536.6471526013,0.9199588934947436,False
1,10-11,31622776.60168379,6024371.2648477,4150536.6546510556,0.919958893655519,False
1,10-11,56234132.51903491,6024371.261445281,4150536.658867747,0.9199588937459295,False
1,10-11,100000000.0,6024371.259531959,4150536.661238967,0.9199588937967712,True
1,11-12,0.0001,7536614.3539003655,6043788.120624101,0.8739911840848179,False
1,11-12,0.00017782794100389227,7532325.793635888,6039627.864760555,0.874134548896824,False
1,11-12,0.00031622776601683794,7524776.476495975,6032286.655581246,0.8743867212171744,False
1,11-12,0.0005623413251903491,7511589.71437074,6019408.412847127,0.87482659634923,False
1,11-12,0.001,7488864.249285313,5997046.899513342,0.8755828465914526,False
1,11-12,0.0017782794100389228,7450593.807886072,5958891.285964923,0.8768512186286698,False
1,11-12,0.0031622776601683794,7388574.8510251595,5897934.0072733825,0.8788928737035221,False
1,11-12,0.005623413251903491,7294028.682165503,5805708.163569583,0.8819724810825642,False
1,11-12,0.01,7162337.7657858245,5669422.998110119,0.8861958917497158,False
1,11-12,0.01778279410038923,6999452.8792395275,5489646.76849784,0.8913132674656709,False
1,11-12,0.03162277660168379,6822588.281612342,5280057.199997644,0.8967365400894705,False
1,11-12,0.05623413251903491,6649884.360023424,5062537.245302047,0.9018983006369197,False
1,11-12,0.1,6490050.502217441,4860711.076618509,0.9065574897501726,False
1,11-12,0.1778279410038923,6345169.931525183,4677275.291756348,0.9106828494722892,False
1,11-12,0.31622776601683794,6218129.082576521,4520414.778981795,0.9142236008103866,False
1,11-12,0.5623413251903491,6112978.31141162,4400563.577353782,0.9171000909295673,False
1,11-12,1.0,6031913.719061208,4296612.566246805,0.9192841943835464,False
1,11-12,1.7782794100389228,5974206.013686405,4215457.716879524,0.9208212331467112,False
1,11-12,3.1622776601683795,5937053.983088997,4158002.4849741617,0.9218029553298808,False
1,11-12,5.623413251903491,5916883.855500572,4128304.7128910106,0.922333375017237,False
1,11-12,10.0,5909478.386819052,4108392.123432607,0.9225276657433134,True
1,11-12,17.78279410038923,5909778.472556616,4095505.43292817,0.9225197973896873,False
1,11-12,31.622776601683793,5913142.751556683,4093402.662294614,0.9224315574617139,False
1,11-12,56.23413251903491,5916736.0168392705,4096431.6092303446,0.922337256109616,False
1,11-12,100.0,5919498.485177163,4099710.122659144,0.9222647191723666,False
1,11-12,177.82794100389228,5921336.140610801,4102123.7311781687,0.9222164472334813,False
1,11-12,316.22776601683796,5922470.054762316,4103632.208278325,0.922186653851002,False
1,11-12,562.341325190349,5923141.604488388,4104518.1574147465,0.9221690063176454,False
1,11-12,1000.0,5923530.366245096,4105021.781914152,0.9221587892035449,False
1,11-12,1778.2794100389228,5923752.573846676,4105306.729094549,0.9221529490264503,False
1,11-12,3162.2776601683795,5923878.6792770205,4105467.5208491934,0.922149634559739,False
1,11-12,5623.413251903491,5923949.959301093,4105558.116748022,0.9221477610543521,False
1,11-12,10000.0,5923990.159089577,4105609.118381479,0.9221467044437531,False
1,11-12,17782.794100389227,5924012.801878319,4105637.816383698,0.9221461092978984,False
1,11-12,31622.776601683792,5924025.546500758,4105653.9600505247,0.9221457743156684,False
1,11-12,56234.13251903491,5924032.717014055,4105663.0400713827,0.922145585844132,False
1,11-12,100000.0,5924036.750455871,4105668.146702169,0.9221454798280542,False
1,11-12,177827.94100389228,5924039.0189956445,4105671.018548749,0.9221454202011083,False
1,11-12,316227.7660168379,5924040.294805934,4105672.6335627567,0.922145386667337,False
1,11-12,562341.3251903491,5924041.012283666,4105673.541769584,0.9221453678089391,False
1,11-12,1000000.0,5924041.415762708,4105674.052497412,0.922145357203775,False
1,11-12,1778279.410038923,5924041.642659334,4105674.339702548,0.9221453512399558,False
1,11-12,3162277.6601683795,5924041.77025385,4105674.501210423,0.9221453478862229,False
1,11-12,5623413.251903491,5924041.84200589,4105674.5920331557,0.9221453460002706,False
1,11-12,10000000.0,5924041.882355141,4105674.6431065863,0.9221453449397187,False
1,11-12,17782794.100389227,5924041.90504523,4105674.6718273032,0.9221453443433255,False
1,11-12,31622776.60168379,5924041.917804817,4105674.687978155,0.9221453440079487,False
1,11-12,56234132.51903491,5924041.924980062,4105674.697060447,0.9221453438193523,False
1,11-12,100000000.0,5924041.929015003,4105674.7021677983,0.9221453437132968,False
1,12-13,0.0001,7485072.167930173,6057435.013592577,0.8766339275853532,False
1,12-13,0.00017782794100389227,7478791.289960012,6050722.463014314,0.8768408787366551,False
1,12-13,0.00031622776601683794,7467754.003069959,6038891.878722403,0.8772041298116204,False
1,12-13,0.0005623413251903491,7448533.655084602,6018182.876631087,0.8778354152195905,False
1,12-13,0.001,7415588.0167289125,5982360.5743136415,0.8789137185161324,False
1,12-13,0.0017782794100389228,7360623.188436024,5922503.820968168,0.8807020652263267,False
1,12-13,0.0031622776601683794,7272961.654723607,5831243.202749973,0.8835267081149067,False
1,12-13,0.005623413251903491,7142804.214216755,5689351.452015503,0.8876582339649741,False
1,12-13,0.01,6968805.643339214,5485716.170154109,0.8930648558339296,False
1,12-13,0.01778279410038923,6765565.537119931,5248664.799514805,0.8992112717948162,False
1,12-13,0.03162277660168379,6558677.298777815,5011268.982877937,0.9052811796067132,False
1,12-13,0.05623413251903491,6365821.948203957,4808683.142560525,0.9107696227862466,False
1,12-13,0.1,6188338.057498391,4660640.1926481165,0.9156758804726014,False
1,12-13,0.1778279410038923,6024271.319217805,4509356.574095347,0.9200878526489474,False
1,12-13,0.31622776601683794,5878555.812398987,4366940.445326192,0.9239069405283357,False
1,12-13,0.5623413251903491,5757930.326787586,4228085.59118796,0.9269976962770327,False
1,12-13,1.0,5664206.193328765,4112029.8354706126,0.9293549293991181,False
1,12-13,1.7782794100389228,5594604.995434809,4017697.355102078,0.9310804216161055,False
1,12-13,3.1622776601683795,5544779.427599933,3935338.1762166335,0.932302551047865,False
1,12-13,5.623413251903491,5510646.213023054,3881049.0559140667,0.9331334656921774,False
1,12-13,10.0,5488763.320083921,3851940.093565864,0.9336634681238218,False
1,12-13,17.78279410038923,5475853.858447277,3837136.7781634713,0.9339751455572243,False
1,12-13,31.622776601683793,5468774.864073145,3830031.1101640686,0.9341457445077056,False
1,12-13,56.23413251903491,5465048.004048228,3828185.6766379145,0.9342354706239561,False
1,12-13,100.0,5463100.413825471,3828212.4928599726,0.9342823355487795,False
1,12-13,177.82794100389228,5462070.085031942,3828610.870701708,0.9343071216269199,False
1,12-13,316.22776601683796,5461515.272153602,3828839.1544389157,0.9343204665321642,False
1,12-13,562.341325190349,5461211.882464727,3828968.928942459,0.9343277633861574,False
1,12-13,1000.0,5461044.1548093045,3829042.3596515628,0.9343317972458064,False
1,12-13,1778.2794100389228,5460950.77539428,3829083.7979060314,0.9343340429723592,False
1,12-13,3162.2776601683795,5460898.567218866,3829107.1465749266,0.934335298535193,False
1,12-13,5623.413251903491,5460869.305178212,3829120.2911736225,0.9343360022574805,False
1,12-13,10000.0,5460852.88070169,3829127.687576643,0.9343363972477676,False
1,12-13,17782.794100389227,5460843.654304088,3829131.8483526893,0.9343366191317877,False
1,12-13,31622.776601683792,5460838.469012768,3829134.1885951385,0.934336743831786,False
1,12-13,56234.13251903491,5460835.554088371,3829135.5047576423,0.9343368139321478,False
1,12-13,100000.0,5460833.915215745,3829136.244936849,0.9343368533450109,False
1,12-13,177827.94100389228,5460832.993707951,3829136.66118496,0.9343368755061304,False
1,12-13,316227.7660168379,5460832.475537033,3829136.895263138,0.9343368879674966,False
1,12-13,562341.3251903491,5460832.184157915,3829137.026896445,0.9343368949748015,False
1,12-13,1000000.0,5460832.0203065,3829137.1009197617,0.9343368989152239,False
1,12-13,1778279.410038923,5460831.928167055,3829137.142546279,0.9343369011310626,False
1,12-13,3162277.6601683795,5460831.876353548,3829137.1659546364,0.9343369023771129,False
1,12-13,5623413.251903491,5460831.847216771,3829137.179118138,0.9343369030778159,False
1,12-13,10000000.0,5460831.830831988,3829137.1865205234,0.9343369034718496,False
1,12-13,17782794.100389227,5460831.8216181565,3829137.1906831926,0.9343369036934307,False
1,12-13,31622776.60168379,5460831.816436841,3829137.193024032,0.9343369038180349,False
1,12-13,56234132.51903491,5460831.813523176,3829137.194340384,0.9343369038881049,False
1,12-13,100000000.0,5460831.811884701,3829137.1950806235,0.9343369039275082,True
1,13-14,0.0001,8230504.143342485,6673890.2491117,0.8513192834084262,False
1,13-14,0.00017782794100389227,8224882.323280177,6667445.255354937,0.8515223258360514,False
1,13-14,0.00031622776601683794,8214994.642798389,6656173.539959396,0.8518791011168934,False
1,13-14,0.0005623413251903491,8197749.481233199,6636963.47222129,0.8525003279928159,False
1,13-14,0.001,8168106.566705064,6603663.546555556,0.853565111703204,False
1,13-14,0.0017782794100389228,8118398.691276924,6547006.495141785,0.8553419785118411,False
1,13-14,0.0031622776601683794,8038372.182728991,6454067.111608684,0.8581798335385871,False
1,13-14,0.005623413251903491,7917458.524693747,6314362.32364446,0.8624142790599832,False
1,13-14,0.01,7750546.307056222,6125469.992482967,0.8681541693817654,False
1,13-14,0.01778279410038923,7544393.578169975,5891092.693028912,0.8750746878544211,False
1,13-14,0.03162277660168379,7316218.960565685,5635333.257569002,0.8825169645427099,False
1,13-14,0.05623413251903491,7082996.283001335,5370419.412047393,0.8898877092726187,False
1,13-14,0.1,6855628.170243905,5120055.449975313,0.8968435758634253,False
1,13-14,0.1778279410038923,6643211.432268886,4893966.170748175,0.9031369991388851,False
1,13-14,0.31622776601683794,6455047.778855958,4702461.581602748,0.9085464239341522,False
1,13-14,0.5623413251903491,6297844.233044297,4533529.787521627,0.9129466277123146,False
1,13-14,1.0,6174297.57518854,4388044.526242993,0.9163286293336308,False
1,13-14,1.7782794100389228,6083145.379754499,4273475.551579629,0.9187809021492035,False
1,13-14,3.1622776601683795,6019603.54260883,4175557.0843901504,0.920468797670066,False
1,13-14,5.623413251903491,5977317.050447477,4108940.9494481245,0.9215822540658504,False
1,13-14,10.0,5950463.128395629,4077175.449515176,0.9222852763972613,False
1,13-14,17.78279410038923,5934278.131529305,4058405.775355098,0.9227074626821186,False
1,13-14,31.622776601683793,5924957.467763135,4047589.0028718114,0.9229500707886367,False
1,13-14,56.23413251903491,5919733.258432124,4044505.3395290244,0.9230858852657122,False
1,13-14,100.0,5916832.998850304,4043882.6200460694,0.9231612319895759,False
1,13-14,177.82794100389228,5915222.686035312,4043796.6422729534,0.9232030508528717,False
1,13-14,316.22776601683796,5914325.659508693,4043745.382893092,0.9232263411602033,False
1,13-14,562.341325190349,5913824.328362071,4043715.5925755883,0.9232393561334599,False
1,13-14,1000.0,5913543.46983657,4043698.5266335737,0.9232466469720509,False
1,13-14,1778.2794100389228,5913385.881647198,4043688.8290212047,0.9232507376702356,False
1,13-14,3162.2776601683795,5913297.376720087,4043683.343518176,0.9232530350467882,False
1,13-14,5623.413251903491,5913247.643095806,4043680.2485805154,0.9232543259978179,False
1,13-14,10000.0,5913219.687406801,4043678.5049305856,0.9232550516474957,False
1,13-14,17782.794100389227,5913203.970446089,4043677.5233784253,0.9232554596133075,False
1,13-14,31622.776601683792,5913195.133315588,4043676.971086421,0.9232556889986002,False
1,13-14,56234.13251903491,5913190.164201135,4043676.6604070887,0.9232558179816952,False
1,13-14,100000.0,5913187.3699795725,4043676.485666769,0.9232558905111392,False
1,13-14,177827.94100389228,5913185.798710283,4043676.3873927933,0.9232559312964683,False
1,13-14,316227.7660168379,5913184.91513232,4043676.3321260214,0.923255954231436,False
1,13-14,562341.3251903491,5913184.418263614,4043676.3010462048,0.9232559671286188,False
1,13-14,1000000.0,5913184.138854978,4043676.283568414,0.9232559743812068,False
1,13-14,1778279.410038923,5913183.981732326,4043676.273739828,0.9232559784596269,False
1,13-14,3162277.6601683795,5913183.893375881,4043676.268212774,0.923255980753088,False
1,13-14,5623413.251903491,5913183.84368944,4043676.2651046766,0.923255982042795,False
1,13-14,10000000.0,5913183.815748711,4043676.2633568593,0.9232559827680502,False
1,13-14,17782794.100389227,5913183.800036488,4043676.262373989,0.9232559831758911,False
1,13-14,31622776.60168379,5913183.791200859,4043676.2618212784,0.9232559834052368,False
1,13-14,56234132.51903491,5913183.786232217,4043676.261510469,0.9232559835342075,False
1,13-14,100000000.0,5913183.783438145,4043676.261335685,0.923255983606733,True
1,14-15,0.0001,7098909.557700902,5476312.0725222705,0.8888075356770042,False
1,14-15,0.00017782794100389227,7098577.68653364,5475814.996187994,0.8888179318399808,False
1,14-15,0.00031622776601683794,7097988.980218777,5474918.1680529835,0.888836372399311,False
1,14-15,0.0005623413251903491,7096946.035309016,5473284.153042916,0.8888690377140144,False
1,14-15,0.001,7095100.509853743,5470262.690384577,0.8889268283050034,False
1,14-15,0.0017782794100389228,7091831.856859788,5464565.8224862255,0.8890291456789274,False
1,14-15,0.0031622776601683794,7085997.818647005,5454394.265219575,0.8892116491350471,False
1,14-15,0.005623413251903491,7075365.72494173,5435855.151310387,0.8895438616099788,False
1,14-15,0.01,7055415.398533099,5406050.062522124,0.8901658871891076,False
1,14-15,0.01778279410038923,7017847.044825658,5364959.413391449,0.8913324523975357,False
1,14-15,0.03162277660168379,6951589.373351411,5301417.999850804,0.8933746940221269,False
1,14-15,0.05623413251903491,6849742.122188867,5193575.382661899,0.8964761267714586,False
1,14-15,0.1,6718003.983837617,5043272.658217938,0.9004198942294553,False
1,14-15,0.1778279410038923,6574111.456900518,4871030.560904869,0.9046400104650276,False
1,14-15,0.31622776601683794,6437835.00092883,4701954.262703711,0.908552517823934,False
1,14-15,0.5623413251903491,6321985.754276799,4550927.158569596,0.9118141115028481,False
1,14-15,1.0,6230940.064085048,4420166.554951234,0.914335828954632,False
1,14-15,1.7782794100389228,6163637.227999042,4316646.878318929,0.9161764193634682,False
1,14-15,3.1622776601683795,6116470.384194843,4244830.320245596,0.9174544199640088,False
1,14-15,5.623413251903491,6085166.97673299,4196981.442653362,0.9182971758546241,False
1,14-15,10.0,6065700.89209797,4173782.34552009,0.9188190646521265,False
1,14-15,17.78279410038923,6054430.774827957,4160045.018458382,0.9191204539605968,False
1,14-15,31.622776601683793,6048273.497919187,4154400.224822937,0.9192848771908317,False
1,14-15,56.23413251903491,6045006.2361162575,4153862.975611855,0.9193720578409867,False
1,14-15,100.0,6043276.511490431,4154834.7161489767,0.9194181931726724,False
1,14-15,177.82794100389228,6042349.76155321,4155555.9009061907,0.9194429060773911,False
1,14-15,316.22776601683796,6041845.798241781,4155968.9130002987,0.9194563432759579,False
1,14-15,562.341325190349,6041568.372628576,4156203.6040758677,0.9194637398104256,False
1,14-15,1000.0,6041414.35717843,4156336.365745386,0.9194678459197992,False
1,14-15,1778.2794100389228,6041328.397178361,4156411.2740354487,0.919470137599963,False
1,14-15,3162.2776601683795,6041280.267126006,4156453.4778811745,0.9194714207253948,False
1,14-15,5623.413251903491,6041253.2682698425,4156477.2361730263,0.9194721404982159,False
1,14-15,10000.0,6041238.1068904,4156490.6044659945,0.9194725446898124,False
1,14-15,17782.794100389227,6041229.587742222,4156498.1245495635,0.9194727718038008,False
1,14-15,31622.776601683792,6041224.79920243,4156502.3542070133,0.9194728994624762,False
1,14-15,56234.13251903491,6041222.107082602,4156504.7329724245,0.9194729712322127,False
1,14-15,100000.0,6041220.593405616,4156506.0707309297,0.9194730115856024,False
1,14-15,177827.94100389228,6041219.742269946,4156506.823033252,0.9194730342761783,False
1,14-15,316227.7660168379,6041219.26366252,4156507.2460919777,0.9194730470354567,False
1,14-15,562341.3251903491,6041218.994528534,4156507.483997925,0.9194730542103459,False
1,14-15,1000000.0,6041218.843185504,4156507.6177830743,0.9194730582450256,False
1,14-15,1778279.410038923,6041218.758079741,4156507.6930162525,0.9194730605138746,False
1,14-15,3162277.6601683795,6041218.710221466,4156507.735323054,0.9194730617897365,False
1,14-15,5623413.251903491,6041218.683308846,4156507.7591139423,0.9194730625072046,False
1,14-15,10000000.0,6041218.66817479,4156507.7724925485,0.919473062910666,False
1,14-15,17782794.100389227,6041218.659664293,4156507.780015898,0.9194730631375487,False
1,14-15,31622776.60168379,6041218.65487849,4156507.7842465863,0.9194730632651343,False
1,14-15,56234132.51903491,6041218.652187235,4156507.786625677,0.919473063336881,False
1,14-15,100000000.0,6041218.650673833,4156507.78796354,0.919473063377227,True
1,15-16,0.0001,8103813.636014421,6439416.474196161,0.8576051297347751,False
1,15-16,0.00017782794100389227,8097090.130780909,6432480.118578016,0.8578413137186665,False
1,15-16,0.00031622776601683794,8085254.316234274,6420255.714370806,0.8582566071357147,False
1,15-16,0.0005623413251903491,8064578.886464113,6398858.517691191,0.8589806062607602,False
1,15-16,0.001,8028940.436270079,6361845.356327789,0.860224219365272,False
1,15-16,0.0017782794100389228,7968885.1924380055,6299087.565683891,0.8623074020051266,False
1,15-16,0.0031622776601683794,7871381.295790934,6199710.642668221,0.865656284506356,False
1,15-16,0.005623413251903491,7722021.4962527,6051510.1982595045,0.8707062693377996,False
1,15-16,0.01,7511766.679809318,5843448.010900845,0.8776512224826775,False
1,15-16,0.01778279410038923,7247041.508802989,5589397.566042165,0.8861227549642636,False
1,15-16,0.03162277660168379,6954931.002414396,5288908.830445532,0.895117964817012,False
1,15-16,0.05623413251903491,6674504.372126912,4986396.101463252,0.9034052555017373,False
1,15-16,0.1,6438668.364069202,4726290.717788884,0.9101107892319209,False
1,15-16,0.1778279410038923,6261854.197554482,4515690.760200328,0.9149799498725804,False
1,15-16,0.31622776601683794,6140377.263365158,4363394.7958202055,0.9182466487954011,False
1,15-16,0.5623413251903491,6059809.01505035,4251666.270136547,0.9203779549425154,False
1,15-16,1.0,6003820.231124407,4154847.1252458068,0.9218424721220068,False
1,15-16,1.7782794100389228,5961113.205383073,4071226.3012979506,0.9229504346383964,False
1,15-16,3.1622776601683795,5926994.680875813,4008458.096566832,0.9238298993809008,False
1,15-16,5.623413251903491,5900668.733198208,3968688.4127226067,0.9245050465099165,False
1,15-16,10.0,5882070.485633187,3945903.797596155,0.9249801998040593,False
1,15-16,17.78279410038923,5870205.200112755,3930136.518776455,0.9252825537342788,False
1,15-16,31.622776601683793,5863232.842103557,3920033.47330401,0.9254599401740954,False
1,15-16,56.23413251903491,5859324.732153753,3914346.5238356963,0.92555927570158,False
1,15-16,100.0,5857171.408470395,3912150.1299145534,0.9256139801350989,False
1,15-16,177.82794100389228,5855985.58142123,3911208.1285079266,0.9256440970700531,False
1,15-16,316.22776601683796,5855329.196101964,3911013.493591641,0.9256607649347932,False
1,15-16,562.341325190349,5854963.908230854,3910901.7607736494,0.9256700400320459,False
1,15-16,1000.0,5854759.801450364,3910838.1497923136,0.9256752222960607,False
1,15-16,1778.2794100389228,5854645.456606088,3910811.8562162565,0.9256781254287015,False
1,15-16,3162.2776601683795,5854581.296058748,3910835.3457678966,0.9256797543936177,False
1,15-16,5623.413251903491,5854545.260908747,3910848.5717064203,0.9256806692781573,False
1,15-16,10000.0,5854525.011188173,3910856.0145243285,0.9256811833891635,False
1,15-16,17782.794100389227,5854513.628485821,3910860.201615481,0.9256814723786698,False
1,15-16,31622.776601683792,5854507.228964995,3910862.556723866,0.925681634852527,False
1,15-16,56234.13251903491,5854503.630706946,3910863.8812675914,0.9256817262066112,False
1,15-16,100000.0,5854501.607402363,3910864.6261667055,0.9256817775750917,False
1,15-16,177827.94100389228,5854500.469660339,3910865.045071166,0.9256818064605417,False
1,15-16,316227.7660168379,5854499.829875451,3910865.2806437993,0.9256818227036541,False
1,15-16,562341.3251903491,5854499.470102547,3910865.413117718,0.9256818318377105,False
1,15-16,1000000.0,5854499.267788822,3910865.48761381,0.9256818369741308,False
1,15-16,1778279.410038923,5854499.154019913,3910865.529506213,0.9256818398625405,False
1,15-16,3162277.6601683795,5854499.090043097,3910865.5530640935,0.925681841486809,False
1,15-16,5623413.251903491,5854499.054066337,3910865.566311681,0.9256818424002011,False
1,15-16,10000000.0,5854499.033835132,3910865.573761352,0.9256818429138388,False
1,15-16,17782794.100389227,5854499.0224582935,3910865.5779506126,0.9256818432026784,False
1,15-16,31622776.60168379,5854499.016060629,3910865.5803064066,0.9256818433651048,False
1,15-16,56234132.51903491,5854499.012462959,3910865.581631168,0.925681843456444,False
1,15-16,100000000.0,5854499.01043984,3910865.5823761355,0.9256818435078077,True
1,16-17,0.0001,8669393.975157108,7084916.462708293,0.834952730791322,False
1,16-17,0.00017782794100389227,8660774.797203198,7076501.145787509,0.8352807501712936,False
1,16-17,0.00031622776601683794,8645614.518335529,7061908.608096939,0.8358569120538258,False
1,16-17,0.0005623413251903491,8619170.858928597,7036879.627400716,0.8368594795087494,False
1,16-17,0.001,8573709.191222643,6993576.506365862,0.8385759046227034,False
1,16-17,0.0017782794100389228,8497455.837240975,6920147.196721136,0.8414345018972267,False
1,16-17,0.0031622776601683794,8374656.708225604,6802424.113619359,0.8459843365490469,False
1,16-17,0.005623413251903491,8189138.317695825,6619584.2439380875,0.8527323770308859,False
1,16-17,0.01,7933706.21392737,6356239.340342111,0.861776115824858,False
1,16-17,0.01778279410038923,7621964.414261146,6028292.663741285,0.8724252583852306,False
1,16-17,0.03162277660168379,7289495.838512316,5685914.305892347,0.883312093414249,False
1,16-17,0.05623413251903491,6976436.963207276,5343746.422044394,0.8931195649979796,False
1,16-17,0.1,6707237.131817885,5035491.562703409,0.9012088170801468,False
1,16-17,0.1778279410038923,6487433.2082401225,4790789.516847507,0.9075777232170503,False
1,16-17,0.31622776601683794,6313552.135362011,4600687.857755681,0.9124656711980014,False
1,16-17,0.5623413251903491,6180609.1040299665,4444715.160720905,0.916113240460645,False
1,16-17,1.0,6082669.703537474,4313239.652565996,0.9187507552724652,False
1,16-17,1.7782794100389228,6012511.647080222,4209979.961103885,0.9206142183742769,False
1,16-17,3.1622776601683795,5963183.5761097595,4143357.4980412475,0.9219114745022592,False
1,16-17,5.623413251903491,5929349.853696891,4103820.999417584,0.9227950731174417,False
1,16-17,10.0,5907187.943855989,4077595.4285036763,0.9233711265075806,False
1,16-17,17.78279410038923,5893540.350536173,4060430.908376401,0.9237247944921352,False
1,16-17,31.622776601683793,5885587.687703824,4049600.180823246,0.9239305050474276,False
1,16-17,56.23413251903491,5881106.304034152,4046104.037635287,0.9240463020853359,False
1,16-17,100.0,5878613.415946538,4045185.0646993695,0.9241106790679297,False
1,16-17,177.82794100389228,5877228.469878297,4044850.4096402368,0.9241464324773193,False
1,16-17,316.22776601683796,5876456.911598527,4044653.8060173616,0.9241663471724118,False
1,16-17,562.341325190349,5876025.719174814,4044540.466833059,0.9241774755436029,False
1,16-17,1000.0,5875784.167388493,4044478.8506076536,0.9241837092432676,False
1,16-17,1778.2794100389228,5875648.639674405,4044445.7115909974,0.9241872066794508,False
1,16-17,3162.2776601683795,5875572.526456808,4044426.995066768,0.9241891708262586,False
1,16-17,5623.413251903491,5875529.756817648,4044416.4442338133,0.924190274511046,False
1,16-17,10000.0,5875505.715875152,4044410.5028982493,0.9241908948920492,False
1,16-17,17782.794100389227,5875492.1998979775,4044407.1592536443,0.9241912436732453,False
1,16-17,31622.776601683792,5875484.600332169,4044405.278165653,0.9241914397804787,False
1,16-17,56234.13251903491,5875480.32710741,4044404.220093206,0.9241915500511783,False
1,16-17,100000.0,5875477.924199441,4044403.625013439,0.924191612058259,False
1,16-17,177827.94100389228,5875476.572977548,4044403.2903495934,0.9241916469265514,False
1,16-17,316227.7660168379,5875475.813139936,4044403.102146089,0.9241916665341641,False
1,16-17,562341.3251903491,5875475.385855101,4044402.996308888,0.9241916775602499,False
1,16-17,1000000.0,5875475.145576212,4044402.9367914386,0.9241916837606465,False
1,16-17,1778279.410038923,5875475.0104577895,4044402.90332206,0.9241916872473773,False
1,16-17,3162277.6601683795,5875474.93447522,4044402.884500762,0.9241916892081075,False
1,16-17,5623413.251903491,5875474.891747112,4044402.873916742,0.9241916903107061,False
1,16-17,10000000.0,5875474.867719343,4044402.867964902,0.9241916909307427,False
1,16-17,17782794.100389227,5875474.854207538,4044402.8646179345,0.9241916912794148,False
1,16-17,31622776.60168379,5875474.846609293,4044402.862735794,0.9241916914754875,False
1,16-17,56234132.51903491,5875474.842336484,4044402.861677388,0.9241916915857473,False
1,16-17,100000000.0,5875474.839933711,4044402.8610822055,0.924191691647751,True
1,17-18,0.0001,7623735.9381064335,6039162.2383939475,0.8719095035819008,False
1,17-18,0.00017782794100389227,7619351.06776263,6034787.001031867,0.8720568063482326,False
1,17-18,0.00031622776601683794,7611633.462224562,6027058.570015624,0.872315861224956,False
1,17-18,0.0005623413251903491,7598156.562441567,6013477.0585024515,0.8727676073495545,False
1,17-18,0.001,7574942.472228517,5989823.212471768,0.8735438672968645,False
1,17-18,0.0017782794100389228,7535881.713747192,5949261.038030752,0.8748446658431581,False
1,17-18,0.0031622776601683794,7472669.061717518,5882085.9922383055,0.8769355211917517,False
1,17-18,0.005623413251903491,7376514.198929677,5776816.140214225,0.8800822190006534,False
1,17-18,0.01,7243033.423653027,5618954.863906227,0.8843828667538759,False
1,17-18,0.01778279410038923,7078792.339663115,5419354.54791981,0.8895668239478467,False
1,17-18,0.03162277660168379,6902051.525988938,5227442.707511927,0.8950124956242032,False
1,17-18,0.05623413251903491,6732522.236154842,5030056.77027603,0.9001065963339221,False
1,17-18,0.1,6580688.943378013,4859814.565837125,0.9045614254527015,False
1,17-18,0.1778279410038923,6449186.027607912,4724272.842916106,0.9083376416347932,False
1,17-18,0.31622776601683794,6339266.491713603,4599091.136085111,0.9114355894623928,False
1,17-18,0.5623413251903491,6252037.140118171,4485587.708921325,0.9138561422554645,False
1,17-18,1.0,6186601.611901396,4384301.562914075,0.9156499160940121,False
1,17-18,1.7782794100389228,6139633.391029669,4296289.136870939,0.9169258135492363,False
1,17-18,3.1622776601683795,6106787.646718205,4234387.185112438,0.9178122947140765,False
1,17-18,5.623413251903491,6084423.214905212,4201957.666155566,0.9184131721976106,False
1,17-18,10.0,6070030.1276382,4180854.2444109884,0.9187987132314082,False
1,17-18,17.78279410038923,6061508.805074814,4168664.2004848165,0.9190265396691769,False
1,17-18,31.622776601683793,6056838.089679707,4162575.5305324653,0.9191512803193223,False
1,17-18,56.23413251903491,6054387.514630751,4160788.9637428205,0.9192166892907196,False
1,17-18,100.0,6053112.484165753,4161780.0222448655,0.9192507110100577,False
1,17-18,177.82794100389228,6052440.596519543,4162475.3194468897,0.919268636148164,False
1,17-18,316.22776601683796,6052079.850723149,4162874.1816171804,0.919278259582464,False
1,17-18,562.341325190349,6051882.965170859,4163101.077923335,0.9192835115574287,False
1,17-18,1000.0,6051774.24867931,4163229.5140298153,0.919286411525807,False
1,17-18,1778.2794100389228,6051713.766003183,4163302.0093375975,0.919288024854142,False
1,17-18,3162.2776601683795,6051679.964365206,4163342.8626357955,0.9192889264795164,False
1,17-18,5623.413251903491,6051661.023475539,4163365.8635133547,0.9192894317068765,False
1,17-18,10000.0,6051650.393591989,4163378.80653768,0.9192897152466138,False
1,17-18,17782.794100389227,6051644.422745877,4163386.0876840446,0.9192898745117468,False
1,17-18,31622.776601683792,6051641.067239194,4163390.1830435274,0.9192899640157796,False
1,17-18,56234.13251903491,6051639.180978693,4163392.4863086464,0.9192900143294473,False
1,17-18,100000.0,6051638.120471484,4163393.781616865,0.9192900426171597,False
1,17-18,177827.94100389228,6051637.524172476,4163394.5100497403,0.9192900585226929,False
1,17-18,316227.7660168379,6051637.188870413,4163394.9196863584,0.9192900674664568,False
1,17-18,562341.3251903491,6051637.00032301,4163395.1500447094,0.9192900724957234,False
1,17-18,1000000.0,6051636.894297164,4163395.2795856013,0.9192900753238302,False
1,17-18,1778279.410038923,6051636.83467513,4163395.3524320717,0.9192900769141734,False
1,17-18,3162277.6601683795,6051636.801147412,4163395.3933967403,0.9192900778084834,False
1,17-18,5623413.251903491,6051636.78229346,4163395.4164328957,0.919290078311389,False
1,17-18,10000000.0,6051636.771691124,4163395.4293870847,0.9192900785941931,False
1,17-18,17782794.100389227,6051636.765729,4163395.436671764,0.9192900787532252,False
1,17-18,31622776.60168379,6051636.762376251,4163395.4407682405,0.9192900788426557,False
1,17-18,56234132.51903491,6051636.7604908645,4163395.4430718594,0.919290078892946,False
1,17-18,100000000.0,6051636.759430634,4163395.44436728,0.9192900789212263,True
1,18-19,0.0001,8283019.969627879,6733382.651014274,0.8497692309536818,False
1,18-19,0.00017782794100389227,8275386.094131913,6726053.841028646,0.8500460175625771,False
1,18-19,0.00031622776601683794,8261969.532084509,6713138.254110188,0.8505318525449991,False
1,18-19,0.0005623413251903491,8238600.213720722,6690533.22359689,0.8513762102268343,False
1,18-19,0.001,8198522.822621439,6651439.619505053,0.8528186800033046,False
1,18-19,0.0017782794100389228,8131587.873254508,6585194.315798018,0.8552121254960829,False
1,18-19,0.0031622776601683794,8024578.94587029,6476662.283420035,0.8589977698673246,False
1,18-19,0.005623413251903491,7864840.325251973,6308052.039174987,0.8645555252549828,False
1,18-19,0.01,7648895.93231076,6073432.31034805,0.8718911956506402,False
1,18-19,0.01778279410038923,7391742.129291029,5777452.278884032,0.880360362435324,False
1,18-19,0.03162277660168379,7124418.245933033,5474182.337907745,0.8888574675873733,False
1,18-19,0.05623413251903491,6876352.640946284,5179675.453618271,0.8964624808299647,False
1,18-19,0.1,6661517.583150847,4950014.274238964,0.9028309781917851,False
1,18-19,0.1778279410038923,6481597.866886698,4754173.845012212,0.908008936555972,False
1,18-19,0.31622776601683794,6334535.9535806775,4582391.776540296,0.9121359769445494,False
1,18-19,0.5623413251903491,6217551.299589576,4439432.501964312,0.9153513126110393,False
1,18-19,1.0,6127074.227180885,4315193.225832551,0.9177969830452001,False
1,18-19,1.7782794100389228,6059363.875150594,4214333.295166371,0.9196037965680309,False
1,18-19,3.1622776601683795,6010981.727318359,4152303.9900383907,0.92088254855902,False
1,18-19,5.623413251903491,5978570.489094558,4122074.8235386536,0.921733451569176,False
1,18-19,10.0,5958604.213385967,4098104.5849473365,0.9222553429054897,False
1,18-19,17.78279410038923,5947386.451677424,4084295.2910566144,0.9225477939802137,False
1,18-19,31.622776601683793,5941542.83116473,4077954.4460868775,0.9226999209526967,False
1,18-19,56.23413251903491,5938614.868812785,4077600.803443845,0.9227760883590816,False
1,18-19,100.0,5937149.824931065,4078599.996425042,0.9228141856145904,False
1,18-19,177.82794100389228,5936400.858807959,4079450.31887802,0.9228336582287409,False
1,18-19,316.22776601683796,5936007.239986493,4079960.4801831986,0.9228438910678749,False
1,18-19,562.341325190349,5935795.388533351,4080251.751554847,0.9228493982518974,False
1,18-19,1000.0,5935679.408630337,4080416.969728287,0.9228524131239763,False
1,18-19,1778.2794100389228,5935615.213159464,4080510.33591456,0.9228540818458002,False
1,18-19,3162.2776601683795,5935579.442528822,4080562.9853811637,0.9228550116735366,False
1,18-19,5623.413251903491,5935559.432218448,4080592.638679136,0.9228555318224363,False
1,18-19,10000.0,5935548.212959193,4080609.3286433895,0.9228558234555942,False
1,18-19,17782.794100389227,5935541.914486251,4080618.718752227,0.9228559871777083,False
1,18-19,31622.776601683792,5935538.375945575,4080624.000670891,0.9228560791582384,False
1,18-19,56234.13251903491,5935536.387138508,4080626.971377872,0.9228561308550988,False
1,18-19,100000.0,5935535.269085661,4080628.6420765254,0.9228561599176497,False
1,18-19,177827.94100389228,5935534.64046448,4080629.5816260246,0.9228561762579618,False
1,18-19,316227.7660168379,5935534.286998382,4080630.1099882727,0.9228561854459212,False
1,18-19,562341.3251903491,5935534.088240406,4080630.407112862,0.9228561906124142,False
1,18-19,1000000.0,5935533.976473939,4080630.574199769,0.9228561935176594,False
1,18-19,1778279.410038923,5935533.913624097,4080630.668160109,0.9228561951513712,False
1,18-19,3162277.6601683795,5935533.87828137,4080630.720998039,0.9228561960700661,False
1,18-19,5623413.251903491,5935533.858406798,4080630.7507110364,0.9228561965866835,False
1,18-19,10000000.0,5935533.8472305415,4080630.767419897,0.9228561968771979,False
1,18-19,17782794.100389227,5935533.840945681,4080630.7768159867,0.9228561970405659,False
1,18-19,31622776.60168379,5935533.837411446,4080630.7820997955,0.9228561971324344,False
1,18-19,56234132.51903491,5935533.835424,4080630.7850711006,0.9228561971840958,False
1,18-19,100000000.0,5935533.83430638,4080630.786741989,0.9228561972131472,True
1,19-20,0.0001,6946067.762263618,5343157.687607148,0.8930846229086217,False
1,19-20,0.00017782794100389227,6942547.263318117,5339060.597199945,0.8931929720063542,False
1,19-20,0.00031622776601683794,6936377.387201387,5331836.1296426235,0.893382727519429,False
1,19-20,0.0005623413251903491,6925684.439615517,5319178.93203713,0.8937111912416662,False
1,19-20,0.001,6907510.720376774,5297250.303528692,0.8942682852134562,False
1,19-20,0.0017782794100389228,6877645.016502877,5259976.832474069,0.8951806039035687,False
1,19-20,0.0031622776601683794,6831278.932096683,5203097.539393431,0.8965891333451306,False
1,19-20,0.005623413251903491,6765699.061180609,5117384.5419210605,0.898565079440553,False
1,19-20,0.01,6685540.082452649,5025350.0564388465,0.9009544120471399,False
1,19-20,0.01778279410038923,6606536.421227019,4943270.448159171,0.9032814431648273,False
1,19-20,0.03162277660168379,6548113.660207066,4881780.292988453,0.9049844779485399,False
1,19-20,0.05623413251903491,6514804.837649442,4850731.228336412,0.905948665763506,False
1,19-20,0.1,6489232.683402816,4804045.991571413,0.9066855642589786,False
1,19-20,0.1778279410038923,6449502.099252734,4742312.714508686,0.9078247089797428,False
1,19-20,0.31622776601683794,6388487.240797399,4658146.347454752,0.9095604892969733,False
1,19-20,0.5623413251903491,6314763.206949377,4553294.467721098,0.9116358141681613,False
1,19-20,1.0,6241935.119898693,4447494.599055132,0.9136622670198096,False
1,19-20,1.7782794100389228,6180117.897280503,4353120.109956434,0.9153638965267883,False
1,19-20,3.1622776601683795,6133432.07486515,4288483.553916955,0.9166377821359576,False
1,19-20,5.623413251903491,6101451.9993172875,4243824.169130156,0.9175048268295992,False
1,19-20,10.0,6081526.281422549,4218003.117542286,0.9180427615644093,False
1,19-20,17.78279410038923,6070218.383161497,4203790.919490969,0.9183472583191814,False
1,19-20,31.622776601683793,6064259.260357127,4196001.96367851,0.9185074963361861,False
1,19-20,56.23413251903491,6061234.803212211,4195186.64158276,0.9185887623614843,False
1,19-20,100.0,6059702.393138592,4196169.085421477,0.9186299221694421,False
1,19-20,177.82794100389228,6058910.66823112,4197073.765373089,0.9186511834475103,False
1,19-20,316.22776601683796,6058491.30989553,4197595.406722608,0.9186624439283441,False
1,19-20,562.341325190349,6058264.41853341,4197893.005637215,0.9186685360203775,False
1,19-20,1000.0,6058139.796685724,4198061.737745254,0.9186718820522993,False
1,19-20,1778.2794100389228,6058070.68216998,4198157.065249137,0.9186737377114995,False
1,19-20,3162.2776601683795,6058032.126414302,4198210.812864787,0.9186747728877744,False
1,19-20,5623.413251903491,6058010.543889856,4198241.082162361,0.9186753523500615,False
1,19-20,10000.0,6057998.438599077,4198258.11803909,0.9186756773602333,False
1,19-20,17782.794100389227,6057991.6412687665,4198267.702513258,0.9186758598587859,False
1,19-20,31622.776601683792,6057987.822008399,4198273.093682257,0.9186759624003493,False
1,19-20,56234.13251903491,6057985.675280437,4198276.125809597,0.9186760200368319,False
1,19-20,100000.0,6057984.468402967,4198277.831042511,0.9186760524397046,False
1,19-20,177827.94100389228,6057983.789825968,4198278.790010489,0.9186760706584892,False
1,19-20,316227.7660168379,6057983.408265729,4198279.329292053,0.918676080902814,False
1,19-20,562341.3251903491,6057983.193708652,4198279.632556871,0.9186760866633522,False
1,19-20,1000000.0,6057983.0730575025,4198279.8030966325,0.9186760899026558,False
1,19-20,1778279.410038923,6057983.005211379,4198279.89899864,0.9186760917242232,False
1,19-20,3162277.6601683795,6057982.967059018,4198279.952928445,0.9186760927485572,False
1,19-20,5623413.251903491,6057982.945604466,4198279.983255446,0.9186760933245799,False
1,19-20,10000000.0,6057982.933539717,4198280.0003095865,0.9186760936485004,False
1,19-20,17782794.100389227,6057982.92675522,4198280.009899838,0.9186760938306542,False
1,19-20,31622776.60168379,6057982.92294002,4198280.015292836,0.9186760939330866,False
1,19-20,56234132.51903491,6057982.920794577,4198280.018325541,0.9186760939906885,False
1,19-20,100000000.0,6057982.919588105,4198280.020030957,0.9186760940230805,True
1,20-21,0.0001,7540899.620854812,5938893.517462779,0.8729539459820372,False
1,20-21,0.00017782794100389227,7537329.115750119,5935069.985948952,0.8730742263773054,False
1,20-21,0.00031622776601683794,7531047.535191108,5928322.922653712,0.8732856971061914,False
1,20-21,0.0005623413251903491,7520085.979521007,5916486.678078762,0.8736542978974383,False
1,20-21,0.001,7501224.492862533,5895932.837000863,0.8742872904557727,False
1,20-21,0.0017782794100389228,7469529.482723409,5861850.857289731,0.8753473967899397,False
1,20-21,0.0031622776601683794,7418280.4306684965,5807609.791117065,0.8770520322281157,False
1,20-21,0.005623413251903491,7340156.882748848,5721883.619187022,0.8796279808355838,False
1,20-21,0.01,7230495.804921027,5597763.12639846,0.8831978013212748,False
1,20-21,0.01778279410038923,7091471.421701404,5449028.294862138,0.8876462492738012,False
1,20-21,0.03162277660168379,6933125.653834875,5271102.212922157,0.8926077346352235,False
1,20-21,0.05623413251903491,6768907.8937291745,5080044.294991418,0.8976348634266417,False
1,20-21,0.1,6610112.240398637,4902576.75460752,0.9023814103521893,False
1,20-21,0.1778279410038923,6464491.783765688,4743769.965397357,0.9066350999418177,False
1,20-21,0.31622776601683794,6337471.815381926,4600791.509329758,0.9102680836418537,False
1,20-21,0.5623413251903491,6231982.849342772,4462056.277440377,0.913230447035968,False
1,20-21,1.0,6147751.317143663,4341163.020910272,0.9155601517626555,False
1,20-21,1.7782794100389228,6082498.137621181,4249377.099197203,0.9173431538606648,False
1,20-21,3.1622776601683795,6033689.80683692,4190759.560442943,0.918664372882723,False
1,20-21,5.623413251903491,5999076.873014063,4150370.5152858444,0.919594878006113,False
1,20-21,10.0,5976334.433343811,4126104.8328677365,0.920203352461883,False
1,20-21,17.78279410038923,5962633.694429899,4111059.9251277805,0.9205688005079389,False
1,20-21,31.622776601683793,5954950.241796233,4105382.5972259105,0.920773378776529,False
1,20-21,56.23413251903491,5950806.493411076,4104420.2009830414,0.9208836000037204,False
1,20-21,100.0,5948591.391174476,4104988.7864284045,0.9209424889282585,False
1,20-21,177.82794100389228,5947397.860103701,4105528.4162733913,0.9209742100950488,False
1,20-21,316.22776601683796,5946746.710891455,4105839.6848844583,0.9209915133813411,False
1,20-21,562.341325190349,5946387.597713398,4106017.3251937013,0.9210010554497715,False
1,20-21,1000.0,5946188.023689783,4106118.066717435,0.9210063581221564,False
1,20-21,1778.2794100389228,5946076.570369307,4106174.990186149,0.9210093193541719,False
1,20-21,3162.2776601683795,5946014.1454874445,4106207.0875409245,0.9210109779127071,False
1,20-21,5623.413251903491,5945979.121282245,4106225.1648473674,0.9210119084586166,False
1,20-21,10000.0,5945959.451139069,4106235.3392296326,0.9210124310653961,False
1,20-21,17782.794100389227,5945948.397868837,4106241.0634818794,0.9210127247337738,False
1,20-21,31622.776601683792,5945942.18471318,4106244.2833443563,0.921012889807517,False
1,20-21,56234.13251903491,5945938.691607813,4106246.094284161,0.9210129826137399,False
1,20-21,100000.0,5945936.727546238,4106247.11273841,0.9210130347956906,False
1,20-21,177827.94100389228,5945935.623154208,4106247.685485143,0.9210130641375995,False
1,20-21,316227.7660168379,5945935.0021345345,4106248.0075730993,0.9210130806370848,False
1,20-21,562341.3251903491,5945934.652917609,4106248.1886992496,0.9210130899152112,False
1,20-21,1000000.0,5945934.456541059,4106248.2905548485,0.9210130951326169,False
1,20-21,1778279.410038923,5945934.346111221,4106248.34783274,0.9210130980665581,False
1,20-21,3162277.6601683795,5945934.284012215,4106248.3800425525,0.9210130997164276,False
1,20-21,5623413.251903491,5945934.249091459,4106248.39815549,0.9210131006442153,False
1,20-21,10000000.0,5945934.229454101,4106248.4083411507,0.9210131011659479,False
1,20-21,17782794.100389227,5945934.218411209,4106248.4140689718,0.9210131014593397,False
1,20-21,31622776.60168379,5945934.21220134,4106248.417289965,0.9210131016243257,False
1,20-21,56234132.51903491,5945934.2087092735,4106248.419101262,0.9210131017171043,False
1,20-21,100000000.0,5945934.20674554,4106248.420119827,0.9210131017692775,True
1,21-22,0.0001,5917406.213427602,4388986.844474235,0.9220228297260454,False
1,21-22,0.00017782794100389227,5917852.038511707,4389326.300577329,0.9220110794804712,False
1,21-22,0.00031622776601683794,5918641.629819306,4389920.200774034,0.9219902666985854,False
1,21-22,0.0005623413251903491,5920035.351763575,4391054.960062955,0.9219535229032618,False
1,21-22,0.001,5922479.723331003,4393575.449576242,0.9218890591075405,False
1,21-22,0.0017782794100389228,5926713.48697782,4398087.202975039,0.9217773418940614,False
1,21-22,0.0031622776601683794,5933866.099029083,4405474.535774454,0.9215884230470939,False
1,21-22,0.005623413251903491,5945364.854035786,4418281.547252724,0.9212842338048831,False
1,21-22,0.01,5962158.419649034,4438036.127969358,0.9208389170264341,False
1,21-22,0.01778279410038923,5982665.531364832,4457317.940418613,0.9202934243117687,False
1,21-22,0.03162277660168379,6000297.946862898,4467224.490773056,0.919822901426989,False
1,21-22,0.05623413251903491,6004321.9403669,4458944.4745107135,0.9197153266663873,False
1,21-22,0.1,5986518.863628856,4423083.838177673,0.9201907159692639,False
1,21-22,0.1778279410038923,5948046.6945481775,4364500.469345383,0.921213203431399,False
1,21-22,0.31622776601683794,5898756.752085153,4284771.470844988,0.9225135652175669,False
1,21-22,0.5623413251903491,5850702.738268451,4209407.550117314,0.9237709038546582,False
1,21-22,1.0,5812495.261393293,4157447.497957079,0.9247632671932896,False
1,21-22,1.7782794100389228,5786960.979030963,4121498.043745413,0.9254228449352377,False
1,21-22,3.1622776601683795,5772093.024718433,4093406.2106321426,0.9258055623415822,False
1,21-22,5.623413251903491,5764126.754616812,4073728.2124268557,0.926010217762536,False
1,21-22,10.0,5759955.998578384,4063098.836883772,0.9261172527739296,False
1,21-22,17.78279410038923,5757733.570428262,4059569.894451786,0.9261742557857229,False
1,21-22,31.622776601683793,5756517.986436823,4059520.4341142434,0.9262054249666292,False
1,21-22,56.23413251903491,5755841.936065542,4060642.51048773,0.9262227569442145,False
1,21-22,100.0,5755463.2019569315,4061312.5179192796,0.9262324657025179,False
1,21-22,177.82794100389228,5755250.477426957,4061784.864924799,0.9262379185647864,False
1,21-22,316.22776601683796,5755130.8959074505,4062047.1682271203,0.926240983762445,False
1,21-22,562.341325190349,5755063.656866658,4062193.5232364815,0.9262427072528815,False
1,21-22,1000.0,5755025.846461275,4062275.4424127233,0.9262436764112241,False
1,21-22,1778.2794100389228,5755004.584176619,4062321.3845649553,0.92624422140445,False
1,21-22,3162.2776601683795,5754992.627499694,4062347.179767361,0.926244527876178,False
1,21-22,5623.413251903491,5754985.903754595,4062361.672722496,0.926244700217912,False
1,21-22,10000.0,5754982.122710038,4062369.818656771,0.9262447971328265,False
1,21-22,17782.794100389227,5754979.996470698,4062374.398166832,0.9262448516321043,False
1,21-22,31622.776601683792,5754978.800797864,4062376.9730074545,0.9262448822793067,False
1,21-22,56234.13251903491,5754978.128421427,4062378.4208178814,0.9262448995134971,False
1,21-22,100000.0,5754977.750316307,4062379.2349407407,0.9262449092049954,False
1,21-22,177827.94100389228,5754977.537692155,4062379.6927427757,0.9262449146549255,False
1,21-22,316227.7660168379,5754977.4181248,4062379.9501796975,0.9262449177196466,False
1,21-22,562341.3251903491,5754977.350887135,4062380.094945829,0.9262449194430658,False
1,21-22,1000000.0,5754977.313076613,4062380.176353398,0.9262449204122157,False
1,21-22,1778279.410038923,5754977.291814198,4062380.22213211,0.9262449209572088,False
1,21-22,3162277.6601683795,5754977.27985746,4062380.2478753314,0.9262449212636809,False
1,21-22,5623413.251903491,5754977.273133694,4062380.262351794,0.9262449214360229,False
1,21-22,10000000.0,5754977.269352642,4062380.2704925034,0.9262449215329378,False
1,21-22,17782794.100389227,5754977.2672264,4062380.2750703613,0.9262449215874371,False
1,21-22,31622776.60168379,5754977.266030727,4062380.277644678,0.9262449216180844,False
1,21-22,56234132.51903491,5754977.26535835,4062380.2790923226,0.9262449216353186,False
1,21-22,100000000.0,5754977.2649802435,4062380.279906392,0.92624492164501,True
1,22-23,0.0001,7899587.126612665,6324747.782343663,0.8628685523594134,False
1,22-23,0.00017782794100389227,7894220.338168393,6319194.706024091,0.8630548166442624,False
1,22-23,0.00031622776601683794,7884790.592353253,6309404.440183677,0.8633817867420028,False
1,22-23,0.0005623413251903491,7868373.247572901,6292256.875241608,0.8639501146498478,False
1,22-23,0.001,7840242.424423148,6262563.705365017,0.8649211803822003,False
1,22-23,0.0017782794100389228,7793336.232913954,6212137.1193251265,0.8665326304361191,False
1,22-23,0.0031622776601683794,7718580.622325856,6132195.542605482,0.8690808540457887,False
1,22-23,0.005623413251903491,7607648.528347341,6014359.953294648,0.8728169738961535,False
1,22-23,0.01,7459251.434530822,5850324.454925886,0.8777303224543765,False
1,22-23,0.01778279410038923,7285127.793283844,5654806.082162471,0.8833720551675717,False
1,22-23,0.03162277660168379,7105637.879812893,5445818.103563389,0.8890481837317686,False
1,22-23,0.05623413251903491,6934468.865600967,5238739.358787146,0.8943292769461358,False
1,22-23,0.1,6772388.055224341,5055943.697137639,0.899211276694887,False
1,22-23,0.1778279410038923,6617732.560052815,4886930.357550331,0.9037619757804977,False
1,22-23,0.31622776601683794,6474620.705669028,4726706.302792877,0.9078793619204023,False
1,22-23,0.5623413251903491,6350093.276562204,4583220.11166368,0.9113888274753886,False
1,22-23,1.0,6248521.035148226,4455211.81946396,0.9142008972404423,False
1,22-23,1.7782794100389228,6169863.105025224,4341868.285442196,0.9163474218775208,False
1,22-23,3.1622776601683795,6111595.172523214,4270480.248716433,0.9179199840316065,False
1,22-23,5.623413251903491,6070634.804031826,4226023.037679047,0.9190165100038142,False
1,22-23,10.0,6043697.331993421,4194382.343961794,0.9197336180361163,False
1,22-23,17.78279410038923,6027186.577194993,4173532.048562439,0.9201715778623454,False
1,22-23,31.622776601683793,6017617.348821359,4164106.741528666,0.9204248602128451,False
1,22-23,56.23413251903491,6012244.18739326,4159927.38096185,0.920566902870997,False
1,22-23,100.0,6009260.807302166,4158865.0268750335,0.9206457154795951,False
1,22-23,177.82794100389228,6007604.823695176,4158442.9352996205,0.9206894450803408,False
1,22-23,316.22776601683796,6006682.640067355,4158200.632573684,0.920713791981942,False
1,22-23,562.341325190349,6006167.365304071,4158062.733781554,0.9207273943086195,False
1,22-23,1000.0,6005878.737015119,4157984.65337555,0.9207350130662696,False
1,22-23,1778.2794100389228,6005716.803413335,4157940.5738333184,0.9207392873756091,False
1,22-23,3162.2776601683795,6005625.862657697,4157915.7312844777,0.9207416877467092,False
1,22-23,5623.413251903491,6005574.76176787,4157901.7438725405,0.9207430365330451,False
1,22-23,10000.0,6005546.038007572,4157893.872647828,0.9207437946794896,False
1,22-23,17782.794100389227,6005529.889382532,4157889.4445828544,0.9207442209111805,False
1,22-23,31622.776601683792,6005520.809589875,4157886.9539450034,0.9207444605654692,False
1,22-23,56234.13251903491,6005515.70404197,4157885.553181153,0.9207445953224017,False
1,22-23,100000.0,6005512.833106315,4157884.765418316,0.9207446710984463,False
1,22-23,177827.94100389228,6005511.2187000755,4157884.3224091833,0.9207447137093885,False
1,22-23,316227.7660168379,6005510.310865231,4157884.0732812965,0.9207447376709473,False
1,22-23,562341.3251903491,6005509.800356137,4157883.9331846368,0.9207447511454161,False
1,22-23,1000000.0,6005509.513277025,4157883.8544019395,0.9207447587226332,False
1,22-23,1778279.410038923,6005509.351840972,4157883.810098999,0.920744762983605,False
1,22-23,3162277.6601683795,6005509.261058934,4157883.7851855704,0.920744765379722,False
1,22-23,5623413.251903491,6005509.210008481,4157883.7711756993,0.9207447667271567,False
1,22-23,10000000.0,6005509.181300716,4157883.7632973683,0.9207447674848745,False
1,22-23,17782794.100389227,6005509.165157155,4157883.758867052,0.9207447679109705,False
1,22-23,31622776.60168379,6005509.156078966,4157883.756375702,0.9207447681505818,False
1,22-23,56234132.51903491,6005509.150973924,4157883.7549747145,0.9207447682853251,False
1,22-23,100000000.0,6005509.14810315,4157883.754186881,0.9207447683610969,True
1,23-24,0.0001,5831908.400079338,4175240.265253065,0.9245500722206036,True
1,23-24,0.00017782794100389227,5832309.817497767,4175327.9158628597,0.9245396852407353,False
1,23-24,0.00031622776601683794,5833016.624423404,4175474.675927653,0.9245213943383004,False
1,23-24,0.0005623413251903491,5834251.810228707,4175707.745346353,0.9244894246116859,False
1,23-24,0.001,5836382.358944145,4176038.689277875,0.9244342647250468,False
1,23-24,0.0017782794100389228,5839976.686335904,4176425.201714099,0.9243411619740078,False
1,23-24,0.0031622776601683794,5845824.147100951,4177082.4222882017,0.9241895745276243,False
1,23-24,0.005623413251903491,5854821.093151797,4177948.076458998,0.9239560446947632,False
1,23-24,0.01,5867644.129515011,4182811.7506983373,0.9236225819910258,False
1,23-24,0.01778279410038923,5884386.507193212,4193884.67681634,0.9231860988339479,False
1,23-24,0.03162277660168379,5904506.381860239,4200792.940620315,0.9226599171418904,False
1,23-24,0.05623413251903491,5926476.7985004475,4200917.048219644,0.922083288022629,False
1,23-24,0.1,5946227.746132618,4221977.105864276,0.9215630824044363,False
1,23-24,0.1778279410038923,5957348.488672852,4230612.418554518,0.9212694197741477,False
1,23-24,0.31622776601683794,5956012.364042142,4211097.823315463,0.9213047314807221,False
1,23-24,0.5623413251903491,5944539.343297801,4171452.0569257154,0.9216076196531937,False
1,23-24,1.0,5928281.224532073,4122296.074572209,0.9220358344168718,False
1,23-24,1.7782794100389228,5911425.922171662,4081524.695612244,0.9224785399481494,False
1,23-24,3.1622776601683795,5896292.455871334,4051587.941039038,0.9228749474280667,False
1,23-24,5.623413251903491,5883998.303044327,4024577.749024851,0.9231962336174006,False
1,23-24,10.0,5874845.811501746,4007662.922742074,0.9234349825340443,False
1,23-24,17.78279410038923,5868560.56168552,4000761.9288493437,0.9235987222655732,False
1,23-24,31.622776601683793,5864532.374309867,3998753.5186469913,0.9237035701362742,False
1,23-24,56.23413251903491,5862079.40530012,3998290.8036761973,0.9237673820911565,False
1,23-24,100.0,5860634.559956921,3998591.9361279416,0.9238049560513703,False
1,23-24,177.82794100389228,5859800.342453656,3998816.328590222,0.9238266460969781,False
1,23-24,316.22776601683796,5859324.193067683,3998981.6438611336,0.9238390248197941,False
1,23-24,562.341325190349,5859054.183463217,3999093.469620168,0.9238460439640799,False
1,23-24,1000.0,5858901.62965279,3999156.0659625316,0.923850009595584,False
1,23-24,1778.2794100389228,5858815.615103701,3999191.17299897,0.9238522454955603,False
1,23-24,3162.2776601683795,5858767.173582546,3999210.885136055,0.9238535046912932,False
1,23-24,5623.413251903491,5858739.910127376,3999221.9605190065,0.9238542133768134,False
1,23-24,10000.0,5858724.571550424,3999228.185625175,0.9238546120859203,False
1,23-24,17782.794100389227,5858715.943754222,3999231.6852959613,0.9238548363553486,False
1,23-24,31622.776601683792,5858711.091266589,3999233.6530002793,0.9238549624899199,False
1,23-24,56234.13251903491,5858708.362284154,3999234.759425142,0.9238550334264853,False
1,23-24,100000.0,5858706.827592414,3999235.381583008,0.9238550733189083,False
1,23-24,177827.94100389228,5858705.964549014,3999235.7314384202,0.9238550957526547,False
1,23-24,316227.7660168379,5858705.479216831,3999235.9281735183,0.9238551083682635,False
1,23-24,562341.3251903491,5858705.206292206,3999236.0388048273,0.9238551154626004,False
1,23-24,1000000.0,5858705.05281469,3999236.1010170793,0.9238551194520579,False
1,23-24,1778279.410038923,5858704.966507711,3999236.136001502,0.9238551216955005,False
1,23-24,3162277.6601683795,5858704.91797366,3999236.1556746583,0.9238551229570829,False
1,23-24,5623413.251903491,5858704.890680933,3999236.16673768,0.9238551236665234,False
1,23-24,10000000.0,5858704.875333099,3999236.1729588695,0.9238551240654713,False
1,23-24,17782794.100389227,5858704.866702376,3999236.1764573,0.9238551242898162,False
1,23-24,31622776.60168379,5858704.861848962,3999236.1784246126,0.9238551244159747,False
1,23-24,56234132.51903491,5858704.859119684,3999236.17953091,0.9238551244869189,False
1,23-24,100000000.0,5858704.8575849,3999236.180153031,0.9238551245268136,False
1,24-25,0.0001,8105076.575462292,6521602.835973883,0.8540920473409127,False
1,24-25,0.00017782794100389227,8099411.5905904565,6515914.65783773,0.8542959386861716,False
1,24-25,0.00031622776601683794,8089418.122589725,6505866.426698412,0.8546552711042372,False
1,24-25,0.0005623413251903491,8071896.828091543,6488206.215836358,0.8552842087664794,False
1,24-25,0.001,8041504.6047777515,6457442.174036805,0.8563719220124892,False
1,24-25,0.0017782794100389228,7989749.253245973,6404665.043089506,0.8582147613447259,False
1,24-25,0.0031622776601683794,7904299.023894242,6317225.269897935,0.8612313248975675,False
1,24-25,0.005623413251903491,7770084.178153993,6180568.591107783,0.8659038940285575,False
1,24-25,0.01,7574627.30206253,5986102.1781905135,0.8725654303354015,False
1,24-25,0.01778279410038923,7318235.8460375825,5721289.240856162,0.8810464186795364,False
1,24-25,0.03162277660168379,7022284.971599393,5411648.643654804,0.890472892607786,False
1,24-25,0.05623413251903491,6724148.717369615,5099195.286164576,0.899575578380919,False
1,24-25,0.1,6460561.871072728,4797954.531900967,0.9072945430681076,False
1,24-25,0.1778279410038923,6255553.4988043895,4553946.0466319425,0.9130847058816745,False
1,24-25,0.31622776601683794,6118269.832717292,4394060.861623994,0.916857711902303,False
1,24-25,0.5623413251903491,6043682.267401723,4305336.741785391,0.9188725234841548,False
1,24-25,1.0,6014558.819610659,4247368.378493553,0.919652517856764,False
1,24-25,1.7782794100389228,6009061.839409297,4212535.901625716,0.9197993172152169,True
1,24-25,3.1622776601683795,6011204.374458385,4191527.4500831314,0.9197421158044258,False
1,24-25,5.623413251903491,6014603.231301529,4173651.1373774926,0.9196513312757294,False
1,24-25,10.0,6018310.108625484,4164502.650448864,0.9195522609202041,False
1,24-25,17.78279410038923,6022136.466030288,4160970.1376910065,0.9194499333063163,False
1,24-25,31.622776601683793,6025523.110270623,4161055.527236219,0.91935931060917,False
1,24-25,56.23413251903491,6028081.962890444,4162167.277732175,0.9192908048710778,False
1,24-25,100.0,6029804.324610286,4163583.200007885,0.9192446773339195,False
1,24-25,177.82794100389228,6030880.810031036,4164432.2067292924,0.919215840680959,False
1,24-25,316.22776601683796,6031524.174430777,4164915.4362925547,0.919198603920347,False
1,24-25,562.341325190349,6031898.7497251965,4165189.0828731535,0.9191885676026069,False
1,24-25,1000.0,6032113.575946586,4165343.5822305316,0.9191828112978235,False
1,24-25,1778.2794100389228,6032235.732163748,4165430.6610769285,0.9191795380099813,False
1,24-25,3162.2776601683795,6032304.857536259,4165479.69200776,0.9191776857028767,False
1,24-25,5623.413251903491,6032343.867026137,4165507.284096959,0.9191766403818857,False
1,24-25,10000.0,6032365.847289882,4165522.806598657,0.9191760513829703,False
1,24-25,17782.794100389227,6032378.221520498,4165531.5375470305,0.9191757197932654,False
1,24-25,31622.776601683792,6032385.184436907,4165536.4479543534,0.9191755332091319,False
1,24-25,56234.13251903491,6032389.101356972,4165539.209479961,0.9191754282479703,False
1,24-25,100000.0,6032391.304440938,4165540.762463395,0.9191753692122059,False
1,24-25,177827.94100389228,6032392.543464615,4165541.6357902293,0.9191753360102346,False
1,24-25,316227.7660168379,6032393.240262641,4165542.126904347,0.9191753173382171,False
1,24-25,562341.3251903491,6032393.632114819,4165542.403080117,0.9191753068377979,False
1,24-25,1000000.0,6032393.852473875,4165542.558385802,0.9191753009328605,False
1,24-25,1778279.410038923,6032393.976392262,4165542.6457208055,0.9191752976122329,False
1,24-25,3162277.6601683795,6032394.046077132,4165542.6948329527,0.9191752957448951,False
1,24-25,5623413.251903491,6032394.085263952,4165542.722450761,0.9191752946948101,False
1,24-25,10000000.0,6032394.107300364,4165542.737981403,0.9191752941043028,False
1,24-25,17782794.100389227,6032394.119692364,4165542.7467149273,0.9191752937722357,False
1,24-25,31622776.60168379,6032394.1266609,4165542.7516261484,0.9191752935855005,False
1,24-25,56234132.51903491,6032394.130579597,4165542.754387931,0.9191752934804917,False
1,24-25,100000000.0,6032394.132783245,4165542.7559409975,0.9191752934214408,False
1,25-26,0.0001,7174512.288771629,5459252.562112536,0.8856531993664545,False
1,25-26,0.00017782794100389227,7174257.093123261,5458965.704477228,0.885661333797277,False
1,25-26,0.00031622776601683794,7173796.219291651,5458442.8112389,0.8856760235431074,False
1,25-26,0.0005623413251903491,7172955.044273201,5457473.927107908,0.8857028324548715,False
1,25-26,0.001,7171394.759679588,5455809.167986562,0.8857525516326406,False
1,25-26,0.0017782794100389228,7168436.571988276,5452895.301153622,0.885846785934832,False
1,25-26,0.0031622776601683794,7162694.024251774,5449204.024709404,0.8860296061929954,False
1,25-26,0.005623413251903491,7151390.22569962,5441063.564346316,0.8863890468740404,False
1,25-26,0.01,7129444.414481636,5425414.571332577,0.8870852636432662,False
1,25-26,0.01778279410038923,7089192.130219852,5391730.1562298145,0.8883566798238567,False
1,25-26,0.03162277660168379,7022424.931947456,5324574.2799132615,0.8904497278106522,False
1,25-26,0.05623413251903491,6925107.271720854,5230079.664500902,0.8934650122173416,False
1,25-26,0.1,6801747.304572591,5097544.645718958,0.8972267154295882,False
1,25-26,0.1778279410038923,6665226.61245427,4945958.444801088,0.9013109224780789,False
1,25-26,0.31622776601683794,6530928.78578583,4788856.098229451,0.9052478340120077,False
1,25-26,0.5623413251903491,6409883.640509843,4627312.01596952,0.9087275850128977,False
1,25-26,1.0,6306972.719247692,4492785.06702858,0.9116348223130621,False
1,25-26,1.7782794100389228,6223563.519014268,4379816.795256962,0.9139566119261344,False
1,25-26,3.1622776601683795,6159896.959054971,4295402.697174837,0.9157080414132629,False
1,25-26,5.623413251903491,6115314.486656918,4235931.751620938,0.9169237581097806,False
1,25-26,10.0,6087329.177991916,4206516.695714261,0.9176823763504183,False
1,25-26,17.78279410038923,6071579.624576113,4188385.00871371,0.9181077808654254,False
1,25-26,31.622776601683793,6063394.865273519,4177484.200229571,0.9183284207542801,False
1,25-26,56.23413251903491,6059288.6282409355,4175139.386035343,0.9184390021410642,False
1,25-26,100.0,6057222.509560071,4174937.5081610307,0.9184946146003016,False
1,25-26,177.82794100389228,6056158.62163117,4175292.660374611,0.9185232432268541,False
1,25-26,316.22776601683796,6055595.888475021,4175494.734658561,0.9185383840265589,False
1,25-26,562.341325190349,6055291.582343677,4175609.1021802267,0.9185465710478894,False
1,25-26,1000.0,6055124.469569498,4175673.644743929,0.9185510668580297,False
1,25-26,1778.2794100389228,6055031.795210835,4175710.0115616145,0.9185535600090515,False
1,25-26,3162.2776601683795,6054980.097445205,4175730.4847501866,0.9185549507799454,False
1,25-26,5623.413251903491,6054951.158509428,4175742.00480581,0.91855572928867,False
1,25-26,10000.0,6054934.927147002,4175748.485262243,0.9185561659394931,False
1,25-26,17782.794100389227,6054925.812958029,4175752.1302025868,0.9185564111259218,False
1,25-26,31622.776601683792,6054920.691908943,4175754.180128176,0.9185565488902654,False
1,25-26,56234.13251903491,6054917.81347201,4175755.332957183,0.9185566263247336,False
1,25-26,100000.0,6054916.195232088,4175755.9812630634,0.9185566698579095,False
1,25-26,177827.94100389228,6054915.285363056,4175756.3458393626,0.9185566943347994,False
1,25-26,316227.7660168379,6054914.77374853,4175756.550857933,0.9185567080980229,False
1,25-26,562341.3251903491,6054914.486059955,4175756.6661490574,0.9185567158372909,False
1,25-26,1000000.0,6054914.324285025,4175756.730982247,0.9185567201892868,False
1,25-26,1778279.410038923,6054914.233313637,4175756.767440699,0.9185567226365579,False
1,25-26,3162277.6601683795,6054914.182157092,4175756.7879428156,0.9185567240127479,False
1,25-26,5623413.251903491,6054914.153389786,4175756.7994720116,0.918556724786633,False
1,25-26,10000000.0,6054914.137212786,4175756.8059553565,0.9185567252218193,False
1,25-26,17782794.100389227,6054914.1281158,4175756.809601209,0.9185567254665422,False
1,25-26,31622776.60168379,6054914.123000195,4175756.811651423,0.9185567256041599,False
1,25-26,56234132.51903491,6054914.12012348,4175756.8128043455,0.918556725681548,False
1,25-26,100000000.0,6054914.118505786,4175756.8134526787,0.9185567257250664,True
2,10-11,0.0001,13410912.339044686,10669435.693076301,0.8893017975851533,False
2,10-11,0.00017782794100389227,13402158.534374865,10658745.751858164,0.8894462641442541,False
2,10-11,0.00031622776601683794,13386772.71653767,10639896.245181734,0.8896999521269815,False
2,10-11,0.0005623413251903491,13359970.020377768,10606873.229234528,0.890141190530681,False
2,10-11,0.001,13313993.178584011,10549666.122640936,0.8908960230544403,False
2,10-11,0.0017782794100389228,13237164.474008432,10452451.889167344,0.8921515640365184,False
2,10-11,0.0031622776601683794,13114187.198936881,10301570.077720676,0.8941461450643521,False
2,10-11,0.005623413251903491,12930053.635531755,10108491.73393329,0.8970978203680856,False
2,10-11,0.01,12679198.96567784,9826274.855872486,0.9010518781834228,False
2,10-11,0.01778279410038923,12374672.797281558,9516006.193577856,0.9057478273760269,False
2,10-11,0.03162277660168379,12043991.222285084,9196746.882675085,0.9107178208441085,False
2,10-11,0.05623413251903491,11710234.355669409,8888002.150291417,0.9155975420153375,False
2,10-11,0.1,11381508.038340144,8563072.810207544,0.9202696739645635,False
2,10-11,0.1778279410038923,11061723.858561527,8204336.376883961,0.9246870695488871,False
2,10-11,0.31622776601683794,10762671.648438627,7836456.164454309,0.928704174339582,False
2,10-11,0.5623413251903491,10499920.428912407,7529518.922010567,0.9321427997556894,False
2,10-11,1.0,10283146.974135827,7285426.497030424,0.9349157346081804,False
2,10-11,1.7782794100389228,10113997.650916822,7084793.62882558,0.9370392898388009,False
2,10-11,3.1622776601683795,9989240.013599513,6911171.723233785,0.9385829690997831,False
2,10-11,5.623413251903491,9903206.57246142,6806842.64133657,0.93963633538943,False
2,10-11,10.0,9848415.070624623,6752414.374187145,0.9403024360794022,False
2,10-11,17.78279410038923,9816170.459312575,6717052.220093012,0.9406927067049428,False
2,10-11,31.622776601683793,9798273.358632257,6696787.687013907,0.9409087707986291,False
2,10-11,56.23413251903491,9788613.841221558,6692097.050004143,0.9410252222144253,False
2,10-11,100.0,9783417.129499316,6690091.792113903,0.9410878242480185,False
2,10-11,177.82794100389228,9780596.622347645,6689125.095985089,0.9411217874858092,False
2,10-11,316.22776601683796,9779048.78127368,6688579.836036089,0.9411404217078175,False
2,10-11,562.341325190349,9778191.679755835,6688272.83287165,0.9411507389532252,False
2,10-11,1000.0,9777714.139092105,6688100.0989728095,0.941156486893103,False
2,10-11,1778.2794100389228,9777447.046353118,6688002.939120229,0.9411597016445679,False
2,10-11,3162.2776601683795,9777297.314849902,6687948.295317834,0.941161503787565,False
2,10-11,5623.413251903491,9777213.263345063,6687917.564866097,0.9411625154051384,False
2,10-11,10000.0,9777166.044989068,6687900.28326597,0.9411630837066596,False
2,10-11,17782.794100389227,9777139.507152233,6687890.564924583,0.9411634031043987,False
2,10-11,31622.776601683792,9777124.588580124,6687885.099842543,0.9411635826573944,False
2,10-11,56234.13251903491,9777116.200754106,6687882.0265831975,0.9411636836092471,False
2,10-11,100000.0,9777111.484408636,6687880.29835684,0.9411637403728821,False
2,10-11,177827.94100389228,9777108.832363162,6687879.326501969,0.9411637722915965,False
2,10-11,316227.7660168379,9777107.341055991,6687878.779987254,0.9411637902402321,False
2,10-11,562341.3251903491,9777106.502447393,6687878.472659265,0.9411638003333092,False
2,10-11,1000000.0,9777106.030867884,6687878.299835984,0.9411638060090058,False
2,10-11,1778279.410038923,9777105.76568074,6687878.202650292,0.9411638092006664,False
2,10-11,3162277.6601683795,9777105.616555527,6687878.147998753,0.9411638109954633,False
2,10-11,5623413.251903491,9777105.532696411,6687878.117265937,0.94116381200475,False
2,10-11,10000000.0,9777105.485539012,6687878.099983601,0.941163812572313,False
2,10-11,17782794.100389227,9777105.459020467,6687878.090265029,0.9411638128914769,False
2,10-11,31622776.60168379,9777105.444108004,6687878.0847998755,0.9411638130709559,False
2,10-11,56234132.51903491,9777105.435722107,6687878.081726592,0.9411638131718844,False
2,10-11,100000000.0,9777105.431006374,6687878.079998361,0.9411638132286406,True
2,11-12,0.0001,13387211.484632729,10933374.831754455,0.8897294809059255,False
2,11-12,0.00017782794100389227,13377553.40494795,10924713.241832973,0.8898885308012374,False
2,11-12,0.00031622776601683794,13360548.332350837,10909423.457536133,0.8901682924844865,False
2,11-12,0.0005623413251903491,13330833.725025961,10882584.61921362,0.8906562929404968,False
2,11-12,0.001,13279591.809727121,10835931.467885248,0.8914952820902823,False
2,11-12,0.0017782794100389228,13193202.796004197,10756179.959797842,0.8929024226340802,False
2,11-12,0.0031622776601683794,13052944.53266578,10623585.123455875,0.8951674486264167,False
2,11-12,0.005623413251903491,12838482.204725292,10412653.907597676,0.8985839859473552,False
2,11-12,0.01,12538402.479615962,10098333.761137357,0.9032694663966351,False
2,11-12,0.01778279410038923,12164890.878705364,9669140.450040525,0.9089467177364603,False
2,11-12,0.03162277660168379,11756106.970319992,9230762.262206763,0.9149633331813077,False
2,11-12,0.05623413251903491,11353371.99526055,8776563.754434327,0.9206898253543359,False
2,11-12,0.1,10977168.566682443,8331889.399870226,0.9258587613684027,False
2,11-12,0.1778279410038923,10632964.47354899,7953689.7797236,0.9304354634339992,False
2,11-12,0.31622776601683794,10328394.105879452,7584537.485110904,0.9343635969918939,False
2,11-12,0.5623413251903491,10074185.972036904,7230643.132504285,0.9375547946466206,False
2,11-12,1.0,9876798.069861757,6915848.323042982,0.939977853837244,False
2,11-12,1.7782794100389228,9735489.593846677,6682618.810384914,0.9416830550696516,False
2,11-12,3.1622776601683795,9644150.955293132,6567539.259404273,0.9427721843204819,False
2,11-12,5.623413251903491,9594439.321500914,6502095.354516411,0.9433606355204444,False
2,11-12,10.0,9576165.562121179,6490499.647209287,0.9435761829701838,True
2,11-12,17.78279410038923,9576906.28725186,6492196.932686328,0.9435674537652855,False
2,11-12,31.622776601683793,9585209.254741345,6494915.244513876,0.9434695597904986,False
2,11-12,56.23413251903491,9594074.631139884,6511703.374090408,0.9433649412306622,False
2,11-12,100.0,9600888.340153143,6523327.330536719,0.9432844682603267,False
2,11-12,177.82794100389228,9605420.054138405,6531505.653397811,0.9432309150438101,False
2,11-12,316.22776601683796,9608215.955850236,6536651.833162173,0.9431978620631445,False
2,11-12,562.341325190349,9609871.670491487,6539610.8642367665,0.9431782837699031,False
2,11-12,1000.0,9610830.123113234,6541296.028363519,0.9431669488341985,False
2,11-12,1778.2794100389228,9611377.938706297,6542250.470431937,0.9431604697021052,False
2,11-12,3162.2776601683795,9611688.82575799,6542789.363892258,0.9431567926102475,False
2,11-12,5623.413251903491,9611864.550504413,6543093.096050893,0.94315471413066,False
2,11-12,10000.0,9611963.653488833,6543264.1160468515,0.9431535419196925,False
2,11-12,17782.794100389227,9612019.47372677,6543360.356976182,0.9431528816608433,False
2,11-12,31622.776601683792,9612050.892416466,6543414.499168073,0.9431525100292845,False
2,11-12,56234.13251903491,9612068.56951413,6543444.952501627,0.9431523009376832,False
2,11-12,100000.0,9612078.512945926,6543462.079865327,0.9431521833227273,False
2,11-12,177827.94100389228,9612084.105456077,6543471.711984204,0.9431521171721889,False
2,11-12,316227.7660168379,9612087.250642661,6543477.128742325,0.9431520799695956,False
2,11-12,562341.3251903491,9612089.019401826,6543480.174878727,0.943152059047961,False
2,11-12,1000000.0,9612090.014076905,6543481.88786907,0.94315204728252,False
2,11-12,1778279.410038923,9612090.573432883,6543482.851161275,0.9431520406662184,False
2,11-12,3162277.6601683795,9612090.887984732,6543483.392862487,0.9431520369455646,False
2,11-12,5623413.251903491,9612091.06487115,6543483.697484161,0.9431520348532763,False
2,11-12,10000000.0,9612091.164341977,6543483.868785735,0.9431520336766928,False
2,11-12,17782794.100389227,9612091.22027862,6543483.965115757,0.9431520330150501,False
2,11-12,31622776.60168379,9612091.251734141,6543484.019286133,0.9431520326429808,False
2,11-12,56234132.51903491,9612091.269422885,6543484.049748377,0.9431520324337507,False
2,11-12,100000000.0,9612091.279370004,6543484.066878566,0.9431520323160919,False
2,12-13,0.0001,13327145.62112765,11067324.739435287,0.8917318107220709,False
2,12-13,0.00017782794100389227,13313033.674015313,11051326.402463378,0.8919609769787694,False
2,12-13,0.00031622776601683794,13288227.435280938,11023129.196393328,0.8923632211247643,False
2,12-13,0.0005623413251903491,13245006.735143991,10973768.667516235,0.893062271663865,False
2,12-13,0.001,13170853.10470493,10889396.026046583,0.8942563250844779,False
2,12-13,0.0017782794100389228,13046941.551906373,10751170.14436606,0.8962366413029367,False
2,12-13,0.0031622776601683794,12848792.701830598,10533809.15865763,0.8993644945831225,False
2,12-13,0.005623413251903491,12553334.104564758,10197333.477414308,0.903939517760231,False
2,12-13,0.01,12155846.221010052,9763269.34174008,0.9099265117324308,False
2,12-13,0.01778279410038923,11687561.641273096,9251610.633873297,0.9167327127578354,False
2,12-13,0.03162277660168379,11205917.214057602,8733223.697146542,0.9234541928913551,False
2,12-13,0.05623413251903491,10751853.108894292,8303826.174876885,0.9295317912566677,False
2,12-13,0.1,10329070.656444892,7946355.61801609,0.9349647096123839,False
2,12-13,0.1778279410038923,9933527.504391385,7612774.775954009,0.9398502835373828,False
2,12-13,0.31622776601683794,9577957.127083976,7266395.301680276,0.9440793301893206,False
2,12-13,0.5623413251903491,9280228.206399878,6931316.366482493,0.9475018621298732,False
2,12-13,1.0,9046574.830977462,6640452.314427335,0.9501121316909886,False
2,12-13,1.7782794100389228,8871640.727062592,6388312.868286484,0.9520228463206724,False
2,12-13,3.1622776601683795,8745622.02323202,6222502.681696794,0.953376164847201,False
2,12-13,5.623413251903491,8658895.755852502,6108029.002248147,0.9542962737594731,False
2,12-13,10.0,8603120.370301338,6054367.675289593,0.9548831691334082,False
2,12-13,17.78279410038923,8570151.158911197,6032225.782303642,0.9552283034816721,False
2,12-13,31.622776601683793,8552051.39285143,6017826.984414308,0.9554172153221802,False
2,12-13,56.23413251903491,8542516.474464962,6017375.030310823,0.9555165730598139,False
2,12-13,100.0,8537532.049512867,6017438.707565208,0.9555684686850723,False
2,12-13,177.82794100389228,8534894.693287237,6017999.429811011,0.9555959154168796,False
2,12-13,316.22776601683796,8533474.394534,6018342.854574972,0.9556106928267288,False
2,12-13,562.341325190349,8532697.69012092,6018545.5253244545,0.955618772959191,False
2,12-13,1000.0,8532268.28067465,6018662.640519372,0.9556232398322196,False
2,12-13,1778.2794100389228,8532029.210886287,6018729.516953786,0.9556257266255742,False
2,12-13,3162.2776601683795,8531895.546483882,6018767.450376555,0.9556271169664008,False
2,12-13,5623.413251903491,8531820.628872212,6018788.88576817,0.9556278962295333,False
2,12-13,10000.0,8531778.578290164,6018800.97275386,0.9556283336199269,False
2,12-13,17782.794100389227,8531754.956473615,6018807.78021855,0.9556285793220165,False
2,12-13,31622.776601683792,8531741.680858491,6018811.611647146,0.9556287174078965,False
2,12-13,56234.13251903491,8531734.217934929,6018813.767265229,0.9556287950331593,False
2,12-13,100000.0,8531730.022016715,6018814.979789728,0.9556288386767836,False
2,12-13,177827.94100389228,8531727.662729077,6018815.661747176,0.9556288632167814,False
2,12-13,316227.7660168379,8531726.336083392,6018816.045273178,0.955628877015809,False
2,12-13,562341.3251903491,8531725.590080762,6018816.26095618,0.9556288847753108,False
2,12-13,1000000.0,8531725.170580577,6018816.382246961,0.9556288891387166,False
2,12-13,1778279.410038923,8531724.934680799,6018816.450454827,0.9556288915924138,False
2,12-13,3162277.6601683795,8531724.802025396,6018816.488811263,0.9556288929722209,False
2,12-13,5623413.251903491,8531724.727428032,6018816.510380776,0.9556288937481408,False
2,12-13,10000000.0,8531724.685478928,6018816.522510234,0.9556288941844718,False
2,12-13,17782794.100389227,8531724.66188924,6018816.529331139,0.9556288944298386,False
2,12-13,31622776.60168379,8531724.64862379,6018816.533166823,0.9556288945678183,False
2,12-13,56234132.51903491,8531724.641164089,6018816.535323788,0.9556288946454099,False
2,12-13,100000000.0,8531724.636969185,6018816.536536736,0.955628894689043,True
2,13-14,0.0001,14902566.608615829,12480856.869733097,0.8645819774723028,False
2,13-14,0.00017782794100389227,14890146.226185165,12466421.169910125,0.8648076087710073,False
2,13-14,0.00031622776601683794,14868296.662184887,12440965.515516741,0.8652040760065224,False
2,13-14,0.0005623413251903491,14830174.777733063,12396364.71114151,0.8658944155993845,False
2,13-14,0.001,14764604.879578177,12319086.157635696,0.8670776586005859,False
2,13-14,0.0017782794100389228,14654531.277115911,12187711.406844834,0.869052205351127,False
2,13-14,0.0031622776601683794,14476995.789946761,11971302.88259191,0.8722057773545765,False
2,13-14,0.005623413251903491,14207965.92306007,11644494.533321839,0.8769113133035673,False
2,13-14,0.01,13834940.185672753,11216240.136194073,0.8832897777603537,False
2,13-14,0.01778279410038923,13371357.28186111,10653653.09998972,0.8909802175816249,False
2,13-14,0.03162277660168379,12854179.757013427,10001818.442225378,0.899250462250529,False
2,13-14,0.05623413251903491,12320594.266913135,9381103.08292144,0.9074412168894024,False
2,13-14,0.1,11794924.677352415,8826999.85969643,0.9151709373767835,False
2,13-14,0.1778279410038923,11298262.26661259,8335938.611450707,0.9221645164216111,False
2,13-14,0.31622776601683794,10853214.501662755,7919828.408407941,0.9281757504093628,False
2,13-14,0.5623413251903491,10477264.225197671,7530523.710329452,0.9330654855485714,False
2,13-14,1.0,10178875.178415647,7197242.055464987,0.9368237415299603,False
2,13-14,1.7782794100389228,9956923.649138011,6921072.616666815,0.9395488345396844,False
2,13-14,3.1622776601683795,9801234.868658382,6726342.174177477,0.9414245117709604,False
2,13-14,5.623413251903491,9697163.203542069,6594612.946185182,0.9426618423899339,False
2,13-14,10.0,9630874.491936505,6523014.603965873,0.9434430773442352,False
2,13-14,17.78279410038923,9590845.920941362,6492393.056852353,0.9439122326871316,False
2,13-14,31.622776601683793,9567767.853008265,6471364.776564017,0.9441818314246686,False
2,13-14,56.23413251903491,9554824.180161526,6464948.588071469,0.9443327555305625,False
2,13-14,100.0,9547635.76258465,6462411.323708365,0.9444164847262713,False
2,13-14,177.82794100389228,9543643.717752509,6460933.823056572,0.9444629560207041,False
2,13-14,316.22776601683796,9541419.691887653,6460161.096706572,0.9444888374207264,False
2,13-14,562.341325190349,9540176.647041608,6459720.858249492,0.9445033003354633,False
2,13-14,1000.0,9539480.236807283,6459471.4660978345,0.9445114022942476,False
2,13-14,1778.2794100389228,9539089.477036439,6459330.640136009,0.9445159480906846,False
2,13-14,3162.2776601683795,9538870.015465586,6459251.262899647,0.9445185010549163,False
2,13-14,5623.413251903491,9538746.692525292,6459206.567162727,0.9445199356267977,False
2,13-14,10000.0,9538677.371417452,6459181.414335085,0.9445207420064353,False
2,13-14,17782.794100389227,9538638.398337957,6459167.263984546,0.9445211953592495,False
2,13-14,31622.776601683792,9538616.485031696,6459159.304798684,0.944521450264109,False
2,13-14,56234.13251903491,9538604.163181836,6459154.82843155,0.9445215935968282,False
2,13-14,100000.0,9538597.23438376,6459152.310999362,0.9445216741953161,False
2,13-14,177827.94100389228,9538593.338125153,6459150.895284392,0.9445217195180936,False
2,13-14,316227.7660168379,9538591.147126678,6459150.099150762,0.9445217450046218,False
2,13-14,562341.3251903491,9538589.915046783,6459149.651446039,0.9445217593366415,False
2,13-14,1000000.0,9538589.222200215,6459149.39968131,0.9445217673960942,False
2,13-14,1778279.410038923,9538588.83258487,6459149.258103014,0.9445217719282467,False
2,13-14,3162277.6601683795,9538588.61348835,6459149.178487501,0.9445217744768598,False
2,13-14,5623413.251903491,9538588.49028141,6459149.133716346,0.9445217759100493,False
2,13-14,10000000.0,9538588.420997081,6459149.108539656,0.9445217767159907,False
2,13-14,17782794.100389227,9538588.382035656,6459149.094381763,0.9445217771692046,False
2,13-14,31622776.60168379,9538588.360126037,6459149.086420187,0.9445217774240655,False
2,13-14,56234132.51903491,9538588.347805357,6459149.0819430705,0.9445217775673843,False
2,13-14,100000000.0,9538588.340876924,6459149.079425397,0.9445217776479785,True
2,14-15,0.0001,12424574.953835875,9977562.75112843,0.9055725920950902,False
2,14-15,0.00017782794100389227,12423816.476299165,9976375.252995908,0.9055841206796739,False
2,14-15,0.00031622776601683794,12422470.986199334,9974236.015841391,0.9056045699115508,False
2,14-15,0.0005623413251903491,12420087.248570137,9970348.177079344,0.9056407933569679,False
2,14-15,0.001,12415868.883386858,9963187.944063794,0.9057048788965505,False
2,14-15,0.0017782794100389228,12408396.813997835,9949767.39109573,0.9058183413824801,False
2,14-15,0.0031622776601683794,12395057.704312082,9925104.185864957,0.9060207243701186,False
2,14-15,0.005623413251903491,12370739.49755901,9890211.631897336,0.9063891237124482,False
2,14-15,0.01,12325077.72523876,9830596.074331831,0.9070789045953321,False
2,14-15,0.01778279410038923,12238982.95317133,9705670.13031903,0.9083725401087415,False
2,14-15,0.03162277660168379,12086785.114848109,9489180.570304455,0.9106372367355985,False
2,14-15,0.05623413251903491,11851913.926100662,9198011.389359156,0.9140764988685693,False
2,14-15,0.1,11546354.630669255,8870693.32000587,0.918449848599417,False
2,14-15,0.1778279410038923,11210163.287871748,8485631.573171563,0.9231296489171467,False
2,14-15,0.31622776601683794,10889209.022995297,8097721.0734327445,0.927468333483935,False
2,14-15,0.5623413251903491,10614236.225883616,7753079.405250716,0.9310852023763668,False
2,14-15,1.0,10396655.783405818,7486989.849877898,0.9338816026348734,False
2,14-15,1.7782794100389228,10234925.044339493,7275910.272333467,0.9359226828087976,False
2,14-15,3.1622776601683795,10121108.387556938,7106693.67937244,0.9373398920235713,False
2,14-15,5.623413251903491,10045348.360740498,7015243.313283025,0.9382744466814327,False
2,14-15,10.0,9998145.047924506,6969554.2861945,0.938853183195793,False
2,14-15,17.78279410038923,9970783.478668079,6938640.615621862,0.9391874019003991,False
2,14-15,31.622776601683793,9955824.645516383,6918541.034500394,0.9393697352396112,False
2,14-15,56.23413251903491,9947884.03272187,6913915.019922776,0.9394664122057234,False
2,14-15,100.0,9943679.355604379,6911113.996923773,0.9395175729150094,False
2,14-15,177.82794100389228,9941426.34200513,6909667.596506752,0.9395449777192608,False
2,14-15,316.22776601683796,9940201.091963504,6909133.656683615,0.9395598785899032,False
2,14-15,562.341325190349,9939526.58602655,6908832.739821999,0.9395680808057713,False
2,14-15,1000.0,9939152.12129443,6908663.330826003,0.9395726341808156,False
2,14-15,1778.2794100389228,9938943.120873548,6908568.0080769025,0.9395751754865427,False
2,14-15,3162.2776601683795,9938826.098368421,6908514.386718148,0.9395765983788206,False
2,14-15,5623.413251903491,9938760.453661675,6908484.227807996,0.9395773965542473,False
2,14-15,10000.0,9938723.5903975,6908467.266517278,0.9395778447731721,False
2,14-15,17782.794100389227,9938702.87698516,6908457.727951929,0.9395780966259779,False
2,14-15,31622.776601683792,9938691.234148428,6908452.363855274,0.9395782381901142,False
2,14-15,56234.13251903491,9938684.688536966,6908449.347349295,0.9395783177775039,False
2,14-15,100000.0,9938681.008187015,6908447.65102667,0.9395783625264623,False
2,14-15,177827.94100389228,9938678.938737964,6908446.697109088,0.9395783876886519,False
2,14-15,316227.7660168379,9938677.77505305,6908446.160680149,0.9395784018377585,False
2,14-15,562341.3251903491,9938677.12068132,6908445.8590234555,0.939578409794186,False
2,14-15,1000000.0,9938676.75270624,6908445.689389273,0.9395784142683508,False
2,14-15,1778279.410038923,9938676.54578028,6908445.593996904,0.9395784167843385,False
2,14-15,3162277.6601683795,9938676.429417782,6908445.540353818,0.939578418199176,False
2,14-15,5623413.251903491,9938676.363982508,6908445.51018809,0.9395784189947956,False
2,14-15,10000000.0,9938676.327185594,6908445.49322465,0.9395784194422048,False
2,14-15,17782794.100389227,9938676.306493191,6908445.483685409,0.9395784196938012,False
2,14-15,31622776.60168379,9938676.294857,6908445.478321098,0.9395784198352842,False
2,14-15,56234132.51903491,9938676.288313488,6908445.475304522,0.939578419914846,False
2,14-15,100000000.0,9938676.284633804,6908445.473608181,0.9395784199595868,True
2,15-16,0.0001,14710835.048506433,12047377.0035901,0.8700849765057942,False
2,15-16,0.00017782794100389227,14696018.521348014,12032897.092245242,0.8703465415506043,False
2,15-16,0.00031622776601683794,14669929.63407732,12007376.301153233,0.8708064636822629,False
2,15-16,0.0005623413251903491,14624336.446492089,11962699.72476341,0.8716082659918802,False
2,15-16,0.001,14545687.476119507,11885399.73640442,0.8729855216059483,False
2,15-16,0.0017782794100389228,14412980.638206786,11754280.037935892,0.8752925694936763,False
2,15-16,0.0031622776601683794,14197044.060339566,11543670.22406731,0.8790013332635744,False
2,15-16,0.005623413251903491,13865062.20652043,11216766.077878807,0.8845940050800848,False
2,15-16,0.01,13395075.238456283,10765784.30845289,0.8922852843644384,False
2,15-16,0.01778279410038923,12798434.61356069,10197091.829533055,0.9016671939213683,False
2,15-16,0.03162277660168379,12132837.550619189,9504630.751942609,0.9116290568390331,False
2,15-16,0.05623413251903491,11485535.272267504,8812081.325257014,0.9208069254059182,False
2,15-16,0.1,10933768.208911259,8147465.929205257,0.9282330565249668,False
2,15-16,0.1778279410038923,10514977.793702608,7621455.082826168,0.9336254722240315,False
2,15-16,0.31622776601683794,10224403.05260622,7236701.494039757,0.9372432207140773,False
2,15-16,0.5623413251903491,10030285.501015322,6935126.070785836,0.9396035636099845,False
2,15-16,1.0,9894691.279012762,6763520.150010278,0.941225462334026,False
2,15-16,1.7782794100389228,9790861.485380445,6619210.441150772,0.9424524899283643,False
2,15-16,3.1622776601683795,9707654.187539697,6500257.7442539735,0.9434264646714962,False
2,15-16,5.623413251903491,9643290.518910442,6421794.423610652,0.9441741651986224,False
2,15-16,10.0,9597734.04654268,6365937.55748611,0.9447003799349779,False
2,15-16,17.78279410038923,9568632.211662209,6340896.404764609,0.9450352257534491,False
2,15-16,31.622776601683793,9551517.339104997,6325885.521757813,0.945231674688586,False
2,15-16,56.23413251903491,9541919.686501814,6316379.360297357,0.9453416851190102,False
2,15-16,100.0,9536630.100258086,6310602.926812256,0.9454022682601069,False
2,15-16,177.82794100389228,9533716.723061882,6307205.279599046,0.9454356216540161,False
2,15-16,316.22776601683796,9532103.965821637,6305921.40293206,0.9454540806990398,False
2,15-16,562.341325190349,9531206.403340556,6305771.0833573,0.945464352526923,False
2,15-16,1000.0,9530704.872518757,6305686.503664811,0.9454700916930527,False
2,15-16,1778.2794100389228,9530423.900675645,6305638.931236879,0.9454733068053041,False
2,15-16,3162.2776601683795,9530266.242082644,6305612.177238736,0.9454751108238271,False
2,15-16,5623.413251903491,9530177.694274778,6305597.131896607,0.9454761240246882,False
2,15-16,10000.0,9530127.935282283,6305588.671165965,0.9454766933836529,False
2,15-16,17782.794100389227,9530099.96489235,6305583.913317732,0.945477013428865,False
2,15-16,31622.776601683792,9530084.23952012,6305581.23777471,0.9454771933626653,False
2,15-16,56234.13251903491,9530075.397612525,6305579.733203862,0.9454772945339419,False
2,15-16,100000.0,9530070.425796645,6305578.887120753,0.9454773514226381,False
2,15-16,177827.94100389228,9530067.630051153,6305578.411333028,0.945477383412208,False
2,15-16,316227.7660168379,9530066.057923367,6305578.143777858,0.9454774014008555,False
2,15-16,562341.3251903491,9530065.173862157,6305577.993320506,0.9454774115164857,False
2,15-16,1000000.0,9530064.676721543,6305577.9087121105,0.9454774172048817,False
2,15-16,1778279.410038923,9530064.397159956,6305577.861133316,0.9454774204036889,False
2,15-16,3162277.6601683795,9530064.239951277,6305577.83437779,0.9454774222025062,False
2,15-16,5623413.251903491,9530064.151546454,6305577.819332048,0.9454774232140543,False
2,15-16,10000000.0,9530064.101832801,6305577.81087121,0.9454774237828891,False
2,15-16,17782794.100389227,9530064.073876772,6305577.806113329,0.9454774241027684,False
2,15-16,31622776.60168379,9530064.058155946,6305577.803437778,0.9454774242826496,False
2,15-16,56234132.51903491,9530064.049315475,6305577.801933205,0.9454774243838042,False
2,15-16,100000000.0,9530064.044344116,6305577.8010871215,0.9454774244406877,True
2,16-17,0.0001,16064370.04924251,13430877.347956074,0.8419782874970304,False
2,16-17,0.00017782794100389227,16045762.613375576,13410484.36315927,0.8423441500792028,False
2,16-17,0.00031622776601683794,16013026.543792468,13374544.814236006,0.8429867830667948,False
2,16-17,0.0005623413251903491,15955903.066743093,13311640.276963446,0.844105015526248,False
2,16-17,0.001,15857628.280306807,13202844.803152869,0.8460194625465212,False
2,16-17,0.0017782794100389228,15692591.892904203,13018963.74607841,0.8492078527594,False
2,16-17,0.0031622776601683794,15426273.607593419,12726277.982799027,0.8542825963769893,False
2,16-17,0.005623413251903491,15022595.083381874,12283227.226291332,0.8618091501942358,False
2,16-17,0.01,14463927.359105429,11723108.759610586,0.8718962542839618,False
2,16-17,0.01778279410038923,13777074.566935346,11011861.203233507,0.8837739756467706,False
2,16-17,0.03162277660168379,13037538.717587706,10219723.88021743,0.895916811773198,False
2,16-17,0.05623413251903491,12333414.30019541,9519825.35907315,0.9068557595884637,False
2,16-17,0.1,11720859.066791667,8912990.73944442,0.9158782589794532,False
2,16-17,0.1778279410038923,11215060.232533438,8401531.212997999,0.9229819381772075,False
2,16-17,0.31622776601683794,10810836.219163755,7953124.228803085,0.9284338028531203,False
2,16-17,0.5623413251903491,10499053.913620904,7569263.94620848,0.9325021878059573,False
2,16-17,1.0,10267711.545577073,7295029.458637178,0.9354439895376445,False
2,16-17,1.7782794100389228,10101069.38491897,7076663.004959696,0.9375224381420949,False
2,16-17,3.1622776601683795,9983418.80036026,6922227.278368551,0.9389693571533693,False
2,16-17,5.623413251903491,9902483.337223416,6826402.277088184,0.9399548954808171,False
2,16-17,10.0,9849360.137084855,6778568.722609623,0.9405974074595405,False
2,16-17,17.78279410038923,9816602.719242444,6743882.008504745,0.9409918776952118,False
2,16-17,31.622776601683793,9797499.028448502,6720676.835527458,0.9412213208304971,False
2,16-17,56.23413251903491,9786728.918859813,6709718.114267058,0.9413504772337583,False
2,16-17,100.0,9780736.182437016,6706792.598387338,0.941422281311607,False
2,16-17,177.82794100389228,9777406.37605076,6705073.475610379,0.9414621595489481,False
2,16-17,316.22776601683796,9775551.177777262,6704082.062489027,0.9414843717785236,False
2,16-17,562.341325190349,9774514.335938213,6703516.501929436,0.9414967840165493,False
2,16-17,1000.0,9773933.487638392,6703195.873864042,0.9415037368906665,False
2,16-17,1778.2794100389228,9773607.585813781,6703014.74425274,0.9415076378218665,False
2,16-17,3162.2776601683795,9773424.555828024,6702912.624532445,0.9415098285699354,False
2,16-17,5623.413251903491,9773321.706914423,6702855.114945044,0.9415110595855126,False
2,16-17,10000.0,9773263.89508501,6702822.7484917035,0.941511751539128,False
2,16-17,17782.794100389227,9773231.392845152,6702804.53912933,0.9415121405587923,False
2,16-17,31622.776601683792,9773213.117946828,6702794.29660465,0.9415123592906819,False
2,16-17,56234.13251903491,9773202.841993554,6702788.535972195,0.9415124822831799,False
2,16-17,100000.0,9773197.063646367,6702785.296265609,0.941512551443943,False
2,16-17,177827.94100389228,9773193.814320784,6702783.474360939,0.9415125903349487,False
2,16-17,316227.7660168379,9773191.987115342,6702782.449802154,0.9415126122046681,False
2,16-17,562341.3251903491,9773190.95961,6702781.873642028,0.9415126245028201,False
2,16-17,1000000.0,9773190.381803747,6702781.549640735,0.9415126314185491,False
2,16-17,1778279.410038923,9773190.056880191,6702781.367440573,0.9415126353075399,False
2,16-17,3162277.6601683795,9773189.874162495,6702781.264981633,0.9415126374944771,False
2,16-17,5623413.251903491,9773189.771412862,6702781.207364656,0.9415126387242813,False
2,16-17,10000000.0,9773189.71363252,6702781.174964216,0.9415126394158507,False
2,16-17,17782794.100389227,9773189.681140257,6702781.156744107,0.9415126398047486,False
2,16-17,31622776.60168379,9773189.662868513,6702781.146498178,0.9415126400234421,False
2,16-17,56234132.51903491,9773189.652593559,6702781.14073647,0.9415126401464224,False
2,16-17,100000000.0,9773189.64681553,6702781.137496425,0.9415126402155793,True
2,17-18,0.0001,13530784.778447082,11164162.009610055,0.887526230129433,False
2,17-18,0.00017782794100389227,13520901.629686676,11154056.834079351,0.8876904761879062,False
2,17-18,0.00031622776601683794,13503503.02541151,11136209.437830225,0.8879793284847474,False
2,17-18,0.0005623413251903491,13473109.169514522,11104853.053157369,0.8884830360671373,False
2,17-18,0.001,13420720.991599392,11050266.190417511,0.8893485842147514,False
2,17-18,0.0017782794100389228,13332471.298240535,10962412.878557377,0.8907990052702277,False
2,17-18,0.0031622776601683794,13189384.736515637,10825837.763785984,0.8931303582919429,False
2,17-18,0.005623413251903491,12971067.227181625,10619459.256870361,0.8966390005565158,False
2,17-18,0.01,12666604.549311373,10307546.449294625,0.9014343242222621,False
2,17-18,0.01778279410038923,12289586.732527107,9879463.40032754,0.907214558745266,False
2,17-18,0.03162277660168379,11880656.512736881,9363870.461165141,0.9132866110880641,False
2,17-18,0.05623413251903491,11484953.667529074,8907574.878803879,0.9189666535120671,False
2,17-18,0.1,11127380.912955316,8444154.121106097,0.92393389303642,False
2,17-18,0.1778279410038923,10815023.799270354,8008665.75781448,0.9281444631328386,False
2,17-18,0.31622776601683794,10551868.873136323,7626027.943923289,0.9315987480185969,False
2,17-18,0.5623413251903491,10341596.187711045,7324600.812806914,0.9342977214660504,False
2,17-18,1.0,10182970.888769912,7149341.434642657,0.9362978215980674,False
2,17-18,1.7782794100389228,10068621.097697418,7000821.728315136,0.9377204773497536,False
2,17-18,3.1622776601683795,9988401.25107376,6895439.185611688,0.9387089247541729,False
2,17-18,5.623413251903491,9933658.013859825,6819659.604737159,0.9393789173186289,False
2,17-18,10.0,9898373.65963487,6787011.343976691,0.939808804663413,False
2,17-18,17.78279410038923,9877463.949820802,6760229.2761846585,0.9400628365142885,False
2,17-18,31.622776601683793,9865996.588403592,6741047.794670871,0.9402019252809223,False
2,17-18,56.23413251903491,9859978.235943455,6730502.000653534,0.9402748578265505,False
2,17-18,100.0,9856846.406831386,6728075.916816184,0.9403127928459367,False
2,17-18,177.82794100389228,9855195.92913317,6726606.013092691,0.9403327797976485,False
2,17-18,316.22776601683796,9854309.726314075,6725743.468791724,0.9403435101538395,False
2,17-18,562.341325190349,9853826.048825528,6725246.558454499,0.9403493662297809,False
2,17-18,1000.0,9853558.967800608,6725105.2356937695,0.9403525997629119,False
2,17-18,1778.2794100389228,9853410.38049981,6725025.59548965,0.940354398662052,False
2,17-18,3162.2776601683795,9853327.339960279,6724980.526380113,0.9403554039956072,False
2,17-18,5623.413251903491,9853280.807742355,6724955.091910086,0.9403559673360282,False
2,17-18,10000.0,9853254.693199597,6724940.760446881,0.9403562834895223,False
2,17-18,17782.794100389227,9853240.024551151,6724932.692213071,0.9403564610739013,False
2,17-18,31622.776601683792,9853231.781034859,6724928.152244559,0.9403565608730086,False
2,17-18,56234.13251903491,9853227.147033479,6724925.59832556,0.9403566169739347,False
2,17-18,100000.0,9853224.541670932,6724924.161864445,0.940356648515401,False
2,17-18,177827.94100389228,9853223.076734895,6724923.353992252,0.9403566662504456,False
2,17-18,316227.7660168379,9853222.252993647,6724922.8996636355,0.9403566762229535,False
2,17-18,562341.3251903491,9853221.789786603,6724922.644166801,0.9403566818307042,False
2,17-18,1000000.0,9853221.529311428,6724922.500487506,0.94035668498411,False
2,17-18,1778279.410038923,9853221.382837137,6724922.419689791,0.9403566867573802,False
2,17-18,3162277.6601683795,9853221.300469123,6724922.374253612,0.9403566877545568,False
2,17-18,5623413.251903491,9853221.25415035,6724922.34870288,0.9403566883153085,False
2,17-18,10000000.0,9853221.228103442,6724922.3343346175,0.9403566886306417,False
2,17-18,17782794.100389227,9853221.213456206,6724922.3262547385,0.9403566888079664,False
2,17-18,31622776.60168379,9853221.205219466,6724922.321711089,0.9403566889076833,False
2,17-18,56234132.51903491,9853221.20058761,6724922.319156004,0.9403566889637582,False
2,17-18,100000000.0,9853221.197982924,6724922.317719176,0.9403566889952915,True
2,18-19,0.0001,15041121.056654975,12537294.882030081,0.8616288385751567,False
2,18-19,0.00017782794100389227,15024303.75756181,12519300.426155655,0.8619380879039678,False
2,18-19,0.00031622776601683794,14994739.26308851,12487595.04735101,0.862480903695375,False
2,18-19,0.0005623413251903491,14943218.438395523,12432123.432394223,0.8634242912650034,False
2,18-19,0.001,14854788.765367484,12336327.949613485,0.8650359400790952,False
2,18-19,0.0017782794100389228,14706887.119079338,12179583.487747569,0.8677100991172473,False
2,18-19,0.0031622776601683794,14469869.121920545,11925495.948338354,0.8719397400851041,False
2,18-19,0.005623413251903491,14114690.812707279,11535659.207690667,0.8781493328444019,False
2,18-19,0.01,13631730.60564069,11022600.551661324,0.8863453621037343,False
2,18-19,0.01778279410038923,13051936.645388002,10395166.736889038,0.8958078290666053,False
2,18-19,0.03162277660168379,12443109.930536361,9696863.30122879,0.9053015111283054,False
2,18-19,0.05623413251903491,11871754.12237274,9071898.245989231,0.9137984729180237,False
2,18-19,0.1,11371231.657740075,8522739.9927278,0.9209138949449381,False
2,18-19,0.1778279410038923,10947423.761031598,8022542.958961492,0.9266991464580907,False
2,18-19,0.31622776601683794,10597500.948822958,7597420.621809783,0.9313102238313653,False
2,18-19,0.5623413251903491,10316657.405554892,7269984.212642707,0.9349026678453054,False
2,18-19,1.0,10097811.530872196,7043859.063672768,0.9376351769897899,False
2,18-19,1.7782794100389228,9933036.074504033,6855580.162265546,0.9396539013463315,False
2,18-19,3.1622776601683795,9814746.490668992,6732434.699492448,0.9410826308513781,False
2,18-19,5.623413251903491,9735238.24792017,6640494.306340274,0.9420333314134178,False
2,18-19,10.0,9686149.908947442,6588602.041660482,0.9426164324024086,False
2,18-19,17.78279410038923,9658533.314839436,6555282.670698003,0.9429431833925811,False
2,18-19,31.622776601683793,9644136.468846677,6533595.371027639,0.943113152468392,False
2,18-19,56.23413251903491,9636920.13102815,6527061.397978723,0.9431982531146408,False
2,18-19,100.0,9633308.650001535,6528714.263721951,0.9432408185795552,False
2,18-19,177.82794100389228,9631462.194147985,6531364.514575948,0.9432625750253502,False
2,18-19,316.22776601683796,9630491.7415554,6532902.42488592,0.9432740080157144,False
2,18-19,562.341325190349,9629969.415819226,6533783.035820146,0.9432801611058821,False
2,18-19,1000.0,9629683.459991362,6534283.368505101,0.9432835295750797,False
2,18-19,1778.2794100389228,9629525.180726137,6534566.37350158,0.9432853940117512,False
2,18-19,3162.2776601683795,9629436.984879313,6534726.04440643,0.9432864328936694,False
2,18-19,5623.413251903491,9629387.647460666,6534816.000957137,0.9432870140478614,False
2,18-19,10000.0,9629359.985218687,6534866.640201361,0.943287339885006,False
2,18-19,17782.794100389227,9629344.455671472,6534895.133514251,0.9432875228091513,False
2,18-19,31622.776601683792,9629335.731023666,6534911.161790416,0.9432876255775522,False
2,18-19,56234.13251903491,9629330.827407459,6534920.176832109,0.9432876833376418,False
2,18-19,100000.0,9629328.070728386,6534925.246893895,0.9432877158087735,False
2,18-19,177827.94100389228,9629326.520795409,6534928.098167198,0.9432877340655472,False
2,18-19,316227.7660168379,9629325.649286771,6534929.701609144,0.94328774433111,False
2,18-19,562341.3251903491,9629325.159227615,6534930.603307621,0.9432877501035514,False
2,18-19,1000000.0,9629324.883655377,6534931.110375254,0.9432877533495362,False
2,18-19,1778279.410038923,9629324.728692332,6534931.395522018,0.9432877551748567,False
2,18-19,3162277.6601683795,9629324.641551036,6534931.555872359,0.9432877562013001,False
2,18-19,5623413.251903491,9629324.592548149,6534931.64604415,0.9432877567785086,False
2,18-19,10000000.0,9629324.56499188,6534931.696751526,0.9432877571030958,False
2,18-19,17782794.100389227,9629324.549495878,6534931.725266397,0.9432877572856243,False
2,18-19,31622776.60168379,9629324.540781844,6534931.741301494,0.9432877573882675,False
2,18-19,56234132.51903491,9629324.535881585,6534931.750318691,0.943287757445988,False
2,18-19,100000000.0,9629324.533125969,6534931.755389435,0.9432877574784466,True
2,19-20,0.0001,12023909.332013162,9427609.907114664,0.9111076803616134,False
2,19-20,0.00017782794100389227,12015773.641598154,9415498.304122252,0.9112279333849472,False
2,19-20,0.00031622776601683794,12001512.039037317,9394155.306343297,0.9114385366535174,False
2,19-20,0.0005623413251903491,11976785.295769468,9356804.66929116,0.911803087503074,False
2,19-20,0.001,11934730.143614,9293671.375366993,0.9124213873850688,False
2,19-20,0.0017782794100389228,11865537.075265676,9188908.046988806,0.9134339392470423,False
2,19-20,0.0031622776601683794,11757910.255858585,9017632.328721728,0.9149972187502987,False
2,19-20,0.005623413251903491,11605244.5617587,8780632.859250283,0.9171902549335436,False
2,19-20,0.01,11417913.599634228,8516714.364945618,0.9198420949165201,False
2,19-20,0.01778279410038923,11232464.561812954,8249132.468624736,0.9224247885701798,False
2,19-20,0.03162277660168379,11094779.683272151,8147227.514497587,0.9243149296578622,False
2,19-20,0.05623413251903491,11016065.290430564,8130677.450810104,0.9253850493187988,False
2,19-20,0.1,10955525.065908963,8102118.560380194,0.9262029082005229,False
2,19-20,0.1778279410038923,10861274.119800497,7997107.686051344,0.9274672066529823,False
2,19-20,0.31622776601683794,10716064.720582413,7833142.650379595,0.9293936909081276,False
2,19-20,0.5623413251903491,10539824.649004022,7639622.9952975325,0.9316970242556528,False
2,19-20,1.0,10364843.57607413,7443375.668126637,0.9339461161906987,False
2,19-20,1.7782794100389228,10215595.67962307,7252476.161002429,0.9358346976089484,False
2,19-20,3.1622776601683795,10102421.6037703,7089635.680177768,0.9372485404464086,False
2,19-20,5.623413251903491,10024661.200872479,7000821.600703506,0.9382108442208131,False
2,19-20,10.0,9976112.160502162,6958406.781103676,0.9388078799093851,False
2,19-20,17.78279410038923,9948526.075227102,6927015.8488212675,0.9391458306269892,False
2,19-20,31.622776601683793,9933978.442683227,6907302.038535892,0.9393236734183672,False
2,19-20,56.23413251903491,9926592.34335078,6899994.288130876,0.9394138678494603,False
2,19-20,100.0,9922849.316906145,6898494.41897806,0.9394595497374206,False
2,19-20,177.82794100389228,9920915.28714997,6897657.181572465,0.9394831469156096,False
2,19-20,316.22776601683796,9919890.826047683,6897189.25496868,0.9394956445449563,False
2,19-20,562.341325190349,9919336.532846248,6896927.221661377,0.9395024059532211,False
2,19-20,1000.0,9919032.07864234,6896780.253900577,0.9395061196016309,False
2,19-20,1778.2794100389228,9918863.22887135,6896697.736134459,0.9395081791354305,False
2,19-20,3162.2776601683795,9918769.0350697,6896651.374775481,0.9395093280427981,False
2,19-20,5623.413251903491,9918716.307663454,6896625.317303912,0.9395099711685218,False
2,19-20,10000.0,9918686.733669017,6896610.668399413,0.9395103318863917,False
2,19-20,17782.794100389227,9918670.127346478,6896602.432078301,0.9395105344354034,False
2,19-20,31622.776601683792,9918660.796639567,6896597.800886926,0.9395106482428397,False
2,19-20,56234.13251903491,9918655.552039213,6896595.196713583,0.9395107122116351,False
2,19-20,100000.0,9918652.603556227,6896593.732322637,0.9395107481744949,False
2,19-20,177827.94100389228,9918650.945746765,6896592.908848813,0.9395107683949118,False
2,19-20,316227.7660168379,9918650.01356928,6896592.445779785,0.9395107797647437,False
2,19-20,562341.3251903491,9918649.4893918,6896592.185378304,0.9395107861581715,False
2,19-20,1000000.0,9918649.194632873,6896592.038944231,0.9395107897533657,False
2,19-20,1778279.410038923,9918649.028880192,6896591.9565984355,0.9395107917750621,False
2,19-20,3162277.6601683795,9918648.935671382,6896591.910292032,0.9395107929119361,False
2,19-20,5623413.251903491,9918648.883256463,6896591.884252045,0.9395107935512443,False
2,19-20,10000000.0,9918648.85378146,6896591.8696086835,0.9395107939107529,False
2,19-20,17782794.100389227,9918648.837206475,6896591.861374124,0.939510794112919,False
2,19-20,31622776.60168379,9918648.827885682,6896591.856743484,0.9395107942266053,False
2,19-20,56234132.51903491,9918648.82264422,6896591.854139487,0.9395107942905359,False
2,19-20,100000000.0,9918648.81969673,6896591.852675152,0.9395107943264865,True
2,20-21,0.0001,13370746.988948286,10850911.861732608,0.8886014773326126,False
2,20-21,0.00017782794100389227,13362691.62526252,10842438.484044077,0.8887356635981467,False
2,20-21,0.00031622776601683794,13348517.317838399,10827827.694790173,0.8889715829042101,False
2,20-21,0.0005623413251903491,13323774.961812507,10802898.104686458,0.8893827984107338,False
2,20-21,0.001,13281177.743136028,10759569.238273295,0.8900889725745034,False
2,20-21,0.0017782794100389228,13209530.250867942,10685509.127419729,0.8912716400390576,False
2,20-21,0.0031622776601683794,13093500.099960666,10564212.752376977,0.893173351977456,False
2,20-21,0.005623413251903491,12916184.379644694,10372224.95265131,0.8960471114393533,False
2,20-21,0.01,12666352.474783042,10086134.29373511,0.9000296464046426,False
2,20-21,0.01778279410038923,12347958.307945196,9712047.944550397,0.904992388812342,False
2,20-21,0.03162277660168379,11982868.271118386,9261621.637940262,0.9105274819664226,False
2,20-21,0.05623413251903491,11601235.407088311,8809918.094404586,0.9161358077259661,False
2,20-21,0.1,11229004.497202542,8348324.112786227,0.921431112958025,False
2,20-21,0.1778279410038923,10884614.038403917,7953232.1328754,0.9261765805775021,False
2,20-21,0.31622776601683794,10581606.811754277,7577622.288984434,0.9302295811896399,False
2,20-21,0.5623413251903491,10327954.667480549,7258591.050740035,0.9335344296671052,False
2,20-21,1.0,10124010.653159652,7034036.738102336,0.936133476473528,False
2,20-21,1.7782794100389228,9965106.173653347,6859141.347586569,0.9381226152066865,False
2,20-21,3.1622776601683795,9845702.4846394,6736255.65401609,0.9395965831480008,False
2,20-21,5.623413251903491,9760732.553904561,6656004.268905046,0.9406346659323137,False
2,20-21,10.0,9704766.855118522,6611687.428814793,0.9413134874039547,False
2,20-21,17.78279410038923,9670998.344086641,6578431.583870496,0.9417211856698056,False
2,20-21,31.622776601683793,9652043.110378217,6555644.567628359,0.9419494156637407,False
2,20-21,56.23413251903491,9641815.096941922,6549373.411325549,0.9420723797996032,False
2,20-21,100.0,9636346.031154335,6545492.307668889,0.9421380769969782,False
2,20-21,177.82794100389228,9633398.772032011,6543843.82524043,0.9421734655148009,False
2,20-21,316.22776601683796,9631790.71873537,6543385.568451445,0.9421927692705361,False
2,20-21,562.341325190349,9630903.826977108,6543129.287462044,0.9422034145176339,False
2,20-21,1000.0,9630410.932447832,6542985.662760667,0.9422093302431631,False
2,20-21,1778.2794100389228,9630135.668738153,6542905.060810318,0.942212633829461,False
2,20-21,3162.2776601683795,9629981.492654627,6542859.788434809,0.9422144841374485,False
2,20-21,5623.413251903491,9629894.989999682,6542834.347078236,0.9422155222657341,False
2,20-21,10000.0,9629846.408634122,6542820.045831198,0.9422161052921864,False
2,20-21,17782.794100389227,9629819.109204466,6542812.005390427,0.9422164329121848,False
2,20-21,31622.776601683792,9629803.763905596,6542807.484470559,0.942216617070452,False
2,20-21,56234.13251903491,9629795.136603832,6542804.942345414,0.942216720606198,False
2,20-21,100000.0,9629790.285746446,6542803.512858751,0.9422167788210142,False
2,20-21,177827.94100389228,9629787.558108455,6542802.709016845,0.9422168115552031,False
2,20-21,316227.7660168379,9629786.024308015,6542802.256988858,0.9422168299622287,False
2,20-21,562341.3251903491,9629785.161808606,6542802.002796597,0.9422168403130189,False
2,20-21,1000000.0,9629784.676795863,6542801.859854338,0.9422168461336198,False
2,20-21,1778279.410038923,9629784.40405515,6542801.779472173,0.9422168494067602,False
2,20-21,3162277.6601683795,9629784.250682412,6542801.734270021,0.9422168512473745,False
2,20-21,5623413.251903491,9629784.164434776,6542801.708850993,0.9422168522824258,False
2,20-21,10000000.0,9629784.115934232,6542801.694556833,0.9422168528644771,False
2,20-21,17782794.100389227,9629784.088660393,6542801.686518637,0.9422168531917883,False
2,20-21,31622776.60168379,9629784.07332319,6542801.681998428,0.9422168533758488,False
2,20-21,56234132.51903491,9629784.06469845,6542801.6794565255,0.9422168534793537,False
2,20-21,100000000.0,9629784.059848402,6542801.678027112,0.9422168535375588,True
2,21-22,0.0001,9472184.363776635,7201014.358647393,0.9443736034879334,False
2,21-22,0.00017782794100389227,9473298.392925315,7202305.927025418,0.9443605182123728,False
2,21-22,0.00031622776601683794,9475271.310704628,7204567.495965549,0.9443373407405107,False
2,21-22,0.0005623413251903491,9478753.383597711,7208480.32501221,0.9442964222180994,False
2,21-22,0.001,9484859.289183784,7216584.0969859995,0.9442246342265006,False
2,21-22,0.0017782794100389228,9495431.663144639,7230884.418604402,0.9441002240162011,False
2,21-22,0.0031622776601683794,9513283.290608887,7255063.193150718,0.9438898407390977,False
2,21-22,0.005623413251903491,9541957.05465959,7291925.829231134,0.9435510903673747,False
2,21-22,0.01,9583779.188113615,7336755.756826759,0.9430551779441156,False
2,21-22,0.01778279410038923,9634762.004495803,7377658.05692999,0.9424477078754108,False
2,21-22,0.03162277660168379,9678522.265669543,7409570.817072191,0.9419237254986349,False
2,21-22,0.05623413251903491,9688499.331518685,7392017.223561585,0.941803928395105,False
2,21-22,0.1,9644331.177478777,7301428.761412238,0.9423333300987686,False
2,21-22,0.1778279410038923,9548640.184060484,7151253.339558681,0.9434719897218469,False
2,21-22,0.31622776601683794,9425540.638267567,7026795.426300972,0.9449200949711881,False
2,21-22,0.5623413251903491,9304965.42545325,6904016.131738529,0.9463202889017843,False
2,21-22,1.0,9208685.905026326,6778893.481289597,0.9474254017828394,False
2,21-22,1.7782794100389228,9144132.596034497,6661743.96254085,0.9481599189000168,False
2,21-22,3.1622776601683795,9106465.998759637,6606029.308654697,0.948586119585885,False
2,21-22,5.623413251903491,9086259.979535585,6565623.144821669,0.9488140273824242,False
2,21-22,10.0,9075674.29256851,6538549.74570987,0.9489332234119532,False
2,21-22,17.78279410038923,9070031.693147438,6526260.170886859,0.948996702946252,False
2,21-22,31.622776601683793,9066944.841303227,6520395.319602976,0.9490314134821725,False
2,21-22,56.23413251903491,9065227.90747345,6516550.536695793,0.9490507146704954,False
2,21-22,100.0,9064266.000006504,6514175.203140737,0.9490615265107181,False
2,21-22,177.82794100389228,9063725.706035322,6512762.786511333,0.9490675989119213,False
2,21-22,316.22776601683796,9063421.978406752,6511942.370831263,0.9490710123687507,False
2,21-22,562.341325190349,9063251.19484737,6511472.37470013,0.9490729316773422,False
2,21-22,1000.0,9063155.157907305,6511205.273934013,0.9490740109487406,False
2,21-22,1778.2794100389228,9063101.152372085,6511054.17317078,0.9490746178625699,False
2,21-22,3162.2776601683795,9063070.782734506,6510968.916388192,0.9490749591547571,False
2,21-22,5623.413251903491,9063053.704585938,6510920.881938656,0.9490751510774762,False
2,21-22,10000.0,9063044.100819616,6510893.841320233,0.9490752590035916,False
2,21-22,17782.794100389227,9063038.700218825,6510878.62612276,0.9490753196949248,False
2,21-22,31622.776601683792,9063035.663235797,6510870.0670957,0.9490753538241764,False
2,21-22,56234.13251903491,9063033.955414081,6510865.253085893,0.9490753730164673,False
2,21-22,100000.0,9063032.99503514,6510862.545679756,0.9490753838090864,False
2,21-22,177827.94100389228,9063032.454974309,6510861.023101844,0.9490753898782223,False
2,21-22,316227.7660168379,9063032.151275765,6510860.166864411,0.9490753932911483,False
2,21-22,562341.3251903491,9063031.980493514,6510859.685357559,0.9490753952103778,False
2,21-22,1000000.0,9063031.884455595,6510859.414583464,0.9490753962896398,False
2,21-22,1778279.410038923,9063031.830449503,6510859.262315081,0.9490753968965534,False
2,21-22,3162277.6601683795,9063031.800079647,6510859.176687989,0.949075397237846,False
2,21-22,5623413.251903491,9063031.78300142,6510859.128536246,0.949075397429769,False
2,21-22,10000000.0,9063031.773397628,6510859.1014585,0.9490753975376951,False
2,21-22,17782794.100389227,9063031.767997017,6510859.086231558,0.9490753975983865,False
2,21-22,31622776.60168379,9063031.764960032,6510859.077668814,0.9490753976325158,False
2,21-22,56234132.51903491,9063031.76325221,6510859.072853629,0.9490753976517081,False
2,21-22,100000000.0,9063031.762291834,6510859.070145852,0.9490753976625007,True
2,22-23,0.0001,14127736.117433628,11468066.658870053,0.8783165245456692,False
2,22-23,0.00017782794100389227,14115731.639209041,11454820.73019365,0.8785232280137633,False
2,22-23,0.00031622776601683794,14094634.13718018,11431468.77327524,0.8788860772481519,False
2,22-23,0.0005623413251903491,14057887.856017638,11390571.554895928,0.8795167690076082,False
2,22-23,0.001,13994878.556627559,11319764.6927052,0.8805943918848647,False
2,22-23,0.0017782794100389228,13889686.075532448,11202973.152710373,0.8823826698415292,False
2,22-23,0.0031622776601683794,13721696.980082765,11019540.030160638,0.8852105155440554,False
2,22-23,0.005623413251903491,13471610.343358755,10734931.385261713,0.8893566079132188,False
2,22-23,0.01,13135476.71666419,10366022.232883658,0.8948091088447088,False
2,22-23,0.01778279410038923,12738577.965288479,9930735.600443397,0.901069921101235,False
2,22-23,0.03162277660168379,12326369.27225341,9441031.34507771,0.9073689035399506,False
2,22-23,0.05623413251903491,11930065.15119603,8989670.515494294,0.9132295025447627,False
2,22-23,0.1,11551622.422932923,8599739.753253903,0.9186472146940551,False
2,22-23,0.1778279410038923,11187339.168245416,8218742.600776086,0.9236972718412709,False
2,22-23,0.31622776601683794,10847205.808360862,7855353.654219078,0.9282664676752519,False
2,22-23,0.5623413251903491,10548637.789022207,7519108.9881721055,0.9321610344825599,False
2,22-23,1.0,10303158.798474608,7242872.936148332,0.9352816787502468,False
2,22-23,1.7782794100389228,10111768.572254369,7030044.01629164,0.9376637461823542,False
2,22-23,3.1622776601683795,9969222.784704007,6871351.659148259,0.9394088689857476,False
2,22-23,5.623413251903491,9868609.244240811,6769571.878085463,0.9406257191265459,False
2,22-23,10.0,9802251.296656433,6708304.50429428,0.941421516975563,False
2,22-23,17.78279410038923,9761502.592588047,6669094.56266694,0.9419075350815799,False
2,22-23,31.622776601683793,9737858.848184668,6646328.666434814,0.9421886106526827,False
2,22-23,56.23413251903491,9724574.098396359,6639211.727156822,0.9423462399591946,False
2,22-23,100.0,9717195.198231677,6636592.346581785,0.9424337008459406,False
2,22-23,177.82794100389228,9713098.557647163,6637039.657410618,0.942482228990438,False
2,22-23,316.22776601683796,9710816.962221628,6637311.070134502,0.942509247530256,False
2,22-23,562.341325190349,9709542.028334795,6637470.326381498,0.9425243424696849,False
2,22-23,1000.0,9708827.855861207,6637562.043868476,0.9425327972501043,False
2,22-23,1778.2794100389228,9708427.164635388,6637614.315632427,0.9425375405886602,False
2,22-23,3162.2776601683795,9708202.13678708,6637643.932193653,0.9425402043576773,False
2,22-23,5623.413251903491,9708075.689680116,6637660.657392251,0.9425417011492575,False
2,22-23,10000.0,9708004.613633998,6637670.085051217,0.9425425424887526,False
2,22-23,17782.794100389227,9707964.654287381,6637678.919113626,0.9425430154917694,False
2,22-23,31622.776601683792,9707942.186554952,6637686.276680087,0.942543281443842,False
2,22-23,56234.13251903491,9707929.552989358,6637690.415523008,0.9425434309879445,False
2,22-23,100000.0,9707922.44891994,6637692.743401706,0.9425435150790584,False
2,22-23,177827.94100389228,9707918.454105139,6637694.052602094,0.9425435623657916,False
2,22-23,316227.7660168379,9707916.207686368,6637694.788863213,0.9425435889567041,False
2,22-23,562341.3251903491,9707914.94444196,6637695.202907067,0.9425436039097556,False
2,22-23,1000000.0,9707914.234070498,6637695.435745402,0.9425436123184371,False
2,22-23,1778279.410038923,9707913.83460024,6637695.5666814,0.9425436170469745,False
2,22-23,3162277.6601683795,9707913.60996191,6637695.640312558,0.9425436197060227,False
2,22-23,5623413.251903491,9707913.483638592,6637695.681718544,0.9425436212013143,False
2,22-23,10000000.0,9707913.412601802,6637695.705002882,0.9425436220421781,False
2,22-23,17782794.100389227,9707913.37265489,6637695.718096643,0.9425436225150305,False
2,22-23,31622776.60168379,9707913.350191088,6637695.725459804,0.942543622780935,False
2,22-23,56234132.51903491,9707913.337558769,6637695.7296004165,0.9425436229304639,False
2,22-23,100000000.0,9707913.33045509,6637695.731928854,0.9425436230145503,True
2,23-24,0.0001,9548134.153438406,6800519.141948121,0.9439759870987322,True
2,23-24,0.00017782794100389227,9549114.864400603,6801170.0516156675,0.9439644777955751,False
2,23-24,0.00031622776601683794,9550841.597869504,6802300.508636481,0.9439442105433204,False
2,23-24,0.0005623413251903491,9553858.916951695,6804227.559425712,0.9439087864566189,False
2,23-24,0.001,9559062.695869708,6807403.556293192,0.9438476664905173,False
2,23-24,0.0017782794100389228,9567839.581231395,6812321.913815473,0.9437445038965717,False
2,23-24,0.0031622776601683794,9582112.67412907,6819072.347947196,0.9435765372790015,False
2,23-24,0.005623413251903491,9604059.74552695,6829582.666714973,0.9433177743203056,False
2,23-24,0.01,9635311.82613818,6844237.672280069,0.9429482806467275,False
2,23-24,0.01778279410038923,9676066.43882422,6859248.820233044,0.9424646350595117,False
2,23-24,0.03162277660168379,9724969.198825438,6888774.945794961,0.9418815989232698,False
2,23-24,0.05623413251903491,9778279.62563184,6921940.173945493,0.9412426644661925,False
2,23-24,0.1,9826125.43680875,6961364.795646294,0.9406662501244155,False
2,23-24,0.1778279410038923,9853032.402583541,6956195.45754889,0.9403408569609769,False
2,23-24,0.31622776601683794,9849800.839960255,6889781.925370948,0.9403799841318307,False
2,23-24,0.5623413251903491,9822038.254886407,6814234.953504371,0.9407155996662685,False
2,23-24,1.0,9782653.861450292,6729381.567394931,0.9411900834521263,False
2,23-24,1.7782794100389228,9741769.30529986,6651520.338848726,0.9416806237471331,False
2,23-24,3.1622776601683795,9705014.289791185,6589529.397906533,0.9421198634412484,False
2,23-24,5.623413251903491,9675122.096661326,6552027.551606282,0.9424758649161851,False
2,23-24,10.0,9652849.149348017,6523201.2137931995,0.9427404108857484,False
2,23-24,17.78279410038923,9637544.071446465,6503442.52575006,0.9429218428547069,False
2,23-24,31.622776601683793,9627730.954991646,6495534.505706012,0.9430380196399305,False
2,23-24,56.23413251903491,9621753.648923123,6491723.589847958,0.9431087265386732,False
2,23-24,100.0,9618232.334781487,6489296.103123004,0.9431503604018748,False
2,23-24,177.82794100389228,9616199.024462325,6487830.158158882,0.9431743940780308,False
2,23-24,316.22776601683796,9615038.40149707,6486971.667691861,0.9431881103339006,False
2,23-24,562.341325190349,9614380.22773291,6486477.679891235,0.9431958879035612,False
2,23-24,1000.0,9614008.356985278,6486196.260810931,0.9432002820254108,False
2,23-24,1778.2794100389228,9613798.68270197,6486036.844878205,0.9432027595165566,False
2,23-24,3162.2776601683795,9613680.598053172,6485946.8284956645,0.9432041547696147,False
2,23-24,5623.413251903491,9613614.138422012,6485896.0910165645,0.9432049400292953,False
2,23-24,10000.0,9613576.747784615,6485867.521978785,0.9432053818193096,False
2,23-24,17782.794100389227,9613555.715903973,6485851.444631538,0.9432056303212679,False
2,23-24,31622.776601683792,9613543.887043469,6485842.399941648,0.9432057700848024,False
2,23-24,56234.13251903491,9613537.234628223,6485837.312557753,0.943205848686133,False
2,23-24,100000.0,9613533.493523706,6485834.451338,0.943205892888971,False
2,23-24,177827.94100389228,9613531.389690213,6485832.842237752,0.9432059177467055,False
2,23-24,316227.7660168379,9613530.20660005,6485831.937336827,0.943205931725443,False
2,23-24,562341.3251903491,9613529.541293973,6485831.428461821,0.94320593958633,False
2,23-24,1000000.0,9613529.167163108,6485831.142296637,0.9432059440068523,False
2,23-24,1778279.410038923,9613528.956773302,6485830.98137295,0.9432059464927012,False
2,23-24,3162277.6601683795,9613528.838462245,6485830.890878537,0.9432059478905988,False
2,23-24,5623413.251903491,9613528.771930993,6485830.839989671,0.9432059486766949,False
2,23-24,10000000.0,9613528.734517703,6485830.81137272,0.9432059491187496,False
2,23-24,17782794.100389227,9613528.71347866,6485830.795280218,0.9432059493673352,False
2,23-24,31622776.60168379,9613528.701647531,6485830.786230728,0.9432059495071252,False
2,23-24,56234132.51903491,9613528.694994396,6485830.78114183,0.9432059495857349,False
2,23-24,100000000.0,9613528.691253068,6485830.77828013,0.9432059496299404,False
2,24-25,0.0001,14582768.742509684,12196322.565103479,0.8682630613843199,False
2,24-25,0.00017782794100389227,14570173.35094166,12183195.740722492,0.8684905300881464,False
2,24-25,0.00031622776601683794,14547949.039978074,12160009.13391585,0.8688914145852884,False
2,24-25,0.0005623413251903491,14508968.007233504,12119264.060788006,0.8695930806355276,False
2,24-25,0.001,14441304.105108216,12048305.70431951,0.8708065736459548,False
2,24-25,0.0017782794100389228,14325936.323346041,11926630.612753026,0.8728625131661076,False
2,24-25,0.0031622776601683794,14135057.525816465,11723356.131401232,0.8762279027119421,False
2,24-25,0.005623413251903491,13834193.563919967,11397776.248393046,0.8814407931517356,False
2,24-25,0.01,13393580.330972634,10916269.643761866,0.8888726487230101,False
2,24-25,0.01778279410038923,12810713.587249242,10267824.870632885,0.8983343520857209,False
2,24-25,0.03162277660168379,12130046.327653429,9495675.735630725,0.9088508740341459,False
2,24-25,0.05623413251903491,11434368.496547142,8662526.23528664,0.9190061659759069,False
2,24-25,0.1,10809418.013077827,7980767.343041398,0.9276177276446521,False
2,24-25,0.1778279410038923,10315807.158299908,7490263.499130218,0.9340774468118954,False
2,24-25,0.31622776601683794,9981031.109327849,7157521.238678711,0.9382867514712517,False
2,24-25,0.5623413251903491,9797574.210938161,6936205.203355501,0.9405345495751629,False
2,24-25,1.0,9725623.383611042,6798300.543154647,0.9414047400622559,False
2,24-25,1.7782794100389228,9712022.229226856,6737754.257935056,0.9415685148402837,True
2,24-25,3.1622776601683795,9717324.279226607,6704937.637610771,0.9415046988369038,False
2,24-25,5.623413251903491,9725733.244416466,6685291.256703217,0.9414034162686943,False
2,24-25,10.0,9734901.40042266,6682251.872081252,0.9412928897265058,False
2,24-25,17.78279410038923,9744361.933117192,6680004.270382863,0.9411787292667653,False
2,24-25,31.622776601683793,9752732.6443022,6679546.794878321,0.9410776272438012,False
2,24-25,56.23413251903491,9759055.67290795,6682708.558085064,0.9410011997159977,False
2,24-25,100.0,9763310.903273132,6684581.216769275,0.9409497381344303,False
2,24-25,177.82794100389228,9765970.120823575,6685642.662184258,0.9409175669009353,False
2,24-25,316.22776601683796,9767559.290251987,6686242.59468803,0.9408983369351311,False
2,24-25,562.341325190349,9768484.484778691,6686581.001707453,0.940887140048936,False
2,24-25,1000.0,9769015.088231407,6686771.646162379,0.940880718103036,False
2,24-25,1778.2794100389228,9769316.799817111,6686878.965100072,0.9408770663024053,False
2,24-25,3162.2776601683795,9769487.529990435,6686939.350807492,0.9408749998002891,False
2,24-25,5623.413251903491,9769583.877617704,6686973.319611022,0.9408738336016417,False
2,24-25,10000.0,9769638.165449826,6686992.425302549,0.9408731764927303,False
2,24-25,17782.794100389227,9769668.72782878,6687003.170373185,0.9408728065590269,False
2,24-25,31622.776601683792,9769685.925108958,6687009.2131348755,0.9408725983988867,False
2,24-25,56234.13251903491,9769695.599264998,6687012.611344827,0.9408724813003438,False
2,24-25,100000.0,9769701.040522939,6687014.522335205,0.940872415437868,False
2,24-25,177827.94100389228,9769704.1007088,6687015.596975606,0.9408723783965244,False
2,24-25,316227.7660168379,9769705.821685828,6687016.201293967,0.9408723575653332,False
2,24-25,562341.3251903491,9769706.7894965,6687016.541128307,0.9408723458506782,False
2,24-25,1000000.0,9769707.333747247,6687016.732231568,0.9408723392629122,False
2,24-25,1778279.410038923,9769707.639805347,6687016.839696943,0.9408723355582977,False
2,24-25,3162277.6601683795,9769707.81191555,6687016.900129203,0.9408723334750267,False
2,24-25,5623413.251903491,9769707.908700567,6687016.934112768,0.9408723323035133,False
2,24-25,10000000.0,9769707.963126894,6687016.95322314,0.9408723316447214,False
2,24-25,17782794.100389227,9769707.993733097,6687016.963969689,0.9408723312742552,False
2,24-25,31622776.60168379,9769708.010944242,6687016.970012918,0.9408723310659266,False
2,24-25,56234132.51903491,9769708.020622782,6687016.973411274,0.9408723309487748,False
2,24-25,100000000.0,9769708.026065424,6687016.975322312,0.9408723308828955,False
2,25-26,0.0001,12526648.368789315,10020258.83799485,0.9033956750418687,False
2,25-26,0.00017782794100389227,12526063.722549515,10019715.91443595,0.9034046923042145,False
2,25-26,0.00031622776601683794,12525007.856768964,10018712.420845328,0.9034209763314395,False
2,25-26,0.0005623413251903491,12523080.663203191,10016811.629176773,0.9034506948203552,False
2,25-26,0.001,12519505.750031393,10013084.793937102,0.9035058100315466,False
2,25-26,0.0017782794100389228,12512727.303625947,10005469.576543558,0.9036102716035075,False
2,25-26,0.0031622776601683794,12499566.22321913,9989327.333314715,0.9038129333849376,False
2,25-26,0.005623413251903491,12473649.893650172,9954671.243469091,0.9042113842430183,False
2,25-26,0.01,12423297.616380457,9882543.717642307,0.9049831615730102,False
2,25-26,0.01778279410038923,12330814.785127377,9763720.106458096,0.9063925648343758,False
2,25-26,0.03162277660168379,12177036.615194203,9571254.480668163,0.9087127717845627,False
2,25-26,0.05623413251903491,11952023.08932657,9285267.975581316,0.9120553056783514,False
2,25-26,0.1,11665225.184687747,8913442.931232309,0.9162252673766287,False
2,25-26,0.1778279410038923,11345633.354286833,8523860.689394038,0.9207527343242056,False
2,25-26,0.31622776601683794,11028804.842250833,8133053.055850679,0.9251169197422744,False
2,25-26,0.5623413251903491,10740989.068420766,7774930.083892056,0.9289743288930052,False
2,25-26,1.0,10494476.287732035,7494375.457173725,0.9321970893037738,False
2,25-26,1.7782794100389228,10293366.044654805,7263850.081367674,0.934770863259797,False
2,25-26,3.1622776601683795,10139020.42670445,7081155.261867548,0.9367123757785897,False
2,25-26,5.623413251903491,10030488.428351596,6966899.507618205,0.9380600344784922,False
2,25-26,10.0,9962164.378956938,6894447.82527671,0.9389009857254631,False
2,25-26,17.78279410038923,9923644.974438708,6855594.621420854,0.9393725594870718,False
2,25-26,31.622776601683793,9903607.534496332,6830096.84393298,0.9396171454721225,False
2,25-26,56.23413251903491,9893549.805289863,6818268.235123078,0.9397397282814017,False
2,25-26,100.0,9888487.80904928,6815129.644029391,0.9398013763732055,False
2,25-26,177.82794100389228,9885880.943540724,6813336.39902424,0.9398331120709632,False
2,25-26,316.22776601683796,9884501.974631483,6812319.189754755,0.9398498961050266,False
2,25-26,562.341325190349,9883756.250395907,6811744.426801198,0.9398589716656024,False
2,25-26,1000.0,9883346.720435778,6811420.353692961,0.9398639554070168,False
2,25-26,1778.2794100389228,9883119.60832651,6811237.843466968,0.9398667191402735,False
2,25-26,3162.2776601683795,9882992.914611526,6811135.125152603,0.9398682608518416,False
2,25-26,5623.413251903491,9882921.994843934,6811077.335484482,0.9398691238522913,False
2,25-26,10000.0,9882882.217064522,6811044.829463701,0.9398696078929252,False
2,25-26,17782.794100389227,9882859.881134266,6811026.547297883,0.9398698796894916,False
2,25-26,31622.776601683792,9882847.331091367,6811016.265631113,0.93987003240543,False
2,25-26,56234.13251903491,9882840.276966637,6811010.483556439,0.9398701182438783,False
2,25-26,100000.0,9882836.311179433,6811007.2319719875,0.9398701665017195,False
2,25-26,177827.94100389228,9882834.081381928,6811005.403444827,0.9398701936350915,False
2,25-26,316227.7660168379,9882832.82757855,6811004.375179949,0.9398702088920409,False
2,25-26,562341.3251903491,9882832.122545958,6811003.796941435,0.9398702174712533,False
2,25-26,1000000.0,9882831.726087386,6811003.471773167,0.9398702222955723,False
2,25-26,1778279.410038923,9882831.503145633,6811003.288917347,0.9398702250084462,False
2,25-26,3162277.6601683795,9882831.37777731,6811003.186089876,0.9398702265339945,False
2,25-26,5623413.251903491,9882831.307277853,6811003.128265713,0.9398702273918694,False
2,25-26,10000000.0,9882831.267633196,6811003.0957487915,0.9398702278742868,False
2,25-26,17782794.100389227,9882831.245339403,6811003.077463178,0.9398702281455694,False
2,25-26,31622776.60168379,9882831.23280269,6811003.06718042,0.9398702282981228,False
2,25-26,56234132.51903491,9882831.225752782,6811003.061398,0.9398702283839099,False
2,25-26,100000000.0,9882831.22178833,6811003.058146308,0.9398702284321514,True
3,10-11,0.0001,20015884.15829887,15561174.0651366,0.8797262661396363,False
3,10-11,0.00017782794100389227,20002687.488725055,15546894.954611631,0.879884809172672,False
3,10-11,0.00031622776601683794,19979492.614544436,15521714.928443821,0.880163215901884,False
3,10-11,0.0005623413251903491,19939085.59317703,15477595.502601352,0.8806474475135936,False
3,10-11,0.001,19869770.229508225,15406299.801258689,0.8814758291015297,False
3,10-11,0.0017782794100389228,19753936.673905276,15285780.802435787,0.8828537069747106,False
3,10-11,0.0031622776601683794,19568511.05512231,15086815.61513042,0.8850426351767511,False
3,10-11,0.005623413251903491,19290839.340334773,14773856.858886769,0.888281914617107,False
3,10-11,0.01,18912483.472299844,14350726.671869291,0.8926212463081605,False
3,10-11,0.01778279410038923,18453062.674098637,13920369.369082121,0.8977747574864737,False
3,10-11,0.03162277660168379,17954030.65972332,13443890.934826216,0.9032290151548144,False
3,10-11,0.05623413251903491,17450183.69990069,12922579.951026518,0.9085842046109911,False
3,10-11,0.1,16953744.96755826,12360822.990684574,0.9137115778510608,False
3,10-11,0.1778279410038923,16470617.468437836,11801523.39286341,0.918559393828008,False
3,10-11,0.31622776601683794,16018623.971550718,11343626.840943031,0.922967915639935,False
3,10-11,0.5623413251903491,15621334.032183712,10943853.181436766,0.9267415924394724,False
3,10-11,1.0,15293441.011459164,10576587.660419513,0.9297847153892588,False
3,10-11,1.7782794100389228,15037502.144667955,10294850.21126072,0.932115184729941,False
3,10-11,3.1622776601683795,14848683.368421024,10111673.61881673,0.933809276382323,False
3,10-11,5.623413251903491,14718448.036481313,10039468.596918259,0.934965280147675,False
3,10-11,10.0,14635495.04875536,9977727.261638397,0.9356962840855072,False
3,10-11,17.78279410038923,14586673.447322924,9930971.863358421,0.9361245817413798,False
3,10-11,31.622776601683793,14559574.117682481,9904537.725050678,0.9363616986002671,False
3,10-11,56.23413251903491,14544947.533867244,9905543.851867964,0.9364894967617082,False
3,10-11,100.0,14537078.482511884,9906093.430056307,0.9365581985867655,False
3,10-11,177.82794100389228,14532807.533822555,9906402.531899357,0.9365954711206936,False
3,10-11,316.22776601683796,14530463.707824215,9906577.572994312,0.93661592101644,False
3,10-11,562.341325190349,14529165.834565578,9906676.641179603,0.9366272435494055,False
3,10-11,1000.0,14528442.713613784,9906732.600596616,0.9366335515547093,False
3,10-11,1778.2794100389228,14528038.265342021,9906764.156752625,0.9366370795438186,False
3,10-11,3162.2776601683795,14527811.532587716,9906781.93151943,0.9366390572832914,False
3,10-11,5623.413251903491,14527684.256542662,9906791.936612183,0.9366401674704461,False
3,10-11,10000.0,14527612.755545897,9906797.565980755,0.9366407911458995,False
3,10-11,17782.794100389227,14527572.570285674,9906800.7325945,0.9366411416649856,False
3,10-11,31622.776601683792,14527549.979645368,9906802.513626141,0.936641338713193,False
3,10-11,56234.13251903491,14527537.278271304,9906803.515273402,0.9366414495015511,False
3,10-11,100000.0,14527530.136484075,9906804.078572582,0.936641511796098,False
3,10-11,177827.94100389228,14527526.120589824,9906804.395348975,0.9366415468248952,False
3,10-11,316227.7660168379,14527523.86235859,9906804.573488593,0.9366415665224026,False
3,10-11,562341.3251903491,14527522.592484646,9906804.673664862,0.9366415775989249,False
3,10-11,1000000.0,14527521.878389245,9906804.729998427,0.9366415838276478,False
3,10-11,1778279.410038923,14527521.476826172,9906804.761677215,0.9366415873302961,False
3,10-11,3162277.6601683795,14527521.251011388,9906804.77949155,0.9366415892999735,False
3,10-11,5623413.251903491,14527521.124026626,9906804.78950929,0.9366415904076026,False
3,10-11,10000000.0,14527521.052617922,9906804.795142688,0.9366415910304676,False
3,10-11,17782794.100389227,14527521.01246188,9906804.798310578,0.9366415913807301,False
3,10-11,31622776.60168379,14527520.989880484,9906804.80009201,0.9366415915776972,False
3,10-11,56234132.51903491,14527520.97718203,9906804.801093783,0.9366415916884598,False
3,10-11,100000000.0,14527520.970041169,9906804.80165713,0.9366415917507463,True
3,11-12,0.0001,19994048.59198435,15668242.93487476,0.879938554349919,False
3,11-12,0.00017782794100389227,19979498.556678507,15653225.632436067,0.8801132325938088,False
3,11-12,0.00031622776601683794,19953879.948865056,15626727.987355676,0.8804204838461589,False
3,11-12,0.0005623413251903491,19909113.39452029,15582102.0572661,0.880956435551624,False
3,11-12,0.001,19831912.805384792,15511899.192138843,0.8818778643333836,False
3,11-12,0.0017782794100389228,19701753.948146064,15393913.20530435,0.8834232714430769,False
3,11-12,0.0031622776601683794,19490416.126524765,15197718.041049512,0.8859108603961563,False
3,11-12,0.005623413251903491,19167228.94861248,14893602.989985354,0.889663108946999,False
3,11-12,0.01,18714932.975115295,14471509.833808763,0.8948089878220944,False
3,11-12,0.01778279410038923,18151805.45566989,13985696.571638789,0.9010440896551847,False
3,11-12,0.03162277660168379,17535289.377873972,13395849.491255458,0.9076519017360078,False
3,11-12,0.05623413251903491,16927658.841003075,12718764.061547823,0.9139410828393271,False
3,11-12,0.1,16359821.98907516,11988114.495912595,0.9196179219446088,False
3,11-12,0.1778279410038923,15840063.414065396,11372005.86159266,0.9246443337996781,False
3,11-12,0.31622776601683794,15379959.01849178,10811421.361185867,0.9289584483740392,False
3,11-12,0.5623413251903491,14995783.085398745,10362631.718803192,0.9324632152331636,False
3,11-12,1.0,14697374.726461206,10070303.592704985,0.9351243658317215,False
3,11-12,1.7782794100389228,14483687.833833367,9863521.672671208,0.9369971212715572,False
3,11-12,3.1622776601683795,14345538.184580166,9794385.843109183,0.9381932690870831,False
3,11-12,5.623413251903491,14270340.110087821,9746138.742759986,0.9388395418934026,False
3,11-12,10.0,14242695.9899018,9708695.54998538,0.9390762691789396,True
3,11-12,17.78279410038923,14243816.559281927,9681915.196565479,0.9390666822365612,False
3,11-12,31.622776601683793,14256377.191447256,9669116.296804918,0.9389591691346909,False
3,11-12,56.23413251903491,14269788.423760843,9693028.50978861,0.9388442706855706,False
3,11-12,100.0,14280095.821329905,9714558.932234405,0.938755890387638,False
3,11-12,177.82794100389228,14286951.075480172,9727361.656064933,0.9386970749964418,False
3,11-12,316.22776601683796,14291180.488967257,9734799.415834662,0.9386607742079085,False
3,11-12,562.341325190349,14293685.109992554,9739060.904124212,0.9386392721385495,False
3,11-12,1000.0,14295134.970355516,9741482.94651414,0.9386268234245223,False
3,11-12,1778.2794100389228,14295963.65508906,9742853.189566491,0.9386197076485994,False
3,11-12,3162.2776601683795,14296433.935893487,9743626.358227385,0.9386156692432498,False
3,11-12,5623.413251903491,14296699.755711533,9744061.976814747,0.9386133865308752,False
3,11-12,10000.0,14296849.669320263,9744307.207565393,0.9386120991376783,False
3,11-12,17782.794100389227,14296934.108877873,9744445.194694249,0.9386113740013554,False
3,11-12,31622.776601683792,14296981.636085775,9744522.81706392,0.9386109658530324,False
3,11-12,56234.13251903491,14297008.376318019,9744566.475715727,0.9386107362159514,False
3,11-12,100000.0,14297023.417795654,9744591.029432317,0.9386106070440715,False
3,11-12,177827.94100389228,14297031.877612831,9744604.837840766,0.9386105343935373,False
3,11-12,316227.7660168379,14297036.635351771,9744612.603144774,0.9386104935353925,False
3,11-12,562341.3251903491,14297039.310962293,9744616.969980026,0.9386104705579841,False
3,11-12,1000000.0,14297040.815612076,9744619.425658477,0.938610457636463,False
3,11-12,1778279.410038923,14297041.661752557,9744620.80659634,0.9386104503700393,False
3,11-12,3162277.6601683795,14297042.137576658,9744621.583157426,0.9386104462837914,False
3,11-12,5623413.251903491,14297042.405153591,9744622.01985066,0.9386104439859135,False
3,11-12,10000000.0,14297042.555623595,9744622.265421573,0.9386104426937181,False
3,11-12,17782794.100389227,14297042.640239228,9744622.403516326,0.938610441967062,False
3,11-12,31622776.60168379,14297042.687822144,9744622.481172744,0.9386104415584329,False
3,11-12,56234132.51903491,14297042.714579994,9744622.524842164,0.9386104413286437,False
3,11-12,100000000.0,14297042.729627045,9744622.549399285,0.9386104411994237,False
3,12-13,0.0001,19694448.113338355,16139751.481506053,0.8843692784780368,False
3,12-13,0.00017782794100389227,19672961.41118975,16114103.675272219,0.8846214477744107,False
3,12-13,0.00031622776601683794,19635190.01463028,16068898.920427827,0.885064068013147,False
3,12-13,0.0005623413251903491,19569374.56220101,15989764.946783045,0.8858332872041638,False
3,12-13,0.001,19456439.78126665,15852866.22245351,0.8871471962205546,False
3,12-13,0.0017782794100389228,19267680.23807362,15620790.684813498,0.8893262907985793,False
3,12-13,0.0031622776601683794,18965713.256745778,15268976.204081317,0.892768108857834,False
3,12-13,0.005623413251903491,18515166.935274534,14745001.007236699,0.8978023595025919,False
3,12-13,0.01,17908456.30167841,14070264.535481457,0.9043903104479576,False
3,12-13,0.01778279410038923,17192743.573699407,13359908.94573739,0.9118796980584817,False
3,12-13,0.03162277660168379,16455417.631981563,12574316.465137025,0.9192758607413747,False
3,12-13,0.05623413251903491,15759052.63470861,11838464.66062263,0.9259635106842748,False
3,12-13,0.1,15109410.62657132,11151325.947235463,0.9319417695206529,False
3,12-13,0.1778279410038923,14500384.22268017,10628040.414401406,0.9373177430905801,False
3,12-13,0.31622776601683794,13951749.145279564,10229403.942974139,0.9419712890968073,False
3,12-13,0.5623413251903491,13491419.239303973,9850484.389112094,0.9457373647999086,False
3,12-13,1.0,13129494.448085012,9547226.450950155,0.9486096455976953,False
3,12-13,1.7782794100389228,12858109.649240702,9290323.59102023,0.9507121521827032,False
3,12-13,3.1622776601683795,12662375.304974133,9072014.682838984,0.9522013128712936,False
3,12-13,5.623413251903491,12527550.974685661,8932102.863803428,0.9532137796295017,False
3,12-13,10.0,12440789.497153621,8878027.513739908,0.9538595858473634,False
3,12-13,17.78279410038923,12389484.15266137,8832959.477273056,0.9542393637737288,False
3,12-13,31.622776601683793,12361311.616598941,8804551.928148882,0.9544472380331728,False
3,12-13,56.23413251903491,12346468.541099655,8806511.420055475,0.9545565690103899,False
3,12-13,100.0,12338708.742865283,8807625.857186422,0.9546136737669787,False
3,12-13,177.82794100389228,12334602.741134698,8808261.061816402,0.9546438755215816,False
3,12-13,316.22776601683796,12332391.49026268,8808621.998258138,0.954660136244682,False
3,12-13,562.341325190349,12331182.233831644,8808826.363603905,0.9546690274372471,False
3,12-13,1000.0,12330513.679664433,8808941.769650163,0.9546739426819474,False
3,12-13,1778.2794100389228,12330141.467108745,8809006.827716755,0.9546766790923576,False
3,12-13,3162.2776601683795,12329933.361964183,8809043.464719422,0.9546782089915367,False
3,12-13,5623.413251903491,12329816.72092241,8809064.083971163,0.9546790664748268,False
3,12-13,10000.0,12329751.25131936,8809075.684371527,0.9546795477691912,False
3,12-13,17782.794100389227,12329714.473911349,8809082.209453838,0.954679818134139,False
3,12-13,31622.776601683792,12329693.804764466,8809085.879315622,0.9546799700806764,False
3,12-13,56234.13251903491,12329682.185545601,8809087.943201069,0.9546800554977365,False
3,12-13,100000.0,12329675.652811583,8809089.10386311,0.9546801035221804,False
3,12-13,177827.94100389228,12329671.979575282,8809089.756568411,0.9546801305254314,False
3,12-13,316227.7660168379,12329669.914086072,8809090.123616977,0.954680145709565,False
3,12-13,562341.3251903491,12329668.75261514,8809090.33002526,0.9546801542479431,False
3,12-13,1000000.0,12329668.099484375,8809090.446097707,0.9546801590493348,False
3,12-13,1778279.410038923,12329667.73220586,8809090.511370216,0.9546801617493269,False
3,12-13,3162277.6601683795,12329667.525671206,8809090.548075696,0.954680163267635,False
3,12-13,5623413.251903491,12329667.40952862,8809090.56871672,0.9546801641214395,False
3,12-13,10000000.0,12329667.344216973,8809090.580324026,0.9546801646015681,False
3,12-13,17782794.100389227,12329667.307489567,8809090.586851297,0.9546801648715642,False
3,12-13,31622776.60168379,12329667.286836252,8809090.590521853,0.9546801650233938,False
3,12-13,56234132.51903491,12329667.275222035,8809090.592585959,0.954680165108774,False
3,12-13,100000000.0,12329667.26869088,8809090.59374669,0.9546801651567868,True
3,13-14,0.0001,22286691.567217574,18077011.955637716,0.8516564672494741,False
3,13-14,0.00017782794100389227,22268004.805462983,18055074.521240786,0.8519051266881216,False
3,13-14,0.00031622776601683794,22235131.386177093,18016382.436733175,0.852342057737858,False
3,13-14,0.0005623413251903491,22177774.999831405,17948565.37034062,0.8531028540305838,False
3,13-14,0.001,22079119.522640813,17830985.5373453,0.8544068599111874,False
3,13-14,0.0017782794100389228,21913498.367999494,17651200.781007495,0.8565829307365688,False
3,13-14,0.0031622776601683794,21646354.913984522,17356459.276733376,0.8600583592269535,False
3,13-14,0.005623413251903491,21241496.659646098,16891164.66557218,0.8652441465442392,False
3,13-14,0.01,20680051.920871507,16247238.77627931,0.8722736030062306,False
3,13-14,0.01778279410038923,19982159.670328993,15384813.78822829,0.8807489362566445,False
3,13-14,0.03162277660168379,19203368.81487199,14424077.506228702,0.8898632497758195,False
3,13-14,0.05623413251903491,18399602.224902183,13590442.086284291,0.8988899604386884,False
3,13-14,0.1,17607457.891680576,12776006.258863624,0.9074085833764689,False
3,13-14,0.1778279410038923,16858711.63920839,12019313.961877014,0.9151159335925222,False
3,13-14,0.31622776601683794,16187483.169886153,11434728.772163333,0.9217406797028147,False
3,13-14,0.5623413251903491,15620224.479268279,10913566.806920279,0.9271294657507103,False
3,13-14,1.0,15169818.385608317,10502227.089503892,0.9312712928273007,False
3,13-14,1.7782794100389228,14834680.796383342,10164876.062317155,0.9342745113599913,False
3,13-14,3.1622776601683795,14599536.849545175,9895774.635832096,0.9363416219511574,False
3,13-14,5.623413251903491,14442323.46347565,9741671.123488758,0.9377052356820309,False
3,13-14,10.0,14342173.402629433,9673369.502987856,0.9385662042011863,False
3,13-14,17.78279410038923,14281692.736179793,9621216.526339471,0.9390832419740145,False
3,13-14,31.622776601683793,14246821.53614439,9586123.546956215,0.9393803562090414,False
3,13-14,56.23413251903491,14227262.968976675,9580733.732441695,0.9395466837693238,False
3,13-14,100.0,14216400.724377578,9579456.482837923,0.9396389584444936,False
3,13-14,177.82794100389228,14210368.38924345,9578640.591107287,0.9396901726423872,False
3,13-14,316.22776601683796,14207007.671921438,9578148.507585827,0.9397186955221282,False
3,13-14,562.341325190349,14205129.306348184,9577860.803617029,0.9397346345353726,False
3,13-14,1000.0,14204076.95897023,9577695.455671502,0.9397435633875936,False
3,13-14,1778.2794100389228,14203486.480329674,9577601.332108373,0.939748573132236,False
3,13-14,3162.2776601683795,14203154.850921337,9577548.038691478,0.9397513866543676,False
3,13-14,5623.413251903491,14202968.496998483,9577517.954031138,0.9397529676399874,False
3,13-14,10000.0,14202863.745503817,9577500.999545751,0.9397538563194797,False
3,13-14,17782.794100389227,14202804.853071194,9577491.453735845,0.939754355941903,False
3,13-14,31622.776601683792,14202771.739753224,9577486.082060656,0.9397546368625892,False
3,13-14,56234.13251903491,14202753.120137427,9577483.060184054,0.9397547948239787,False
3,13-14,100000.0,14202742.649991993,9577481.36049053,0.9397548836484232,False
3,13-14,177827.94100389228,14202736.762333833,9577480.40456641,0.9397549335968853,False
3,13-14,316227.7660168379,14202733.451503765,9577479.866974024,0.9397549616845924,False
3,13-14,562341.3251903491,14202731.589700934,9577479.564651988,0.9397549774793513,False
3,13-14,1000000.0,14202730.5427366,9577479.394640137,0.9397549863613592,False
3,13-14,1778279.410038923,14202729.953986669,9577479.299034286,0.9397549913560673,False
3,13-14,3162277.6601683795,14202729.622908683,9577479.245270796,0.9397549941647945,False
3,13-14,5623413.251903491,14202729.436729988,9577479.215037243,0.9397549957442565,False
3,13-14,10000000.0,14202729.332034053,9577479.198035631,0.939754996632453,False
3,13-14,17782794.100389227,14202729.273159223,9577479.188474914,0.9397549971319223,False
3,13-14,31622776.60168379,14202729.240051474,9577479.183098529,0.9397549974127947,False
3,13-14,56234132.51903491,14202729.221433625,9577479.180075161,0.9397549975707407,False
3,13-14,100000000.0,14202729.210964032,9577479.178374987,0.9397549976595603,True
3,14-15,0.0001,18486461.495691597,14383890.209477182,0.8982333794909408,False
3,14-15,0.00017782794100389227,18485314.52265454,14381507.571028829,0.8982460071048115,False
3,14-15,0.00031622776601683794,18483279.86384922,14377232.566663686,0.8982684057784532,False
3,14-15,0.0005623413251903491,18479675.151591387,14369515.365843354,0.8983080824341314,False
3,14-15,0.001,18473296.0691882,14355455.516526772,0.898378277299846,False
3,14-15,0.0017782794100389228,18461996.593793817,14329527.966564426,0.8985025562559925,False
3,14-15,0.0031622776601683794,18441824.536318015,14281152.857594837,0.8987242325769166,False
3,14-15,0.005623413251903491,18405048.43054282,14195229.37715339,0.8991277517253963,False
3,14-15,0.01,18335991.504912466,14065454.901202954,0.8998832899756494,False
3,14-15,0.01778279410038923,18205773.830205992,13863531.75276918,0.9013002488049227,False
3,14-15,0.03162277660168379,17975537.816619806,13521014.459827887,0.9037808407860373,False
3,14-15,0.05623413251903491,17620139.350183766,13101989.077951264,0.9075479705493908,False
3,14-15,0.1,17157587.365280144,12596946.962424077,0.9123382352339845,False
3,14-15,0.1778279410038923,16648395.703047598,12030304.469604729,0.9174641646868356,False
3,14-15,0.31622776601683794,16161994.986639384,11535476.714889105,0.9222164595493478,False
3,14-15,0.5623413251903491,15745035.450928867,11158198.73276836,0.9261781274676515,False
3,14-15,1.0,15414932.150206799,10818988.665116727,0.9292411108160508,False
3,14-15,1.7782794100389228,15169456.857807368,10506599.51058006,0.9314767688075918,False
3,14-15,3.1622776601683795,14996649.49587378,10313296.952901758,0.9330290817187512,False
3,14-15,5.623413251903491,14881596.710971348,10231527.965406802,0.9340527282251805,False
3,14-15,10.0,14809900.481336141,10172068.902043428,0.9346866361577821,False
3,14-15,17.78279410038923,14768337.567923896,10124791.58207957,0.9350527162008009,False
3,14-15,31.622776601683793,14745613.490329318,10095296.049404513,0.9352524315241585,False
3,14-15,56.23413251903491,14733550.488855615,10098114.615275638,0.9353583247833492,False
3,14-15,100.0,14727162.843008328,10099959.970235432,0.935414362684275,False
3,14-15,177.82794100389228,14723740.089528099,10101004.773737656,0.9354443800105978,False
3,14-15,316.22776601683796,14721878.69475511,10101595.039309014,0.9354607013932452,False
3,14-15,562.341325190349,14720853.98561547,10101927.93399053,0.935469685532961,False
3,14-15,1000.0,14720285.098176345,10102115.458773913,0.9354746729849173,False
3,14-15,1778.2794100389228,14719967.58415183,10102221.017918138,0.935477456555367,False
3,14-15,3162.2776601683795,14719789.803159298,10102280.412438832,0.9354790150931123,False
3,14-15,5623.413251903491,14719690.075471265,10102313.823383791,0.9354798893592455,False
3,14-15,10000.0,14719634.072652759,10102332.615223577,0.9354803803072416,False
3,14-15,17782.794100389227,14719602.604751458,10102343.183757475,0.9354806561693784,False
3,14-15,31622.776601683792,14719584.916905228,10102349.127231214,0.9354808112289378,False
3,14-15,56234.13251903491,14719574.972784696,10102352.469603024,0.9354808984034575,False
3,14-15,100000.0,14719569.38158146,10102354.349191917,0.9354809474183702,False
3,14-15,177827.94100389228,14719566.23766567,10102355.406173531,0.9354809749792915,False
3,14-15,316227.7660168379,14719564.4697906,10102356.000561483,0.935480990477244,False
3,14-15,562341.3251903491,14719563.475666286,10102356.334811509,0.935480999192164,False
3,14-15,1000000.0,14719562.916636968,10102356.522774458,0.9354810040928545,False
3,14-15,1778279.410038923,14719562.602274172,10102356.6284739,0.9354810068486934,False
3,14-15,3162277.6601683795,14719562.425495766,10102356.687913101,0.9354810083984085,False
3,14-15,5623413.251903491,14719562.326086218,10102356.721338233,0.9354810092698752,False
3,14-15,10000000.0,14719562.270184195,10102356.740134567,0.9354810097599362,False
3,14-15,17782794.100389227,14719562.238748202,10102356.750704523,0.9354810100355176,False
3,14-15,31622776.60168379,14719562.221070455,10102356.756648457,0.9354810101904882,False
3,14-15,56234132.51903491,14719562.211129528,10102356.759990964,0.9354810102776348,False
3,14-15,100000000.0,14719562.20553933,10102356.7618706,0.9354810103266408,True
3,15-16,0.0001,21989359.67141152,18007148.23789478,0.8582892756969694,False
3,15-16,0.00017782794100389227,21967057.08573894,17984383.725089375,0.8585765885472781,False
3,15-16,0.00031622776601683794,21927786.389832083,17944270.04647335,0.8590817842573353,False
3,15-16,0.0005623413251903491,21859155.365171093,17874073.664739683,0.8599625139705107,False
3,15-16,0.001,21740762.187588654,17752697.019158788,0.8614753431646569,False
3,15-16,0.0017782794100389228,21540983.279022377,17547031.358259924,0.8640094910462535,False
3,15-16,0.0031622776601683794,21215880.16718556,17209866.972898416,0.8680833361973693,False
3,15-16,0.005623413251903491,20715991.97799006,16684577.348825289,0.8742265365668233,False
3,15-16,0.01,20008136.53496749,15927300.817801457,0.8826749260470903,False
3,15-16,0.01778279410038923,19109219.644132145,14990387.52101116,0.8929803671935107,False
3,15-16,0.03162277660168379,18105948.386372104,13855715.943882288,0.9039228508514207,False
3,15-16,0.05623413251903491,17129706.86429685,12681450.33523303,0.9140041657257201,False
3,15-16,0.1,16297049.808387352,11781390.106637087,0.9221613065219049,False
3,15-16,0.1778279410038923,15664710.07257218,11131883.635742435,0.9280845380651777,False
3,15-16,0.31622776601683794,15225763.565842405,10617284.476827946,0.9320584086211112,False
3,15-16,0.5623413251903491,14932426.039489942,10237230.075519906,0.9346510977374942,False
3,15-16,1.0,14727474.190905806,9943061.257712137,0.9364326520942741,False
3,15-16,1.7782794100389228,14570504.986492414,9730231.831785608,0.9377804652000981,False
3,15-16,3.1622776601683795,14444693.602117,9561944.914550755,0.9388503155682494,False
3,15-16,5.623413251903491,14347362.239288254,9495740.610621521,0.9396716178554533,False
3,15-16,10.0,14278464.851533642,9443401.166332003,0.9402496318474859,False
3,15-16,17.78279410038923,14234449.81577249,9400685.689977242,0.9406174390464832,False
3,15-16,31.622776601683793,14208563.403151073,9371343.336699517,0.9408332259208978,False
3,15-16,56.23413251903491,14194046.519098274,9351965.534835933,0.9409540655015128,False
3,15-16,100.0,14186045.675546646,9339861.01568059,0.9410206122947055,False
3,15-16,177.82794100389228,14181638.970978934,9337708.992334628,0.9410572489128565,False
3,15-16,316.22776601683796,14179199.543252954,9337303.20616683,0.9410775250198641,False
3,15-16,562.341325190349,14177841.903302548,9337062.811395857,0.9410888079806593,False
3,15-16,1000.0,14177083.29413989,9336923.679064728,0.9410951120958739,False
3,15-16,1778.2794100389228,14176658.299398093,9336844.174363999,0.9410986436956922,False
3,15-16,3162.2776601683795,14176419.826751621,9336799.062676944,0.9411006252972631,False
3,15-16,5623.413251903491,14176285.890286272,9336773.56657491,0.9411017382350696,False
3,15-16,10000.0,14176210.6253582,9336759.188512277,0.9411023636402994,False
3,15-16,17782.794100389227,14176168.317638025,9336751.090293463,0.9411027151899576,False
3,15-16,31622.776601683792,14176144.531603033,9336746.532267004,0.9411029128359887,False
3,15-16,56234.13251903491,14176131.157424986,9336743.967814894,0.9411030239663114,False
3,15-16,100000.0,14176123.637107575,9336742.525310898,0.9411030864549879,False
3,15-16,177827.94100389228,14176119.408291757,9336741.71400269,0.9411031215935306,False
3,15-16,316227.7660168379,14176117.030307468,9336741.257729894,0.9411031413529352,False
3,15-16,562341.3251903491,14176115.693085581,9336741.001135979,0.9411031524643227,False
3,15-16,1000000.0,14176114.941115815,9336740.856838554,0.94110315871267,False
3,15-16,1778279.410038923,14176114.518253833,9336740.775692862,0.9411031622263597,False
3,15-16,3162277.6601683795,14176114.280461602,9336740.730060877,0.9411031642022482,False
3,15-16,5623413.251903491,14176114.146741364,9336740.704399997,0.9411031653133706,False
3,15-16,10000000.0,14176114.071545016,9336740.689969786,0.9411031659382,False
3,15-16,17782794.100389227,14176114.029259013,9336740.68185507,0.9411031662895674,False
3,15-16,31622776.60168379,14176114.00547985,9336740.67729182,0.9411031664871556,False
3,15-16,56234132.51903491,14176113.99210785,9336740.67472572,0.9411031665982678,False
3,15-16,100000000.0,14176113.984588213,9336740.673282692,0.9411031666607507,True
3,16-17,0.0001,24134982.548507337,20050852.349154554,0.8256177380476706,False
3,16-17,0.00017782794100389227,24107115.885963764,20021577.006706264,0.8260201950401103,False
3,16-17,0.00031622776601683794,24058090.305454753,19969978.276280575,0.8267271056453166,False
3,16-17,0.0005623413251903491,23972542.881537545,19879649.051496886,0.8279571862664584,False
3,16-17,0.001,23825370.07497382,19723371.070733573,0.8300631206451701,False
3,16-17,0.0017782794100389228,23578224.210090037,19478680.30772419,0.8335704209208503,False
3,16-17,0.0031622776601683794,23179424.7205188,19085140.841333065,0.8391527519720958,False
3,16-17,0.005623413251903491,22574980.244193673,18470009.73707301,0.8474321288724822,False
3,16-17,0.01,21738562.60539633,17578143.10999318,0.8585281681249833,False
3,16-17,0.01778279410038923,20710406.305500638,16419601.673930384,0.8715939262751549,False
3,16-17,0.03162277660168379,19603637.462617684,15133354.530561384,0.8849513165724072,False
3,16-17,0.05623413251903491,18550145.81783644,14062279.636946967,0.8969844029031842,False
3,16-17,0.1,17633919.72961433,13209694.740817495,0.9069093532662937,False
3,16-17,0.1778279410038923,16877587.571419757,12435249.473996924,0.9147235586630351,False
3,16-17,0.31622776601683794,16273300.852683822,11819864.831850706,0.9207207312811745,False
3,16-17,0.5623413251903491,15807315.256548628,11346437.977621322,0.9251960453782033,False
3,16-17,1.0,15461619.968475036,10932338.802534927,0.928432092830228,False
3,16-17,1.7782794100389228,15212643.501542715,10567207.526516011,0.9307184326056616,False
3,16-17,3.1622776601683795,15036884.0126543,10336330.514418554,0.9323100757573006,False
3,16-17,5.623413251903491,14915983.465275437,10217990.727150617,0.933394189876569,False
3,16-17,10.0,14836633.047456888,10135757.588178823,0.9341009673691673,False
3,16-17,17.78279410038923,14787704.903707484,10072715.421908135,0.9345348934177156,False
3,16-17,31.622776601683793,14759171.298396448,10029021.085128041,0.9347872859788209,False
3,16-17,56.23413251903491,14743085.083614763,10011701.298882531,0.9349293609001809,False
3,16-17,100.0,14734134.409454523,10005780.75451612,0.9350083469857027,False
3,16-17,177.82794100389228,14729161.073628189,10002273.052211724,0.9350522139353168,False
3,16-17,316.22776601683796,14726390.190858683,10000240.517080422,0.9350766478827672,False
3,16-17,562.341325190349,14724841.588967508,9999077.868360313,0.9350903016211564,False
3,16-17,1000.0,14723974.048610376,9998417.713780997,0.9350979499376042,False
3,16-17,1778.2794100389228,14723487.290065521,9998044.450299447,0.9351022410488422,False
3,16-17,3162.2776601683795,14723213.921268621,9997833.902232457,0.9351046509205307,False
3,16-17,5623.413251903491,14723060.308842001,9997715.297125122,0.9351060050650943,False
3,16-17,10000.0,14722973.962623375,9997648.53553726,0.935106766229489,False
3,16-17,17782.794100389227,14722925.418139895,9997610.972147519,0.9351071941597874,False
3,16-17,31622.776601683792,14722898.123237021,9997589.842185725,0.9351074347697397,False
3,16-17,56234.13251903491,14722882.775346268,9997577.957873885,0.9351075700642277,False
3,16-17,100000.0,14722874.144960515,9997571.274182294,0.9351076461426082,False
3,16-17,177827.94100389228,14722869.291854214,9997567.515460124,0.9351076889235811,False
3,16-17,316227.7660168379,14722866.562788764,9997565.401710123,0.9351077129807597,False
3,16-17,562341.3251903491,14722865.028134108,9997564.213040514,0.9351077265090009,False
3,16-17,1000000.0,14722864.165138055,9997563.544595959,0.9351077341164569,False
3,16-17,1778279.410038923,14722863.679840872,9997563.168699896,0.9351077383944334,False
3,16-17,3162277.6601683795,14722863.406938583,9997562.957317356,0.9351077408001129,False
3,16-17,5623413.251903491,14722863.25347446,9997562.838448014,0.935107742152925,False
3,16-17,10000000.0,14722863.167175276,9997562.771602796,0.9351077429136669,False
3,16-17,17782794.100389227,14722863.118645696,9997562.734012956,0.9351077433414633,False
3,16-17,31622776.60168379,14722863.09135551,9997562.712874623,0.9351077435820309,False
3,16-17,56234132.51903491,14722863.076009113,9997562.700987669,0.9351077437173119,False
3,16-17,100000000.0,14722863.067379195,9997562.694303134,0.9351077437933861,True
3,17-18,0.0001,20270786.080881387,16249236.935737045,0.8769474830152006,False
3,17-18,0.00017782794100389227,20255942.774770617,16235293.020600598,0.8771276277258607,False
3,17-18,0.00031622776601683794,20229812.088093556,16210665.178372083,0.8774444402809352,False
3,17-18,0.0005623413251903491,20184163.836445026,16167393.81068089,0.8779969056341416,False
3,17-18,0.001,20105481.903403614,16092055.384681562,0.8789462369124793,False
3,17-18,0.0017782794100389228,19972937.697850544,15962928.389291085,0.8805370554920589,False
3,17-18,0.0031622776601683794,19758027.92799511,15747374.300216015,0.8830940782879607,False
3,17-18,0.005623413251903491,19430112.634592935,15408344.433511447,0.8869423493003804,False
3,17-18,0.01,18972781.0306042,14923098.80747545,0.892201849604643,False
3,17-18,0.01778279410038923,18406420.899852175,14255504.407018531,0.8985415979410507,False
3,17-18,0.03162277660168379,17792061.680887636,13485473.765452722,0.905201411411531,False
3,17-18,0.05623413251903491,17197509.19152911,12889522.927917268,0.9114312692771571,False
3,17-18,0.1,16660186.798932707,12261408.602529487,0.9168793265118128,False
3,17-18,0.1778279410038923,16190757.401001692,11641966.060224315,0.9214974704050863,False
3,17-18,0.31622776601683794,15795230.87284636,11134271.498283856,0.9252861223656275,False
3,17-18,0.5623413251903491,15479158.150965625,10791790.7252478,0.9282463504247843,False
3,17-18,1.0,15240701.328655498,10532673.87504764,0.9304400557898764,False
3,17-18,1.7782794100389228,15068792.421294782,10320009.382369045,0.9320004214461728,False
3,17-18,3.1622776601683795,14948187.840298349,10232917.098027866,0.9330845483553587,False
3,17-18,5.623413251903491,14865882.892467232,10203102.893936183,0.9338193947061445,False
3,17-18,10.0,14812832.720441138,10184201.007129617,0.9342908941873665,False
3,17-18,17.78279410038923,14781394.467229676,10161891.173378123,0.9345695157549816,False
3,17-18,31.622776601683793,14764152.879566336,10142913.204449816,0.9347220680040939,False
3,17-18,56.23413251903491,14755104.033713328,10140520.513140025,0.9348020602575183,False
3,17-18,100.0,14750395.186689828,10142953.240335226,0.9348436673021958,False
3,17-18,177.82794100389228,14747913.61581133,10144223.322675582,0.9348655889462676,False
3,17-18,316.22776601683796,14746581.167362647,10144903.510464583,0.934877357977012,False
3,17-18,562.341325190349,14745853.934817735,10145274.651378753,0.934883780908047,False
3,17-18,1000.0,14745452.365480522,10145479.656575987,0.934887327439975,False
3,17-18,1778.2794100389228,14745228.957210012,10145593.748196522,0.9348893004685408,False
3,17-18,3162.2776601683795,14745104.101692399,10145657.526230585,0.9348904031161427,False
3,17-18,5623.413251903491,14745034.13822192,10145728.875466056,0.9348910209866603,False
3,17-18,10000.0,14744994.87372618,10145780.848940702,0.9348913677431075,False
3,17-18,17782.794100389227,14744972.818693638,10145810.08065819,0.9348915625172585,False
3,17-18,31622.776601683792,14744960.424162423,10145826.520407008,0.9348916719766969,False
3,17-18,56234.13251903491,14744953.456713963,10145835.765646296,0.9348917335080675,False
3,17-18,100000.0,14744949.539423514,10145840.964781132,0.9348917681026775,False
3,17-18,177827.94100389228,14744947.336820297,10145843.888518441,0.9348917875544348,False
3,17-18,316227.7660168379,14744946.098284906,10145845.53267223,0.9348917984922591,False
3,17-18,562341.3251903491,14744945.40183038,10145846.457252739,0.9348918046428276,False
3,17-18,1000000.0,14744945.010193165,10145846.977184117,0.9348918081014762,False
3,17-18,1778279.410038923,14744944.789961891,10145847.26956352,0.934891810046395,False
3,17-18,3162277.6601683795,14744944.666117532,10145847.433980675,0.9348918111400961,False
3,17-18,5623413.251903491,14744944.596474985,10145847.526439296,0.9348918117551273,False
3,17-18,10000000.0,14744944.557312181,10145847.578432612,0.934891812100984,False
3,17-18,17782794.100389227,14744944.535289347,10145847.607670613,0.9348918122954734,False
3,17-18,31622776.60168379,14744944.522905007,10145847.624112347,0.9348918124048426,False
3,17-18,56234132.51903491,14744944.515940778,10145847.633358212,0.9348918124663455,False
3,17-18,100000000.0,14744944.512024509,10145847.638557548,0.9348918125009311,True
3,18-19,0.0001,22533598.624071214,18284476.73088118,0.8482292445575602,False
3,18-19,0.00017782794100389227,22508341.201809198,18257290.54955439,0.8485692869776265,False
3,18-19,0.00031622776601683794,22463938.958606638,18209381.905263457,0.8491661529305072,False
3,18-19,0.0005623413251903491,22386560.475597203,18125536.812845014,0.8502034770642821,False
3,18-19,0.001,22253747.47882118,17980550.017525114,0.8519756036683114,False
3,18-19,0.0017782794100389228,22031608.671584014,17736772.67630064,0.8549160385406014,False
3,18-19,0.0031622776601683794,21675610.577793997,17384477.0847923,0.8595668403895838,False
3,18-19,0.005623413251903491,21142107.479364343,16857475.446060255,0.8663947450996576,False
3,18-19,0.01,20416605.237979062,16096414.910664875,0.8754068830856606,False
3,18-19,0.01778279410038923,19545535.39678587,15115613.679994965,0.8858115626273155,False
3,18-19,0.03162277660168379,18630708.700434253,14097466.685958985,0.8962505654698021,False
3,18-19,0.05623413251903491,17772037.56966051,13183387.76093099,0.9055936009431728,False
3,18-19,0.1,17019683.815783273,12345435.417330407,0.9134175316669647,False
3,18-19,0.1778279410038923,16382529.925681675,11664918.283144644,0.9197788419149595,False
3,18-19,0.31622776601683794,15856367.816068104,11112509.345142873,0.9248490611927596,False
3,18-19,0.5623413251903491,15434013.932248347,10668618.05851977,0.9287992180475255,False
3,18-19,1.0,15104854.711715763,10311402.58446843,0.931803813160466,False
3,18-19,1.7782794100389228,14856995.111290306,10068014.58552823,0.934023549313328,False
3,18-19,3.1622776601683795,14679046.30856449,9900782.46784885,0.9355945426610506,False
3,18-19,5.623413251903491,14559431.116332633,9814524.264547143,0.9366399079687349,False
3,18-19,10.0,14485577.866954872,9762162.744292157,0.9372810704641683,False
3,18-19,17.78279410038923,14444027.798503766,9725931.014888477,0.9376403572501621,False
3,18-19,31.622776601683793,14422366.987588016,9699719.462213598,0.9378272507709262,False
3,18-19,56.23413251903491,14411509.554322971,9700966.586228456,0.9379208252009855,False
3,18-19,100.0,14406075.835795622,9705165.858421395,0.9379676290655289,False
3,18-19,177.82794100389228,14403297.712735321,9707655.345588105,0.9379915518805146,False
3,18-19,316.22776601683796,14401837.597061437,9709099.996428145,0.9380041232957079,False
3,18-19,562.341325190349,14401051.72007892,9709927.355817052,0.9380108890716559,False
3,18-19,1000.0,14400621.478669848,9710397.506785296,0.9380145929516994,False
3,18-19,1778.2794100389228,14400383.335932223,9710663.468366783,0.9380166430371759,False
3,18-19,3162.2776601683795,14400250.638816003,9710813.5332914,0.9380177853643813,False
3,18-19,5623.413251903491,14400176.40705003,9710898.081244813,0.93801842438623,False
3,18-19,10000.0,14400134.78717653,9710945.676896775,0.9380187826681754,False
3,18-19,17782.794100389227,14400111.42183254,9710972.458007308,0.9380189838067495,False
3,18-19,31622.776601683792,14400098.294959225,9710987.52323188,0.9380190968081774,False
3,18-19,56234.13251903491,14400090.91710852,9710995.996643748,0.9380191603196513,False
3,18-19,100000.0,14400086.769482387,9711000.762103816,0.9380191960240527,False
3,18-19,177827.94100389228,14400084.437494392,9711003.44208039,0.9380192160987205,False
3,18-19,316227.7660168379,14400083.126245638,9711004.949193023,0.9380192273864629,False
3,18-19,562341.3251903491,14400082.388915645,9711005.796720885,0.9380192337336876,False
3,18-19,1000000.0,14400081.974296974,9711006.273325933,0.938019237302887,False
3,18-19,1778279.410038923,14400081.74114369,9711006.541342255,0.9380192393099615,False
3,18-19,3162277.6601683795,14400081.61003321,9711006.692059424,0.9380192404386116,False
3,18-19,5623413.251903491,14400081.536304772,9711006.776814083,0.9380192410732947,False
3,18-19,10000000.0,14400081.494844336,9711006.824475177,0.9380192414302023,False
3,18-19,17782794.100389227,14400081.471529469,9711006.851276994,0.9380192416309058,False
3,18-19,31622776.60168379,14400081.458418554,9711006.866348768,0.9380192417437697,False
3,18-19,56234132.51903491,14400081.451045765,9711006.874824254,0.9380192418072375,False
3,18-19,100000000.0,14400081.446899738,9711006.879590368,0.9380192418429282,True
3,19-20,0.0001,17922815.788310807,14014122.439926108,0.9039161735144683,False
3,19-20,0.00017782794100389227,17910535.22624271,13996894.20286771,0.9040478000577916,False
3,19-20,0.00031622776601683794,17889007.543146364,13966536.120120069,0.9042783221643517,False
3,19-20,0.0005623413251903491,17851682.110484082,13913413.080273261,0.9046773522000865,False
3,19-20,0.001,17788196.893688288,13821571.153977962,0.9053541308286434,False
3,19-20,0.0017782794100389228,17683738.810465112,13666030.145195382,0.9064624497535649,False
3,19-20,0.0031622776601683794,17521242.99792886,13422290.288986517,0.9081735840899541,False
3,19-20,0.005623413251903491,17290713.219460588,13118262.192624308,0.910574037435808,False
3,19-20,0.01,17007781.316391993,12794895.598782161,0.9134766882030126,False
3,19-20,0.01778279410038923,16727627.474464923,12443222.803684741,0.9163036527873666,False
3,19-20,0.03162277660168379,16519586.620808473,12112708.039956462,0.9183725632470869,False
3,19-20,0.05623413251903491,16400632.555283515,11894839.45970557,0.919543894728156,False
3,19-20,0.1,16309134.7696182,11704250.515257865,0.9204391066284743,False
3,19-20,0.1778279410038923,16166672.679121954,11505320.258613061,0.9218229823134948,False
3,19-20,0.31622776601683794,15947148.102151679,11287205.344777636,0.9239316732741489,False
3,19-20,0.5623413251903491,15680647.90747034,11019382.431584014,0.9264528556800407,False
3,19-20,1.0,15415978.591341585,10740604.802654598,0.9289146665255976,False
3,19-20,1.7782794100389228,15190171.97328788,10505335.552704714,0.9309818698024925,False
3,19-20,3.1622776601683795,15018905.110304853,10337345.352358626,0.932529433766836,False
3,19-20,5.623413251903491,14901209.952860741,10260542.362943577,0.9335827521446377,False
3,19-20,10.0,14827719.5402455,10203377.439192958,0.9342362554142943,False
3,19-20,17.78279410038923,14785958.559827145,10158024.064081352,0.9346061694800103,False
3,19-20,31.622776601683793,14763934.873566873,10126068.445342677,0.9348008326264101,False
3,19-20,56.23413251903491,14752752.814865382,10120576.969464721,0.9348995576385868,False
3,19-20,100.0,14747086.06471685,10123026.03584846,0.9349495601153526,False
3,19-20,177.82794100389228,14744158.027161928,10124527.784383245,0.934975389112507,False
3,19-20,316.22776601683796,14742607.032957109,10125605.517307824,0.9349890687664996,False
3,19-20,562.341325190349,14741767.85339164,10126260.457024373,0.9349964696681428,False
3,19-20,1000.0,14741306.92052661,10126632.763906505,0.9350005345530812,False
3,19-20,1778.2794100389228,14741051.287848726,10126843.419476146,0.9350027888774001,False
3,19-20,3162.2776601683795,14740908.681675272,10126962.292889275,0.935004046448322,False
3,19-20,5623.413251903491,14740828.854186099,10127029.271760413,0.935004750400818,False
3,19-20,10000.0,14740784.080166806,10127066.978457186,0.9350051452353512,False
3,19-20,17782.794100389227,14740758.938759552,10127088.195706652,0.9350053669414301,False
3,19-20,31622.776601683792,14740744.812386453,10127100.131226612,0.9350054915127632,False
3,19-20,56234.13251903491,14740736.872239674,10127106.844386566,0.9350055615317215,False
3,19-20,100000.0,14740732.408336561,10127110.61989261,0.9350056008959453,False
3,19-20,177827.94100389228,14740729.898469316,10127112.743148142,0.9350056230288075,False
3,19-20,316227.7660168379,14740728.487184256,10127113.937184364,0.9350056354739971,False
3,19-20,562341.3251903491,14740727.69359735,10127114.60865352,0.9350056424721146,False
3,19-20,1000000.0,14740727.247342339,10127114.98625257,0.935005646407342,False
3,19-20,1778279.410038923,14740726.9963984,10127115.198593441,0.9350056486202503,False
3,19-20,3162277.6601683795,14740726.855283424,10127115.318001905,0.9350056498646497,False
3,19-20,5623413.251903491,14740726.775929013,10127115.38515035,0.9350056505644236,False
3,19-20,10000000.0,14740726.731304869,10127115.422910748,0.9350056509579344,False
3,19-20,17782794.100389227,14740726.706210904,10127115.44414499,0.9350056511792214,False
3,19-20,31622776.60168379,14740726.692099541,10127115.456085881,0.9350056513036602,False
3,19-20,56234132.51903491,14740726.684164139,10127115.462800734,0.9350056513736372,False
3,19-20,100000000.0,14740726.679701736,10127115.46657678,0.9350056514129882,True
3,20-21,0.0001,19990314.945469815,15775556.026273357,0.8782617802043962,False
3,20-21,0.00017782794100389227,19978192.100016553,15760985.588872092,0.87840938829713,False
3,20-21,0.00031622776601683794,19956860.489286933,15735311.411401862,0.8786689051609986,False
3,20-21,0.0005623413251903491,19919624.14423964,15690385.19391097,0.8791212520265473,False
3,20-21,0.001,19855515.803529136,15612709.69401314,0.8798980604504871,False
3,20-21,0.0017782794100389228,19747684.016936693,15481114.96821503,0.8811990228706917,False
3,20-21,0.0031622776601683794,19573046.485554975,15265456.130476158,0.8832909513628912,False
3,20-21,0.005623413251903491,19306147.0874857,14949651.609144699,0.8864521553163868,False
3,20-21,0.01,18930050.556144245,14512929.439116629,0.8908330387703169,False
3,20-21,0.01778279410038923,18450660.96693087,13925205.471713323,0.8962921737909747,False
3,20-21,0.03162277660168379,17900845.504615884,13316785.676120417,0.9023809082844613,False
3,20-21,0.05623413251903491,17325969.365592804,12700358.446320707,0.9085502003907133,False
3,20-21,0.1,16765095.951689918,12044367.373271553,0.9143751624505129,False
3,20-21,0.1778279410038923,16246017.173286663,11423078.257048434,0.9195952900216505,False
3,20-21,0.31622776601683794,15789177.587518645,10995743.797798948,0.9240536873678726,False
3,20-21,0.5623413251903491,15406644.018211134,10655654.69549162,0.9276890995209008,False
3,20-21,1.0,15099000.102998003,10339243.822318349,0.930548113000879,False
3,20-21,1.7782794100389228,14859247.630376354,10089734.142164407,0.9327362130526338,False
3,20-21,3.1622776601683795,14679063.3883606,9931794.30235835,0.9343576129454173,False
3,20-21,5.623413251903491,14550824.64152285,9834860.023478799,0.9354995287686914,False
3,20-21,10.0,14466352.239797594,9773527.615180071,0.9362462485788635,False
3,20-21,17.78279410038923,14415380.43059966,9729281.066839227,0.9366947263957888,False
3,20-21,31.622776601683793,14386767.504682211,9702505.431802891,0.9369457848328986,False
3,20-21,56.23413251903491,14371328.021152733,9705160.50866858,0.9370810483153093,False
3,20-21,100.0,14363072.221699465,9706772.341591531,0.9371533167994426,False
3,20-21,177.82794100389228,14358623.177402968,9707727.568049252,0.9371922450131406,False
3,20-21,316.22776601683796,14356195.728146221,9708282.647991147,0.9372134796048858,False
3,20-21,562.341325190349,14354856.911635034,9708600.95647456,0.9372251896306056,False
3,20-21,1000.0,14354112.85698302,9708781.998903064,0.9372316970697907,False
3,20-21,1778.2794100389228,14353697.329246292,9708884.470664417,0.9372353310935161,False
3,20-21,3162.2776601683795,14353464.590766575,9708942.30799085,0.9372373664764362,False
3,20-21,5623.413251903491,14353334.009556048,9708974.900313485,0.937238508442312,False
3,20-21,10000.0,14353260.672915718,9708993.24993157,0.9372391497853159,False
3,20-21,17782.794100389227,14353219.46269999,9709003.57553169,0.9372395101751287,False
3,20-21,31622.776601683792,14353196.298000123,9709009.384213306,0.9372397127536152,False
3,20-21,56234.13251903491,14353183.274541868,9709012.651361812,0.9372398266454053,False
3,20-21,100000.0,14353175.951865438,9709014.488831716,0.9372398906830918,False
3,20-21,177827.94100389228,14353171.83432313,9709015.522185707,0.9372399266914803,False
3,20-21,316227.7660168379,14353169.518954221,9709016.103305094,0.9372399469396474,False
3,20-21,562341.3251903491,14353168.21695673,9709016.430099418,0.9372399583257636,False
3,20-21,1000000.0,14353167.484799266,9709016.61387154,0.9372399647285634,False
3,20-21,1778279.410038923,14353167.073079882,9709016.7172149,0.9372399683290958,False
3,20-21,3162277.6601683795,14353166.841554016,9709016.77532935,0.9372399703538157,False
3,20-21,5623413.251903491,14353166.711357752,9709016.808009572,0.9372399714923967,False
3,20-21,10000000.0,14353166.638143105,9709016.826387037,0.937239972132667,False
3,20-21,17782794.100389227,14353166.59697152,9709016.836721456,0.9372399724927171,False
3,20-21,31622776.60168379,14353166.573819038,9709016.842532922,0.9372399726951881,False
3,20-21,56234132.51903491,14353166.560799448,9709016.845800957,0.9372399728090459,False
3,20-21,100000000.0,14353166.553477991,9709016.847638698,0.9372399728730729,True
3,21-22,0.0001,14181434.279090181,10631763.24365396,0.9388408209968399,False
3,21-22,0.00017782794100389227,14183108.485350648,10634018.823742343,0.9388263797037484,False
3,21-22,0.00031622776601683794,14186073.460965816,10637975.822565544,0.9388008003674269,False
3,21-22,0.0005623413251903491,14191306.446378324,10644845.039378563,0.938755641488494,False
3,21-22,0.001,14200482.605153386,10660603.663461013,0.9386764141598759,False
3,21-22,0.0017782794100389228,14216371.068961246,10687763.892649727,0.9385391114105537,False
3,21-22,0.0031622776601683794,14243198.850354308,10731149.018625103,0.9383069262684539,False
3,21-22,0.005623413251903491,14286289.9588491,10795225.406980438,0.9379330714436875,False
3,21-22,0.01,14349139.651867796,10877981.388922036,0.9373857679790336,False
3,21-22,0.01778279410038923,14425754.51411489,10961780.736289872,0.9367153462318012,False
3,21-22,0.03162277660168379,14491514.435007222,11016783.272282343,0.936137063944896,False
3,21-22,0.05623413251903491,14506507.134111265,10981202.780557377,0.9360048523552235,False
3,21-22,0.1,14440134.504260562,10825151.262935506,0.9365891155698945,False
3,21-22,0.1778279410038923,14296333.337069644,10594326.073341085,0.9378457736561683,False
3,21-22,0.31622776601683794,14111335.604481624,10351577.222016275,0.939443944992428,False
3,21-22,0.5623413251903491,13930122.553090362,10163200.995505149,0.9409892399950542,False
3,21-22,1.0,13785417.006146546,10025018.410417719,0.9422088749149864,False
3,21-22,1.7782794100389228,13688391.721284214,9905753.250789477,0.9430195095033211,False
3,21-22,3.1622776601683795,13631776.572916226,9826111.478101972,0.9434898770542701,False
3,21-22,5.623413251903491,13601405.322593816,9764784.49802019,0.943741402768927,False
3,21-22,10.0,13585494.084129259,9714267.138645034,0.9438729509957399,False
3,21-22,17.78279410038923,13577012.719011813,9691235.82658973,0.9439430088677087,False
3,21-22,31.622776601683793,13572372.877040146,9682940.243684977,0.9439813164310569,False
3,21-22,56.23413251903491,13569792.153773604,9679685.816786932,0.9440026177873966,False
3,21-22,100.0,13568346.30976089,9677990.35777249,0.9440145500507068,False
3,21-22,177.82794100389228,13567534.193109227,9677150.902062608,0.9440212517304015,False
3,21-22,316.22776601683796,13567077.65958224,9676641.013593677,0.9440250189212633,False
3,21-22,562.341325190349,13566820.95448915,9676341.609095562,0.9440271371263992,False
3,21-22,1000.0,13566676.601172999,9676169.10008078,0.9440283282419024,False
3,21-22,1778.2794100389228,13566595.42534251,9676070.756876683,0.9440289980497676,False
3,21-22,3162.2776601683795,13566549.776677245,9676015.02804361,0.9440293747098144,False
3,21-22,5623.413251903491,13566524.106476424,9675983.553782064,0.9440295865213444,False
3,21-22,10000.0,13566509.671035087,9675965.811469084,0.9440297056317641,False
3,21-22,17782.794100389227,13566501.553380672,9675955.820598867,0.9440297726124957,False
3,21-22,31622.776601683792,13566496.98848508,9675950.198003534,0.9440298102785366,False
3,21-22,56234.13251903491,13566494.42145465,9675947.03482012,0.9440298314597106,False
3,21-22,100000.0,13566492.977907035,9675945.255599359,0.9440298433707609,False
3,21-22,177827.94100389228,13566492.16614046,9675944.254933355,0.944029850068837,False
3,21-22,316227.7660168379,13566491.709650533,9675943.692174293,0.9440298538354421,False
3,21-22,562341.3251903491,13566491.452947376,9675943.375697957,0.9440298559535598,False
3,21-22,1000000.0,13566491.308592577,9675943.197725909,0.9440298571446649,False
3,21-22,1778279.410038923,13566491.227415906,9675943.097643498,0.9440298578144726,False
3,21-22,3162277.6601683795,13566491.181766909,9675943.041362595,0.9440298581911332,False
3,21-22,5623413.251903491,13566491.156096593,9675943.009713382,0.9440298584029448,False
3,21-22,10000000.0,13566491.141661117,9675942.99191568,0.9440298585220553,False
3,21-22,17782794.100389227,13566491.133543447,9675942.981907278,0.9440298585890362,False
3,21-22,31622776.60168379,13566491.128978547,9675942.976279141,0.9440298586267022,False
3,21-22,56234132.51903491,13566491.12641151,9675942.973114198,0.9440298586478835,False
3,21-22,100000000.0,13566491.124967968,9675942.97133443,0.9440298586597944,True
3,22-23,0.0001,21191271.932687376,16839109.63730723,0.8670841157897397,False
3,22-23,0.00017782794100389227,21173264.932795066,16817578.408756416,0.8673099068072405,False
3,22-23,0.00031622776601683794,21141618.18200236,16779617.68536089,0.8677062625074576,False
3,22-23,0.0005623413251903491,21086497.889746834,16714720.037887653,0.8683951940256536,False
3,22-23,0.001,20991982.43734309,16604249.847404344,0.8695723274727784,False
3,22-23,0.0017782794100389228,20834191.175551362,16417574.230903888,0.8715257397842655,False
3,22-23,0.0031622776601683794,20582203.39507566,16143158.16121078,0.8746147162991962,False
3,22-23,0.005623413251903491,20207067.089608688,15746692.656282626,0.8791436698929644,False
3,22-23,0.01,19702857.733285952,15221760.034611735,0.8850996692991443,False
3,22-23,0.01778279410038923,19107498.47223454,14632416.31705965,0.8919386216534151,False
3,22-23,0.03162277660168379,18489173.11015938,14042167.682101453,0.8988192689262766,False
3,22-23,0.05623413251903491,17894704.278586328,13374207.710648624,0.905221051270032,False
3,22-23,0.1,17327027.296136566,12715156.526436355,0.9111390494051053,False
3,22-23,0.1778279410038923,16780589.18255262,12060051.921784285,0.9166554422948863,False
3,22-23,0.31622776601683794,16270375.986026147,11495414.806978716,0.9216465698555883,False
3,22-23,0.5623413251903491,15822511.708812797,11076205.301774342,0.9259007713464479,False
3,22-23,1.0,15454282.620890632,10702507.898648936,0.9293095842267722,False
3,22-23,1.7782794100389228,15167188.65838085,10368542.893142886,0.9319116181171611,False
3,22-23,3.1622776601683795,14953363.339444237,10160937.864015382,0.9338178902134564,False
3,22-23,5.623413251903491,14802438.228260094,10049742.55323309,0.9351471075408938,False
3,22-23,10.0,14702898.086868888,9961353.276551565,0.9360163914852232,False
3,22-23,17.78279410038923,14641773.031741362,9895607.908734519,0.9365472897990799,False
3,22-23,31.622776601683793,14606306.247565653,9857999.25635489,0.9368543206378848,False
3,22-23,56.23413251903491,14586378.464367004,9851351.761078747,0.9370265058548666,False
3,22-23,100.0,14575309.74757498,9847423.864698859,0.9371220431131024,False
3,22-23,177.82794100389228,14569164.58295819,9845150.611696376,0.9371750524758593,False
3,22-23,316.22776601683796,14565742.076273767,9843851.03262135,0.9372045659796869,False
3,22-23,562.341325190349,14563829.611971779,9843113.350315211,0.9372210548260722,False
3,22-23,1000.0,14562758.317699505,9842696.317660725,0.9372302903434595,False
3,22-23,1778.2794100389228,14562157.260906251,9842461.10090694,0.9372354716945455,False
3,22-23,3162.2776601683795,14561819.707926627,9842328.605849061,0.9372383814430962,False
3,22-23,5623.413251903491,14561630.030968448,9842254.02772838,0.9372400164524022,False
3,22-23,10000.0,14561523.41335924,9842212.066989865,0.9372409354834295,False
3,22-23,17782.794100389227,14561463.472349068,9842188.463650228,0.9372414521648063,False
3,22-23,31622.776601683792,14561429.769631365,9842175.188276362,0.9372417426756023,False
3,22-23,56234.13251903491,14561410.818653721,9842167.722276317,0.937241906029006,False
3,22-23,100000.0,14561400.162195772,9842163.52361182,0.9372419978853176,False
3,22-23,177827.94100389228,14561394.169774588,9842161.162458373,0.9372420495386339,False
3,22-23,316227.7660168379,14561390.800034545,9842159.834661802,0.9372420785850222,False
3,22-23,562341.3251903491,14561388.90510502,9842159.087979827,0.9372420949188782,False
3,22-23,1000000.0,14561387.839512443,9842158.668087456,0.9372421041040399,False
3,22-23,1778279.410038923,14561387.240287157,9842158.431963913,0.9372421092692229,False
3,22-23,3162277.6601683795,14561386.903318478,9842158.299181664,0.9372421121738148,False
3,22-23,5623413.251903491,14561386.713827206,9842158.224512648,0.9372421138071856,False
3,22-23,10000000.0,14561386.60726848,9842158.182523152,0.9372421147256971,False
3,22-23,17782794.100389227,14561386.547346115,9842158.158910712,0.9372421152422139,False
3,22-23,31622776.60168379,14561386.513649315,9842158.14563247,0.9372421155326724,False
3,22-23,56234132.51903491,14561386.494700197,9842158.138165554,0.9372421156960095,False
3,22-23,100000000.0,14561386.484044332,9842158.133966604,0.9372421157878605,True
3,23-24,0.0001,14060145.805429218,9577402.483448679,0.9404435951299275,True
3,23-24,0.00017782794100389227,14061644.28696977,9578558.673176838,0.9404308998236025,False
3,23-24,0.00031622776601683794,14064282.64274379,9580566.992891677,0.9404085440847698,False
3,23-24,0.0005623413251903491,14068892.900800902,9583991.489225628,0.9403694696399245,False
3,23-24,0.001,14076843.79205655,9589638.30835055,0.9403020514234914,False
3,23-24,0.0017782794100389228,14090253.690418,9598390.768791344,0.9401882581979778,False
3,23-24,0.0031622776601683794,14112060.069928791,9610421.990264062,0.9400029830661604,False
3,23-24,0.005623413251903491,14145588.361152004,9623053.065723667,0.9397175552711912,False
3,23-24,0.01,14193326.899057567,9656146.612409495,0.9393099862549923,False
3,23-24,0.01778279410038923,14255572.274804035,9713140.045488361,0.9387765022733546,False
3,23-24,0.03162277660168379,14330249.834133336,9793493.004182598,0.9381333858103441,False
3,23-24,0.05623413251903491,14411642.68833713,9830499.99671366,0.9374286108528608,False
3,23-24,0.1,14484678.783725943,9880973.567646943,0.9367927985426641,False
3,23-24,0.1778279410038923,14525746.415494746,9933283.6741949,0.9364338744771552,False
3,23-24,0.31622776601683794,14520814.347461008,9970992.629792072,0.9364770335991427,False
3,23-24,0.5623413251903491,14478440.241405938,9923348.378326122,0.9368472334238571,False
3,23-24,1.0,14418320.439013666,9810980.755687099,0.9373706115048175,False
3,23-24,1.7782794100389228,14355901.493383534,9723951.580710497,0.9379117006755888,False
3,23-24,3.1622776601683795,14299779.100192793,9645257.396209104,0.9383962028546718,False
3,23-24,5.623413251903491,14254130.070259647,9618109.842833776,0.9387888893369599,False
3,23-24,10.0,14220113.205178795,9587104.192188477,0.9390806960667211,False
3,23-24,17.78279410038923,14196736.504681624,9556722.39470169,0.9392808241186558,False
3,23-24,31.622776601683793,14181747.406852953,9556217.242908262,0.9394089726133246,False
3,23-24,56.23413251903491,14172617.06158104,9556110.24575942,0.9394869656703638,False
3,23-24,100.0,14167238.149903355,9555668.150183955,0.939532889792694,False
3,23-24,177.82794100389228,14164132.174919987,9555280.441108113,0.9395594000754051,False
3,23-24,316.22776601683796,14162359.259072563,9555014.640178818,0.9395745297550465,False
3,23-24,562.341325190349,14161353.858676232,9554849.32535061,0.9395831087826231,False
3,23-24,1000.0,14160785.802396595,9554751.214012777,0.9395879557070697,False
3,23-24,1778.2794100389228,14160465.511199499,9554694.388818603,0.9395906884971041,False
3,23-24,3162.2776601683795,14160285.129052296,9554661.906341095,0.9395922275272875,False
3,23-24,5623.413251903491,14160183.607513634,9554643.472529985,0.9395930937058946,False
3,23-24,10000.0,14160126.490798805,9554633.053299243,0.9395935810211975,False
3,23-24,17782.794100389227,14160094.36318216,9554627.177305771,0.9395938551306232,False
3,23-24,31622.776601683792,14160076.293798529,9554623.867665231,0.9395940092964192,False
3,23-24,56234.13251903491,14160066.131784419,9554622.004832344,0.9395940959974082,False
3,23-24,100000.0,14160060.41699418,9554620.956751363,0.9395941447552314,False
3,23-24,177827.94100389228,14160057.20324616,9554620.367203511,0.9395941721744896,False
3,23-24,316227.7660168379,14160055.395995868,9554620.035623081,0.9395941875936988,False
3,23-24,562341.3251903491,14160054.379695809,9554619.849144837,0.9395941962646295,False
3,23-24,1000000.0,14160053.808185585,9554619.744275074,0.9395942011406748,False
3,23-24,1778279.410038923,14160053.486800924,9554619.685300795,0.9395942038826837,False
3,23-24,3162277.6601683795,14160053.306072772,9554619.652136585,0.939594205424631,False
3,23-24,5623413.251903491,14160053.204441784,9554619.633486817,0.9395942062917323,False
3,23-24,10000000.0,14160053.147290448,9554619.622999214,0.9395942067793395,False
3,23-24,17782794.100389227,14160053.115151882,9554619.617101599,0.9395942070535412,False
3,23-24,31622776.60168379,14160053.097079039,9554619.613785114,0.9395942072077362,False
3,23-24,56234132.51903491,14160053.086915933,9554619.61192012,0.9395942072944464,False
3,23-24,100000000.0,14160053.081200788,9554619.610871349,0.9395942073432072,False
3,24-25,0.0001,21745569.602530416,18262083.08672678,0.8569800898701615,False
3,24-25,0.00017782794100389227,21726564.70121056,18242653.14954034,0.8572299698754419,False
3,24-25,0.00031622776601683794,21693030.464891184,18208330.42461457,0.857670351424864,False
3,24-25,0.0005623413251903491,21634210.55463194,18148008.195130646,0.858441148960228,False
3,24-25,0.001,21532105.50480399,18042931.505285375,0.8597742010884841,False
3,24-25,0.0017782794100389228,21358001.752499163,17862680.778291907,0.8620327015737326,False
3,24-25,0.0031622776601683794,21069904.79865273,17561347.822276674,0.8657296653451759,False
3,24-25,0.005623413251903491,20615704.54562434,17078195.739974946,0.8714561546082873,False
3,24-25,0.01,19950293.47098557,16351274.716987973,0.8796202320285628,False
3,24-25,0.01778279410038923,19069572.196988475,15350466.118329559,0.8900141475238283,False
3,24-25,0.03162277660168379,18040282.056920543,14131751.691614302,0.901566807361677,False
3,24-25,0.05623413251903491,16987259.47443626,12954424.001738068,0.9127226470901132,False
3,24-25,0.1,16040234.970277796,11968894.137361651,0.9221826608779007,False
3,24-25,0.1778279410038923,15291401.07641312,11080949.61126018,0.9292788223800758,False
3,24-25,0.31622776601683794,14783045.437444214,10401302.01816232,0.9339028478061528,False
3,24-25,0.5623413251903491,14504284.154547172,10099293.485907327,0.9363721096976793,False
3,24-25,1.0,14394917.882471617,9950911.293740297,0.9373280355009838,False
3,24-25,1.7782794100389228,14374241.489577781,9845281.107655117,0.9375079461510878,True
3,24-25,3.1622776601683795,14382301.727319673,9796211.749214642,0.937437842690754,False
3,24-25,5.623413251903491,14395084.889014691,9794253.362031626,0.937326581280968,False
3,24-25,10.0,14409021.818442328,9820785.87914459,0.9372051651368075,False
3,24-25,17.78279410038923,14423402.831215652,9858449.586537566,0.9370797570442098,False
3,24-25,31.622776601683793,14436126.88582856,9882215.238613155,0.9369686939678474,False
3,24-25,56.23413251903491,14445738.12769773,9896203.236579232,0.9368847364355671,False
3,24-25,100.0,14452206.1440423,9905497.485105788,0.936828204613594,False
3,24-25,177.82794100389228,14456248.157641018,9914337.22025587,0.9367928637167696,False
3,24-25,316.22776601683796,14458663.682815904,9919413.270399151,0.9367717391230381,False
3,24-25,562.341325190349,14460069.966446267,9922302.228555625,0.9367594390662237,False
3,24-25,1000.0,14460876.475171404,9923937.94633876,0.9367523843995911,False
3,24-25,1778.2794100389228,14461335.071411341,9924861.342226926,0.936748372806149,False
3,24-25,3162.2776601683795,14461594.578067586,9925381.740612429,0.9367461027023903,False
3,24-25,5623.413251903491,14461741.024597432,9925674.742326112,0.9367448216042913,False
3,24-25,10000.0,14461823.541035138,9925839.623446126,0.9367440997538765,False
3,24-25,17782.794100389227,14461869.995244984,9925932.379053956,0.9367436933725408,False
3,24-25,31622.776601683792,14461896.134768045,9925984.550801694,0.9367434647034709,False
3,24-25,56234.13251903491,14461910.839291848,9926013.892749319,0.9367433360678213,False
3,24-25,100000.0,14461919.10989498,9926030.394083345,0.9367432637162603,False
3,24-25,177827.94100389228,14461923.761316169,9926039.67382729,0.9367432230254269,False
3,24-25,316227.7660168379,14461926.377166752,9926044.892325258,0.9367432001418472,False
3,24-25,562341.3251903491,14461927.848219566,9926047.826938508,0.9367431872730086,False
3,24-25,1000000.0,14461928.67546978,9926049.477204267,0.9367431800361846,False
3,24-25,1778279.410038923,14461929.140671957,9926050.405220512,0.9367431759665737,False
3,24-25,3162277.6601683795,14461929.402276004,9926050.927083546,0.936743173678049,False
3,24-25,5623413.251903491,14461929.549387299,9926051.220549056,0.9367431723911124,False
3,24-25,10000000.0,14461929.632114211,9926051.38557695,0.9367431716674134,False
3,24-25,17782794.100389227,14461929.678635035,9926051.478379,0.9367431712604469,False
3,24-25,31622776.60168379,14461929.704795629,9926051.530565439,0.9367431710315928,False
3,24-25,56234132.51903491,14461929.719506817,9926051.559912026,0.9367431709028986,False
3,24-25,100000000.0,14461929.72777953,9926051.576414831,0.9367431708305285,False
3,25-26,0.0001,18664719.19075988,14253302.52320947,0.8951722669722604,False
3,25-26,0.00017782794100389227,18663836.336041417,14252094.81559288,0.8951821835929176,False
3,25-26,0.00031622776601683794,18662241.907064624,14249886.503480338,0.8952000917466465,False
3,25-26,0.0005623413251903491,18659331.70933597,14245774.164387543,0.8952327742803387,False
3,25-26,0.001,18653933.32321703,14237909.967821218,0.8952933865393332,False
3,25-26,0.0017782794100389228,18643697.305367526,14222360.720352914,0.8954082668367916,False
3,25-26,0.0031622776601683794,18623822.765481785,14190623.719313648,0.8956311415772094,False
3,25-26,0.005623413251903491,18584685.70293015,14132125.11256841,0.896069332887569,False
3,25-26,0.01,18508643.985102266,14017194.388803648,0.8969180852811869,False
3,25-26,0.01778279410038923,18368965.914475244,13802668.752941618,0.8984680587582144,False
3,25-26,0.03162277660168379,18136680.251858376,13581388.558650998,0.9010196771151349,False
3,25-26,0.05623413251903491,17796715.98239922,13214881.767535772,0.9046955866461076,False
3,25-26,0.1,17363265.84464914,12747127.627395129,0.9092814494787845,False
3,25-26,0.1778279410038923,16880056.73547729,12166470.647222208,0.9142604742045141,False
3,25-26,0.31622776601683794,16400804.263196018,11623374.10793386,0.9190599321256506,False
3,25-26,0.5623413251903491,15965230.2770269,11219901.357252816,0.9233020692325868,False
3,25-26,1.0,15591993.046645014,10839835.57083768,0.9268462593848542,False
3,25-26,1.7782794100389228,15287373.51906672,10516431.314208576,0.9296767348612873,False
3,25-26,3.1622776601683795,15053507.17109428,10255235.386666233,0.9318118887891488,False
3,25-26,5.623413251903491,14889014.227646455,10146626.325190136,0.9332939594627403,False
3,25-26,10.0,14785441.89145866,10079873.759679643,0.9342187849999078,False
3,25-26,17.78279410038923,14727043.677287206,10027425.219704598,0.9347373923020134,False
3,25-26,31.622776601683793,14696663.5283197,9990782.255381344,0.9350063726570851,False
3,25-26,56.23413251903491,14681413.806496441,9979597.943345563,0.935141181556944,False
3,25-26,100.0,14673738.583180008,9979500.85970297,0.9352089782690877,False
3,25-26,177.82794100389228,14669785.904635174,9979428.767974861,0.9352438792028005,False
3,25-26,316.22776601683796,14667695.023937982,9979382.825404273,0.9352623372327686,False
3,25-26,562.341325190349,14666564.306593226,9979355.314340852,0.9352723179661524,False
3,25-26,1000.0,14665943.348875603,9979339.320772244,0.9352777987729737,False
3,25-26,1778.2794100389228,14665598.985508302,9979330.162906135,0.9352808381537973,False
3,25-26,3162.2776601683795,14665406.883504217,9979324.961444763,0.9352825336316675,False
3,25-26,5623.413251903491,14665299.34989487,9979322.020172423,0.9352834827055374,False
3,25-26,10000.0,14665239.035981547,9979320.361034987,0.9352840150231253,False
3,25-26,17782.794100389227,14665205.168644719,9979319.42641003,0.9352843139279744,False
3,25-26,31622.776601683792,14665186.139370294,9979318.900318703,0.9352844818754033,False
3,25-26,56234.13251903491,14665175.443400625,9979318.60431359,0.9352845762751552,False
3,25-26,100000.0,14665169.43018966,9979318.437806403,0.9352846293461078,False
3,25-26,177827.94100389228,14665166.049210753,9979318.344156312,0.9352846591856918,False
3,25-26,316227.7660168379,14665164.148104133,9979318.291487865,0.9352846759643296,False
3,25-26,562341.3251903491,14665163.079083135,9979318.261868602,0.9352846853992105,False
3,25-26,1000000.0,14665162.477944214,9979318.245211953,0.9352846907046943,False
3,25-26,1778279.410038923,14665162.139903937,9979318.235845068,0.9352846936881433,False
3,25-26,3162277.6601683795,14665161.949811487,9979318.230577625,0.9352846953658459,False
3,25-26,5623413.251903491,14665161.842915151,9979318.227615517,0.935284696309283,False
3,25-26,10000000.0,14665161.782803085,9979318.225949794,0.9352846968398153,False
3,25-26,17782794.100389227,14665161.748999631,9979318.225013085,0.9352846971381551,False
3,25-26,31622776.60168379,14665161.72999057,9979318.224486334,0.9352846973059237,False
3,25-26,56234132.51903491,14665161.71930099,9979318.224190125,0.9352846974002669,False
3,25-26,100000000.0,14665161.713289807,9979318.22402355,0.93528469745332,True
4,10-11,0.0001,24623087.000888783,20298587.99819826,0.8920052237187077,False
4,10-11,0.00017782794100389227,24604014.873850238,20276234.43343677,0.8921724563985912,False
4,10-11,0.00031622776601683794,24570487.77389262,20236813.45882319,0.8924661224307587,False
4,10-11,0.0005623413251903491,24512064.991987117,20168301.86250265,0.892976894481649,False
4,10-11,0.001,24411796.161431286,20058630.542155817,0.8938506791590084,False
4,10-11,0.0017782794100389228,24244096.75854013,19871871.271490395,0.8953040776777508,False
4,10-11,0.0031622776601683794,23975273.886748794,19570874.554006215,0.8976129796990535,False
4,10-11,0.005623413251903491,23571832.395052895,19126150.895032145,0.9010298020692092,False
4,10-11,0.01,23020305.819743723,18470768.07044933,0.9056069698827665,False
4,10-11,0.01778279410038923,22347622.731482126,17732773.83549203,0.9110429418645393,False
4,10-11,0.03162277660168379,21612890.42769274,16902848.15665649,0.9167961440679688,False
4,10-11,0.05623413251903491,20866348.244202483,16111357.18700673,0.9224448481909685,False
4,10-11,0.1,20125631.30181849,15319425.149087008,0.9278532496300499,False
4,10-11,0.1778279410038923,19399306.000004422,14427422.815238582,0.9329667714429786,False
4,10-11,0.31622776601683794,18714340.4489164,13741078.967475861,0.9376169216457215,False
4,10-11,0.5623413251903491,18107441.852550525,13240219.428969245,0.9415974313682728,False
4,10-11,1.0,17602800.37824226,12874240.98452213,0.9448073460302882,False
4,10-11,1.7782794100389228,17206333.959345724,12641286.10485496,0.947265546973684,False
4,10-11,3.1622776601683795,16912297.25929392,12389450.759050181,0.9490524907559458,False
4,10-11,5.623413251903491,16708684.450216379,12198752.340018805,0.950271854382384,False
4,10-11,10.0,16578638.424272217,12049489.75556721,0.9510429242000538,False
4,10-11,17.78279410038923,16501967.892789448,12077294.040118307,0.9514946965891349,False
4,10-11,31.622776601683793,16459367.473613955,12110247.422825577,0.9517448096783897,False
4,10-11,56.23413251903491,16436361.462311154,12131226.122459544,0.9518796123790882,False
4,10-11,100.0,16423980.556145715,12144005.502317403,0.951952079709261,False
4,10-11,177.82794100389228,16417259.68442489,12151550.744603697,0.9519913951280332,False
4,10-11,316.22776601683796,16413571.051287133,12155917.305792829,0.9520129658700887,False
4,10-11,562.341325190349,16411528.40212377,12158413.844959924,0.9520249089841781,False
4,10-11,1000.0,16410390.291907655,12159831.100075271,0.9520315627274039,False
4,10-11,1778.2794100389228,16409753.726564193,12160632.369979067,0.9520352840834437,False
4,10-11,3162.2776601683795,16409396.866473021,12161084.325658936,0.9520373702216105,False
4,10-11,5623.413251903491,16409196.542708987,12161338.913975999,0.9520385412574458,False
4,10-11,10000.0,16409084.004741969,12161482.21744838,0.9520391991161703,False
4,10-11,17782.794100389227,16409020.755633097,12161562.84660394,0.9520395688469937,False
4,10-11,31622.776601683792,16408985.199335223,12161608.201538965,0.952039776695293,False
4,10-11,56234.13251903491,16408965.208133135,12161633.710868511,0.9520398935558936,False
4,10-11,100000.0,16408953.967384737,12161648.05720268,0.9520399592647665,False
4,10-11,177827.94100389228,16408947.646605039,12161656.12517697,0.9520399962134707,False
4,10-11,316227.7660168379,16408944.092282545,12161660.662270768,0.9520400169905864,False
4,10-11,562341.3251903491,16408942.093575882,12161663.213709865,0.9520400286742062,False
4,10-11,1000000.0,16408940.96963185,12161664.648503361,0.9520400352443216,False
4,10-11,1778279.410038923,16408940.337595258,12161665.455351433,0.9520400389389478,False
4,10-11,3162277.6601683795,16408939.982176082,12161665.909076808,0.9520400410165822,False
4,10-11,5623413.251903491,16408939.782309549,12161666.164225778,0.9520400421849199,False
4,10-11,10000000.0,16408939.669916462,12161666.307706738,0.9520400428419237,False
4,10-11,17782794.100389227,16408939.606713217,12161666.388392054,0.9520400432113838,False
4,10-11,31622776.60168379,16408939.571171427,12161666.433764745,0.9520400434191465,False
4,10-11,56234132.51903491,16408939.551184822,12161666.4592797,0.95204004353598,False
4,10-11,100000000.0,16408939.539945522,12161666.473627806,0.9520400436016803,True
4,11-12,0.0001,24639552.634853665,20354430.68136852,0.893252375463441,False
4,11-12,0.00017782794100389227,24618561.47538984,20332905.77672162,0.893434180868684,False
4,11-12,0.00031622776601683794,24581595.46638398,20294929.92008185,0.8937539684805864,False
4,11-12,0.0005623413251903491,24516980.64455978,20228333.010547787,0.8943117879025527,False
4,11-12,0.001,24405492.481006905,20114660.725887395,0.8952708125034392,False
4,11-12,0.0017782794100389228,24217353.87639586,19933840.297048755,0.8968792747806437,False
4,11-12,0.0031622776601683794,23911404.655519407,19647192.067875776,0.899468361479644,False
4,11-12,0.005623413251903491,23442361.868906904,19208014.755599648,0.9033737079808333,False
4,11-12,0.01,22783414.486681953,18587527.47543075,0.9087295472297809,False
4,11-12,0.01778279410038923,21958508.808018446,17764999.06902229,0.9152190515359303,False
4,11-12,0.03162277660168379,21049038.769003496,16737270.789487965,0.9220964732847061,False
4,11-12,0.05623413251903491,20145323.31236339,15653328.466983339,0.9286422633848039,False
4,11-12,0.1,19293282.44944416,14685610.022783348,0.9345507269199992,False
4,11-12,0.1778279410038923,18506149.32101233,14040940.497567417,0.9397822246968024,False
4,11-12,0.31622776601683794,17802829.211505875,13417941.301687239,0.9442723622850866,False
4,11-12,0.5623413251903491,17210308.559271272,12851462.653653227,0.947920129431989,False
4,11-12,1.0,16746414.21797172,12331244.713826438,0.9506898593788206,False
4,11-12,1.7782794100389228,16412094.90699384,11939541.804535098,0.9526390263397642,False
4,11-12,3.1622776601683795,16194950.426059077,11618918.386356192,0.9538839789656299,False
4,11-12,5.623413251903491,16076407.94096857,11365196.715742439,0.9545566207719434,False
4,11-12,10.0,16032766.95399793,11324443.581095986,0.9548030069224825,True
4,11-12,17.78279410038923,16034536.627162071,11422780.858681813,0.95479302881699,False
4,11-12,31.622776601683793,16054369.328544237,11516536.675087066,0.9546811290026433,False
4,11-12,56.23413251903491,16075537.341566939,11579943.668924443,0.9545615425066574,False
4,11-12,100.0,16091800.90570785,11619869.8804105,0.9544695561463112,False
4,11-12,177.82794100389228,16102614.892444089,11643877.549176956,0.9544083409898227,False
4,11-12,316.22776601683796,16109285.64914055,11657912.607738886,0.9543705590690441,False
4,11-12,562.341325190349,16113235.640362384,11665982.454051442,0.9543481796796722,False
4,11-12,1000.0,16115522.061973307,11670578.104096785,0.9543352230375117,False
4,11-12,1778.2794100389228,16116828.851582002,11673180.941549726,0.9543278169261555,False
4,11-12,3162.2776601683795,16117570.44474724,11674650.530746885,0.9543236137471847,False
4,11-12,5623.413251903491,16117989.615878243,11675478.818440348,0.9543212378963677,False
4,11-12,10000.0,16118226.013198439,11675945.194043377,0.9543198979753977,False
4,11-12,17782.794100389227,16118359.164685342,11676207.644833758,0.9543191432523129,False
4,11-12,31622.776601683792,16118434.109497176,11676355.291425608,0.9543187184508629,False
4,11-12,56234.13251903491,16118476.275651827,11676438.338083325,0.954318479444209,False
4,11-12,100000.0,16118499.994252956,11676485.044622181,0.9543183450019026,False
4,11-12,177827.94100389228,16118513.334362773,11676511.311527718,0.9543182693871064,False
4,11-12,316227.7660168379,16118520.836741012,11676526.083091464,0.9543182268618816,False
4,11-12,562341.3251903491,16118525.055854404,11676534.389941089,0.9543182029469569,False
4,11-12,1000000.0,16118527.42850454,11676539.06128563,0.9543181894982165,False
4,11-12,1778279.410038923,16118528.762765367,11676541.688194606,0.9543181819353106,False
4,11-12,3162277.6601683795,16118529.513082208,11676543.165420061,0.9543181776823371,False
4,11-12,5623413.251903491,16118529.93501853,11676543.996126866,0.954318175290702,False
4,11-12,10000000.0,16118530.172291445,11676544.463268226,0.9543181739457828,False
4,11-12,17782794.100389227,16118530.30572003,11676544.725961313,0.954318173189478,False
4,11-12,31622776.60168379,16118530.380752498,11676544.873684544,0.9543181727641761,False
4,11-12,56234132.51903491,16118530.422946386,11676544.956755439,0.9543181725250112,False
4,11-12,100000000.0,16118530.446673758,11676545.003469652,0.9543181723905187,False
4,12-13,0.0001,24743775.432304136,21324998.001966834,0.8928010182365129,False
4,12-13,0.00017782794100389227,24713369.730562672,21287791.546787076,0.8930643133530368,False
4,12-13,0.00031622776601683794,24659909.458569106,21222223.067618877,0.8935264621913085,False
4,12-13,0.0005623413251903491,24566725.355119307,21107467.39457229,0.8943296196711064,False
4,12-13,0.001,24406734.05109045,20909023.260868482,0.8957014989307694,False
4,12-13,0.0017782794100389228,24139053.7605209,20572839.3837613,0.8979767361192849,False
4,12-13,0.0031622776601683794,23710104.94697021,20022473.256948818,0.9015704087039986,False
4,12-13,0.005623413251903491,23068332.613806188,19184677.297546197,0.9068267726997653,False
4,12-13,0.01,22200485.81480283,18103925.66675448,0.9137053869362574,False
4,12-13,0.01778279410038923,21170724.34972691,16791837.896624595,0.9215252096197561,False
4,12-13,0.03162277660168379,20102077.092955776,15569699.483432291,0.9292476942508445,False
4,12-13,0.05623413251903491,19084353.856466986,14595639.941803642,0.9362304062484591,False
4,12-13,0.1,18126278.81064424,13758338.664174939,0.9424724284921531,False
4,12-13,0.1778279410038923,17219264.088220723,13114396.231642002,0.9480855923787348,False
4,12-13,0.31622776601683794,16393664.383868603,12489770.158966264,0.9529444548799983,False
4,12-13,0.5623413251903491,15693747.903841414,11935246.329232158,0.956876691498317,False
4,12-13,1.0,15138204.837687535,11437452.422399186,0.9598756985872745,False
4,12-13,1.7782794100389228,14718261.370766224,11099444.812234754,0.9620709686868681,False
4,12-13,3.1622776601683795,14413424.274295507,10822093.747893114,0.9636258317995278,False
4,12-13,5.623413251903491,14202432.321992204,10608516.369986126,0.9646829690360887,False
4,12-13,10.0,14066197.120809244,10443893.685834557,0.9653572685081155,False
4,12-13,17.78279410038923,13985461.900281826,10352942.269520741,0.9657538024035052,False
4,12-13,31.622776601683793,13941072.882736655,10381851.99292202,0.9659708481666369,False
4,12-13,56.23413251903491,13917669.77205264,10409068.245557168,0.9660850028746201,False
4,12-13,100.0,13905430.414184388,10428553.725051686,0.9661446271181672,False
4,12-13,177.82794100389228,13898952.864151215,10440192.732188312,0.966176161387457,False
4,12-13,316.22776601683796,13895464.079567702,10446974.059771169,0.9661931395408072,False
4,12-13,562.341325190349,13893556.078335976,10450866.257910278,0.9662024230166959,False
4,12-13,1000.0,13892501.181267308,10453080.68116866,0.9662075551241526,False
4,12-13,1778.2794100389228,13891913.865251038,10454334.204559242,0.9662104122661929,False
4,12-13,3162.2776601683795,13891585.492028356,10455041.750712737,0.9662120096651959,False
4,12-13,5623.413251903491,13891401.440851262,10455440.472007016,0.9662129049810259,False
4,12-13,10000.0,13891298.13421952,10455664.95555891,0.9662134075103089,False
4,12-13,17782.794100389227,13891240.101846032,10455791.27622901,0.9662136898038772,False
4,12-13,31622.776601683792,13891207.48723735,10455862.338243661,0.9662138484543625,False
4,12-13,56234.13251903491,13891189.152834037,10455902.30779329,0.9662139376400609,False
4,12-13,100000.0,13891178.844583787,10455924.786993237,0.9662139877833643,False
4,12-13,177827.94100389228,13891173.048443127,10455937.428820956,0.9662140159780108,False
4,12-13,316227.7660168379,13891169.789228067,10455944.53811024,0.966214031832075,False
4,12-13,562341.3251903491,13891167.956498198,10455948.536041858,0.96621404074717,False
4,12-13,1000000.0,13891166.925897894,10455950.784270741,0.9662140457604013,False
4,12-13,1778279.410038923,13891166.34635491,10455952.04855121,0.9662140485795182,False
4,12-13,3162277.6601683795,13891166.02045587,10455952.759511022,0.9662140501648148,False
4,12-13,5623413.251903491,13891165.837189993,10455953.159313947,0.9662140510562895,False
4,12-13,10000000.0,13891165.734132208,10455953.384139929,0.9662140515576016,False
4,12-13,17782794.100389227,13891165.676178623,10455953.51056895,0.9662140518395098,False
4,12-13,31622776.60168379,13891165.643588945,10455953.581665244,0.9662140519980384,False
4,12-13,56234132.51903491,13891165.625262434,10455953.621645639,0.9662140520871855,False
4,12-13,100000000.0,13891165.614956673,10455953.644128257,0.9662140521373166,True
4,13-14,0.0001,27902421.412635602,24164840.415364884,0.8628367341745192,False
4,13-14,0.00017782794100389227,27875885.15437222,24134379.500190374,0.86309750502295,False
4,13-14,0.00031622776601683794,27829195.768655494,24080665.116102066,0.8635557175933883,False
4,13-14,0.0005623413251903491,27747711.443357687,23986551.665339906,0.8643535698520103,False
4,13-14,0.001,27607487.817470394,23823481.61296096,0.8657210897086093,False
4,13-14,0.0017782794100389228,27371888.908136413,23546250.165995017,0.8680031500178224,False
4,13-14,0.0031622776601683794,26991346.4465939,23089536.379016597,0.8716478555682571,False
4,13-14,0.005623413251903491,26413336.352586392,22373570.301990435,0.877086226080272,False
4,13-14,0.01,25609010.80393559,21329774.40599148,0.8844580649929393,False
4,13-14,0.01778279410038923,24604307.282023557,20064384.066464648,0.8933462047504103,False
4,13-14,0.03162277660168379,23475921.78156105,18629262.624285437,0.9029044474717665,False
4,13-14,0.05623413251903491,22302182.111871675,17148065.834836673,0.9123708204805113,False
4,13-14,0.1,21134808.89833608,15914185.743763572,0.9213043584282369,False
4,13-14,0.1778279410038923,20020041.847412933,14798031.518229024,0.9293871091421059,False
4,13-14,0.31622776601683794,19009687.390063234,13964420.112373937,0.9363345255499704,False
4,13-14,0.5623413251903491,18146388.543452546,13290725.500406185,0.9419857822146531,False
4,13-14,1.0,17453857.859584574,12685381.183244837,0.9463293445054004,False
4,13-14,1.7782794100389228,16934003.330889393,12289641.75696221,0.9494788402540753,False
4,13-14,3.1622776601683795,16566712.842140337,11951890.200175134,0.9516466332228695,False
4,13-14,5.623413251903491,16319897.407031655,11678337.224835975,0.953076664238419,False
4,13-14,10.0,16162120.17370404,11470370.339988776,0.9539795677938234,False
4,13-14,17.78279410038923,16066625.548274532,11346068.007540004,0.9545217888309213,False
4,13-14,31.622776601683793,16011492.16493427,11364124.06884517,0.9548333745546713,False
4,13-14,56.23413251903491,15980544.892046563,11378108.023504851,0.9550078034010222,False
4,13-14,100.0,15963350.187584661,11390746.096017795,0.9551045724819247,False
4,13-14,177.82794100389228,15953798.802702319,11398237.574754603,0.9551582811603915,False
4,13-14,316.22776601683796,15948476.840704372,11402583.11845034,0.9551881932988211,False
4,13-14,562.341325190349,15945502.074834459,11405070.970246451,0.9552049086506695,False
4,13-14,1000.0,15943835.402601996,11406484.371683994,0.955214272398863,False
4,13-14,1778.2794100389228,15942900.200250491,11407283.8083452,0.9552195261522218,False
4,13-14,3162.2776601683795,15942374.957305184,11407734.84007105,0.9552224767120616,False
4,13-14,5623.413251903491,15942079.803092407,11407988.942881644,0.9552241347024588,False
4,13-14,10000.0,15941913.89311469,11408131.984152505,0.9552250666667006,False
4,13-14,17782.794100389227,15941820.616495064,11408212.469290502,0.955225590624142,False
4,13-14,31622.776601683792,15941768.169986399,11408257.744324306,0.9552258852275807,False
4,13-14,56234.13251903491,15941738.679297106,11408283.209065724,0.9552260508827667,False
4,13-14,100000.0,15941722.09614418,11408297.530434849,0.9552261440335672,False
4,13-14,177827.94100389228,15941712.770967241,11408305.584404642,0.9552261964148601,False
4,13-14,316227.7660168379,15941707.527102973,11408310.11363401,0.9552262258706298,False
4,13-14,562341.3251903491,15941704.57828292,11408312.660654068,0.9552262424347011,False
4,13-14,1000000.0,15941702.92004635,11408314.092963625,0.9552262517493234,False
4,13-14,1778279.410038923,15941701.987553554,11408314.898415206,0.9552262569873079,False
4,13-14,3162277.6601683795,15941701.463174991,11408315.351355406,0.9552262599328392,False
4,13-14,5623413.251903491,15941701.168295488,11408315.606062882,0.9552262615892317,False
4,13-14,10000000.0,15941701.00247261,11408315.749295555,0.9552262625206894,False
4,13-14,17782794.100389227,15941700.909223592,11408315.82984127,0.9552262630444863,False
4,13-14,31622776.60168379,15941700.856785811,11408315.875135455,0.955226263339039,False
4,13-14,56234132.51903491,15941700.827297883,11408315.900606263,0.9552262635046782,False
4,13-14,100000000.0,15941700.810715614,11408315.914929556,0.9552262635978238,True
4,14-15,0.0001,22333700.104479484,18280288.938046303,0.9120787977128844,False
4,14-15,0.00017782794100389227,22332012.282150954,18277791.676182214,0.9120920861299711,False
4,14-15,0.00031622776601683794,22329018.134143326,18273299.562337432,0.9121156569266415,False
4,14-15,0.0005623413251903491,22323713.362059545,18265155.68908865,0.9121574098624765,False
4,14-15,0.001,22314325.21365591,18250216.16241489,0.9122312780269,False
4,14-15,0.0017782794100389228,22297693.943488594,18222379.845653884,0.91236206050327,False
4,14-15,0.0031622776601683794,22267997.91619968,18169702.505928174,0.9125953371504432,False
4,14-15,0.005623413251903491,22213840.102261294,18069509.224702805,0.9130199724639284,False
4,14-15,0.01,22112079.79715323,17887886.747024707,0.9138150480457334,False
4,14-15,0.01778279410038923,21919961.77311991,17662310.46005721,0.9153061563585175,False
4,14-15,0.03162277660168379,21579513.59213222,17291781.81601068,0.9179165577669794,False
4,14-15,0.05623413251903491,21051968.175678004,16686144.553548912,0.9218808215052252,False
4,14-15,0.1,20361412.776417885,15849427.629991261,0.9269217608353397,False
4,14-15,0.1778279410038923,19595534.0061442,15055091.15868124,0.9323159302776618,False
4,14-15,0.31622776601683794,18857714.64968362,14294648.93373529,0.937316912824156,False
4,14-15,0.5623413251903491,18219823.046846632,13759817.072125088,0.9414858949028413,False
4,14-15,1.0,17710892.5562058,13288172.635359528,0.9447091642303359,False
4,14-15,1.7782794100389228,17329993.418231707,12990441.889400018,0.9470618142487138,False
4,14-15,3.1622776601683795,17060517.26043689,12757581.603056926,0.9486953597251622,False
4,14-15,5.623413251903491,16880462.196796946,12544195.386007266,0.9497725736734831,False
4,14-15,10.0,16767991.138485026,12386843.510710264,0.9504396540207134,False
4,14-15,17.78279410038923,16702694.451401684,12400989.013090828,0.950824891039611,False
4,14-15,31.622776601683793,16666963.932043796,12422041.609120766,0.9510350574697829,False
4,14-15,56.23413251903491,16647987.750382753,12435477.421687884,0.9511464921253178,False
4,14-15,100.0,16637936.943360925,12443678.467481028,0.9512054624907055,False
4,14-15,177.82794100389228,16632550.618501589,12448527.048970252,0.9512370506243073,False
4,14-15,316.22776601683796,16629621.168795548,12451335.310602095,0.9512542261052309,False
4,14-15,562.341325190349,16628008.426756281,12452941.68267557,0.9512636803851553,False
4,14-15,1000.0,16627113.062221287,12453853.854539337,0.951268928830571,False
4,14-15,1778.2794100389228,16626613.325112298,12454369.648638291,0.9512718580653173,False
4,14-15,3162.2776601683795,16626333.512756215,12454660.608059807,0.9512734981613735,False
4,14-15,5623.413251903491,16626176.549166085,12454824.514904827,0.9512744181778708,False
4,14-15,10000.0,16626088.404921295,12454916.777944848,0.9512749348171853,False
4,14-15,17782.794100389227,16626038.87674198,12454968.690230954,0.9512752251151931,False
4,14-15,31622.776601683792,16626011.037345016,12454997.891823014,0.9512753882890224,False
4,14-15,56234.13251903491,16625995.386009216,12455014.315985773,0.9512754800253864,False
4,14-15,100000.0,16625986.585852657,12455023.552888809,0.9512755316052505,False
4,14-15,177827.94100389228,16625981.637552036,12455028.747471312,0.9512755606084353,False
4,14-15,316227.7660168379,16625978.855041798,12455031.668691495,0.951275576917396,False
4,14-15,562341.3251903491,16625977.290360436,12455033.311443366,0.9512755860883679,False
4,14-15,1000000.0,16625976.410487805,12455034.235239789,0.9512755912455116,False
4,14-15,1778279.410038923,16625975.915702984,12455034.75473161,0.9512755941455636,False
4,14-15,3162277.6601683795,16625975.637466263,12455035.04686424,0.9512755957763753,False
4,14-15,5623413.251903491,16625975.481002646,12455035.21114278,0.951275596693446,False
4,14-15,10000000.0,16625975.39301682,12455035.303523492,0.9512755972091519,False
4,14-15,17782794.100389227,16625975.343538793,12455035.35547301,0.9512755974991544,False
4,14-15,31622776.60168379,16625975.315715257,12455035.384686377,0.9512755976622347,False
4,14-15,56234132.51903491,16625975.300068937,12455035.401114257,0.9512755977539415,False
4,14-15,100000000.0,16625975.291270372,12455035.410352344,0.9512755978055121,True
4,15-16,0.0001,27428510.164067145,23346752.713787213,0.8702021513784954,False
4,15-16,0.00017782794100389227,27396721.337441534,23316566.744104583,0.8705028407163902,False
4,15-16,0.00031622776601683794,27340735.915425967,23263374.268615115,0.8710315569342283,False
4,15-16,0.0005623413251903491,27242858.96381959,23170286.43923418,0.8719532909743852,False
4,15-16,0.001,27073909.860481147,23009313.587227177,0.8735365532900815,False
4,15-16,0.0017782794100389228,26788515.114334647,22736505.50348637,0.8761886840520245,False
4,15-16,0.0031622776601683794,26323235.719160717,22289106.491846018,0.8804521961079402,False
4,15-16,0.005623413251903491,25605630.21064536,21591566.36387482,0.8868814068082769,False
4,15-16,0.01,24584561.437967613,20593432.196301326,0.895723129815918,False
4,15-16,0.01778279410038923,23278492.493113358,19298270.776892822,0.9065083636526169,False
4,15-16,0.03162277660168379,21806225.868784375,17780803.6632326,0.9179602989291394,False
4,15-16,0.05623413251903491,20355799.676838648,16163123.23133428,0.9285109717975669,False
4,15-16,0.1,19101770.795043427,14551617.442240877,0.9370478863920763,False
4,15-16,0.1778279410038923,18136910.721779946,13227380.53376824,0.9432468871292062,False
4,15-16,0.31622776601683794,17459729.942073952,12473639.140461607,0.9474057700507204,False
4,15-16,0.5623413251903491,17003382.23557575,12047013.775609357,0.9501191675645928,False
4,15-16,1.0,16682570.56180087,11807356.13131902,0.9519836661394389,False
4,15-16,1.7782794100389228,16435704.214459576,11639424.19197897,0.953394229676501,False
4,15-16,3.1622776601683795,16237077.871988177,11473462.05227528,0.9545138893035707,False
4,15-16,5.623413251903491,16082932.153373398,11300309.049785461,0.9553734291420168,False
4,15-16,10.0,15973556.07979131,11156168.468734523,0.9559783538586188,False
4,15-16,17.78279410038923,15903565.264739178,11114221.933262939,0.9563632851382842,False
4,15-16,31.622776601683793,15862358.980885323,11119121.027611524,0.9565891184496762,False
4,15-16,56.23413251903491,15839236.841975175,11135412.049617562,0.9567155839852262,False
4,15-16,100.0,15826488.972547704,11145603.119267017,0.9567852290121075,False
4,15-16,177.82794100389228,15819466.386194538,11151716.151878053,0.9568235713293485,False
4,15-16,316.22776601683796,15815578.47764382,11155286.48849606,0.95684479143553,False
4,15-16,562.341325190349,15813414.575413503,11157338.537023077,0.9568565996996128,False
4,15-16,1000.0,15812205.411952853,11158506.936162228,0.9568631973169063,False
4,15-16,1778.2794100389228,15811527.99155914,11159168.624479705,0.9568668933381939,False
4,15-16,3162.2776601683795,15811147.874253156,11159542.203952663,0.956868967197625,False
4,15-16,5623.413251903491,15810934.382869035,11159752.75527984,0.9568701319507218,False
4,15-16,10000.0,15810814.412071604,11159871.3067682,0.9568707864730804,False
4,15-16,17782.794100389227,15810746.974287605,11159938.020616224,0.9568711543899134,False
4,15-16,31622.776601683792,15810709.059715802,11159975.551588863,0.9568713612377943,False
4,15-16,56234.13251903491,15810687.741470901,11159996.66155782,0.9568714775420359,False
4,15-16,100000.0,15810675.754190747,11160008.534068927,0.9568715429400115,False
4,15-16,177827.94100389228,15810669.013516637,11160015.210948015,0.956871579714507,False
4,15-16,316227.7660168379,15810665.22304207,11160018.965783393,0.9568716003938547,False
4,15-16,562341.3251903491,15810663.091528485,11160021.077330057,0.9568716120225574,False
4,15-16,1000000.0,15810661.892898822,11160022.264755044,0.9568716185618105,False
4,15-16,1778279.410038923,15810661.218862519,11160022.932497947,0.9568716222390877,False
4,15-16,3162277.6601683795,15810660.839824894,11160023.307998871,0.956871624306968,False
4,15-16,5623413.251903491,15810660.626676643,11160023.51915902,0.9568716254698212,False
4,15-16,10000000.0,15810660.506814668,11160023.637903271,0.956871626123741,False
4,15-16,17782794.100389227,15810660.439411344,11160023.704678107,0.956871626491467,False
4,15-16,31622776.60168379,15810660.401507681,11160023.742228372,0.9568716266982545,False
4,15-16,56234132.51903491,15810660.380192883,11160023.763344442,0.9568716268145396,False
4,15-16,100000000.0,15810660.368206702,11160023.775218893,0.9568716268799315,True
4,16-17,0.0001,30372440.95350841,26501376.18496435,0.8367404063781345,False
4,16-17,0.00017782794100389227,30333071.399665806,26462446.99784371,0.8371633747955838,False
4,16-17,0.00031622776601683794,30263795.292827465,26393832.847571176,0.8379063134589284,False
4,16-17,0.0005623413251903491,30142869.801301144,26273715.78374485,0.8391990857639403,False
4,16-17,0.001,29934707.74639895,26065901.435458988,0.8414123501583121,False
4,16-17,0.0017782794100389228,29584776.328808486,25713527.46260066,0.8450984017746374,False
4,16-17,0.0031622776601683794,29019112.647045314,25135655.71358371,0.8509652391643756,False
4,16-17,0.005623413251903491,28159237.939147584,24236758.59975881,0.8596665787153579,False
4,16-17,0.01,26963864.851953745,22943202.7027562,0.8713281332464157,False
4,16-17,0.01778279410038923,25484512.230923515,21346695.893336833,0.8850597943996065,False
4,16-17,0.03162277660168379,23877581.37682485,19578839.237947743,0.8990979508804369,False
4,16-17,0.05623413251903491,22331181.39189136,17787739.902275667,0.9117443095702428,False
4,16-17,0.1,20970059.089350812,16244287.820844512,0.9221750900716156,False
4,16-17,0.1778279410038923,19832789.345775515,15115726.728178365,0.9303875504169099,False
4,16-17,0.31622776601683794,18913644.497738305,14207194.014383202,0.9366903719847809,False
4,16-17,0.5623413251903491,18197520.750942104,13626309.496938484,0.941393772738735,False
4,16-17,1.0,17661620.273610283,13156790.981291713,0.9447947469934334,False
4,16-17,1.7782794100389228,17272974.26711115,12847929.703763941,0.9471976112372434,False
4,16-17,3.1622776601683795,16997171.32142998,12563773.485817788,0.9488703732908422,False
4,16-17,5.623413251903491,16806722.88497803,12312303.655124445,0.9500097398370527,False
4,16-17,10.0,16681391.116944637,12116801.532912238,0.9507525386036849,False
4,16-17,17.78279410038923,16603974.974271897,12095853.209238335,0.9512085799137814,False
4,16-17,31.622776601683793,16558779.48419787,12099674.889483133,0.9514738357900077,False
4,16-17,56.23413251903491,16533284.031960584,12102622.780510383,0.951623151631925,False
4,16-17,100.0,16519092.899981685,12104631.09178306,0.9517061632834294,False
4,16-17,177.82794100389228,16511206.222630942,12105894.53337935,0.9517522659344201,False
4,16-17,316.22776601683796,16506811.699230844,12106652.321579734,0.9517779451704176,False
4,16-17,562.341325190349,16504355.521205347,12107094.379093504,0.9517922947785213,False
4,16-17,1000.0,16502979.501884244,12107348.182741199,0.9518003328953032,False
4,16-17,1778.2794100389228,16502207.43180747,12107492.589957,0.9518048427052057,False
4,16-17,3162.2776601683795,16501773.82436032,12107574.33433588,0.9518073753972294,False
4,16-17,5623.413251903491,16501530.168559318,12107620.473868608,0.9518087985564587,False
4,16-17,10000.0,16501393.208101656,12107646.474395612,0.9518095985139834,False
4,16-17,17782.794100389227,16501316.207771743,12107661.112791555,0.9518100482539671,False
4,16-17,31622.776601683792,16501272.9130733,12107669.350019768,0.9518103011267277,False
4,16-17,56234.13251903491,16501248.568502272,12107673.983879164,0.9518104433165682,False
4,16-17,100000.0,16501234.879122183,12107676.590235652,0.951810523272322,False
4,16-17,177827.94100389228,16501227.181201003,12107678.05607028,0.9518105682336488,False
4,16-17,316227.7660168379,16501222.852399666,12107678.880424261,0.9518105935169138,False
4,16-17,562341.3251903491,16501220.418154085,12107679.344009845,0.9518106077346287,False
4,16-17,1000000.0,16501219.04928299,12107679.604708632,0.9518106157298025,False
4,16-17,1778279.410038923,16501218.27951204,12107679.751312073,0.9518106202258082,False
4,16-17,3162277.6601683795,16501217.846638603,12107679.833753785,0.9518106227540946,False
4,16-17,5623413.251903491,16501217.60321615,12107679.880114337,0.9518106241758534,False
4,16-17,10000000.0,16501217.466329716,12107679.906184848,0.9518106249753667,False
4,16-17,17782794.100389227,16501217.389352828,12107679.920845382,0.9518106254249661,False
4,16-17,31622776.60168379,16501217.346065551,12107679.929089623,0.9518106256777943,False
4,16-17,56234132.51903491,16501217.321723329,12107679.933725696,0.95181062581997,False
4,16-17,100000000.0,16501217.308034701,12107679.936332759,0.9518106258999213,True
4,17-18,0.0001,24895392.312441893,21460557.863225672,0.8909645305756014,False
4,17-18,0.00017782794100389227,24873904.700043596,21438255.76442175,0.8911526698724517,False
4,17-18,0.00031622776601683794,24836070.287740905,21398867.187953547,0.8914835421535994,False
4,17-18,0.0005623413251903491,24769955.476002082,21329666.265682142,0.892060525195294,False
4,17-18,0.001,24655932.739322588,21209200.70119309,0.8930519865518622,False
4,17-18,0.0017782794100389228,24463670.51736655,21002791.658208888,0.8947134035755486,False
4,17-18,0.0031622776601683794,24151428.330845565,20658459.47635754,0.8973839036926711,False
4,17-18,0.005623413251903491,23673748.151844017,20108480.671606626,0.9014029559302329,False
4,17-18,0.01,23004858.068312854,19300089.520723704,0.906895865966482,False
4,17-18,0.01778279410038923,22171778.90323429,18382804.16994041,0.9135169640270936,False
4,17-18,0.03162277660168379,21261514.7203399,17325543.06047557,0.9204723312930471,False
4,17-18,0.05623413251903491,20373233.775958095,16282623.829115905,0.9269786620877735,False
4,17-18,0.1,19563395.294188853,15359261.200790599,0.9326684969639194,False
4,17-18,0.1778279410038923,18849694.178522315,14492217.788484128,0.9374915880320274,False
4,17-18,0.31622776601683794,18243348.332258917,13640396.79251684,0.9414483754023105,False
4,17-18,0.5623413251903491,17755181.169095393,13088914.789665624,0.944539974503949,False
4,17-18,1.0,17384579.258492947,12787627.245410379,0.946831033638734,False
4,17-18,1.7782794100389228,17116089.93738558,12574611.45259627,0.9484606462783113,False
4,17-18,3.1622776601683795,16927039.012139402,12430044.867427383,0.9495928853191965,False
4,17-18,5.623413251903491,16797686.0803495,12295132.937231405,0.9503603431881619,False
4,17-18,10.0,16714162.13669399,12194381.277485419,0.9508527671985552,False
4,17-18,17.78279410038923,16664608.841155546,12222050.297155468,0.9511437536262635,False
4,17-18,31.622776601683793,16637414.65006647,12257430.9189336,0.9513030759443023,False
4,17-18,56.23413251903491,16623137.33209817,12279455.961921329,0.95138661814912,False
4,17-18,100.0,16615706.300369559,12292673.887248002,0.9514300716599225,False
4,17-18,177.82794100389228,16611789.75050832,12300406.455942858,0.9514529661578343,False
4,17-18,316.22776601683796,16609686.69894752,12304857.067050224,0.9514652574827421,False
4,17-18,562.341325190349,16608538.849360935,12307393.634367932,0.9514719654550405,False
4,17-18,1000.0,16607905.010457419,12308831.015288578,0.9514756693774086,False
4,17-18,1778.2794100389228,16607552.378807867,12309642.831431646,0.9514777299663969,False
4,17-18,3162.2776601683795,16607355.303669397,12310100.470597604,0.9514788815480545,False
4,17-18,5623.413251903491,16607244.8712475,12310358.1762614,0.9514795268388562,False
4,17-18,10000.0,16607182.89490788,12310503.207753183,0.9514798889839001,False
4,17-18,17782.794100389227,16607148.082507981,12310584.800723542,0.9514800924018727,False
4,17-18,31622.776601683792,16607128.518556815,12310630.69514306,0.9514802067189775,False
4,17-18,56234.13251903491,16607117.520895412,12310656.507053236,0.9514802709810298,False
4,17-18,100000.0,16607111.337707909,12310671.02328987,0.9514803071109031,False
4,17-18,177827.94100389228,16607107.861042084,12310679.186727908,0.951480327425904,False
4,17-18,316227.7660168379,16607105.906094478,12310683.77747978,0.9514803388491347,False
4,17-18,562341.3251903491,16607104.806786267,12310686.359085113,0.9514803452726573,False
4,17-18,1000000.0,16607104.188612355,12310687.810839802,0.9514803488847962,False
4,17-18,1778279.410038923,16607103.840991579,12310688.62722504,0.9514803509160279,False
4,17-18,3162277.6601683795,16607103.645511309,12310689.086313346,0.9514803520582661,False
4,17-18,5623413.251903491,16607103.535585066,12310689.344478013,0.9514803527005915,False
4,17-18,10000000.0,16607103.473769125,12310689.489654798,0.9514803530617969,False
4,17-18,17782794.100389227,16607103.439007504,12310689.571293728,0.9514803532649174,False
4,17-18,31622776.60168379,16607103.419459624,12310689.617202688,0.9514803533791404,False
4,17-18,56234132.51903491,16607103.40846705,12310689.643019205,0.9514803534433727,False
4,17-18,100000000.0,16607103.402285472,12310689.657536898,0.9514803534794931,True
4,18-19,0.0001,28048664.884222195,24175914.19607991,0.861269848897134,False
4,18-19,0.00017782794100389227,28012588.68475587,24138678.51312051,0.8616264889012089,False
4,18-19,0.00031622776601683794,27949152.643597763,24073067.104927443,0.8622524880805646,False
4,18-19,0.0005623413251903491,27838559.95581412,23958261.53878104,0.8633404443517528,False
4,18-19,0.001,27648604.092751853,23759801.016238637,0.8651990690471466,False
4,18-19,0.0017782794100389228,27330503.58402271,23423760.838254828,0.8682830275275883,False
4,18-19,0.0031622776601683794,26819671.154675458,22873945.962222416,0.8731608365680765,False
4,18-19,0.005623413251903491,26051569.975265868,22021723.229706742,0.8803220135874082,False
4,18-19,0.01,25001652.514222346,20801289.69685071,0.8897740370383516,False
4,18-19,0.01778279410038923,23731803.808471046,19259397.76287736,0.9006865724633554,False
4,18-19,0.03162277660168379,22385491.957884725,17728244.17704556,0.9116351065209672,False
4,18-19,0.05623413251903491,21107830.181976713,16390950.10897544,0.9214341786761493,False
4,18-19,0.1,19975133.26310565,15120487.380646212,0.9296399980715802,False
4,18-19,0.1778279410038923,19004490.501912087,14039501.051039776,0.936311805997309,False
4,18-19,0.31622776601683794,18193801.60010776,13336072.954018505,0.9416295043713936,False
4,18-19,0.5623413251903491,17536247.92586008,12821318.325944133,0.945772469701501,False
4,18-19,1.0,17019092.28116856,12449898.899611453,0.9489237201053689,False
4,18-19,1.7782794100389228,16626699.427501049,12160425.063234586,0.9512518023211922,False
4,18-19,3.1622776601683795,16343295.442696571,11900342.539691111,0.9528994763788924,False
4,18-19,5.623413251903491,16151958.587055033,11698809.67114197,0.9539958663163723,False
4,18-19,10.0,16033474.715646615,11625980.141420472,0.9546683241673413,False
4,18-19,17.78279410038923,15966695.788369056,11639532.309558889,0.9550451478613529,False
4,18-19,31.622776601683793,15931848.108170731,11672587.882329362,0.9552411637172835,False
4,18-19,56.23413251903491,15914371.796276834,11694329.318055715,0.9553393055465257,False
4,18-19,100.0,15905623.326598894,11707834.617446667,0.9553883939233289,False
4,18-19,177.82794100389228,15901149.870750766,11715899.745782781,0.9554134844189036,False
4,18-19,316.22776601683796,15898798.569688726,11720597.759156074,0.9554266694490711,False
4,18-19,562.341325190349,15897532.985382484,11723293.800723715,0.9554337654648026,False
4,18-19,1000.0,15896840.106807202,11724827.53270281,0.9554376501324682,False
4,18-19,1778.2794100389228,15896456.587800449,11725695.684577072,0.9554398002833014,False
4,18-19,3162.2776601683795,15896242.883333016,11726185.6925831,0.9554409983678793,False
4,18-19,5623.413251903491,15896123.335050646,11726461.819866274,0.9554416685805978,False
4,18-19,10000.0,15896056.307228936,11726617.280194134,0.9554420443504046,False
4,18-19,17782.794100389227,15896018.677856201,11726704.759784367,0.9554422553066197,False
4,18-19,31622.776601683792,15895997.537303079,11726753.971475815,0.955442373823685,False
4,18-19,56234.13251903491,15895985.655425953,11726781.651034527,0.9554424404351751,False
4,18-19,100000.0,15895978.975757988,11726797.218226055,0.9554424778823203,False
4,18-19,177827.94100389228,15895975.2201381,11726805.97288054,0.9554424989368394,False
4,18-19,316227.7660168379,15895973.108398171,11726810.896167763,0.9554425107755402,False
4,18-19,562341.3251903491,15895971.920942903,11726813.66479358,0.9554425174325751,False
4,18-19,1000000.0,15895971.253207773,11726815.221724613,0.9554425211759883,False
4,18-19,1778279.410038923,15895970.877719047,11726816.097257067,0.9554425232810287,False
4,18-19,3162277.6601683795,15895970.666568223,11726816.58960698,0.9554425244647686,False
4,18-19,5623413.251903491,15895970.547830028,11726816.866476264,0.9554425251304309,False
4,18-19,10000000.0,15895970.481058827,11726817.022171477,0.9554425255047593,False
4,18-19,17782794.100389227,15895970.443510687,11726817.10972539,0.9554425257152592,False
4,18-19,31622776.60168379,15895970.422395837,11726817.158960598,0.9554425258336319,False
4,18-19,56234132.51903491,15895970.410522088,11726817.18664759,0.9554425259001977,False
4,18-19,100000000.0,15895970.403844994,11726817.202217136,0.9554425259376305,True
4,19-20,0.0001,21458617.49647171,17779720.877363622,0.9184409405370276,False
4,19-20,0.00017782794100389227,21440381.22764976,17757516.160817787,0.9185795050032817,False
4,19-20,0.00031622776601683794,21408405.99519686,17718376.615253773,0.9188221777337227,False
4,19-20,0.0005623413251903491,21352944.210259557,17649849.416068945,0.9192422403027922,False
4,19-20,0.001,21258546.91097807,17531264.34909034,0.9199546913564769,False
4,19-20,0.0017782794100389228,21103046.289593756,17330116.229170784,0.9211214288280395,False
4,19-20,0.0031622776601683794,20860692.62277816,17000069.58168043,0.9229227555980312,False
4,19-20,0.005623413251903491,20515883.790752366,16492776.238700755,0.9254497347954267,False
4,19-20,0.01,20091034.971787516,15799674.067014532,0.9285053818125629,False
4,19-20,0.01778279410038923,19668444.851901203,15264413.009266539,0.9314813532926081,False
4,19-20,0.03162277660168379,19353325.999531414,14910912.19111201,0.9336593142606981,False
4,19-20,0.05623413251903491,19172622.676484868,14712707.87486443,0.9348923856265843,False
4,19-20,0.1,19033360.193139426,14514046.415639369,0.9358347833837721,False
4,19-20,0.1778279410038923,18816051.2431418,14161563.61579868,0.9372916019775894,False
4,19-20,0.31622776601683794,18480012.303718586,13724037.753398925,0.9395114402429392,False
4,19-20,0.5623413251903491,18070038.652137876,13465892.536593458,0.9421655120263117,False
4,19-20,1.0,17660538.264409926,13156337.173952717,0.9447570828249672,False
4,19-20,1.7782794100389228,17309195.900470946,12912800.346323576,0.9469332466260791,False
4,19-20,3.1622776601683795,17041431.025710426,12670305.401924549,0.9485623813690195,False
4,19-20,5.623413251903491,16856749.72027106,12466465.218694745,0.9496712192614696,False
4,19-20,10.0,16741145.053980703,12305711.18542346,0.9503591681319219,False
4,19-20,17.78279410038923,16675352.069465887,12327762.922659688,0.950748580053009,False
4,19-20,31.622776601683793,16640624.782787656,12357740.726412179,0.950953503728073,False
4,19-20,56.23413251903491,16622984.827251313,12377503.939248944,0.9510574324515637,False
4,19-20,100.0,16614043.355753146,12389801.53520023,0.9511100705162957,False
4,19-20,177.82794100389228,16609422.714289922,12397153.518007053,0.9511372609378932,False
4,19-20,316.22776601683796,16606974.991417497,12401438.944539452,0.9511516616347977,False
4,19-20,562.341325190349,16605650.585574146,12403899.161137419,0.9511594526316636,False
4,19-20,1000.0,16604923.12151096,12405299.044813003,0.9511637317732252,False
4,19-20,1778.2794100389228,16604519.667095784,12406091.532616885,0.9511661049210592,False
4,19-20,3162.2776601683795,16604294.596488476,12406538.865508832,0.9511674287774733,False
4,19-20,5623.413251903491,16604168.607021013,12406790.954767706,0.9511681698347059,False
4,19-20,10000.0,16604097.941333443,12406932.88482698,0.9511685854806311,False
4,19-20,17782.794100389227,16604058.26125672,12407012.751768263,0.9511688188726486,False
4,19-20,31622.776601683792,16604035.96593084,12407057.68128045,0.9511689500100307,False
4,19-20,56234.13251903491,16604023.434178216,12407082.952390345,0.9511690237196286,False
4,19-20,100000.0,16604016.388900522,12407097.165084263,0.951169065158707,False
4,19-20,177827.94100389228,16604012.427633235,12407105.158008501,0.9511690884581736,False
4,19-20,316227.7660168379,16604010.20023348,12407109.652930604,0.9511691015593385,False
4,19-20,562341.3251903491,16604008.947732935,12407112.180664979,0.9511691089263208,False
4,19-20,1000000.0,16604008.243418548,12407113.602131516,0.9511691130689708,False
4,19-20,1778279.410038923,16604007.847359316,12407114.401486285,0.9511691153985196,False
4,19-20,3162277.6601683795,16604007.624640694,12407114.850998227,0.9511691167085101,False
4,19-20,5623413.251903491,16604007.499397382,12407115.103777902,0.9511691174451686,False
4,19-20,10000000.0,16604007.428968072,12407115.245926524,0.951169117859421,False
4,19-20,17782794.100389227,16604007.38936284,12407115.325862635,0.9511691180923719,False
4,19-20,31622776.60168379,16604007.367091183,12407115.370814016,0.9511691182233697,False
4,19-20,56234132.51903491,16604007.354566917,12407115.39609204,0.9511691182970352,False
4,19-20,100000000.0,16604007.347524012,12407115.410306925,0.9511691183384603,True
4,20-21,0.0001,24597605.30301277,20819328.191498823,0.8913903474147665,False
4,20-21,0.00017782794100389227,24580089.4294589,20801018.034115054,0.8915449734910954,False
4,20-21,0.00031622776601683794,24549263.630730845,20768715.41764413,0.8918168290083357,False
4,20-21,0.0005623413251903491,24495440.461537134,20712071.155053973,0.892290682573252,False
4,20-21,0.001,24402733.770045277,20613776.96700722,0.8931044241264006,False
4,20-21,0.0017782794100389228,24246679.035838917,20446210.32889896,0.8944672404241939,False
4,20-21,0.0031622776601683794,23993617.19173011,20168760.56211269,0.8966586290444353,False
4,20-21,0.005623413251903491,23606057.743479986,19729800.77652698,0.8999701315148974,False
4,20-21,0.01,23058200.85206925,19079578.390943184,0.9045593027907521,False
4,20-21,0.01778279410038923,22356721.225877706,18209062.03506906,0.9102779907885665,False
4,20-21,0.03162277660168379,21547417.814775415,17149953.272757135,0.9166562123819177,False
4,20-21,0.05623413251903491,20695152.53278691,16092062.355754161,0.9231188216761615,False
4,20-21,0.1,19856909.489277974,15088574.345451912,0.9292207298526487,False
4,20-21,0.1778279410038923,19074432.561223842,14196726.681540495,0.9346890468616917,False
4,20-21,0.31622776601683794,18379779.578298964,13400631.648140877,0.9393594174051658,False
4,20-21,0.5623413251903491,17793293.032115523,12938108.872074712,0.9431676741652497,False
4,20-21,1.0,17318113.444996197,12631519.203749938,0.9461626186045559,False
4,20-21,1.7782794100389228,16945443.360423885,12393279.30928977,0.9484547512330102,False
4,20-21,3.1622776601683795,16663916.590547841,12167418.082543582,0.9501532401092574,False
4,20-21,5.623413251903491,16462754.521282477,11963329.072811257,0.9513494479862123,False
4,20-21,10.0,16329870.952381276,11812566.197535824,0.952131670371261,False
4,20-21,17.78279410038923,16249539.142938906,11845727.594262207,0.9526014709347627,False
4,20-21,31.622776601683793,16204395.431209275,11871020.146010637,0.9528644658718025,False
4,20-21,56.23413251903491,16180021.011329584,11887819.973426582,0.9530061604169048,False
4,20-21,100.0,16166983.200373942,11898329.437948853,0.9530818648849697,False
4,20-21,177.82794100389228,16159955.881021125,11904633.56135575,0.9531226439291972,False
4,20-21,316.22776601683796,16156121.325078774,11908315.584532052,0.9531448881133935,False
4,20-21,562.341325190349,16154006.331883332,11910431.862433042,0.9531571548888598,False
4,20-21,1000.0,16152830.878327193,11911636.84720935,0.9531639717223367,False
4,20-21,1778.2794100389228,16152174.419124171,11912319.25987139,0.9531677785246566,False
4,20-21,3162.2776601683795,16151806.730767926,11912704.541732928,0.9531699106792623,False
4,20-21,5623.413251903491,16151600.432968913,11912921.689152127,0.9531711069395715,False
4,20-21,10000.0,16151484.57226554,11913043.954769803,0.9531717787750409,False
4,20-21,17782.794100389227,16151419.46630684,11913112.758770881,0.9531721562994818,False
4,20-21,31622.776601683792,16151382.869522955,11913151.465612013,0.9531723685095032,False
4,20-21,56234.13251903491,16151362.294383502,11913173.23697516,0.9531724878162451,False
4,20-21,100000.0,16151350.72563357,11913185.481464528,0.9531725548985845,False
4,20-21,177827.94100389228,16151344.220522303,11913192.367537836,0.9531725926189815,False
4,20-21,316227.7660168379,16151340.562579615,11913196.240016675,0.9531726138298418,False
4,20-21,562341.3251903491,16151338.505614785,11913198.417720659,0.9531726257573074,False
4,20-21,1000000.0,16151337.348913478,11913199.642349128,0.9531726324645265,False
4,20-21,1778279.410038923,16151336.698457284,11913200.331013236,0.9531726362362453,False
4,20-21,3162277.6601683795,16151336.332680386,11913200.718279067,0.9531726383572298,False
4,20-21,5623413.251903491,16151336.1269894,11913200.936055146,0.9531726395499442,False
4,20-21,10000000.0,16151336.011321003,11913201.05851979,0.9531726402206561,False
4,20-21,17782794.100389227,16151335.946275933,11913201.127386775,0.9531726405978247,False
4,20-21,31622776.60168379,16151335.90969842,11913201.16611354,0.9531726408099221,False
4,20-21,56234132.51903491,16151335.889129363,11913201.187891193,0.9531726409291933,False
4,20-21,100000000.0,16151335.877562543,11913201.200137682,0.9531726409962644,True
4,21-22,0.0001,16343973.637380214,12628148.129869863,0.9528378027888389,False
4,21-22,0.00017782794100389227,16346556.13698536,12632858.230060589,0.9528228974811266,False
4,21-22,0.00031622776601683794,16351129.423374029,12641115.105450178,0.9527964962526512,False
4,21-22,0.0005623413251903491,16359200.182232143,12655430.063128805,0.9527498863693563,False
4,21-22,0.001,16373350.015087213,12679766.524763912,0.9526681133796878,False
4,21-22,0.0017782794100389228,16397843.07925599,12719735.638437841,0.9525263989422884,False
4,21-22,0.0031622776601683794,16439178.922428466,12781505.225382702,0.9522867534366607,False
4,21-22,0.005623413251903491,16505518.637897348,12867183.268158687,0.9519008862459268,False
4,21-22,0.01,16602158.35005149,12980084.658537192,0.95133599732008,False
4,21-22,0.01778279410038923,16719776.41319435,13134207.356059024,0.950644034186066,False
4,21-22,0.03162277660168379,16820568.978555724,13304676.927019175,0.9500471710543976,False
4,21-22,0.05623413251903491,16843528.28125566,13360927.611040516,0.9499107113611964,False
4,21-22,0.1,16741829.745211978,13233092.65917684,0.950513747594406,False
4,21-22,0.1778279410038923,16520971.074144715,12958847.44639773,0.9518107834846519,False
4,21-22,0.31622776601683794,16235751.693982063,12573546.815188233,0.9534603058205465,False
4,21-22,0.5623413251903491,15955121.248352509,12183924.212515417,0.9550552528481562,False
4,21-22,1.0,15730097.016987212,11921405.86726049,0.9563140759770791,False
4,21-22,1.7782794100389228,15578735.876493655,11716868.124694096,0.9571507571447168,False
4,21-22,3.1622776601683795,15490231.106099393,11615569.343522122,0.9576362381214849,False
4,21-22,5.623413251903491,15442695.666137693,11588416.756203128,0.9578958456334989,False
4,21-22,10.0,15417776.209079692,11589966.39845348,0.9580316206492636,False
4,21-22,17.78279410038923,15404488.548241513,11588234.942091115,0.9581039295575738,False
4,21-22,31.622776601683793,15397218.021287123,11585903.29573467,0.9581434679849895,False
4,21-22,56.23413251903491,15393173.676401166,11583992.209479623,0.9581654537772948,False
4,21-22,100.0,15390907.713634163,11582682.501687882,0.9581777694373254,False
4,21-22,177.82794100389228,15389634.903762005,11581861.248056732,0.9581846864493463,False
4,21-22,316.22776601683796,15388919.377551308,11581370.45233512,0.9581885746841864,False
4,21-22,562.341325190349,15388517.038939046,11581084.872789264,0.9581907609495788,False
4,21-22,1000.0,15388290.790055774,11580921.169173978,0.9581919903369309,False
4,21-22,1778.2794100389228,15388163.560562411,11580828.113692973,0.9581926816664582,False
4,21-22,3162.2776601683795,15388092.013811568,11580775.466464574,0.9581930704290058,False
4,21-22,5623.413251903491,15388051.779966943,11580745.759628197,0.9581932890462728,False
4,21-22,10000.0,15388029.154758992,11580729.022183543,0.958193411983841,False
4,21-22,17782.794100389227,15388016.43165111,11580719.599872444,0.9581934811167371,False
4,21-22,31622.776601683792,15388009.276915705,11580714.298103785,0.9581935199930293,False
4,21-22,56234.13251903491,15388005.253510352,11580711.315683406,0.9581935418547776,False
4,21-22,100000.0,15388002.990982633,11580709.638223568,0.958193554148543,False
4,21-22,177827.94100389228,15388001.718669599,11580708.694816867,0.9581935610618356,False
4,21-22,316227.7660168379,15388001.003195332,11580708.16426811,0.958193564949466,False
4,21-22,562341.3251903491,15388000.600854574,11580707.865908463,0.9581935671356411,False
4,21-22,1000000.0,15388000.374601727,11580707.698125273,0.9581935683650177,False
4,21-22,1778279.410038923,15388000.2473704,11580707.60377284,0.958193569056347,False
4,21-22,3162277.6601683795,15388000.175822964,11580707.550714243,0.95819356944511,False
4,21-22,5623413.251903491,15388000.135588894,11580707.52087711,0.9581935696637275,False
4,21-22,10000000.0,15388000.112963604,11580707.504098417,0.9581935697866653,False
4,21-22,17782794.100389227,15388000.10024047,11580707.494663054,0.9581935698557982,False
4,21-22,31622776.60168379,15388000.093085725,11580707.489357153,0.9581935698946744,False
4,21-22,56234132.51903491,15388000.089062316,11580707.486373432,0.9581935699165363,False
4,21-22,100000000.0,15388000.08679979,11580707.484695548,0.95819356992883,True
4,22-23,0.0001,26251074.751622345,21945795.94774309,0.8792032563297573,False
4,22-23,0.00017782794100389227,26225230.8520127,21920718.74117982,0.879440985430597,False
4,22-23,0.00031622776601683794,26179802.524937868,21876497.104775894,0.8798582973560793,False
4,22-23,0.0005623413251903491,26100652.449517626,21799013.827725682,0.8805836542470197,False
4,22-23,0.001,25964855.433069877,21664754.156996567,0.881823025410736,False
4,22-23,0.0017782794100389228,25737923.99376086,21436497.939474065,0.8838797190639784,False
4,22-23,0.0031622776601683794,25374930.274862383,21066926.98839961,0.8871320167770242,False
4,22-23,0.005623413251903491,24833130.19686525,20531854.71127667,0.891900426424789,False
4,22-23,0.01,24102078.928951714,19752937.38720024,0.8981713330354442,False
4,22-23,0.01778279410038923,23234299.83262341,18725212.87702088,0.9053718763202308,False
4,22-23,0.03162277660168379,22327219.534575444,17662823.795225568,0.9126163190285712,False
4,22-23,0.05623413251903491,21448846.87922508,16549878.586004233,0.9193565781323224,False
4,22-23,0.1,20603570.97226942,15726471.689071845,0.9255874742584329,False
4,22-23,0.1778279410038923,19783160.643909976,14936760.995419143,0.9313955313585753,False
4,22-23,0.31622776601683794,19010384.262214877,14283219.751525646,0.9366505511597125,False
4,22-23,0.5623413251903491,18325999.32383677,13660344.929150969,0.9411296819373978,False
4,22-23,1.0,17758590.577736042,13140505.886295345,0.9447187264902797,False
4,22-23,1.7782794100389228,17312962.456975456,12697284.957090614,0.9474583358172148,False
4,22-23,3.1622776601683795,16979070.237370543,12328744.703299522,0.9494653968451199,False
4,22-23,5.623413251903491,16742311.909153348,12030247.604931943,0.9508648929090343,False
4,22-23,10.0,16585648.505033724,11883409.202649541,0.9517801378681553,False
4,22-23,17.78279410038923,16489237.273498408,11881462.194597613,0.9523391059806262,False
4,22-23,31.622776601683793,16433222.270449277,11883338.592370454,0.9526623702366198,False
4,22-23,56.23413251903491,16401724.908744266,11885918.049965126,0.9528436592767611,False
4,22-23,100.0,16384222.425353715,11888012.75919212,0.9529442478066413,False
4,22-23,177.82794100389228,16374503.008140016,11889432.423862139,0.9530000598947006,False
4,22-23,316.22776601683796,16369089.122379465,11890315.182012482,0.9530311338444503,False
4,22-23,562.341325190349,16366063.668497559,11890839.854671948,0.9530484944935618,False
4,22-23,1000.0,16364368.846377872,11891144.131095799,0.9530582183137114,False
4,22-23,1778.2794100389228,16363417.9328598,11891318.21153704,0.9530636736145873,False
4,22-23,3162.2776601683795,16362883.893622963,11891417.054167822,0.9530667372081469,False
4,22-23,5623.413251903491,16362583.80536366,11891472.93963979,0.9530684586641052,False
4,22-23,10000.0,16362415.124750767,11891504.462221038,0.9530694262863885,False
4,22-23,17782.794100389227,16362320.29135504,11891522.219044294,0.9530699702858821,False
4,22-23,31622.776601683792,16362266.969808608,11891532.214054635,0.9530702761566433,False
4,22-23,56234.13251903491,16362236.987176696,11891537.837704258,0.9530704481469121,False
4,22-23,100000.0,16362220.127424391,11891541.001077197,0.9530705448598753,False
4,22-23,177827.94100389228,16362210.646716934,11891542.780276904,0.9530705992442197,False
4,22-23,316227.7660168379,16362205.31539545,11891543.780890692,0.9530706298263564,False
4,22-23,562341.3251903491,16362202.317395873,11891544.34360762,0.9530706470238204,False
4,22-23,1000000.0,16362200.631504029,11891544.660056222,0.9530706566946224,False
4,22-23,1778279.410038923,16362199.683459664,11891544.838011412,0.9530706621329005,False
4,22-23,3162277.6601683795,16362199.150335861,11891544.938083917,0.9530706651910646,False
4,22-23,5623413.251903491,16362198.85053854,11891544.994359134,0.9530706669107954,False
4,22-23,10000000.0,16362198.68195019,11891545.026005113,0.9530706678778708,False
4,22-23,17782794.100389227,16362198.58714601,11891545.043800982,0.953070668421697,False
4,22-23,31622776.60168379,16362198.53383371,11891545.053808335,0.9530706687275129,False
4,22-23,56234132.51903491,16362198.503854007,11891545.059435895,0.9530706688994859,False
4,22-23,100000000.0,16362198.48699518,11891545.062600505,0.9530706689961933,True
4,23-24,0.0001,15780549.17131316,11585468.292264482,0.9559174120190189,True
4,23-24,0.00017782794100389227,15782922.65944851,11586600.134105386,0.9559041504567171,False
4,23-24,0.00031622776601683794,15787101.37455608,11588531.205440253,0.9558807975721243,False
4,23-24,0.0005623413251903491,15794402.480633313,11591714.521486675,0.9558399802675452,False
4,23-24,0.001,15806991.725007797,11596623.100019049,0.9557695549579796,False
4,23-24,0.0017782794100389228,15828218.026957791,11608261.11243433,0.9556506861483717,False
4,23-24,0.0031622776601683794,15862717.361758329,11632094.491310548,0.9554571470842512,False
4,23-24,0.005623413251903491,15915719.376855617,11662641.113682576,0.9551589881906619,False
4,23-24,0.01,15991097.67489044,11707513.382067015,0.9547332401413379,False
4,23-24,0.01778279410038923,16089229.807991939,11784467.503531275,0.9541759608696055,False
4,23-24,0.03162277660168379,16206738.49275753,11952944.721135944,0.9535041591164481,False
4,23-24,0.05623413251903491,16334542.498900972,12070616.655981867,0.9527679486798465,False
4,23-24,0.1,16448988.823019328,12073609.660018997,0.9521037768707938,False
4,23-24,0.1778279410038923,16513244.956872031,11955370.232096314,0.9517288435106208,False
4,23-24,0.31622776601683794,16505531.656015864,11867328.169491956,0.9517739276835249,False
4,23-24,0.5623413251903491,16439221.721907122,11860002.917811062,0.9521606397420183,False
4,23-24,1.0,16345015.606967395,11756301.590548614,0.9527073623538254,False
4,23-24,1.7782794100389228,16247047.291460222,11672473.659504678,0.953272586033277,False
4,23-24,3.1622776601683795,16158820.45077608,11577686.353291687,0.9537786987391977,False
4,23-24,5.623413251903491,16086958.04810318,11477706.878803324,0.9541889004404689,False
4,23-24,10.0,16033348.237361085,11443835.261572195,0.9544937227921142,False
4,23-24,17.78279410038923,15996477.481511548,11456566.68998896,0.9547027772696133,False
4,23-24,31.622776601683793,15972823.24033646,11468061.744461518,0.9548366416446284,False
4,23-24,56.23413251903491,15958409.758571712,11476276.246298276,0.9549181134704434,False
4,23-24,100.0,15949916.673248148,11481017.263455939,0.9549660859725766,False
4,23-24,177.82794100389228,15945011.872447617,11483729.670321312,0.9549937787085371,False
4,23-24,316.22776601683796,15942211.977930415,11485271.259821238,0.9550095832259028,False
4,23-24,562.341325190349,15940624.126862187,11486143.6302682,0.9550185449087361,False
4,23-24,1000.0,15939726.962935893,11486635.990140485,0.9550236080233163,False
4,23-24,1778.2794100389228,15939221.102246592,11486913.441431947,0.9550264627055423,False
4,23-24,3162.2776601683795,15938936.208723295,11487069.648202095,0.955028070381966,False
4,23-24,5623.413251903491,15938775.86610983,11487157.548406402,0.9550289751952312,False
4,23-24,10000.0,15938685.656050654,11487206.996944373,0.9550294842465363,False
4,23-24,17782.794100389227,15938634.913673589,11487234.809800461,0.9550297705822209,False
4,23-24,31622.776601683792,15938606.374857813,11487250.45198648,0.9550299316243618,False
4,23-24,56234.13251903491,15938590.324948687,11487259.24882506,0.9550300221925244,False
4,23-24,100000.0,15938581.298993438,11487264.19583788,0.9550300731251206,False
4,23-24,177827.94100389228,15938576.223190414,11487266.97780674,0.9550301017673756,False
4,23-24,316227.7660168379,15938573.36881381,11487268.542241503,0.9550301178743367,False
4,23-24,562341.3251903491,15938571.763666352,11487269.421993734,0.9550301269320216,False
4,23-24,1000000.0,15938570.861021327,11487269.916716639,0.955030132025556,False
4,23-24,1778279.410038923,15938570.353425363,11487270.194920368,0.9550301348898684,False
4,23-24,3162277.6601683795,15938570.067982752,11487270.351366008,0.955030136500592,False
4,23-24,5623413.251903491,15938569.90746644,11487270.43934191,0.9550301374063691,False
4,23-24,10000000.0,15938569.817201443,11487270.488814414,0.9550301379157253,False
4,23-24,17782794.100389227,15938569.76644169,11487270.516634855,0.9550301382021574,False
4,23-24,31622776.60168379,15938569.73789738,11487270.532279449,0.95503013836323,False
4,23-24,56234132.51903491,15938569.721845733,11487270.541077044,0.9550301384538079,False
4,23-24,100000000.0,15938569.712819226,11487270.5460243,0.9550301385047435,False
4,24-25,0.0001,27067963.17508949,23713014.097436205,0.869273306025624,False
4,24-25,0.00017782794100389227,27040818.396700565,23685899.344924785,0.8695353699131645,False
4,24-25,0.00031622776601683794,26992912.75012904,23637999.55456318,0.8699972239967769,False
4,24-25,0.0005623413251903491,26908858.470705632,23553809.550067987,0.8708056047969628,False
4,24-25,0.001,26762868.13257283,23407138.248276785,0.8722036551236771,False
4,24-25,0.0017782794100389228,26513691.931128632,23155478.038602576,0.8745722776811395,False
4,24-25,0.0031622776601683794,26100679.276391603,22738469.146689437,0.8784495014587537,False
4,24-25,0.005623413251903491,25447705.199339703,22077050.203553755,0.8844552082240388,False
4,24-25,0.01,24486690.874541104,21081457.94535589,0.8930173573423672,False
4,24-25,0.01778279410038923,23205679.996815197,19770142.085949752,0.9039180690593753,False
4,24-25,0.03162277660168379,21693274.287219353,18176975.407556526,0.9160340242558943,False
4,24-25,0.05623413251903491,20125237.521971665,16419036.570516286,0.9277338108181593,False
4,24-25,0.1,18692782.692319043,14890197.866321582,0.9376550847775792,False
4,24-25,0.1778279410038923,17541652.230202936,13597248.038095392,0.945097247537876,False
4,24-25,0.31622776601683794,16749029.275690516,12665384.436401933,0.9499467355065574,False
4,24-25,0.5623413251903491,16309993.725683,11997860.47639001,0.9525363959714306,False
4,24-25,1.0,16136822.935628444,11806354.650038067,0.9535389316962417,False
4,24-25,1.7782794100389228,16104022.999873137,11786813.7054717,0.9537276145975503,True
4,24-25,3.1622776601683795,16116811.665060934,11839244.137725594,0.9536540929673417,False
4,24-25,5.623413251903491,16137087.786296738,11858832.334456317,0.9535374065700107,False
4,24-25,10.0,16159185.460915452,11876549.156659313,0.9534100703042995,False
4,24-25,17.78279410038923,16181977.98758824,11885913.112449322,0.9532785474470076,False
4,24-25,31.622776601683793,16202136.58075404,11909879.629388466,0.9531620690536263,False
4,24-25,56.23413251903491,16217358.729587384,11940126.066442225,0.9530740178417153,False
4,24-25,100.0,16227600.341157816,11958303.891296692,0.9530147295884628,False
4,24-25,177.82794100389228,16233999.607605392,11968944.016101154,0.9529776655072436,False
4,24-25,316.22776601683796,16237823.487487737,11975069.464758126,0.9529555109008769,False
4,24-25,562.341325190349,16240049.57424406,11978560.892024377,0.9529426111064253,False
4,24-25,1000.0,16241326.203017665,11980539.432014775,0.9529352124617801,False
4,24-25,1778.2794100389228,16242052.105482612,11981656.907771388,0.952931005267325,False
4,24-25,3162.2776601683795,16242462.869005153,11982286.859473858,0.952928624475731,False
4,24-25,5623.413251903491,16242694.672488546,11982641.599260507,0.9529272809126565,False
4,24-25,10000.0,16242825.283543259,11982841.240034403,0.9529265238655862,False
4,24-25,17782.794100389227,16242898.813405182,11982953.555668924,0.9529260976695305,False
4,24-25,31622.776601683792,16242940.188203147,11983016.73101803,0.9529258578508009,False
4,24-25,56234.13251903491,16242963.463163005,11983052.262071196,0.9529257229430144,False
4,24-25,100000.0,16242976.554229114,11983072.244214399,0.9529256470636684,False
4,24-25,177827.94100389228,16242983.91669715,11983083.481493847,0.9529256043887935,False
4,24-25,316227.7660168379,16242988.05717669,11983089.800836854,0.952925580389435,False
4,24-25,562341.3251903491,16242990.385621518,11983093.354514042,0.9529255668931256,False
4,24-25,1000000.0,16242991.695028218,11983095.352909219,0.9529255593034417,False
4,24-25,1778279.410038923,16242992.431369936,11983096.476694366,0.952925555035401,False
4,24-25,3162277.6601683795,16242992.845447894,11983097.108646745,0.9529255526352902,False
4,24-25,5623413.251903491,16242993.078301873,11983097.464020185,0.952925551285604,False
4,24-25,10000000.0,16242993.209245544,11983097.663861515,0.9529255505266181,False
4,24-25,17782794.100389227,16242993.282880664,11983097.776240598,0.9529255500998084,False
4,24-25,31622776.60168379,16242993.324288758,11983097.83943602,0.9529255498597956,False
4,24-25,56234132.51903491,16242993.347574254,11983097.874973416,0.9529255497248265,False
4,24-25,100000000.0,16242993.360668652,11983097.894957567,0.9529255496489277,False
4,25-26,0.0001,22643445.83964983,18286161.92477244,0.909468113354795,False
4,25-26,0.00017782794100389227,22642152.097302087,18285008.29116243,0.9094784582104688,False
4,25-26,0.00031622776601683794,22639815.576115023,18282881.154325563,0.9094971397020849,False
4,25-26,0.0005623413251903491,22635550.78323511,18278867.263089642,0.9095312335840472,False
4,25-26,0.001,22627639.270864103,18271040.86626544,0.909594463296372,False
4,25-26,0.0017782794100389228,22612636.74080785,18255165.369951498,0.9097143045344186,False
4,25-26,0.0031622776601683794,22583502.4995387,18228707.51424234,0.9099468038002885,False
4,25-26,0.005623413251903491,22526112.153444257,18174891.680105347,0.910403917772815,False
4,25-26,0.01,22414532.266651817,18054255.03286297,0.9112893223191079,False
4,25-26,0.01778279410038923,22209320.906605422,17811170.223241016,0.9129062291738188,False
4,25-26,0.03162277660168379,21867300.816132743,17404233.104596313,0.9155680355034486,False
4,25-26,0.05623413251903491,21364956.957206827,16847519.87275335,0.9194026839061583,False
4,25-26,0.1,20721193.89682969,16087015.740819436,0.9241865806365321,False
4,25-26,0.1778279410038923,19998788.63610848,15241360.102397079,0.9293806173914352,False
4,25-26,0.31622776601683794,19276828.241854005,14442790.01280855,0.9343873330072813,False
4,25-26,0.5623413251903491,18615406.16650241,13913892.618877443,0.9388126607102957,False
4,25-26,1.0,18044226.00964636,13456193.76699267,0.9425099016221783,False
4,25-26,1.7782794100389228,17574740.401756395,13111750.081408959,0.9454626071153793,False
4,25-26,3.1622776601683795,17212115.00439847,12811933.018568508,0.9476899645979359,False
4,25-26,5.623413251903491,16955847.207299903,12554038.782993894,0.9492360363642034,False
4,25-26,10.0,16793952.43906426,12341056.08798726,0.9502007991634517,False
4,25-26,17.78279410038923,16702481.26437893,12266880.436808009,0.9507418017767902,False
4,25-26,31.622776601683793,16654841.063830316,12292296.419937935,0.9510223976620386,False
4,25-26,56.23413251903491,16630913.1761044,12309545.14660853,0.9511630280905514,False
4,25-26,100.0,16618866.588037327,12320429.955929961,0.9512337525063022,False
4,25-26,177.82794100389228,16612661.74312729,12326983.048373848,0.9512701605866934,False
4,25-26,316.22776601683796,16609379.25444817,12330816.64585754,0.9512894157001663,False
4,25-26,562.341325190349,16607604.05781277,12333021.71260735,0.9512998274371814,False
4,25-26,1000.0,16606629.147949105,12334277.727753457,0.9513055449247707,False
4,25-26,1778.2794100389228,16606088.487120332,12334989.180547068,0.9513087155568883,False
4,25-26,3162.2776601683795,16605786.879072161,12335390.900712715,0.9513104842515344,False
4,25-26,5623.413251903491,16605618.046215527,12335617.326018501,0.9513114743097958,False
4,25-26,10000.0,16605523.350307252,12335744.819683233,0.9513120296147539,False
4,25-26,17782.794100389227,16605470.17680172,12335816.567012424,0.9513123414273795,False
4,25-26,31622.776601683792,16605440.299816132,12335856.930076955,0.9513125166273767,False
4,25-26,56234.13251903491,16605423.506561184,12335879.63314064,0.9513126151036463,False
4,25-26,100000.0,16605414.065490372,12335892.401670475,0.9513126704663918,False
4,25-26,177827.94100389228,16605408.757167505,12335899.58246715,0.9513127015945555,False
4,25-26,316227.7660168379,16605405.77232534,12335903.620691793,0.9513127190977546,False
4,25-26,562341.3251903491,16605404.093903387,12335905.891604863,0.9513127289400671,False
4,25-26,1000000.0,16605403.150082087,12335907.16864973,0.9513127344746608,False
4,25-26,1778279.410038923,16605402.619340176,12335907.88679007,0.9513127375869457,False
4,25-26,3162277.6601683795,16605402.32088455,12335908.290631732,0.9513127393370975,False
4,25-26,5623413.251903491,16605402.153051382,12335908.517729107,0.9513127403212756,False
4,25-26,10000000.0,16605402.058672123,12335908.645435514,0.9513127408747181,False
4,25-26,17782794.100389227,16605402.005598828,12335908.717250157,0.9513127411859412,False
4,25-26,31622776.60168379,16605401.97575356,12335908.757634519,0.9513127413609547,False
4,25-26,56234132.51903491,16605401.958970329,12335908.780344306,0.9513127414593721,False
4,25-26,100000000.0,16605401.949532425,12335908.79311497,0.9513127415147161,True
5,10-11,0.0001,32620475.667387396,27377967.90123393,0.7048299653012735,False
5,10-11,0.00017782794100389227,32590071.892266415,27346959.79850056,0.7053799328264344,False
5,10-11,0.00031622776601683794,32536595.353260007,27292259.638767265,0.7063460144776363,False
5,10-11,0.0005623413251903491,32443319.47691715,27196355.84908,0.708027294927495,False
5,10-11,0.001,32282964.00668653,27029998.92164047,0.7109063908725486,False
5,10-11,0.0017782794100389228,32013996.361807995,26780873.534757275,0.7157035284037891,False
5,10-11,0.0031622776601683794,31580773.556408606,26383747.109230988,0.7233458339639818,False
5,10-11,0.005623413251903491,30925705.59206256,25755781.42210328,0.7347038658878637,False
5,10-11,0.01,30020650.310975887,24830973.260787424,0.7500046799481264,False
5,10-11,0.01778279410038923,28903524.239768475,23716506.70060762,0.7682641169183195,False
5,10-11,0.03162277660168379,27675293.987920526,22480500.58352636,0.7875404911568645,False
5,10-11,0.05623413251903491,26440857.29412854,21176124.79686505,0.8060710028581128,False
5,10-11,0.1,25260187.573768336,19815357.18667411,0.8230034384688376,False
5,10-11,0.1778279410038923,24164244.51608334,18622404.13154278,0.8380286766396361,False
5,10-11,0.31622776601683794,23187729.1007576,17484467.188412733,0.8508551976138122,False
5,10-11,0.5623413251903491,22360509.746296495,16586841.18418146,0.8613068260931978,False
5,10-11,1.0,21685776.907325104,16299658.680079632,0.869550728382235,False
5,10-11,1.7782794100389228,21147656.707791165,16129300.299427334,0.875944452183006,False
5,10-11,3.1622776601683795,20731450.782854114,15887838.743763464,0.8807794620328732,False
5,10-11,5.623413251903491,20427480.52920414,15660276.63983726,0.884249920592463,False
5,10-11,10.0,20222572.082698394,15452139.976713287,0.8865604561691015,False
5,10-11,17.78279410038923,20095419.591874342,15427216.421127874,0.8879825080795891,False
5,10-11,31.622776601683793,20021373.892979115,15425144.347798767,0.8888064901024846,False
5,10-11,56.23413251903491,19979741.34449599,15422001.4977382,0.8892684420297978,False
5,10-11,100.0,19956621.528726675,15419467.981963245,0.8895245626625463,False
5,10-11,177.82794100389228,19943789.89909383,15417769.758101631,0.8896665831100897,False
5,10-11,316.22776601683796,19936645.170143843,15416721.939141456,0.8897456213630773,False
5,10-11,562.341325190349,19932653.39690198,15416102.131245125,0.8897897678495683,False
5,10-11,1000.0,19930417.56140027,15415743.69223499,0.8898144909132605,False
5,10-11,1778.2794100389228,19929163.20072457,15415538.956667094,0.8898283599674204,False
5,10-11,3162.2776601683795,19928458.77528506,15415422.815347616,0.8898361481854795,False
5,10-11,5623.413251903491,19928062.953400828,15415357.183543282,0.8898405243222239,False
5,10-11,10000.0,19927840.463798434,15415320.17440174,0.8898429840897569,False
5,10-11,17782.794100389227,19927715.379634455,15415299.33044002,0.8898443669646372,False
5,10-11,31622.776601683792,19927645.049445797,15415287.598831367,0.8898451445001082,False
5,10-11,56234.13251903491,19927605.50297943,15415280.998440068,0.8898455817049014,False
5,10-11,100000.0,19927583.265349787,15415277.285747834,0.8898458275519793,False
5,10-11,177827.94100389228,19927570.76052256,15415275.197625171,0.8898459657983933,False
5,10-11,316227.7660168379,19927563.72863977,15415274.023285542,0.8898460435389397,False
5,10-11,562341.3251903491,19927559.77435259,15415273.362873591,0.8898460872553057,False
5,10-11,1000000.0,19927557.55070333,15415272.991486464,0.8898461118387123,False
5,10-11,1778279.410038923,19927556.30025657,15415272.782636907,0.8898461256629422,False
5,10-11,3162277.6601683795,19927555.59707967,15415272.665191144,0.8898461334368667,False
5,10-11,5623413.251903491,19927555.20165454,15415272.599146223,0.8898461378084622,False
5,10-11,10000000.0,19927554.979290754,15415272.562006323,0.8898461402667899,False
5,10-11,17782794.100389227,19927554.854246445,15415272.54112101,0.8898461416492086,False
5,10-11,31622776.60168379,19927554.783928864,15415272.529376308,0.8898461424265998,False
5,10-11,56234132.51903491,19927554.744386382,15415272.52277178,0.889846142863759,False
5,10-11,100000000.0,19927554.72215001,15415272.519057775,0.8898461431095916,True
5,11-12,0.0001,32658455.108495053,27272799.38545101,0.7056194320675924,False
5,11-12,0.00017782794100389227,32626747.849517327,27240687.750885088,0.7061907677173067,False
5,11-12,0.00031622776601683794,32570884.773959175,27184031.171107467,0.7071960187638074,False
5,11-12,0.0005623413251903491,32473159.24550025,27090532.550750025,0.7089504381913805,False
5,11-12,0.001,32304299.17899283,26933387.701618023,0.7119694772064165,False
5,11-12,0.0017782794100389228,32018630.54104316,26664829.19774274,0.7170410918406511,False
5,11-12,0.0031622776601683794,31552074.65546555,26218511.345883183,0.7252272205127697,False
5,11-12,0.005623413251903491,30831626.897902027,25508922.115411464,0.7376320700034207,False
5,11-12,0.01,29807723.844612263,24452245.406511996,0.7547689298940248,False
5,11-12,0.01778279410038923,28504075.661651824,23140370.367193718,0.7757503419424966,False
5,11-12,0.03162277660168379,27036796.324253302,21710338.73917102,0.798243133612064,False
5,11-12,0.05623413251903491,25555190.55447899,20133941.43586748,0.8197496517261499,False
5,11-12,0.1,24162665.750868063,18854049.595605854,0.83885844224927,False
5,11-12,0.1778279410038923,22913907.485406704,17847057.60381279,0.8550840541346043,False
5,11-12,0.31622776601683794,21848845.49114777,16828075.97437696,0.868242649769673,False
5,11-12,0.5623413251903491,20991006.626881696,16036867.843324697,0.8783857693651567,False
5,11-12,1.0,20336577.393172868,15401247.63456617,0.8858506105750575,False
5,11-12,1.7782794100389228,19863402.467734497,14941215.82308861,0.8911006845537511,False
5,11-12,3.1622776601683795,19546300.403211746,14653939.613692056,0.8945498981970635,False
5,11-12,5.623413251903491,19363779.4549363,14399553.851103699,0.8965100635287095,False
5,11-12,10.0,19289665.911591012,14194087.926849874,0.8973007488077306,False
5,11-12,17.78279410038923,19285247.87668465,14291798.121415151,0.8973477871461341,True
5,11-12,31.622776601683793,19310643.767539255,14378679.994506316,0.8970772528086709,False
5,11-12,56.23413251903491,19340031.445676077,14439706.034017185,0.896763750874083,False
5,11-12,100.0,19363192.501214497,14479996.902404984,0.8965163373951199,False
5,11-12,177.82794100389228,19378767.110127307,14504338.628250223,0.896349798147104,False
5,11-12,316.22776601683796,19388428.695542175,14518608.135926463,0.8962464195460977,False
5,11-12,562.341325190349,19394166.681486644,14526825.719081895,0.8961849989234868,False
5,11-12,1000.0,19397493.436840463,14531509.695699787,0.8961493803029624,False
5,11-12,1778.2794100389228,19399396.51748896,14534163.903292147,0.8961290018143372,False
5,11-12,3162.2776601683795,19400477.036926888,14535662.925204705,0.8961174305514752,False
5,11-12,5623.413251903491,19401087.948876355,14536507.937864017,0.8961108880214015,False
5,11-12,10000.0,19401432.5346021,14536983.773785522,0.8961071976074355,False
5,11-12,17782.794100389227,19401626.640454862,14537251.56199583,0.8961051187607476,False
5,11-12,31622.776601683792,19401735.899011955,14537402.215578528,0.8961039486076479,False
5,11-12,56234.13251903491,19401797.372781225,14537486.954944436,0.8961032902240844,False
5,11-12,100000.0,19401831.95251451,14537534.613917623,0.8961029198745084,False
5,11-12,177827.94100389228,19401851.40144625,14537561.416591767,0.8961027115758038,False
5,11-12,316227.7660168379,19401862.33943388,14537576.489495803,0.8961025944295014,False
5,11-12,562341.3251903491,19401868.490648273,14537584.965819083,0.8961025285497104,False
5,11-12,1000000.0,19401871.949835297,14537589.732471215,0.896102491501648,False
5,11-12,1778279.410038923,19401873.895112317,14537592.412977349,0.8961024706676329,False
5,11-12,3162277.6601683795,19401874.98903247,14537593.92034324,0.896102458951692,False
5,11-12,5623413.251903491,19401875.60419229,14537594.767999442,0.8961024523632986,False
5,11-12,10000000.0,19401875.950123124,14537595.2446722,0.8961024486583613,False
5,11-12,17782794.100389227,19401876.144654673,14537595.512725199,0.8961024465749182,False
5,11-12,31622776.60168379,19401876.254047897,14537595.663462544,0.8961024454033111,False
5,11-12,56234132.51903491,19401876.315564267,14537595.748228403,0.8961024447444675,False
5,11-12,100000000.0,19401876.350157466,14537595.795895748,0.8961024443739726,False
5,12-13,0.0001,33199566.151072685,29340508.933161512,0.7157293561370024,False
5,12-13,0.00017782794100389227,33153125.46904656,29289728.122045677,0.7165240947797755,False
5,12-13,0.00031622776601683794,33071428.927519336,29200229.775699925,0.7179194664871102,False
5,12-13,0.0005623413251903491,32928895.000881072,29043568.199608468,0.7203456939427555,False
5,12-13,0.001,32683773.800035454,28772581.58825926,0.7244936655497756,False
5,12-13,0.0017782794100389228,32272502.9380043,28313276.987788264,0.7313836185783169,False
5,12-13,0.0031622776601683794,31610289.123884395,27560695.70937809,0.7422942358492333,False
5,12-13,0.005623413251903491,30611758.38459913,26420724.132822175,0.7583183095359874,False
5,12-13,0.01,29245608.874759674,24890465.69623189,0.7794086231645437,False
5,12-13,0.01778279410038923,27600838.118558437,22908303.688903116,0.803522991912083,False
5,12-13,0.03162277660168379,25876234.918923166,20684316.057559513,0.8273091342179918,False
5,12-13,0.05623413251903491,24249945.719557233,18650314.151107125,0.8483338236305482,False
5,12-13,0.1,22781707.244282704,16805941.769775067,0.8661434184695391,False
5,12-13,0.1778279410038923,21474266.28085433,15522303.024611533,0.8810665917791072,False
5,12-13,0.31622776601683794,20353639.311451163,14796869.077459501,0.8931557033463863,False
5,12-13,0.5623413251903491,19447422.68336583,14102380.362779431,0.9024580792131097,False
5,12-13,1.0,18743465.936709687,13724343.797237942,0.9093919051545911,False
5,12-13,1.7782794100389228,18203777.711036645,13457129.943872316,0.9145346169206873,False
5,12-13,3.1622776601683795,17794744.29532136,13282402.96119464,0.9183322294840893,False
5,12-13,5.623413251903491,17496213.642698895,13086732.690505063,0.921049416769479,False
5,12-13,10.0,17294196.254020166,12904989.142390661,0.9228620731953071,False
5,12-13,17.78279410038923,17170123.44758294,12758765.045449577,0.9239649157418061,False
5,12-13,31.622776601683793,17100084.000253588,12735978.314274129,0.9245839670420989,False
5,12-13,56.23413251903491,17062418.18194337,12744209.18321708,0.9249158341998898,False
5,12-13,100.0,17042426.09194065,12748831.484023063,0.9250916838325538,False
5,12-13,177.82794100389228,17031733.531630617,12751431.92356147,0.9251856505505552,False
5,12-13,316.22776601683796,17025934.020167414,12752895.411367584,0.9252365922594077,False
5,12-13,562.341325190349,17022748.278019745,12753718.929237183,0.925264567776766,False
5,12-13,1000.0,17020982.25980967,12754182.23215649,0.9252800737674285,False
5,12-13,1778.2794100389228,17019997.495528236,12754442.83785562,0.925288719494776,False
5,12-13,3162.2776601683795,17019446.4125282,12754589.41097357,0.9252935575037194,False
5,12-13,5623.413251903491,17019137.376221392,12754671.8428293,0.9252962704936627,False
5,12-13,10000.0,17018963.8661471,12754718.200153613,0.9252977936946684,False
5,12-13,17782.794100389227,17018866.381155822,12754744.269585788,0.925298649483908,False
5,12-13,31622.776601683792,17018811.588849604,12754758.929756856,0.9252991304857083,False
5,12-13,56234.13251903491,17018780.785587944,12754767.173856799,0.9252994008956996,False
5,12-13,100000.0,17018763.466399077,12754771.809880208,0.9252995529339851,False
5,12-13,177827.94100389228,17018753.72797596,12754774.416915765,0.9252996384236688,False
5,12-13,316227.7660168379,17018748.251934167,12754775.882962141,0.9252996864956067,False
5,12-13,562341.3251903491,17018745.172616847,12754776.707381396,0.9252997135276709,False
5,12-13,1000000.0,17018743.441017058,12754777.17098667,0.9252997287286735,False
5,12-13,1778279.410038923,17018742.467275668,12754777.431691146,0.925299737276748,False
5,12-13,3162277.6601683795,17018741.919703398,12754777.578296075,0.9252997420836592,False
5,12-13,5623413.251903491,17018741.61178177,12754777.660738094,0.9252997447867761,False
5,12-13,10000000.0,17018741.438624974,12754777.707098646,0.9252997463068482,False
5,12-13,17782794.100389227,17018741.341251843,12754777.733169103,0.9252997471616468,False
5,12-13,31622776.60168379,17018741.286494937,12754777.747829603,0.925299747642335,False
5,12-13,56234132.51903491,17018741.255702876,12754777.756073803,0.9252997479126458,False
5,12-13,100000000.0,17018741.23838723,12754777.760709872,0.9252997480646526,True
5,13-14,0.0001,37174199.16440537,32714424.79824904,0.6349993634439868,False
5,13-14,0.00017782794100389227,37134164.02063178,32671944.863545433,0.6357851226295299,False
5,13-14,0.00031622776601683794,37063699.20696458,32597031.24124693,0.6371660603273412,False
5,13-14,0.0005623413251903491,36940645.12401463,32465758.698162988,0.6395713291530707,False
5,13-14,0.001,36728658.170033894,32238254.937602814,0.6436961593620265,False
5,13-14,0.0017782794100389228,36371830.86088108,31851336.092242025,0.6505856758902644,False
5,13-14,0.0031622776601683794,35793724.28403476,31213500.050337147,0.6616048297240151,False
5,13-14,0.005623413251903491,34911458.27076993,30212434.60715383,0.6780811860867975,False
5,13-14,0.01,33675654.04957161,28750039.6689291,0.7004685300469036,False
5,13-14,0.01778279410038923,32121162.06337587,26805053.439375423,0.7274834537504579,False
5,13-14,0.03162277660168379,30370522.70517929,24625199.191688363,0.7563788929908842,False
5,13-14,0.05623413251903491,28565002.234966636,22482206.873565543,0.7844843047217622,False
5,13-14,0.1,26808914.211927902,20268089.54279808,0.8101682597654781,False
5,13-14,0.1778279410038923,25181098.12338859,18258331.328961138,0.8325212503965334,False
5,13-14,0.31622776601683794,23745714.78814344,17168008.41422538,0.8510704513268614,False
5,13-14,0.5623413251903491,22538863.603781626,16365248.709729321,0.8658241331120129,False
5,13-14,1.0,21568897.187667023,15822118.79826853,0.8771242279221706,False
5,13-14,1.7782794100389228,20825925.37633654,15469655.296798814,0.8854436955807473,False
5,13-14,3.1622776601683795,20283509.877596397,15154243.233439999,0.8913332708993572,False
5,13-14,5.623413251903491,19904994.538111523,14848790.762824649,0.8953511392984235,False
5,13-14,10.0,19654137.310418773,14579454.554101447,0.8979722402594604,False
5,13-14,17.78279410038923,19497557.594184075,14366748.05517089,0.8995914251721008,False
5,13-14,31.622776601683793,19404903.20454836,14305618.479197605,0.9005434613504193,False
5,13-14,56.23413251903491,19351916.798855584,14288689.986578373,0.9010858654651013,False
5,13-14,100.0,19322086.046655178,14277940.026857952,0.9013905803773729,False
5,13-14,177.82794100389228,19305370.45454927,14271364.725002548,0.901561121161767,False
5,13-14,316.22776601683796,19296005.812173728,14267485.781305846,0.9016565993929917,False
5,13-14,562.341325190349,19290754.236091807,14265244.467886629,0.9017101221350781,False
5,13-14,1000.0,19287806.320987895,14263964.605088776,0.9017401601598122,False
5,13-14,1778.2794100389228,19286150.37464444,14263238.634066498,0.9017570315483937,False
5,13-14,3162.2776601683795,19285219.75568512,14262828.397231566,0.9017665123998302,False
5,13-14,5623.413251903491,19284696.620251123,14262597.070799045,0.9017718417372004,False
5,13-14,10000.0,19284402.500415657,14262466.78558775,0.9017748379605791,False
5,13-14,17782.794100389227,19284237.124047387,14262393.457236866,0.9017765226434121,False
5,13-14,31622.776601683792,19284144.13222993,14262352.201548303,0.9017774699412072,False
5,13-14,56234.13251903491,19284091.84103662,14262328.995402154,0.9017780026240484,False
5,13-14,100000.0,19284062.4361546,14262315.943613052,0.9017783021667042,False
5,13-14,177827.94100389228,19284045.900769494,14262308.603415655,0.9017784706097289,False
5,13-14,316227.7660168379,19284036.602300897,14262304.47551787,0.90177856533151,False
5,13-14,562341.3251903491,19284031.373407267,14262302.154166643,0.9017786185972629,False
5,13-14,1000000.0,19284028.43299047,14262300.84875476,0.9017786485507278,False
5,13-14,1778279.410038923,19284026.779474545,14262300.114661353,0.9017786653947769,False
5,13-14,3162277.6601683795,19284025.849634826,14262299.701848269,0.901778674866875,False
5,13-14,5623413.251903491,19284025.326747734,14262299.469705787,0.9017786801934248,False
5,13-14,10000000.0,19284025.032706752,14262299.339162264,0.9017786831887634,False
5,13-14,17782794.100389227,19284024.86735539,14262299.265752187,0.9017786848731658,False
5,13-14,31622776.60168379,19284024.77437149,14262299.224470643,0.9017786858203748,False
5,13-14,56234132.51903491,19284024.722082805,14262299.201256324,0.9017786863530295,False
5,13-14,100000000.0,19284024.692678712,14262299.188201945,0.9017786866525632,True
5,14-15,0.0001,28365915.34575306,23784001.850698058,0.7800503294853984,False
5,14-15,0.00017782794100389227,28361737.33784787,23785049.33718627,0.7801151173672559,False
5,14-15,0.00031622776601683794,28354357.861635566,23786714.888230816,0.7802295267310935,False
5,14-15,0.0005623413251903491,28341385.98936184,23789072.180760097,0.7804305668961845,False
5,14-15,0.001,28318754.953920234,23791453.95528905,0.780781086075397,False
5,14-15,0.0017782794100389228,28279692.466695864,23790487.756480295,0.7813854438612915,False
5,14-15,0.0031622776601683794,28213087.991145864,23774843.741381183,0.7824139954376379,False
5,14-15,0.005623413251903491,28100438.172500327,23713961.417449307,0.784148090613053,False
5,14-15,0.01,27909511.614278186,23541663.72199649,0.7870713088393748,False
5,14-15,0.01778279410038923,27585719.644788597,23150067.871533345,0.7919832307040424,False
5,14-15,0.03162277660168379,27057663.30637499,22423044.398405448,0.7998708792134581,False
5,14-15,0.05623413251903491,26281533.12612769,21308785.25643085,0.8111873433390315,False
5,14-15,0.1,25300198.85150209,19869173.73037753,0.8250243642998755,False
5,14-15,0.1778279410038923,24243377.58523869,18636271.827522017,0.8393369667649301,False
5,14-15,0.31622776601683794,23253724.29947772,17615889.551318184,0.8521862793090478,False
5,14-15,0.5623413251903491,22414155.574007854,16971246.809586216,0.8626671367360284,False
5,14-15,1.0,21741121.49819557,16664621.310031183,0.8707907525857712,False
5,14-15,1.7782794100389228,21220682.857792307,16444508.567370476,0.8769027302361341,False
5,14-15,3.1622776601683795,20833776.6517376,16185347.47741879,0.8813505528899879,False
5,14-15,5.623413251903491,20561740.326473724,15925235.77179812,0.8844288456522769,False
5,14-15,10.0,20384496.78204112,15697975.49067067,0.88641271987296,False
5,14-15,17.78279410038923,20278378.035809383,15679322.628271272,0.8875922795029422,False
5,14-15,31.622776601683793,20219049.250877544,15681678.931337694,0.8882490635554887,False
5,14-15,56.23413251903491,20187066.40160829,15681862.96780511,0.8886023231488425,False
5,14-15,100.0,20169951.59639429,15681526.329117639,0.8887911313002007,False
5,14-15,177.82794100389228,20160716.721544992,15681180.4187391,0.888892942637933,False
5,14-15,316.22776601683796,20155672.33709132,15680932.86423862,0.8889485355619147,False
5,14-15,562.341325190349,20152887.92262714,15680776.211450886,0.8889792159520771,False
5,14-15,1000.0,20151339.65472604,15680682.47877284,0.8889962738858223,False
5,14-15,1778.2794100389228,20150474.72690035,15680627.962716835,0.8890058025973283,False
5,14-15,3162.2776601683795,20149990.187210556,15680596.730799718,0.8890111404812339,False
5,14-15,5623.413251903491,20149718.300058097,15680578.985148858,0.8890141356431274,False
5,14-15,10000.0,20149565.59419982,15680568.94814536,0.8890158178629182,False
5,14-15,17782.794100389227,20149479.78088075,15680563.285593567,0.8890167631836209,False
5,14-15,31622.776601683792,20149431.543354213,15680560.095506107,0.8890172945671088,False
5,14-15,56234.13251903491,20149404.423366416,15680558.299753042,0.8890175933197147,False
5,14-15,100000.0,20149389.174564514,15680557.289346477,0.8890177612996767,False
5,14-15,177827.94100389228,20149380.600130264,15680556.720969522,0.8890178557551163,False
5,14-15,316227.7660168379,20149375.778560437,15680556.401289629,0.8890179088692148,False
5,14-15,562341.3251903491,20149373.067252226,15680556.221502066,0.8890179387368036,False
5,14-15,1000000.0,20149371.54259045,15680556.120394265,0.8890179555323734,False
5,14-15,1778279.410038923,20149370.685216103,15680556.063535336,0.8890179649771499,False
5,14-15,3162277.6601683795,20149370.203080975,15680556.031560643,0.889017970288317,False
5,14-15,5623413.251903491,20149369.931957062,15680556.013579758,0.8890179732749991,False
5,14-15,10000000.0,20149369.779493067,15680556.00346831,0.8890179749545318,False
5,14-15,17782794.100389227,20149369.693756323,15680555.997782204,0.8890179758990018,False
5,14-15,31622776.60168379,20149369.64554303,15680555.994584661,0.889017976430116,False
5,14-15,56234132.51903491,20149369.618430708,15680555.992786555,0.8890179767287836,False
5,14-15,100000000.0,20149369.60318433,15680555.9917754,0.8890179768967366,True
5,15-16,0.0001,36706328.19530569,31238684.22546681,0.6444801995466392,False
5,15-16,0.00017782794100389227,36660615.50548897,31196681.892248567,0.6453651503161126,False
5,15-16,0.00031622776601683794,36580088.08583948,31122640.65741946,0.6469213961350827,False
5,15-16,0.0005623413251903491,36439244.55727732,30992985.787580177,0.6496350638209301,False
5,15-16,0.001,36195945.58720676,30768534.28326067,0.654298105046384,False
5,15-16,0.0017782794100389228,35784421.14715452,30387434.995051228,0.6621142318136197,False
5,15-16,0.0031622776601683794,35112041.96320749,29790555.425063636,0.6746924966939114,False
5,15-16,0.005623413251903491,34071363.81021828,28899882.52614476,0.6936901641798576,False
5,15-16,0.01,32582815.067728173,27600746.075405356,0.7198703273865803,False
5,15-16,0.01778279410038923,30665789.59016881,25866707.12903613,0.7518637527699631,False
5,15-16,0.03162277660168379,28489888.579856314,23772504.989114475,0.7858276468759724,False
5,15-16,0.05623413251903491,26337652.351003524,21536858.83517891,0.8169642056314372,False
5,15-16,0.1,24479796.23307981,19455991.976877604,0.8418761049560544,False
5,15-16,0.1778279410038923,23059497.297824934,17546051.277928114,0.859692276749228,False
5,15-16,0.31622776601683794,22067782.797647566,16273664.887789842,0.8715011300803076,False
5,15-16,0.5623413251903491,21396019.941488612,15538060.936170015,0.8792052957711852,False
5,15-16,1.0,20915139.451930624,15344966.98046327,0.8845740557664564,False
5,15-16,1.7782794100389228,20537361.06717114,15193206.008363124,0.8887061455130576,False
5,15-16,3.1622776601683795,20229070.321817633,14984926.068587188,0.8920223789230821,False
5,15-16,5.623413251903491,19987881.12240515,14747556.751290625,0.8945818422402243,False
5,15-16,10.0,19816048.35711739,14520550.984847832,0.8963865788743435,False
5,15-16,17.78279410038923,19706001.590592455,14370062.026699949,0.8975342003211684,False
5,15-16,31.622776601683793,19641320.66660782,14354776.322516013,0.8982057425137079,False
5,15-16,56.23413251903491,19605132.801641922,14343065.328034956,0.8985804956580086,False
5,15-16,100.0,19585242.128169205,14335268.850582127,0.8987861845378874,False
5,15-16,177.82794100389228,19574311.72995066,14330450.770343665,0.8988991265775588,False
5,15-16,316.22776601683796,19568270.809924282,14327593.750577528,0.8989615193765851,False
5,15-16,562.341325190349,19564912.326069232,14326417.801982606,0.8989961986785265,False
5,15-16,1000.0,19563036.905199442,14326543.494505402,0.8990155614597128,False
5,15-16,1778.2794100389228,19561986.636054818,14326614.989147358,0.8990264041518151,False
5,15-16,3162.2776601683795,19561397.438131634,14326655.456164002,0.8990324866155361,False
5,15-16,5623.413251903491,19561066.560357768,14326678.296512527,0.8990359022839334,False
5,15-16,10000.0,19560880.63832201,14326691.167353947,0.8990378215413848,False
5,15-16,17782.794100389227,19560776.132477067,14326698.413658004,0.8990389003383753,False
5,15-16,31622.776601683792,19560717.379039563,14326702.491247399,0.8990395068381083,False
5,15-16,56234.13251903491,19560684.344150808,14326704.78509709,0.8990398478497164,False
5,15-16,100000.0,19560665.768722557,14326706.075293418,0.8990400395993646,False
5,15-16,177827.94100389228,19560655.32345187,14326706.800909476,0.899040147423285,False
5,15-16,316227.7660168379,19560649.449790094,14326707.208980378,0.899040208055603,False
5,15-16,562341.3251903491,19560646.14683339,14326707.438464038,0.8990402421511778,False
5,15-16,1000000.0,19560644.289458916,14326707.567514898,0.8990402613243756,False
5,15-16,1778279.410038923,19560643.244985078,14326707.640086377,0.899040272106209,False
5,15-16,3162277.6601683795,19560642.65763574,14326707.680896593,0.8990402781692639,False
5,15-16,5623413.251903491,19560642.32734539,14326707.703845942,0.8990402815787656,False
5,15-16,10000000.0,19560642.141609624,14326707.71675134,0.8990402834960677,False
5,15-16,17782794.100389227,19560642.037162777,14326707.724008592,0.8990402845742455,False
5,15-16,31622776.60168379,19560641.978428017,14326707.728089647,0.8990402851805491,False
5,15-16,56234132.51903491,19560641.945399035,14326707.730384583,0.8990402855214987,False
5,15-16,100000000.0,19560641.92682548,14326707.73167514,0.8990402857132287,True
5,16-17,0.0001,40719850.84393467,35520837.99587623,0.5488456643247391,False
5,16-17,0.00017782794100389227,40661414.415783174,35469324.82442723,0.5501396244056684,False
5,16-17,0.00031622776601683794,40558554.823750414,35378515.70457855,0.5524127341121838,False
5,16-17,0.0005623413251903491,40378906.607712016,35219496.48323613,0.5563689981288718,False
5,16-17,0.001,40069354.38808882,34944232.794800766,0.5631448415472631,False
5,16-17,0.0017782794100389228,39548092.08718356,34477057.58461055,0.5744370097780171,False
5,16-17,0.0031622776601683794,38703023.18290559,33709676.03199305,0.5924296723640283,False
5,16-17,0.005623413251903491,37412277.26181101,32512649.243276503,0.6191613063226764,False
5,16-17,0.01,35604638.793429814,30781943.013615064,0.6550739882814639,False
5,16-17,0.01778279410038923,33344702.252424728,28519048.17827268,0.6974713802864952,False
5,16-17,0.03162277660168379,30862493.748198606,26027526.17366719,0.7408359200753096,False
5,16-17,0.05623413251903491,28459530.211577453,23629772.201082334,0.7796220027643875,False
5,16-17,0.1,26363648.243845344,21337790.374752413,0.8108859500872971,False
5,16-17,0.1778279410038923,24665900.42957345,19280260.116813097,0.8344585608797063,False
5,16-17,0.31622776601683794,23357943.9062928,17827886.894966234,0.851549385166847,False
5,16-17,0.5623413251903491,22387266.709741384,17010705.014140382,0.8636312295320402,False
5,16-17,1.0,21681298.644402944,16579802.250655113,0.8720962253277444,False
5,16-17,1.7782794100389228,21165662.39665952,16270404.54417227,0.8781076338456872,False
5,16-17,3.1622776601683795,20785355.891582504,15944104.685787398,0.8824486263844531,False
5,16-17,5.623413251903491,20509509.488129016,15642253.485908879,0.8855480158950294,False
5,16-17,10.0,20320201.414831143,15402171.331990642,0.8876511076397836,False
5,16-17,17.78279410038923,20199810.442724936,15318387.171909895,0.8889784295498034,False
5,16-17,31.622776601683793,20128228.14071852,15296222.577837134,0.8897638922007087,False
5,16-17,56.23413251903491,20087400.296317235,15280900.096772194,0.8902106417149644,False
5,16-17,100.0,20064526.607789095,15271174.979601316,0.8904605354529436,False
5,16-17,177.82794100389228,20051766.285489034,15265309.241356246,0.8905998175239488,False
5,16-17,316.22776601683796,20044640.535436913,15261875.655638944,0.8906775582905181,False
5,16-17,562.341325190349,20040652.83387712,15259900.260059936,0.8907210514034879,False
5,16-17,1000.0,20038417.22182199,15258774.981263917,0.8907454310192897,False
5,16-17,1778.2794100389228,20037162.337983295,15258137.56356086,0.8907591144852516,False
5,16-17,3162.2776601683795,20036457.414075825,15257777.642685287,0.8907668007190603,False
5,16-17,5623.413251903491,20036061.247455444,15257574.775961721,0.8907711202570585,False
5,16-17,10000.0,20035838.543651097,15257460.547151545,0.890773548434091,False
5,16-17,17782.794100389227,20035713.332605228,15257396.26455616,0.8907749136193287,False
5,16-17,31622.776601683792,20035642.92903417,15257360.100917269,0.8907756812308923,False
5,16-17,56234.13251903491,20035603.340659607,15257339.759901421,0.8907761128625585,False
5,16-17,100000.0,20035581.079260215,15257328.319818689,0.8907763555780069,False
5,16-17,177827.94100389228,20035568.561002053,15257321.886116501,0.8907764920641259,False
5,16-17,316227.7660168379,20035561.5215462,15257318.268030973,0.8907765688150227,False
5,16-17,562341.3251903491,20035557.562993947,15257316.233384851,0.8907766119749427,False
5,16-17,1000000.0,20035555.336944237,15257315.089204375,0.8907766362454604,False
5,16-17,1778279.410038923,20035554.08514696,15257314.445779689,0.8907766498937475,False
5,16-17,3162277.6601683795,20035553.381210405,15257314.083953924,0.8907766575687344,False
5,16-17,5623413.251903491,20035552.98535803,15257313.880483855,0.890776661884694,False
5,16-17,10000000.0,20035552.76275396,15257313.76606409,0.8907766643117354,False
5,16-17,17782794.100389227,20035552.637574513,15257313.701721065,0.890776665676561,False
5,16-17,31622776.60168379,20035552.56718095,15257313.665538328,0.8907766664440586,False
5,16-17,56234132.51903491,20035552.527595744,15257313.645191269,0.8907766668756542,False
5,16-17,100000000.0,20035552.505335353,15257313.633749275,0.8907766671183582,True
5,17-18,0.0001,32959471.172931954,28971961.690405283,0.7068612377661218,False
5,17-18,0.00017782794100389227,32926380.339227527,28942234.89292854,0.7074495564651115,False
5,17-18,0.00031622776601683794,32868089.23457012,28889720.954368684,0.7084844709262639,False
5,17-18,0.0005623413251903491,32766145.639572665,28797422.264689706,0.710289994451431,False
5,17-18,0.001,32590085.636542547,28636631.958631564,0.7133949864532627,False
5,17-18,0.0017782794100389228,32292493.031871326,28360785.984634332,0.7186052898902509,False
5,17-18,0.0031622776601683794,31807169.37336048,27899644.22218961,0.7269998894630101,False
5,17-18,0.005623413251903491,31059562.687807687,27160494.419110347,0.7396824470147247,False
5,17-18,0.01,30001462.92708719,26049549.216224298,0.7571167059036494,False
5,17-18,0.01778279410038923,28664475.675595835,24523060.47302795,0.7782820858695891,False
5,17-18,0.03162277660168379,27182461.870027263,22889765.87820734,0.8006159768598836,False
5,17-18,0.05623413251903491,25730946.42272177,21175886.364882436,0.8213412459694179,False
5,17-18,0.1,24434871.891117882,19440477.13208207,0.8388861362824779,False
5,17-18,0.1778279410038923,23346275.21307759,17967187.56964879,0.8529219099495898,False
5,17-18,0.31622776601683794,22476683.08978533,16801678.48843382,0.8636744606920003,False
5,17-18,0.5623413251903491,21813176.592718914,16162648.41605066,0.8716042612417711,False
5,17-18,1.0,21320238.1393544,15995305.66236443,0.8773417165968526,False
5,17-18,1.7782794100389228,20953254.15931813,15951089.696206713,0.8815279940973623,False
5,17-18,3.1622776601683795,20677026.953238178,15848515.247288398,0.8846310426728037,False
5,17-18,5.623413251903491,20473310.571662385,15683943.091667192,0.8868931444202407,False
5,17-18,10.0,20333531.50495542,15513764.1909982,0.8884323190758235,False
5,17-18,17.78279410038923,20246835.917025845,15488380.718503822,0.8893816677558818,False
5,17-18,31.622776601683793,20197605.16616423,15499728.388825392,0.8899189569146594,False
5,17-18,56.23413251903491,20171023.965495165,15504298.643017447,0.89020851211923,False
5,17-18,100.0,20156871.80973035,15506126.512997122,0.8903625192897351,False
5,17-18,177.82794100389228,20149284.775060903,15506880.663493387,0.8904450387229247,False
5,17-18,316.22776601683796,20145162.7709194,15507210.079570197,0.8904898581612268,False
5,17-18,562.341325190349,20142896.026638776,15507363.805466227,0.8905145010519234,False
5,17-18,1000.0,20141638.608365428,15507439.988835867,0.8905281698679539,False
5,17-18,1778.2794100389228,20140937.16827481,15507479.53018314,0.8905357945299646,False
5,17-18,3162.2776601683795,20140544.54496571,15507500.712645441,0.8905400622340258,False
5,17-18,5623.413251903491,20140324.340434648,15507512.289584193,0.8905424557584357,False
5,17-18,10000.0,20140200.696104493,15507518.693576157,0.8905437997053322,False
5,17-18,17782.794100389227,20140131.224745076,15507522.261166193,0.8905445548177594,False
5,17-18,31622.776601683792,20140092.17680988,15507524.256721819,0.8905449792444863,False
5,17-18,56234.13251903491,20140070.22445638,15507525.375536341,0.89054521785253,False
5,17-18,100000.0,20140057.881612215,15507526.00362634,0.8905453520112385,False
5,17-18,177827.94100389228,20140050.94131287,15507526.356490243,0.8905454274477538,False
5,17-18,316227.7660168379,20140047.03868298,15507526.554813623,0.8905454698667771,False
5,17-18,562341.3251903491,20140044.84413213,15507526.666305328,0.8905454937200996,False
5,17-18,1000000.0,20140043.61006423,15507526.728991073,0.8905455071336038,False
5,17-18,1778279.410038923,20140042.916102767,15507526.76423848,0.890545514676507,False
5,17-18,3162277.6601683795,20140042.525861427,15507526.784058483,0.8905455189181727,False
5,17-18,5623413.251903491,20140042.30641319,15507526.795203755,0.8905455213034301,False
5,17-18,10000000.0,20140042.18300857,15507526.801471101,0.8905455226447567,False
5,17-18,17782794.100389227,20140042.113613114,15507526.804995453,0.8905455233990395,False
5,17-18,31622776.60168379,20140042.0745892,15507526.806977337,0.8905455238232037,False
5,17-18,56234132.51903491,20140042.052644443,15507526.80809182,0.8905455240617287,False
5,17-18,100000000.0,20140042.040304005,15507526.80871854,0.8905455241958611,True
5,18-19,0.0001,37817559.271296665,33150102.379060507,0.5997293318588373,False
5,18-19,0.00017782794100389227,37763450.627799764,33099701.155261867,0.6008739117471857,False
5,18-19,0.00031622776601683794,37668275.31008768,33010875.419474103,0.602883213456707,False
5,18-19,0.0005623413251903491,37502253.439692326,32855400.739157367,0.6063760614117506,False
5,18-19,0.001,37216804.00769681,32586487.48744143,0.6123454155086021,False
5,18-19,0.0017782794100389228,36737960.04274531,32130712.963744823,0.6222566316605498,False
5,18-19,0.0031622776601683794,35966751.72008356,31383750.678616647,0.6379494532892044,False
5,18-19,0.005623413251903491,34801724.670632504,30222699.433394838,0.6610245020864424,False
5,18-19,0.01,33198289.16224445,28552413.920757335,0.6915404785756353,False
5,18-19,0.01778279410038923,31242338.964134235,26382027.76160914,0.7268168844994798,False
5,18-19,0.03162277660168379,29153873.982758407,24081748.610034246,0.7621192395843392,False
5,18-19,0.05623413251903491,27175176.232680257,21852679.284280725,0.7933137850636622,False
5,18-19,0.1,25455188.149609387,19678264.759246133,0.8186492330755428,False
5,18-19,0.1778279410038923,24041389.883094545,17951724.546319976,0.8382344954217353,False
5,18-19,0.31622776601683794,22924024.13323858,16919966.064897172,0.8529217385392893,False
5,18-19,0.5623413251903491,22059287.44101757,16363304.668773023,0.8638085846728428,False
5,18-19,1.0,21388063.34053084,16064200.29960098,0.8719706039386559,False
5,18-19,1.7782794100389228,20865041.133233912,15836842.315499479,0.8781556868590384,False
5,18-19,3.1622776601683795,20468620.38303564,15573849.094757013,0.8827416127417089,False
5,18-19,5.623413251903491,20187311.588730656,15334468.021326816,0.8859425267273594,False
5,18-19,10.0,20005621.626004502,15156790.877673933,0.8879863691579047,False
5,18-19,17.78279410038923,19899684.825792976,15165563.326443564,0.889169531327389,False
5,18-19,31.622776601683793,19842800.572329015,15168397.16960695,0.8898022546743946,False
5,18-19,56.23413251903491,19813545.1167296,15169094.496775055,0.8901269576968435,False
5,18-19,100.0,19798579.19301599,15169148.244964806,0.8902928775803359,False
5,18-19,177.82794100389228,19790793.991658054,15169059.955223532,0.8903791387314003,False
5,18-19,316.22776601683796,19786651.299078546,15168970.589274684,0.8904250265314543,False
5,18-19,562.341325190349,19784403.33076061,15168907.357154468,0.8904499228186291,False
5,18-19,1000.0,19783166.410352506,15168867.61870165,0.8904636205266705,False
5,18-19,1778.2794100389228,19782479.699536026,15168843.936367797,0.8904712248211006,False
5,18-19,3162.2776601683795,19782096.38257949,15168830.193934951,0.8904754693678548,False
5,18-19,5623.413251903491,19781881.736979872,15168822.331196975,0.8904778461463877,False
5,18-19,10000.0,19781761.321971584,15168817.866948182,0.8904791794948628,False
5,18-19,17782.794100389227,19781693.699322965,15168815.342997642,0.8904799282730107,False
5,18-19,31622.776601683792,19781655.701355282,15168813.919398379,0.8904803490192029,False
5,18-19,56234.13251903491,19781634.3427203,15168813.11749656,0.890480585520032,False
5,18-19,100000.0,19781622.334785666,15168812.66612605,0.8904807184819044,False
5,18-19,177827.94100389228,19781615.58314779,15168812.412166407,0.8904807932416374,False
5,18-19,316227.7660168379,19781611.786713786,15168812.269311598,0.8904808352788915,False
5,18-19,562341.3251903491,19781609.651914082,15168812.1889649,0.8904808589171542,False
5,18-19,1000000.0,19781608.45145709,15168812.143778348,0.8904808722096028,False
5,18-19,1778279.410038923,19781607.776399724,15168812.118366739,0.8904808796843937,False
5,18-19,3162277.6601683795,19781607.396789975,15168812.10407631,0.8904808838877452,False
5,18-19,5623413.251903491,19781607.183320645,15168812.096040076,0.8904808862514532,False
5,18-19,10000000.0,19781607.06327831,15168812.091520919,0.8904808875806607,False
5,18-19,17782794.100389227,19781606.995773643,15168812.088979606,0.8904808883281279,False
5,18-19,31622776.60168379,19781606.95781301,15168812.087550517,0.8904808887484592,False
5,18-19,56234132.51903491,19781606.93646617,15168812.086746862,0.890480888984829,False
5,18-19,100000000.0,19781606.92446198,15168812.086294949,0.8904808891177494,True
5,19-20,0.0001,27212236.677023936,23172396.69665465,0.7959784187453149,False
5,19-20,0.00017782794100389227,27182859.587922562,23143054.58419964,0.7964186857513075,False
5,19-20,0.00031622776601683794,27131309.46513713,23091342.49005282,0.7971901050044854,False
5,19-20,0.0005623413251903491,27041769.865153562,23000828.17961589,0.7985265352707667,False
5,19-20,0.001,26888998.58805873,22844270.767513696,0.8007965357442152,False
5,19-20,0.0017782794100389228,26636270.769601226,22578929.109667957,0.8045235370090771,False
5,19-20,0.0031622776601683794,26239538.415873036,22144120.242890086,0.8103031968051901,False
5,19-20,0.005623413251903491,25668359.024350487,21468659.004605234,0.8184719090459136,False
5,19-20,0.01,24951533.433142677,20498974.31803777,0.8284692004173175,False
5,19-20,0.01778279410038923,24220359.87928097,19372197.522395562,0.838374897329079,False
5,19-20,0.03162277660168379,23663821.77822264,18477280.889806308,0.8457172391929293,False
5,19-20,0.05623413251903491,23365213.25783033,17894171.95721615,0.8495863921024531,False
5,19-20,0.1,23205089.873196222,17582854.79511182,0.8516409172262308,False
5,19-20,0.1778279410038923,22986650.247758318,17222558.037623286,0.8544209081398207,False
5,19-20,0.31622776601683794,22613413.513570268,16750383.578734089,0.859110094151024,False
5,19-20,0.5623413251903491,22121554.567992967,16458135.218024151,0.865172365007612,False
5,19-20,1.0,21603148.189059872,16373123.944505807,0.8714175431743252,False
5,19-20,1.7782794100389228,21136756.2297866,16192011.05085456,0.8769095647048939,False
5,19-20,3.1622776601683795,20763627.159246396,15954536.523529617,0.8812170590222849,False
5,19-20,5.623413251903491,20493526.354902707,15725291.917441081,0.8842873021550538,False
5,19-20,10.0,20316936.533495907,15516782.8314335,0.8862728703981824,False
5,19-20,17.78279410038923,20212705.586796947,15502898.675288789,0.8874367741854383,False
5,19-20,31.622776601683793,20155989.54788657,15505483.015190423,0.8880675836975398,False
5,19-20,56.23413251903491,20126426.961370707,15506042.385506146,0.88839568320225,False
5,19-20,100.0,20111119.87154695,15506025.082603527,0.8885653792610664,False
5,19-20,177.82794100389228,20103080.051140513,15505900.248291787,0.8886544578667063,False
5,19-20,316.22776601683796,20098772.371716756,15505791.688233789,0.8887021709048011,False
5,19-20,562.341325190349,20096424.35160192,15505718.145133436,0.8887281739135253,False
5,19-20,1000.0,20095128.79763459,15505672.77103121,0.8887425201481077,False
5,19-20,1778.2794100389228,20094408.352334198,15505645.97279759,0.8887504975532245,False
5,19-20,3162.2776601683795,20094005.821667574,15505630.495337185,0.888754954602874,False
5,19-20,5623.413251903491,20093780.294013888,15505621.662410796,0.8887574517349542,False
5,19-20,10000.0,20093653.735029418,15505616.654331386,0.8887588530342017,False
5,19-20,17782.794100389227,20093582.649593238,15505613.825116565,0.8887596401097201,False
5,19-20,31622.776601683792,20093542.701895703,15505612.230030159,0.8887600824192784,False
5,19-20,56234.13251903491,20093520.246068314,15505611.331749618,0.8887603310546763,False
5,19-20,100000.0,20093507.6208907,15505610.826198952,0.8887604708430379,False
5,19-20,177827.94100389228,20093500.522073694,15505610.541777125,0.8887605494424479,False
5,19-20,316227.7660168379,20093496.530381862,15505610.381793942,0.8887605936391831,False
5,19-20,562341.3251903491,20093494.285772827,15505610.291815806,0.8887606184918974,False
5,19-20,1000000.0,20093493.02356304,15505610.241213279,0.8887606324673094,False
5,19-20,1778279.410038923,20093492.313778736,15505610.212756077,0.8887606403261675,False
5,19-20,3162277.6601683795,20093491.91464037,15505610.196753023,0.8887606447454984,False
5,19-20,5623413.251903491,20093491.690189205,15505610.187753705,0.8887606472306616,False
5,19-20,10000000.0,20093491.563971296,15505610.182692977,0.8887606486281687,False
5,19-20,17782794.100389227,20093491.492993843,15505610.179847104,0.8887606494140436,False
5,19-20,31622776.60168379,20093491.453080326,15505610.178246763,0.8887606498559733,False
5,19-20,56234132.51903491,20093491.430635296,15505610.177346805,0.8887606501044886,False
5,19-20,100000000.0,20093491.41801354,15505610.176840734,0.8887606502442389,True
5,20-21,0.0001,32050711.125119615,27208196.92596938,0.7098014272981438,False
5,20-21,0.00017782794100389227,32023751.40895766,27180184.05092086,0.7102894277451747,False
5,20-21,0.00031622776601683794,31976299.51240048,27130789.83960673,0.7111473616416151,False
5,20-21,0.0005623413251903491,31893427.95954052,27044254.463324834,0.7126426345756383,False
5,20-21,0.001,31750632.86880784,26915949.014523927,0.7152100201179671,False
5,20-21,0.0017782794100389228,31510110.730065968,26698412.38631048,0.7195084444092308,False
5,20-21,0.0031622776601683794,31119683.2318691,26337183.329646703,0.7264162691928043,False
5,20-21,0.005623413251903491,30520887.00739472,25763114.013152476,0.7368434194887119,False
5,20-21,0.01,29672956.5385588,24907184.105208628,0.751262323431407,False
5,20-21,0.01778279410038923,28585909.78549106,23738738.093924243,0.769153140899973,False
5,20-21,0.03162277660168379,27333452.222231727,22329662.07257051,0.788938555710053,False
5,20-21,0.05623413251903491,26024998.733671166,20690836.765367843,0.8086619399243653,False
5,20-21,0.1,24763262.641445372,18950108.82418496,0.8267649921634515,False
5,20-21,0.1778279410038923,23624910.255109962,17648962.356049415,0.8423259339641096,False
5,20-21,0.31622776601683794,22657963.175779406,16666277.865102807,0.8549687247778457,False
5,20-21,0.5623413251903491,21874172.732160192,16089707.404474696,0.864829099557552,False
5,20-21,1.0,21249594.60401449,15905415.080058638,0.8724380262223939,False
5,20-21,1.7782794100389228,20750005.561102767,15715309.195599582,0.8783656139891529,False
5,20-21,3.1622776601683795,20354972.86412044,15509922.83822528,0.8829528110860955,False
5,20-21,5.623413251903491,20057957.43964739,15282217.090064753,0.8863437446240067,False
5,20-21,10.0,19853130.178609457,15071115.093597125,0.8886531557453575,False
5,20-21,17.78279410038923,19725217.47218683,15065221.993141055,0.8900833376515749,False
5,20-21,31.622776601683793,19651571.28960252,15061627.59785121,0.8909025763681311,False
5,20-21,56.23413251903491,19611073.03802758,15058073.116871664,0.8913517722355281,False
5,20-21,100.0,19589115.922346108,15055491.437843267,0.8915949273354246,False
5,20-21,177.82794100389228,19577169.15803237,15053834.006189084,0.8917271124674225,False
5,20-21,316.22776601683796,19570610.02934131,15052832.655751852,0.8917996517430252,False
5,20-21,562.341325190349,19566978.476251964,15052246.822686095,0.8918398036699755,False
5,20-21,1000.0,19564955.58010199,15051910.045126943,0.891862166400639,False
5,20-21,1778.2794100389228,19563824.355616346,15051718.31283083,0.8918746708633505,False
5,20-21,3162.2776601683795,19563190.267634224,15051609.746281484,0.8918816797036926,False
5,20-21,5623.413251903491,19562834.348690387,15051548.457541525,0.8918856137254745,False
5,20-21,10000.0,19562634.409272913,15051513.917156907,0.8918878236523761,False
5,20-21,17782.794100389227,19562522.04126461,15051494.469864856,0.8918890656441022,False
5,20-21,31622.776601683792,19562458.87306538,15051483.526315626,0.8918897638324033,False
5,20-21,56234.13251903491,19562423.357617512,15051477.36992253,0.8918901563781457,False
5,20-21,100000.0,19562403.38791497,15051473.907174507,0.8918903770992985,False
5,20-21,177827.94100389228,19562392.1587908,15051471.959689816,0.8918905012124769,False
5,20-21,316227.7660168379,19562385.84440048,15051470.86446329,0.8918905710040911,False
5,20-21,562341.3251903491,19562382.293624382,15051470.248548321,0.8918906102500547,False
5,20-21,1000000.0,19562380.296897274,15051469.902186345,0.8918906323194463,False
5,20-21,1778279.410038923,19562379.174061745,15051469.707410293,0.8918906447299029,False
5,20-21,3162277.6601683795,19562378.54264705,15051469.597878937,0.8918906517087917,False
5,20-21,5623413.251903491,19562378.18757712,15051469.536284683,0.891890655633302,False
5,20-21,10000000.0,19562377.987906847,15051469.501647612,0.8918906578402139,False
5,20-21,17782794.100389227,19562377.875624057,15051469.482169725,0.891890659081251,False
5,20-21,31622776.60168379,19562377.812482826,15051469.471216494,0.8918906597791372,False
5,20-21,56234132.51903491,19562377.77697592,15051469.465057047,0.8918906601715872,False
5,20-21,100000000.0,19562377.757008906,15051469.461593326,0.8918906603922783,True
5,21-22,0.0001,18865167.44138871,15203628.999320854,0.8969328234194961,False
5,21-22,0.00017782794100389227,18867376.187471613,15206771.68087302,0.8969086876624279,False
5,21-22,0.00031622776601683794,18871311.73402199,15212282.770254247,0.8968656755372385,False
5,21-22,0.0005623413251903491,18878330.313793495,15221843.563687436,0.8967889462561752,False
5,21-22,0.001,18890851.35118857,15238117.879434574,0.8966519915569375,False
5,21-22,0.0017782794100389228,18913129.527489144,15276291.003207833,0.8964080890737006,False
5,21-22,0.0031622776601683794,18952285.5645164,15347854.843521671,0.8959787103672598,False
5,21-22,0.005623413251903491,19018669.93470704,15450226.906375851,0.895248721199208,False
5,21-22,0.01,19122193.94229354,15574864.400765056,0.8941052357250725,False
5,21-22,0.01778279410038923,19259323.98647909,15685606.021729471,0.8925809941154514,False
5,21-22,0.03162277660168379,19394418.13802074,15797906.637078544,0.891068731751979,False
5,21-22,0.05623413251903491,19461201.736702666,15907848.226246739,0.8903172426097837,False
5,21-22,0.1,19404208.836741347,15844373.4131472,0.8909587225297463,False
5,21-22,0.1778279410038923,19224749.280456427,15699278.914818104,0.8929663292235709,False
5,21-22,0.31622776601683794,18978665.899067827,15587763.992571171,0.8956889272457054,False
5,21-22,0.5623413251903491,18735157.413251128,15401867.426570082,0.8983485112542506,False
5,21-22,1.0,18541573.22143795,15169409.139239071,0.9004383210274604,False
5,21-22,1.7782794100389228,18411231.668574356,14915834.90366905,0.9018331769489975,False
5,21-22,3.1622776601683795,18331577.317353748,14740784.719610402,0.9026807573591098,False
5,21-22,5.623413251903491,18283309.853572477,14705034.030598434,0.9031925702619524,False
5,21-22,10.0,18252887.349724103,14690453.425070565,0.9035144675724744,False
5,21-22,17.78279410038923,18233343.558929965,14671502.322650403,0.9037209755617713,False
5,21-22,31.622776601683793,18221019.046333652,14655160.040888818,0.9038510878494546,False
5,21-22,56.23413251903491,18213502.448535573,14643448.465907255,0.903930398850837,False
5,21-22,100.0,18209051.965109345,14635876.455302747,0.9039773424776377,False
5,21-22,177.82794100389228,18206470.757649478,14631263.90171315,0.9040045637556264,False
5,21-22,316.22776601683796,18204992.924567793,14628549.201078884,0.9040201471683159,False
5,21-22,562.341325190349,18204153.28452183,14626982.692443473,0.904029000417526,False
5,21-22,1000.0,18203678.353563275,14626088.839003453,0.90403400795658,False
5,21-22,1778.2794100389228,18203410.396550637,14625582.038037915,0.9040368331626492,False
5,21-22,3162.2776601683795,18203259.432222713,14625295.720018562,0.9040384248374618,False
5,21-22,5623.413251903491,18203174.44959379,14625134.291349707,0.9040393208361072,False
5,21-22,10000.0,18203126.6321084,14625043.380118817,0.9040398249890899,False
5,21-22,17782.794100389227,18203099.733420763,14624992.21478924,0.9040401085888163,False
5,21-22,31622.776601683792,18203084.604348596,14624963.429058464,0.9040402680982998,False
5,21-22,56234.13251903491,18203076.095751375,14624947.237428455,0.9040403578064493,False
5,21-22,100000.0,18203071.31073255,14624938.13086968,0.9040404082560142,False
5,21-22,177827.94100389228,18203068.61982922,14624933.009452773,0.9040404366268272,False
5,21-22,316227.7660168379,18203067.10659478,14624930.129334774,0.9040404525812042,False
5,21-22,562341.3251903491,18203066.255631573,14624928.509683145,0.9040404615531035,False
5,21-22,1000000.0,18203065.77709696,14624927.598872729,0.904040466598403,False
5,21-22,1778279.410038923,18203065.507996265,14624927.08668216,0.9040404694355928,False
5,21-22,3162277.6601683795,18203065.35666956,14624926.798654914,0.9040404710310647,False
5,21-22,5623413.251903491,18203065.271572195,14624926.63668486,0.9040404719282655,False
5,21-22,10000000.0,18203065.22371841,14624926.545602271,0.904040472432799,False
5,21-22,17782794.100389227,18203065.196808238,14624926.494382733,0.9040404727165189,False
5,21-22,31622776.60168379,18203065.181675527,14624926.46557985,0.9040404728760666,False
5,21-22,56234132.51903491,18203065.173165787,14624926.449382793,0.9040404729657867,False
5,21-22,100000000.0,18203065.1683804,14624926.44027451,0.9040404730162401,True
5,22-23,0.0001,34836673.47735466,30158543.96535945,0.6710875541802042,False
5,22-23,0.00017782794100389227,34796691.851872236,30112606.23729784,0.671842098549994,False
5,22-23,0.00031622776601683794,34726373.83657294,30031623.65193151,0.6731670576438623,False
5,22-23,0.0005623413251903491,34603740.17638987,29889806.12243644,0.6754713551847449,False
5,22-23,0.001,34392983.69844696,29644302.706248276,0.6794124451923677,False
5,22-23,0.0017782794100389228,34039759.38755791,29237704.483077593,0.6859636546738913,False
5,22-23,0.0031622776601683794,33471966.58357852,28597009.33270629,0.696352709700354,False
5,22-23,0.005623413251903491,32617735.391369525,27593547.811705224,0.7116535812907551,False
5,22-23,0.01,31451525.56384202,26133984.16719485,0.7319039699354506,False
5,22-23,0.01778279410038923,30047289.52620874,24356791.684635002,0.7553092484760123,False
5,22-23,0.03162277660168379,28565132.23693,22528812.119623177,0.7788538265204212,False
5,22-23,0.05623413251903491,27143875.375273947,21220270.963929176,0.800312602595441,False
5,22-23,0.1,25827823.122710288,19914204.337111525,0.819206605713416,False
5,22-23,0.1778279410038923,24616310.045356095,18782352.84273025,0.835769861977163,False
5,22-23,0.31622776601683794,23525655.313281775,17801286.327542868,0.8500002930273345,False
5,22-23,0.5623413251903491,22584078.719430946,17036438.691177648,0.8617670077017574,False
5,22-23,1.0,21804275.398913767,16400258.798862992,0.8711482655638179,False
5,22-23,1.7782794100389228,21178654.19066469,15909257.822328573,0.8784363672998498,False
5,22-23,3.1622776601683795,20693561.696247738,15465299.492486473,0.8839413689168061,False
5,22-23,5.623413251903491,20336972.904038414,15087721.822425513,0.8879067215616773,False
5,22-23,10.0,20093675.456136547,14845719.901537472,0.8905726912706404,False
5,22-23,17.78279410038923,19940449.16806093,14804739.60753314,0.892235225398123,False
5,22-23,31.622776601683793,19849956.528770544,14779032.78543318,0.893211110242627,False
5,22-23,56.23413251903491,19798501.605884265,14763670.514007324,0.8937640275520116,False
5,22-23,100.0,19769698.7029256,14754741.760262094,0.8940729073539513,False
5,22-23,177.82794100389228,19753629.834535863,14750636.976514915,0.894245033069038,False
5,22-23,316.22776601683796,19744654.012149543,14748362.406602513,0.8943411189171803,False
5,22-23,562.341325190349,19739629.70888842,14747062.49373823,0.8943948848345574,False
5,22-23,1000.0,19736812.45276114,14746324.76512937,0.8944250267806069,False
5,22-23,1778.2794100389228,19735230.907304324,14745907.753494026,0.8944419459188704,False
5,22-23,3162.2776601683795,19734342.424092088,14745672.563863486,0.8944514501854548,False
5,22-23,5623.413251903491,19733843.078029815,14745540.088973153,0.8944567915933198,False
5,22-23,10000.0,19733562.36602447,14745573.072542494,0.8944597942557858,False
5,22-23,17782.794100389227,19733404.538970694,14745594.008285912,0.8944614824490079,False
5,22-23,31622.776601683792,19733315.79546514,14745605.791652383,0.894462431685815,False
5,22-23,56234.13251903491,19733265.894229073,14745612.421195848,0.8944629654479567,False
5,22-23,100000.0,19733237.833621204,14745616.150296398,0.8944632655940402,False
5,22-23,177827.94100389228,19733222.054272655,14745618.247650865,0.8944634343752879,False
5,22-23,316227.7660168379,19733213.1809849,14745619.427183429,0.8944635292869149,False
5,22-23,562341.3251903491,19733208.191197608,14745620.090516053,0.8944635826593148,False
5,22-23,1000000.0,19733205.385243207,14745620.463545738,0.8944636126727167,False
5,22-23,1778279.410038923,19733203.807342004,14745620.673319012,0.8944636295504599,False
5,22-23,3162277.6601683795,19733202.920023877,14745620.79128423,0.8944636390415018,False
5,22-23,5623413.251903491,19733202.42104851,14745620.857621288,0.8944636443787036,False
5,22-23,10000000.0,19733202.14045414,14745620.894925453,0.8944636473800317,False
5,22-23,17782794.100389227,19733201.982664354,14745620.915903164,0.8944636490678022,False
5,22-23,31622776.60168379,19733201.893932648,14745620.9276998,0.8944636500169052,False
5,22-23,56234132.51903491,19733201.844035145,14745620.934333544,0.894463650550625,False
5,22-23,100000000.0,19733201.815975726,14745620.938063981,0.8944636508507576,True
5,23-24,0.0001,18927566.01678815,14630393.015309181,0.9041923169856195,True
5,23-24,0.00017782794100389227,18930184.074129008,14631549.41108157,0.904165810951512,False
5,23-24,0.00031622776601683794,18934774.584590767,14633532.707426023,0.9041193263334796,False
5,23-24,0.0005623413251903491,18942737.389907412,14636834.813777065,0.9040386663107386,False
5,23-24,0.001,18956293.518829882,14642030.514949521,0.9039012701511725,False
5,23-24,0.0017782794100389228,18978644.579621673,14649308.72322744,0.9036745196175892,False
5,23-24,0.0031622776601683794,19013593.566121243,14656914.527616138,0.9033194281286029,False
5,23-24,0.005623413251903491,19063904.87956321,14657378.167906715,0.9028071039380505,False
5,23-24,0.01,19128502.81903799,14631318.505873652,0.9021473127649065,False
5,23-24,0.01778279410038923,19202017.064497937,14543370.06760471,0.9013937368457143,False
5,23-24,0.03162277660168379,19281193.159973018,14482295.28680164,0.9005788896554353,False
5,23-24,0.05623413251903491,19369040.17855666,14411856.716765348,0.8996708810905759,False
5,23-24,0.1,19459862.98611204,14335056.914145699,0.8987277743607895,False
5,23-24,0.1778279410038923,19527095.493234087,14064959.320210824,0.8980267881737067,False
5,23-24,0.31622776601683794,19547095.34678981,13912707.395665418,0.8978177971625864,False
5,23-24,0.5623413251903491,19521453.330563266,14039895.37850771,0.8980857079786106,False
5,23-24,1.0,19462509.849730253,14234366.367967939,0.8987002230877259,False
5,23-24,1.7782794100389228,19379872.78018665,14341947.16789677,0.8995586267626764,False
5,23-24,3.1622776601683795,19285387.217196286,14333203.257011624,0.9005356326668076,False
5,23-24,5.623413251903491,19193798.724857364,14246696.044419957,0.9014781244743587,False
5,23-24,10.0,19116826.09801375,14163512.07113083,0.9022667418493104,False
5,23-24,17.78279410038923,19059568.998197515,14162499.213437807,0.9028513098807673,False
5,23-24,31.622776601683793,19020947.98029957,14153971.373529466,0.9032446220191476,False
5,23-24,56.23413251903491,18996667.345402606,14145551.353962282,0.9034914848522598,False
5,23-24,100.0,18982085.47662115,14139377.116410708,0.9036395881343406,False
5,23-24,177.82794100389228,18973568.79552492,14135383.040700471,0.9037260366749088,False
5,23-24,316.22776601683796,18968675.018090177,14132958.096029622,0.9037756933941355,False
5,23-24,562.341325190349,18965889.20995366,14131535.187845921,0.9038039550172281,False
5,23-24,1000.0,18964311.793442193,14130715.7852631,0.903819955840365,False
5,23-24,1778.2794100389228,18963421.29321532,14130248.824354729,0.9038289882103447,False
5,23-24,3162.2776601683795,18962919.431450393,14129984.262984356,0.9038340784221068,False
5,23-24,5623.413251903491,18962636.86623272,14129834.863254799,0.903836944324924,False
5,23-24,10000.0,18962477.85806733,14129750.651140543,0.9038385570380778,False
5,23-24,17782.794100389227,18962388.406373374,14129703.23233104,0.9038394642806589,False
5,23-24,31622.776601683792,18962338.092970006,14129676.546880595,0.9038399745705337,False
5,23-24,56234.13251903491,18962309.796178695,14129661.534254897,0.9038402615623728,False
5,23-24,100000.0,18962293.88262125,14129653.09004415,0.9038404229607357,False
5,23-24,177827.94100389228,18962284.933421664,14129648.340885807,0.9038405137251811,False
5,23-24,316227.7660168379,18962279.90080666,14129645.670038676,0.903840564766879,False
5,23-24,562341.3251903491,18962277.070724398,14129644.168047981,0.9038405934700828,False
5,23-24,1000000.0,18962275.479241196,14129643.323396644,0.9038406096111901,False
5,23-24,1778279.410038923,18962274.584280904,14129642.848407978,0.9038406186880368,False
5,23-24,3162277.6601683795,18962274.08100666,14129642.58130023,0.9038406237923335,False
5,23-24,5623413.251903491,18962273.797994405,14129642.431093875,0.9038406266626942,False
5,23-24,10000000.0,18962273.638844796,14129642.346626436,0.9038406282768177,False
5,23-24,17782794.100389227,18962273.549348358,14129642.299126841,0.9038406291845065,False
5,23-24,31622776.60168379,18962273.499020804,14129642.27241584,0.9038406296949375,False
5,23-24,56234132.51903491,18962273.470719557,14129642.257395139,0.9038406299819737,False
5,23-24,100000000.0,18962273.454804573,14129642.248948365,0.9038406301433863,False
5,24-25,0.0001,35960471.504450954,32070356.112455264,0.6384080705509856,False
5,24-25,0.00017782794100389227,35920367.05934814,32032887.347567983,0.6392141421515649,False
5,24-25,0.00031622776601683794,35849579.233318,31966704.052952323,0.6406347335145468,False
5,24-25,0.0005623413251903491,35725343.129971504,31850401.395335577,0.6431211660541547,False
5,24-25,0.001,35509461.05151789,31647854.21816207,0.6474212486665547,False
5,24-25,0.0017782794100389228,35140690.47418905,31300522.082178082,0.6547063791468983,False
5,24-25,0.0031622776601683794,34528582.556149974,30720185.914582144,0.6666307987568934,False
5,24-25,0.005623413251903491,33558540.713755295,29790385.90562393,0.6850989501858507,False
5,24-25,0.01,32125483.416553356,28392689.169695616,0.7114192771897343,False
5,24-25,0.01778279410038923,30204752.144681253,26469784.21118973,0.7448952610074058,False
5,24-25,0.03162277660168379,27921585.19940395,24098571.97028198,0.7820042053658688,False
5,24-25,0.05623413251903491,25538812.78655145,21589546.449642938,0.8176232875524571,False
5,24-25,0.1,23352911.902855627,19214067.15780846,0.8475069482669473,False
5,24-25,0.1778279410038923,21595782.775708854,17375581.483987525,0.8695915074970426,False
5,24-25,0.31622776601683794,20392662.981755834,15923371.56712098,0.8837170990668972,False
5,24-25,0.5623413251903491,19739365.283340733,15001803.387710981,0.8910482170923476,False
5,24-25,1.0,19500073.12911054,14781397.049267327,0.893673760582417,False
5,24-25,1.7782794100389228,19477428.986148946,15053663.832285175,0.8939205564398659,True
5,24-25,3.1622776601683795,19521767.82602932,15214676.379592324,0.8934370436547306,False
5,24-25,5.623413251903491,19573341.212816354,15267422.916932268,0.8928732553603003,False
5,24-25,10.0,19623819.517248936,15253853.121793041,0.8923199978194162,False
5,24-25,17.78279410038923,19671715.03557705,15216592.415516853,0.891793730923274,False
5,24-25,31.622776601683793,19712012.592901133,15211952.178883314,0.8913499552262703,False
5,24-25,56.23413251903491,19741636.18777927,15228275.568229746,0.8910231470542854,False
5,24-25,100.0,19761283.238090616,15237443.266958762,0.8908061296703225,False
5,24-25,177.82794100389228,19773464.042032048,15242595.285491055,0.8906714745433605,False
5,24-25,316.22776601683796,19780711.545389976,15245491.606642533,0.8905913161994269,False
5,24-25,562.341325190349,19784920.679218423,15247120.102988295,0.8905447491396337,False
5,24-25,1000.0,19787331.352391366,15248035.813757362,0.8905180745912651,False
5,24-25,1778.2794100389228,19788701.063232113,15248550.738961581,0.8905029170374127,False
5,24-25,3162.2776601683795,19789475.812611893,15248840.297779473,0.8904943430074659,False
5,24-25,5623.413251903491,19789912.919383895,15249003.127193296,0.8904895054672176,False
5,24-25,10000.0,19790159.177365422,15249094.69244864,0.8904867800382338,False
5,24-25,17782.794100389227,19790297.802499153,15249146.183234863,0.8904852458072257,False
5,24-25,31622.776601683792,19790375.802756973,15249175.13858773,0.8904843825361439,False
5,24-25,56234.13251903491,19790419.679959368,15249191.421365364,0.8904838969218951,False
5,24-25,100000.0,19790444.35848954,15249200.577839745,0.890483623789927,False
5,24-25,177827.94100389228,19790458.237691093,15249205.72690231,0.8904834701804006,False
5,24-25,316227.7660168379,19790466.04299642,15249208.62243253,0.8904833837943137,False
5,24-25,562341.3251903491,19790470.43238661,15249210.250708707,0.8904833352142335,False
5,24-25,1000000.0,19790472.900767785,15249211.166355638,0.8904833078951365,False
5,24-25,1778279.410038923,19790474.288854975,15249211.681261739,0.890483292532318,False
5,24-25,3162277.6601683795,19790475.069438323,15249211.970814703,0.8904832838931191,False
5,24-25,5623413.251903491,19790475.508394048,15249212.133642303,0.8904832790349246,False
5,24-25,10000000.0,19790475.755237445,15249212.225206997,0.8904832763029559,False
5,24-25,17782794.100389227,19790475.894047834,15249212.276697606,0.8904832747666553,False
5,24-25,31622776.60168379,19790475.972106703,15249212.305652896,0.8904832739027295,False
5,24-25,56234132.51903491,19790476.01600244,15249212.321935652,0.8904832734169082,False
5,24-25,100000000.0,19790476.04068683,15249212.331092125,0.8904832731437108,False
5,25-26,0.0001,29013666.00558723,24162649.01785708,0.7709047473813793,False
5,25-26,0.00017782794100389227,29010782.521404423,24160551.898064353,0.7709502817658382,False
5,25-26,0.00031622776601683794,29005613.007861074,24156687.110026114,0.7710319045295636,False
5,25-26,0.0005623413251903491,28996292.73183976,24149400.192831226,0.7711790279836617,False
5,25-26,0.001,28979342.33829902,24135208.569567237,0.7714464740259293,False
5,25-26,0.0017782794100389228,28948147.20832964,24106464.884202495,0.7719382670702377,False
5,25-26,0.0031622776601683794,28890010.264808625,24046156.7919653,0.772853385959765,False
5,25-26,0.005623413251903491,28781093.375651293,23918044.312483143,0.774562867306452,False
5,25-26,0.01,28580404.44315106,23755525.720103364,0.7776958268084296,False
5,25-26,0.01778279410038923,28229874.010773048,23400471.08286167,0.7831153804800038,False
5,25-26,0.03162277660168379,27672586.13096869,22735207.03986214,0.7915939267308989,False
5,25-26,0.05623413251903491,26888993.263725758,21701434.200917825,0.8032295133237765,False
5,25-26,0.1,25926002.878273763,20387125.230992995,0.8170712339240598,False
5,25-26,0.1778279410038923,24889775.13062631,19181347.09328746,0.8314018437475184,False
5,25-26,0.31622776601683794,23896201.198623642,18198891.27924613,0.8445937046808139,False
5,25-26,0.5623413251903491,23015258.374034192,17482652.72475859,0.855840726641094,False
5,25-26,1.0,22261473.73006608,17141890.863720413,0.8651289624891767,False
5,25-26,1.7782794100389228,21628366.711405866,16859710.31364093,0.8726912294608055,False
5,25-26,3.1622776601683795,21118201.92926624,16533771.476946576,0.8786262552271976,False
5,25-26,5.623413251903491,20740620.955290586,16208681.099489285,0.8829276369840549,False
5,25-26,10.0,20492432.131794248,15927502.937556772,0.8857127228456142,False
5,25-26,17.78279410038923,20347717.29415923,15799469.051979866,0.8873211865272652,False
5,25-26,31.622776601683793,20270397.81526887,15798601.074090444,0.8881758980510983,False
5,25-26,56.23413251903491,20230723.418558832,15797652.300206352,0.8886132068876429,False
5,25-26,100.0,20210396.074059404,15796974.336172324,0.8888369319778184,False
5,25-26,177.82794100389228,20199785.63634783,15796549.165499326,0.8889536223375257,False
5,25-26,316.22776601683796,20194120.21173658,15796296.729844294,0.8890159038554726,False
5,25-26,562.341325190349,20191037.903747324,15796150.681891728,0.8890497811480295,False
5,25-26,1000.0,20189338.933945723,15796067.28483582,0.8890684521189347,False
5,25-26,1778.2794100389228,20188394.683577955,15796019.99117528,0.8890788283581693,False
5,25-26,3162.2776601683795,20187867.271621656,15795993.271683717,0.8890846238053944,False
5,25-26,5623.413251903491,20187571.827400938,15795978.207068015,0.8890878702173763,False
5,25-26,10000.0,20187406.049527522,15795969.723264996,0.889089691803615,False
5,25-26,17782.794100389227,20187312.940753702,15795964.948572943,0.8890907148869136,False
5,25-26,31622.776601683792,20187260.61825502,15795962.262334296,0.8890912898067577,False
5,25-26,56234.13251903491,20187231.20667608,15795960.751361867,0.8890916129806613,False
5,25-26,100000.0,20187214.67097585,15795959.901556524,0.889091794674433,False
5,25-26,177827.94100389228,20187205.373421546,15795959.423636934,0.8890918968356119,False
5,25-26,316227.7660168379,20187200.14538729,15795959.154870696,0.889091954281036,False
5,25-26,562341.3251903491,20187197.205562945,15795959.003728438,0.8890919865836978,False
5,25-26,1000000.0,20187195.55241469,15795958.91873367,0.8890920047484167,False
5,25-26,1778279.410038923,20187194.622792654,15795958.870937208,0.8890920149630613,False
5,25-26,3162277.6601683795,20187194.100031406,15795958.844059149,0.8890920207071379,False
5,25-26,5623413.251903491,20187193.80606232,15795958.82894448,0.8890920239372566,False
5,25-26,10000000.0,20187193.640751716,15795958.820444854,0.889092025753682,False
5,25-26,17782794.100389227,20187193.547790833,15795958.815665172,0.8890920267751318,False
5,25-26,31622776.60168379,20187193.495515138,15795958.812977357,0.8890920273495347,False
5,25-26,56234132.51903491,20187193.466118366,15795958.811465878,0.889092027672545,False
5,25-26,100000000.0,20187193.44958734,15795958.810615923,0.8890920278541872,True
