model,horizon,held_out_season,selected_alpha,term,term_type,coefficient_standardized,coefficient_raw
joint_month_level_ridge,1,10-11,100000000.0,intercept,intercept,24608332.53333333,24608332.71321858
joint_month_level_ridge,1,10-11,100000000.0,block_fe_2,block_fixed_effect,22896325.666666664,22896325.666666664
joint_month_level_ridge,1,10-11,100000000.0,block_fe_3,block_fixed_effect,23539619.866666652,23539619.866666652
joint_month_level_ridge,1,10-11,100000000.0,block_fe_4,block_fixed_effect,29966360.066666678,29966360.066666678
joint_month_level_ridge,1,10-11,100000000.0,block_fe_5,block_fixed_effect,27974925.933333345,27974925.933333345
joint_month_level_ridge,1,10-11,100000000.0,block_fe_6,block_fixed_effect,20629931.533333324,20629931.533333324
joint_month_level_ridge,1,10-11,100000000.0,block_fe_7,block_fixed_effect,12596831.733333329,12596831.733333329
joint_month_level_ridge,1,10-11,100000000.0,block_fe_8,block_fixed_effect,-1502356.5333333407,-1502356.5333333407
joint_month_level_ridge,1,10-11,100000000.0,block_fe_9,block_fixed_effect,-17400400.533333346,-17400400.533333346
joint_month_level_ridge,1,10-11,100000000.0,block_fe_10,block_fixed_effect,-24123840.06666667,-24123840.06666667
joint_month_level_ridge,1,10-11,100000000.0,block_fe_11,block_fixed_effect,-24360882.333333302,-24360882.333333302
joint_month_level_ridge,1,10-11,100000000.0,block_fe_12,block_fixed_effect,-20979704.666666657,-20979704.666666657
joint_month_level_ridge,1,10-11,100000000.0,rainfall_sep,weather,0.009215184806478784,0.00025372471723766004
joint_month_level_ridge,1,10-11,100000000.0,rainfall_oct,weather,-0.004681035507990765,-0.00011314919265964414
joint_month_level_ridge,1,10-11,100000000.0,rainfall_nov,weather,0.006920983270052233,0.00015004995484150052
joint_month_level_ridge,1,10-11,100000000.0,rainfall_dec,weather,0.005509215275145471,0.00014143294825655098
joint_month_level_ridge,1,10-11,100000000.0,rainfall_jan,weather,-0.0018947772745580688,-3.0041110512696656e-05
joint_month_level_ridge,1,10-11,100000000.0,rainfall_feb,weather,0.0063718556023771794,0.0001290673570494201
joint_month_level_ridge,1,10-11,100000000.0,rainfall_mar,weather,-2.3915938779591223e-06,-6.350370390313634e-08
joint_month_level_ridge,1,10-11,100000000.0,rainfall_apr,weather,0.0039519018336516346,0.00014333653041748406
joint_month_level_ridge,1,10-11,100000000.0,temperature_sep,weather,-0.005729053751415415,-0.003541786521917484
joint_month_level_ridge,1,10-11,100000000.0,temperature_oct,weather,0.006238791781759501,0.00465097867032031
joint_month_level_ridge,1,10-11,100000000.0,temperature_nov,weather,-0.00013935105007302801,-0.00013940261208931053
joint_month_level_ridge,1,10-11,100000000.0,temperature_dec,weather,-0.0008134489901262596,-0.0009008393630287329
joint_month_level_ridge,1,10-11,100000000.0,temperature_jan,weather,-0.0020951333511537223,-0.0018548448612610367
joint_month_level_ridge,1,10-11,100000000.0,temperature_feb,weather,-0.002476031666622969,-0.0025122329219839194
joint_month_level_ridge,1,10-11,100000000.0,temperature_mar,weather,-0.002779727531134029,-0.0023747449166410237
joint_month_level_ridge,1,10-11,100000000.0,temperature_apr,weather,-0.0037456064190531883,-0.0037184152108419273
joint_month_level_ridge,1,11-12,10.0,intercept,intercept,26101652.799999997,28051813.61923467
joint_month_level_ridge,1,11-12,10.0,block_fe_2,block_fixed_effect,21527203.866666652,21527203.866666652
joint_month_level_ridge,1,11-12,10.0,block_fe_3,block_fixed_effect,22309530.39999999,22309530.39999999
joint_month_level_ridge,1,11-12,10.0,block_fe_4,block_fixed_effect,28423789.733333357,28423789.733333357
joint_month_level_ridge,1,11-12,10.0,block_fe_5,block_fixed_effect,26676652.733333334,26676652.733333334
joint_month_level_ridge,1,11-12,10.0,block_fe_6,block_fixed_effect,18727949.066666674,18727949.066666674
joint_month_level_ridge,1,11-12,10.0,block_fe_7,block_fixed_effect,11691054.999999998,11691054.999999998
joint_month_level_ridge,1,11-12,10.0,block_fe_8,block_fixed_effect,-2125172.133333342,-2125172.133333342
joint_month_level_ridge,1,11-12,10.0,block_fe_9,block_fixed_effect,-18566804.33333333,-18566804.33333333
joint_month_level_ridge,1,11-12,10.0,block_fe_10,block_fixed_effect,-25597521.86666666,-25597521.86666666
joint_month_level_ridge,1,11-12,10.0,block_fe_11,block_fixed_effect,-25848739.33333329,-25848739.33333329
joint_month_level_ridge,1,11-12,10.0,block_fe_12,block_fixed_effect,-22417169.5333333,-22417169.5333333
joint_month_level_ridge,1,11-12,10.0,rainfall_sep,weather,81501.53920170636,1908.6120065899238
joint_month_level_ridge,1,11-12,10.0,rainfall_oct,weather,-36374.28978272521,-868.5084496550372
joint_month_level_ridge,1,11-12,10.0,rainfall_nov,weather,38863.25390094557,831.6561220297345
joint_month_level_ridge,1,11-12,10.0,rainfall_dec,weather,43465.45093777074,858.9332792281573
joint_month_level_ridge,1,11-12,10.0,rainfall_jan,weather,11366.941098593506,182.203369378189
joint_month_level_ridge,1,11-12,10.0,rainfall_feb,weather,74618.87809100137,1595.207163536985
joint_month_level_ridge,1,11-12,10.0,rainfall_mar,weather,47065.197967661385,1531.292510697509
joint_month_level_ridge,1,11-12,10.0,rainfall_apr,weather,53829.88224236526,1975.01707773338
joint_month_level_ridge,1,11-12,10.0,temperature_sep,weather,-51312.49800246981,-31162.117320968457
joint_month_level_ridge,1,11-12,10.0,temperature_oct,weather,19663.173731927054,15216.088211063923
joint_month_level_ridge,1,11-12,10.0,temperature_nov,weather,5124.073541132518,5067.096429552832
joint_month_level_ridge,1,11-12,10.0,temperature_dec,weather,-2949.193157275268,-3082.492565986127
joint_month_level_ridge,1,11-12,10.0,temperature_jan,weather,-15730.473427194369,-13737.876486081783
joint_month_level_ridge,1,11-12,10.0,temperature_feb,weather,-16387.110056724563,-16741.945474103457
joint_month_level_ridge,1,11-12,10.0,temperature_mar,weather,-45004.99654931221,-41585.56499817419
joint_month_level_ridge,1,11-12,10.0,temperature_apr,weather,-32795.42586844163,-30867.50942600656
joint_month_level_ridge,1,12-13,100000000.0,intercept,intercept,26555986.533333316,26555986.87177819
joint_month_level_ridge,1,12-13,100000000.0,block_fe_2,block_fixed_effect,22089267.866666675,22089267.866666675
joint_month_level_ridge,1,12-13,100000000.0,block_fe_3,block_fixed_effect,22900983.799999982,22900983.799999982
joint_month_level_ridge,1,12-13,100000000.0,block_fe_4,block_fixed_effect,27890668.000000034,27890668.000000034
joint_month_level_ridge,1,12-13,100000000.0,block_fe_5,block_fixed_effect,25719801.733333353,25719801.733333353
joint_month_level_ridge,1,12-13,100000000.0,block_fe_6,block_fixed_effect,18359232.06666668,18359232.06666668
joint_month_level_ridge,1,12-13,100000000.0,block_fe_7,block_fixed_effect,9952659.600000015,9952659.600000015
joint_month_level_ridge,1,12-13,100000000.0,block_fe_8,block_fixed_effect,-4096036.2666666694,-4096036.2666666694
joint_month_level_ridge,1,12-13,100000000.0,block_fe_9,block_fixed_effect,-19940826.266666677,-19940826.266666677
joint_month_level_ridge,1,12-13,100000000.0,block_fe_10,block_fixed_effect,-26090649.666666653,-26090649.666666653
joint_month_level_ridge,1,12-13,100000000.0,block_fe_11,block_fixed_effect,-26309643.333333287,-26309643.333333287
joint_month_level_ridge,1,12-13,100000000.0,block_fe_12,block_fixed_effect,-22934790.999999985,-22934790.999999985
joint_month_level_ridge,1,12-13,100000000.0,rainfall_sep,weather,0.008427760572335036,0.00020476788888196474
joint_month_level_ridge,1,12-13,100000000.0,rainfall_oct,weather,-0.003529373995347622,-8.659213890582104e-05
joint_month_level_ridge,1,12-13,100000000.0,rainfall_nov,weather,0.007031414803194202,0.00014712395092522838
joint_month_level_ridge,1,12-13,100000000.0,rainfall_dec,weather,0.0054155645602148245,0.00010712565582306918
joint_month_level_ridge,1,12-13,100000000.0,rainfall_jan,weather,-0.0004253955705690281,-6.395295016479245e-06
joint_month_level_ridge,1,12-13,100000000.0,rainfall_feb,weather,0.005535056155800923,0.00011808459710163702
joint_month_level_ridge,1,12-13,100000000.0,rainfall_mar,weather,-0.0012919318091439685,-3.748567419444816e-05
joint_month_level_ridge,1,12-13,100000000.0,rainfall_apr,weather,0.005586533307026357,0.00021280323076241242
joint_month_level_ridge,1,12-13,100000000.0,temperature_sep,weather,-0.007112824807306811,-0.0044271435055604205
joint_month_level_ridge,1,12-13,100000000.0,temperature_oct,weather,0.004542459205517371,0.003277117545490119
joint_month_level_ridge,1,12-13,100000000.0,temperature_nov,weather,-0.0010230161124642504,-0.001088956574121349
joint_month_level_ridge,1,12-13,100000000.0,temperature_dec,weather,-0.0018063807947177196,-0.0018885982132428062
joint_month_level_ridge,1,12-13,100000000.0,temperature_jan,weather,-0.004225753831211867,-0.004049114485220939
joint_month_level_ridge,1,12-13,100000000.0,temperature_feb,weather,-0.0025896577060847406,-0.00262602008852396
joint_month_level_ridge,1,12-13,100000000.0,temperature_mar,weather,-0.00293817878836917,-0.002490353978147481
joint_month_level_ridge,1,12-13,100000000.0,temperature_apr,weather,-0.003740106204235279,-0.003560469806609229
joint_month_level_ridge,1,13-14,100000000.0,intercept,intercept,25289051.466666676,25289051.647847798
joint_month_level_ridge,1,13-14,100000000.0,block_fe_2,block_fixed_effect,22445542.533333328,22445542.533333328
joint_month_level_ridge,1,13-14,100000000.0,block_fe_3,block_fixed_effect,23734262.666666646,23734262.666666646
joint_month_level_ridge,1,13-14,100000000.0,block_fe_4,block_fixed_effect,29267074.86666666,29267074.86666666
joint_month_level_ridge,1,13-14,100000000.0,block_fe_5,block_fixed_effect,26907416.133333325,26907416.133333325
joint_month_level_ridge,1,13-14,100000000.0,block_fe_6,block_fixed_effect,19509035.4,19509035.4
joint_month_level_ridge,1,13-14,100000000.0,block_fe_7,block_fixed_effect,11479496.733333332,11479496.733333332
joint_month_level_ridge,1,13-14,100000000.0,block_fe_8,block_fixed_effect,-2754630.9333333448,-2754630.9333333448
joint_month_level_ridge,1,13-14,100000000.0,block_fe_9,block_fixed_effect,-18739500.86666669,-18739500.86666669
joint_month_level_ridge,1,13-14,100000000.0,block_fe_10,block_fixed_effect,-24819929.53333334,-24819929.53333334
joint_month_level_ridge,1,13-14,100000000.0,block_fe_11,block_fixed_effect,-25035830.066666648,-25035830.066666648
joint_month_level_ridge,1,13-14,100000000.0,block_fe_12,block_fixed_effect,-21792218.33333332,-21792218.33333332
joint_month_level_ridge,1,13-14,100000000.0,rainfall_sep,weather,0.008908245049496215,0.0002056051693152099
joint_month_level_ridge,1,13-14,100000000.0,rainfall_oct,weather,-0.0026711204284327814,-6.707387683772348e-05
joint_month_level_ridge,1,13-14,100000000.0,rainfall_nov,weather,0.008014190864141596,0.00016821610862987376
joint_month_level_ridge,1,13-14,100000000.0,rainfall_dec,weather,0.004480311482079554,9.151906612254042e-05
joint_month_level_ridge,1,13-14,100000000.0,rainfall_jan,weather,-0.001071710767134778,-1.5905654338106957e-05
joint_month_level_ridge,1,13-14,100000000.0,rainfall_feb,weather,0.005793229286149464,0.00011779008038609226
joint_month_level_ridge,1,13-14,100000000.0,rainfall_mar,weather,-0.0008419291113833429,-2.2700418469418107e-05
joint_month_level_ridge,1,13-14,100000000.0,rainfall_apr,weather,0.002960015168795975,0.00011025404792940538
joint_month_level_ridge,1,13-14,100000000.0,temperature_sep,weather,-0.005678680443173734,-0.0034391715519238026
joint_month_level_ridge,1,13-14,100000000.0,temperature_oct,weather,0.0039380190197442514,0.0028662277818745393
joint_month_level_ridge,1,13-14,100000000.0,temperature_nov,weather,-0.00014569178459240186,-0.00014398708509034708
joint_month_level_ridge,1,13-14,100000000.0,temperature_dec,weather,-0.002646207086449216,-0.0028138337572292814
joint_month_level_ridge,1,13-14,100000000.0,temperature_jan,weather,-0.001035681754150938,-0.0009405493128097157
joint_month_level_ridge,1,13-14,100000000.0,temperature_feb,weather,-0.0015027842956102913,-0.001557518939130475
joint_month_level_ridge,1,13-14,100000000.0,temperature_mar,weather,-0.002009652447650967,-0.001740607106818025
joint_month_level_ridge,1,13-14,100000000.0,temperature_apr,weather,-0.002233911522040867,-0.0023200066513151835
joint_month_level_ridge,1,14-15,100000000.0,intercept,intercept,25433294.266666673,25433294.495827086
joint_month_level_ridge,1,14-15,100000000.0,block_fe_2,block_fixed_effect,22257782.39999999,22257782.39999999
joint_month_level_ridge,1,14-15,100000000.0,block_fe_3,block_fixed_effect,22623868.933333326,22623868.933333326
joint_month_level_ridge,1,14-15,100000000.0,block_fe_4,block_fixed_effect,29445600.93333333,29445600.93333333
joint_month_level_ridge,1,14-15,100000000.0,block_fe_5,block_fixed_effect,26971956.333333343,26971956.333333343
joint_month_level_ridge,1,14-15,100000000.0,block_fe_6,block_fixed_effect,19860099.733333312,19860099.733333312
joint_month_level_ridge,1,14-15,100000000.0,block_fe_7,block_fixed_effect,11372543.266666675,11372543.266666675
joint_month_level_ridge,1,14-15,100000000.0,block_fe_8,block_fixed_effect,-1744520.4666666808,-1744520.4666666808
joint_month_level_ridge,1,14-15,100000000.0,block_fe_9,block_fixed_effect,-18192043.533333335,-18192043.533333335
joint_month_level_ridge,1,14-15,100000000.0,block_fe_10,block_fixed_effect,-24967394.86666668,-24967394.86666668
joint_month_level_ridge,1,14-15,100000000.0,block_fe_11,block_fixed_effect,-25189968.999999993,-25189968.999999993
joint_month_level_ridge,1,14-15,100000000.0,block_fe_12,block_fixed_effect,-21840904.39999999,-21840904.39999999
joint_month_level_ridge,1,14-15,100000000.0,rainfall_sep,weather,0.009181074182766145,0.0002124880251312375
joint_month_level_ridge,1,14-15,100000000.0,rainfall_oct,weather,-0.0043059748715200226,-0.00010266511737448503
joint_month_level_ridge,1,14-15,100000000.0,rainfall_nov,weather,0.007126175813484364,0.00014972375235159196
joint_month_level_ridge,1,14-15,100000000.0,rainfall_dec,weather,0.005444917391297057,0.00011126348550975257
joint_month_level_ridge,1,14-15,100000000.0,rainfall_jan,weather,-0.0017181216836667968,-2.7334405302158093e-05
joint_month_level_ridge,1,14-15,100000000.0,rainfall_feb,weather,0.006007958099397023,0.00012501023975308845
joint_month_level_ridge,1,14-15,100000000.0,rainfall_mar,weather,3.468810480946787e-05,9.208614660731639e-07
joint_month_level_ridge,1,14-15,100000000.0,rainfall_apr,weather,0.004236480156707675,0.00015243500086357942
joint_month_level_ridge,1,14-15,100000000.0,temperature_sep,weather,-0.006779314757698935,-0.004224730491483314
joint_month_level_ridge,1,14-15,100000000.0,temperature_oct,weather,0.004787191688424722,0.0035993269305616264
joint_month_level_ridge,1,14-15,100000000.0,temperature_nov,weather,0.00021735458110813173,0.00021422905982195744
joint_month_level_ridge,1,14-15,100000000.0,temperature_dec,weather,-0.0013583603263992818,-0.0014259510749193459
joint_month_level_ridge,1,14-15,100000000.0,temperature_jan,weather,-0.002077806892793335,-0.0018763495477876592
joint_month_level_ridge,1,14-15,100000000.0,temperature_feb,weather,-0.0019261831164277586,-0.0022045924309274274
joint_month_level_ridge,1,14-15,100000000.0,temperature_mar,weather,-0.003020151458200869,-0.0025585759800616495
joint_month_level_ridge,1,14-15,100000000.0,temperature_apr,weather,-0.0041678733358254255,-0.003899483913693204
joint_month_level_ridge,1,15-16,100000000.0,intercept,intercept,25504606.266666673,25504606.486137915
joint_month_level_ridge,1,15-16,100000000.0,block_fe_2,block_fixed_effect,22692872.39999997,22692872.39999997
joint_month_level_ridge,1,15-16,100000000.0,block_fe_3,block_fixed_effect,22707583.599999987,22707583.599999987
joint_month_level_ridge,1,15-16,100000000.0,block_fe_4,block_fixed_effect,29444851.53333333,29444851.53333333
joint_month_level_ridge,1,15-16,100000000.0,block_fe_5,block_fixed_effect,26769628.733333327,26769628.733333327
joint_month_level_ridge,1,15-16,100000000.0,block_fe_6,block_fixed_effect,19739674.466666654,19739674.466666654
joint_month_level_ridge,1,15-16,100000000.0,block_fe_7,block_fixed_effect,11065531.333333334,11065531.333333334
joint_month_level_ridge,1,15-16,100000000.0,block_fe_8,block_fixed_effect,-2299349.6000000127,-2299349.6000000127
joint_month_level_ridge,1,15-16,100000000.0,block_fe_9,block_fixed_effect,-19238044.400000013,-19238044.400000013
joint_month_level_ridge,1,15-16,100000000.0,block_fe_10,block_fixed_effect,-25237097.466666676,-25237097.466666676
joint_month_level_ridge,1,15-16,100000000.0,block_fe_11,block_fixed_effect,-25391772.33333332,-25391772.33333332
joint_month_level_ridge,1,15-16,100000000.0,block_fe_12,block_fixed_effect,-22601643.19999998,-22601643.19999998
joint_month_level_ridge,1,15-16,100000000.0,rainfall_sep,weather,0.008420659816920957,0.000195954831705117
joint_month_level_ridge,1,15-16,100000000.0,rainfall_oct,weather,-0.0020391357218478,-5.494366864075934e-05
joint_month_level_ridge,1,15-16,100000000.0,rainfall_nov,weather,0.00665476406924535,0.0001399851868558795
joint_month_level_ridge,1,15-16,100000000.0,rainfall_dec,weather,0.005793299548446534,0.00011389898367621183
joint_month_level_ridge,1,15-16,100000000.0,rainfall_jan,weather,0.0004044031116381937,6.212694021918356e-06
joint_month_level_ridge,1,15-16,100000000.0,rainfall_feb,weather,0.005547867747425806,0.00011363204273111865
joint_month_level_ridge,1,15-16,100000000.0,rainfall_mar,weather,-0.0012054776068403047,-3.303027576952349e-05
joint_month_level_ridge,1,15-16,100000000.0,rainfall_apr,weather,0.004931712633110215,0.00017897928150804223
joint_month_level_ridge,1,15-16,100000000.0,temperature_sep,weather,-0.006447799144118577,-0.003898772531076433
joint_month_level_ridge,1,15-16,100000000.0,temperature_oct,weather,0.0044795666983857094,0.0031856442671484323
joint_month_level_ridge,1,15-16,100000000.0,temperature_nov,weather,0.0005409879246368463,0.0005336816570738644
joint_month_level_ridge,1,15-16,100000000.0,temperature_dec,weather,-0.0008434103829228028,-0.0008883609043630042
joint_month_level_ridge,1,15-16,100000000.0,temperature_jan,weather,-0.004014490966061736,-0.00362727831874384
joint_month_level_ridge,1,15-16,100000000.0,temperature_feb,weather,-0.0018409390820947602,-0.0018862150601545815
joint_month_level_ridge,1,15-16,100000000.0,temperature_mar,weather,-0.0018785918375341588,-0.0016399388930909667
joint_month_level_ridge,1,15-16,100000000.0,temperature_apr,weather,-0.004177816973027774,-0.003890021470884421
joint_month_level_ridge,1,16-17,100000000.0,intercept,intercept,24078540.666666675,24078540.90603862
joint_month_level_ridge,1,16-17,100000000.0,block_fe_2,block_fixed_effect,23920549.599999987,23920549.599999987
joint_month_level_ridge,1,16-17,100000000.0,block_fe_3,block_fixed_effect,24814228.53333331,24814228.53333331
joint_month_level_ridge,1,16-17,100000000.0,block_fe_4,block_fixed_effect,30123864.93333335,30123864.93333335
joint_month_level_ridge,1,16-17,100000000.0,block_fe_5,block_fixed_effect,28606699.199999988,28606699.199999988
joint_month_level_ridge,1,16-17,100000000.0,block_fe_6,block_fixed_effect,20623432.86666666,20623432.86666666
joint_month_level_ridge,1,16-17,100000000.0,block_fe_7,block_fixed_effect,12934041.066666674,12934041.066666674
joint_month_level_ridge,1,16-17,100000000.0,block_fe_8,block_fixed_effect,-853295.0666666813,-853295.0666666813
joint_month_level_ridge,1,16-17,100000000.0,block_fe_9,block_fixed_effect,-16953420.40000003,-16953420.40000003
joint_month_level_ridge,1,16-17,100000000.0,block_fe_10,block_fixed_effect,-23620900.533333354,-23620900.533333354
joint_month_level_ridge,1,16-17,100000000.0,block_fe_11,block_fixed_effect,-23861029.26666665,-23861029.26666665
joint_month_level_ridge,1,16-17,100000000.0,block_fe_12,block_fixed_effect,-20813615.866666663,-20813615.866666663
joint_month_level_ridge,1,16-17,100000000.0,rainfall_sep,weather,0.007764214563069998,0.00020144737116785882
joint_month_level_ridge,1,16-17,100000000.0,rainfall_oct,weather,-0.003843845021027347,-9.18167976347035e-05
joint_month_level_ridge,1,16-17,100000000.0,rainfall_nov,weather,0.0056842908726155725,0.00014556463259207984
joint_month_level_ridge,1,16-17,100000000.0,rainfall_dec,weather,0.004750418536860738,9.63559401317383e-05
joint_month_level_ridge,1,16-17,100000000.0,rainfall_jan,weather,-0.002236400456527034,-3.4401950685869185e-05
joint_month_level_ridge,1,16-17,100000000.0,rainfall_feb,weather,0.005134779195954054,0.00010880651763379802
joint_month_level_ridge,1,16-17,100000000.0,rainfall_mar,weather,-0.0007162115262670356,-1.930611344343223e-05
joint_month_level_ridge,1,16-17,100000000.0,rainfall_apr,weather,0.0060065904300357865,0.00022807264272003218
joint_month_level_ridge,1,16-17,100000000.0,temperature_sep,weather,-0.006304551548430521,-0.003807662498418262
joint_month_level_ridge,1,16-17,100000000.0,temperature_oct,weather,0.00415839785342908,0.003015281578090278
joint_month_level_ridge,1,16-17,100000000.0,temperature_nov,weather,9.728756586795397e-05,9.591376050693168e-05
joint_month_level_ridge,1,16-17,100000000.0,temperature_dec,weather,-0.0009753845258521955,-0.001025561851120727
joint_month_level_ridge,1,16-17,100000000.0,temperature_jan,weather,-0.0016439846127417218,-0.0014576276316178723
joint_month_level_ridge,1,16-17,100000000.0,temperature_feb,weather,-0.002536986218500177,-0.00257250954024757
joint_month_level_ridge,1,16-17,100000000.0,temperature_mar,weather,-0.002499455079701474,-0.002134152699850795
joint_month_level_ridge,1,16-17,100000000.0,temperature_apr,weather,-0.0049625749491762705,-0.004656541887453654
joint_month_level_ridge,1,17-18,100000000.0,intercept,intercept,25302075.066666674,25302075.243001666
joint_month_level_ridge,1,17-18,100000000.0,block_fe_2,block_fixed_effect,22800964.399999976,22800964.399999976
joint_month_level_ridge,1,17-18,100000000.0,block_fe_3,block_fixed_effect,22794434.466666646,22794434.466666646
joint_month_level_ridge,1,17-18,100000000.0,block_fe_4,block_fixed_effect,28849993.266666677,28849993.266666677
joint_month_level_ridge,1,17-18,100000000.0,block_fe_5,block_fixed_effect,27446564.40000001,27446564.40000001
joint_month_level_ridge,1,17-18,100000000.0,block_fe_6,block_fixed_effect,19146966.866666663,19146966.866666663
joint_month_level_ridge,1,17-18,100000000.0,block_fe_7,block_fixed_effect,11869707.66666665,11869707.66666665
joint_month_level_ridge,1,17-18,100000000.0,block_fe_8,block_fixed_effect,-1854164.9333333457,-1854164.9333333457
joint_month_level_ridge,1,17-18,100000000.0,block_fe_9,block_fixed_effect,-18272519.000000034,-18272519.000000034
joint_month_level_ridge,1,17-18,100000000.0,block_fe_10,block_fixed_effect,-24799649.333333347,-24799649.333333347
joint_month_level_ridge,1,17-18,100000000.0,block_fe_11,block_fixed_effect,-25060103.199999984,-25060103.199999984
joint_month_level_ridge,1,17-18,100000000.0,block_fe_12,block_fixed_effect,-22094232.53333332,-22094232.53333332
joint_month_level_ridge,1,17-18,100000000.0,rainfall_sep,weather,0.009964192273861429,0.0002371584290932996
joint_month_level_ridge,1,17-18,100000000.0,rainfall_oct,weather,-0.004230585968195919,-0.00010073168285062451
joint_month_level_ridge,1,17-18,100000000.0,rainfall_nov,weather,0.007857113787973621,0.00016599325167529648
joint_month_level_ridge,1,17-18,100000000.0,rainfall_dec,weather,0.006031067819827435,0.00011915480818925558
joint_month_level_ridge,1,17-18,100000000.0,rainfall_jan,weather,-0.0018144089476574124,-2.8213894452070928e-05
joint_month_level_ridge,1,17-18,100000000.0,rainfall_feb,weather,0.007225684667206242,0.00015163324349381374
joint_month_level_ridge,1,17-18,100000000.0,rainfall_mar,weather,4.971934409982589e-05,1.3187503993847132e-06
joint_month_level_ridge,1,17-18,100000000.0,rainfall_apr,weather,0.0034144971710178963,0.00013602727698334925
joint_month_level_ridge,1,17-18,100000000.0,temperature_sep,weather,-0.0055127613100882334,-0.0036060153924561108
joint_month_level_ridge,1,17-18,100000000.0,temperature_oct,weather,0.005726901099999612,0.004109419271186361
joint_month_level_ridge,1,17-18,100000000.0,temperature_nov,weather,0.0006705411496570027,0.0006678886809484909
joint_month_level_ridge,1,17-18,100000000.0,temperature_dec,weather,-0.0013107312157110596,-0.0013731774711439968
joint_month_level_ridge,1,17-18,100000000.0,temperature_jan,weather,-0.0020599439048441513,-0.0018212411595214001
joint_month_level_ridge,1,17-18,100000000.0,temperature_feb,weather,-0.0024069531996200686,-0.002444830683428026
joint_month_level_ridge,1,17-18,100000000.0,temperature_mar,weather,-0.002694369631106844,-0.0023089089460022055
joint_month_level_ridge,1,17-18,100000000.0,temperature_apr,weather,-0.003910287661035936,-0.0037039629276518922
joint_month_level_ridge,1,18-19,100000000.0,intercept,intercept,24533282.13333334,24533282.438516345
joint_month_level_ridge,1,18-19,100000000.0,block_fe_2,block_fixed_effect,23304725.266666666,23304725.266666666
joint_month_level_ridge,1,18-19,100000000.0,block_fe_3,block_fixed_effect,23581614.999999978,23581614.999999978
joint_month_level_ridge,1,18-19,100000000.0,block_fe_4,block_fixed_effect,29934297.33333333,29934297.33333333
joint_month_level_ridge,1,18-19,100000000.0,block_fe_5,block_fixed_effect,28541326.333333343,28541326.333333343
joint_month_level_ridge,1,18-19,100000000.0,block_fe_6,block_fixed_effect,20790008.133333337,20790008.133333337
joint_month_level_ridge,1,18-19,100000000.0,block_fe_7,block_fixed_effect,13246652.733333329,13246652.733333329
joint_month_level_ridge,1,18-19,100000000.0,block_fe_8,block_fixed_effect,-928963.0666666813,-928963.0666666813
joint_month_level_ridge,1,18-19,100000000.0,block_fe_9,block_fixed_effect,-17408615.800000012,-17408615.800000012
joint_month_level_ridge,1,18-19,100000000.0,block_fe_10,block_fixed_effect,-24040689.200000018,-24040689.200000018
joint_month_level_ridge,1,18-19,100000000.0,block_fe_11,block_fixed_effect,-24283087.73333332,-24283087.73333332
joint_month_level_ridge,1,18-19,100000000.0,block_fe_12,block_fixed_effect,-21096846.86666666,-21096846.86666666
joint_month_level_ridge,1,18-19,100000000.0,rainfall_sep,weather,0.00863121634041346,0.00020503948189087124
joint_month_level_ridge,1,18-19,100000000.0,rainfall_oct,weather,-0.00397850168229805,-9.511887062061252e-05
joint_month_level_ridge,1,18-19,100000000.0,rainfall_nov,weather,0.008453864819586961,0.00018420119056663953
joint_month_level_ridge,1,18-19,100000000.0,rainfall_dec,weather,0.005858755854912365,0.00011528698265334396
joint_month_level_ridge,1,18-19,100000000.0,rainfall_jan,weather,-0.0007682021483370493,-1.1422084929400452e-05
joint_month_level_ridge,1,18-19,100000000.0,rainfall_feb,weather,0.0061659264533430805,0.0001248981204835114
joint_month_level_ridge,1,18-19,100000000.0,rainfall_mar,weather,0.0005748163004540462,1.545297250227585e-05
joint_month_level_ridge,1,18-19,100000000.0,rainfall_apr,weather,0.0035685073329610657,0.0001352297378900376
joint_month_level_ridge,1,18-19,100000000.0,temperature_sep,weather,-0.005984264613524538,-0.003615337294689927
joint_month_level_ridge,1,18-19,100000000.0,temperature_oct,weather,0.0054525950032144055,0.0038662944844642987
joint_month_level_ridge,1,18-19,100000000.0,temperature_nov,weather,-0.0004343320118044966,-0.00044334190238947985
joint_month_level_ridge,1,18-19,100000000.0,temperature_dec,weather,-0.0019411950603464279,-0.002043015121410995
joint_month_level_ridge,1,18-19,100000000.0,temperature_jan,weather,-0.003037150770248154,-0.0026906236753846823
joint_month_level_ridge,1,18-19,100000000.0,temperature_feb,weather,-0.0037736988936957847,-0.004105793068340573
joint_month_level_ridge,1,18-19,100000000.0,temperature_mar,weather,-0.0028049689103526697,-0.002388605919562606
joint_month_level_ridge,1,18-19,100000000.0,temperature_apr,weather,-0.004649770440593894,-0.0043532585075265265
joint_month_level_ridge,1,19-20,100000000.0,intercept,intercept,25320610.93333333,25320611.17808148
joint_month_level_ridge,1,19-20,100000000.0,block_fe_2,block_fixed_effect,22245269.666666653,22245269.666666653
joint_month_level_ridge,1,19-20,100000000.0,block_fe_3,block_fixed_effect,22833449.266666654,22833449.266666654
joint_month_level_ridge,1,19-20,100000000.0,block_fe_4,block_fixed_effect,29256607.800000012,29256607.800000012
joint_month_level_ridge,1,19-20,100000000.0,block_fe_5,block_fixed_effect,27182143.133333337,27182143.133333337
joint_month_level_ridge,1,19-20,100000000.0,block_fe_6,block_fixed_effect,19685004.46666667,19685004.46666667
joint_month_level_ridge,1,19-20,100000000.0,block_fe_7,block_fixed_effect,11465428.40000001,11465428.40000001
joint_month_level_ridge,1,19-20,100000000.0,block_fe_8,block_fixed_effect,-1496934.6666666856,-1496934.6666666856
joint_month_level_ridge,1,19-20,100000000.0,block_fe_9,block_fixed_effect,-17823007.200000007,-17823007.200000007
joint_month_level_ridge,1,19-20,100000000.0,block_fe_10,block_fixed_effect,-24817812.800000004,-24817812.800000004
joint_month_level_ridge,1,19-20,100000000.0,block_fe_11,block_fixed_effect,-25066101.266666636,-25066101.266666636
joint_month_level_ridge,1,19-20,100000000.0,block_fe_12,block_fixed_effect,-21936593.33333331,-21936593.33333331
joint_month_level_ridge,1,19-20,100000000.0,rainfall_sep,weather,0.009098659353420302,0.00021097302747052023
joint_month_level_ridge,1,19-20,100000000.0,rainfall_oct,weather,-0.0043612498376212035,-0.00011205712612078337
joint_month_level_ridge,1,19-20,100000000.0,rainfall_nov,weather,0.0075807805823558975,0.00016179182958059405
joint_month_level_ridge,1,19-20,100000000.0,rainfall_dec,weather,0.005882395684213674,0.0001212621697521926
joint_month_level_ridge,1,19-20,100000000.0,rainfall_jan,weather,-0.0010902652937033735,-1.6760963615278407e-05
joint_month_level_ridge,1,19-20,100000000.0,rainfall_feb,weather,0.006621354017408323,0.00013899420623529152
joint_month_level_ridge,1,19-20,100000000.0,rainfall_mar,weather,0.0001603823461860413,4.263428991271736e-06
joint_month_level_ridge,1,19-20,100000000.0,rainfall_apr,weather,0.00447123577353245,0.00016623781491858597
joint_month_level_ridge,1,19-20,100000000.0,temperature_sep,weather,-0.006271932808304709,-0.003841286314905995
joint_month_level_ridge,1,19-20,100000000.0,temperature_oct,weather,0.0051289116285122595,0.003668688890459099
joint_month_level_ridge,1,19-20,100000000.0,temperature_nov,weather,0.00018310655521901352,0.0001849565517960263
joint_month_level_ridge,1,19-20,100000000.0,temperature_dec,weather,-0.0015257601445034523,-0.0015997477275774858
joint_month_level_ridge,1,19-20,100000000.0,temperature_jan,weather,-0.0024908617129614737,-0.0022995795700904076
joint_month_level_ridge,1,19-20,100000000.0,temperature_feb,weather,-0.0025281325854085417,-0.00257543190272701
joint_month_level_ridge,1,19-20,100000000.0,temperature_mar,weather,-0.0031044931703419847,-0.0026357078261262925
joint_month_level_ridge,1,19-20,100000000.0,temperature_apr,weather,-0.004354735781855407,-0.004168828397340427
joint_month_level_ridge,1,20-21,100000000.0,intercept,intercept,24467942.533333324,24467942.769423716
joint_month_level_ridge,1,20-21,100000000.0,block_fe_2,block_fixed_effect,22947669.800000004,22947669.800000004
joint_month_level_ridge,1,20-21,100000000.0,block_fe_3,block_fixed_effect,23836082.33333333,23836082.33333333
joint_month_level_ridge,1,20-21,100000000.0,block_fe_4,block_fixed_effect,29764467.066666685,29764467.066666685
joint_month_level_ridge,1,20-21,100000000.0,block_fe_5,block_fixed_effect,28067931.93333336,28067931.93333336
joint_month_level_ridge,1,20-21,100000000.0,block_fe_6,block_fixed_effect,20127461.933333334,20127461.933333334
joint_month_level_ridge,1,20-21,100000000.0,block_fe_7,block_fixed_effect,12648733.266666677,12648733.266666677
joint_month_level_ridge,1,20-21,100000000.0,block_fe_8,block_fixed_effect,-519168.46666666865,-519168.46666666865
joint_month_level_ridge,1,20-21,100000000.0,block_fe_9,block_fixed_effect,-16927399.53333334,-16927399.53333334
joint_month_level_ridge,1,20-21,100000000.0,block_fe_10,block_fixed_effect,-23964495.93333333,-23964495.93333333
joint_month_level_ridge,1,20-21,100000000.0,block_fe_11,block_fixed_effect,-24214539.199999973,-24214539.199999973
joint_month_level_ridge,1,20-21,100000000.0,block_fe_12,block_fixed_effect,-20886868.933333308,-20886868.933333308
joint_month_level_ridge,1,20-21,100000000.0,rainfall_sep,weather,0.009098197926539453,0.00021005565083867344
joint_month_level_ridge,1,20-21,100000000.0,rainfall_oct,weather,-0.0035185268512642866,-9.046120208423449e-05
joint_month_level_ridge,1,20-21,100000000.0,rainfall_nov,weather,0.007230336478619,0.0001506790432138847
joint_month_level_ridge,1,20-21,100000000.0,rainfall_dec,weather,0.005952706492037426,0.00011738510053086711
joint_month_level_ridge,1,20-21,100000000.0,rainfall_jan,weather,-0.0008081192118783411,-1.2006740682995841e-05
joint_month_level_ridge,1,20-21,100000000.0,rainfall_feb,weather,0.005804561198798578,0.00013650940247627574
joint_month_level_ridge,1,20-21,100000000.0,rainfall_mar,weather,0.0008930223150534381,2.473976407528938e-05
joint_month_level_ridge,1,20-21,100000000.0,rainfall_apr,weather,0.005404839147902509,0.00020702083938098278
joint_month_level_ridge,1,20-21,100000000.0,temperature_sep,weather,-0.0066067553407204134,-0.004041571815076496
joint_month_level_ridge,1,20-21,100000000.0,temperature_oct,weather,0.004540022111881086,0.003412055259957341
joint_month_level_ridge,1,20-21,100000000.0,temperature_nov,weather,-0.00048456327470293724,-0.0004994942468561325
joint_month_level_ridge,1,20-21,100000000.0,temperature_dec,weather,-0.0014652783700365589,-0.0015289374485993217
joint_month_level_ridge,1,20-21,100000000.0,temperature_jan,weather,-0.00267120416107326,-0.0023306712257447426
joint_month_level_ridge,1,20-21,100000000.0,temperature_feb,weather,-0.001997306417013016,-0.002091161884904753
joint_month_level_ridge,1,20-21,100000000.0,temperature_mar,weather,-0.002635961065216446,-0.002274471817460928
joint_month_level_ridge,1,20-21,100000000.0,temperature_apr,weather,-0.003959189137515507,-0.003741743025400544
joint_month_level_ridge,1,21-22,100000000.0,intercept,intercept,25431097.59999999,25431097.548578758
joint_month_level_ridge,1,21-22,100000000.0,block_fe_2,block_fixed_effect,22093865.266666654,22093865.266666654
joint_month_level_ridge,1,21-22,100000000.0,block_fe_3,block_fixed_effect,22969311.133333325,22969311.133333325
joint_month_level_ridge,1,21-22,100000000.0,block_fe_4,block_fixed_effect,29051163.73333335,29051163.73333335
joint_month_level_ridge,1,21-22,100000000.0,block_fe_5,block_fixed_effect,27186526.866666693,27186526.866666693
joint_month_level_ridge,1,21-22,100000000.0,block_fe_6,block_fixed_effect,19598075.20000001,19598075.20000001
joint_month_level_ridge,1,21-22,100000000.0,block_fe_7,block_fixed_effect,12921595.466666685,12921595.466666685
joint_month_level_ridge,1,21-22,100000000.0,block_fe_8,block_fixed_effect,-935539.5333333425,-935539.5333333425
joint_month_level_ridge,1,21-22,100000000.0,block_fe_9,block_fixed_effect,-17862132.133333337,-17862132.133333337
joint_month_level_ridge,1,21-22,100000000.0,block_fe_10,block_fixed_effect,-24926966.666666683,-24926966.666666683
joint_month_level_ridge,1,21-22,100000000.0,block_fe_11,block_fixed_effect,-25176587.933333326,-25176587.933333326
joint_month_level_ridge,1,21-22,100000000.0,block_fe_12,block_fixed_effect,-21742683.866666637,-21742683.866666637
joint_month_level_ridge,1,21-22,100000000.0,rainfall_sep,weather,0.006478387794029661,0.00015516147669213004
joint_month_level_ridge,1,21-22,100000000.0,rainfall_oct,weather,-0.007031133955506871,-0.0001729652756944963
joint_month_level_ridge,1,21-22,100000000.0,rainfall_nov,weather,0.003327587725198854,7.61132391656655e-05
joint_month_level_ridge,1,21-22,100000000.0,rainfall_dec,weather,0.005030526422421824,9.913790113807728e-05
joint_month_level_ridge,1,21-22,100000000.0,rainfall_jan,weather,-0.003899282027647175,-6.01166728808614e-05
joint_month_level_ridge,1,21-22,100000000.0,rainfall_feb,weather,0.003973363952058926,8.268224654206525e-05
joint_month_level_ridge,1,21-22,100000000.0,rainfall_mar,weather,-0.002412526927360367,-6.586773692515314e-05
joint_month_level_ridge,1,21-22,100000000.0,rainfall_apr,weather,0.000521624726562784,2.0122957417060408e-05
joint_month_level_ridge,1,21-22,100000000.0,temperature_sep,weather,-0.0027425793099046295,-0.0017604362327542135
joint_month_level_ridge,1,21-22,100000000.0,temperature_oct,weather,0.00906774249779966,0.006773031378209426
joint_month_level_ridge,1,21-22,100000000.0,temperature_nov,weather,0.002000958360433098,0.001998433134047868
joint_month_level_ridge,1,21-22,100000000.0,temperature_dec,weather,0.00045422899474446187,0.0004827776083951621
joint_month_level_ridge,1,21-22,100000000.0,temperature_jan,weather,-0.0004717112861481557,-0.0004187200790988977
joint_month_level_ridge,1,21-22,100000000.0,temperature_feb,weather,-0.0013556369453233692,-0.0013841252620176087
joint_month_level_ridge,1,21-22,100000000.0,temperature_mar,weather,-0.0005334331853088176,-0.0004661313972180117
joint_month_level_ridge,1,21-22,100000000.0,temperature_apr,weather,-0.004175421602811485,-0.0038863979402303885
joint_month_level_ridge,1,22-23,100000000.0,intercept,intercept,26020465.466666672,26020465.729494404
joint_month_level_ridge,1,22-23,100000000.0,block_fe_2,block_fixed_effect,21887338.133333314,21887338.133333314
joint_month_level_ridge,1,22-23,100000000.0,block_fe_3,block_fixed_effect,22471456.33333333,22471456.33333333
joint_month_level_ridge,1,22-23,100000000.0,block_fe_4,block_fixed_effect,28355692.599999994,28355692.599999994
joint_month_level_ridge,1,22-23,100000000.0,block_fe_5,block_fixed_effect,26820726.799999997,26820726.799999997
joint_month_level_ridge,1,22-23,100000000.0,block_fe_6,block_fixed_effect,19453154.733333312,19453154.733333312
joint_month_level_ridge,1,22-23,100000000.0,block_fe_7,block_fixed_effect,11172972.133333337,11172972.133333337
joint_month_level_ridge,1,22-23,100000000.0,block_fe_8,block_fixed_effect,-2701266.5333333425,-2701266.5333333425
joint_month_level_ridge,1,22-23,100000000.0,block_fe_9,block_fixed_effect,-18640438.733333334,-18640438.733333334
joint_month_level_ridge,1,22-23,100000000.0,block_fe_10,block_fixed_effect,-25516334.533333343,-25516334.533333343
joint_month_level_ridge,1,22-23,100000000.0,block_fe_11,block_fixed_effect,-25767121.133333303,-25767121.133333303
joint_month_level_ridge,1,22-23,100000000.0,block_fe_12,block_fixed_effect,-22486657.266666654,-22486657.266666654
joint_month_level_ridge,1,22-23,100000000.0,rainfall_sep,weather,0.007650897987841284,0.00018137715942062713
joint_month_level_ridge,1,22-23,100000000.0,rainfall_oct,weather,-0.0017670442359333932,-4.539398725130056e-05
joint_month_level_ridge,1,22-23,100000000.0,rainfall_nov,weather,0.006041839130927711,0.00012853739121068377
joint_month_level_ridge,1,22-23,100000000.0,rainfall_dec,weather,0.0047597762844023795,9.466555683168068e-05
joint_month_level_ridge,1,22-23,100000000.0,rainfall_jan,weather,0.0007434275867961607,1.1371298815433242e-05
joint_month_level_ridge,1,22-23,100000000.0,rainfall_feb,weather,0.005102302114133208,0.00010505166254804455
joint_month_level_ridge,1,22-23,100000000.0,rainfall_mar,weather,0.0004216404991627858,1.1188833305398707e-05
joint_month_level_ridge,1,22-23,100000000.0,rainfall_apr,weather,0.00278351194591116,0.00010266865071320172
joint_month_level_ridge,1,22-23,100000000.0,temperature_sep,weather,-0.004146170966965582,-0.0026393852843164456
joint_month_level_ridge,1,22-23,100000000.0,temperature_oct,weather,0.003956691520842532,0.0028351399714244456
joint_month_level_ridge,1,22-23,100000000.0,temperature_nov,weather,0.0007114123044460918,0.0007022894023993104
joint_month_level_ridge,1,22-23,100000000.0,temperature_dec,weather,-0.002479425922171136,-0.002607649188944219
joint_month_level_ridge,1,22-23,100000000.0,temperature_jan,weather,-0.002957911287850261,-0.002580487065268349
joint_month_level_ridge,1,22-23,100000000.0,temperature_feb,weather,-0.0036815378907165495,-0.003780401996958952
joint_month_level_ridge,1,22-23,100000000.0,temperature_mar,weather,-0.0025546775954632546,-0.0021697986046377493
joint_month_level_ridge,1,22-23,100000000.0,temperature_apr,weather,-0.003694754169213217,-0.0034545886702638338
joint_month_level_ridge,1,23-24,0.0001,intercept,intercept,25699121.466666687,39007966.74524541
joint_month_level_ridge,1,23-24,0.0001,block_fe_2,block_fixed_effect,21585050.26666668,21585050.26666668
joint_month_level_ridge,1,23-24,0.0001,block_fe_3,block_fixed_effect,22804258.866666652,22804258.866666652
joint_month_level_ridge,1,23-24,0.0001,block_fe_4,block_fixed_effect,28416247.066666692,28416247.066666692
joint_month_level_ridge,1,23-24,0.0001,block_fe_5,block_fixed_effect,26613339.533333357,26613339.533333357
joint_month_level_ridge,1,23-24,0.0001,block_fe_6,block_fixed_effect,18759592.200000007,18759592.200000007
joint_month_level_ridge,1,23-24,0.0001,block_fe_7,block_fixed_effect,11381258.066666666,11381258.066666666
joint_month_level_ridge,1,23-24,0.0001,block_fe_8,block_fixed_effect,-3280838.9333333494,-3280838.9333333494
joint_month_level_ridge,1,23-24,0.0001,block_fe_9,block_fixed_effect,-19248110.20000002,-19248110.20000002
joint_month_level_ridge,1,23-24,0.0001,block_fe_10,block_fixed_effect,-25258234.133333344,-25258234.133333344
joint_month_level_ridge,1,23-24,0.0001,block_fe_11,block_fixed_effect,-25468864.66666667,-25468864.66666667
joint_month_level_ridge,1,23-24,0.0001,block_fe_12,block_fixed_effect,-22270974.866666663,-22270974.866666663
joint_month_level_ridge,1,23-24,0.0001,rainfall_sep,weather,323787.5991269299,7712.996799484831
joint_month_level_ridge,1,23-24,0.0001,rainfall_oct,weather,-548585.9008124443,-13064.918083512985
joint_month_level_ridge,1,23-24,0.0001,rainfall_nov,weather,2378461.20788421,50836.07278840097
joint_month_level_ridge,1,23-24,0.0001,rainfall_dec,weather,-1622808.8694520046,-32785.00858698706
joint_month_level_ridge,1,23-24,0.0001,rainfall_jan,weather,-1054413.9224571125,-15665.670178134911
joint_month_level_ridge,1,23-24,0.0001,rainfall_feb,weather,-1529550.1506350539,-31647.52189595819
joint_month_level_ridge,1,23-24,0.0001,rainfall_mar,weather,178890.78709776152,4742.7672467463335
joint_month_level_ridge,1,23-24,0.0001,rainfall_apr,weather,1454387.9729584227,53652.41817186186
joint_month_level_ridge,1,23-24,0.0001,temperature_sep,weather,65369.298188778186,41796.98590075249
joint_month_level_ridge,1,23-24,0.0001,temperature_oct,weather,345044.54964142805,244017.8778465886
joint_month_level_ridge,1,23-24,0.0001,temperature_nov,weather,2375748.979415515,2511021.8703660243
joint_month_level_ridge,1,23-24,0.0001,temperature_dec,weather,-242073.7533718742,-260717.66685483803
joint_month_level_ridge,1,23-24,0.0001,temperature_jan,weather,-1016744.0093263065,-920819.4932703266
joint_month_level_ridge,1,23-24,0.0001,temperature_feb,weather,-878278.2868100759,-925077.1680556545
joint_month_level_ridge,1,23-24,0.0001,temperature_mar,weather,-1269239.4069168647,-1078300.1864125007
joint_month_level_ridge,1,23-24,0.0001,temperature_apr,weather,-7039.623191939435,-6778.201897117731
joint_month_level_ridge,1,24-25,1.7782794100389228,intercept,intercept,24862338.2,43210908.749373764
joint_month_level_ridge,1,24-25,1.7782794100389228,block_fe_2,block_fixed_effect,22535265.800000027,22535265.800000027
joint_month_level_ridge,1,24-25,1.7782794100389228,block_fe_3,block_fixed_effect,22986804.266666654,22986804.266666654
joint_month_level_ridge,1,24-25,1.7782794100389228,block_fe_4,block_fixed_effect,29545421.933333352,29545421.933333352
joint_month_level_ridge,1,24-25,1.7782794100389228,block_fe_5,block_fixed_effect,27837675.200000003,27837675.200000003
joint_month_level_ridge,1,24-25,1.7782794100389228,block_fe_6,block_fixed_effect,19873672.73333334,19873672.73333334
joint_month_level_ridge,1,24-25,1.7782794100389228,block_fe_7,block_fixed_effect,12443069.999999994,12443069.999999994
joint_month_level_ridge,1,24-25,1.7782794100389228,block_fe_8,block_fixed_effect,-1238980.4666666668,-1238980.4666666668
joint_month_level_ridge,1,24-25,1.7782794100389228,block_fe_9,block_fixed_effect,-17570306.800000027,-17570306.800000027
joint_month_level_ridge,1,24-25,1.7782794100389228,block_fe_10,block_fixed_effect,-24358207.266666673,-24358207.266666673
joint_month_level_ridge,1,24-25,1.7782794100389228,block_fe_11,block_fixed_effect,-24607828.53333331,-24607828.53333331
joint_month_level_ridge,1,24-25,1.7782794100389228,block_fe_12,block_fixed_effect,-21362255.79999999,-21362255.79999999
joint_month_level_ridge,1,24-25,1.7782794100389228,rainfall_sep,weather,207806.98204282744,4846.687130925593
joint_month_level_ridge,1,24-25,1.7782794100389228,rainfall_oct,weather,-169879.33611443196,-4377.942263686097
joint_month_level_ridge,1,24-25,1.7782794100389228,rainfall_nov,weather,246178.38779340973,5249.924201286223
joint_month_level_ridge,1,24-25,1.7782794100389228,rainfall_dec,weather,134459.09918070148,3014.5024359107133
joint_month_level_ridge,1,24-25,1.7782794100389228,rainfall_jan,weather,-139050.8983534808,-2150.419042715121
joint_month_level_ridge,1,24-25,1.7782794100389228,rainfall_feb,weather,129288.38457394116,2671.984650068877
joint_month_level_ridge,1,24-25,1.7782794100389228,rainfall_mar,weather,-118226.3237762624,-3143.5575538799367
joint_month_level_ridge,1,24-25,1.7782794100389228,rainfall_apr,weather,173003.5829656958,6307.8802399580545
joint_month_level_ridge,1,24-25,1.7782794100389228,temperature_sep,weather,-227449.2513688488,-151383.70361800623
joint_month_level_ridge,1,24-25,1.7782794100389228,temperature_oct,weather,202581.46343579734,150256.24086556447
joint_month_level_ridge,1,24-25,1.7782794100389228,temperature_nov,weather,-91098.35274529539,-125088.11638378074
joint_month_level_ridge,1,24-25,1.7782794100389228,temperature_dec,weather,-170447.25678667586,-321191.66667367227
joint_month_level_ridge,1,24-25,1.7782794100389228,temperature_jan,weather,-63993.31525462276,-63333.456496998464
joint_month_level_ridge,1,24-25,1.7782794100389228,temperature_feb,weather,-67949.68365619998,-81691.00939325297
joint_month_level_ridge,1,24-25,1.7782794100389228,temperature_mar,weather,-53844.73781983237,-53774.90744847825
joint_month_level_ridge,1,24-25,1.7782794100389228,temperature_apr,weather,-143147.80582218705,-163929.67379306044
joint_month_level_ridge,1,25-26,100000000.0,intercept,intercept,25780475.066666666,25780475.366242003
joint_month_level_ridge,1,25-26,100000000.0,block_fe_2,block_fixed_effect,21657225.06666667,21657225.06666667
joint_month_level_ridge,1,25-26,100000000.0,block_fe_3,block_fixed_effect,22846337.53333333,22846337.53333333
joint_month_level_ridge,1,25-26,100000000.0,block_fe_4,block_fixed_effect,28492052.133333337,28492052.133333337
joint_month_level_ridge,1,25-26,100000000.0,block_fe_5,block_fixed_effect,26502335.999999993,26502335.999999993
joint_month_level_ridge,1,25-26,100000000.0,block_fe_6,block_fixed_effect,18817758.600000013,18817758.600000013
joint_month_level_ridge,1,25-26,100000000.0,block_fe_7,block_fixed_effect,11414669.533333357,11414669.533333357
joint_month_level_ridge,1,25-26,100000000.0,block_fe_8,block_fixed_effect,-2196058.400000005,-2196058.400000005
joint_month_level_ridge,1,25-26,100000000.0,block_fe_9,block_fixed_effect,-18480139.266666673,-18480139.266666673
joint_month_level_ridge,1,25-26,100000000.0,block_fe_10,block_fixed_effect,-25287185.133333348,-25287185.133333348
joint_month_level_ridge,1,25-26,100000000.0,block_fe_11,block_fixed_effect,-25529128.66666666,-25529128.66666666
joint_month_level_ridge,1,25-26,100000000.0,block_fe_12,block_fixed_effect,-22336753.533333328,-22336753.533333328
joint_month_level_ridge,1,25-26,100000000.0,rainfall_sep,weather,0.009355739114725528,0.0002245826192713871
joint_month_level_ridge,1,25-26,100000000.0,rainfall_oct,weather,-0.004202941594715479,-0.00010006827948600594
joint_month_level_ridge,1,25-26,100000000.0,rainfall_nov,weather,0.007582294097706181,0.00016352603988795927
joint_month_level_ridge,1,25-26,100000000.0,rainfall_dec,weather,0.005745917483274148,0.00011304370372747738
joint_month_level_ridge,1,25-26,100000000.0,rainfall_jan,weather,-0.0010305003588455004,-1.6339352639985017e-05
joint_month_level_ridge,1,25-26,100000000.0,rainfall_feb,weather,0.006634061354156712,0.0001425972445193648
joint_month_level_ridge,1,25-26,100000000.0,rainfall_mar,weather,0.00010839740186146453,3.313626473419842e-06
joint_month_level_ridge,1,25-26,100000000.0,rainfall_apr,weather,0.004222613875097738,0.0001519939936673663
joint_month_level_ridge,1,25-26,100000000.0,temperature_sep,weather,-0.006625314191692784,-0.004357666862183316
joint_month_level_ridge,1,25-26,100000000.0,temperature_oct,weather,0.005252621411275046,0.003782085211938882
joint_month_level_ridge,1,25-26,100000000.0,temperature_nov,weather,0.00027560788654111264,0.0002716362389863611
joint_month_level_ridge,1,25-26,100000000.0,temperature_dec,weather,-0.0015663517484677837,-0.001634328087797338
joint_month_level_ridge,1,25-26,100000000.0,temperature_jan,weather,-0.0025575741311452465,-0.0023014346069039444
joint_month_level_ridge,1,25-26,100000000.0,temperature_feb,weather,-0.0027685303402193127,-0.0030726209513877323
joint_month_level_ridge,1,25-26,100000000.0,temperature_mar,weather,-0.003720309943985964,-0.0038735266954070297
joint_month_level_ridge,1,25-26,100000000.0,temperature_apr,weather,-0.0045645541539411005,-0.004497614109373773
joint_month_level_ridge,2,10-11,100000000.0,intercept,intercept,72112990.73333333,72112991.09310384
joint_month_level_ridge,2,10-11,100000000.0,block_fe_2,block_fixed_effect,30609654.266666688,30609654.266666688
joint_month_level_ridge,2,10-11,100000000.0,block_fe_3,block_fixed_effect,25708531.799999986,25708531.799999986
joint_month_level_ridge,2,10-11,100000000.0,block_fe_4,block_fixed_effect,-11801850.466666657,-11801850.466666657
joint_month_level_ridge,2,10-11,100000000.0,block_fe_5,block_fixed_effect,-64420566.26666665,-64420566.26666665
joint_month_level_ridge,2,10-11,100000000.0,block_fe_6,block_fixed_effect,-68236912.66666667,-68236912.66666667
joint_month_level_ridge,2,10-11,100000000.0,rainfall_sep,weather,0.018430369612957572,0.0005074494344753202
joint_month_level_ridge,2,10-11,100000000.0,rainfall_oct,weather,-0.00936207101598153,-0.00022629838531928827
joint_month_level_ridge,2,10-11,100000000.0,rainfall_nov,weather,0.013841966540104472,0.0003000999096830012
joint_month_level_ridge,2,10-11,100000000.0,rainfall_dec,weather,0.011018430550290937,0.0002828658965131018
joint_month_level_ridge,2,10-11,100000000.0,rainfall_jan,weather,-0.0037895545491161376,-6.008222102539331e-05
joint_month_level_ridge,2,10-11,100000000.0,rainfall_feb,weather,0.01274371120475436,0.00025813471409884026
joint_month_level_ridge,2,10-11,100000000.0,rainfall_mar,weather,-4.783187755916382e-06,-1.270074078062232e-07
joint_month_level_ridge,2,10-11,100000000.0,rainfall_apr,weather,0.007903803667303266,0.000286673060834968
joint_month_level_ridge,2,10-11,100000000.0,temperature_sep,weather,-0.01145810750283083,-0.007083573043834968
joint_month_level_ridge,2,10-11,100000000.0,temperature_oct,weather,0.012477583563519003,0.00930195734064062
joint_month_level_ridge,2,10-11,100000000.0,temperature_nov,weather,-0.00027870210014605587,-0.0002788052241786209
joint_month_level_ridge,2,10-11,100000000.0,temperature_dec,weather,-0.0016268979802525187,-0.0018016787260574654
joint_month_level_ridge,2,10-11,100000000.0,temperature_jan,weather,-0.004190266702307445,-0.0037096897225220734
joint_month_level_ridge,2,10-11,100000000.0,temperature_feb,weather,-0.00495206333324594,-0.005024465843967841
joint_month_level_ridge,2,10-11,100000000.0,temperature_mar,weather,-0.0055594550622680575,-0.004749489833282047
joint_month_level_ridge,2,10-11,100000000.0,temperature_apr,weather,-0.0074912128381063765,-0.007436830421683855
joint_month_level_ridge,2,11-12,10.0,intercept,intercept,73730509.46666665,77630831.10513599
joint_month_level_ridge,2,11-12,10.0,block_fe_2,block_fixed_effect,29206116.266666677,29206116.266666677
joint_month_level_ridge,2,11-12,10.0,block_fe_3,block_fixed_effect,23877397.93333333,23877397.93333333
joint_month_level_ridge,2,11-12,10.0,block_fe_4,block_fixed_effect,-11961320.999999989,-11961320.999999989
joint_month_level_ridge,2,11-12,10.0,block_fe_5,block_fixed_effect,-65691530.06666665,-65691530.06666665
joint_month_level_ridge,2,11-12,10.0,block_fe_6,block_fixed_effect,-69793112.73333333,-69793112.73333333
joint_month_level_ridge,2,11-12,10.0,rainfall_sep,weather,163003.0784034127,3817.2240131798476
joint_month_level_ridge,2,11-12,10.0,rainfall_oct,weather,-72748.57956545048,-1737.0168993100758
joint_month_level_ridge,2,11-12,10.0,rainfall_nov,weather,77726.50780189119,1663.31224405947
joint_month_level_ridge,2,11-12,10.0,rainfall_dec,weather,86930.90187554144,1717.866558456314
joint_month_level_ridge,2,11-12,10.0,rainfall_jan,weather,22733.88219718701,364.40673875637793
joint_month_level_ridge,2,11-12,10.0,rainfall_feb,weather,149237.75618200275,3190.41432707397
joint_month_level_ridge,2,11-12,10.0,rainfall_mar,weather,94130.39593532283,3062.58502139502
joint_month_level_ridge,2,11-12,10.0,rainfall_apr,weather,107659.76448473048,3950.0341554667584
joint_month_level_ridge,2,11-12,10.0,temperature_sep,weather,-102624.99600493962,-62324.23464193691
joint_month_level_ridge,2,11-12,10.0,temperature_oct,weather,39326.34746385413,30432.176422127864
joint_month_level_ridge,2,11-12,10.0,temperature_nov,weather,10248.147082265006,10134.192859105635
joint_month_level_ridge,2,11-12,10.0,temperature_dec,weather,-5898.38631455055,-6164.985131972268
joint_month_level_ridge,2,11-12,10.0,temperature_jan,weather,-31460.946854388716,-27475.752972163544
joint_month_level_ridge,2,11-12,10.0,temperature_feb,weather,-32774.220113449126,-33483.890948206914
joint_month_level_ridge,2,11-12,10.0,temperature_mar,weather,-90009.99309862441,-83171.12999634838
joint_month_level_ridge,2,11-12,10.0,temperature_apr,weather,-65590.85173688324,-61735.018852013105
joint_month_level_ridge,2,12-13,100000000.0,intercept,intercept,75201240.93333334,75201241.61022308
joint_month_level_ridge,2,12-13,100000000.0,block_fe_2,block_fixed_effect,28702383.93333335,28702383.93333335
joint_month_level_ridge,2,12-13,100000000.0,block_fe_3,block_fixed_effect,21989765.933333345,21989765.933333345
joint_month_level_ridge,2,12-13,100000000.0,block_fe_4,block_fixed_effect,-16232644.533333313,-16232644.533333313
joint_month_level_ridge,2,12-13,100000000.0,block_fe_5,block_fixed_effect,-68120743.79999997,-68120743.79999997
joint_month_level_ridge,2,12-13,100000000.0,block_fe_6,block_fixed_effect,-71333702.20000002,-71333702.20000002
joint_month_level_ridge,2,12-13,100000000.0,rainfall_sep,weather,0.016855521144670073,0.0004095357777639295
joint_month_level_ridge,2,12-13,100000000.0,rainfall_oct,weather,-0.007058747990695244,-0.00017318427781164207
joint_month_level_ridge,2,12-13,100000000.0,rainfall_nov,weather,0.014062829606388405,0.0002942479018504568
joint_month_level_ridge,2,12-13,100000000.0,rainfall_dec,weather,0.01083112912042965,0.00021425131164613839
joint_month_level_ridge,2,12-13,100000000.0,rainfall_jan,weather,-0.0008507911411380566,-1.2790590032958496e-05
joint_month_level_ridge,2,12-13,100000000.0,rainfall_feb,weather,0.01107011231160185,0.00023616919420327412
joint_month_level_ridge,2,12-13,100000000.0,rainfall_mar,weather,-0.002583863618287934,-7.497134838889622e-05
joint_month_level_ridge,2,12-13,100000000.0,rainfall_apr,weather,0.01117306661405271,0.00042560646152482474
joint_month_level_ridge,2,12-13,100000000.0,temperature_sep,weather,-0.014225649614613624,-0.008854287011120841
joint_month_level_ridge,2,12-13,100000000.0,temperature_oct,weather,0.009084918411034742,0.006554235090980238
joint_month_level_ridge,2,12-13,100000000.0,temperature_nov,weather,-0.0020460322249285035,-0.002177913148242701
joint_month_level_ridge,2,12-13,100000000.0,temperature_dec,weather,-0.0036127615894354387,-0.003777196426485612
joint_month_level_ridge,2,12-13,100000000.0,temperature_jan,weather,-0.008451507662423734,-0.008098228970441879
joint_month_level_ridge,2,12-13,100000000.0,temperature_feb,weather,-0.005179315412169481,-0.00525204017704792
joint_month_level_ridge,2,12-13,100000000.0,temperature_mar,weather,-0.005876357576738341,-0.004980707956294962
joint_month_level_ridge,2,12-13,100000000.0,temperature_apr,weather,-0.007480212408470558,-0.007120939613218458
joint_month_level_ridge,2,13-14,100000000.0,intercept,intercept,73023645.46666665,73023645.8290289
joint_month_level_ridge,2,13-14,100000000.0,block_fe_2,block_fixed_effect,30555795.000000007,30555795.000000007
joint_month_level_ridge,2,13-14,100000000.0,block_fe_3,block_fixed_effect,23970909.000000007,23970909.000000007
joint_month_level_ridge,2,13-14,100000000.0,block_fe_4,block_fixed_effect,-13720676.733333312,-13720676.733333312
joint_month_level_ridge,2,13-14,100000000.0,block_fe_5,block_fixed_effect,-66004972.933333315,-66004972.933333315
joint_month_level_ridge,2,13-14,100000000.0,block_fe_6,block_fixed_effect,-69273590.93333334,-69273590.93333334
joint_month_level_ridge,2,13-14,100000000.0,rainfall_sep,weather,0.017816490098992423,0.0004112103386304196
joint_month_level_ridge,2,13-14,100000000.0,rainfall_oct,weather,-0.005342240856865559,-0.00013414775367544686
joint_month_level_ridge,2,13-14,100000000.0,rainfall_nov,weather,0.016028381728283192,0.0003364322172597475
joint_month_level_ridge,2,13-14,100000000.0,rainfall_dec,weather,0.008960622964159105,0.00018303813224508075
joint_month_level_ridge,2,13-14,100000000.0,rainfall_jan,weather,-0.002143421534269559,-3.181130867621396e-05
joint_month_level_ridge,2,13-14,100000000.0,rainfall_feb,weather,0.01158645857229893,0.00023558016077218454
joint_month_level_ridge,2,13-14,100000000.0,rainfall_mar,weather,-0.0016838582227666858,-4.5400836938836214e-05
joint_month_level_ridge,2,13-14,100000000.0,rainfall_apr,weather,0.005920030337591947,0.00022050809585881067
joint_month_level_ridge,2,13-14,100000000.0,temperature_sep,weather,-0.011357360886347461,-0.006878343103847601
joint_month_level_ridge,2,13-14,100000000.0,temperature_oct,weather,0.007876038039488506,0.005732455563749081
joint_month_level_ridge,2,13-14,100000000.0,temperature_nov,weather,-0.00029138356918480556,-0.000287974170180696
joint_month_level_ridge,2,13-14,100000000.0,temperature_dec,weather,-0.00529241417289843,-0.00562766751445856
joint_month_level_ridge,2,13-14,100000000.0,temperature_jan,weather,-0.002071363508301878,-0.0018810986256194333
joint_month_level_ridge,2,13-14,100000000.0,temperature_feb,weather,-0.003005568591220581,-0.003115037878260948
joint_month_level_ridge,2,13-14,100000000.0,temperature_mar,weather,-0.004019304895301935,-0.0034812142136360505
joint_month_level_ridge,2,13-14,100000000.0,temperature_apr,weather,-0.004467823044081737,-0.00464001330263037
joint_month_level_ridge,2,14-15,100000000.0,intercept,intercept,73124370.93333335,73124371.39165418
joint_month_level_ridge,2,14-15,100000000.0,block_fe_2,block_fixed_effect,29811687.46666668,29811687.46666668
joint_month_level_ridge,2,14-15,100000000.0,block_fe_3,block_fixed_effect,24574273.66666666,24574273.66666666
joint_month_level_ridge,2,14-15,100000000.0,block_fe_4,block_fixed_effect,-12629759.600000003,-12629759.600000003
joint_month_level_ridge,2,14-15,100000000.0,block_fe_5,block_fixed_effect,-65417220.79999998,-65417220.79999998
joint_month_level_ridge,2,14-15,100000000.0,block_fe_6,block_fixed_effect,-69288655.80000004,-69288655.80000004
joint_month_level_ridge,2,14-15,100000000.0,rainfall_sep,weather,0.018362148365532283,0.0004249760502624748
joint_month_level_ridge,2,14-15,100000000.0,rainfall_oct,weather,-0.008611949743040043,-0.00020533023474897
joint_month_level_ridge,2,14-15,100000000.0,rainfall_nov,weather,0.014252351626968729,0.0002994475047031839
joint_month_level_ridge,2,14-15,100000000.0,rainfall_dec,weather,0.010889834782594116,0.00022252697101950516
joint_month_level_ridge,2,14-15,100000000.0,rainfall_jan,weather,-0.0034362433673335918,-5.466881060431616e-05
joint_month_level_ridge,2,14-15,100000000.0,rainfall_feb,weather,0.012015916198794045,0.0002500204795061769
joint_month_level_ridge,2,14-15,100000000.0,rainfall_mar,weather,6.93762096189375e-05,1.8417229321463745e-06
joint_month_level_ridge,2,14-15,100000000.0,rainfall_apr,weather,0.008472960313415347,0.0003048700017271587
joint_month_level_ridge,2,14-15,100000000.0,temperature_sep,weather,-0.013558629515397864,-0.008449460982966624
joint_month_level_ridge,2,14-15,100000000.0,temperature_oct,weather,0.009574383376849445,0.007198653861123253
joint_month_level_ridge,2,14-15,100000000.0,temperature_nov,weather,0.0004347091622162623,0.0004284581196439138
joint_month_level_ridge,2,14-15,100000000.0,temperature_dec,weather,-0.0027167206527985636,-0.0028519021498386917
joint_month_level_ridge,2,14-15,100000000.0,temperature_jan,weather,-0.00415561378558667,-0.0037526990955753185
joint_month_level_ridge,2,14-15,100000000.0,temperature_feb,weather,-0.0038523662328555173,-0.004409184861854855
joint_month_level_ridge,2,14-15,100000000.0,temperature_mar,weather,-0.006040302916401738,-0.005117151960123299
joint_month_level_ridge,2,14-15,100000000.0,temperature_apr,weather,-0.008335746671650856,-0.007798967827386413
joint_month_level_ridge,2,15-16,100000000.0,intercept,intercept,73702084.93333331,73702085.37227578
joint_month_level_ridge,2,15-16,100000000.0,block_fe_2,block_fixed_effect,29459562.733333386,29459562.733333386
joint_month_level_ridge,2,15-16,100000000.0,block_fe_3,block_fixed_effect,23816430.80000002,23816430.80000002
joint_month_level_ridge,2,15-16,100000000.0,block_fe_4,block_fixed_effect,-13926690.666666638,-13926690.666666638
joint_month_level_ridge,2,15-16,100000000.0,block_fe_5,block_fixed_effect,-67168014.26666664,-67168014.26666664
joint_month_level_ridge,2,15-16,100000000.0,block_fe_6,block_fixed_effect,-70686287.93333335,-70686287.93333335
joint_month_level_ridge,2,15-16,100000000.0,rainfall_sep,weather,0.016841319633841913,0.000391909663410234
joint_month_level_ridge,2,15-16,100000000.0,rainfall_oct,weather,-0.004078271443695603,-0.00010988733728151878
joint_month_level_ridge,2,15-16,100000000.0,rainfall_nov,weather,0.013309528138490708,0.0002799703737117592
joint_month_level_ridge,2,15-16,100000000.0,rainfall_dec,weather,0.011586599096893068,0.00022779796735242366
joint_month_level_ridge,2,15-16,100000000.0,rainfall_jan,weather,0.0008088062232763868,1.2425388043836703e-05
joint_month_level_ridge,2,15-16,100000000.0,rainfall_feb,weather,0.011095735494851613,0.00022726408546223736
joint_month_level_ridge,2,15-16,100000000.0,rainfall_mar,weather,-0.0024109552136806103,-6.6060551539047e-05
joint_month_level_ridge,2,15-16,100000000.0,rainfall_apr,weather,0.009863425266220428,0.0003579585630160844
joint_month_level_ridge,2,15-16,100000000.0,temperature_sep,weather,-0.012895598288237154,-0.007797545062152866
joint_month_level_ridge,2,15-16,100000000.0,temperature_oct,weather,0.008959133396771419,0.006371288534296865
joint_month_level_ridge,2,15-16,100000000.0,temperature_nov,weather,0.0010819758492736883,0.0010673633141477245
joint_month_level_ridge,2,15-16,100000000.0,temperature_dec,weather,-0.001686820765845607,-0.00177672180872601
joint_month_level_ridge,2,15-16,100000000.0,temperature_jan,weather,-0.008028981932123475,-0.007254556637487683
joint_month_level_ridge,2,15-16,100000000.0,temperature_feb,weather,-0.0036818781641895205,-0.003772430120309163
joint_month_level_ridge,2,15-16,100000000.0,temperature_mar,weather,-0.003757183675068316,-0.003279877786181932
joint_month_level_ridge,2,15-16,100000000.0,temperature_apr,weather,-0.00835563394605555,-0.0077800429417688435
joint_month_level_ridge,2,16-17,100000000.0,intercept,intercept,72077630.93333334,72077631.41207722
joint_month_level_ridge,2,16-17,100000000.0,block_fe_2,block_fixed_effect,31017543.866666697,31017543.866666697
joint_month_level_ridge,2,16-17,100000000.0,block_fe_3,block_fixed_effect,25309582.466666654,25309582.466666654
joint_month_level_ridge,2,16-17,100000000.0,block_fe_4,block_fixed_effect,-11839803.600000007,-11839803.600000007
joint_month_level_ridge,2,16-17,100000000.0,block_fe_5,block_fixed_effect,-64494870.53333332,-64494870.53333332
joint_month_level_ridge,2,16-17,100000000.0,block_fe_6,block_fixed_effect,-68595194.73333335,-68595194.73333335
joint_month_level_ridge,2,16-17,100000000.0,rainfall_sep,weather,0.015528429126139996,0.00040289474233571763
joint_month_level_ridge,2,16-17,100000000.0,rainfall_oct,weather,-0.0076876900420546936,-0.00018363359526940698
joint_month_level_ridge,2,16-17,100000000.0,rainfall_nov,weather,0.011368581745231145,0.0002911292651841597
joint_month_level_ridge,2,16-17,100000000.0,rainfall_dec,weather,0.009500837073721473,0.00019271188026347654
joint_month_level_ridge,2,16-17,100000000.0,rainfall_jan,weather,-0.0044728009130540715,-6.880390137173842e-05
joint_month_level_ridge,2,16-17,100000000.0,rainfall_feb,weather,0.01026955839190811,0.00021761303526759607
joint_month_level_ridge,2,16-17,100000000.0,rainfall_mar,weather,-0.0014324230525340714,-3.861222688686447e-05
joint_month_level_ridge,2,16-17,100000000.0,rainfall_apr,weather,0.012013180860071573,0.00045614528544006436
joint_month_level_ridge,2,16-17,100000000.0,temperature_sep,weather,-0.012609103096861042,-0.007615324996836524
joint_month_level_ridge,2,16-17,100000000.0,temperature_oct,weather,0.00831679570685816,0.006030563156180556
joint_month_level_ridge,2,16-17,100000000.0,temperature_nov,weather,0.0001945751317359054,0.00019182752101386084
joint_month_level_ridge,2,16-17,100000000.0,temperature_dec,weather,-0.0019507690517043938,-0.002051123702241457
joint_month_level_ridge,2,16-17,100000000.0,temperature_jan,weather,-0.0032879692254834452,-0.0029152552632357464
joint_month_level_ridge,2,16-17,100000000.0,temperature_feb,weather,-0.005073972437000354,-0.00514501908049514
joint_month_level_ridge,2,16-17,100000000.0,temperature_mar,weather,-0.004998910159402948,-0.00426830539970159
joint_month_level_ridge,2,16-17,100000000.0,temperature_apr,weather,-0.009925149898352541,-0.009313083774907308
joint_month_level_ridge,2,17-18,100000000.0,intercept,intercept,73405114.53333333,73405114.88600332
joint_month_level_ridge,2,17-18,100000000.0,block_fe_2,block_fixed_effect,28843463.33333332,28843463.33333332
joint_month_level_ridge,2,17-18,100000000.0,block_fe_3,block_fixed_effect,23792566.86666666,23792566.86666666
joint_month_level_ridge,2,17-18,100000000.0,block_fe_4,block_fixed_effect,-12785421.66666668,-12785421.66666668
joint_month_level_ridge,2,17-18,100000000.0,block_fe_5,block_fixed_effect,-65873132.73333333,-65873132.73333333
joint_month_level_ridge,2,17-18,100000000.0,block_fe_6,block_fixed_effect,-69955300.13333337,-69955300.13333337
joint_month_level_ridge,2,17-18,100000000.0,rainfall_sep,weather,0.019928384547722854,0.0004743168581865991
joint_month_level_ridge,2,17-18,100000000.0,rainfall_oct,weather,-0.00846117193639184,-0.0002014633657012491
joint_month_level_ridge,2,17-18,100000000.0,rainfall_nov,weather,0.015714227575947242,0.00033198650335059297
joint_month_level_ridge,2,17-18,100000000.0,rainfall_dec,weather,0.012062135639654865,0.00023830961637851108
joint_month_level_ridge,2,17-18,100000000.0,rainfall_jan,weather,-0.0036288178953148256,-5.642778890414187e-05
joint_month_level_ridge,2,17-18,100000000.0,rainfall_feb,weather,0.014451369334412486,0.00030326648698762753
joint_month_level_ridge,2,17-18,100000000.0,rainfall_mar,weather,9.943868819965157e-05,2.637500798769421e-06
joint_month_level_ridge,2,17-18,100000000.0,rainfall_apr,weather,0.006828994342035796,0.0002720545539666986
joint_month_level_ridge,2,17-18,100000000.0,temperature_sep,weather,-0.011025522620176467,-0.0072120307849122215
joint_month_level_ridge,2,17-18,100000000.0,temperature_oct,weather,0.01145380219999922,0.008218838542372719
joint_month_level_ridge,2,17-18,100000000.0,temperature_nov,weather,0.0013410822993140006,0.001335777361896977
joint_month_level_ridge,2,17-18,100000000.0,temperature_dec,weather,-0.002621462431422119,-0.0027463549422879936
joint_month_level_ridge,2,17-18,100000000.0,temperature_jan,weather,-0.0041198878096883025,-0.0036424823190428003
joint_month_level_ridge,2,17-18,100000000.0,temperature_feb,weather,-0.00481390639924014,-0.004889661366856054
joint_month_level_ridge,2,17-18,100000000.0,temperature_mar,weather,-0.0053887392622136866,-0.004617817892004409
joint_month_level_ridge,2,17-18,100000000.0,temperature_apr,weather,-0.00782057532207187,-0.007407925855303783
joint_month_level_ridge,2,18-19,100000000.0,intercept,intercept,72371289.5333333,72371290.14369932
joint_month_level_ridge,2,18-19,100000000.0,block_fe_2,block_fixed_effect,30211187.066666715,30211187.066666715
joint_month_level_ridge,2,18-19,100000000.0,block_fe_3,block_fixed_effect,26026609.200000018,26026609.200000018
joint_month_level_ridge,2,18-19,100000000.0,block_fe_4,block_fixed_effect,-10987035.599999983,-10987035.599999983
joint_month_level_ridge,2,18-19,100000000.0,block_fe_5,block_fixed_effect,-64754030.266666636,-64754030.266666636
joint_month_level_ridge,2,18-19,100000000.0,block_fe_6,block_fixed_effect,-68684659.86666666,-68684659.86666666
joint_month_level_ridge,2,18-19,100000000.0,rainfall_sep,weather,0.01726243268082692,0.0004100789637817425
joint_month_level_ridge,2,18-19,100000000.0,rainfall_oct,weather,-0.007957003364596099,-0.00019023774124122498
joint_month_level_ridge,2,18-19,100000000.0,rainfall_nov,weather,0.016907729639173922,0.00036840238113327906
joint_month_level_ridge,2,18-19,100000000.0,rainfall_dec,weather,0.011717511709824727,0.00023057396530668783
joint_month_level_ridge,2,18-19,100000000.0,rainfall_jan,weather,-0.0015364042966741008,-2.2844169858800938e-05
joint_month_level_ridge,2,18-19,100000000.0,rainfall_feb,weather,0.012331852906686163,0.00024979624096702286
joint_month_level_ridge,2,18-19,100000000.0,rainfall_mar,weather,0.0011496326009080924,3.09059450045517e-05
joint_month_level_ridge,2,18-19,100000000.0,rainfall_apr,weather,0.007137014665922134,0.0002704594757800753
joint_month_level_ridge,2,18-19,100000000.0,temperature_sep,weather,-0.01196852922704907,-0.007230674589379852
joint_month_level_ridge,2,18-19,100000000.0,temperature_oct,weather,0.010905190006428811,0.007732588968928597
joint_month_level_ridge,2,18-19,100000000.0,temperature_nov,weather,-0.0008686640236089928,-0.0008866838047789593
joint_month_level_ridge,2,18-19,100000000.0,temperature_dec,weather,-0.0038823901206928536,-0.004086030242821988
joint_month_level_ridge,2,18-19,100000000.0,temperature_jan,weather,-0.006074301540496307,-0.005381247350769364
joint_month_level_ridge,2,18-19,100000000.0,temperature_feb,weather,-0.007547397787391568,-0.008211586136681144
joint_month_level_ridge,2,18-19,100000000.0,temperature_mar,weather,-0.005609937820705341,-0.004777211839125213
joint_month_level_ridge,2,18-19,100000000.0,temperature_apr,weather,-0.009299540881187795,-0.00870651701505306
joint_month_level_ridge,2,19-20,100000000.0,intercept,intercept,72886491.53333332,72886492.02282962
joint_month_level_ridge,2,19-20,100000000.0,block_fe_2,block_fixed_effect,29844787.40000002,29844787.40000002
joint_month_level_ridge,2,19-20,100000000.0,block_fe_3,block_fixed_effect,24621877.933333334,24621877.933333334
joint_month_level_ridge,2,19-20,100000000.0,block_fe_4,block_fixed_effect,-12276775.933333334,-12276775.933333334
joint_month_level_ridge,2,19-20,100000000.0,block_fe_5,block_fixed_effect,-64886089.66666664,-64886089.66666664
joint_month_level_ridge,2,19-20,100000000.0,block_fe_6,block_fixed_effect,-69247964.26666668,-69247964.26666668
joint_month_level_ridge,2,19-20,100000000.0,rainfall_sep,weather,0.0181973187068406,0.00042194605494104035
joint_month_level_ridge,2,19-20,100000000.0,rainfall_oct,weather,-0.008722499675242404,-0.00022411425224156664
joint_month_level_ridge,2,19-20,100000000.0,rainfall_nov,weather,0.015161561164711795,0.0003235836591611881
joint_month_level_ridge,2,19-20,100000000.0,rainfall_dec,weather,0.011764791368427348,0.0002425243395043852
joint_month_level_ridge,2,19-20,100000000.0,rainfall_jan,weather,-0.0021805305874067413,-3.3521927230556726e-05
joint_month_level_ridge,2,19-20,100000000.0,rainfall_feb,weather,0.013242708034816647,0.00027798841247058303
joint_month_level_ridge,2,19-20,100000000.0,rainfall_mar,weather,0.00032076469237208655,8.526857982543577e-06
joint_month_level_ridge,2,19-20,100000000.0,rainfall_apr,weather,0.008942471547064908,0.00033247562983717215
joint_month_level_ridge,2,19-20,100000000.0,temperature_sep,weather,-0.012543865616609418,-0.00768257262981199
joint_month_level_ridge,2,19-20,100000000.0,temperature_oct,weather,0.010257823257024516,0.0073373777809181955
joint_month_level_ridge,2,19-20,100000000.0,temperature_nov,weather,0.0003662131104380275,0.00036991310359205305
joint_month_level_ridge,2,19-20,100000000.0,temperature_dec,weather,-0.003051520289006904,-0.003199495455154971
joint_month_level_ridge,2,19-20,100000000.0,temperature_jan,weather,-0.004981723425922946,-0.004599159140180813
joint_month_level_ridge,2,19-20,100000000.0,temperature_feb,weather,-0.005056265170817085,-0.0051508638054540215
joint_month_level_ridge,2,19-20,100000000.0,temperature_mar,weather,-0.006208986340683973,-0.005271415652252588
joint_month_level_ridge,2,19-20,100000000.0,temperature_apr,weather,-0.008709471563710816,-0.008337656794680856
joint_month_level_ridge,2,20-21,100000000.0,intercept,intercept,71883554.86666664,71883555.33884743
joint_month_level_ridge,2,20-21,100000000.0,block_fe_2,block_fixed_effect,30652879.60000004,30652879.60000004
joint_month_level_ridge,2,20-21,100000000.0,block_fe_3,block_fixed_effect,25247724.066666663,25247724.066666663
joint_month_level_ridge,2,20-21,100000000.0,block_fe_4,block_fixed_effect,-10818104.99999998,-10818104.99999998
joint_month_level_ridge,2,20-21,100000000.0,block_fe_5,block_fixed_effect,-63839565.26666664,-63839565.26666664
joint_month_level_ridge,2,20-21,100000000.0,block_fe_6,block_fixed_effect,-68049077.93333335,-68049077.93333335
joint_month_level_ridge,2,20-21,100000000.0,rainfall_sep,weather,0.018196395853078903,0.00042011130167734676
joint_month_level_ridge,2,20-21,100000000.0,rainfall_oct,weather,-0.007037053702528572,-0.00018092240416846896
joint_month_level_ridge,2,20-21,100000000.0,rainfall_nov,weather,0.014460672957238001,0.00030135808642776945
joint_month_level_ridge,2,20-21,100000000.0,rainfall_dec,weather,0.011905412984074848,0.00023477020106173413
joint_month_level_ridge,2,20-21,100000000.0,rainfall_jan,weather,-0.0016162384237566828,-2.4013481365991692e-05
joint_month_level_ridge,2,20-21,100000000.0,rainfall_feb,weather,0.01160912239759715,0.0002730188049525513
joint_month_level_ridge,2,20-21,100000000.0,rainfall_mar,weather,0.0017860446301068745,4.947952815057871e-05
joint_month_level_ridge,2,20-21,100000000.0,rainfall_apr,weather,0.010809678295805012,0.0004140416787619654
joint_month_level_ridge,2,20-21,100000000.0,temperature_sep,weather,-0.013213510681440832,-0.008083143630152995
joint_month_level_ridge,2,20-21,100000000.0,temperature_oct,weather,0.009080044223762173,0.006824110519914682
joint_month_level_ridge,2,20-21,100000000.0,temperature_nov,weather,-0.0009691265494058739,-0.0009989884937122646
joint_month_level_ridge,2,20-21,100000000.0,temperature_dec,weather,-0.002930556740073117,-0.0030578748971986426
joint_month_level_ridge,2,20-21,100000000.0,temperature_jan,weather,-0.005342408322146518,-0.0046613424514894836
joint_month_level_ridge,2,20-21,100000000.0,temperature_feb,weather,-0.003994612834026033,-0.004182323769809507
joint_month_level_ridge,2,20-21,100000000.0,temperature_mar,weather,-0.005271922130432894,-0.004548943634921858
joint_month_level_ridge,2,20-21,100000000.0,temperature_apr,weather,-0.00791837827503101,-0.007483486050801085
joint_month_level_ridge,2,21-22,100000000.0,intercept,intercept,72956060.46666667,72956060.3638242
joint_month_level_ridge,2,21-22,100000000.0,block_fe_2,block_fixed_effect,29926609.600000016,29926609.600000016
joint_month_level_ridge,2,21-22,100000000.0,block_fe_3,block_fixed_effect,24690736.799999997,24690736.799999997
joint_month_level_ridge,2,21-22,100000000.0,block_fe_4,block_fixed_effect,-10107809.333333317,-10107809.333333317
joint_month_level_ridge,2,21-22,100000000.0,block_fe_5,block_fixed_effect,-64882964.06666665,-64882964.06666665
joint_month_level_ridge,2,21-22,100000000.0,block_fe_6,block_fixed_effect,-69013137.06666666,-69013137.06666666
joint_month_level_ridge,2,21-22,100000000.0,rainfall_sep,weather,0.012956775588059317,0.00031032295338425997
joint_month_level_ridge,2,21-22,100000000.0,rainfall_oct,weather,-0.01406226791101374,-0.00034593055138899256
joint_month_level_ridge,2,21-22,100000000.0,rainfall_nov,weather,0.006655175450397711,0.00015222647833133105
joint_month_level_ridge,2,21-22,100000000.0,rainfall_dec,weather,0.010061052844843649,0.0001982758022761546
joint_month_level_ridge,2,21-22,100000000.0,rainfall_jan,weather,-0.007798564055294349,-0.00012023334576172279
joint_month_level_ridge,2,21-22,100000000.0,rainfall_feb,weather,0.007946727904117856,0.00016536449308413056
joint_month_level_ridge,2,21-22,100000000.0,rainfall_mar,weather,-0.004825053854720731,-0.00013173547385030623
joint_month_level_ridge,2,21-22,100000000.0,rainfall_apr,weather,0.0010432494531255698,4.0245914834120884e-05
joint_month_level_ridge,2,21-22,100000000.0,temperature_sep,weather,-0.005485158619809257,-0.003520872465508426
joint_month_level_ridge,2,21-22,100000000.0,temperature_oct,weather,0.01813548499559931,0.013546062756418847
joint_month_level_ridge,2,21-22,100000000.0,temperature_nov,weather,0.004001916720866192,0.003996866268095731
joint_month_level_ridge,2,21-22,100000000.0,temperature_dec,weather,0.0009084579894889231,0.0009655552167903234
joint_month_level_ridge,2,21-22,100000000.0,temperature_jan,weather,-0.0009434225722963117,-0.0008374401581977955
joint_month_level_ridge,2,21-22,100000000.0,temperature_feb,weather,-0.0027112738906467397,-0.0027682505240352187
joint_month_level_ridge,2,21-22,100000000.0,temperature_mar,weather,-0.001066866370617635,-0.0009322627944360232
joint_month_level_ridge,2,21-22,100000000.0,temperature_apr,weather,-0.00835084320562297,-0.007772795880460777
joint_month_level_ridge,2,22-23,100000000.0,intercept,intercept,73928269.06666666,73928269.59232213
joint_month_level_ridge,2,22-23,100000000.0,block_fe_2,block_fixed_effect,28939810.80000002,28939810.80000002
joint_month_level_ridge,2,22-23,100000000.0,block_fe_3,block_fixed_effect,24386543.39999999,24386543.39999999
joint_month_level_ridge,2,22-23,100000000.0,block_fe_4,block_fixed_effect,-13415632.533333333,-13415632.533333333
joint_month_level_ridge,2,22-23,100000000.0,block_fe_5,block_fixed_effect,-66044111.39999997,-66044111.39999997
joint_month_level_ridge,2,22-23,100000000.0,block_fe_6,block_fixed_effect,-70141116.53333333,-70141116.53333333
joint_month_level_ridge,2,22-23,100000000.0,rainfall_sep,weather,0.01530179597568257,0.0003627543188412543
joint_month_level_ridge,2,22-23,100000000.0,rainfall_oct,weather,-0.003534088471866787,-9.078797450260113e-05
joint_month_level_ridge,2,22-23,100000000.0,rainfall_nov,weather,0.01208367826185542,0.00025707478242136754
joint_month_level_ridge,2,22-23,100000000.0,rainfall_dec,weather,0.009519552568804757,0.0001893311136633613
joint_month_level_ridge,2,22-23,100000000.0,rainfall_jan,weather,0.0014868551735923233,2.2742597630866514e-05
joint_month_level_ridge,2,22-23,100000000.0,rainfall_feb,weather,0.010204604228266419,0.00021010332509608919
joint_month_level_ridge,2,22-23,100000000.0,rainfall_mar,weather,0.0008432809983255708,2.2377666610797394e-05
joint_month_level_ridge,2,22-23,100000000.0,rainfall_apr,weather,0.00556702389182232,0.00020533730142640344
joint_month_level_ridge,2,22-23,100000000.0,temperature_sep,weather,-0.008292341933931167,-0.005278770568632893
joint_month_level_ridge,2,22-23,100000000.0,temperature_oct,weather,0.007913383041685066,0.005670279942848893
joint_month_level_ridge,2,22-23,100000000.0,temperature_nov,weather,0.0014228246088921863,0.0014045788047986234
joint_month_level_ridge,2,22-23,100000000.0,temperature_dec,weather,-0.004958851844342271,-0.005215298377888437
joint_month_level_ridge,2,22-23,100000000.0,temperature_jan,weather,-0.005915822575700525,-0.0051609741305367
joint_month_level_ridge,2,22-23,100000000.0,temperature_feb,weather,-0.007363075781433102,-0.007560803993917908
joint_month_level_ridge,2,22-23,100000000.0,temperature_mar,weather,-0.00510935519092651,-0.0043395972092754986
joint_month_level_ridge,2,22-23,100000000.0,temperature_apr,weather,-0.007389508338426435,-0.006909177340527668
joint_month_level_ridge,2,23-24,0.0001,intercept,intercept,72983293.20000002,99600983.7571978
joint_month_level_ridge,2,23-24,0.0001,block_fe_2,block_fixed_effect,29635455.66666673,29635455.66666673
joint_month_level_ridge,2,23-24,0.0001,block_fe_3,block_fixed_effect,23787881.466666657,23787881.466666657
joint_month_level_ridge,2,23-24,0.0001,block_fe_4,block_fixed_effect,-13484631.133333314,-13484631.133333314
joint_month_level_ridge,2,23-24,0.0001,block_fe_5,block_fixed_effect,-66091394.59999998,-66091394.59999998
joint_month_level_ridge,2,23-24,0.0001,block_fe_6,block_fixed_effect,-69324889.80000001,-69324889.80000001
joint_month_level_ridge,2,23-24,0.0001,rainfall_sep,weather,647575.198272107,15425.993599404334
joint_month_level_ridge,2,23-24,0.0001,rainfall_oct,weather,-1097171.8016353936,-26129.836167276157
joint_month_level_ridge,2,23-24,0.0001,rainfall_nov,weather,4756922.415774265,101672.14557692687
joint_month_level_ridge,2,23-24,0.0001,rainfall_dec,weather,-3245617.738917972,-65570.01717425621
joint_month_level_ridge,2,23-24,0.0001,rainfall_jan,weather,-2108827.8448996795,-31331.340356053715
joint_month_level_ridge,2,23-24,0.0001,rainfall_feb,weather,-3059100.3012768696,-63295.04379205629
joint_month_level_ridge,2,23-24,0.0001,rainfall_mar,weather,357781.57418537396,9485.534493223593
joint_month_level_ridge,2,23-24,0.0001,rainfall_apr,weather,2908775.945920397,107304.83634385472
joint_month_level_ridge,2,23-24,0.0001,temperature_sep,weather,130738.59639022092,83593.97180960265
joint_month_level_ridge,2,23-24,0.0001,temperature_oct,weather,690089.099274038,488035.755686941
joint_month_level_ridge,2,23-24,0.0001,temperature_nov,weather,4751497.9588185735,5022043.740718883
joint_month_level_ridge,2,23-24,0.0001,temperature_dec,weather,-484147.5067274843,-521435.3336921593
joint_month_level_ridge,2,23-24,0.0001,temperature_jan,weather,-2033488.0186456663,-1841638.986534362
joint_month_level_ridge,2,23-24,0.0001,temperature_feb,weather,-1756556.5736308347,-1850154.3361225612
joint_month_level_ridge,2,23-24,0.0001,temperature_mar,weather,-2538478.813823927,-2156600.3728166735
joint_month_level_ridge,2,23-24,0.0001,temperature_apr,weather,-14079.24639490809,-13556.403804855105
joint_month_level_ridge,2,24-25,1.7782794100389228,intercept,intercept,72259942.20000003,108957083.29874757
joint_month_level_ridge,2,24-25,1.7782794100389228,block_fe_2,block_fixed_effect,29996960.400000013,29996960.400000013
joint_month_level_ridge,2,24-25,1.7782794100389228,block_fe_3,block_fixed_effect,25176082.13333331,25176082.13333331
joint_month_level_ridge,2,24-25,1.7782794100389228,block_fe_4,block_fixed_effect,-11331176.266666677,-11331176.266666677
joint_month_level_ridge,2,24-25,1.7782794100389228,block_fe_5,block_fixed_effect,-64463779.86666665,-64463779.86666665
joint_month_level_ridge,2,24-25,1.7782794100389228,block_fe_6,block_fixed_effect,-68505350.13333336,-68505350.13333336
joint_month_level_ridge,2,24-25,1.7782794100389228,rainfall_sep,weather,415613.9640856545,9693.374261851177
joint_month_level_ridge,2,24-25,1.7782794100389228,rainfall_oct,weather,-339758.6722288643,-8755.884527372204
joint_month_level_ridge,2,24-25,1.7782794100389228,rainfall_nov,weather,492356.7755868195,10499.848402572447
joint_month_level_ridge,2,24-25,1.7782794100389228,rainfall_dec,weather,268918.1983614028,6029.004871821423
joint_month_level_ridge,2,24-25,1.7782794100389228,rainfall_jan,weather,-278101.7967069619,-4300.838085430246
joint_month_level_ridge,2,24-25,1.7782794100389228,rainfall_feb,weather,258576.76914788218,5343.96930013775
joint_month_level_ridge,2,24-25,1.7782794100389228,rainfall_mar,weather,-236452.6475525247,-6287.11510775987
joint_month_level_ridge,2,24-25,1.7782794100389228,rainfall_apr,weather,346007.1659313915,12615.760479916104
joint_month_level_ridge,2,24-25,1.7782794100389228,temperature_sep,weather,-454898.5027376976,-302767.40723601246
joint_month_level_ridge,2,24-25,1.7782794100389228,temperature_oct,weather,405162.92687159387,300512.4817311283
joint_month_level_ridge,2,24-25,1.7782794100389228,temperature_nov,weather,-182196.7054905902,-250176.23276756066
joint_month_level_ridge,2,24-25,1.7782794100389228,temperature_dec,weather,-340894.5135733516,-642383.3333473444
joint_month_level_ridge,2,24-25,1.7782794100389228,temperature_jan,weather,-127986.630509246,-126666.91299399741
joint_month_level_ridge,2,24-25,1.7782794100389228,temperature_feb,weather,-135899.36731239987,-163382.01878650583
joint_month_level_ridge,2,24-25,1.7782794100389228,temperature_mar,weather,-107689.47563966467,-107549.81489695642
joint_month_level_ridge,2,24-25,1.7782794100389228,temperature_apr,weather,-286295.611644374,-327859.34758612077
joint_month_level_ridge,2,25-26,100000000.0,intercept,intercept,73218175.19999999,73218175.79915066
joint_month_level_ridge,2,25-26,100000000.0,block_fe_2,block_fixed_effect,29681164.60000004,29681164.60000004
joint_month_level_ridge,2,25-26,100000000.0,block_fe_3,block_fixed_effect,23662869.53333334,23662869.53333334
joint_month_level_ridge,2,25-26,100000000.0,block_fe_4,block_fixed_effect,-12438613.933333317,-12438613.933333317
joint_month_level_ridge,2,25-26,100000000.0,block_fe_5,block_fixed_effect,-65424549.46666664,-65424549.46666664
joint_month_level_ridge,2,25-26,100000000.0,block_fe_6,block_fixed_effect,-69523107.26666668,-69523107.26666668
joint_month_level_ridge,2,25-26,100000000.0,rainfall_sep,weather,0.018711478229451052,0.0004491652385427741
joint_month_level_ridge,2,25-26,100000000.0,rainfall_oct,weather,-0.008405883189430962,-0.00020013655897201197
joint_month_level_ridge,2,25-26,100000000.0,rainfall_nov,weather,0.015164588195412358,0.0003270520797759185
joint_month_level_ridge,2,25-26,100000000.0,rainfall_dec,weather,0.011491834966548292,0.0002260874074549547
joint_month_level_ridge,2,25-26,100000000.0,rainfall_jan,weather,-0.0020610007176910037,-3.267870527997008e-05
joint_month_level_ridge,2,25-26,100000000.0,rainfall_feb,weather,0.01326812270831342,0.00028519448903872955
joint_month_level_ridge,2,25-26,100000000.0,rainfall_mar,weather,0.00021679480372293158,6.6272529468397614e-06
joint_month_level_ridge,2,25-26,100000000.0,rainfall_apr,weather,0.008445227750195477,0.0003039879873347326
joint_month_level_ridge,2,25-26,100000000.0,temperature_sep,weather,-0.013250628383385568,-0.008715333724366631
joint_month_level_ridge,2,25-26,100000000.0,temperature_oct,weather,0.010505242822550083,0.007564170423877758
joint_month_level_ridge,2,25-26,100000000.0,temperature_nov,weather,0.000551215773082225,0.000543272477972722
joint_month_level_ridge,2,25-26,100000000.0,temperature_dec,weather,-0.003132703496935567,-0.0032686561755946755
joint_month_level_ridge,2,25-26,100000000.0,temperature_jan,weather,-0.0051151482622904965,-0.004602869213807892
joint_month_level_ridge,2,25-26,100000000.0,temperature_feb,weather,-0.005537060680438628,-0.006145241902775468
joint_month_level_ridge,2,25-26,100000000.0,temperature_mar,weather,-0.00744061988797193,-0.007747053390814062
joint_month_level_ridge,2,25-26,100000000.0,temperature_apr,weather,-0.009129108307882201,-0.008995228218747545
joint_month_level_ridge,3,10-11,100000000.0,intercept,intercept,120260943.13333333,120260943.67298907
joint_month_level_ridge,3,10-11,100000000.0,block_fe_2,block_fixed_effect,32135271.999999925,32135271.999999925
joint_month_level_ridge,3,10-11,100000000.0,block_fe_3,block_fixed_effect,-52741870.866666675,-52741870.866666675
joint_month_level_ridge,3,10-11,100000000.0,block_fe_4,block_fixed_effect,-115900372.60000004,-115900372.60000004
joint_month_level_ridge,3,10-11,100000000.0,rainfall_sep,weather,0.027645554419436356,0.0007611741517129803
joint_month_level_ridge,3,10-11,100000000.0,rainfall_oct,weather,-0.01404310652397229,-0.0003394475779789323
joint_month_level_ridge,3,10-11,100000000.0,rainfall_nov,weather,0.0207629498101567,0.00045014986452450163
joint_month_level_ridge,3,10-11,100000000.0,rainfall_dec,weather,0.01652764582543641,0.00042429884476965287
joint_month_level_ridge,3,10-11,100000000.0,rainfall_jan,weather,-0.005684331823674201,-9.012333153808989e-05
joint_month_level_ridge,3,10-11,100000000.0,rainfall_feb,weather,0.019115566807131532,0.0003872020711482602
joint_month_level_ridge,3,10-11,100000000.0,rainfall_mar,weather,-7.1747816338775245e-06,-1.9051111170941318e-07
joint_month_level_ridge,3,10-11,100000000.0,rainfall_apr,weather,0.011855705500954898,0.00043000959125245197
joint_month_level_ridge,3,10-11,100000000.0,temperature_sep,weather,-0.017187161254246245,-0.010625359565752453
joint_month_level_ridge,3,10-11,100000000.0,temperature_oct,weather,0.018716375345278518,0.01395293601096094
joint_month_level_ridge,3,10-11,100000000.0,temperature_nov,weather,-0.0004180531502190855,-0.000418207836267933
joint_month_level_ridge,3,10-11,100000000.0,temperature_dec,weather,-0.0024403469703787755,-0.002702518089086195
joint_month_level_ridge,3,10-11,100000000.0,temperature_jan,weather,-0.006285400053461166,-0.005564534583783109
joint_month_level_ridge,3,10-11,100000000.0,temperature_feb,weather,-0.007428094999868911,-0.007536698765951763
joint_month_level_ridge,3,10-11,100000000.0,temperature_mar,weather,-0.008339182593402087,-0.00712423474992307
joint_month_level_ridge,3,10-11,100000000.0,temperature_apr,weather,-0.011236819257159572,-0.01115524563252579
joint_month_level_ridge,3,11-12,10.0,intercept,intercept,122141692.66666669,127992175.1243707
joint_month_level_ridge,3,11-12,10.0,block_fe_2,block_fixed_effect,29991657.266666614,29991657.266666614
joint_month_level_ridge,3,11-12,10.0,block_fe_3,block_fixed_effect,-52837655.73333334,-52837655.73333334
joint_month_level_ridge,3,11-12,10.0,block_fe_4,block_fixed_effect,-117700165.00000004,-117700165.00000004
joint_month_level_ridge,3,11-12,10.0,rainfall_sep,weather,244504.6176051191,5725.836019769772
joint_month_level_ridge,3,11-12,10.0,rainfall_oct,weather,-109122.86934817562,-2605.5253489651113
joint_month_level_ridge,3,11-12,10.0,rainfall_nov,weather,116589.76170283672,2494.9683660892038
joint_month_level_ridge,3,11-12,10.0,rainfall_dec,weather,130396.35281331214,2576.7998376844703
joint_month_level_ridge,3,11-12,10.0,rainfall_jan,weather,34100.82329578052,546.6101081345671
joint_month_level_ridge,3,11-12,10.0,rainfall_feb,weather,223856.63427300402,4785.621490610953
joint_month_level_ridge,3,11-12,10.0,rainfall_mar,weather,141195.59390298428,4593.877532092531
joint_month_level_ridge,3,11-12,10.0,rainfall_apr,weather,161489.64672709574,5925.051233200138
joint_month_level_ridge,3,11-12,10.0,temperature_sep,weather,-153937.49400740938,-93486.35196290533
joint_month_level_ridge,3,11-12,10.0,temperature_oct,weather,58989.52119578119,45648.26463319179
joint_month_level_ridge,3,11-12,10.0,temperature_nov,weather,15372.220623397487,15201.28928865843
joint_month_level_ridge,3,11-12,10.0,temperature_dec,weather,-8847.579471825786,-9247.477697958362
joint_month_level_ridge,3,11-12,10.0,temperature_jan,weather,-47191.42028158309,-41213.62945824533
joint_month_level_ridge,3,11-12,10.0,temperature_feb,weather,-49161.3301701737,-50225.83642231038
joint_month_level_ridge,3,11-12,10.0,temperature_mar,weather,-135014.9896479367,-124756.69499452262
joint_month_level_ridge,3,11-12,10.0,temperature_apr,weather,-98386.27760532478,-92602.52827801958
joint_month_level_ridge,3,12-13,100000000.0,intercept,intercept,124658211.26666668,124658212.2820013
joint_month_level_ridge,3,12-13,100000000.0,block_fe_2,block_fixed_effect,26979450.133333303,26979450.133333303
joint_month_level_ridge,3,12-13,100000000.0,block_fe_3,block_fixed_effect,-59074454.599999994,-59074454.599999994
joint_month_level_ridge,3,12-13,100000000.0,block_fe_4,block_fixed_effect,-120325335.6666667,-120325335.6666667
joint_month_level_ridge,3,12-13,100000000.0,rainfall_sep,weather,0.02528328171700512,0.0006143036666458945
joint_month_level_ridge,3,12-13,100000000.0,rainfall_oct,weather,-0.010588121986042868,-0.00025977641671746314
joint_month_level_ridge,3,12-13,100000000.0,rainfall_nov,weather,0.021094244409582602,0.00044137185277568506
joint_month_level_ridge,3,12-13,100000000.0,rainfall_dec,weather,0.01624669368064448,0.0003213769674692077
joint_month_level_ridge,3,12-13,100000000.0,rainfall_jan,weather,-0.001276186711707085,-1.9185885049437746e-05
joint_month_level_ridge,3,12-13,100000000.0,rainfall_feb,weather,0.016605168467402773,0.0003542537913049111
joint_month_level_ridge,3,12-13,100000000.0,rainfall_mar,weather,-0.0038757954274319033,-0.00011245702258334441
joint_month_level_ridge,3,12-13,100000000.0,rainfall_apr,weather,0.01675959992107906,0.0006384096922872369
joint_month_level_ridge,3,12-13,100000000.0,temperature_sep,weather,-0.02133847442192042,-0.013281430516681252
joint_month_level_ridge,3,12-13,100000000.0,temperature_oct,weather,0.013627377616552116,0.00983135263647036
joint_month_level_ridge,3,12-13,100000000.0,temperature_nov,weather,-0.0030690483373927552,-0.0032668697223640518
joint_month_level_ridge,3,12-13,100000000.0,temperature_dec,weather,-0.005419142384153157,-0.005665794639728418
joint_month_level_ridge,3,12-13,100000000.0,temperature_jan,weather,-0.012677261493635607,-0.012147343455662823
joint_month_level_ridge,3,12-13,100000000.0,temperature_feb,weather,-0.007768973118254227,-0.007878060265571885
joint_month_level_ridge,3,12-13,100000000.0,temperature_mar,weather,-0.008814536365107515,-0.007471061934442446
joint_month_level_ridge,3,12-13,100000000.0,temperature_apr,weather,-0.011220318612705836,-0.010681409419827686
joint_month_level_ridge,3,13-14,100000000.0,intercept,intercept,122046959.60000001,122046960.14354338
joint_month_level_ridge,3,13-14,100000000.0,block_fe_2,block_fixed_effect,29503721.199999973,29503721.199999973
joint_month_level_ridge,3,13-14,100000000.0,block_fe_3,block_fixed_effect,-56194440.266666666,-56194440.266666666
joint_month_level_ridge,3,13-14,100000000.0,block_fe_4,block_fixed_effect,-117827783.13333336,-117827783.13333336
joint_month_level_ridge,3,13-14,100000000.0,rainfall_sep,weather,0.026724735148488634,0.0006168155079456294
joint_month_level_ridge,3,13-14,100000000.0,rainfall_oct,weather,-0.008013361285298339,-0.0002012216305131703
joint_month_level_ridge,3,13-14,100000000.0,rainfall_nov,weather,0.02404257259242479,0.0005046483258896214
joint_month_level_ridge,3,13-14,100000000.0,rainfall_dec,weather,0.01344093444623865,0.000274557198367621
joint_month_level_ridge,3,13-14,100000000.0,rainfall_jan,weather,-0.0032151323014043376,-4.7716963014320924e-05
joint_month_level_ridge,3,13-14,100000000.0,rainfall_feb,weather,0.01737968785844839,0.0003533702411582767
joint_month_level_ridge,3,13-14,100000000.0,rainfall_mar,weather,-0.0025257873341500282,-6.810125540825431e-05
joint_month_level_ridge,3,13-14,100000000.0,rainfall_apr,weather,0.008880045506387919,0.00033076214378821594
joint_month_level_ridge,3,13-14,100000000.0,temperature_sep,weather,-0.017036041329521204,-0.01031751465577141
joint_month_level_ridge,3,13-14,100000000.0,temperature_oct,weather,0.011814057059232753,0.008598683345623618
joint_month_level_ridge,3,13-14,100000000.0,temperature_nov,weather,-0.0004370753537772054,-0.0004319612552710411
joint_month_level_ridge,3,13-14,100000000.0,temperature_dec,weather,-0.00793862125934765,-0.008441501271687846
joint_month_level_ridge,3,13-14,100000000.0,temperature_jan,weather,-0.0031070452624528165,-0.0028216479384291495
joint_month_level_ridge,3,13-14,100000000.0,temperature_feb,weather,-0.004508352886830874,-0.004672556817391424
joint_month_level_ridge,3,13-14,100000000.0,temperature_mar,weather,-0.0060289573429528984,-0.005221821320454073
joint_month_level_ridge,3,13-14,100000000.0,temperature_apr,weather,-0.006701734566122603,-0.006960019953945553
joint_month_level_ridge,3,14-15,100000000.0,intercept,intercept,121181534.13333338,121181534.82081462
joint_month_level_ridge,3,14-15,100000000.0,block_fe_2,block_fixed_effect,31396005.666666627,31396005.666666627
joint_month_level_ridge,3,14-15,100000000.0,block_fe_3,block_fixed_effect,-53445672.06666669,-53445672.06666669
joint_month_level_ridge,3,14-15,100000000.0,block_fe_4,block_fixed_effect,-116879919.60000002,-116879919.60000002
joint_month_level_ridge,3,14-15,100000000.0,rainfall_sep,weather,0.02754322254829843,0.0006374640753937123
joint_month_level_ridge,3,14-15,100000000.0,rainfall_oct,weather,-0.012917924614560062,-0.00030799535212345494
joint_month_level_ridge,3,14-15,100000000.0,rainfall_nov,weather,0.02137852744045309,0.00044917125705477574
joint_month_level_ridge,3,14-15,100000000.0,rainfall_dec,weather,0.01633475217389117,0.0003337904565292577
joint_month_level_ridge,3,14-15,100000000.0,rainfall_jan,weather,-0.005154365051000389,-8.200321590647425e-05
joint_month_level_ridge,3,14-15,100000000.0,rainfall_feb,weather,0.018023874298191078,0.0003750307192592656
joint_month_level_ridge,3,14-15,100000000.0,rainfall_mar,weather,0.000104064314428408,2.762584398219608e-06
joint_month_level_ridge,3,14-15,100000000.0,rainfall_apr,weather,0.012709440470123023,0.00045730500259073814
joint_month_level_ridge,3,14-15,100000000.0,temperature_sep,weather,-0.02033794427309678,-0.012674191474449927
joint_month_level_ridge,3,14-15,100000000.0,temperature_oct,weather,0.014361575065274166,0.01079798079168488
joint_month_level_ridge,3,14-15,100000000.0,temperature_nov,weather,0.0006520637433243934,0.0006426871794658706
joint_month_level_ridge,3,14-15,100000000.0,temperature_dec,weather,-0.004075080979197844,-0.004277853224758037
joint_month_level_ridge,3,14-15,100000000.0,temperature_jan,weather,-0.006233420678380006,-0.0056290486433629786
joint_month_level_ridge,3,14-15,100000000.0,temperature_feb,weather,-0.005778549349283276,-0.006613777292782283
joint_month_level_ridge,3,14-15,100000000.0,temperature_mar,weather,-0.009060454374602603,-0.007675727940184945
joint_month_level_ridge,3,14-15,100000000.0,temperature_apr,weather,-0.012503620007476278,-0.011698451741079615
joint_month_level_ridge,3,15-16,100000000.0,intercept,intercept,121914274.79999998,121914275.4584137
joint_month_level_ridge,3,15-16,100000000.0,block_fe_2,block_fixed_effect,30553698.733333305,30553698.733333305
joint_month_level_ridge,3,15-16,100000000.0,block_fe_3,block_fixed_effect,-55872318.666666664,-55872318.666666664
joint_month_level_ridge,3,15-16,100000000.0,block_fe_4,block_fixed_effect,-118630969.0,-118630969.0
joint_month_level_ridge,3,15-16,100000000.0,rainfall_sep,weather,0.025261979450762872,0.0005878644951153511
joint_month_level_ridge,3,15-16,100000000.0,rainfall_oct,weather,-0.006117407165543399,-0.00016483100592227802
joint_month_level_ridge,3,15-16,100000000.0,rainfall_nov,weather,0.019964292207736045,0.00041995556056763844
joint_month_level_ridge,3,15-16,100000000.0,rainfall_dec,weather,0.017379898645339592,0.0003416969510286353
joint_month_level_ridge,3,15-16,100000000.0,rainfall_jan,weather,0.0012132093349145816,1.8638082065755074e-05
joint_month_level_ridge,3,15-16,100000000.0,rainfall_feb,weather,0.016643603242277424,0.0003408961281933561
joint_month_level_ridge,3,15-16,100000000.0,rainfall_mar,weather,-0.0036164328205209122,-9.909082730857041e-05
joint_month_level_ridge,3,15-16,100000000.0,rainfall_apr,weather,0.014795137899330646,0.0005369378445241268
joint_month_level_ridge,3,15-16,100000000.0,temperature_sep,weather,-0.019343397432355733,-0.011696317593229298
joint_month_level_ridge,3,15-16,100000000.0,temperature_oct,weather,0.01343870009515714,0.009556932801445305
joint_month_level_ridge,3,15-16,100000000.0,temperature_nov,weather,0.0016229637739105377,0.0016010449712215921
joint_month_level_ridge,3,15-16,100000000.0,temperature_dec,weather,-0.0025302311487684125,-0.002665082713089017
joint_month_level_ridge,3,15-16,100000000.0,temperature_jan,weather,-0.01204347289818521,-0.010881834956231523
joint_month_level_ridge,3,15-16,100000000.0,temperature_feb,weather,-0.005522817246284278,-0.0056586451804637415
joint_month_level_ridge,3,15-16,100000000.0,temperature_mar,weather,-0.005635775512602473,-0.004919816679272897
joint_month_level_ridge,3,15-16,100000000.0,temperature_apr,weather,-0.012533450919083328,-0.01167006441265327
joint_month_level_ridge,3,16-17,100000000.0,intercept,intercept,120970400.13333334,120970400.85144916
joint_month_level_ridge,3,16-17,100000000.0,block_fe_2,block_fixed_effect,30619218.866666637,30619218.866666637
joint_month_level_ridge,3,16-17,100000000.0,block_fe_3,block_fixed_effect,-53607452.53333333,-53607452.53333333
joint_month_level_ridge,3,16-17,100000000.0,block_fe_4,block_fixed_effect,-117030323.80000001,-117030323.80000001
joint_month_level_ridge,3,16-17,100000000.0,rainfall_sep,weather,0.023292643689209986,0.0006043421135035762
joint_month_level_ridge,3,16-17,100000000.0,rainfall_oct,weather,-0.011531535063082039,-0.00027545039290411045
joint_month_level_ridge,3,16-17,100000000.0,rainfall_nov,weather,0.017052872617846722,0.0004366938977762397
joint_month_level_ridge,3,16-17,100000000.0,rainfall_dec,weather,0.014251255610582212,0.0002890678203952148
joint_month_level_ridge,3,16-17,100000000.0,rainfall_jan,weather,-0.006709201369581105,-0.00010320585205760759
joint_month_level_ridge,3,16-17,100000000.0,rainfall_feb,weather,0.015404337587862164,0.0003264195529013941
joint_month_level_ridge,3,16-17,100000000.0,rainfall_mar,weather,-0.002148634578801108,-5.7918340330296724e-05
joint_month_level_ridge,3,16-17,100000000.0,rainfall_apr,weather,0.018019771290107355,0.0006842179281600964
joint_month_level_ridge,3,16-17,100000000.0,temperature_sep,weather,-0.01891365464529157,-0.01142298749525479
joint_month_level_ridge,3,16-17,100000000.0,temperature_oct,weather,0.01247519356028724,0.009045844734270832
joint_month_level_ridge,3,16-17,100000000.0,temperature_nov,weather,0.0002918626976038554,0.00028774128152078866
joint_month_level_ridge,3,16-17,100000000.0,temperature_dec,weather,-0.0029261535775565906,-0.0030766855533621855
joint_month_level_ridge,3,16-17,100000000.0,temperature_jan,weather,-0.004931953838225163,-0.0043728828948536155
joint_month_level_ridge,3,16-17,100000000.0,temperature_feb,weather,-0.007610958655500528,-0.007717528620742707
joint_month_level_ridge,3,16-17,100000000.0,temperature_mar,weather,-0.0074983652391044245,-0.006402458099552389
joint_month_level_ridge,3,16-17,100000000.0,temperature_apr,weather,-0.014887724847528813,-0.013969625662360962
joint_month_level_ridge,3,17-18,100000000.0,intercept,intercept,121501624.06666668,121501624.59567165
joint_month_level_ridge,3,17-18,100000000.0,block_fe_2,block_fixed_effect,29848125.666666627,29848125.666666627
joint_month_level_ridge,3,17-18,100000000.0,block_fe_3,block_fixed_effect,-53852375.13333333,-53852375.13333333
joint_month_level_ridge,3,17-18,100000000.0,block_fe_4,block_fixed_effect,-117549383.93333335,-117549383.93333335
joint_month_level_ridge,3,17-18,100000000.0,rainfall_sep,weather,0.029892576821584284,0.0007114752872798988
joint_month_level_ridge,3,17-18,100000000.0,rainfall_oct,weather,-0.01269175790458776,-0.0003021950485518736
joint_month_level_ridge,3,17-18,100000000.0,rainfall_nov,weather,0.02357134136392086,0.0004979797550258894
joint_month_level_ridge,3,17-18,100000000.0,rainfall_dec,weather,0.018093203459482288,0.0003574644245677664
joint_month_level_ridge,3,17-18,100000000.0,rainfall_jan,weather,-0.005443226842972241,-8.464168335621285e-05
joint_month_level_ridge,3,17-18,100000000.0,rainfall_feb,weather,0.021677054001618727,0.00045489973048144127
joint_month_level_ridge,3,17-18,100000000.0,rainfall_mar,weather,0.00014915803229947867,3.956251198154166e-06
joint_month_level_ridge,3,17-18,100000000.0,rainfall_apr,weather,0.01024349151305369,0.0004080818309500478
joint_month_level_ridge,3,17-18,100000000.0,temperature_sep,weather,-0.016538283930264706,-0.010818046177368337
joint_month_level_ridge,3,17-18,100000000.0,temperature_oct,weather,0.017180703299998844,0.012328257813559089
joint_month_level_ridge,3,17-18,100000000.0,temperature_nov,weather,0.0020116234489710033,0.002003666042845468
joint_month_level_ridge,3,17-18,100000000.0,temperature_dec,weather,-0.003932193647133179,-0.004119532413431991
joint_month_level_ridge,3,17-18,100000000.0,temperature_jan,weather,-0.006179831714532453,-0.0054637234785642
joint_month_level_ridge,3,17-18,100000000.0,temperature_feb,weather,-0.007220859598860204,-0.007334492050284076
joint_month_level_ridge,3,17-18,100000000.0,temperature_mar,weather,-0.008083108893320532,-0.006926726838006616
joint_month_level_ridge,3,17-18,100000000.0,temperature_apr,weather,-0.011730862983107807,-0.011111888782955675
joint_month_level_ridge,3,18-19,100000000.0,intercept,intercept,120486186.66666664,120486187.58221565
joint_month_level_ridge,3,18-19,100000000.0,block_fe_2,block_fixed_effect,32379291.533333316,32379291.533333316
joint_month_level_ridge,3,18-19,100000000.0,block_fe_3,block_fixed_effect,-51977266.399999976,-51977266.399999976
joint_month_level_ridge,3,18-19,100000000.0,block_fe_4,block_fixed_effect,-116306964.06666665,-116306964.06666665
joint_month_level_ridge,3,18-19,100000000.0,rainfall_sep,weather,0.025893649021240372,0.0006151184456726135
joint_month_level_ridge,3,18-19,100000000.0,rainfall_oct,weather,-0.011935505046894154,-0.00028535661186183763
joint_month_level_ridge,3,18-19,100000000.0,rainfall_nov,weather,0.02536159445876088,0.0005526035716999186
joint_month_level_ridge,3,18-19,100000000.0,rainfall_dec,weather,0.017576267564737093,0.00034586094796003184
joint_month_level_ridge,3,18-19,100000000.0,rainfall_jan,weather,-0.0023046064450111484,-3.426625478820137e-05
joint_month_level_ridge,3,18-19,100000000.0,rainfall_feb,weather,0.018497779360029245,0.0003746943614505343
joint_month_level_ridge,3,18-19,100000000.0,rainfall_mar,weather,0.0017244489013621392,4.6358917506827565e-05
joint_month_level_ridge,3,18-19,100000000.0,rainfall_apr,weather,0.01070552199888319,0.0004056892136701125
joint_month_level_ridge,3,18-19,100000000.0,temperature_sep,weather,-0.017952793840573612,-0.01084601188406978
joint_month_level_ridge,3,18-19,100000000.0,temperature_oct,weather,0.016357785009643213,0.011598883453392893
joint_month_level_ridge,3,18-19,100000000.0,temperature_nov,weather,-0.001302996035413488,-0.0013300257071684376
joint_month_level_ridge,3,18-19,100000000.0,temperature_dec,weather,-0.005823585181039287,-0.006129045364232989
joint_month_level_ridge,3,18-19,100000000.0,temperature_jan,weather,-0.00911145231074446,-0.008071871026154046
joint_month_level_ridge,3,18-19,100000000.0,temperature_feb,weather,-0.011321096681087358,-0.012317379205021722
joint_month_level_ridge,3,18-19,100000000.0,temperature_mar,weather,-0.00841490673105801,-0.007165817758687819
joint_month_level_ridge,3,18-19,100000000.0,temperature_apr,weather,-0.013949311321781692,-0.013059775522579588
joint_month_level_ridge,3,19-20,100000000.0,intercept,intercept,121040551.73333336,121040552.46757782
joint_month_level_ridge,3,19-20,100000000.0,block_fe_2,block_fixed_effect,31045036.4666666,31045036.4666666
joint_month_level_ridge,3,19-20,100000000.0,block_fe_3,block_fixed_effect,-52933232.4,-52933232.4
joint_month_level_ridge,3,19-20,100000000.0,block_fe_4,block_fixed_effect,-116899226.33333334,-116899226.33333334
joint_month_level_ridge,3,19-20,100000000.0,rainfall_sep,weather,0.02729597806026091,0.0006329190824115608
joint_month_level_ridge,3,19-20,100000000.0,rainfall_oct,weather,-0.01308374951286361,-0.0003361713783623501
joint_month_level_ridge,3,19-20,100000000.0,rainfall_nov,weather,0.022742341747067688,0.00048537548874178204
joint_month_level_ridge,3,19-20,100000000.0,rainfall_dec,weather,0.01764718705264103,0.00036378650925657794
joint_month_level_ridge,3,19-20,100000000.0,rainfall_jan,weather,-0.003270795881110116,-5.028289084583515e-05
joint_month_level_ridge,3,19-20,100000000.0,rainfall_feb,weather,0.01986406205222496,0.00041698261870587433
joint_month_level_ridge,3,19-20,100000000.0,rainfall_mar,weather,0.00048114703855812465,1.279028697381523e-05
joint_month_level_ridge,3,19-20,100000000.0,rainfall_apr,weather,0.013413707320597355,0.000498713444755758
joint_month_level_ridge,3,19-20,100000000.0,temperature_sep,weather,-0.01881579842491413,-0.011523858944717988
joint_month_level_ridge,3,19-20,100000000.0,temperature_oct,weather,0.015386734885536777,0.011006066671377296
joint_month_level_ridge,3,19-20,100000000.0,temperature_nov,weather,0.0005493196656570421,0.0005548696553880804
joint_month_level_ridge,3,19-20,100000000.0,temperature_dec,weather,-0.004577280433510355,-0.004799243182732455
joint_month_level_ridge,3,19-20,100000000.0,temperature_jan,weather,-0.007472585138884419,-0.006898738710271221
joint_month_level_ridge,3,19-20,100000000.0,temperature_feb,weather,-0.007584397756225632,-0.007726295708181037
joint_month_level_ridge,3,19-20,100000000.0,temperature_mar,weather,-0.009313479511025959,-0.007907123478378882
joint_month_level_ridge,3,19-20,100000000.0,temperature_apr,weather,-0.013064207345566218,-0.012506485192021279
joint_month_level_ridge,3,20-21,100000000.0,intercept,intercept,120187579.7333334,120187580.44160457
joint_month_level_ridge,3,20-21,100000000.0,block_fe_2,block_fixed_effect,31176108.799999923,31176108.799999923
joint_month_level_ridge,3,20-21,100000000.0,block_fe_3,block_fixed_effect,-51581586.86666668,-51581586.86666668
joint_month_level_ridge,3,20-21,100000000.0,block_fe_4,block_fixed_effect,-115849656.20000002,-115849656.20000002
joint_month_level_ridge,3,20-21,100000000.0,rainfall_sep,weather,0.02729459377961837,0.0006301669525160205
joint_month_level_ridge,3,20-21,100000000.0,rainfall_oct,weather,-0.010555580553792864,-0.00027138360625270357
joint_month_level_ridge,3,20-21,100000000.0,rainfall_nov,weather,0.021691009435856983,0.00045203712964165377
joint_month_level_ridge,3,20-21,100000000.0,rainfall_dec,weather,0.017858119476112277,0.0003521553015926013
joint_month_level_ridge,3,20-21,100000000.0,rainfall_jan,weather,-0.002424357635635026,-3.6020222048987566e-05
joint_month_level_ridge,3,20-21,100000000.0,rainfall_feb,weather,0.017413683596395727,0.00040952820742882703
joint_month_level_ridge,3,20-21,100000000.0,rainfall_mar,weather,0.002679066945160315,7.421929222586815e-05
joint_month_level_ridge,3,20-21,100000000.0,rainfall_apr,weather,0.016214517443707527,0.0006210625181429484
joint_month_level_ridge,3,20-21,100000000.0,temperature_sep,weather,-0.019820266022161245,-0.01212471544522949
joint_month_level_ridge,3,20-21,100000000.0,temperature_oct,weather,0.013620066335643258,0.010236165779872021
joint_month_level_ridge,3,20-21,100000000.0,temperature_nov,weather,-0.0014536898241088152,-0.0014984827405684013
joint_month_level_ridge,3,20-21,100000000.0,temperature_dec,weather,-0.004395835110109676,-0.004586812345797965
joint_month_level_ridge,3,20-21,100000000.0,temperature_jan,weather,-0.00801361248321978,-0.006992013677234228
joint_month_level_ridge,3,20-21,100000000.0,temperature_feb,weather,-0.005991919251039045,-0.0062734856547142556
joint_month_level_ridge,3,20-21,100000000.0,temperature_mar,weather,-0.007907883195649343,-0.0068234154523827886
joint_month_level_ridge,3,20-21,100000000.0,temperature_apr,weather,-0.011877567412546518,-0.01122522907620163
joint_month_level_ridge,3,21-22,100000000.0,intercept,intercept,121356469.20000002,121356469.04573631
joint_month_level_ridge,3,21-22,100000000.0,block_fe_2,block_fixed_effect,30772589.399999976,30772589.399999976
joint_month_level_ridge,3,21-22,100000000.0,block_fe_3,block_fixed_effect,-50939252.60000001,-50939252.60000001
joint_month_level_ridge,3,21-22,100000000.0,block_fe_4,block_fixed_effect,-116909414.86666669,-116909414.86666669
joint_month_level_ridge,3,21-22,100000000.0,rainfall_sep,weather,0.019435163382088973,0.0004654844300763899
joint_month_level_ridge,3,21-22,100000000.0,rainfall_oct,weather,-0.021093401866520617,-0.0005188958270834891
joint_month_level_ridge,3,21-22,100000000.0,rainfall_nov,weather,0.009982763175596559,0.00022833971749699642
joint_month_level_ridge,3,21-22,100000000.0,rainfall_dec,weather,0.015091579267265487,0.00029741370341423214
joint_month_level_ridge,3,21-22,100000000.0,rainfall_jan,weather,-0.01169784608294153,-0.0001803500186425843
joint_month_level_ridge,3,21-22,100000000.0,rainfall_feb,weather,0.011920091856176781,0.00024804673962619577
joint_month_level_ridge,3,21-22,100000000.0,rainfall_mar,weather,-0.007237580782081096,-0.0001976032107754593
joint_month_level_ridge,3,21-22,100000000.0,rainfall_apr,weather,0.0015648741796883555,6.036887225118135e-05
joint_month_level_ridge,3,21-22,100000000.0,temperature_sep,weather,-0.008227737929713888,-0.005281308698262641
joint_month_level_ridge,3,21-22,100000000.0,temperature_oct,weather,0.027203227493398974,0.020319094134628273
joint_month_level_ridge,3,21-22,100000000.0,temperature_nov,weather,0.006002875081299287,0.005995299402143596
joint_month_level_ridge,3,21-22,100000000.0,temperature_dec,weather,0.001362686984233386,0.0014483328251854867
joint_month_level_ridge,3,21-22,100000000.0,temperature_jan,weather,-0.001415133858444466,-0.001256160237296692
joint_month_level_ridge,3,21-22,100000000.0,temperature_feb,weather,-0.004066910835970109,-0.004152375786052828
joint_month_level_ridge,3,21-22,100000000.0,temperature_mar,weather,-0.0016002995559264521,-0.0013983941916540345
joint_month_level_ridge,3,21-22,100000000.0,temperature_apr,weather,-0.012526264808434459,-0.01165919382069117
joint_month_level_ridge,3,22-23,100000000.0,intercept,intercept,122420190.86666666,122420191.65514986
joint_month_level_ridge,3,22-23,100000000.0,block_fe_2,block_fixed_effect,30270779.666666627,30270779.666666627
joint_month_level_ridge,3,22-23,100000000.0,block_fe_3,block_fixed_effect,-54527527.599999994,-54527527.599999994
joint_month_level_ridge,3,22-23,100000000.0,block_fe_4,block_fixed_effect,-118128907.39999999,-118128907.39999999
joint_month_level_ridge,3,22-23,100000000.0,rainfall_sep,weather,0.022952693963523858,0.0005441314782618816
joint_month_level_ridge,3,22-23,100000000.0,rainfall_oct,weather,-0.00530113270780018,-0.00013618196175390167
joint_month_level_ridge,3,22-23,100000000.0,rainfall_nov,weather,0.01812551739278313,0.00038561217363205125
joint_month_level_ridge,3,22-23,100000000.0,rainfall_dec,weather,0.01427932885320714,0.00028399667049504204
joint_month_level_ridge,3,22-23,100000000.0,rainfall_jan,weather,0.002230282760388488,3.411389644629982e-05
joint_month_level_ridge,3,22-23,100000000.0,rainfall_feb,weather,0.015306906342399625,0.0003151549876441337
joint_month_level_ridge,3,22-23,100000000.0,rainfall_mar,weather,0.001264921497488358,3.356649991619614e-05
joint_month_level_ridge,3,22-23,100000000.0,rainfall_apr,weather,0.008350535837733476,0.000308005952139605
joint_month_level_ridge,3,22-23,100000000.0,temperature_sep,weather,-0.012438512900896747,-0.007918155852949338
joint_month_level_ridge,3,22-23,100000000.0,temperature_oct,weather,0.011870074562527595,0.008505419914273336
joint_month_level_ridge,3,22-23,100000000.0,temperature_nov,weather,0.0021342369133382747,0.0021068682071979307
joint_month_level_ridge,3,22-23,100000000.0,temperature_dec,weather,-0.007438277766513407,-0.007822947566832656
joint_month_level_ridge,3,22-23,100000000.0,temperature_jan,weather,-0.00887373386355079,-0.0077414611958050526
joint_month_level_ridge,3,22-23,100000000.0,temperature_feb,weather,-0.011044613672149648,-0.011341205990876856
joint_month_level_ridge,3,22-23,100000000.0,temperature_mar,weather,-0.007664032786389761,-0.006509395813913244
joint_month_level_ridge,3,22-23,100000000.0,temperature_apr,weather,-0.011084262507639648,-0.0103637660107915
joint_month_level_ridge,3,23-24,0.0001,intercept,intercept,121486673.53333338,161413209.36914963
joint_month_level_ridge,3,23-24,0.0001,block_fe_2,block_fixed_effect,29399869.666666627,29399869.666666627
joint_month_level_ridge,3,23-24,0.0001,block_fe_3,block_fixed_effect,-55537000.19999998,-55537000.19999998
joint_month_level_ridge,3,23-24,0.0001,block_fe_4,block_fixed_effect,-117387382.79999998,-117387382.79999998
joint_month_level_ridge,3,23-24,0.0001,rainfall_sep,weather,971362.7974128376,23138.990399217913
joint_month_level_ridge,3,23-24,0.0001,rainfall_oct,weather,-1645757.7024551774,-39194.75425096394
joint_month_level_ridge,3,23-24,0.0001,rainfall_nov,weather,7135383.623660857,152508.21836537874
joint_month_level_ridge,3,23-24,0.0001,rainfall_dec,weather,-4868426.608380589,-98355.02576145765
joint_month_level_ridge,3,23-24,0.0001,rainfall_jan,weather,-3163241.767347844,-46997.010534055684
joint_month_level_ridge,3,23-24,0.0001,rainfall_feb,weather,-4588650.451915455,-94942.56568808755
joint_month_level_ridge,3,23-24,0.0001,rainfall_mar,weather,536672.3612773082,14228.301739815433
joint_month_level_ridge,3,23-24,0.0001,rainfall_apr,weather,4363163.918881921,160957.25451583098
joint_month_level_ridge,3,23-24,0.0001,temperature_sep,weather,196107.89458631515,125390.957715033
joint_month_level_ridge,3,23-24,0.0001,temperature_oct,weather,1035133.6489103417,732053.6335299056
joint_month_level_ridge,3,23-24,0.0001,temperature_nov,weather,7127246.938226448,7533065.611076833
joint_month_level_ridge,3,23-24,0.0001,temperature_dec,weather,-726221.260090688,-782153.0005376592
joint_month_level_ridge,3,23-24,0.0001,temperature_jan,weather,-3050232.027968482,-2762458.479801527
joint_month_level_ridge,3,23-24,0.0001,temperature_feb,weather,-2634834.8604489127,-2775231.504186644
joint_month_level_ridge,3,23-24,0.0001,temperature_mar,weather,-3807718.220730759,-3234900.5592206507
joint_month_level_ridge,3,23-24,0.0001,temperature_apr,weather,-21118.869593680363,-20334.60570855193
joint_month_level_ridge,3,24-25,1.7782794100389228,intercept,intercept,120109084.66666669,175154796.31478795
joint_month_level_ridge,3,24-25,1.7782794100389228,block_fe_2,block_fixed_effect,31734699.799999937,31734699.799999937
joint_month_level_ridge,3,24-25,1.7782794100389228,block_fe_3,block_fixed_effect,-51888287.33333333,-51888287.33333333
joint_month_level_ridge,3,24-25,1.7782794100389228,block_fe_4,block_fixed_effect,-115850361.66666669,-115850361.66666669
joint_month_level_ridge,3,24-25,1.7782794100389228,rainfall_sep,weather,623420.946128482,14540.061392776772
joint_month_level_ridge,3,24-25,1.7782794100389228,rainfall_oct,weather,-509638.0083432966,-13133.826791058309
joint_month_level_ridge,3,24-25,1.7782794100389228,rainfall_nov,weather,738535.1633802297,15749.77260385868
joint_month_level_ridge,3,24-25,1.7782794100389228,rainfall_dec,weather,403377.29754210403,9043.507307732132
joint_month_level_ridge,3,24-25,1.7782794100389228,rainfall_jan,weather,-417152.6950604422,-6451.25712814536
joint_month_level_ridge,3,24-25,1.7782794100389228,rainfall_feb,weather,387865.15372182336,8015.953950206627
joint_month_level_ridge,3,24-25,1.7782794100389228,rainfall_mar,weather,-354678.9713287871,-9430.672661639806
joint_month_level_ridge,3,24-25,1.7782794100389228,rainfall_apr,weather,519010.7488970875,18923.64071987417
joint_month_level_ridge,3,24-25,1.7782794100389228,temperature_sep,weather,-682347.7541065466,-454151.1108540188
joint_month_level_ridge,3,24-25,1.7782794100389228,temperature_oct,weather,607744.3903073913,450768.72259669285
joint_month_level_ridge,3,24-25,1.7782794100389228,temperature_nov,weather,-273295.0582358854,-375264.3491513412
joint_month_level_ridge,3,24-25,1.7782794100389228,temperature_dec,weather,-511341.77036002703,-963575.0000210159
joint_month_level_ridge,3,24-25,1.7782794100389228,temperature_jan,weather,-191979.945763869,-190000.36949099612
joint_month_level_ridge,3,24-25,1.7782794100389228,temperature_feb,weather,-203849.05096859985,-245073.0281797588
joint_month_level_ridge,3,24-25,1.7782794100389228,temperature_mar,weather,-161534.21345949688,-161324.7223454345
joint_month_level_ridge,3,24-25,1.7782794100389228,temperature_apr,weather,-429443.4174665604,-491789.0213791805
joint_month_level_ridge,3,25-26,100000000.0,intercept,intercept,121844987.80000003,121844988.69872603
joint_month_level_ridge,3,25-26,100000000.0,block_fe_2,block_fixed_effect,29308584.133333303,29308584.133333303
joint_month_level_ridge,3,25-26,100000000.0,block_fe_3,block_fixed_effect,-53765090.733333334,-53765090.733333334
joint_month_level_ridge,3,25-26,100000000.0,block_fe_4,block_fixed_effect,-117656629.93333337,-117656629.93333337
joint_month_level_ridge,3,25-26,100000000.0,rainfall_sep,weather,0.02806721734417658,0.0006737478578141612
joint_month_level_ridge,3,25-26,100000000.0,rainfall_oct,weather,-0.012608824784146435,-0.00030020483845801774
joint_month_level_ridge,3,25-26,100000000.0,rainfall_nov,weather,0.022746882293118546,0.000490578119663878
joint_month_level_ridge,3,25-26,100000000.0,rainfall_dec,weather,0.017237752449822445,0.0003391311111824322
joint_month_level_ridge,3,25-26,100000000.0,rainfall_jan,weather,-0.0030915010765364998,-4.901805791995504e-05
joint_month_level_ridge,3,25-26,100000000.0,rainfall_feb,weather,0.01990218406247013,0.0004277917335580943
joint_month_level_ridge,3,25-26,100000000.0,rainfall_mar,weather,0.0003251922055843956,9.940879420259589e-06
joint_month_level_ridge,3,25-26,100000000.0,rainfall_apr,weather,0.012667841625293223,0.0004559819810020992
joint_month_level_ridge,3,25-26,100000000.0,temperature_sep,weather,-0.019875942575078347,-0.013073000586549944
joint_month_level_ridge,3,25-26,100000000.0,temperature_oct,weather,0.01575786423382513,0.011346255635816638
joint_month_level_ridge,3,25-26,100000000.0,temperature_nov,weather,0.0008268236596233409,0.0008149087169590862
joint_month_level_ridge,3,25-26,100000000.0,temperature_dec,weather,-0.004699055245403348,-0.0049029842633920104
joint_month_level_ridge,3,25-26,100000000.0,temperature_jan,weather,-0.007672722393435741,-0.006904303820711835
joint_month_level_ridge,3,25-26,100000000.0,temperature_feb,weather,-0.00830559102065794,-0.009217862854163199
joint_month_level_ridge,3,25-26,100000000.0,temperature_mar,weather,-0.011160929831957891,-0.01162058008622109
joint_month_level_ridge,3,25-26,100000000.0,temperature_apr,weather,-0.0136936624618233,-0.013492842328121316
joint_month_level_ridge,4,10-11,100000000.0,intercept,intercept,174835635.73333335,174835636.45287436
joint_month_level_ridge,4,10-11,100000000.0,block_fe_2,block_fixed_effect,-16702972.933333322,-16702972.933333322
joint_month_level_ridge,4,10-11,100000000.0,block_fe_3,block_fixed_effect,-163267133.2,-163267133.2
joint_month_level_ridge,4,10-11,100000000.0,rainfall_sep,weather,0.03686073922591514,0.0010148988689506401
joint_month_level_ridge,4,10-11,100000000.0,rainfall_oct,weather,-0.018724142031963067,-0.0004525967706385767
joint_month_level_ridge,4,10-11,100000000.0,rainfall_nov,weather,0.02768393308020893,0.0006001998193660021
joint_month_level_ridge,4,10-11,100000000.0,rainfall_dec,weather,0.02203686110058188,0.0005657317930262038
joint_month_level_ridge,4,10-11,100000000.0,rainfall_jan,weather,-0.0075791090982322736,-0.0001201644420507866
joint_month_level_ridge,4,10-11,100000000.0,rainfall_feb,weather,0.02548742240950871,0.0005162694281976803
joint_month_level_ridge,4,10-11,100000000.0,rainfall_mar,weather,-9.566375511834214e-06,-2.5401481561248495e-07
joint_month_level_ridge,4,10-11,100000000.0,rainfall_apr,weather,0.015807607334606535,0.0005733461216699361
joint_month_level_ridge,4,10-11,100000000.0,temperature_sep,weather,-0.02291621500566165,-0.014167146087669929
joint_month_level_ridge,4,10-11,100000000.0,temperature_oct,weather,0.024955167127038005,0.01860391468128124
joint_month_level_ridge,4,10-11,100000000.0,temperature_nov,weather,-0.0005574042002921108,-0.0005576104483572408
joint_month_level_ridge,4,10-11,100000000.0,temperature_dec,weather,-0.00325379596050504,-0.0036033574521149338
joint_month_level_ridge,4,10-11,100000000.0,temperature_jan,weather,-0.008380533404614888,-0.007419379445044145
joint_month_level_ridge,4,10-11,100000000.0,temperature_feb,weather,-0.009904126666491883,-0.010048931687935685
joint_month_level_ridge,4,10-11,100000000.0,temperature_mar,weather,-0.011118910124536117,-0.009498979666564095
joint_month_level_ridge,4,10-11,100000000.0,temperature_apr,weather,-0.014982425676212753,-0.01487366084336771
joint_month_level_ridge,4,11-12,10.0,intercept,intercept,176667135.2,184467778.47693866
joint_month_level_ridge,4,11-12,10.0,block_fe_2,block_fixed_effect,-17290039.3333333,-17290039.3333333
joint_month_level_ridge,4,11-12,10.0,block_fe_3,block_fixed_effect,-164690759.0666666,-164690759.0666666
joint_month_level_ridge,4,11-12,10.0,rainfall_sep,weather,326006.1568068256,7634.448026359699
joint_month_level_ridge,4,11-12,10.0,rainfall_oct,weather,-145497.15913090084,-3474.033798620149
joint_month_level_ridge,4,11-12,10.0,rainfall_nov,weather,155453.01560378235,3326.6244881189396
joint_month_level_ridge,4,11-12,10.0,rainfall_dec,weather,173861.8037510829,3435.733116912628
joint_month_level_ridge,4,11-12,10.0,rainfall_jan,weather,45467.76439437404,728.8134775127562
joint_month_level_ridge,4,11-12,10.0,rainfall_feb,weather,298475.5123640055,6380.82865414794
joint_month_level_ridge,4,11-12,10.0,rainfall_mar,weather,188260.7918706457,6125.170042790041
joint_month_level_ridge,4,11-12,10.0,rainfall_apr,weather,215319.52896946107,7900.0683109335205
joint_month_level_ridge,4,11-12,10.0,temperature_sep,weather,-205249.99200987915,-124648.46928387377
joint_month_level_ridge,4,11-12,10.0,temperature_oct,weather,78652.6949277083,60864.352844255765
joint_month_level_ridge,4,11-12,10.0,temperature_nov,weather,20496.29416453002,20268.385718211277
joint_month_level_ridge,4,11-12,10.0,temperature_dec,weather,-11796.772629101073,-12329.97026394451
joint_month_level_ridge,4,11-12,10.0,temperature_jan,weather,-62921.893708777454,-54951.50594432711
joint_month_level_ridge,4,11-12,10.0,temperature_feb,weather,-65548.4402268983,-66967.78189641387
joint_month_level_ridge,4,11-12,10.0,temperature_mar,weather,-180019.98619724883,-166342.25999269675
joint_month_level_ridge,4,11-12,10.0,temperature_apr,weather,-131181.7034737664,-123470.03770402612
joint_month_level_ridge,4,12-13,100000000.0,intercept,intercept,179104865.79999998,179104867.15377948
joint_month_level_ridge,4,12-13,100000000.0,block_fe_2,block_fixed_effect,-22945262.53333333,-22945262.53333333
joint_month_level_ridge,4,12-13,100000000.0,block_fe_3,block_fixed_effect,-168156829.93333334,-168156829.93333334
joint_month_level_ridge,4,12-13,100000000.0,rainfall_sep,weather,0.033711042289340146,0.000819071555527859
joint_month_level_ridge,4,12-13,100000000.0,rainfall_oct,weather,-0.014117495981390494,-0.00034636855562328425
joint_month_level_ridge,4,12-13,100000000.0,rainfall_nov,weather,0.028125659212776804,0.0005884958037009134
joint_month_level_ridge,4,12-13,100000000.0,rainfall_dec,weather,0.021662258240859298,0.0004285026232922767
joint_month_level_ridge,4,12-13,100000000.0,rainfall_jan,weather,-0.0017015822822761119,-2.558118006591697e-05
joint_month_level_ridge,4,12-13,100000000.0,rainfall_feb,weather,0.0221402246232037,0.00047233838840654823
joint_month_level_ridge,4,12-13,100000000.0,rainfall_mar,weather,-0.005167727236575872,-0.00014994269677779258
joint_month_level_ridge,4,12-13,100000000.0,rainfall_apr,weather,0.02234613322810542,0.0008512129230496495
joint_month_level_ridge,4,12-13,100000000.0,temperature_sep,weather,-0.028451299229227255,-0.01770857402224169
joint_month_level_ridge,4,12-13,100000000.0,temperature_oct,weather,0.018169836822069494,0.013108470181960484
joint_month_level_ridge,4,12-13,100000000.0,temperature_nov,weather,-0.004092064449857007,-0.004355826296485402
joint_month_level_ridge,4,12-13,100000000.0,temperature_dec,weather,-0.007225523178870878,-0.007554392852971225
joint_month_level_ridge,4,12-13,100000000.0,temperature_jan,weather,-0.01690301532484747,-0.016196457940883757
joint_month_level_ridge,4,12-13,100000000.0,temperature_feb,weather,-0.010358630824338966,-0.010504080354095844
joint_month_level_ridge,4,12-13,100000000.0,temperature_mar,weather,-0.011752715153476678,-0.009961415912589922
joint_month_level_ridge,4,12-13,100000000.0,temperature_apr,weather,-0.014960424816941117,-0.014241879226436919
joint_month_level_ridge,4,13-14,100000000.0,intercept,intercept,176603085.9333333,176603086.6580578
joint_month_level_ridge,4,13-14,100000000.0,block_fe_2,block_fixed_effect,-20305562.73333329,-20305562.73333329
joint_month_level_ridge,4,13-14,100000000.0,block_fe_3,block_fixed_effect,-165834358.86666662,-165834358.86666662
joint_month_level_ridge,4,13-14,100000000.0,rainfall_sep,weather,0.035632980197984845,0.0008224206772608392
joint_month_level_ridge,4,13-14,100000000.0,rainfall_oct,weather,-0.01068448171373112,-0.00026829550735089376
joint_month_level_ridge,4,13-14,100000000.0,rainfall_nov,weather,0.03205676345656639,0.0006728644345194953
joint_month_level_ridge,4,13-14,100000000.0,rainfall_dec,weather,0.017921245928318216,0.00036607626449016166
joint_month_level_ridge,4,13-14,100000000.0,rainfall_jan,weather,-0.0042868430685391165,-6.36226173524279e-05
joint_month_level_ridge,4,13-14,100000000.0,rainfall_feb,weather,0.023172917144597856,0.000471160321544369
joint_month_level_ridge,4,13-14,100000000.0,rainfall_mar,weather,-0.003367716445533366,-9.080167387767228e-05
joint_month_level_ridge,4,13-14,100000000.0,rainfall_apr,weather,0.011840060675183893,0.00044101619171762124
joint_month_level_ridge,4,13-14,100000000.0,temperature_sep,weather,-0.022714721772694933,-0.013756686207695209
joint_month_level_ridge,4,13-14,100000000.0,temperature_oct,weather,0.015752076078977006,0.011464911127498157
joint_month_level_ridge,4,13-14,100000000.0,temperature_nov,weather,-0.0005827671383696109,-0.0005759483403613918
joint_month_level_ridge,4,13-14,100000000.0,temperature_dec,weather,-0.010584828345796864,-0.011255335028917126
joint_month_level_ridge,4,13-14,100000000.0,temperature_jan,weather,-0.004142727016603759,-0.003762197251238869
joint_month_level_ridge,4,13-14,100000000.0,temperature_feb,weather,-0.006011137182441162,-0.006230075756521896
joint_month_level_ridge,4,13-14,100000000.0,temperature_mar,weather,-0.00803860979060387,-0.006962428427272101
joint_month_level_ridge,4,13-14,100000000.0,temperature_apr,weather,-0.008935646088163473,-0.00928002660526074
joint_month_level_ridge,4,14-15,100000000.0,intercept,intercept,176060429.33333328,176060430.24997494
joint_month_level_ridge,4,14-15,100000000.0,block_fe_2,block_fixed_effect,-17867173.399999946,-17867173.399999946
joint_month_level_ridge,4,14-15,100000000.0,block_fe_3,block_fixed_effect,-164517564.0666666,-164517564.0666666
joint_month_level_ridge,4,14-15,100000000.0,rainfall_sep,weather,0.036724296731064573,0.0008499521005249498
joint_month_level_ridge,4,14-15,100000000.0,rainfall_oct,weather,-0.017223899486080094,-0.0004106604694979402
joint_month_level_ridge,4,14-15,100000000.0,rainfall_nov,weather,0.02850470325393745,0.0005988950094063676
joint_month_level_ridge,4,14-15,100000000.0,rainfall_dec,weather,0.02177966956518823,0.0004450539420390103
joint_month_level_ridge,4,14-15,100000000.0,rainfall_jan,weather,-0.006872486734667187,-0.00010933762120863237
joint_month_level_ridge,4,14-15,100000000.0,rainfall_feb,weather,0.02403183239758809,0.0005000409590123538
joint_month_level_ridge,4,14-15,100000000.0,rainfall_mar,weather,0.00013875241923787582,3.6834458642927707e-06
joint_month_level_ridge,4,14-15,100000000.0,rainfall_apr,weather,0.016945920626830695,0.0006097400034543175
joint_month_level_ridge,4,14-15,100000000.0,temperature_sep,weather,-0.027117259030795732,-0.01689892196593325
joint_month_level_ridge,4,14-15,100000000.0,temperature_oct,weather,0.01914876675369889,0.014397307722246505
joint_month_level_ridge,4,14-15,100000000.0,temperature_nov,weather,0.0008694183244325224,0.0008569162392878253
joint_month_level_ridge,4,14-15,100000000.0,temperature_dec,weather,-0.005433441305597127,-0.005703804299677383
joint_month_level_ridge,4,14-15,100000000.0,temperature_jan,weather,-0.00831122757117334,-0.007505398191150637
joint_month_level_ridge,4,14-15,100000000.0,temperature_feb,weather,-0.007704732465711035,-0.00881836972370971
joint_month_level_ridge,4,14-15,100000000.0,temperature_mar,weather,-0.012080605832803484,-0.010234303920246603
joint_month_level_ridge,4,14-15,100000000.0,temperature_apr,weather,-0.01667149334330171,-0.015597935654772823
joint_month_level_ridge,4,15-16,100000000.0,intercept,intercept,176863732.59999996,176863733.47788492
joint_month_level_ridge,4,15-16,100000000.0,block_fe_2,block_fixed_effect,-19569822.599999964,-19569822.599999964
joint_month_level_ridge,4,15-16,100000000.0,block_fe_3,block_fixed_effect,-167313864.93333328,-167313864.93333328
joint_month_level_ridge,4,15-16,100000000.0,rainfall_sep,weather,0.03368263926768383,0.000783819326820468
joint_month_level_ridge,4,15-16,100000000.0,rainfall_oct,weather,-0.008156542887391201,-0.00021977467456303743
joint_month_level_ridge,4,15-16,100000000.0,rainfall_nov,weather,0.026619056276981412,0.0005599407474235182
joint_month_level_ridge,4,15-16,100000000.0,rainfall_dec,weather,0.023173198193786135,0.0004555959347048473
joint_month_level_ridge,4,15-16,100000000.0,rainfall_jan,weather,0.0016176124465527744,2.4850776087673416e-05
joint_month_level_ridge,4,15-16,100000000.0,rainfall_feb,weather,0.022191470989703227,0.0004545281709244747
joint_month_level_ridge,4,15-16,100000000.0,rainfall_mar,weather,-0.004821910427361216,-0.00013212110307809388
joint_month_level_ridge,4,15-16,100000000.0,rainfall_apr,weather,0.019726850532440856,0.0007159171260321688
joint_month_level_ridge,4,15-16,100000000.0,temperature_sep,weather,-0.02579119657647431,-0.015595090124305733
joint_month_level_ridge,4,15-16,100000000.0,temperature_oct,weather,0.017918266793542845,0.012742577068593735
joint_month_level_ridge,4,15-16,100000000.0,temperature_nov,weather,0.0021639516985473783,0.002134726628295451
joint_month_level_ridge,4,15-16,100000000.0,temperature_dec,weather,-0.003373641531691211,-0.003553443617452017
joint_month_level_ridge,4,15-16,100000000.0,temperature_jan,weather,-0.016057963864246936,-0.014509113274975354
joint_month_level_ridge,4,15-16,100000000.0,temperature_feb,weather,-0.0073637563283790375,-0.007544860240618322
joint_month_level_ridge,4,15-16,100000000.0,temperature_mar,weather,-0.007514367350136631,-0.006559755572363863
joint_month_level_ridge,4,15-16,100000000.0,temperature_apr,weather,-0.0167112678921111,-0.015560085883537687
joint_month_level_ridge,4,16-17,100000000.0,intercept,intercept,175172805.73333332,175172806.69082108
joint_month_level_ridge,4,16-17,100000000.0,block_fe_2,block_fixed_effect,-17547764.999999985,-17547764.999999985
joint_month_level_ridge,4,16-17,100000000.0,block_fe_3,block_fixed_effect,-164107609.13333333,-164107609.13333333
joint_month_level_ridge,4,16-17,100000000.0,rainfall_sep,weather,0.03105685825227999,0.0008057894846714353
joint_month_level_ridge,4,16-17,100000000.0,rainfall_oct,weather,-0.015375380084109387,-0.00036726719053881395
joint_month_level_ridge,4,16-17,100000000.0,rainfall_nov,weather,0.02273716349046229,0.0005822585303683194
joint_month_level_ridge,4,16-17,100000000.0,rainfall_dec,weather,0.019001674147442946,0.00038542376052695307
joint_month_level_ridge,4,16-17,100000000.0,rainfall_jan,weather,-0.008945601826108138,-0.00013760780274347677
joint_month_level_ridge,4,16-17,100000000.0,rainfall_feb,weather,0.02053911678381622,0.00043522607053519214
joint_month_level_ridge,4,16-17,100000000.0,rainfall_mar,weather,-0.002864846105068146,-7.722445377372902e-05
joint_month_level_ridge,4,16-17,100000000.0,rainfall_apr,weather,0.024026361720143146,0.0009122905708801287
joint_month_level_ridge,4,16-17,100000000.0,temperature_sep,weather,-0.025218206193722083,-0.015230649993673047
joint_month_level_ridge,4,16-17,100000000.0,temperature_oct,weather,0.01663359141371633,0.01206112631236112
joint_month_level_ridge,4,16-17,100000000.0,temperature_nov,weather,0.0003891502634718098,0.0003836550420277207
joint_month_level_ridge,4,16-17,100000000.0,temperature_dec,weather,-0.0039015381034087854,-0.004102247404482911
joint_month_level_ridge,4,16-17,100000000.0,temperature_jan,weather,-0.006575938450966887,-0.005830510526471489
joint_month_level_ridge,4,16-17,100000000.0,temperature_feb,weather,-0.010147944874000708,-0.01029003816099028
joint_month_level_ridge,4,16-17,100000000.0,temperature_mar,weather,-0.009997820318805896,-0.00853661079940318
joint_month_level_ridge,4,16-17,100000000.0,temperature_apr,weather,-0.019850299796705082,-0.018626167549814616
joint_month_level_ridge,4,17-18,100000000.0,intercept,intercept,175653692.4,175653693.10533997
joint_month_level_ridge,4,17-18,100000000.0,block_fe_2,block_fixed_effect,-17836318.133333266,-17836318.133333266
joint_month_level_ridge,4,17-18,100000000.0,block_fe_3,block_fixed_effect,-164671896.19999993,-164671896.19999993
joint_month_level_ridge,4,17-18,100000000.0,rainfall_sep,weather,0.039856769095445714,0.0009486337163731984
joint_month_level_ridge,4,17-18,100000000.0,rainfall_oct,weather,-0.016922343872783675,-0.00040292673140249804
joint_month_level_ridge,4,17-18,100000000.0,rainfall_nov,weather,0.03142845515189447,0.0006639730067011856
joint_month_level_ridge,4,17-18,100000000.0,rainfall_dec,weather,0.024124271279309724,0.000476619232757022
joint_month_level_ridge,4,17-18,100000000.0,rainfall_jan,weather,-0.0072576357906296565,-0.00011285557780828382
joint_month_level_ridge,4,17-18,100000000.0,rainfall_feb,weather,0.028902738668824972,0.0006065329739752551
joint_month_level_ridge,4,17-18,100000000.0,rainfall_mar,weather,0.00019887737639930314,5.275001597538842e-06
joint_month_level_ridge,4,17-18,100000000.0,rainfall_apr,weather,0.013657988684071589,0.0005441091079333971
joint_month_level_ridge,4,17-18,100000000.0,temperature_sep,weather,-0.022051045240352934,-0.014424061569824443
joint_month_level_ridge,4,17-18,100000000.0,temperature_oct,weather,0.02290760439999845,0.016437677084745445
joint_month_level_ridge,4,17-18,100000000.0,temperature_nov,weather,0.0026821645986280043,0.002671554723793957
joint_month_level_ridge,4,17-18,100000000.0,temperature_dec,weather,-0.005242924862844237,-0.005492709884575986
joint_month_level_ridge,4,17-18,100000000.0,temperature_jan,weather,-0.008239775619376609,-0.007284964638085603
joint_month_level_ridge,4,17-18,100000000.0,temperature_feb,weather,-0.009627812798480274,-0.009779322733712103
joint_month_level_ridge,4,17-18,100000000.0,temperature_mar,weather,-0.010777478524427371,-0.009235635784008817
joint_month_level_ridge,4,17-18,100000000.0,temperature_apr,weather,-0.01564115064414374,-0.014815851710607566
joint_month_level_ridge,4,18-19,100000000.0,intercept,intercept,174953766.13333333,174953767.35406536
joint_month_level_ridge,4,18-19,100000000.0,block_fe_2,block_fixed_effect,-15171613.466666594,-15171613.466666594
joint_month_level_ridge,4,18-19,100000000.0,block_fe_3,block_fixed_effect,-163649877.19999993,-163649877.19999993
joint_month_level_ridge,4,18-19,100000000.0,rainfall_sep,weather,0.03452486536165383,0.0008201579275634846
joint_month_level_ridge,4,18-19,100000000.0,rainfall_oct,weather,-0.0159140067291922,-0.00038047548248245006
joint_month_level_ridge,4,18-19,100000000.0,rainfall_nov,weather,0.033815459278347844,0.0007368047622665581
joint_month_level_ridge,4,18-19,100000000.0,rainfall_dec,weather,0.02343502341964946,0.0004611479306133758
joint_month_level_ridge,4,18-19,100000000.0,rainfall_jan,weather,-0.0030728085933481985,-4.568833971760183e-05
joint_month_level_ridge,4,18-19,100000000.0,rainfall_feb,weather,0.024663705813372322,0.0004995924819340456
joint_month_level_ridge,4,18-19,100000000.0,rainfall_mar,weather,0.0022992652018161883,6.181189000910349e-05
joint_month_level_ridge,4,18-19,100000000.0,rainfall_apr,weather,0.01427402933184426,0.0005409189515601503
joint_month_level_ridge,4,18-19,100000000.0,temperature_sep,weather,-0.02393705845409814,-0.014461349178759703
joint_month_level_ridge,4,18-19,100000000.0,temperature_oct,weather,0.02181038001285762,0.015465177937857193
joint_month_level_ridge,4,18-19,100000000.0,temperature_nov,weather,-0.0017373280472179837,-0.0017733676095579166
joint_month_level_ridge,4,18-19,100000000.0,temperature_dec,weather,-0.007764780241385711,-0.00817206048564398
joint_month_level_ridge,4,18-19,100000000.0,temperature_jan,weather,-0.012148603080992611,-0.010762494701538726
joint_month_level_ridge,4,18-19,100000000.0,temperature_feb,weather,-0.015094795574783142,-0.016423172273362294
joint_month_level_ridge,4,18-19,100000000.0,temperature_mar,weather,-0.011219875641410682,-0.009554423678250426
joint_month_level_ridge,4,18-19,100000000.0,temperature_apr,weather,-0.01859908176237558,-0.01741303403010611
joint_month_level_ridge,4,19-20,100000000.0,intercept,intercept,175617770.4666667,175617771.4456593
joint_month_level_ridge,4,19-20,100000000.0,block_fe_2,block_fixed_effect,-17499685.399999976,-17499685.399999976
joint_month_level_ridge,4,19-20,100000000.0,block_fe_3,block_fixed_effect,-163978841.3333333,-163978841.3333333
joint_month_level_ridge,4,19-20,100000000.0,rainfall_sep,weather,0.03639463741368121,0.0008438921098820809
joint_month_level_ridge,4,19-20,100000000.0,rainfall_oct,weather,-0.01744499935048482,-0.00044822850448313366
joint_month_level_ridge,4,19-20,100000000.0,rainfall_nov,weather,0.03032312232942358,0.000647167318322376
joint_month_level_ridge,4,19-20,100000000.0,rainfall_dec,weather,0.023529582736854703,0.00048504867900877056
joint_month_level_ridge,4,19-20,100000000.0,rainfall_jan,weather,-0.004361061174813489,-6.704385446111355e-05
joint_month_level_ridge,4,19-20,100000000.0,rainfall_feb,weather,0.026485416069633293,0.0005559768249411661
joint_month_level_ridge,4,19-20,100000000.0,rainfall_mar,weather,0.0006415293847441681,1.7053715965087023e-05
joint_month_level_ridge,4,19-20,100000000.0,rainfall_apr,weather,0.017884943094129815,0.0006649512596743443
joint_month_level_ridge,4,19-20,100000000.0,temperature_sep,weather,-0.02508773123321884,-0.015365145259623982
joint_month_level_ridge,4,19-20,100000000.0,temperature_oct,weather,0.020515646514049028,0.014674755561836388
joint_month_level_ridge,4,19-20,100000000.0,temperature_nov,weather,0.0007324262208760546,0.0007398262071841058
joint_month_level_ridge,4,19-20,100000000.0,temperature_dec,weather,-0.006103040578013809,-0.006398990910309943
joint_month_level_ridge,4,19-20,100000000.0,temperature_jan,weather,-0.009963446851845895,-0.00919831828036163
joint_month_level_ridge,4,19-20,100000000.0,temperature_feb,weather,-0.010112530341634167,-0.01030172761090804
joint_month_level_ridge,4,19-20,100000000.0,temperature_mar,weather,-0.012417972681367942,-0.010542831304505172
joint_month_level_ridge,4,19-20,100000000.0,temperature_apr,weather,-0.017418943127421628,-0.01667531358936171
joint_month_level_ridge,4,20-21,100000000.0,intercept,intercept,174419989.33333334,174419990.2776949
joint_month_level_ridge,4,20-21,100000000.0,block_fe_2,block_fixed_effect,-16223260.533333302,-16223260.533333302
joint_month_level_ridge,4,20-21,100000000.0,block_fe_3,block_fixed_effect,-162541522.79999995,-162541522.79999995
joint_month_level_ridge,4,20-21,100000000.0,rainfall_sep,weather,0.03639279170615781,0.0008402226033546935
joint_month_level_ridge,4,20-21,100000000.0,rainfall_oct,weather,-0.014074107405057152,-0.0003618448083369381
joint_month_level_ridge,4,20-21,100000000.0,rainfall_nov,weather,0.02892134591447599,0.0006027161728555386
joint_month_level_ridge,4,20-21,100000000.0,rainfall_dec,weather,0.023810825968149704,0.00046954040212346843
joint_month_level_ridge,4,20-21,100000000.0,rainfall_jan,weather,-0.0032324768475133644,-4.8026962731983364e-05
joint_month_level_ridge,4,20-21,100000000.0,rainfall_feb,weather,0.02321824479519431,0.0005460376099051029
joint_month_level_ridge,4,20-21,100000000.0,rainfall_mar,weather,0.0035720892602137573,9.895905630115764e-05
joint_month_level_ridge,4,20-21,100000000.0,rainfall_apr,weather,0.02161935659161003,0.000828083357523931
joint_month_level_ridge,4,20-21,100000000.0,temperature_sep,weather,-0.026427021362881664,-0.01616628726030599
joint_month_level_ridge,4,20-21,100000000.0,temperature_oct,weather,0.01816008844752435,0.013648221039829366
joint_month_level_ridge,4,20-21,100000000.0,temperature_nov,weather,-0.0019382530988117483,-0.0019979769874245296
joint_month_level_ridge,4,20-21,100000000.0,temperature_dec,weather,-0.0058611134801462355,-0.006115749794397287
joint_month_level_ridge,4,20-21,100000000.0,temperature_jan,weather,-0.010684816644293035,-0.009322684902978967
joint_month_level_ridge,4,20-21,100000000.0,temperature_feb,weather,-0.007989225668052064,-0.008364647539619012
joint_month_level_ridge,4,20-21,100000000.0,temperature_mar,weather,-0.010543844260865784,-0.009097887269843712
joint_month_level_ridge,4,20-21,100000000.0,temperature_apr,weather,-0.01583675655006202,-0.01496697210160217
joint_month_level_ridge,4,21-22,100000000.0,intercept,intercept,175838730.5333333,175838730.32764837
joint_month_level_ridge,4,21-22,100000000.0,block_fe_2,block_fixed_effect,-15343682.13333325,-15343682.13333325
joint_month_level_ridge,4,21-22,100000000.0,block_fe_3,block_fixed_effect,-163822710.73333323,-163822710.73333323
joint_month_level_ridge,4,21-22,100000000.0,rainfall_sep,weather,0.02591355117611864,0.0006206459067685202
joint_month_level_ridge,4,21-22,100000000.0,rainfall_oct,weather,-0.02812453582202749,-0.0006918611027779853
joint_month_level_ridge,4,21-22,100000000.0,rainfall_nov,weather,0.013310350900795416,0.000304452956662662
joint_month_level_ridge,4,21-22,100000000.0,rainfall_dec,weather,0.020122105689687295,0.0003965516045523091
joint_month_level_ridge,4,21-22,100000000.0,rainfall_jan,weather,-0.015597128110588705,-0.00024046669152344568
joint_month_level_ridge,4,21-22,100000000.0,rainfall_feb,weather,0.015893455808235712,0.0003307289861682611
joint_month_level_ridge,4,21-22,100000000.0,rainfall_mar,weather,-0.009650107709441465,-0.00026347094770061256
joint_month_level_ridge,4,21-22,100000000.0,rainfall_apr,weather,0.0020864989062511392,8.049182966824175e-05
joint_month_level_ridge,4,21-22,100000000.0,temperature_sep,weather,-0.010970317239618523,-0.007041744931016857
joint_month_level_ridge,4,21-22,100000000.0,temperature_oct,weather,0.03627096999119862,0.027092125512837694
joint_month_level_ridge,4,21-22,100000000.0,temperature_nov,weather,0.00800383344173238,0.00799373253619146
joint_month_level_ridge,4,21-22,100000000.0,temperature_dec,weather,0.0018169159789778475,0.0019311104335806484
joint_month_level_ridge,4,21-22,100000000.0,temperature_jan,weather,-0.0018868451445926218,-0.0016748803163955898
joint_month_level_ridge,4,21-22,100000000.0,temperature_feb,weather,-0.005422547781293479,-0.0055365010480704375
joint_month_level_ridge,4,21-22,100000000.0,temperature_mar,weather,-0.0021337327412352743,-0.0018645255888720502
joint_month_level_ridge,4,21-22,100000000.0,temperature_apr,weather,-0.01670168641124594,-0.015545591760921554
joint_month_level_ridge,4,22-23,100000000.0,intercept,intercept,176796348.93333334,176796349.98464426
joint_month_level_ridge,4,22-23,100000000.0,block_fe_2,block_fixed_effect,-17968899.933333293,-17968899.933333293
joint_month_level_ridge,4,22-23,100000000.0,block_fe_3,block_fixed_effect,-165125038.7333333,-165125038.7333333
joint_month_level_ridge,4,22-23,100000000.0,rainfall_sep,weather,0.030603591951365135,0.0007255086376825085
joint_month_level_ridge,4,22-23,100000000.0,rainfall_oct,weather,-0.007068176943733575,-0.00018157594900520228
joint_month_level_ridge,4,22-23,100000000.0,rainfall_nov,weather,0.024167356523710846,0.0005141495648427352
joint_month_level_ridge,4,22-23,100000000.0,rainfall_dec,weather,0.01903910513760952,0.00037866222732672275
joint_month_level_ridge,4,22-23,100000000.0,rainfall_jan,weather,0.0029737103471846466,4.548519526173303e-05
joint_month_level_ridge,4,22-23,100000000.0,rainfall_feb,weather,0.020409208456532837,0.00042020665019217837
joint_month_level_ridge,4,22-23,100000000.0,rainfall_mar,weather,0.0016865619966511423,4.475533322159481e-05
joint_month_level_ridge,4,22-23,100000000.0,rainfall_apr,weather,0.011134047783644633,0.0004106746028528066
joint_month_level_ridge,4,22-23,100000000.0,temperature_sep,weather,-0.016584683867862333,-0.010557541137265786
joint_month_level_ridge,4,22-23,100000000.0,temperature_oct,weather,0.015826766083370133,0.011340559885697786
joint_month_level_ridge,4,22-23,100000000.0,temperature_nov,weather,0.002845649217784367,0.0028091576095972412
joint_month_level_ridge,4,22-23,100000000.0,temperature_dec,weather,-0.009917703688684543,-0.010430596755776875
joint_month_level_ridge,4,22-23,100000000.0,temperature_jan,weather,-0.011831645151401046,-0.010321948261073398
joint_month_level_ridge,4,22-23,100000000.0,temperature_feb,weather,-0.014726151562866201,-0.015121607987835812
joint_month_level_ridge,4,22-23,100000000.0,temperature_mar,weather,-0.010218710381853022,-0.008679194418550999
joint_month_level_ridge,4,22-23,100000000.0,temperature_apr,weather,-0.01477901667685287,-0.013818354681055337
joint_month_level_ridge,4,23-24,0.0001,intercept,intercept,175602042.06666678,228837423.1809943
joint_month_level_ridge,4,23-24,0.0001,block_fe_2,block_fixed_effect,-19332205.3333333,-19332205.3333333
joint_month_level_ridge,4,23-24,0.0001,block_fe_3,block_fixed_effect,-165051740.06666666,-165051740.06666666
joint_month_level_ridge,4,23-24,0.0001,rainfall_sep,weather,1295150.396540801,30851.987198727365
joint_month_level_ridge,4,23-24,0.0001,rainfall_oct,weather,-2194343.603271945,-52259.67233457988
joint_month_level_ridge,4,23-24,0.0001,rainfall_nov,weather,9513844.831556344,203344.29115402076
joint_month_level_ridge,4,23-24,0.0001,rainfall_dec,weather,-6491235.477832364,-131140.0343484401
joint_month_level_ridge,4,23-24,0.0001,rainfall_jan,weather,-4217655.689792467,-62662.68071200504
joint_month_level_ridge,4,23-24,0.0001,rainfall_feb,weather,-6118200.602559553,-126590.08758423288
joint_month_level_ridge,4,23-24,0.0001,rainfall_mar,weather,715563.1483641487,18971.06898627223
joint_month_level_ridge,4,23-24,0.0001,rainfall_apr,weather,5817551.891838258,214609.6726876159
joint_month_level_ridge,4,23-24,0.0001,temperature_sep,weather,261477.1927876104,167187.94362378886
joint_month_level_ridge,4,23-24,0.0001,temperature_oct,weather,1380178.1985425802,976071.5113699953
joint_month_level_ridge,4,23-24,0.0001,temperature_nov,weather,9502995.917631462,10044087.481431758
joint_month_level_ridge,4,23-24,0.0001,temperature_dec,weather,-968295.0134414106,-1042870.6673697166
joint_month_level_ridge,4,23-24,0.0001,temperature_jan,weather,-4066976.037283933,-3683277.9730620226
joint_month_level_ridge,4,23-24,0.0001,temperature_feb,weather,-3513113.1472609653,-3700308.672244381
joint_month_level_ridge,4,23-24,0.0001,temperature_mar,weather,-5076957.627660957,-4313200.745644479
joint_month_level_ridge,4,23-24,0.0001,temperature_apr,weather,-28158.49279360345,-27112.807613356836
joint_month_level_ridge,4,24-25,1.7782794100389228,intercept,intercept,174516844.8,247911126.99749509
joint_month_level_ridge,4,24-25,1.7782794100389228,block_fe_2,block_fixed_effect,-16152054.533333316,-16152054.533333316
joint_month_level_ridge,4,24-25,1.7782794100389228,block_fe_3,block_fixed_effect,-162966090.4,-162966090.4
joint_month_level_ridge,4,24-25,1.7782794100389228,rainfall_sep,weather,831227.9281713092,19386.74852370236
joint_month_level_ridge,4,24-25,1.7782794100389228,rainfall_oct,weather,-679517.3444577289,-17511.769054744414
joint_month_level_ridge,4,24-25,1.7782794100389228,rainfall_nov,weather,984713.5511736388,20999.69680514489
joint_month_level_ridge,4,24-25,1.7782794100389228,rainfall_dec,weather,537836.3967228058,12058.009743642851
joint_month_level_ridge,4,24-25,1.7782794100389228,rainfall_jan,weather,-556203.5934139236,-8601.67617086049
joint_month_level_ridge,4,24-25,1.7782794100389228,rainfall_feb,weather,517153.5382957645,10687.938600275504
joint_month_level_ridge,4,24-25,1.7782794100389228,rainfall_mar,weather,-472905.2951050498,-12574.23021551975
joint_month_level_ridge,4,24-25,1.7782794100389228,rainfall_apr,weather,692014.331862783,25231.520959832207
joint_month_level_ridge,4,24-25,1.7782794100389228,temperature_sep,weather,-909797.005475395,-605534.8144720248
joint_month_level_ridge,4,24-25,1.7782794100389228,temperature_oct,weather,810325.8537431882,601024.963462257
joint_month_level_ridge,4,24-25,1.7782794100389228,temperature_nov,weather,-364393.4109811811,-500352.4655351223
joint_month_level_ridge,4,24-25,1.7782794100389228,temperature_dec,weather,-681789.0271467036,-1284766.6666946893
joint_month_level_ridge,4,24-25,1.7782794100389228,temperature_jan,weather,-255973.26101849182,-253333.82598799464
joint_month_level_ridge,4,24-25,1.7782794100389228,temperature_feb,weather,-271798.73462479963,-326764.03757301153
joint_month_level_ridge,4,24-25,1.7782794100389228,temperature_mar,weather,-215378.9512793298,-215099.6297939133
joint_month_level_ridge,4,24-25,1.7782794100389228,temperature_apr,weather,-572591.2232887469,-655718.6951722404
joint_month_level_ridge,4,25-26,100000000.0,intercept,intercept,176117515.0,176117516.19830135
joint_month_level_ridge,4,25-26,100000000.0,block_fe_2,block_fixed_effect,-18456908.99999994,-18456908.99999994
joint_month_level_ridge,4,25-26,100000000.0,block_fe_3,block_fixed_effect,-164628821.33333328,-164628821.33333328
joint_month_level_ridge,4,25-26,100000000.0,rainfall_sep,weather,0.0374229564589021,0.0008983304770855481
joint_month_level_ridge,4,25-26,100000000.0,rainfall_oct,weather,-0.01681176637886192,-0.00040027311794402383
joint_month_level_ridge,4,25-26,100000000.0,rainfall_nov,weather,0.030329176390824716,0.000654104159551837
joint_month_level_ridge,4,25-26,100000000.0,rainfall_dec,weather,0.022983669933096584,0.0004521748149099094
joint_month_level_ridge,4,25-26,100000000.0,rainfall_jan,weather,-0.004122001435382001,-6.535741055994007e-05
joint_month_level_ridge,4,25-26,100000000.0,rainfall_feb,weather,0.026536245416626837,0.000570388978077459
joint_month_level_ridge,4,25-26,100000000.0,rainfall_mar,weather,0.0004335896074458623,1.3254505893679496e-05
joint_month_level_ridge,4,25-26,100000000.0,rainfall_apr,weather,0.016890455500390963,0.0006079759746694657
joint_month_level_ridge,4,25-26,100000000.0,temperature_sep,weather,-0.026501256766771137,-0.017430667448733263
joint_month_level_ridge,4,25-26,100000000.0,temperature_oct,weather,0.021010485645100167,0.015128340847755516
joint_month_level_ridge,4,25-26,100000000.0,temperature_nov,weather,0.0011024315461644573,0.0010865449559454509
joint_month_level_ridge,4,25-26,100000000.0,temperature_dec,weather,-0.006265406993871135,-0.006537312351189352
joint_month_level_ridge,4,25-26,100000000.0,temperature_jan,weather,-0.010230296524580991,-0.009205738427615783
joint_month_level_ridge,4,25-26,100000000.0,temperature_feb,weather,-0.011074121360877253,-0.012290483805550931
joint_month_level_ridge,4,25-26,100000000.0,temperature_mar,weather,-0.014881239775943854,-0.015494106781628117
joint_month_level_ridge,4,25-26,100000000.0,temperature_apr,weather,-0.018258216615764402,-0.01799045643749509
joint_month_level_ridge,5,10-11,100000000.0,intercept,intercept,227418894.1999999,227418895.01089388
joint_month_level_ridge,5,10-11,100000000.0,block_fe_2,block_fixed_effect,-114177065.39999996,-114177065.39999996
joint_month_level_ridge,5,10-11,100000000.0,rainfall_sep,weather,0.04987274894754486,0.0013731628166246
joint_month_level_ridge,5,10-11,100000000.0,rainfall_oct,weather,-0.023303217066004186,-0.00056328139209578
joint_month_level_ridge,5,10-11,100000000.0,rainfall_nov,weather,0.03347860236643716,0.0007258307927108364
joint_month_level_ridge,5,10-11,100000000.0,rainfall_dec,weather,0.030479983316559836,0.000782484199286933
joint_month_level_ridge,5,10-11,100000000.0,rainfall_jan,weather,-0.010209696510117355,-0.00016187159582282037
joint_month_level_ridge,5,10-11,100000000.0,rainfall_feb,weather,0.035528271125938135,0.0007196553627249981
joint_month_level_ridge,5,10-11,100000000.0,rainfall_mar,weather,-0.004711725187191701,-0.00012510987083463575
joint_month_level_ridge,5,10-11,100000000.0,rainfall_apr,weather,0.023400392234075303,0.0008487384490877674
joint_month_level_ridge,5,10-11,100000000.0,temperature_sep,weather,-0.03212011623682098,-0.01985713517557579
joint_month_level_ridge,5,10-11,100000000.0,temperature_oct,weather,0.03503306683693897,0.026116923326547723
joint_month_level_ridge,5,10-11,100000000.0,temperature_nov,weather,0.0016995198156589501,0.0017001486639407646
joint_month_level_ridge,5,10-11,100000000.0,temperature_dec,weather,-0.00026580025236864737,-0.0002943556792657442
joint_month_level_ridge,5,10-11,100000000.0,temperature_jan,weather,-0.014372860235245862,-0.012724453044618089
joint_month_level_ridge,5,10-11,100000000.0,temperature_feb,weather,-0.011951485688135125,-0.012126224481330376
joint_month_level_ridge,5,10-11,100000000.0,temperature_mar,weather,-0.012683115814962686,-0.010835293916905759
joint_month_level_ridge,5,10-11,100000000.0,temperature_apr,weather,-0.02143548348084384,-0.021279872712058365
joint_month_level_ridge,5,11-12,17.78279410038923,intercept,intercept,229445440.73333326,237895173.39245787
joint_month_level_ridge,5,11-12,17.78279410038923,block_fe_2,block_fixed_effect,-114807670.99999997,-114807670.99999997
joint_month_level_ridge,5,11-12,17.78279410038923,rainfall_sep,weather,290805.6680833927,6810.119110937564
joint_month_level_ridge,5,11-12,17.78279410038923,rainfall_oct,weather,-109217.50428477622,-2607.7849461300634
joint_month_level_ridge,5,11-12,17.78279410038923,rainfall_nov,weather,118953.83087980984,2545.5583812470354
joint_month_level_ridge,5,11-12,17.78279410038923,rainfall_dec,weather,175360.2724393782,3465.344787710681
joint_month_level_ridge,5,11-12,17.78279410038923,rainfall_jan,weather,60267.43371534793,966.0408540404762
joint_month_level_ridge,5,11-12,17.78279410038923,rainfall_feb,weather,258569.59315888272,5527.7173529313
joint_month_level_ridge,5,11-12,17.78279410038923,rainfall_mar,weather,137394.59795018434,4470.210005192647
joint_month_level_ridge,5,11-12,17.78279410038923,rainfall_apr,weather,185581.9201611514,6808.996162885191
joint_month_level_ridge,5,11-12,17.78279410038923,temperature_sep,weather,-188005.9548152048,-114176.15296589368
joint_month_level_ridge,5,11-12,17.78279410038923,temperature_oct,weather,52456.275894815415,40592.59873920635
joint_month_level_ridge,5,11-12,17.78279410038923,temperature_nov,weather,24583.649285709165,24310.291513393095
joint_month_level_ridge,5,11-12,17.78279410038923,temperature_dec,weather,-13964.265719709956,-14595.431012809446
joint_month_level_ridge,5,11-12,17.78279410038923,temperature_jan,weather,-83651.16080233944,-73054.9732237061
joint_month_level_ridge,5,11-12,17.78279410038923,temperature_feb,weather,-62729.11232592958,-64087.40617255232
joint_month_level_ridge,5,11-12,17.78279410038923,temperature_mar,weather,-157092.62489943954,-145156.89510900047
joint_month_level_ridge,5,11-12,17.78279410038923,temperature_apr,weather,-139779.14330578098,-131562.06724859765
joint_month_level_ridge,5,12-13,100000000.0,intercept,intercept,231380654.0666666,231380655.82990006
joint_month_level_ridge,5,12-13,100000000.0,block_fe_2,block_fixed_effect,-120416341.93333331,-120416341.93333331
joint_month_level_ridge,5,12-13,100000000.0,rainfall_sep,weather,0.04889810852465509,0.0011880691634480833
joint_month_level_ridge,5,12-13,100000000.0,rainfall_oct,weather,-0.016527532312658768,-0.0004054980786039462
joint_month_level_ridge,5,12-13,100000000.0,rainfall_nov,weather,0.035716392328950054,0.0007473228218371573
joint_month_level_ridge,5,12-13,100000000.0,rainfall_dec,weather,0.033149188653269414,0.0006557263854949341
joint_month_level_ridge,5,12-13,100000000.0,rainfall_jan,weather,-0.0007463706213102808,-1.1220756973391214e-05
joint_month_level_ridge,5,12-13,100000000.0,rainfall_feb,weather,0.031324351186281435,0.0006682720617794697
joint_month_level_ridge,5,12-13,100000000.0,rainfall_mar,weather,-0.011188885524756647,-0.0003246478756939297
joint_month_level_ridge,5,12-13,100000000.0,rainfall_apr,weather,0.03250185559679362,0.0012380665247394087
joint_month_level_ridge,5,12-13,100000000.0,temperature_sep,weather,-0.04035037993750665,-0.02511476485456512
joint_month_level_ridge,5,12-13,100000000.0,temperature_oct,weather,0.024492566375274753,0.017669948230905973
joint_month_level_ridge,5,12-13,100000000.0,temperature_nov,weather,-0.0014171787251173603,-0.0015085256924292979
joint_month_level_ridge,5,12-13,100000000.0,temperature_dec,weather,-0.007418329781572272,-0.00775597504783738
joint_month_level_ridge,5,12-13,100000000.0,temperature_jan,weather,-0.0264746931547909,-0.025368033214111952
joint_month_level_ridge,5,12-13,100000000.0,temperature_feb,weather,-0.012725363639058039,-0.012904045376893249
joint_month_level_ridge,5,12-13,100000000.0,temperature_mar,weather,-0.01426222949820271,-0.012088440672398856
joint_month_level_ridge,5,12-13,100000000.0,temperature_apr,weather,-0.023410850749867925,-0.022286433242871693
joint_month_level_ridge,5,13-14,100000000.0,intercept,intercept,228799553.5333333,228799554.42307398
joint_month_level_ridge,5,13-14,100000000.0,block_fe_2,block_fixed_effect,-117679825.39999999,-117679825.39999999
joint_month_level_ridge,5,13-14,100000000.0,rainfall_sep,weather,0.05080037451784889,0.0011724890307781865
joint_month_level_ridge,5,13-14,100000000.0,rainfall_oct,weather,-0.010089484176863873,-0.0002533546641445101
joint_month_level_ridge,5,13-14,100000000.0,rainfall_nov,weather,0.04139657915223772,0.0008689051176377068
joint_month_level_ridge,5,13-14,100000000.0,rainfall_dec,weather,0.02689729400277278,0.0005494294845800774
joint_month_level_ridge,5,13-14,100000000.0,rainfall_jan,weather,-0.0041336993686970375,-6.134975528138687e-05
joint_month_level_ridge,5,13-14,100000000.0,rainfall_feb,weather,0.03180752518776932,0.0006467223656601083
joint_month_level_ridge,5,13-14,100000000.0,rainfall_mar,weather,-0.009806169237772973,-0.00026439772929769416
joint_month_level_ridge,5,13-14,100000000.0,rainfall_apr,weather,0.01763514326849296,0.0006568702592011519
joint_month_level_ridge,5,13-14,100000000.0,temperature_sep,weather,-0.0325445302037606,-0.019709899785264978
joint_month_level_ridge,5,13-14,100000000.0,temperature_oct,weather,0.019849995214086407,0.014447519798009009
joint_month_level_ridge,5,13-14,100000000.0,temperature_nov,weather,0.002163128263709977,0.002137818094819237
joint_month_level_ridge,5,13-14,100000000.0,temperature_dec,weather,-0.012848470169644178,-0.013662369539116585
joint_month_level_ridge,5,13-14,100000000.0,temperature_jan,weather,-0.008437372118971498,-0.007662358168049716
joint_month_level_ridge,5,13-14,100000000.0,temperature_feb,weather,-0.005967325768172128,-0.006184668636103194
joint_month_level_ridge,5,13-14,100000000.0,temperature_mar,weather,-0.008267808828025943,-0.007160943087794138
joint_month_level_ridge,5,13-14,100000000.0,temperature_apr,weather,-0.013191090487113765,-0.013699476172738288
joint_month_level_ridge,5,14-15,100000000.0,intercept,intercept,228465679.93333328,228465681.151895
joint_month_level_ridge,5,14-15,100000000.0,block_fe_2,block_fixed_effect,-114970524.46666665,-114970524.46666665
joint_month_level_ridge,5,14-15,100000000.0,rainfall_sep,weather,0.05224188017602311,0.0012090931547621335
joint_month_level_ridge,5,14-15,100000000.0,rainfall_oct,weather,-0.020368988946764678,-0.00048564720032399754
joint_month_level_ridge,5,14-15,100000000.0,rainfall_nov,weather,0.03629566171770994,0.0007625861063063544
joint_month_level_ridge,5,14-15,100000000.0,rainfall_dec,weather,0.033728203311754634,0.0006892147650294194
joint_month_level_ridge,5,14-15,100000000.0,rainfall_jan,weather,-0.006775849695308043,-0.00010780017713458638
joint_month_level_ridge,5,14-15,100000000.0,rainfall_feb,weather,0.03376804194703831,0.0007026265746119758
joint_month_level_ridge,5,14-15,100000000.0,rainfall_mar,weather,-0.00415526085086962,-0.00011030927230143246
joint_month_level_ridge,5,14-15,100000000.0,rainfall_apr,weather,0.02552735020445066,0.0009185128943184696
joint_month_level_ridge,5,14-15,100000000.0,temperature_sep,weather,-0.03849466284078564,-0.02398908764018463
joint_month_level_ridge,5,14-15,100000000.0,temperature_oct,weather,0.026086427987245454,0.01961349970666117
joint_month_level_ridge,5,14-15,100000000.0,temperature_nov,weather,0.004494344183866671,0.004429716291772322
joint_month_level_ridge,5,14-15,100000000.0,temperature_dec,weather,-0.005281188519109696,-0.005543975555910466
joint_month_level_ridge,5,14-15,100000000.0,temperature_jan,weather,-0.01571486324553444,-0.014191201620600396
joint_month_level_ridge,5,14-15,100000000.0,temperature_feb,weather,-0.009832478129342775,-0.011253658427558714
joint_month_level_ridge,5,14-15,100000000.0,temperature_mar,weather,-0.014689989520069245,-0.012444890547243122
joint_month_level_ridge,5,14-15,100000000.0,temperature_apr,weather,-0.025533797327650386,-0.02388955323541668
joint_month_level_ridge,5,15-16,100000000.0,intercept,intercept,229137967.59999996,229137968.81356448
joint_month_level_ridge,5,15-16,100000000.0,block_fe_2,block_fixed_effect,-117584221.93333331,-117584221.93333331
joint_month_level_ridge,5,15-16,100000000.0,rainfall_sep,weather,0.04965846547044982,0.001155588333403838
joint_month_level_ridge,5,15-16,100000000.0,rainfall_oct,weather,-0.01347711853992815,-0.0003631353849360479
joint_month_level_ridge,5,15-16,100000000.0,rainfall_nov,weather,0.03503289000436878,0.0007369285525879147
joint_month_level_ridge,5,15-16,100000000.0,rainfall_dec,weather,0.03489819269428338,0.000686114820539762
joint_month_level_ridge,5,15-16,100000000.0,rainfall_jan,weather,0.0011493220232385419,1.765660514853177e-05
joint_month_level_ridge,5,15-16,100000000.0,rainfall_feb,weather,0.032539272018817865,0.0006664729796771806
joint_month_level_ridge,5,15-16,100000000.0,rainfall_mar,weather,-0.008303761637029242,-0.00022752437311081484
joint_month_level_ridge,5,15-16,100000000.0,rainfall_apr,weather,0.02791866606555132,0.001013210453408765
joint_month_level_ridge,5,15-16,100000000.0,temperature_sep,weather,-0.03636620296448714,-0.02198944942427713
joint_month_level_ridge,5,15-16,100000000.0,temperature_oct,weather,0.025287996969790876,0.017983561357287507
joint_month_level_ridge,5,15-16,100000000.0,temperature_nov,weather,0.00564247534390817,0.005566271360967525
joint_month_level_ridge,5,15-16,100000000.0,temperature_dec,weather,-0.0038286939590954742,-0.004032748584673926
joint_month_level_ridge,5,15-16,100000000.0,temperature_jan,weather,-0.022775519249408824,-0.020578735353976422
joint_month_level_ridge,5,15-16,100000000.0,temperature_feb,weather,-0.010223348683046148,-0.010474781288922931
joint_month_level_ridge,5,15-16,100000000.0,temperature_mar,weather,-0.01109012713454598,-0.009681257234215321
joint_month_level_ridge,5,15-16,100000000.0,temperature_apr,weather,-0.025737158263056874,-0.023964213580731232
joint_month_level_ridge,5,16-17,100000000.0,intercept,intercept,227858045.59999993,227858046.8546153
joint_month_level_ridge,5,16-17,100000000.0,block_fe_2,block_fixed_effect,-115335484.33333331,-115335484.33333331
joint_month_level_ridge,5,16-17,100000000.0,rainfall_sep,weather,0.04587448515475958,0.001190242021654183
joint_month_level_ridge,5,16-17,100000000.0,rainfall_oct,weather,-0.01808241971292189,-0.00043192945148537264
joint_month_level_ridge,5,16-17,100000000.0,rainfall_nov,weather,0.028919252687998512,0.0007405708973561031
joint_month_level_ridge,5,16-17,100000000.0,rainfall_dec,weather,0.029903147167634342,0.0006065456834755533
joint_month_level_ridge,5,16-17,100000000.0,rainfall_jan,weather,-0.009816850804621205,-0.00015100999299363696
joint_month_level_ridge,5,16-17,100000000.0,rainfall_feb,weather,0.0291856130860595,0.0006184462473875681
joint_month_level_ridge,5,16-17,100000000.0,rainfall_mar,weather,-0.00806598142650853,-0.00021742564415911202
joint_month_level_ridge,5,16-17,100000000.0,rainfall_apr,weather,0.03470858926651876,0.0013178990262953413
joint_month_level_ridge,5,16-17,100000000.0,temperature_sep,weather,-0.03620498497491245,-0.021866164862921814
joint_month_level_ridge,5,16-17,100000000.0,temperature_oct,weather,0.02249760331893066,0.01631315983457792
joint_month_level_ridge,5,16-17,100000000.0,temperature_nov,weather,0.0038591777904872786,0.0038046820377113737
joint_month_level_ridge,5,16-17,100000000.0,temperature_dec,weather,-0.0032310544265222872,-0.0033972716102307204
joint_month_level_ridge,5,16-17,100000000.0,temperature_jan,weather,-0.013167766884512423,-0.011675109796531606
joint_month_level_ridge,5,16-17,100000000.0,temperature_feb,weather,-0.012462040892967674,-0.012636536554411106
joint_month_level_ridge,5,16-17,100000000.0,temperature_mar,weather,-0.012029633588216383,-0.010271468852952582
joint_month_level_ridge,5,16-17,100000000.0,temperature_apr,weather,-0.02946291042523958,-0.027645985788929166
joint_month_level_ridge,5,17-18,100000000.0,intercept,intercept,228402331.8666666,228402332.88666257
joint_month_level_ridge,5,17-18,100000000.0,block_fe_2,block_fixed_effect,-115801615.26666665,-115801615.26666665
joint_month_level_ridge,5,17-18,100000000.0,rainfall_sep,weather,0.0558053871166924,0.0013282278763584489
joint_month_level_ridge,5,17-18,100000000.0,rainfall_oct,weather,-0.020014520826821865,-0.00047655251057204703
joint_month_level_ridge,5,17-18,100000000.0,rainfall_nov,weather,0.03943689129104339,0.0008331631688197528
joint_month_level_ridge,5,17-18,100000000.0,rainfall_dec,weather,0.03596981637396588,0.0007106497056047502
joint_month_level_ridge,5,17-18,100000000.0,rainfall_jan,weather,-0.0068794365940761945,-0.00010697461462895533
joint_month_level_ridge,5,17-18,100000000.0,rainfall_feb,weather,0.039029584652876155,0.0008190479913954241
joint_month_level_ridge,5,17-18,100000000.0,rainfall_mar,weather,-0.004049613674137954,-0.00010741150646317404
joint_month_level_ridge,5,17-18,100000000.0,rainfall_apr,weather,0.023021633337442202,0.000917139460879332
joint_month_level_ridge,5,17-18,100000000.0,temperature_sep,weather,-0.03361807251355654,-0.021990302160688018
joint_month_level_ridge,5,17-18,100000000.0,temperature_oct,weather,0.029925047802097333,0.02147314332512572
joint_month_level_ridge,5,17-18,100000000.0,temperature_nov,weather,0.006415435724418185,0.006390058098422834
joint_month_level_ridge,5,17-18,100000000.0,temperature_dec,weather,-0.0051782852956226404,-0.005424990739423071
joint_month_level_ridge,5,17-18,100000000.0,temperature_jan,weather,-0.01570356426453966,-0.013883862333587581
joint_month_level_ridge,5,17-18,100000000.0,temperature_feb,weather,-0.011952022928542194,-0.01214010824529021
joint_month_level_ridge,5,17-18,100000000.0,temperature_mar,weather,-0.013400949610647828,-0.011483789040570049
joint_month_level_ridge,5,17-18,100000000.0,temperature_apr,weather,-0.02466435628851143,-0.023362951589817722
joint_month_level_ridge,5,18-19,100000000.0,intercept,intercept,228028374.6,228028376.24394977
joint_month_level_ridge,5,18-19,100000000.0,block_fe_2,block_fixed_effect,-113703571.13333333,-113703571.13333333
joint_month_level_ridge,5,18-19,100000000.0,rainfall_sep,weather,0.04901197537693562,0.0011643075137256524
joint_month_level_ridge,5,18-19,100000000.0,rainfall_oct,weather,-0.018506668543016944,-0.0004424613966092355
joint_month_level_ridge,5,18-19,100000000.0,rainfall_nov,weather,0.04373979238459565,0.0009530459741576274
joint_month_level_ridge,5,18-19,100000000.0,rainfall_dec,weather,0.03544744749380581,0.0006975251001280781
joint_month_level_ridge,5,18-19,100000000.0,rainfall_jan,weather,-0.002265130235274461,-3.367929910045779e-05
joint_month_level_ridge,5,18-19,100000000.0,rainfall_feb,weather,0.03413751451648266,0.0006914956630362572
joint_month_level_ridge,5,18-19,100000000.0,rainfall_mar,weather,-0.0010623570568479707,-2.8559688328432882e-05
joint_month_level_ridge,5,18-19,100000000.0,rainfall_apr,weather,0.02145877405348417,0.0008131871732168484
joint_month_level_ridge,5,18-19,100000000.0,temperature_sep,weather,-0.03445207611803832,-0.02081389840073946
joint_month_level_ridge,5,18-19,100000000.0,temperature_oct,weather,0.029314149876311184,0.020785907612197018
joint_month_level_ridge,5,18-19,100000000.0,temperature_nov,weather,0.0005355348678051007,0.0005466441354442065
joint_month_level_ridge,5,18-19,100000000.0,temperature_dec,weather,-0.008493037239650458,-0.008938516206720632
joint_month_level_ridge,5,18-19,100000000.0,temperature_jan,weather,-0.020731404676357788,-0.018366032003617448
joint_month_level_ridge,5,18-19,100000000.0,temperature_feb,weather,-0.0197699640510711,-0.021509766319149685
joint_month_level_ridge,5,18-19,100000000.0,temperature_mar,weather,-0.013281286268254538,-0.011309843357860854
joint_month_level_ridge,5,18-19,100000000.0,temperature_apr,weather,-0.02817805960580123,-0.026381168548371636
joint_month_level_ridge,5,19-20,100000000.0,intercept,intercept,228120524.5333332,228120525.81392074
joint_month_level_ridge,5,19-20,100000000.0,block_fe_2,block_fixed_effect,-114504791.66666658,-114504791.66666658
joint_month_level_ridge,5,19-20,100000000.0,rainfall_sep,weather,0.05207326727573365,0.0012074366586010607
joint_month_level_ridge,5,19-20,100000000.0,rainfall_oct,weather,-0.019925144850070693,-0.0005119528925352923
joint_month_level_ridge,5,19-20,100000000.0,rainfall_nov,weather,0.03883727033672735,0.0008288794215097169
joint_month_level_ridge,5,19-20,100000000.0,rainfall_dec,weather,0.03519768737461209,0.0007255798777289087
joint_month_level_ridge,5,19-20,100000000.0,rainfall_jan,weather,-0.004475051260620506,-6.879625701097742e-05
joint_month_level_ridge,5,19-20,100000000.0,rainfall_feb,weather,0.03712120188427903,0.0007792412211822671
joint_month_level_ridge,5,19-20,100000000.0,rainfall_mar,weather,-0.0034544806741841293,-9.183013845563994e-05
joint_month_level_ridge,5,19-20,100000000.0,rainfall_apr,weather,0.027290296022190685,0.0010146365365175554
joint_month_level_ridge,5,19-20,100000000.0,temperature_sep,weather,-0.03638831503656778,-0.022286261802322713
joint_month_level_ridge,5,19-20,100000000.0,temperature_oct,weather,0.02709399591833555,0.019380221189846187
joint_month_level_ridge,5,19-20,100000000.0,temperature_nov,weather,0.00400142297647608,0.004041850905453318
joint_month_level_ridge,5,19-20,100000000.0,temperature_dec,weather,-0.005841357353303113,-0.006124618070264155
joint_month_level_ridge,5,19-20,100000000.0,temperature_jan,weather,-0.017063226364779745,-0.015752880436555337
joint_month_level_ridge,5,19-20,100000000.0,temperature_feb,weather,-0.012256112871643176,-0.01248541483751026
joint_month_level_ridge,5,19-20,100000000.0,temperature_mar,weather,-0.015206817326177784,-0.012910554231518722
joint_month_level_ridge,5,19-20,100000000.0,temperature_apr,weather,-0.026082382050797038,-0.024968902916382554
joint_month_level_ridge,5,20-21,100000000.0,intercept,intercept,226955863.79999995,226955865.03455994
joint_month_level_ridge,5,20-21,100000000.0,block_fe_2,block_fixed_effect,-113251019.86666664,-113251019.86666664
joint_month_level_ridge,5,20-21,100000000.0,rainfall_sep,weather,0.052045484911614544,0.0012016058888358087
joint_month_level_ridge,5,20-21,100000000.0,rainfall_oct,weather,-0.014280814454337196,-0.00036715923933252335
joint_month_level_ridge,5,20-21,100000000.0,rainfall_nov,weather,0.036535994387242074,0.0007614042158918995
joint_month_level_ridge,5,20-21,100000000.0,rainfall_dec,weather,0.036208986662123195,0.0007140273999969012
joint_month_level_ridge,5,20-21,100000000.0,rainfall_jan,weather,-0.0023828705824137097,-3.540382253464836e-05
joint_month_level_ridge,5,20-21,100000000.0,rainfall_feb,weather,0.02994035361442857,0.0007041255388400416
joint_month_level_ridge,5,20-21,100000000.0,rainfall_mar,weather,0.001470776197337805,4.0745517235491685e-05
joint_month_level_ridge,5,20-21,100000000.0,rainfall_apr,weather,0.033548090950392205,0.0012849880927307518
joint_month_level_ridge,5,20-21,100000000.0,temperature_sep,weather,-0.0386279535246043,-0.023630002957261337
joint_month_level_ridge,5,20-21,100000000.0,temperature_oct,weather,0.022610862722618082,0.016993202055775168
joint_month_level_ridge,5,20-21,100000000.0,temperature_nov,weather,-0.0004807041095068115,-0.0004955161682154969
joint_month_level_ridge,5,20-21,100000000.0,temperature_dec,weather,-0.005520694107221224,-0.005760540887928025
joint_month_level_ridge,5,20-21,100000000.0,temperature_jan,weather,-0.018630509694394042,-0.016255437715489467
joint_month_level_ridge,5,20-21,100000000.0,temperature_feb,weather,-0.008426212750079065,-0.008822169090817561
joint_month_level_ridge,5,20-21,100000000.0,temperature_mar,weather,-0.011728540823992833,-0.010120117446393774
joint_month_level_ridge,5,20-21,100000000.0,temperature_apr,weather,-0.023533605849163627,-0.0222410959643851
joint_month_level_ridge,5,21-22,100000000.0,intercept,intercept,228456354.9999999,228456354.64879224
joint_month_level_ridge,5,21-22,100000000.0,block_fe_2,block_fixed_effect,-112505834.66666663,-112505834.66666663
joint_month_level_ridge,5,21-22,100000000.0,rainfall_sep,weather,0.03748825628426272,0.0008978673998243515
joint_month_level_ridge,5,21-22,100000000.0,rainfall_oct,weather,-0.03543535860288387,-0.0008717066989288084
joint_month_level_ridge,5,21-22,100000000.0,rainfall_nov,weather,0.014740568216832488,0.0003371668868800541
joint_month_level_ridge,5,21-22,100000000.0,rainfall_dec,weather,0.030804449017171526,0.0006070713410162496
joint_month_level_ridge,5,21-22,100000000.0,rainfall_jan,weather,-0.019616298173088607,-0.00030243172256934076
joint_month_level_ridge,5,21-22,100000000.0,rainfall_feb,weather,0.022073757423115986,0.00045933568517479516
joint_month_level_ridge,5,21-22,100000000.0,rainfall_mar,weather,-0.017913803033812552,-0.0004890895318839788
joint_month_level_ridge,5,21-22,100000000.0,rainfall_apr,weather,0.005146729082283468,0.00019854773918097802
joint_month_level_ridge,5,21-22,100000000.0,temperature_sep,weather,-0.01668228544810474,-0.010708204368760146
joint_month_level_ridge,5,21-22,100000000.0,temperature_oct,weather,0.049089265912597574,0.03666658360004915
joint_month_level_ridge,5,21-22,100000000.0,temperature_nov,weather,0.014347847900516958,0.014329740795038853
joint_month_level_ridge,5,21-22,100000000.0,temperature_dec,weather,0.004991823915116157,0.005305563579500966
joint_month_level_ridge,5,21-22,100000000.0,temperature_jan,weather,-0.00625853063449949,-0.005555458432464615
joint_month_level_ridge,5,21-22,100000000.0,temperature_feb,weather,-0.005906013323234968,-0.006030126477965036
joint_month_level_ridge,5,21-22,100000000.0,temperature_mar,weather,-0.0008211686825102402,-0.0007175641033817116
joint_month_level_ridge,5,21-22,100000000.0,temperature_apr,weather,-0.02537405687362214,-0.023617658706017404
joint_month_level_ridge,5,22-23,100000000.0,intercept,intercept,229637541.19999996,229637542.58946902
joint_month_level_ridge,5,22-23,100000000.0,block_fe_2,block_fixed_effect,-115767126.80000001,-115767126.80000001
joint_month_level_ridge,5,22-23,100000000.0,rainfall_sep,weather,0.04361159582895192,0.0010338848304900262
joint_month_level_ridge,5,22-23,100000000.0,rainfall_oct,weather,-0.00556598745601585,-0.00014298587351766
joint_month_level_ridge,5,22-23,100000000.0,rainfall_nov,weather,0.029706554941852693,0.0006319935025307905
joint_month_level_ridge,5,22-23,100000000.0,rainfall_dec,weather,0.029108933540528004,0.0005789375881846628
joint_month_level_ridge,5,22-23,100000000.0,rainfall_jan,weather,0.006419895095758226,9.8197251210719e-05
joint_month_level_ridge,5,22-23,100000000.0,rainfall_feb,weather,0.028043380640928445,0.0005773871664002113
joint_month_level_ridge,5,22-23,100000000.0,rainfall_mar,weather,-0.002044207416072751,-5.424596561647499e-05
joint_month_level_ridge,5,22-23,100000000.0,rainfall_apr,weather,0.0172284247847824,0.0006354630987540035
joint_month_level_ridge,5,22-23,100000000.0,temperature_sep,weather,-0.023940438095040324,-0.015240095141176267
joint_month_level_ridge,5,22-23,100000000.0,temperature_oct,weather,0.020588677285381714,0.01475267445618673
joint_month_level_ridge,5,22-23,100000000.0,temperature_nov,weather,0.007270342279654487,0.007177109958468388
joint_month_level_ridge,5,22-23,100000000.0,temperature_dec,weather,-0.011457299026252298,-0.01204981211422377
joint_month_level_ridge,5,22-23,100000000.0,temperature_jan,weather,-0.02004841788357238,-0.017490275398101173
joint_month_level_ridge,5,22-23,100000000.0,temperature_feb,weather,-0.018998479991502594,-0.01950866562589749
joint_month_level_ridge,5,22-23,100000000.0,temperature_mar,weather,-0.011950185124465378,-0.010149811097210415
joint_month_level_ridge,5,22-23,100000000.0,temperature_apr,weather,-0.022583422216285818,-0.02111546017709179
joint_month_level_ridge,5,23-24,0.0001,intercept,intercept,227914503.06666672,298771622.3206167
joint_month_level_ridge,5,23-24,0.0001,block_fe_2,block_fixed_effect,-117065228.73333327,-117065228.73333327
joint_month_level_ridge,5,23-24,0.0001,rainfall_sep,weather,1339872.514287834,31917.320003254652
joint_month_level_ridge,5,23-24,0.0001,rainfall_oct,weather,-2620057.0177104836,-62398.304914190565
joint_month_level_ridge,5,23-24,0.0001,rainfall_nov,weather,13068509.944118027,279319.9740037418
joint_month_level_ridge,5,23-24,0.0001,rainfall_dec,weather,-8456912.921521127,-170851.89018291354
joint_month_level_ridge,5,23-24,0.0001,rainfall_jan,weather,-6222415.839234026,-92447.8633793909
joint_month_level_ridge,5,23-24,0.0001,rainfall_feb,weather,-6723821.473617384,-139120.83054123516
joint_month_level_ridge,5,23-24,0.0001,rainfall_mar,weather,166453.74551276118,4413.035378310165
joint_month_level_ridge,5,23-24,0.0001,rainfall_apr,weather,7514629.701718578,277214.92659429775
joint_month_level_ridge,5,23-24,0.0001,temperature_sep,weather,374160.5452900837,239237.43208845047
joint_month_level_ridge,5,23-24,0.0001,temperature_oct,weather,549884.0686478809,388881.79405397316
joint_month_level_ridge,5,23-24,0.0001,temperature_nov,weather,13341751.102823436,14101417.74170592
joint_month_level_ridge,5,23-24,0.0001,temperature_dec,weather,-240730.58425981668,-259271.0502257764
joint_month_level_ridge,5,23-24,0.0001,temperature_jan,weather,-6971961.40472429,-6314193.060308589
joint_month_level_ridge,5,23-24,0.0001,temperature_feb,weather,-3825156.9231759533,-4028979.6377777155
joint_month_level_ridge,5,23-24,0.0001,temperature_mar,weather,-5988365.623512445,-5087500.224898573
joint_month_level_ridge,5,23-24,0.0001,temperature_apr,weather,-1347489.3429722153,-1297449.3906631777
joint_month_level_ridge,5,24-25,1.7782794100389228,intercept,intercept,227216858.19999996,326820293.50677
joint_month_level_ridge,5,24-25,1.7782794100389228,block_fe_2,block_fixed_effect,-113755919.0,-113755919.0
joint_month_level_ridge,5,24-25,1.7782794100389228,rainfall_sep,weather,1215872.966218368,28357.833794999242
joint_month_level_ridge,5,24-25,1.7782794100389228,rainfall_oct,weather,-830926.974221651,-21413.730484744527
joint_month_level_ridge,5,24-25,1.7782794100389228,rainfall_nov,weather,1256312.0246694563,26791.721896456573
joint_month_level_ridge,5,24-25,1.7782794100389228,rainfall_dec,weather,878977.9872028704,19706.225162002647
joint_month_level_ridge,5,24-25,1.7782794100389228,rainfall_jan,weather,-728261.6010120962,-11262.549422108143
joint_month_level_ridge,5,24-25,1.7782794100389228,rainfall_feb,weather,781426.2191135659,16149.624496535376
joint_month_level_ridge,5,24-25,1.7782794100389228,rainfall_mar,weather,-851727.780018433,-22646.86248549256
joint_month_level_ridge,5,24-25,1.7782794100389228,rainfall_apr,weather,1000971.2411043374,36496.39275841078
joint_month_level_ridge,5,24-25,1.7782794100389228,temperature_sep,weather,-1320729.4253553702,-879039.6569094189
joint_month_level_ridge,5,24-25,1.7782794100389228,temperature_oct,weather,1069278.0573392063,793091.8190189757
joint_month_level_ridge,5,24-25,1.7782794100389228,temperature_nov,weather,-400846.27925971797,-550406.2864038397
joint_month_level_ridge,5,24-25,1.7782794100389228,temperature_dec,weather,-854191.4244287157,-1609642.6099364746
joint_month_level_ridge,5,24-25,1.7782794100389228,temperature_jan,weather,-511071.47526065825,-505801.6281308309
joint_month_level_ridge,5,24-25,1.7782794100389228,temperature_feb,weather,-330676.3390192223,-397548.33964530163
joint_month_level_ridge,5,24-25,1.7782794100389228,temperature_mar,weather,-223765.18682980916,-223474.98937087203
joint_month_level_ridge,5,24-25,1.7782794100389228,temperature_apr,weather,-925375.7482528107,-1059719.6630140762
joint_month_level_ridge,5,25-26,100000000.0,intercept,intercept,228400326.0666666,228400327.6396242
joint_month_level_ridge,5,25-26,100000000.0,block_fe_2,block_fixed_effect,-115228905.39999998,-115228905.39999998
joint_month_level_ridge,5,25-26,100000000.0,rainfall_sep,weather,0.05336717861562094,0.001281068295048512
joint_month_level_ridge,5,25-26,100000000.0,rainfall_oct,weather,-0.01990157400905213,-0.00047383867352648217
joint_month_level_ridge,5,25-26,100000000.0,rainfall_nov,weather,0.03852623662383118,0.0008308887555268377
joint_month_level_ridge,5,25-26,100000000.0,rainfall_dec,weather,0.03476249874710818,0.0006839084655555623
joint_month_level_ridge,5,25-26,100000000.0,rainfall_jan,weather,-0.0037462177702932797,-5.9399079961094344e-05
joint_month_level_ridge,5,25-26,100000000.0,rainfall_feb,weather,0.036743067039464734,0.0007897816790215652
joint_month_level_ridge,5,25-26,100000000.0,rainfall_mar,weather,-0.004599136879001479,-0.00014059213094994477
joint_month_level_ridge,5,25-26,100000000.0,rainfall_apr,weather,0.025473286185911808,0.0009169170124840911
joint_month_level_ridge,5,25-26,100000000.0,temperature_sep,weather,-0.038134851457835885,-0.02508242985675452
joint_month_level_ridge,5,25-26,100000000.0,temperature_oct,weather,0.028053710752011636,0.020199728148585228
joint_month_level_ridge,5,25-26,100000000.0,temperature_nov,weather,0.004764512335153374,0.004695853328319501
joint_month_level_ridge,5,25-26,100000000.0,temperature_dec,weather,-0.006236873039833734,-0.006507540084145975
joint_month_level_ridge,5,25-26,100000000.0,temperature_jan,weather,-0.01780895561653792,-0.01602539933040522
joint_month_level_ridge,5,25-26,100000000.0,temperature_feb,weather,-0.013518051916213606,-0.015002851489940579
joint_month_level_ridge,5,25-26,100000000.0,temperature_mar,weather,-0.017937783504085623,-0.01867653080137284
joint_month_level_ridge,5,25-26,100000000.0,temperature_apr,weather,-0.02760900951715119,-0.027204118203518254
