horizon,outer_held_out_season,alpha,inner_rmse,inner_mae,inner_r_squared,selected_alpha
1,10-11,0.0001,7636539.244598441,6057424.68976156,0.8713876119689281,False
1,10-11,0.00017782794100389227,7634124.692158784,6055141.315903052,0.8714689295006588,False
1,10-11,0.00031622776601683794,7629855.463476866,6051097.824513504,0.8716126460686189,False
1,10-11,0.0005623413251903491,7622340.085441257,6043960.50791433,0.871865443596205,False
1,10-11,0.001,7609211.893627375,6031433.2683942225,0.8723064437049907,False
1,10-11,0.0017782794100389228,7586582.929731741,6009660.814189393,0.8730648077191885,False
1,10-11,0.0031622776601683794,7548450.547511765,5972449.34978645,0.8743376275985141,False
1,10-11,0.005623413251903491,7486534.478321787,5910847.59291114,0.87639066094274,False
1,10-11,0.01,7391624.585194514,5813535.56579882,0.879504888246637,False
1,10-11,0.01778279410038923,7257582.957421617,5668538.851714272,0.8838354421756429,False
1,10-11,0.03162277660168379,7086850.525767567,5470266.518843953,0.8892366271769004,False
1,10-11,0.05623413251903491,6892511.558528822,5231166.876528898,0.8952281452063297,False
1,10-11,0.1,6693847.149082798,4984927.520969494,0.9011808284520921,False
1,10-11,0.1778279410038923,6509862.55078132,4767153.643510517,0.9065383886855595,False
1,10-11,0.31622776601683794,6355192.974772544,4580291.010758851,0.9109267884814845,False
1,10-11,0.5623413251903491,6237218.429119168,4421045.129500801,0.9142031124851427,False
1,10-11,1.0,6154636.32841087,4291018.385766432,0.9164600101484882,False
1,10-11,1.7782794100389228,6100233.859578426,4214217.508443977,0.9179303473658732,False
1,10-11,3.1622776601683795,6066040.985625265,4175025.498080272,0.9188477983160751,False
1,10-11,5.623413251903491,6045877.528842486,4153437.5542795486,0.9193863998120095,False
1,10-11,10.0,6034963.094221556,4141233.1732761674,0.9196771955418311,False
1,10-11,17.78279410038923,6029506.059512719,4140895.310918642,0.9198223915109001,False
1,10-11,31.622776601683793,6026896.371996418,4143400.534539534,0.9198917813483589,False
1,10-11,56.23413251903491,6025651.534393543,4146342.901728834,0.9199248701616084,False
1,10-11,100.0,6025041.627588637,4148128.4576206855,0.9199410794942068,False
1,10-11,177.82794100389228,6024731.47940674,4149166.0284887585,0.9199493215914702,False
1,10-11,316.22776601683796,6024568.3226670325,4149760.595216095,0.9199536572638215,False
1,10-11,562.341325190349,6024480.297576926,4150098.5498903473,0.9199559963642115,False
1,10-11,1000.0,6024432.006085962,4150289.753410992,0.9199572796047882,False
1,10-11,1778.2794100389228,6024405.237600127,4150397.644308804,0.9199579909142245,False
1,10-11,3162.2776601683795,6024390.308221947,4150458.433159199,0.9199583876258984,False
1,10-11,5623.413251903491,6024381.952097314,4150492.6544500906,0.9199586096690234,False
1,10-11,10000.0,6024377.265557364,4150511.9102806305,0.9199587342019733,False
1,10-11,17782.794100389227,6024374.634066416,4150522.7423597137,0.9199588041271493,False
1,10-11,31622.776601683792,6024373.155518578,4150528.8348654723,0.9199588434157824,False
1,10-11,56234.13251903491,6024372.324464948,4150532.2613064996,0.9199588654989063,False
1,10-11,100000.0,6024371.8572540665,4150534.1882539443,0.9199588779138387,False
1,10-11,177827.94100389228,6024371.594561589,4150535.2718934603,0.919958884894218,False
1,10-11,316227.7660168379,6024371.446851246,4150535.881280549,0.9199588888192416,False
1,10-11,562341.3251903491,6024371.363791567,4150536.223967823,0.9199588910263394,False
1,10-11,1000000.0,6024371.317084928,4150536.416676222,0.9199588922674486,False
1,10-11,1778279.410038923,6024371.290820249,4150536.5250444915,0.919958892965365,False
1,10-11,3162277.6601683795,6024371.276050659,4150536.5859845644,0.9199588933578291,False
1,10-11,5623413.251903491,6024371.267745148,4150536.6202537245,0.9199588935785268,False
1,10-11,10000000.0,6024371.26307463,4150536.6395247024,0.9199588937026337,False
1,10-11,17782794.100389227,6024371.260448208,4150536.6503615724,0.9199588937724242,False
1,10-11,31622776.60168379,6024371.258971263,4150536.656455592,0.9199588938116702,False
1,10-11,56234132.51903491,6024371.258140716,4150536.6598825124,0.9199588938337399,False
1,10-11,100000000.0,6024371.257673666,4150536.661809611,0.9199588938461505,True
1,11-12,0.0001,6473463.695188185,4872690.429830727,0.9070345067801779,False
1,11-12,0.00017782794100389227,6472823.913016901,4872054.039363648,0.9070528817116748,False
1,11-12,0.00031622776601683794,6471690.645159146,4870925.224360022,0.9070854253933995,False
1,11-12,0.0005623413251903491,6469689.3040924715,4868926.876199343,0.9071428833317864,False
1,11-12,0.001,6466173.701253097,4865401.384671366,0.907243772271646,False
1,11-12,0.0017782794100389228,6460055.235825448,4859219.210238776,0.9074192260391375,False
1,11-12,0.0031622776601683794,6449576.080135155,4848491.316878658,0.9077193415741621,False
1,11-12,0.005623413251903491,6432106.469103754,4830598.196978923,0.9082185755937239,False
1,11-12,0.01,6404230.676101331,4801317.726842899,0.9090123858220105,False
1,11-12,0.01778279410038923,6362618.066953294,4755314.488721817,0.9101909602252453,False
1,11-12,0.03162277660168379,6305960.903559273,4689792.807456306,0.9117832828818541,False
1,11-12,0.05623413251903491,6236874.81872171,4605735.411333948,0.9137056426114325,False
1,11-12,0.1,6161425.597995002,4508332.441281131,0.9157808679340045,False
1,11-12,0.1778279410038923,6086468.463392077,4405741.710455979,0.9178175476679017,False
1,11-12,0.31622776601683794,6018212.056830638,4312315.427689343,0.9196504743633058,False
1,11-12,0.5623413251903491,5962024.377430567,4236090.869480145,0.9211438010598332,False
1,11-12,1.0,5921170.701809863,4173735.950433861,0.9222207936301825,False
1,11-12,1.7782794100389228,5896250.700068227,4134789.362089622,0.92287410337339,False
1,11-12,3.1622776601683795,5885996.608062522,4112970.4874691037,0.9231421273759504,True
1,11-12,5.623413251903491,5887171.3493804205,4097112.653933936,0.9231114453574072,False
1,11-12,10.0,5894644.44131616,4087598.588675054,0.9229161189790644,False
1,11-12,17.78279410038923,5903471.023376828,4088166.05100539,0.922685096867151,False
1,11-12,31.622776601683793,5910837.266072996,4093343.822512242,0.9224920322593091,False
1,11-12,56.23413251903491,5916014.407570145,4098267.919245637,0.9223561985597194,False
1,11-12,100.0,5919319.603851917,4101265.6732542594,0.9222694172662961,False
1,11-12,177.82794100389228,5921317.075155907,4103083.1690921453,0.9222169481259805,False
1,11-12,316.22776601683796,5922487.063712296,4104175.3270834186,0.9221862069005908,False
1,11-12,562.341325190349,5923160.308647762,4104828.0125297667,0.9221685147657948,False
1,11-12,1000.0,5923543.842835281,4105197.4518307247,0.9221584350109516,False
1,11-12,1778.2794100389228,5923761.100257805,4105405.9704238707,0.9221527249264626,False
1,11-12,3162.2776601683795,5923883.776038896,4105523.4729244146,0.92214950059854,False
1,11-12,5623.413251903491,5923952.9213245325,4105589.626761211,0.92214768320082,False
1,11-12,10000.0,5923991.855156574,4105626.8522860897,0.9221466598641976,False
1,11-12,17782.794100389227,5924013.7652725605,4105647.793487538,0.9221460839758748,False
1,11-12,31622.776601683792,5924026.091303323,4105659.5720425723,0.9221457599959517,False
1,11-12,56234.13251903491,5924033.024342738,4105666.196386435,0.9221455777662241,False
1,11-12,100000.0,5924036.9235843085,4105669.9217740484,0.9221454752774978,False
1,11-12,177827.94100389228,5924039.116449324,4105672.0167910345,0.9221454176396076,False
1,11-12,316227.7660168379,5924040.349638653,4105673.1949301986,0.9221453852260977,False
1,11-12,562341.3251903491,5924041.043128009,4105673.857454295,0.9221453669982171,False
1,11-12,1000000.0,5924041.433110805,4105674.2300214265,0.9221453567477924,False
1,11-12,1778279.410038923,5924041.652415852,4105674.439532097,0.9221453509835125,False
1,11-12,3162277.6601683795,5924041.775740648,4105674.5573488516,0.9221453477420063,False
1,11-12,5623413.251903491,5924041.845091439,4105674.6236021593,0.9221453459191692,False
1,11-12,10000000.0,5924041.884090304,4105674.6608591545,0.9221453448941112,False
1,11-12,17782794.100389227,5924041.906020994,4105674.681810313,0.9221453443176783,False
1,11-12,31622776.60168379,5924041.9183535315,4105674.6935920147,0.9221453439935261,False
1,11-12,56234132.51903491,5924041.92528863,4105674.700217354,0.9221453438112419,False
1,11-12,100000000.0,5924041.929188523,4105674.703943058,0.9221453437087359,False
1,12-13,0.0001,6881074.383956942,5424878.8442493165,0.89574035074662,False
1,12-13,0.00017782794100389227,6879674.638250349,5423567.8408449,0.8957827633540254,False
1,12-13,0.00031622776601683794,6877196.583338946,5421245.290697016,0.8958578278118267,False
1,12-13,0.0005623413251903491,6872824.500235441,5417142.591099649,0.8959901996277897,False
1,12-13,0.001,6865156.589130066,5409931.865414214,0.8962221546275282,False
1,12-13,0.0017782794100389228,6851845.446545881,5397368.569021186,0.8966242029857312,False
1,12-13,0.0031622776601683794,6829131.739409883,5375798.606338039,0.8973084436724961,False
1,12-13,0.005623413251903491,6791432.9693456385,5339638.098486922,0.8984390881079138,False
1,12-13,0.01,6731437.224700951,5282003.9502914855,0.9002255472242476,False
1,12-13,0.01778279410038923,6641386.898821588,5193920.689514686,0.9028771726587032,False
1,12-13,0.03162277660168379,6515878.050881994,5068493.497318049,0.9065133387941899,False
1,12-13,0.05623413251903491,6355513.860289679,4907156.2342771,0.9110583678611394,False
1,12-13,0.1,6170235.933250211,4714541.296214433,0.9161684886964743,False
1,12-13,0.1778279410038923,5980339.175853061,4516946.57812488,0.9212491253583466,False
1,12-13,0.31622776601683794,5810997.695348841,4329194.764902047,0.9256458589738483,False
1,12-13,0.5623413251903491,5680288.753024265,4156049.5205105655,0.9289531903081798,False
1,12-13,1.0,5591152.601338379,4019289.8661371004,0.9311654550119877,False
1,12-13,1.7782794100389228,5535092.903577565,3929938.9275246323,0.9325388743087006,False
1,12-13,3.1622776601683795,5501327.141418596,3877810.6100107827,0.9333594308894014,False
1,12-13,5.623413251903491,5481831.215131638,3851349.258061037,0.9338309234817713,False
1,12-13,10.0,5471279.893791142,3836199.0936716055,0.934085400224546,False
1,12-13,17.78279410038923,5465949.964966375,3830719.7071001534,0.9342137610506289,False
1,12-13,31.622776601683793,5463369.740763834,3828834.98883291,0.9342758557214619,False
1,12-13,56.23413251903491,5462126.093385773,3828654.8236849373,0.934305774383555,False
1,12-13,100.0,5461512.06653436,3828742.5700940485,0.9343205436329335,False
1,12-13,177.82794100389228,5461198.187756827,3828911.270703733,0.9343280927493058,False
1,12-13,316.22776601683796,5461032.516716732,3829008.8513940806,0.9343320771379979,False
1,12-13,562.341325190349,5460942.953053923,3829064.6069016405,0.934334231093849,False
1,12-13,1000.0,5460893.758355755,3829096.2437640973,0.9343354141837141,False
1,12-13,1778.2794100389228,5460866.470212915,3829114.1248376584,0.9343360704353094,False
1,12-13,3162.2776601683795,5460851.244945904,3829124.2088202224,0.9343364365857993,False
1,12-13,5623.413251903491,5460842.721281159,3829129.8885665443,0.9343366415698718,False
1,12-13,10000.0,5460837.940164593,3829133.0854067854,0.9343367565499398,False
1,12-13,17782.794100389227,5460835.255375163,3829134.8840350285,0.9343368211158325,False
1,12-13,31622.776601683792,5460833.746819342,3829135.895766832,0.9343368573947358,False
1,12-13,56234.13251903491,5460832.898879593,3829136.4647967923,0.9343368777866345,False
1,12-13,100000.0,5460832.422169351,3829136.78481475,0.934336889250923,False
1,12-13,177827.94100389228,5460832.154133852,3829136.9647832103,0.9343368956968429,False
1,12-13,316227.7660168379,5460832.003418547,3829137.065989802,0.9343368993213581,False
1,12-13,562341.3251903491,5460831.918668942,3829137.1229033642,0.9343369013594804,False
1,12-13,1000000.0,5460831.871011948,3829137.1549085006,0.9343369025055717,False
1,12-13,1778279.410038923,5460831.844212836,3829137.172906403,0.9343369031500569,False
1,12-13,3162277.6601683795,5460831.829142709,3829137.1830273974,0.9343369035124746,False
1,12-13,5623413.251903491,5460831.820668192,3829137.188718858,0.9343369037162762,False
1,12-13,10000000.0,5460831.815902633,3829137.1919194064,0.934336903830882,False
1,12-13,17782794.100389227,5460831.813222767,3829137.193719207,0.9343369038953293,False
1,12-13,31622776.60168379,5460831.811715767,3829137.1947313095,0.9343369039315709,False
1,12-13,56234132.51903491,5460831.81086832,3829137.195300457,0.9343369039519509,False
1,12-13,100000000.0,5460831.810391766,3829137.195620513,0.9343369039634114,True
1,13-14,0.0001,7136428.850137268,5527473.087702187,0.8882201170963965,False
1,13-14,0.00017782794100389227,7135231.440972247,5526309.446156066,0.888257624659394,False
1,13-14,0.00031622776601683794,7133110.621450312,5524246.5701902965,0.8883240416195667,False
1,13-14,0.0005623413251903491,7129365.838994492,5520598.279203905,0.8884412674462075,False
1,13-14,0.001,7122789.236113862,5514173.144702515,0.8886469909570767,False
1,13-14,0.0017782794100389228,7111347.298857799,5502940.083744057,0.8890044550790905,False
1,13-14,0.0031622776601683794,7091756.962011604,5483546.241288764,0.8896151537129137,False
1,13-14,0.005623413251903491,7059093.100521453,5450757.954667151,0.8906296531829248,False
1,13-14,0.01,7006861.955740956,5397156.8442877345,0.8922421562147355,False
1,13-14,0.01778279410038923,6928303.889219422,5317495.33091397,0.8946448847021745,False
1,13-14,0.03162277660168379,6819351.90748753,5202483.904288914,0.8979323831310354,False
1,13-14,0.05623413251903491,6682075.974315794,5054180.587731648,0.9020003356520004,False
1,13-14,0.1,6526324.972176789,4875344.252888515,0.9065155966919252,False
1,13-14,0.1778279410038923,6368502.399994013,4685642.208781501,0.9109822929363262,False
1,13-14,0.31622776601683794,6227101.60255926,4509615.607195651,0.9148913555493426,False
1,13-14,0.5623413251903491,6115431.599651141,4352862.741798398,0.9179164755116219,False
1,13-14,1.0,6036469.183596146,4227074.471827511,0.9200225145297583,False
1,13-14,1.7782794100389228,5984848.263386198,4153813.9006661987,0.9213845222763263,False
1,13-14,3.1622776601683795,5952869.527167567,4107485.0651349924,0.9222224071967139,False
1,13-14,5.623413251903491,5934135.956233946,4074671.938343818,0.9227111662354198,False
1,13-14,10.0,5923883.128504568,4055327.013829859,0.922978010317134,False
1,13-14,17.78279410038923,5918602.318573886,4048402.7809896045,0.9231152706873647,False
1,13-14,31.622776601683793,5915965.133194111,4045466.03315892,0.9231837713572373,False
1,13-14,56.23413251903491,5914644.954365967,4044553.566369593,0.9232180514252267,False
1,13-14,100.0,5913968.835771753,4044118.0796709107,0.9232356047141683,False
1,13-14,177.82794100389228,5913612.852933559,4043923.928813699,0.9232448458805038,False
1,13-14,316.22776601683796,5913420.990402337,4043815.2726419964,0.9232498263212686,False
1,13-14,562.341325190349,5913315.855911982,4043754.347534871,0.9232525553739362,False
1,13-14,1000.0,5913257.629932096,4043720.144828476,0.9232540667672984,False
1,13-14,1778.2794100389228,5913225.174498958,4043700.929956919,0.9232549092185579,False
1,13-14,3162.2776601683795,5913207.0151329385,4043690.130630432,0.9232553805823273,False
1,13-14,5623.413251903491,5913196.832495737,4043684.05962936,0.9232556448930277,False
1,13-14,10000.0,5913191.115612675,4043680.6462596604,0.9232557932859542,False
1,13-14,17782.794100389227,5913187.903697709,4043678.726972558,0.9232558766574518,False
1,13-14,31622.776601683792,5913186.098430819,4043677.647738811,0.9232559235166438,False
1,13-14,56234.13251903491,5913185.083547493,4043677.0408602823,0.9232559498598961,False
1,13-14,100000.0,5913184.512929289,4043676.6995934816,0.9232559646713893,False
1,13-14,177827.94100389228,5913184.19207639,4043676.507686979,0.9232559729997427,False
1,13-14,316227.7660168379,5913184.0116568105,4043676.39977063,0.9232559776828795,False
1,13-14,562341.3251903491,5913183.910202355,4043676.339085,0.9232559803163246,False
1,13-14,1000000.0,5913183.853151249,4043676.304959023,0.9232559817971956,False
1,13-14,1778279.410038923,5913183.821069347,4043676.285768595,0.9232559826299429,False
1,13-14,3162277.6601683795,5913183.803028461,4043676.274977031,0.9232559830982288,False
1,13-14,5623413.251903491,5913183.792883354,4043676.26890849,0.9232559833615644,False
1,13-14,10000000.0,5913183.787178351,4043676.265495899,0.9232559835096488,False
1,13-14,17782794.100389227,5913183.783970194,4043676.2635768577,0.9232559835929226,False
1,13-14,31622776.60168379,5913183.782166117,4043676.2624977017,0.9232559836397509,False
1,13-14,56234132.51903491,5913183.781151609,4043676.2618908486,0.9232559836660844,False
1,13-14,100000000.0,5913183.78058111,4043676.26154959,0.9232559836808928,True
1,14-15,0.0001,7294147.193779671,5647807.960963979,0.8826072935784774,False
1,14-15,0.00017782794100389227,7292781.862246508,5646496.393731522,0.8826512370193864,False
1,14-15,0.00031622776601683794,7290364.912206078,5644171.774071349,0.8827290068206961,False
1,14-15,0.0005623413251903491,7286101.24715681,5640062.125843362,0.8828661352170902,False
1,14-15,0.001,7278625.631777509,5632829.275155225,0.8831063730286447,False
1,14-15,0.0017782794100389228,7265656.1905674115,5620198.704550556,0.8835225764205352,False
1,14-15,0.0031622776601683794,7243555.323842279,5598435.393956019,0.8842301069541558,False
1,14-15,0.005623413251903491,7206985.215534899,5561763.430359285,0.8853961173121313,False
1,14-15,0.01,7149174.66607147,5502131.181787689,0.8872273243662525,False
1,14-15,0.01778279410038923,7063569.129100246,5410168.438146274,0.889911876561282,False
1,14-15,0.03162277660168379,6947009.357411643,5284676.234024941,0.8935151467165692,False
1,14-15,0.05623413251903491,6802872.714677653,5126641.037589335,0.8978880054210614,False
1,14-15,0.1,6642132.545475298,4947834.116790975,0.9026564579859194,False
1,14-15,0.1778279410038923,6481802.463938473,4763610.161765494,0.9072991636743809,False
1,14-15,0.31622776601683794,6340323.481257539,4586448.606724814,0.9113017806770674,False
1,14-15,0.5623413251903491,6230311.867209866,4436455.510354074,0.9143531012285676,False
1,14-15,1.0,6153706.965246229,4318308.7677810155,0.916446298857058,False
1,14-15,1.7782794100389228,6104335.082379603,4242367.237612364,0.9177816419545359,False
1,14-15,3.1622776601683795,6074282.226472468,4199131.72288792,0.918589203818878,False
1,14-15,5.623413251903491,6057246.46966034,4172410.010835591,0.9190452082163643,False
1,14-15,10.0,6048478.846756377,4158307.484579071,0.9192793962753313,False
1,14-15,17.78279410038923,6044388.292689063,4154862.578270589,0.9193885411855478,False
1,14-15,31.622776601683793,6042606.592050618,4154161.110040804,0.9194360577620757,False
1,14-15,56.23413251903491,6041848.560690127,4155022.8150530504,0.9194562696237166,False
1,14-15,100.0,6041519.686648765,4155648.4895130596,0.9194650378081299,False
1,14-15,177.82794100389228,6041370.006966294,4156016.5848488733,0.9194690282935933,False
1,14-15,316.22776601683796,6041297.884076643,4156228.9800780653,0.9194709510666431,False
1,14-15,562.341325190349,6041261.307907214,4156350.175191019,0.9194719261667881,False
1,14-15,1000.0,6041242.030454473,4156418.8926243237,0.9194724400904811,False
1,14-15,1778.2794100389228,6041231.603927614,4156457.715380932,0.919472718053866,False
1,14-15,3162.2776601683795,6041225.872614884,4156479.604266355,0.9194728708461598,False
1,14-15,5623.413251903491,6041222.691575096,4156491.9314457127,0.9194729556501184,False
1,14-15,10000.0,6041220.916032725,4156498.8692783355,0.9194730029846285,False
1,14-15,17782.794100389227,6041219.921779775,4156502.7725283704,0.9194730294905944,False
1,14-15,31622.776601683792,6041219.364001964,4156504.9680630076,0.9194730443604902,False
1,14-15,56234.13251903491,6041219.050761765,4156506.2028850173,0.9194730527112145,False
1,14-15,100000.0,6041218.874747118,4156506.8973340695,0.9194730574036192,False
1,14-15,177827.94100389228,6041218.775808957,4156507.2878696932,0.9194730600412284,False
1,14-15,316227.7660168379,6041218.7201852705,4156507.5074897734,0.9194730615241098,False
1,14-15,562341.3251903491,6041218.688909989,4156507.630993043,0.9194730623578828,False
1,14-15,1000000.0,6041218.671323938,4156507.700444611,0.9194730628267123,False
1,14-15,1778279.410038923,6041218.661434996,4156507.7395002795,0.9194730630903433,False
1,14-15,3162277.6601683795,6041218.655874169,4156507.761462955,0.9194730632385903,False
1,14-15,5623413.251903491,6041218.652747129,4156507.7738134926,0.9194730633219547,False
1,14-15,10000000.0,6041218.650988677,4156507.780758715,0.9194730633688335,False
1,14-15,17782794.100389227,6041218.649999833,4156507.7846643035,0.9194730633951953,False
1,14-15,31622776.60168379,6041218.649443763,4156507.786860576,0.9194730634100196,False
1,14-15,56234132.51903491,6041218.649131065,4156507.788095634,0.9194730634183559,False
1,14-15,100000000.0,6041218.648955223,4156507.788790158,0.9194730634230437,True
1,15-16,0.0001,6972946.763166135,5245908.132683835,0.894573897037928,False
1,15-16,0.00017782794100389227,6971884.825556434,5244980.38099457,0.8946060061081607,False
1,15-16,0.00031622776601683794,6970003.825158706,5243335.400842219,0.8946628686083838,False
1,15-16,0.0005623413251903491,6966682.107845051,5240425.274296808,0.8947632464002357,False
1,15-16,0.001,6960847.287874851,5235297.264874693,0.8949394509015851,False
1,15-16,0.0017782794100389228,6950692.228506648,5226322.742184558,0.8952457693226459,False
1,15-16,0.0031622776601683794,6933294.393650362,5210798.740573204,0.8957695202982795,False
1,15-16,0.005623413251903491,6904256.101156222,5184459.770624292,0.8966407762311035,False
1,15-16,0.01,6857747.2598618185,5141119.566648201,0.8980285946071623,False
1,15-16,0.01778279410038923,6787638.020449434,5072979.598139257,0.9001029182267692,False
1,15-16,0.03162277660168379,6690143.122434072,4973269.265427978,0.9029520710427204,False
1,15-16,0.05623413251903491,6566965.214656415,4842270.03739196,0.906492835872906,False
1,15-16,0.1,6426817.24526901,4686881.60352547,0.9104413878161155,False
1,15-16,0.1778279410038923,6284293.986601799,4521298.602469997,0.9143695075487841,False
1,15-16,0.31622776601683794,6155808.952236492,4356887.635250346,0.9178352155849994,False
1,15-16,0.5623413251903491,6053138.32512207,4210541.634901973,0.9205531557233618,False
1,15-16,1.0,5979032.055665849,4100522.8388658273,0.9224865230668029,False
1,15-16,1.7782794100389228,5929083.416206167,4019259.7038605716,0.9237762036302005,False
1,15-16,3.1622776601683795,5896962.5638449425,3973984.260130437,0.924599852446765,False
1,15-16,5.623413251903491,5877431.94939347,3946507.7925395477,0.9250984727337486,False
1,15-16,10.0,5866406.157977002,3929041.543214495,0.925379232765187,False
1,15-16,17.78279410038923,5860596.815069536,3919105.423753843,0.9255269494328526,False
1,15-16,31.622776601683793,5857651.001059665,3914322.664461159,0.9256017979939455,False
1,15-16,56.23413251903491,5856161.859909922,3912107.6610184815,0.9256396204389918,False
1,15-16,100.0,5855394.610746099,3911374.72995283,0.9256591039174165,False
1,15-16,177.82794100389228,5854989.189053954,3910990.4419319085,0.925669398140258,False
1,15-16,316.22776601683796,5854770.2184598865,3910887.704068739,0.9256749578129282,False
1,15-16,562.341325190349,5854650.083104095,3910829.8945140354,0.9256780079663742,False
1,15-16,1000.0,5854583.502871606,3910827.5605917433,0.9256796983653909,False
1,15-16,1778.2794100389228,5854546.376043456,3910844.1534535545,0.9256806409664543,False
1,15-16,3162.2776601683795,5854525.598302078,3910853.517167504,0.9256811684832189,False
1,15-16,5623.413251903491,5854513.945972412,3910858.7931969482,0.9256814643181757,False
1,15-16,10000.0,5854507.403488039,3910861.7634294815,0.9256816304216613,False
1,15-16,17782.794100389227,5854503.727578514,3910863.434759614,0.9256817237471959,False
1,15-16,31622.776601683792,5854501.661475481,3910864.37494847,0.9256817762022617,False
1,15-16,56234.13251903491,5854500.499940804,3910864.9037601748,0.9256818056917693,False
1,15-16,100000.0,5854499.846863215,3910865.201165951,0.9256818222723621,False
1,15-16,177827.94100389228,5854499.479642757,3910865.3684199792,0.9256818315954998,False
1,15-16,316227.7660168379,5854499.273149657,3910865.4624771425,0.9256818368380278,False
1,15-16,562341.3251903491,5854499.15703326,3910865.515370418,0.9256818397860365,False
1,15-16,1000000.0,5854499.091737226,3910865.5451148245,0.9256818414437977,False
1,15-16,1778279.410038923,5854499.055018887,3910865.5618414376,0.9256818423760174,False
1,15-16,3162277.6601683795,5854499.034370748,3910865.5712475358,0.9256818429002404,False
1,15-16,5623413.251903491,5854499.02275948,3910865.576536985,0.9256818431950318,False
1,15-16,10000000.0,5854499.016229994,3910865.5795114636,0.925681843360805,False
1,15-16,17782794.100389227,5854499.0125581985,3910865.581184138,0.9256818434540259,False
1,15-16,31622776.60168379,5854499.010493396,3910865.582124751,0.925681843506448,False
1,15-16,56234132.51903491,5854499.009332273,3910865.582653698,0.925681843535927,False
1,15-16,100000000.0,5854499.008679325,3910865.5829511457,0.9256818435525043,True
1,16-17,0.0001,7442200.501299849,5840487.633783755,0.8783719913645729,False
1,16-17,0.00017782794100389227,7439925.476353622,5838431.950986043,0.8784463415410203,False
1,16-17,0.00031622776601683794,7435904.258639715,5834794.276198658,0.8785777035100807,False
1,16-17,0.0005623413251903491,7428829.414209222,5828381.286575651,0.8788086465567501,False
1,16-17,0.001,7416482.226033459,5817149.32997896,0.8792111672850278,False
1,16-17,0.0017782794100389228,7395230.692930964,5797696.993986839,0.8799024033920707,False
1,16-17,0.0031622776601683794,7359495.531514163,5764636.235035309,0.8810602679688587,False
1,16-17,0.005623413251903491,7301624.584042461,5710128.298816851,0.8829234642488486,False
1,16-17,0.01,7213127.648513746,5624333.998510514,0.8857442410475849,False
1,16-17,0.01778279410038923,7088224.73779802,5498341.878342863,0.8896668998188132,False
1,16-17,0.03162277660168379,6928643.430478898,5331671.795342887,0.8945789621727237,False
1,16-17,0.05623413251903491,6745360.448968689,5128906.165945484,0.9000825855109048,False
1,16-17,0.1,6554828.4405946545,4915579.16760823,0.9056474759449157,False
1,16-17,0.1778279410038923,6374158.389078075,4710012.638356122,0.9107770526127978,False
1,16-17,0.31622776601683794,6218532.825601485,4518993.393968541,0.9150806373130969,False
1,16-17,0.5623413251903491,6097791.201947332,4350882.741811986,0.9183462823861592,False
1,16-17,1.0,6012876.333658538,4225300.311278062,0.9206045878541977,False
1,16-17,1.7782794100389228,5957274.041976167,4151164.4853130435,0.9220661697731453,False
1,16-17,3.1622776601683795,5922445.9920478435,4108824.2145689316,0.9229747561651912,False
1,16-17,5.623413251903491,5901504.2290911535,4080484.1602124637,0.9235185154628067,False
1,16-17,10.0,5889537.367520575,4061238.7808133992,0.923828373883182,False
1,16-17,17.78279410038923,5883010.113998871,4051735.225907875,0.923997119226062,False
1,16-17,31.622776601683793,5879535.303213212,4047861.831368081,0.9240868751946741,False
1,16-17,56.23413251903491,5877687.451462316,4046331.9168799864,0.9241345844607906,False
1,16-17,100.0,5876693.475811524,4045507.3606110923,0.9241602414901073,False
1,16-17,177.82794100389228,5876151.382902267,4045030.3817071104,0.9241742324526475,False
1,16-17,316.22776601683796,5875852.39783425,4044757.8036435703,0.9241819484538304,False
1,16-17,562.341325190349,5875686.218644406,4044603.117779973,0.9241862369224175,False
1,16-17,1000.0,5875593.4053175105,4044515.682583671,0.9241886320373841,False
1,16-17,1778.2794100389228,5875541.417103099,4044466.371296202,0.9241899736142918,False
1,16-17,3162.2776601683795,5875512.247281102,4044438.5961838486,0.924190726348152,False
1,16-17,5623.413251903491,5875495.864644167,4044422.9627247346,0.9241911491041681,False
1,16-17,10000.0,5875486.658594746,4044414.1668367162,0.9241913866669194,False
1,16-17,17782.794100389227,5875481.4837383665,4044409.2191063087,0.9241915202042879,False
1,16-17,31622.776601683792,5875478.574362938,4044406.4363377956,0.9241915952807814,False
1,16-17,56234.13251903491,5875476.938509777,4044404.8713280736,0.92419163749399,False
1,16-17,100000.0,5875476.018668014,4044403.9912128965,0.9241916612305114,False
1,16-17,177827.94100389228,5875475.501423875,4044403.496273359,0.9241916745779976,False
1,16-17,316227.7660168379,5875475.21056273,4044403.21794385,0.9241916820836695,False
1,16-17,562341.3251903491,5875475.047001577,4044403.0614262237,0.9241916863043649,False
1,16-17,1000000.0,5875474.955025043,4044402.9734094394,0.9241916886778193,False
1,16-17,1778279.410038923,5875474.903303046,4044402.923913821,0.9241916900125053,False
1,16-17,3162277.6601683795,5875474.874217695,4044402.8960803417,0.9241916907630527,False
1,16-17,5623413.251903491,5875474.857861823,4044402.8804284134,0.924191691185116,False
1,16-17,10000000.0,5875474.848664246,4044402.8716266826,0.9241916914224595,False
1,16-17,17782794.100389227,5875474.843492069,4044402.866677104,0.9241916915559275,False
1,16-17,31622776.60168379,5875474.840583543,4044402.8638937525,0.924191691630982,False
1,16-17,56234132.51903491,5875474.838947957,4044402.862328556,0.9241916916731883,False
1,16-17,100000000.0,5875474.838028201,4044402.861448382,0.9241916916969226,True
1,17-18,0.0001,7182335.399165502,5594092.084245371,0.88631253522301,False
1,17-18,0.00017782794100389227,7181032.510992718,5592745.826062297,0.8863537776908762,False
1,17-18,0.00031622776601683794,7178725.872105509,5590360.595089373,0.8864267751863991,False
1,17-18,0.0005623413251903491,7174656.085295808,5586146.504767568,0.886555513293749,False
1,17-18,0.001,7167518.149482071,5578738.11491672,0.8867811287510958,False
1,17-18,0.0017782794100389228,7155127.554013138,5565825.602358082,0.8871722367024598,False
1,17-18,0.0031622776601683794,7133991.924492087,5543646.396415631,0.887837819170054,False
1,17-18,0.005623413251903491,7098958.784937938,5506458.262084823,0.8889367117036292,False
1,17-18,0.01,7043428.439469487,5446421.847248273,0.8906674616136886,False
1,17-18,0.01778279410038923,6960922.207848361,5354707.159245287,0.8932138869461076,False
1,17-18,0.03162277660168379,6848341.847222309,5225658.225564961,0.8966401001760272,False
1,17-18,0.05623413251903491,6709513.820342217,5073898.007909343,0.9007882016854557,False
1,17-18,0.1,6556404.190165312,4898491.937229718,0.9052645207471327,False
1,17-18,0.1778279410038923,6406883.4250014005,4718825.986136222,0.9095361926266475,False
1,17-18,0.31622776601683794,6279307.795141032,4550027.116268167,0.9131030044091137,False
1,17-18,0.5623413251903491,6185024.550091851,4409942.256881861,0.9156929149322068,False
1,17-18,1.0,6123937.8072778,4308312.912506298,0.9173500184168556,False
1,17-18,1.7782794100389228,6087873.679643751,4243038.394763275,0.9183206104920529,False
1,17-18,3.1622776601683795,6067765.173181868,4203555.826353496,0.9188593003781854,False
1,17-18,5.623413251903491,6057369.462068322,4179398.6741951997,0.9191370938209702,False
1,17-18,10.0,6052751.899099685,4164945.666078928,0.9192603312246265,False
1,17-18,17.78279410038923,6051185.871666292,4160211.269637252,0.9193021053404019,False
1,17-18,31.622776601683793,6050918.431966863,4160294.0028106584,0.9193092382707836,True
1,17-18,56.23413251903491,6051055.080568068,4161577.442957498,0.9193055937317443,False
1,17-18,100.0,6051246.756247161,4162349.6844293927,0.9193004814331827,False
1,17-18,177.82794100389228,6051396.211580543,4162799.657825575,0.9192964951067677,False
1,17-18,316.22776601683796,6051494.519035125,4163057.9132890925,0.9192938729612965,False
1,17-18,562.341325190349,6051554.519871588,4163204.8375025177,0.9192922725437066,False
1,17-18,1000.0,6051589.791610274,4163288.0041267714,0.919291331724233,False
1,17-18,1778.2794100389228,6051610.117491397,4163334.9460770357,0.9192907895600717,False
1,17-18,3162.2776601683795,6051621.704152203,4163361.398753443,0.9192904805014502,False
1,17-18,5623.413251903491,6051628.26955238,4163376.291716921,0.9192903053779521,False
1,17-18,10000.0,6051631.977318682,4163384.672198241,0.9192902064780315,False
1,17-18,17782.794100389227,6051634.067343207,4163389.3866466577,0.9192901507292756,False
1,17-18,31622.776601683792,6051635.244231001,4163392.0383318644,0.9192901193372764,False
1,17-18,56234.13251903491,6051635.90654371,4163393.5296599204,0.9192901016709167,False
1,17-18,100000.0,6051636.279147693,4163394.3683509436,0.9192900917321726,False
1,17-18,177827.94100389228,6051636.488728338,4163394.839999158,0.9192900861418714,False
1,17-18,316227.7660168379,6051636.606600017,4163395.1052320055,0.9192900829977918,False
1,17-18,562341.3251903491,6051636.672889136,4163395.2543851533,0.9192900812296125,False
1,17-18,1000000.0,6051636.710167829,4163395.338260689,0.9192900802352499,False
1,17-18,1778279.410038923,6051636.73113168,4163395.3854275467,0.9192900796760655,False
1,17-18,3162277.6601683795,6051636.742920677,4163395.411951473,0.9192900793616088,False
1,17-18,5623413.251903491,6051636.749550168,4163395.426866993,0.9192900791847753,False
1,17-18,10000000.0,6051636.753278221,4163395.43525461,0.9192900790853342,False
1,17-18,17782794.100389227,6051636.755374663,4163395.439971315,0.9192900790294143,False
1,17-18,31622776.60168379,6051636.756553581,4163395.442623716,0.9192900789979681,False
1,17-18,56234132.51903491,6051636.757216537,4163395.444115269,0.9192900789802846,False
1,17-18,100000000.0,6051636.757589344,4163395.4449540316,0.9192900789703404,False
1,18-19,0.0001,7738190.92777102,5893020.758266409,0.8688825918586408,False
1,18-19,0.00017782794100389227,7731618.060917015,5888155.134920579,0.8691052411206089,False
1,18-19,0.00031622776601683794,7720088.101339231,5879591.950597035,0.8694953498774847,False
1,18-19,0.0005623413251903491,7700071.730902737,5864639.781206338,0.8701712082196243,False
1,18-19,0.001,7665943.2660054155,5838934.087728478,0.8713195191016241,False
1,18-19,0.0017782794100389228,7609508.950180051,5795701.0938252965,0.873207157546732,False
1,18-19,0.0031622776601683794,7520775.839862624,5726592.738775064,0.8761469338249209,False
1,18-19,0.005623413251903491,7391781.452908844,5628573.888163256,0.8803590894807714,False
1,18-19,0.01,7224041.081626027,5499401.204388366,0.8857274581709481,False
1,18-19,0.01778279410038923,7033829.075476817,5340029.016279139,0.8916659211731883,False
1,18-19,0.03162277660168379,6844689.61717037,5160414.689239878,0.8974137884216744,False
1,18-19,0.05623413251903491,6670588.572498269,4977863.505378708,0.9025661678794187,False
1,18-19,0.1,6511131.094285224,4807016.935363914,0.9071687170457301,False
1,18-19,0.1778279410038923,6363951.768285444,4636579.098019702,0.9113180502956332,False
1,18-19,0.31622776601683794,6234242.470739786,4478832.4088732125,0.9148962195610187,False
1,18-19,0.5623413251903491,6130070.497842818,4332883.857180633,0.9177165653115517,False
1,18-19,1.0,6054070.883077341,4223694.946939164,0.9197441910445341,False
1,18-19,1.7782794100389228,6002704.368699882,4164268.6665351326,0.9211002942278786,False
1,18-19,3.1622776601683795,5970381.821295971,4124279.811567256,0.9219477034061827,False
1,18-19,5.623413251903491,5951871.169789796,4098319.690475738,0.9224309418883581,False
1,18-19,10.0,5942477.657320365,4081792.986993354,0.9226755946716133,False
1,18-19,17.78279410038923,5938269.630319939,4078091.35145843,0.9227850668473329,False
1,18-19,31.622776601683793,5936567.389807401,4077914.8400553307,0.9228293287474373,False
1,18-19,56.23413251903491,5935922.345144511,4078975.9071607823,0.9228460979751686,False
1,18-19,100.0,5935684.251883911,4079673.174220575,0.922852287225843,False
1,18-19,177.82794100389228,5935595.48017726,4080083.3776267213,0.9228545947889224,False
1,18-19,316.22776601683796,5935560.976435276,4080320.0727305794,0.9228554916820577,False
1,18-19,562.341325190349,5935546.668072709,4080455.1358182514,0.9228558636132935,False
1,18-19,1000.0,5935540.273574548,4080531.717290361,0.9228560298314366,False
1,18-19,1778.2794100389228,5935537.207392425,4080574.983263894,0.9228561095334991,False
1,18-19,3162.2776601683795,5935535.651993242,4080599.3774177115,0.92285614996439,False
1,18-19,5623.413251903491,5935534.830959289,4080613.1155276946,0.9228561713062602,False
1,18-19,10000.0,5935534.386260319,4080620.8474549507,0.9228561828657172,False
1,18-19,17782.794100389227,5935534.14157193,4080625.1974693323,0.9228561892261204,False
1,18-19,31622.776601683792,5935534.005677528,4080627.644305145,0.9228561927585445,False
1,18-19,56234.13251903491,5935533.929797581,4080629.0204654215,0.9228561947309595,False
1,18-19,100000.0,5935533.88729767,4080629.794401541,0.9228561958356974,False
1,18-19,177827.94100389228,5935533.863452143,4080630.2296381453,0.9228561964555354,False
1,18-19,316227.7660168379,5935533.850059875,4080630.474396111,0.9228561968036525,False
1,18-19,562341.3251903491,5935533.842534241,4080630.6120356615,0.922856196999273,False
1,18-19,1000000.0,5935533.838303971,4080630.6894367123,0.9228561971092342,False
1,18-19,1778279.410038923,5935533.835925656,4080630.732962726,0.9228561971710558,False
1,18-19,3162277.6601683795,5935533.834588402,4080630.7574392664,0.9228561972058162,False
1,18-19,5623413.251903491,5935533.833836464,4080630.771203457,0.922856197225362,False
1,18-19,10000000.0,5935533.833413633,4080630.7789436365,0.9228561972363531,False
1,18-19,17782794.100389227,5935533.833175863,4080630.783296262,0.9228561972425336,False
1,18-19,31622776.60168379,5935533.833042158,4080630.7857439225,0.9228561972460092,False
1,18-19,56234132.51903491,5935533.83296697,4080630.7871203437,0.9228561972479636,False
1,18-19,100000000.0,5935533.832924689,4080630.7878943617,0.9228561972490626,True
1,19-20,0.0001,6975068.302101301,5318162.082427804,0.8921899940547585,False
1,19-20,0.00017782794100389227,6974190.883162517,5317264.145279206,0.89221711596589,False
1,19-20,0.00031622776601683794,6972636.208897319,5315672.0094148405,0.8922651641486667,False
1,19-20,0.0005623413251903491,6969889.184969485,5312855.330269302,0.8923500364595198,False
1,19-20,0.001,6965059.069465295,5307891.980673424,0.8924991870637947,False
1,19-20,0.0017782794100389228,6956638.560622049,5299206.213744234,0.8927589592646249,False
1,19-20,0.0031622776601683794,6942173.318661254,5284295.927027843,0.8932044775360343,False
1,19-20,0.005623413251903491,6917931.5363198705,5259369.0379643375,0.8939490263975959,False
1,19-20,0.01,6878899.575911755,5219026.985894665,0.8951423599543614,False
1,19-20,0.01778279410038923,6819768.538662545,5158180.82450554,0.8969373249420424,False
1,19-20,0.03162277660168379,6737485.042447073,5070022.868003999,0.8994093142982834,False
1,19-20,0.05623413251903491,6634477.122422382,4957712.761435298,0.9024616190831165,False
1,19-20,0.1,6519685.303266343,4828240.986449029,0.9058076987672099,False
1,19-20,0.1778279410038923,6405634.944875474,4689450.724450557,0.9090743299782849,False
1,19-20,0.31622776601683794,6303673.122828332,4554423.228325595,0.9119459147075426,False
1,19-20,0.5623413251903491,6220698.521231252,4433987.661380395,0.9142487520464363,False
1,19-20,1.0,6158537.414624616,4343297.127523989,0.915953949667409,False
1,19-20,1.7782794100389228,6115297.293217191,4279807.909218377,0.917130009224655,False
1,19-20,3.1622776601683795,6087508.099973751,4243219.245103865,0.9178814552033578,False
1,19-20,5.623413251903491,6071441.752788555,4218237.138567776,0.9183143430124446,False
1,19-20,10.0,6063345.007616742,4200606.260218753,0.9185320662384275,False
1,19-20,17.78279410038923,6059834.401192432,4195368.620167654,0.9186263769053621,False
1,19-20,31.622776601683793,6058517.440023233,4195025.810849164,0.9186617423129743,False
1,19-20,56.23413251903491,6058089.181715996,4196095.508710096,0.9186732410183087,False
1,19-20,100.0,6057973.841187728,4197018.632570528,0.9186763377644166,False
1,19-20,177.82794100389228,6057954.572438509,4197559.811403929,0.918676855100015,True
1,19-20,316.22776601683796,6057959.3482705355,4197871.491415325,0.918676726876593,False
1,19-20,562.341325190349,6057967.199217838,4198049.157512285,0.9186765160910433,False
1,19-20,1000.0,6057973.289919919,4198149.836963561,0.9186763525651127,False
1,19-20,1778.2794100389228,6057977.25262214,4198206.699161827,0.9186762461725988,False
1,19-20,3162.2776601683795,6057979.652423742,4198238.753332647,0.9186761817415502,False
1,19-20,5623.413251903491,6057981.056385304,4198256.803523945,0.9186761440472909,False
1,19-20,10000.0,6057981.863155269,4198266.961750331,0.918676122386725,False
1,19-20,17782.794100389227,6057982.322302764,4198272.676628092,0.9186761100593008,False
1,19-20,31622.776601683792,6057982.582230732,4198275.891126995,0.9186761030806229,False
1,19-20,56234.13251903491,6057982.728946408,4198277.699021508,0.9186760991415258,False
1,19-20,100000.0,6057982.811623854,4198278.715754034,0.9186760969217597,False
1,19-20,177827.94100389228,6057982.858171569,4198279.287529655,0.9186760956720229,False
1,19-20,316227.7660168379,6057982.88436459,4198279.609070587,0.9186760949687793,False
1,19-20,562341.3251903491,6057982.899099486,4198279.789888834,0.9186760945731693,False
1,19-20,1000000.0,6057982.9073872585,4198279.891571192,0.918676094350655,False
1,19-20,1778279.410038923,6057982.912048364,4198279.948751634,0.9186760942255112,False
1,19-20,3162277.6601683795,6057982.914669669,4198279.980906637,0.9186760941551331,False
1,19-20,5623413.251903491,6057982.916143791,4198279.9989887485,0.9186760941155552,False
1,19-20,10000000.0,6057982.916972769,4198280.009157077,0.9186760940932983,False
1,19-20,17782794.100389227,6057982.917438943,4198280.014875149,0.9186760940807822,False
1,19-20,31622776.60168379,6057982.917701093,4198280.01809066,0.918676094073744,False
1,19-20,56234132.51903491,6057982.9178485125,4198280.019898873,0.9186760940697859,False
1,19-20,100000000.0,6057982.917931411,4198280.020915707,0.9186760940675602,False
1,20-21,0.0001,7354833.922499598,5712807.346728103,0.8791461188674266,False
1,20-21,0.00017782794100389227,7353226.832469251,5711179.436247571,0.8791989281762149,False
1,20-21,0.00031622776601683794,7350383.109956622,5708296.208042747,0.8792923452050782,False
1,20-21,0.0005623413251903491,7345370.225464242,5703205.401790901,0.8794569317818731,False
1,20-21,0.001,7336591.721102814,5694265.029508353,0.8797448833741569,False
1,20-21,0.0017782794100389228,7321392.064765379,5678708.830794106,0.8802426466669342,False
1,20-21,0.0031622776601683794,7295568.628046106,5652059.002994905,0.8810859542005842,False
1,20-21,0.005623413251903491,7253014.32171221,5607558.644326721,0.8824691353806605,False
1,20-21,0.01,7186065.305365274,5537309.357233552,0.8846288609645945,False
1,20-21,0.01778279410038923,7087369.162480839,5433110.118163209,0.8877761999909488,False
1,20-21,0.03162277660168379,6953448.182794149,5291044.261233472,0.8919772308186134,False
1,20-21,0.05623413251903491,6788487.200450595,5110327.015955274,0.8970418173685528,False
1,20-21,0.1,6606098.988580983,4917321.890885432,0.9024999103229729,False
1,20-21,0.1778279410038923,6427188.190566836,4716620.574138494,0.9077095223153879,False
1,20-21,0.31622776601683794,6272731.884464317,4530926.866628537,0.912092017959391,False
1,20-21,0.5623413251903491,6154828.746604914,4377291.801087079,0.9153656217519666,False
1,20-21,1.0,6073271.926520683,4263152.666767223,0.9175937190441354,False
1,20-21,1.7782794100389228,6020120.521357402,4192766.5750985253,0.9190297961479766,False
1,20-21,3.1622776601683795,5986727.435595431,4153505.4854062423,0.9199255742159491,False
1,20-21,5.623413251903491,5966863.287760877,4126739.2665893096,0.9204560715207002,False
1,20-21,10.0,5956039.340984093,4110898.7334541976,0.9207443966572142,False
1,20-21,17.78279410038923,5950666.99762237,4105129.9067596104,0.9208873091733176,False
1,20-21,31.622776601683793,5948164.314236618,4104257.825365354,0.9209538403308004,False
1,20-21,56.23413251903491,5947018.9037361285,4104986.7812401373,0.9209842805066469,False
1,20-21,100.0,5946483.375272185,4105517.562873182,0.9209985105813564,False
1,20-21,177.82794100389228,5946222.343091262,4105830.346026614,0.9210054462699503,False
1,20-21,316.22776601683796,5946089.418133823,4106011.020235187,0.9210089780014334,False
1,20-21,562.341325190349,5946019.2797299,4106114.182539083,0.9210108415023469,False
1,20-21,1000.0,5945981.338192193,4106172.69785967,0.9210118495584708,False
1,20-21,1778.2794100389228,5945960.484180723,4106205.7641084883,0.9210124036190415,False
1,20-21,3162.2776601683795,5945948.910942242,4106224.4097279087,0.9210127111022152,False
1,20-21,5623.413251903491,5945942.45172699,4106234.9111425113,0.921012882713385,False
1,20-21,10000.0,5945938.834949669,4106240.8216580795,0.921012978805377,False
1,20-21,17782.794100389227,5945936.805997766,4106244.1470111073,0.9210130327113604,False
1,20-21,31622.776601683792,5945935.666588808,4106246.0175089785,0.9210130629836126,False
1,20-21,56234.13251903491,5945935.026343907,4106247.0695299637,0.921013079993881,False
1,20-21,100000.0,5945934.666463319,4106247.661176311,0.9210130895553237,False
1,20-21,177827.94100389228,5945934.464136797,4106247.9938997785,0.9210130949308104,False
1,20-21,316227.7660168379,5945934.350375797,4106248.1810090835,0.9210130979532553,False
1,20-21,562341.3251903491,5945934.286408205,4106248.2862300044,0.9210130996527701,False
1,20-21,1000000.0,5945934.25043814,4106248.3454005904,0.9210131006084362,False
1,20-21,1778279.410038923,5945934.23021118,4106248.378674821,0.9210131011458336,False
1,20-21,3162277.6601683795,5945934.218836879,4106248.397386347,0.9210131014480303,False
1,20-21,5623413.251903491,5945934.212440688,4106248.4079086264,0.9210131016179667,False
1,20-21,10000000.0,5945934.208843863,4106248.413825745,0.9210131017135285,False
1,20-21,17782794.100389227,5945934.206821224,4106248.417153187,0.9210131017672667,False
1,20-21,31622776.60168379,5945934.205683812,4106248.4190243455,0.9210131017974859,False
1,20-21,56234132.51903491,5945934.205044198,4106248.4200765747,0.9210131018144794,False
1,20-21,100000000.0,5945934.204684518,4106248.4206682886,0.9210131018240355,True
1,21-22,0.0001,6746277.032297463,5157681.21453619,0.8986478311334497,False
1,21-22,0.00017782794100389227,6745234.175849135,5156626.851322302,0.8986791632572241,False
1,21-22,0.00031622776601683794,6743386.433425969,5154757.385868087,0.8987346659014201,False
1,21-22,0.0005623413251903491,6740121.7811924275,5151450.1712557385,0.8988326926353878,False
1,21-22,0.001,6734382.161221634,5145622.72513144,0.8990049193939778,False
1,21-22,0.0017782794100389228,6724378.076045253,5135834.67734702,0.8993047577177208,False
1,21-22,0.0031622776601683794,6707198.533420075,5119407.069806307,0.8998186159221154,False
1,21-22,0.005623413251903491,6678425.885650507,5091551.136214811,0.900676291746223,False
1,21-22,0.01,6632149.811958685,5045815.406923055,0.9020479883007062,False
1,21-22,0.01778279410038923,6562182.391104867,4975046.7541494435,0.9041038220142819,False
1,21-22,0.03162277660168379,6465166.420356885,4874941.634313931,0.9069183396833727,False
1,21-22,0.05623413251903491,6344505.544428361,4748761.991029328,0.9103603263699425,False
1,21-22,0.1,6211651.792991134,4604608.625765776,0.9140751249892805,False
1,21-22,0.1778279410038923,6082615.518269651,4457998.354231204,0.9176079259699481,False
1,21-22,0.31622776601683794,5971990.280613271,4324076.633165169,0.9205776215583135,False
1,21-22,0.5623413251903491,5888059.714277498,4230074.9477793295,0.9227943443036272,False
1,21-22,1.0,5831256.339943528,4165107.7577661197,0.9242767978935155,False
1,21-22,1.7782794100389228,5796385.955868097,4118796.811701842,0.9251797258461503,False
1,21-22,3.1622776601683795,5776536.816212272,4088252.0237078066,0.9256912774451842,False
1,21-22,5.623413251903491,5765879.368461354,4070825.7214493733,0.9259652169370872,False
1,21-22,10.0,5760424.871045846,4063591.125991373,0.9261052238640032,False
1,21-22,17.78279410038923,5757721.293221383,4060965.3138353857,0.9261745706224402,False
1,21-22,31.622776601683793,5756390.260356467,4061158.987595243,0.9262086996501362,False
1,21-22,56.23413251903491,5755723.781290532,4061616.3158336785,0.9262257858821803,False
1,21-22,100.0,5755380.387484112,4061949.824157695,0.9262345885466049,False
1,21-22,177.82794100389228,5755198.393275186,4062137.9774245936,0.9262392536302455,False
1,21-22,316.22776601683796,5755099.799869194,4062243.953139269,0.9262417808275459,False
1,21-22,562.341325190349,5755045.587284035,4062303.5968691832,0.9262431704141887,False
1,21-22,1000.0,5755015.4987353925,4062337.1517595896,0.9262439416435803,False
1,21-22,1778.2794100389228,5754998.705885465,4062356.025581332,0.9262443720759961,False
1,21-22,3162.2776601683795,5754989.30306241,4062366.6405143673,0.9262446130875367,False
1,21-22,5623.413251903491,5754984.02831919,4062372.610168867,0.9262447482886738,False
1,21-22,10000.0,5754981.066186164,4062375.967290268,0.926244824213406,False
1,21-22,17782.794100389227,5754979.4017459145,4062377.8551818505,0.9262448668759496,False
1,21-22,31622.776601683792,5754978.466170451,4062378.9168350273,0.9262448908563959,False
1,21-22,56234.13251903491,5754977.940186794,4062379.513850816,0.9262449043382814,False
1,21-22,100000.0,5754977.6444452815,4062379.8495788383,0.9262449119186555,False
1,21-22,177827.94100389228,5754977.478150519,4062380.0383730093,0.9262449161810821,False
1,21-22,316227.7660168379,5754977.384640185,4062380.1445399118,0.9262449185779159,False
1,21-22,562341.3251903491,5754977.332056753,4062380.2042419924,0.9262449199257214,False
1,21-22,1000000.0,5754977.302487325,4062380.2378149536,0.9262449206836378,False
1,21-22,1778279.410038923,5754977.285859341,4062380.2566944207,0.9262449211098421,False
1,21-22,3162277.6601683795,5754977.27650878,4062380.267311126,0.9262449213495134,False
1,21-22,5623413.251903491,5754977.271250588,4062380.273281341,0.9262449214842902,False
1,21-22,10000000.0,5754977.268293691,4062380.2766386378,0.9262449215600805,False
1,21-22,17782794.100389227,5754977.266630908,4062380.278526584,0.9262449216027007,False
1,21-22,31622776.60168379,5754977.265695856,4062380.279588254,0.9262449216266676,False
1,21-22,56234132.51903491,5754977.265170038,4062380.2801852757,0.9262449216401453,False
1,21-22,100000000.0,5754977.26487435,4062380.280521006,0.9262449216477243,True
1,22-23,0.0001,8293307.6406504195,6294309.980449419,0.8488584660465144,False
1,22-23,0.00017782794100389227,8285501.192071319,6289503.935310319,0.8491428696541425,False
1,22-23,0.00031622776601683794,8271812.940275853,6281039.408180075,0.8496409118598468,False
1,22-23,0.0005623413251903491,8248066.753341593,6266240.335803546,0.8505029550719043,False
1,22-23,0.001,8207628.759697393,6240692.1346163405,0.851965247113487,False
1,22-23,0.0017782794100389228,8140898.334738503,6197524.547526053,0.8543625935396892,False
1,22-23,0.0031622776601683794,8036311.130529222,6127103.814469385,0.8580806025377257,False
1,22-23,0.005623413251903491,7884904.912636232,6018280.361135339,0.8633778251032402,False
1,22-23,0.01,7688582.667496389,5862433.771691021,0.8700965006156405,False
1,22-23,0.01778279410038923,7464393.706077603,5678336.13167989,0.8775616833860556,False
1,22-23,0.03162277660168379,7233735.9995108135,5492769.274547459,0.8850117184874666,False
1,22-23,0.05623413251903491,7006278.3137516705,5292376.755450844,0.8921294125327802,False
1,22-23,0.1,6783646.676266303,5079365.184621479,0.898875889754169,False
1,22-23,0.1778279410038923,6575458.400381002,4864100.326324176,0.9049875880665403,False
1,22-23,0.31622776601683794,6399351.287471283,4663175.955230914,0.9100087724292729,False
1,22-23,0.5623413251903491,6266138.899548349,4482113.578599092,0.91371638964492,False
1,22-23,1.0,6172887.874390259,4353027.180728482,0.9162653805825688,False
1,22-23,1.7782794100389228,6109782.466352592,4277403.047562658,0.917968666865479,False
1,22-23,3.1622776601683795,6068002.197496691,4228241.760375284,0.9190867337757817,False
1,22-23,5.623413251903491,6041467.980637407,4194517.091330519,0.9197928231730699,False
1,22-23,10.0,6025581.980242265,4174136.804905819,0.9202140770916158,False
1,22-23,17.78279410038923,6016559.818865102,4165449.5001195935,0.920452826663595,False
1,22-23,31.622776601683793,6011586.946264566,4161382.534049765,0.9205842687141806,False
1,22-23,56.23413251903491,6008868.055478375,4159480.5565335527,0.9206560879771394,False
1,22-23,100.0,6007375.899494652,4158755.1989818136,0.9206954893392376,False
1,22-23,177.82794100389228,6006551.207679589,4158376.17044926,0.9207172616713705,False
1,22-23,316.22776601683796,6006092.573559237,4158161.415256809,0.920729368579139,False
1,22-23,562.341325190349,6005836.394385592,4158040.134192762,0.9207361307299095,False
1,22-23,1000.0,6005692.901591687,4157971.7688505,0.9207399182650462,False
1,22-23,1778.2794100389228,6005612.392785993,4157933.27215241,0.9207420432793796,False
1,22-23,3162.2776601683795,6005567.17793574,4157911.6073786244,0.920743236704103,False
1,22-23,5623.413251903491,6005541.770401099,4157899.4191607186,0.9207439073200964,False
1,22-23,10000.0,6005527.488611659,4157892.563570264,0.9207442842777547,False
1,22-23,17782.794100389227,6005519.45924629,4157888.707865899,0.9207444962067401,False
1,22-23,31622.776601683792,6005514.944595943,4157886.539478718,0.9207446153673742,False
1,22-23,56234.13251903491,6005512.406009324,4157885.3200527285,0.9207446823713258,False
1,22-23,100000.0,6005510.9785165815,4157884.6343025686,0.9207447200488359,False
1,22-23,177827.94100389228,6005510.175797217,4157884.248671689,0.9207447412359568,False
1,22-23,316227.7660168379,6005509.724400887,4157884.0318138557,0.9207447531501924,False
1,22-23,562341.3251903491,6005509.470563958,4157883.90986521,0.9207447598500095,False
1,22-23,1000000.0,6005509.327821558,4157883.8412882844,0.9207447636175776,False
1,22-23,1778279.410038923,6005509.247551795,4157883.8027245924,0.9207447657362319,False
1,22-23,3162277.6601683795,6005509.20241285,4157883.781038617,0.9207447669276371,False
1,22-23,5623413.251903491,6005509.177029374,4157883.768843692,0.920744767597613,False
1,22-23,10000000.0,6005509.162755203,4157883.761985981,0.920744767974368,False
1,22-23,17782794.100389227,6005509.154728248,4157883.7581296046,0.9207447681862329,False
1,22-23,31622776.60168379,6005509.150214361,4157883.755961006,0.9207447683053732,False
1,22-23,56234132.51903491,6005509.147676017,4157883.7547415122,0.9207447683723706,False
1,22-23,100000000.0,6005509.146248599,4157883.75405574,0.9207447684100463,True
1,23-24,0.0001,6693182.518421117,5048303.235834119,0.9006191340855154,False
1,23-24,0.00017782794100389227,6692152.450438406,5047083.93291085,0.900649720781931,False
1,23-24,0.00031622776601683794,6690328.6322800005,5044921.844085557,0.9007038654397986,False
1,23-24,0.0005623413251903491,6687110.21202453,5041096.428302486,0.900799376390377,False
1,23-24,0.001,6681464.178923405,5034354.304364368,0.9009668189897566,False
1,23-24,0.0017782794100389228,6671660.9153888235,5022575.155673397,0.9012572152609434,False
1,23-24,0.0031622776601683794,6654938.97903575,5002283.345644867,0.9017515753086514,False
1,23-24,0.005623413251903491,6627256.081880127,4968674.394356771,0.9025672534676218,False
1,23-24,0.01,6583596.461634599,4914443.790350278,0.9038467768870296,False
1,23-24,0.01778279410038923,6519639.234772496,4833934.262079684,0.9057058891611485,False
1,23-24,0.03162277660168379,6435032.670208069,4737680.834179269,0.9081373535855182,False
1,23-24,0.05623413251903491,6335985.448331645,4623722.8769498775,0.9109434672598758,False
1,23-24,0.1,6233234.479031913,4500337.495178187,0.9138085138791494,False
1,23-24,0.1778279410038923,6136647.073513843,4400703.437278888,0.9164589874732123,False
1,23-24,0.31622776601683794,6052945.657986686,4302191.887153569,0.9187223777119504,False
1,23-24,0.5623413251903491,5986394.430870393,4201143.869016005,0.9204998227919695,False
1,23-24,1.0,5938039.802409479,4127364.4353744094,0.9217789486359063,False
1,23-24,1.7782794100389228,5905482.517564552,4081367.9143308797,0.9226343432321492,False
1,23-24,3.1622776601683795,5884887.581586824,4042788.1368349367,0.9231730163766171,False
1,23-24,5.623413251903491,5872678.1775079705,4015837.3719320516,0.9234914722946227,False
1,23-24,10.0,5865931.47019105,4002823.443071776,0.9236671618612046,False
1,23-24,17.78279410038923,5862414.505668639,3999790.9322436135,0.9237586663073082,False
1,23-24,31.622776601683793,5860632.509405021,3998847.521536659,0.9238050093704651,False
1,23-24,56.23413251903491,5859727.267480839,3998461.3937363094,0.9238285459334,False
1,23-24,100.0,5859257.831041842,3998729.728337379,0.9238407499907574,False
1,23-24,177.82794100389228,5859008.370810925,3998887.5818519723,0.9238472348733835,False
1,23-24,316.22776601683796,5858873.085345661,3999027.6015468133,0.9238507515924825,False
1,23-24,562.341325190349,5858798.666041109,3999118.6602617563,0.9238526860730679,False
1,23-24,1000.0,5858757.355421736,3999170.0218661847,0.9238537599046812,False
1,23-24,1778.2794100389228,5858734.297633171,3999198.954035465,0.9238543592674274,False
1,23-24,3162.2776601683795,5858721.386426233,3999215.2394587793,0.923854694879521,False
1,23-24,5623.413251903491,5858714.143442353,3999224.402387741,0.9238548831522994,False
1,23-24,10000.0,5858710.075969009,3999229.55665195,0.9238549888813443,False
1,23-24,17782.794100389227,5858707.790420245,3999232.455604617,0.9238550482913851,False
1,23-24,31622.776601683792,5858706.505718635,3999234.08596268,0.9238550816856197,False
1,23-24,56234.13251903491,5858705.783454024,3999235.002830104,0.9238551004599946,False
1,23-24,100000.0,5858705.3773505185,3999235.5184382685,0.9238551110161519,False
1,23-24,177827.94100389228,5858705.148999361,3999235.808391018,0.9238551169518567,False
1,23-24,316227.7660168379,5858705.020593643,3999235.9714450017,0.9238551202896039,False
1,23-24,562341.3251903491,5858704.948387564,3999236.063137494,0.9238551221665113,False
1,23-24,1000000.0,5858704.907783661,3999236.1147001293,0.9238551232219593,False
1,23-24,1778279.410038923,5858704.884950584,3999236.143695979,0.9238551238154767,False
1,23-24,3162277.6601683795,5858704.872110657,3999236.16000156,0.9238551241492347,False
1,23-24,5623413.251903491,5858704.864890254,3999236.169170866,0.9238551243369201,False
1,23-24,10000000.0,5858704.860829927,3999236.174327147,0.9238551244424633,False
1,23-24,17782794.100389227,5858704.858546641,3999236.1772267395,0.9238551245018145,False
1,23-24,31622776.60168379,5858704.857262655,3999236.1788573,0.92385512453519,False
1,23-24,56234132.51903491,5858704.856540615,3999236.17977423,0.9238551245539586,False
1,23-24,100000000.0,5858704.856134584,3999236.1802898594,0.9238551245645129,True
1,24-25,0.0001,6507535.08930589,4851734.4586833175,0.9059415633587568,False
1,24-25,0.00017782794100389227,6505539.129039763,4850169.161967432,0.9059992528245124,False
1,24-25,0.00031622776601683794,6502042.602967231,4847412.053759871,0.9061002706587641,False
1,24-25,0.0005623413251903491,6495986.63742571,4842590.711986517,0.9062751045500886,False
1,24-25,0.001,6485701.168022865,4834264.230808507,0.9065716696190359,False
1,24-25,0.0017782794100389228,6468798.098240021,4820183.70773515,0.907058021874279,False
1,24-25,0.0031622776601683794,6442455.230525389,4797183.861726487,0.9078134552567186,False
1,24-25,0.005623413251903491,6404538.816523702,4762080.387679381,0.9088953711444648,False
1,24-25,0.01,6355417.79614594,4711613.08651545,0.9102875059648612,False
1,24-25,0.01778279410038923,6298584.941188016,4646113.926603793,0.9118848266510033,False
1,24-25,0.03162277660168379,6238276.219051054,4567874.670414141,0.9135641474295577,False
1,24-25,0.05623413251903491,6177214.4514224995,4481738.442267954,0.9152479764064859,False
1,24-25,0.1,6118618.681521313,4403390.624799123,0.9168482304915674,False
1,24-25,0.1778279410038923,6068595.751457937,4333855.2428720975,0.918202291705272,False
1,24-25,0.31622776601683794,6033456.135476953,4285413.871756967,0.9191468325450683,False
1,24-25,0.5623413251903491,6014647.553990344,4243467.195190671,0.9196501470638951,False
1,24-25,1.0,6007843.438113356,4215994.367620839,0.9198318370034665,False
1,24-25,1.7782794100389228,6007245.789941825,4194111.120823239,0.9198477861450881,True
1,24-25,3.1622776601683795,6009545.252689362,4175599.7791863387,0.9197864128265985,False
1,24-25,5.623413251903491,6013605.406300791,4161673.729990718,0.9196779888146908,False
1,24-25,10.0,6018461.219359865,4158813.105236525,0.9195482210255067,False
1,24-25,17.78279410038923,6022968.803478824,4159652.7505632197,0.9194276656374905,False
1,24-25,31.622776601683793,6026443.822934752,4161803.885092783,0.9193346645908412,False
1,24-25,56.23413251903491,6028807.661710924,4163310.8629456363,0.9192713711295939,False
1,24-25,100.0,6030293.954397182,4164248.418329948,0.9192315618778737,False
1,24-25,177.82794100389228,6031185.311482227,4164811.640929536,0.9192076828295523,False
1,24-25,316.22776601683796,6031705.298663005,4165130.571135502,0.9191937509809747,False
1,24-25,562.341325190349,6032003.857408095,4165310.6327772173,0.9191857512501554,False
1,24-25,1000.0,6032173.734631782,4165412.1176247676,0.919181199298979,False
1,24-25,1778.2794100389228,6032269.898863166,4165469.2596187843,0.9191786224700805,False
1,24-25,3162.2776601683795,6032324.178206164,4165501.416063059,0.9191771679758078,False
1,24-25,5623.413251903491,6032354.765911541,4165519.5062951064,0.919176348327802,False
1,24-25,10000.0,6032371.986983014,4165529.68150262,0.9191758868589651,False
1,24-25,17782.794100389227,6032381.677543083,4165535.4041772685,0.9191756271828198,False
1,24-25,31622.776601683792,6032387.1289833095,4165538.622506229,0.9191754811014012,False
1,24-25,56234.13251903491,6032390.195198093,4165540.4323791456,0.9191753989364498,False
1,24-25,100000.0,6032391.91966128,4165541.45016874,0.9191753527262199,False
1,24-25,177827.94100389228,6032392.88946268,4165542.0225212444,0.9191753267385641,False
1,24-25,316227.7660168379,6032393.434842481,4165542.3443810386,0.9191753121240829,False
1,24-25,562341.3251903491,6032393.741538529,4165542.5253768377,0.9191753039055828,False
1,24-25,1000000.0,6032393.91400843,4165542.6271584867,0.9191752992839257,False
1,24-25,1778279.410038923,6032394.01099603,4165542.6843945887,0.9191752966849596,False
1,24-25,3162277.6601683795,6032394.065536368,4165542.7165808366,0.919175295223448,False
1,24-25,5623413.251903491,6032394.096206719,4165542.7346805017,0.919175294401578,False
1,24-25,10000000.0,6032394.113453944,4165542.744858692,0.919175293939406,False
1,24-25,17782794.100389227,6032394.123152779,4165542.7505823122,0.9191752936795072,False
1,24-25,31622776.60168379,6032394.128606835,4165542.7538009393,0.9191752935333556,False
1,24-25,56234132.51903491,6032394.131673879,4165542.7556109056,0.9191752934511683,False
1,24-25,100000000.0,6032394.1333986055,4165542.756628725,0.919175293404951,False
1,25-26,0.0001,7365681.169114553,5697296.446840347,0.8794783462465519,False
1,25-26,0.00017782794100389227,7364728.530159341,5696276.697200043,0.8795095195202729,False
1,25-26,0.00031622776601683794,7363039.365632015,5694467.535978848,0.8795647842606329,False
1,25-26,0.0005623413251903491,7360050.914690695,5691263.657119507,0.879662526966147,False
1,25-26,0.001,7354784.510715306,5685607.883024373,0.8798346776805365,False
1,25-26,0.0017782794100389228,7345567.225718719,5675679.26424033,0.8801356801041242,False
1,25-26,0.0031622776601683794,7329624.612173761,5658416.716269497,0.8806554158126122,False
1,25-26,0.005623413251903491,7302592.950138652,5629285.042322108,0.8815340784286039,False
1,25-26,0.01,7258216.382232326,5581191.152879936,0.8829694967194238,False
1,25-26,0.01778279410038923,7188891.909862732,5505878.815108763,0.8851943775345075,False
1,25-26,0.03162277660168379,7087968.1671790555,5401943.783991742,0.88839522737594,False
1,25-26,0.05623413251903491,6953834.753132663,5262806.983614836,0.8925792989215289,False
1,25-26,0.1,6793564.621771668,5087689.218814145,0.8974738446747903,False
1,25-26,0.1778279410038923,6622819.286542928,4894335.513316145,0.9025627406672321,False
1,25-26,0.31622776601683794,6461233.439270833,4701158.1050467985,0.9072593545286116,False
1,25-26,0.5623413251903491,6325286.375769594,4522067.706175661,0.9111209025257935,False
1,25-26,1.0,6222460.850233345,4377799.069347952,0.9139870989461601,False
1,25-26,1.7782794100389228,6151273.459331372,4292598.879566325,0.9159438839551857,False
1,25-26,3.1622776601683795,6105914.446498133,4238617.305645883,0.9171789599717584,False
1,25-26,5.623413251903491,6079705.379384569,4206107.763442501,0.9178884371625013,False
1,25-26,10.0,6066166.7802092405,4185864.723995485,0.9182537304455227,False
1,25-26,17.78279410038923,6059852.266874654,4176859.1992396396,0.9184238277302248,False
1,25-26,31.622776601683793,6057095.9094440825,4174756.5281355744,0.9184980216019086,False
1,25-26,56.23413251903491,6055915.315269188,4175145.8926680256,0.9185297897578497,False
1,25-26,100.0,6055397.740818356,4175402.79838266,0.9185437150177694,False
1,25-26,177.82794100389228,6055159.385609893,4175554.3130518734,0.9185501275272353,False
1,25-26,316.22776601683796,6055043.3001046665,4175641.8360225996,0.9185532505033158,False
1,25-26,562.341325190349,6054983.942168891,4175691.8045215905,0.9185548473497758,False
1,25-26,1000.0,6054952.4806592185,4175720.144380886,0.9185556937205756,False
1,25-26,1778.2794100389228,6054935.40328219,4175736.157670878,0.9185561531306761,False
1,25-26,3162.2776601683795,6054925.995844517,4175745.1869342127,0.918556406205983,False
1,25-26,5623.413251903491,6054920.76786082,4175750.272173463,0.9185565468470402,False
1,25-26,10000.0,6054917.847668602,4175753.1342553827,0.9185566254047919,False
1,25-26,17782.794100389227,6054916.211768001,4175754.7444950375,0.9185566694130677,False
1,25-26,31622.776601683792,6054915.293809574,4175755.6502437964,0.9185566941075749,False
1,25-26,56234.13251903491,6054914.778228773,4175756.1596610746,0.9185567079774974,False
1,25-26,100000.0,6054914.4884941215,4175756.4461519155,0.9185567157718081,False
1,25-26,177827.94100389228,6054914.325626894,4175756.607265289,0.9185567201531885,False
1,25-26,316227.7660168379,6054914.2340597,4175756.697868444,0.9185567226164876,False
1,25-26,562341.3251903491,6054914.182573938,4175756.7488191146,0.9185567240015342,False
1,25-26,1000000.0,6054914.153623344,4175756.777471028,0.9185567247803499,False
1,25-26,1778279.410038923,6054914.137343854,4175756.7935832585,0.9185567252182933,False
1,25-26,3162277.6601683795,6054914.128189422,4175756.8026438574,0.9185567254645617,False
1,25-26,5623413.251903491,6054914.123041569,4175756.8077390147,0.9185567256030469,False
1,25-26,10000000.0,6054914.120146737,4175756.8106042324,0.9185567256809224,False
1,25-26,17782794.100389227,6054914.11851886,4175756.812215464,0.9185567257247148,False
1,25-26,31622776.60168379,6054914.117603441,4175756.8131215274,0.918556725749341,False
1,25-26,56234132.51903491,6054914.117088663,4175756.8136310456,0.9185567257631893,False
1,25-26,100000000.0,6054914.116799183,4175756.813917568,0.9185567257709768,True
2,10-11,0.0001,13553100.045948258,11026390.529724738,0.8869420231634908,False
2,10-11,0.00017782794100389227,13547657.863262855,11021536.153189544,0.8870328007169792,False
2,10-11,0.00031622776601683794,13538034.269882211,11012939.253000353,0.8871932364576794,False
2,10-11,0.0005623413251903491,13521089.74272461,10997762.766783176,0.8874754430199512,False
2,10-11,0.001,13491479.418017713,10971119.92619174,0.887967746587356,False
2,10-11,0.0017782794100389228,13440407.602342373,10924798.118867196,0.8888143343821057,False
2,10-11,0.0031622776601683794,13354250.895922132,10845582.35410486,0.8902352269278729,False
2,10-11,0.005623413251903491,13214098.088735307,10713777.536881968,0.8925270985606194,False
2,10-11,0.01,12998617.247696878,10503781.708955083,0.8960036174568173,False
2,10-11,0.01778279410038923,12692897.063072003,10230604.911393316,0.9008379635388629,False
2,10-11,0.03162277660168379,12300951.012690177,9860880.862630663,0.9068674918572476,False
2,10-11,0.05623413251903491,11851010.786263304,9392386.14921078,0.9135560292097258,False
2,10-11,0.1,11386393.324466318,8864698.194015875,0.9202012139594321,False
2,10-11,0.1778279410038923,10951385.11963559,8361830.220241873,0.9261820424512579,False
2,10-11,0.31622776601683794,10581753.413527872,7902802.028672469,0.9310809638612378,False
2,10-11,0.5623413251903491,10297143.74224672,7497451.8762474535,0.9347384368705242,False
2,10-11,1.0,10096424.498717114,7184572.402807547,0.9372578892443401,False
2,10-11,1.7782794100389228,9963483.672115093,6973283.486968083,0.938899277178235,False
2,10-11,3.1622776601683795,9879625.867180284,6842894.914779908,0.9399234591834216,False
2,10-11,5.623413251903491,9830062.802106902,6766652.055075024,0.9405247185313803,False
2,10-11,10.0,9803199.09584522,6723614.599713838,0.9408493437918402,False
2,10-11,17.78279410038923,9789758.301670065,6705544.4950324325,0.9410114310388078,False
2,10-11,31.622776601683793,9783328.361730987,6697884.825544118,0.9410888932975285,False
2,10-11,56.23413251903491,9780260.731395291,6693502.214357821,0.9411258314761806,False
2,10-11,100.0,9778757.629424067,6691017.510494043,0.9411439265108631,False
2,10-11,177.82794100389228,9777993.24576028,6689638.1025193,0.9411531274471097,False
2,10-11,316.22776601683796,9777591.125438204,6688867.58535785,0.9411579675070623,False
2,10-11,562.341325190349,9777374.174178148,6688434.433865672,0.9411605787251632,False
2,10-11,1000.0,9777255.15173494,6688190.910556087,0.9411620112506913,False
2,10-11,1778.2794100389228,9777189.176118618,6688053.986899348,0.9411628053098446,False
2,10-11,3162.2776601683795,9777152.379988248,6687976.995608844,0.9411632481727111,False
2,10-11,5623.413251903491,9777131.784799622,6687933.702356046,0.9411634960470775,False
2,10-11,10000.0,9777120.23396324,6687909.357456273,0.9411636350674863,False
2,10-11,17782.794100389227,9777113.748169605,6687895.667531828,0.941163713127362,False
2,10-11,31622.776601683792,9777110.104015768,6687887.969191112,0.9411637569866125,False
2,10-11,56234.13251903491,9777108.055730619,6687883.640118043,0.941163781638762,False
2,10-11,100000.0,9777106.904203042,6687881.205708337,0.9411637954979776,False
2,10-11,177827.94100389228,9777106.256748864,6687879.836741371,0.9411638032904147,False
2,10-11,316227.7660168379,9777105.892689407,6687879.0669153705,0.9411638076720533,False
2,10-11,562341.3251903491,9777105.68797347,6687878.634010622,0.9411638101359125,False
2,10-11,1000000.0,9777105.572856314,6687878.390570459,0.9411638115214054,False
2,10-11,1778279.410038923,9777105.508122154,6687878.253674017,0.9411638123005135,False
2,10-11,3162277.6601683795,9777105.47171977,6687878.1766915005,0.9411638127386345,False
2,10-11,5623413.251903491,9777105.451249303,6687878.133401053,0.9411638129850067,False
2,10-11,10000000.0,9777105.439737946,6687878.1090570465,0.9411638131235518,False
2,10-11,17782794.100389227,9777105.433264641,6687878.095367403,0.9411638132014613,False
2,10-11,31622776.60168379,9777105.42962444,6687878.087669154,0.9411638132452729,False
2,10-11,56234132.51903491,9777105.427577402,6687878.083340107,0.94116381326991,False
2,10-11,100000000.0,9777105.42642627,6687878.080905704,0.9411638132837645,True
2,11-12,0.0001,10937921.94649914,8300871.9645827,0.926387967297972,False
2,11-12,0.00017782794100389227,10936407.330184964,8299406.319916558,0.9264083525716453,False
2,11-12,0.00031622776601683794,10933724.291502474,8296806.784756694,0.9264444567529543,False
2,11-12,0.0005623413251903491,10928985.60809665,8292205.413469604,0.9265082009796433,False
2,11-12,0.001,10920660.098873982,8284089.5320259,0.9266201278540382,False
2,11-12,0.0017782794100389228,10906166.249223093,8269863.557436685,0.9268147774541179,False
2,11-12,0.0031622776601683794,10881329.61130375,8246577.872449328,0.9271477276649083,False
2,11-12,0.005623413251903491,10839888.47615948,8207700.822480193,0.9277015812734299,False
2,11-12,0.01,10773666.500634722,8144926.985789311,0.9285822397265617,False
2,11-12,0.01778279410038923,10674588.625315342,8055373.462269867,0.9298897581659418,False
2,11-12,0.03162277660168379,10539249.466869166,7927798.553879323,0.9316562917248283,False
2,11-12,0.05623413251903491,10373506.527382603,7765626.745319005,0.9337889706517141,False
2,11-12,0.1,10191558.725462064,7563659.928324702,0.9360912397046344,False
2,11-12,0.1778279410038923,10009775.276173534,7330464.912902053,0.9383507460199535,False
2,11-12,0.31622776601683794,9843308.03642537,7089075.132992221,0.940384207331938,False
2,11-12,0.5623413251903491,9705572.953944296,6845555.902465716,0.942040914101039,False
2,11-12,1.0,9605012.107015574,6662067.283979369,0.9432357369658001,False
2,11-12,1.7782794100389228,9543495.005932042,6539564.219573112,0.9439605232275127,False
2,11-12,3.1622776601683795,9518142.252379071,6471591.097471513,0.9442578708744513,True
2,11-12,5.623413251903491,9521047.927822465,6454782.448453589,0.944223832034907,False
2,11-12,10.0,9539525.146158362,6461909.139622151,0.9440071356255166,False
2,11-12,17.78279410038923,9561332.969383985,6479523.773241877,0.9437508381271131,False
2,11-12,31.622776601683793,9579519.633051483,6502651.683465403,0.9435366509412623,False
2,11-12,56.23413251903491,9592294.487678105,6517973.0556815965,0.9433859561133282,False
2,11-12,100.0,9600447.174283715,6528611.088740936,0.9432896803576077,False
2,11-12,177.82794100389228,9605373.041905308,6535000.466030469,0.9432314707373474,False
2,11-12,316.22776601683796,9608257.892843414,6538674.613291,0.9431973662133257,False
2,11-12,562.341325190349,9609917.784444917,6540767.100053319,0.9431777384389449,False
2,11-12,1000.0,9610863.34769134,6541952.257197456,0.9431665558905324,False
2,11-12,1778.2794100389228,9611398.958930999,6542621.420344305,0.9431602210840584,False
2,11-12,3162.2776601683795,9611701.390705872,6542998.576534355,0.9431566439927844,False
2,11-12,5623.413251903491,9611871.852678208,6543210.939149414,0.9431546277594232,False
2,11-12,10000.0,9611967.834729549,6543330.44560392,0.9431534924628311,False
2,11-12,17782.794100389227,9612021.848736338,6543397.676298251,0.9431528535684186,False
2,11-12,31622.776601683792,9612052.2354906,6543435.491525766,0.9431524941428936,False
2,11-12,56234.13251903491,9612069.327155476,6543456.759320639,0.9431522919759975,False
2,11-12,100000.0,9612078.939750269,6543468.719943946,0.9431521782743092,False
2,11-12,177827.94100389228,9612084.345703406,6543475.446169742,0.9431521143304425,False
2,11-12,316227.7660168379,9612087.385818811,6543479.228690818,0.9431520783706748,False
2,11-12,562341.3251903491,9612089.095440725,6543481.355786036,0.9431520581485405,False
2,11-12,1000000.0,9612090.05684423,6543482.551948215,0.9431520467766498,False
2,11-12,1778279.410038923,9612090.597485097,6543483.224602372,0.9431520403817185,False
2,11-12,3162277.6601683795,9612090.90151104,6543483.602864466,0.9431520367855696,False
2,11-12,5623413.251903491,9612091.072477784,6543483.815577143,0.9431520347633017,False
2,11-12,10000000.0,9612091.168619579,6543483.935194358,0.9431520336260955,False
2,11-12,17782794.100389227,9612091.222684123,6543484.002460091,0.9431520329865968,False
2,11-12,31622776.60168379,9612091.25308686,6543484.040286399,0.9431520326269802,False
2,11-12,56234132.51903491,9612091.270183576,6543484.0615577,0.9431520324247529,False
2,11-12,100000000.0,9612091.279797772,6543484.073519433,0.9431520323110321,False
2,12-13,0.0001,11954259.813158361,9795185.378497705,0.9128892067947396,False
2,12-13,0.00017782794100389227,11951036.837155152,9792307.128355449,0.9129361721699844,False
2,12-13,0.00031622776601683794,11945330.483241342,9787208.54930524,0.9130192943981102,False
2,12-13,0.0005623413251903491,11935261.011575978,9778203.57544448,0.9131658756245153,False
2,12-13,0.001,11917595.770263527,9762381.336950019,0.9134227297598546,False
2,12-13,0.0017782794100389228,11886914.362596607,9734827.524577986,0.9138679358710707,False
2,12-13,0.0031622776601683794,11834515.208793348,9687558.138821302,0.9146256261565182,False
2,12-13,0.005623413251903491,11747418.27291251,9608412.936992476,0.9158776392588985,False
2,12-13,0.01,11608470.071919804,9485139.822508808,0.9178558652603293,False
2,12-13,0.01778279410038923,11399108.242737906,9304933.754153479,0.920792128582862,False
2,12-13,0.03162277660168379,11105595.709648456,9044124.8698271,0.9248186178145348,False
2,12-13,0.05623413251903491,10727432.809560547,8703146.692997303,0.9298515315796982,False
2,12-13,0.1,10285661.6149953,8282117.284328253,0.9355101967092192,False
2,12-13,0.1778279410038923,9826770.354662344,7812501.296784904,0.9411362126960637,False
2,12-13,0.31622776601683794,9411608.036446126,7351858.717238237,0.9460049122817561,False
2,12-13,0.5623413251903491,9086820.689395998,6929441.23593512,0.949667268045233,False
2,12-13,1.0,8862930.58847416,6569473.162491882,0.9521170075993638,False
2,12-13,1.7782794100389228,8721043.674654894,6286428.472570338,0.9536378561532339,False
2,12-13,3.1622776601683795,8635160.116519833,6134996.053477912,0.9545464951188538,False
2,12-13,5.623413251903491,8585422.695188954,6067906.426508231,0.955068599933445,False
2,12-13,10.0,8558458.01970846,6035651.106090129,0.9553503934011561,False
2,12-13,17.78279410038923,8544824.459774634,6024393.019331459,0.9554925330792494,False
2,12-13,31.622776601683793,8538221.399534844,6021399.593287111,0.9555612932827542,False
2,12-13,56.23413251903491,8535038.067313002,6020142.348073538,0.9555944235541047,False
2,12-13,100.0,8533466.188009467,6019517.895050193,0.9556107782038556,False
2,12-13,177.82794100389228,8532662.62980865,6019196.155466212,0.9556191376777217,False
2,12-13,316.22776601683796,8532238.484996136,6019025.185533289,0.9556235497693494,False
2,12-13,562.341325190349,8532009.184027899,6018932.314841632,0.9556259349409055,False
2,12-13,1000.0,8531883.234696463,6018881.147575439,0.9556272450291756,False
2,12-13,1778.2794100389228,8531813.370689835,6018852.712740498,0.9556279717258894,False
2,12-13,3162.2776601683795,8531774.390360316,6018836.830487461,0.9556283771806872,False
2,12-13,5623.413251903491,8531752.56770711,6018827.933472217,0.9556286041687096,False
2,12-13,10000.0,8531740.326877255,6018822.941161761,0.9556287314912763,False
2,12-13,17782.794100389227,8531733.453155486,6018820.137214228,0.9556288029879744,False
2,12-13,31622.776601683792,8531729.59088033,6018818.561525637,0.955628843161225,False
2,12-13,56234.13251903491,8531727.41994504,6018817.675794701,0.9556288657420855,False
2,12-13,100000.0,8531726.19944892,6018817.177820356,0.9556288784370043,False
2,12-13,177827.94100389228,8531725.51321172,6018816.8978232,0.9556288855748595,False
2,12-13,316227.7660168379,8531725.127343245,6018816.740380105,0.955628889588447,False
2,12-13,562341.3251903491,8531724.910363276,6018816.651846791,0.955628891845351,False
2,12-13,1000000.0,8531724.788349576,6018816.602061934,0.9556288931144691,False
2,12-13,1778279.410038923,8531724.719737217,6018816.574066197,0.9556288938281363,False
2,12-13,3162277.6601683795,8531724.68115396,6018816.558323148,0.9556288942294577,False
2,12-13,5623413.251903491,8531724.659457099,6018816.549470212,0.9556288944551363,False
2,12-13,10000000.0,8531724.64725609,6018816.544491853,0.9556288945820444,False
2,12-13,17782794.100389227,8531724.640394967,6018816.541692319,0.9556288946534099,False
2,12-13,31622776.60168379,8531724.636536678,6018816.540118026,0.9556288946935416,False
2,12-13,56234132.51903491,8531724.634366997,6018816.539232735,0.9556288947161095,False
2,12-13,100000000.0,8531724.6331469,6018816.538734897,0.9556288947288002,True
2,13-14,0.0001,12443318.072047185,10089714.91635194,0.9055881017899584,False
2,13-14,0.00017782794100389227,12440571.071088554,10087008.0699503,0.9056297821434196,False
2,13-14,0.00031622776601683794,12435705.29810187,10082210.035285775,0.9057035881215899,False
2,13-14,0.0005623413251903491,12427112.56787901,10073726.356569298,0.9058338555529741,False
2,13-14,0.001,12412018.519090597,10058791.21359494,0.9060624662107465,False
2,13-14,0.0017782794100389228,12385747.427173637,10032697.595853653,0.9064596989223522,False
2,13-14,0.0031622776601683794,12340735.99680384,9987698.500865668,0.9071383389853629,False
2,13-14,0.005623413251903491,12265597.38933119,9911764.233553857,0.9082657035251237,False
2,13-14,0.01,12145211.219945481,9788211.130684637,0.9100576007040353,False
2,13-14,0.01778279410038923,11963581.271314275,9597993.699036455,0.9127276374812671,False
2,13-14,0.03162277660168379,11710505.51694781,9324504.061011162,0.9163808766033895,False
2,13-14,0.05623413251903491,11389567.815152751,8968896.881011017,0.9209013968768166,False
2,13-14,0.1,11022403.017476873,8555495.45518462,0.9259189896254052,False
2,13-14,0.1778279410038923,10646736.071903342,8117216.13150635,0.9308826146490486,False
2,13-14,0.31622776601683794,10306739.309026608,7675699.302882793,0.9352265681984488,False
2,13-14,0.5623413251903491,10035721.813098276,7268563.559126864,0.9385882387313659,False
2,13-14,1.0,9842638.799014904,6931916.562708503,0.9409285787498515,False
2,13-14,1.7782794100389228,9715726.048673712,6702380.645881173,0.9424421125482905,False
2,13-14,3.1622776601683795,9636821.059860483,6572639.794288221,0.9433732138209555,False
2,13-14,5.623413251903491,9590494.038271647,6515720.283874367,0.9439163482680524,False
2,13-14,10.0,9565106.533153411,6481967.289914689,0.9442128792808939,False
2,13-14,17.78279410038923,9552021.32177072,6470245.693276422,0.944365410138412,False
2,13-14,31.622776601683793,9545484.353270048,6465380.866217362,0.944441531643102,False
2,13-14,56.23413251903491,9542211.350346256,6462644.98901708,0.9444796254363608,False
2,13-14,100.0,9540534.957315955,6461111.01645512,0.9444991315633662,False
2,13-14,177.82794100389228,9539652.279164778,6460250.850680247,0.9445094008277085,False
2,13-14,316.22776601683796,9539176.534102594,6459768.1250106245,0.9445149353523451,False
2,13-14,562.341325190349,9538915.837608065,6459497.018123195,0.9445179680175121,False
2,13-14,1000.0,9538771.456621153,6459344.681417299,0.9445196475563709,False
2,13-14,1778.2794100389228,9538690.977653202,6459259.054807101,0.944520583731997,False
2,13-14,3162.2776601683795,9538645.94820037,6459210.915876677,0.9445211075359167,False
2,13-14,5623.413251903491,9538620.698465804,6459183.849347098,0.9445214012517045,False
2,13-14,10000.0,9538606.522385357,6459168.629985349,0.9445215661536372,False
2,13-14,17782.794100389227,9538598.557838425,6459160.071911127,0.9445216588003785,False
2,13-14,31622.776601683792,9538594.081338808,6459155.259479646,0.9445217108727482,False
2,13-14,56234.13251903491,9538591.564743929,6459152.55329085,0.9445217401467394,False
2,13-14,100000.0,9538590.149788225,6459151.03150181,0.9445217566060403,False
2,13-14,177827.94100389228,9538589.354172774,6459150.175740973,0.9445217658609397,False
2,13-14,316227.7660168379,9538588.906788293,6459149.69451257,0.9445217710650845,False
2,13-14,562341.3251903491,9538588.655212771,6459149.423898354,0.9445217739915057,False
2,13-14,1000000.0,9538588.513743756,6459149.2717209235,0.9445217756371265,False
2,13-14,1778279.410038923,9538588.434190609,6459149.186145311,0.9445217765625186,False
2,13-14,3162277.6601683795,9538588.38945482,6459149.138022618,0.9445217770829021,False
2,13-14,5623413.251903491,9538588.364298109,6459149.110961246,0.9445217773755344,False
2,13-14,10000000.0,9538588.350151474,6459149.095743517,0.9445217775400934,False
2,13-14,17782794.100389227,9538588.342196237,6459149.087185955,0.9445217776326317,False
2,13-14,31622776.60168379,9538588.337722687,6459149.082373692,0.9445217776846697,False
2,13-14,56234132.51903491,9538588.335207025,6459149.079667551,0.9445217777139329,False
2,13-14,100000000.0,9538588.333792366,6459149.078145781,0.9445217777303887,True
2,14-15,0.0001,12868967.646545717,10362023.69579541,0.8986969769881128,False
2,14-15,0.00017782794100389227,12865872.077359997,10359555.46939626,0.8987457070508049,False
2,14-15,0.00031622776601683794,12860391.804383233,10355180.204099914,0.8988319480736968,False
2,14-15,0.0005623413251903491,12850722.963515524,10347443.420344658,0.8989840134380596,False
2,14-15,0.001,12833766.380140292,10333821.15670627,0.8992504196041662,False
2,14-15,0.0017782794100389228,12804336.557114838,10310014.943840176,0.8997119587317359,False
2,14-15,0.0031622776601683794,12754151.091625052,10268940.239147197,0.9004965583567728,False
2,14-15,0.005623413251903491,12671011.74877127,10199564.025356356,0.9017895785816031,False
2,14-15,0.01,12539329.678006615,10086289.746431997,0.9038202533012872,False
2,14-15,0.01778279410038923,12343744.590522641,9914219.39743188,0.90679722538309,False
2,14-15,0.03162277660168379,12076247.397167904,9669612.189191913,0.9107929885034138,False
2,14-15,0.05623413251903491,11743436.628098594,9351224.298889304,0.9156421690501897,False
2,14-15,0.1,11369419.253259754,8955560.310860993,0.9209300342611051,False
2,14-15,0.1778279410038923,10993045.432263996,8507859.113509515,0.9260784553810844,False
2,14-15,0.31622776601683794,10657898.598583486,8063795.273582773,0.9305170649537381,False
2,14-15,0.5623413251903491,10395149.782496126,7668184.586367211,0.9339007563236679,False
2,14-15,1.0,10210995.681432089,7344715.956826023,0.936221959432793,False
2,14-15,1.7782794100389228,10091760.121090202,7144988.341599938,0.9377027572836153,False
2,14-15,3.1622776601683795,10018962.691671338,7034517.640671664,0.9385982843398321,False
2,14-15,5.623413251903491,9977621.676862458,6976789.648266406,0.9391039598722389,False
2,14-15,10.0,9956323.648233937,6941882.7255003145,0.9393636573051023,False
2,14-15,17.78279410038923,9946381.97944013,6925180.904285964,0.93948469102953,False
2,14-15,31.622776601683793,9942050.736891223,6917628.231642397,0.9395373834383454,False
2,14-15,56.23413251903491,9940207.808240147,6913503.164755922,0.9395597969149534,False
2,14-15,100.0,9939408.214094197,6911291.146070353,0.9395695201903119,False
2,14-15,177.82794100389228,9939044.289771155,6910045.967443009,0.9395739453468945,False
2,14-15,316.22776601683796,9938868.93194295,6909345.5340638105,0.9395760775616078,False
2,14-15,562.341325190349,9938780.001157692,6908951.617728607,0.9395771588763664,False
2,14-15,1000.0,9938733.130125977,6908730.098183065,0.9395777287801622,False
2,14-15,1778.2794100389228,9938707.779129045,6908605.528481142,0.9395780370212305,False
2,14-15,3162.2776601683795,9938693.844039612,6908535.477971145,0.9395782064567118,False
2,14-15,5623.413251903491,9938686.109670248,6908496.0857704,0.9395783004981008,False
2,14-15,10000.0,9938681.792621698,6908473.933945238,0.9395783529886113,False
2,14-15,17782.794100389227,9938679.375197707,6908461.477071515,0.9395783823817891,False
2,14-15,31622.776601683792,9938678.019018132,6908454.472060963,0.9395783988714163,False
2,14-15,56234.13251903491,9938677.257406665,6908450.532855452,0.939578408131759,False
2,14-15,100000.0,9938676.829445073,6908448.317677862,0.9395784133352925,False
2,14-15,177827.94100389228,9938676.588887062,6908447.071992103,0.9395784162602083,False
2,14-15,316227.7660168379,9938676.453643758,6908446.371491567,0.9395784179046153,False
2,14-15,562341.3251903491,9938676.377601106,6908445.97757118,0.9395784188292087,False
2,14-15,1000000.0,9938676.334842421,6908445.756053477,0.9395784193491064,False
2,14-15,1778279.410038923,9938676.310798474,6908445.631484917,0.9395784196414538,False
2,14-15,3162277.6601683795,9938676.29727789,6908445.561434868,0.939578419805849,False
2,14-15,5623413.251903491,9938676.289674815,6908445.522042832,0.9395784198982938,False
2,14-15,10000000.0,9938676.285399314,6908445.499891059,0.9395784199502791,False
2,14-15,17782794.100389227,9938676.28299504,6908445.487434206,0.9395784199795124,False
2,14-15,31622776.60168379,9938676.281643018,6908445.4804292,0.9395784199959515,False
2,14-15,56234132.51903491,9938676.280882722,6908445.476489997,0.9395784200051958,False
2,14-15,100000000.0,9938676.280455174,6908445.474274818,0.9395784200103943,True
2,15-16,0.0001,12174129.631482186,9481214.188687025,0.911026521854093,False
2,15-16,0.00017782794100389227,12171696.599884188,9478979.539234176,0.9110620814642976,False
2,15-16,0.00031622776601683794,12167386.709036747,9475017.910732303,0.9111250545846196,False
2,15-16,0.0005623413251903491,12159774.850029487,9468011.253160167,0.9112362192843626,False
2,15-16,0.001,12146401.355825307,9455670.339213617,0.9114313592662701,False
2,15-16,0.0017782794100389228,12123117.415006217,9434089.890929857,0.911770595612027,False
2,15-16,0.0031622776601683794,12083202.002467327,9396811.865984686,0.9123506304869955,False
2,15-16,0.005623413251903491,12016509.280059155,9333709.841627095,0.9133155142763764,False
2,15-16,0.01,11909503.598257376,9246263.740463825,0.9148524719064077,False
2,15-16,0.01778279410038923,11747748.95981946,9108949.709263183,0.9171497087562055,False
2,15-16,0.03162277660168379,11521872.505410915,8904393.566462943,0.9203050403436408,False
2,15-16,0.05623413251903491,11234839.320540626,8622317.014570564,0.9242263067108977,False
2,15-16,0.1,10905842.73005461,8265030.039205984,0.9285991822552647,False
2,15-16,0.1778279410038923,10568391.0637568,7854059.375760941,0.9329494298805676,False
2,15-16,0.31622776601683794,10261453.18471395,7437534.393964143,0.9367875736186907,False
2,15-16,0.5623413251903491,10014160.991744772,7060698.195204372,0.9397975920084801,False
2,15-16,1.0,9834469.143123863,6741080.095633907,0.9419387249848237,False
2,15-16,1.7782794100389228,9712754.844103724,6566132.940058228,0.9433669986093927,False
2,15-16,3.1622776601683795,9634217.973135712,6446991.201704387,0.9442791592745945,False
2,15-16,5.623413251903491,9586360.691907061,6382401.163536032,0.944831362839404,False
2,15-16,10.0,9559308.07526038,6347061.872742329,0.9451422942119604,False
2,15-16,17.78279410038923,9545044.062315742,6327892.275843121,0.9453058849694891,False
2,15-16,31.622776601683793,9537808.293166595,6317301.196813041,0.9453887769883966,False
2,15-16,56.23413251903491,9534149.828599866,6311049.943062029,0.9454306639503387,False
2,15-16,100.0,9532264.695577549,6307432.907459498,0.9454522411835997,False
2,15-16,177.82794100389228,9531268.522714641,6306496.858140756,0.9454636416554587,False
2,15-16,316.22776601683796,9530730.46939193,6306093.691668431,0.9454697987877452,False
2,15-16,562.341325190349,9530435.269110193,6305867.601414693,0.9454731767201119,False
2,15-16,1000.0,9530271.664791184,6305740.668642948,0.9454750487746337,False
2,15-16,1778.2794100389228,9530180.434457183,6305669.356212319,0.9454760926705221,False
2,15-16,3162.2776601683795,9530129.377979789,6305629.275799369,0.9454766768758693,False
2,15-16,5623.413251903491,9530100.745043473,6305606.743782222,0.9454770045021652,False
2,15-16,10000.0,9530084.668371072,6305594.0752750095,0.9454771884556451,False
2,15-16,17782.794100389227,9530075.635652596,6305586.951940022,0.9454772918102302,False
2,15-16,31622.776601683792,9530070.558669172,6305582.946412915,0.9454773499022796,False
2,15-16,56234.13251903491,9530067.704458596,6305580.694008659,0.9454773825608208,False
2,15-16,100000.0,9530066.099666985,6305579.42741054,0.9454774009232154,False
2,15-16,177827.94100389228,9530065.197305085,6305578.715157003,0.9454774112482464,False
2,15-16,316227.7660168379,9530064.689894594,6305578.314629588,0.9454774170541527,False
2,15-16,562341.3251903491,9530064.404564584,6305578.089397163,0.9454774203189634,False
2,15-16,1000000.0,9530064.244114218,6305577.962739886,0.9454774221548728,False
2,15-16,1778279.410038923,9530064.153887134,6305577.89151533,0.9454774231872717,False
2,15-16,3162277.6601683795,9530064.103148967,6305577.851462845,0.9454774237678293,False
2,15-16,5623413.251903491,9530064.074616875,6305577.82893968,0.9454774240942999,False
2,15-16,10000000.0,9530064.058572128,6305577.816273981,0.9454774242778875,False
2,15-16,17782794.100389227,9530064.049549507,6305577.809151529,0.9454774243811264,False
2,15-16,31622776.60168379,9530064.04447572,6305577.8051462835,0.9454774244391818,False
2,15-16,56234132.51903491,9530064.04162252,6305577.802893967,0.9454774244718288,False
2,15-16,100000000.0,9530064.04001805,6305577.8016274,0.9454774244901875,True
2,16-17,0.0001,13378184.133133916,10843413.215610947,0.8904067760762155,False
2,16-17,0.00017782794100389227,13373121.620198768,10838875.328341937,0.890489703943329,False
2,16-17,0.00031622776601683794,13364172.479748605,10830843.70607406,0.8906362209851777,False
2,16-17,0.0005623413251903491,13348424.751839655,10816679.878651138,0.8908938076541012,False
2,16-17,0.001,13320932.847594645,10791859.335835166,0.8913427667159349,False
2,16-17,0.0017782794100389228,13273589.021079335,10748835.901880084,0.8921137499034378,False
2,16-17,0.0031622776601683794,13193904.47924165,10675620.377644768,0.8934051959274713,False
2,16-17,0.005623413251903491,13064658.577973565,10554711.469021745,0.8954833469271862,False
2,16-17,0.01,12866516.987470198,10386139.810208233,0.8986295533613782,False
2,16-17,0.01778279410038923,12585791.084710281,10138973.433863087,0.9030047645694069,False
2,16-17,0.03162277660168379,12225171.436046178,9805034.3013437,0.9084835256645595,False
2,16-17,0.05623413251903491,11808046.741095249,9395502.746780852,0.9146220954250994,False
2,16-17,0.1,11370730.892794892,8925894.26834022,0.9208290005928187,False
2,16-17,0.1778279410038923,10952168.651461849,8429225.166047977,0.9265503703674148,False
2,16-17,0.31622776601683794,10588249.123730456,7958894.231355875,0.9313504544719912,False
2,16-17,0.5623413251903491,10303525.982110742,7537513.747161355,0.9349928530996526,False
2,16-17,1.0,10101937.671027761,7211141.885375154,0.9375116965604671,False
2,16-17,1.7782794100389228,9969296.541815687,6987477.724250313,0.9391418994320844,False
2,16-17,3.1622776601683795,9885943.738902232,6864076.991164509,0.9401553083462371,False
2,16-17,5.623413251903491,9835721.943902696,6797214.004713163,0.9407618005017228,False
2,16-17,10.0,9806988.279157408,6754743.040425955,0.9411074069163493,False
2,16-17,17.78279410038923,9791304.790450461,6726854.530148575,0.9412956202070099,False
2,16-17,31.622776601683793,9782952.46951389,6715181.774212728,0.9413957312140493,False
2,16-17,56.23413251903491,9778509.937723452,6709901.247332724,0.9414489446409653,False
2,16-17,100.0,9776120.003786216,6706833.385609405,0.9414775616909761,False
2,16-17,177.82794100389228,9774816.50942783,6705075.519315388,0.9414931667740809,False
2,16-17,316.22776601683796,9774097.559283113,6704076.371512947,0.9415017729610641,False
2,16-17,562.341325190349,9773697.951835694,6703511.095401171,0.9415065561851277,False
2,16-17,1000.0,9773474.763475299,6703192.128015851,0.9415092276216348,False
2,16-17,1778.2794100389228,9773349.746643752,6703012.413283537,0.9415107239746611,False
2,16-17,3162.2776601683795,9773279.601323545,6702911.242478063,0.9415115635505237,False
2,16-17,5623.413251903491,9773240.20556381,6702854.315181008,0.9415120350793942,False
2,16-17,10000.0,9773218.067512127,6702822.291603553,0.9415123000494751,False
2,16-17,17782.794100389227,9773205.623379447,6702804.279940486,0.9415124489928896,False
2,16-17,31622.776601683792,9773198.627114758,6702794.150136561,0.9415125327308681,False
2,16-17,56234.13251903491,9773194.693327608,6702788.45338084,0.9415125798141639,False
2,16-17,100000.0,9773192.481355196,6702785.2497495,0.9415126062891395,False
2,16-17,177827.94100389228,9773191.23752188,6702783.448180365,0.941512621176509,False
2,16-17,316227.7660168379,9773190.538078886,6702782.435072585,0.9415126295481012,False
2,16-17,562341.3251903491,9773190.1447582,6702781.865356719,0.9415126342557333,False
2,16-17,1000000.0,9773189.923579307,6702781.544980844,0.9415126369030102,False
2,16-17,1778279.410038923,9773189.799201783,6702781.364819904,0.9415126383916773,False
2,16-17,3162277.6601683795,9773189.729259314,6702781.263507847,0.9415126392288146,False
2,16-17,5623413.251903491,9773189.689927828,6702781.20653586,0.9415126396995708,False
2,16-17,10000000.0,9773189.667810123,6702781.174498147,0.9415126399642962,False
2,16-17,17782794.100389227,9773189.655372428,6702781.156482012,0.9415126401131623,False
2,16-17,31622776.60168379,9773189.6483782,6702781.146350789,0.9415126401968757,False
2,16-17,56234132.51903491,9773189.644445056,6702781.140653589,0.9415126402439513,False
2,16-17,100000000.0,9773189.64223329,6702781.137449818,0.9415126402704238,True
2,17-18,0.0001,12527589.762138417,10074063.403752,0.9035859500721484,False
2,17-18,0.00017782794100389227,12524601.782082709,10071408.08695614,0.903631936396428,False
2,17-18,0.00031622776601683794,12519311.430400625,10066702.3107556,0.9037133303254145,False
2,17-18,0.0005623413251903491,12509975.934153523,10058384.609961635,0.9038568763511022,False
2,17-18,0.001,12493598.512703668,10043750.369603273,0.9041084429066664,False
2,17-18,0.0017782794100389228,12465157.01308265,10018208.37493794,0.9045445374958201,False
2,17-18,0.0031622776601683794,12416605.865488559,9974234.351719609,0.9052866776434214,False
2,17-18,0.005623413251903491,12336028.592095664,9900225.435496539,0.9065119687332145,False
2,17-18,0.01,12208041.400311595,9780563.249921678,0.9084417956986925,False
2,17-18,0.01778279410038923,12017258.008334422,9597606.153295074,0.9112811199959329,False
2,17-18,0.03162277660168379,11755674.473618127,9335376.10914365,0.9151014285466638,False
2,17-18,0.05623413251903491,11430968.503388697,8990009.499240138,0.919726659553124,False
2,17-18,0.1,11069890.772870377,8578523.264394166,0.9247178608705987,False
2,17-18,0.1778279410038923,10713979.60564805,8124841.121457006,0.9294808757538287,False
2,17-18,0.31622776601683794,10407476.334274676,7680609.702093582,0.9334579550063429,False
2,17-18,0.5623413251903491,10179138.11896505,7304014.434438753,0.9363457663166833,False
2,17-18,1.0,10030313.812321,7044007.45849727,0.9381934757810466,False
2,17-18,1.7782794100389228,9942110.533544086,6890189.237808866,0.9392757088340767,False
2,17-18,3.1622776601683795,9892817.338429272,6819141.7659979565,0.9398763607608783,False
2,17-18,5.623413251903491,9867301.419537317,6782054.612279113,0.9401861070007037,False
2,17-18,10.0,9855960.64887797,6756338.808965918,0.9403235196120515,False
2,17-18,17.78279410038923,9852113.474672658,6738920.164679906,0.9403700987362877,False
2,17-18,31.622776601683793,9851456.419498429,6731122.690364709,0.9403780521218772,True
2,17-18,56.23413251903491,9851792.144391099,6728371.553032766,0.9403739883749002,False
2,17-18,100.0,9852263.055967335,6726754.032701219,0.9403682880414421,False
2,17-18,177.82794100389228,9852630.23472093,6725820.679984779,0.9403638431934812,False
2,17-18,316.22776601683796,9852871.751913771,6725288.022646436,0.9403609194394434,False
2,17-18,562.341325190349,9853019.15820347,6725019.394708068,0.9403591349360887,False
2,17-18,1000.0,9853105.811250502,6724976.940464543,0.9403580859001885,False
2,17-18,1778.2794100389228,9853155.746282944,6724953.043994214,0.9403574813743629,False
2,17-18,3162.2776601683795,9853184.211445343,6724939.598866973,0.9403571367667115,False
2,17-18,5623.413251903491,9853200.34077222,6724932.035857903,0.9403569414998812,False
2,17-18,10000.0,9853209.449698906,6724927.782151918,0.9403568312241374,False
2,17-18,17782.794100389227,9853214.584293151,6724925.38989177,0.9403567690629598,False
2,17-18,31622.776601683792,9853217.475570448,6724924.044553757,0.9403567340601405,False
2,17-18,56234.13251903491,9853219.102683553,6724923.287992057,0.9403567143617328,False
2,17-18,100000.0,9853220.018065048,6724922.862539018,0.9403567032797987,False
2,17-18,177827.94100389228,9853220.532944782,6724922.623286938,0.940356697046481,False
2,17-18,316227.7660168379,9853220.822521798,6724922.488744898,0.9403566935407581,False
2,17-18,562341.3251903491,9853220.98537521,6724922.413086126,0.9403566915691965,False
2,17-18,1000000.0,9853221.076958302,6724922.370539995,0.9403566904604589,False
2,17-18,1778279.410038923,9853221.12846049,6724922.346614529,0.940356689836955,False
2,17-18,3162277.6601683795,9853221.157422686,6724922.333160241,0.9403566894863282,False
2,17-18,5623413.251903491,9853221.173709448,6724922.325594337,0.9403566892891548,False
2,17-18,10000000.0,9853221.182868203,6724922.321339713,0.9403566891782758,False
2,17-18,17782794.100389227,9853221.188018566,6724922.318947168,0.9403566891159236,False
2,17-18,31622776.60168379,9853221.190914828,6724922.317601734,0.9403566890808603,False
2,17-18,56234132.51903491,9853221.19254352,6724922.316845147,0.9403566890611429,False
2,17-18,100000000.0,9853221.1934594,6724922.316419683,0.9403566890500549,False
2,18-19,0.0001,13831848.709049284,10772118.665819762,0.882983896364551,False
2,18-19,0.00017782794100389227,13817138.442205401,10762208.041073175,0.8832326588862067,False
2,18-19,0.00031622776601683794,13791326.424286949,10744763.466969272,0.8836685212700413,False
2,18-19,0.0005623413251903491,13746492.716895739,10714295.710103912,0.8844236471751822,False
2,18-19,0.001,13669981.272918142,10661794.25658587,0.8857066368789247,False
2,18-19,0.0017782794100389228,13543269.517474687,10573368.343686845,0.8878156656510321,False
2,18-19,0.0031622776601683794,13343534.775512937,10429911.217473892,0.8911002314906021,False
2,18-19,0.005623413251903491,13052025.726367025,10210293.019367376,0.8958064068144875,False
2,18-19,0.01,12670782.200304775,9900591.715451907,0.9018044007927344,False
2,18-19,0.01778279410038923,12235221.666303005,9508580.795053039,0.908439352187309,False
2,18-19,0.03162277660168379,11798336.628231876,9156546.312131725,0.9148613539412621,False
2,18-19,0.05623413251903491,11392482.21353259,8797659.887851965,0.9206180265441969,False
2,18-19,0.1,11017302.568203798,8405520.232015695,0.9257603824026229,False
2,18-19,0.1778279410038923,10667763.205458404,7986646.846974404,0.9303963672395436,False
2,18-19,0.31622776601683794,10356870.18878683,7576414.188189322,0.9343941995319124,False
2,18-19,0.5623413251903491,10105082.909386251,7205652.325502876,0.93754532751968,False
2,18-19,1.0,9920117.96304751,6943434.405115042,0.9398107618887502,False
2,18-19,1.7782794100389228,9794461.81898287,6761418.546475034,0.9413259146655083,False
2,18-19,3.1622776601683795,9715116.04355419,6663412.026937337,0.9422727116241225,False
2,18-19,5.623413251903491,9669577.294720711,6605805.348989027,0.9428126263865808,False
2,18-19,10.0,9646440.079246093,6565337.4192057755,0.9430859730968042,False
2,18-19,17.78279410038923,9636069.124959556,6540970.446091328,0.9432082846384747,False
2,18-19,31.622776601683793,9631872.76008031,6533572.123028277,0.9432577377639237,False
2,18-19,56.23413251903491,9630282.43209005,6534021.912445499,0.943276473758554,False
2,18-19,100.0,9629695.401399216,6534370.029113107,0.9432833889110738,False
2,18-19,177.82794100389228,9629476.527240794,6534599.228089888,0.943285967115041,False
2,18-19,316.22776601683796,9629391.454884548,6534739.347929176,0.9432869691996473,False
2,18-19,562.341325190349,9629356.176139431,6534821.818901847,0.9432873847525725,False
2,18-19,1000.0,9629340.409829747,6534869.38092563,0.9432875704654917,False
2,18-19,1778.2794100389228,9629332.849831188,6534896.505938119,0.9432876595153536,False
2,18-19,3162.2776601683795,9629329.014828078,6534911.880021562,0.9432877046881527,False
2,18-19,5623.413251903491,9629326.99048081,6534920.563763817,0.9432877285330888,False
2,18-19,10000.0,9629325.894027742,6534925.459113463,0.9432877414482885,False
2,18-19,17782.794100389227,9629325.29072222,6534928.21580857,0.9432877485546671,False
2,18-19,31622.776601683792,9629324.955659967,6534929.767226491,0.9432877525013891,False
2,18-19,56234.13251903491,9629324.768569797,6534930.64003704,0.9432877547051373,False
2,18-19,100000.0,9629324.663781695,6534931.130975981,0.9432877559394437,False
2,18-19,177827.94100389228,9629324.604987985,6534931.407089664,0.9432877566319788,False
2,18-19,316227.7660168379,9629324.571967904,6534931.56237195,0.9432877570209247,False
2,18-19,562341.3251903491,9629324.553412644,6534931.649697436,0.9432877572394884,False
2,18-19,1000000.0,9629324.542982463,6534931.698805382,0.9432877573623463,False
2,18-19,1778279.410038923,9629324.537118472,6534931.726421196,0.9432877574314186,False
2,18-19,3162277.6601683795,9629324.533821326,6534931.741950826,0.943287757470256,False
2,18-19,5623413.251903491,9629324.531967338,6534931.750683822,0.9432877574920941,False
2,18-19,10000000.0,9629324.530924806,6534931.755594758,0.9432877575043742,False
2,18-19,17782794.100389227,9629324.530338561,6534931.758356386,0.9432877575112797,False
2,18-19,31622776.60168379,9629324.530008895,6534931.759909361,0.9432877575151628,False
2,18-19,56234132.51903491,9629324.529823514,6534931.760782665,0.9432877575173464,False
2,18-19,100000000.0,9629324.52971926,6534931.761273758,0.9432877575185744,True
2,19-20,0.0001,12090875.794097776,9693582.74416009,0.910114761854712,False
2,19-20,0.00017782794100389227,12088851.065818237,9691308.575458629,0.9101448635526318,False
2,19-20,0.00031622776601683794,12085263.298699375,9687276.892574528,0.9101981906163671,False
2,19-20,0.0005623413251903491,12078923.263081212,9680146.41828604,0.9102923875426333,False
2,19-20,0.001,12067773.512829497,9667588.032928763,0.9104579247871386,False
2,19-20,0.0017782794100389228,12048329.612229263,9645630.987456514,0.9107462372249835,False
2,19-20,0.0031622776601683794,12014909.393653993,9610541.096784785,0.911240702985846,False
2,19-20,0.005623413251903491,11958849.156888891,9552825.803048212,0.9120670527518541,False
2,19-20,0.01,11868445.715185361,9458518.189118061,0.9133914935727485,False
2,19-20,0.01778279410038923,11731152.4530249,9312285.76920137,0.9153836649051332,False
2,19-20,0.03162277660168379,11539401.413469352,9101595.492930429,0.9181272428374393,False
2,19-20,0.05623413251903491,11298146.438428307,8827390.617112698,0.9215148933664346,False
2,19-20,0.1,11027608.625939481,8518821.778753772,0.9252285947858356,False
2,19-20,0.1778279410038923,10756932.758943211,8181298.764568521,0.9288541190143526,False
2,19-20,0.31622776601683794,10513236.682880282,7852694.297011193,0.9320411944255181,False
2,19-20,0.5623413251903491,10313647.587569643,7549429.017687114,0.9345970362169596,False
2,19-20,1.0,10163331.075081209,7301147.5092618,0.9364895777650494,False
2,19-20,1.7782794100389228,10058350.268811697,7119842.350696036,0.9377948467542511,False
2,19-20,3.1622776601683795,9990694.953874351,7016645.779749408,0.9386288513988439,False
2,19-20,5.623413251903491,9951511.745579312,6965600.37181645,0.9391092990339344,False
2,19-20,10.0,9931745.91489079,6931731.734932389,0.9393509427273625,False
2,19-20,17.78279410038923,9923171.774784887,6910593.127798049,0.9394556149679325,False
2,19-20,31.622776601683793,9919954.661017817,6904385.82798917,0.9394948658456301,False
2,19-20,56.23413251903491,9918908.424160592,6900862.221895359,0.939507627872346,False
2,19-20,100.0,9918626.640540792,6898931.692591641,0.9395110648468064,False
2,19-20,177.82794100389228,9918579.56560822,6897904.415297195,0.9395116390202054,True
2,19-20,316.22776601683796,9918591.23331433,6897328.866672205,0.9395114967093374,False
2,19-20,562.341325190349,9918610.4137416,6897005.945950775,0.9395112627655378,False
2,19-20,1000.0,9918625.293755135,6896824.597517848,0.9395110812736016,False
2,19-20,1778.2794100389228,9918634.974911395,6896722.696738663,0.9395109631921251,False
2,19-20,3162.2776601683795,9918640.837791573,6896665.419046451,0.939510891682269,False
2,19-20,5623.413251903491,9918644.267765593,6896633.217507482,0.939510849846677,False
2,19-20,10000.0,9918646.238759555,6896615.11181638,0.9395108258063427,False
2,19-20,17782.794100389227,9918647.360488096,6896604.931051254,0.9395108121245488,False
2,19-20,31622.776601683792,9918647.995509777,6896599.206243832,0.9395108043791486,False
2,19-20,56234.13251903491,9918648.353946133,6896595.987029539,0.939510800007277,False
2,19-20,100000.0,9918648.555932742,6896594.176758089,0.9395107975436332,False
2,19-20,177827.94100389228,9918648.669651961,6896593.158775804,0.9395107961565925,False
2,19-20,316227.7660168379,9918648.733643292,6896592.586324874,0.939510795376086,False
2,19-20,562341.3251903491,9918648.769641638,6896592.264412874,0.9395107949370118,False
2,19-20,1000000.0,9918648.78988923,6896592.083388715,0.9395107946900506,False
2,19-20,1778279.410038923,9918648.801276626,6896591.981591428,0.9395107945511578,False
2,19-20,3162277.6601683795,9918648.807680655,6896591.924346632,0.9395107944730474,False
2,19-20,5623413.251903491,9918648.811282037,6896591.892155529,0.9395107944291211,False
2,19-20,10000000.0,9918648.813307283,6896591.874053142,0.9395107944044191,False
2,19-20,17782794.100389227,9918648.814446177,6896591.863873421,0.9395107943905279,False
2,19-20,31622776.60168379,9918648.81508663,6896591.8581489455,0.9395107943827162,False
2,19-20,56234132.51903491,9918648.815446788,6896591.854929839,0.9395107943783234,False
2,19-20,100000000.0,9918648.815649312,6896591.853119599,0.9395107943758532,False
2,20-21,0.0001,12949538.01437434,10484862.853602499,0.8955095403921992,False
2,20-21,0.00017782794100389227,12945886.840016257,10481607.034220098,0.8955684550966179,False
2,20-21,0.00031622776601683794,12939425.571796658,10475839.242655747,0.8956726722653223,False
2,20-21,0.0005623413251903491,12928033.94457446,10465651.095757747,0.895856287043581,False
2,20-21,0.001,12908079.601712266,10447745.963876711,0.8961775293271016,False
2,20-21,0.0017782794100389228,12873512.87487455,10416551.90694357,0.8967328400845668,False
2,20-21,0.0031622776601683794,12814737.340329885,10362996.726820188,0.8976736441817804,False
2,20-21,0.005623413251903491,12717746.407259928,10273210.810838927,0.8992167378569574,False
2,20-21,0.01,12564805.80699205,10128099.459023586,0.9016261538732327,False
2,20-21,0.01778279410038923,12338533.675306013,9905631.267175052,0.905137363406128,False
2,20-21,0.03162277660168379,12029878.35344715,9594627.336936269,0.9098240842730467,False
2,20-21,0.05623413251903491,11646906.90948673,9189535.27742807,0.9154741983616198,False
2,20-21,0.1,11219553.558998961,8705825.745597541,0.9215633129604967,False
2,20-21,0.1778279410038923,10795888.051632,8193905.606561597,0.9273752191889915,False
2,20-21,0.31622776601683794,10426162.661930054,7691068.07389032,0.9322643844026036,False
2,20-21,0.5623413251903491,10141196.885755658,7254224.00965227,0.9359164564377944,False
2,20-21,1.0,9942571.812633814,6946203.052034299,0.938402148759776,False
2,20-21,1.7782794100389228,9812421.262980789,6755894.738415827,0.9400042537680886,False
2,20-21,3.1622776601683795,9730356.017534386,6667877.124410658,0.9410035946288241,False
2,20-21,5.623413251903491,9681427.407920677,6618227.819933211,0.9415954238464647,False
2,20-21,10.0,9654730.716126913,6581763.636821458,0.9419170828604522,False
2,20-21,17.78279410038923,9641470.714672718,6562300.379307807,0.9420765177941249,False
2,20-21,31.622776601683793,9635291.459637085,6553196.889223469,0.9421507407591223,False
2,20-21,56.23413251903491,9632462.927055722,6548038.7718479205,0.9421847001879352,False
2,20-21,100.0,9631140.368880386,6545698.812622375,0.942200575431611,False
2,20-21,177.82794100389228,9630495.69282051,6544430.134813647,0.9422083129697993,False
2,20-21,316.22776601683796,9630167.399858404,6543717.142538062,0.942212253012212,False
2,20-21,562.341325190349,9629994.17316554,6543316.3809447,0.9422143319563986,False
2,20-21,1000.0,9629900.465323763,6543091.082519404,0.9422154565560182,False
2,20-21,1778.2794100389228,9629848.960044917,6542964.41042343,0.9422160746727006,False
2,20-21,3162.2776601683795,9629820.376396658,6542893.184865888,0.942216417704653,False
2,20-21,5623.413251903491,9629804.423378503,6542853.134179958,0.9422166091561522,False
2,20-21,10000.0,9629795.490630837,6542830.61278828,0.9422167163575423,False
2,20-21,17782.794100389227,9629790.479506765,6542817.948322251,0.9422167764957101,False
2,20-21,31622.776601683792,9629787.66538365,6542810.826646834,0.9422168102678014,False
2,20-21,56234.13251903491,9629786.084100556,6542806.821858902,0.9422168292446629,False
2,20-21,100000.0,9629785.195263935,6542804.569808888,0.942216839911524,False
2,20-21,177827.94100389228,9629784.695555892,6542803.303390557,0.9422168459084821,False
2,20-21,316227.7660168379,9629784.41458784,6542802.591231966,0.9422168492803582,False
2,20-21,562341.3251903491,9629784.256600047,6542802.190756007,0.9422168511763575,False
2,20-21,1000000.0,9629784.167760823,6542801.9655519035,0.9422168522425102,False
2,20-21,1778279.410038923,9629784.117804073,6542801.838910353,0.9422168528420373,False
2,20-21,3162277.6601683795,9629784.089711709,6542801.767694579,0.9422168531791715,False
2,20-21,5623413.251903491,9629784.073914338,6542801.727647016,0.9422168533687546,False
2,20-21,10000000.0,9629784.065030858,6542801.705126614,0.9422168534753645,False
2,20-21,17782794.100389227,9629784.060035324,6542801.69246246,0.9422168535353155,False
2,20-21,31622776.60168379,9629784.057226134,6542801.685340884,0.9422168535690284,False
2,20-21,56234132.51903491,9629784.05564641,6542801.681336129,0.9422168535879866,False
2,20-21,100000000.0,9629784.054758066,6542801.679084089,0.9422168535986475,True
2,21-22,0.0001,11476432.661265861,9473146.030598262,0.9183428030404259,False
2,21-22,0.00017782794100389227,11473980.468465393,9470674.462778484,0.9183776950323266,False
2,21-22,0.00031622776601683794,11469635.295187308,9466292.442964932,0.9184395037314651,False
2,21-22,0.0005623413251903491,11461956.98577564,9458541.147285312,0.9185486679883237,False
2,21-22,0.001,11448454.210768953,9444885.546231924,0.9187404626687303,False
2,21-22,0.0017782794100389228,11424908.467070758,9420998.2381727,0.9190743677828183,False
2,21-22,0.0031622776601683794,11384442.898508571,9379720.588176947,0.9196466091168196,False
2,21-22,0.005623413251903491,11316579.902208075,9309846.420143265,0.9206017316652784,False
2,21-22,0.01,11207191.260775702,9198385.45504005,0.9221292765394661,False
2,21-22,0.01778279410038923,11041215.620531093,9025506.022896718,0.9244186883201482,False
2,21-22,0.03162277660168379,10809856.558446726,8774536.2763908,0.9275529836019135,False
2,21-22,0.05623413251903491,10520004.460820422,8442192.97291303,0.9313860391730656,False
2,21-22,0.1,10197939.175737053,8057385.061692862,0.935522902804503,False
2,21-22,0.1778279410038923,9881919.733277118,7692885.107259166,0.9394570907354317,False
2,21-22,0.31622776601683794,9608234.1296156,7365659.82498334,0.9427641948169277,False
2,21-22,0.5623413251903491,9398748.865574773,7075336.325731058,0.9452327753904023,False
2,21-22,1.0,9256008.505348241,6850375.813285802,0.9468836612040714,False
2,21-22,1.7782794100389228,9167979.71420597,6727787.335553056,0.9478891773011267,False
2,21-22,3.1622776601683795,9117730.079289248,6643684.749092008,0.9484588499597281,False
2,21-22,5.623413251903491,9090706.848707955,6584410.889446466,0.9487639136892582,False
2,21-22,10.0,9076864.558998706,6552943.362256732,0.9489198278109799,False
2,21-22,17.78279410038923,9070000.518424034,6535140.23584371,0.9489970535538353,False
2,21-22,31.622776601683793,9066620.470752032,6524647.097686461,0.9490350602260453,False
2,21-22,56.23413251903491,9064927.822581165,6518724.898921711,0.9490540877479071,False
2,21-22,100.0,9064055.66295241,6515318.870971456,0.949063890546403,False
2,21-22,177.82794100389228,9063593.416872896,6513378.735377083,0.9490690856637777,False
2,21-22,316.22776601683796,9063342.996288417,6512279.725698524,0.9490718999941554,False
2,21-22,562.341325190349,9063205.298867634,6511659.152342427,0.9490734474617395,False
2,21-22,1000.0,9063128.875023836,6511309.365423747,0.949074306316054,False
2,21-22,1778.2794100389228,9063086.221675605,6511112.407841097,0.949074785652995,False
2,21-22,3162.2776601683795,9063062.33874642,6511001.568725611,0.9490750540475916,False
2,21-22,5623.413251903491,9063048.941023573,6510939.213437781,0.9490752046099031,False
2,21-22,10000.0,9063041.417272547,6510904.140295888,0.9490752891609907,False
2,21-22,17782.794100389227,9063037.189630838,6510884.414629037,0.9490753366707331,False
2,21-22,31622.776601683792,9063034.81328936,6510873.321252287,0.9490753633757706,False
2,21-22,56234.13251903491,9063033.477302132,6510867.082729051,0.94907537838943,False
2,21-22,100000.0,9063032.726124981,6510863.574467703,0.9490753868310651,False
2,21-22,177827.94100389228,9063032.303739818,6510861.601601459,0.9490753915777765,False
2,21-22,316227.7660168379,9063032.066225555,6510860.492169045,0.9490753942469319,False
2,21-22,562341.3251903491,9063031.932664745,6510859.868286762,0.9490753957478715,False
2,21-22,1000000.0,9063031.857559018,6510859.51745115,0.9490753965919001,False
2,21-22,1778279.410038923,9063031.815324295,6510859.320161532,0.9490753970665285,False
2,21-22,3162277.6601683795,9063031.791574068,6510859.2092173435,0.9490753973334306,False
2,21-22,5623413.251903491,9063031.778218368,6510859.146828815,0.9490753974835203,False
2,21-22,10000000.0,9063031.770707918,6510859.111745163,0.9490753975679218,False
2,21-22,17782794.100389227,9063031.766484482,6510859.092016169,0.9490753976153842,False
2,21-22,31622776.60168379,9063031.764109474,6510859.080921741,0.9490753976420743,False
2,21-22,56234132.51903491,9063031.762773905,6510859.074682883,0.9490753976570833,False
2,21-22,100000000.0,9063031.762022858,6510859.071174517,0.9490753976655234,True
2,22-23,0.0001,15003160.574015941,11598055.308447411,0.8627690811340343,False
2,22-23,0.00017782794100389227,14985898.062347984,11588143.949902656,0.8630846929651785,False
2,22-23,0.00031622776601683794,14955620.281201439,11570684.108369775,0.8636373864202317,False
2,22-23,0.0005623413251903491,14903068.187126428,11540146.45934139,0.864594023500021,False
2,22-23,0.001,14813497.228806937,11487393.05994797,0.8662167760127641,False
2,22-23,0.0017782794100389228,14665467.040159902,11398153.746392038,0.8688771884518719,False
2,22-23,0.0031622776601683794,14432886.304079842,11252277.487988831,0.8730031826256718,False
2,22-23,0.005623413251903491,14094889.947959302,11026443.971887816,0.8788816808902477,False
2,22-23,0.01,13654165.461848198,10701260.205572298,0.8863376112106035,False
2,22-23,0.01778279410038923,13147156.130401306,10273014.490359973,0.8946219646463675,False
2,22-23,0.03162277660168379,12620886.132213527,9837839.834227923,0.9028895082266174,False
2,22-23,0.05623413251903491,12096725.340306481,9427008.140256265,0.9107882422472624,False
2,22-23,0.1,11578016.653706308,8943663.952787044,0.9182750250183169,False
2,22-23,0.1778279410038923,11087183.295156147,8422265.807233993,0.9250573732165557,False
2,22-23,0.31622776601683794,10667043.091769462,7903760.87664118,0.9306295430088158,False
2,22-23,0.5623413251903491,10345869.105761837,7448821.030286274,0.9347440050874498,False
2,22-23,1.0,10119150.140155172,7107409.8273242405,0.9375727023185114,False
2,22-23,1.7782794100389228,9964777.361508062,6904782.660947354,0.9394628938923651,False
2,22-23,3.1622776601683795,9862130.773576465,6797970.370409573,0.9407036487050253,False
2,22-23,5.623413251903491,9796752.633607386,6725176.926871478,0.9414872188203565,False
2,22-23,10.0,9757539.31697466,6677054.673299451,0.9419546978432768,False
2,22-23,17.78279410038923,9735244.677754814,6655671.128205782,0.9422196459226125,False
2,22-23,31.622776601683793,9722948.68698891,6644566.35639201,0.9423655113939428,False
2,22-23,56.23413251903491,9716223.646685947,6641456.683748496,0.9424452115400939,False
2,22-23,100.0,9712532.188422436,6639803.181969187,0.9424889364989477,False
2,22-23,177.82794100389228,9710491.767245049,6638874.196471756,0.9425130979562162,False
2,22-23,316.22776601683796,9709356.967816086,6638352.24434344,0.9425265333811822,False
2,22-23,562.341325190349,9708723.083100645,6638058.908565378,0.9425340375573948,False
2,22-23,1000.0,9708368.021080593,6637894.017084135,0.942538240706961,False
2,22-23,1778.2794100389228,9708168.806184001,6637801.313021789,0.9425405989037171,False
2,22-23,3162.2776601683795,9708056.923742332,6637749.188626494,0.9425419232855189,False
2,22-23,5623.413251903491,9707994.053559914,6637720.888596197,0.9425426674896569,False
2,22-23,10000.0,9707958.713638326,6637709.876489937,0.9425430858116951,False
2,22-23,17782.794100389227,9707938.84516011,6637703.686239299,0.9425433209961068,False
2,22-23,31622.776601683792,9707927.673756437,6637700.205937172,0.9425434532324952,False
2,22-23,56234.13251903491,9707921.392077336,6637698.249050921,0.9425435275889354,False
2,22-23,100000.0,9707917.859776007,6637697.14868613,0.9425435694008804,False
2,22-23,177827.94100389228,9707915.873463308,6637696.529928684,0.9425435929129099,False
2,22-23,316227.7660168379,9707914.75649224,6637696.18198313,0.9425436061345204,False
2,22-23,562341.3251903491,9707914.128377879,6637695.9863212835,0.9425436135695228,False
2,22-23,1000000.0,9707913.775164684,6637695.876293268,0.9425436177505143,False
2,22-23,1778279.410038923,9707913.57653877,6637695.814420201,0.9425436201016532,False
2,22-23,3162277.6601683795,9707913.464843355,6637695.779626492,0.9425436214237939,False
2,22-23,5623413.251903491,9707913.402032455,6637695.760060578,0.9425436221672877,False
2,22-23,10000000.0,9707913.366711305,6637695.749057858,0.9425436225853848,False
2,22-23,17782794.100389227,9707913.34684877,6637695.7428705795,0.9425436228204981,False
2,22-23,31622776.60168379,9707913.33567924,6637695.739391216,0.942543622952712,False
2,22-23,56234132.51903491,9707913.32939816,6637695.737434631,0.9425436230270612,False
2,22-23,100000000.0,9707913.325866044,6637695.736334357,0.942543623068871,True
2,23-24,0.0001,11589521.662432106,9017258.089012658,0.9174592877959358,False
2,23-24,0.00017782794100389227,11587142.061096244,9014792.372655073,0.9174931794146822,False
2,23-24,0.00031622776601683794,11582928.485318946,9010418.54940571,0.9175531744555546,False
2,23-24,0.0005623413251903491,11575492.016127955,9002674.958298167,0.9176590054573444,False
2,23-24,0.001,11562443.416568015,8989011.955320504,0.9178445403926307,False
2,23-24,0.0017782794100389228,11539778.201685604,8965048.116641756,0.9181663142636859,False
2,23-24,0.0031622776601683794,11501091.023165945,8923451.480273407,0.9187140903959208,False
2,23-24,0.005623413251903491,11436972.333780438,8852517.57778983,0.9196179033742164,False
2,23-24,0.01,11335661.116272891,8735069.756303757,0.9210356805449984,False
2,23-24,0.01778279410038923,11186823.788311414,8557703.500083582,0.9230956717106046,False
2,23-24,0.03162277660168379,10989123.04649335,8323866.509079508,0.9257898582336114,False
2,23-24,0.05623413251903491,10756444.109010736,8081626.279271979,0.9288991752228737,False
2,23-24,0.1,10513567.032494694,7821953.255682671,0.9320737929191345,False
2,23-24,0.1778279410038923,10283773.270733574,7540600.276277504,0.9350106527658751,False
2,23-24,0.31622776601683794,10083394.667399947,7262825.725048404,0.9375186045238342,False
2,23-24,0.5623413251903491,9923200.924712472,7014347.11516993,0.9394881042754966,False
2,23-24,1.0,9806299.518390566,6818583.850309431,0.9409054409123908,False
2,23-24,1.7782794100389228,9727339.745553892,6671047.137572665,0.9418532617276791,False
2,23-24,3.1622776601683795,9677285.304053482,6589141.795065506,0.9424501390299276,False
2,23-24,5.623413251903491,9647571.682589544,6537607.60260439,0.942803004419963,False
2,23-24,10.0,9631139.678994441,6508401.617086879,0.9429976774152878,False
2,23-24,17.78279410038923,9622570.280828638,6497841.61094496,0.9430990690058932,False
2,23-24,31.622776601683793,9618227.336966526,6492923.176146699,0.9431504194821497,False
2,23-24,56.23413251903491,9616020.905833352,6489935.918606158,0.943176499193628,False
2,23-24,100.0,9614876.639192564,6488178.17675089,0.9431900219112663,False
2,23-24,177.82794100389228,9614268.553630076,6487163.49786797,0.9431972074917747,False
2,23-24,316.22776601683796,9613938.775816156,6486584.300361156,0.9432011041957967,False
2,23-24,562.341325190349,9613757.366462424,6486255.81635116,0.943203247698893,False
2,23-24,1000.0,9613656.664517587,6486070.207507745,0.9432044375590577,False
2,23-24,1778.2794100389228,9613600.456927843,6485965.549065119,0.9432051016835323,False
2,23-24,3162.2776601683795,9613568.983445363,6485906.605492774,0.9432054735588394,False
2,23-24,5623.413251903491,9613551.327302316,6485873.430626967,0.9432056821746748,False
2,23-24,10000.0,9613541.412062123,6485854.766018603,0.943205799327846,False
2,23-24,17782.794100389227,9613535.840600679,6485844.267286758,0.9432058651571995,False
2,23-24,31622.776601683792,9613532.70889477,6485838.362513993,0.9432059021597138,False
2,23-24,56234.13251903491,9613530.948236486,6485835.041730957,0.9432059229626782,False
2,23-24,100000.0,9613529.958281385,6485833.174227197,0.9432059346594385,False
2,23-24,177827.94100389228,9613529.401631681,6485832.124024125,0.943205941236502,False
2,23-24,316227.7660168379,9613529.08861813,6485831.533442514,0.9432059449348961,False
2,23-24,562341.3251903491,9613528.91260197,6485831.201331211,0.943205947014605,False
2,23-24,1000000.0,9613528.81362217,6485831.014570402,0.9432059481840952,False
2,23-24,1778279.410038923,9613528.757962171,6485830.909546793,0.9432059488417428,False
2,23-24,3162277.6601683795,9613528.726662384,6485830.850487593,0.9432059492115636,False
2,23-24,5623413.251903491,9613528.709061267,6485830.817276133,0.9432059494195286,False
2,23-24,10000000.0,9613528.699163442,6485830.798599945,0.9432059495364759,False
2,23-24,17782794.100389227,9613528.693597492,6485830.788097551,0.94320594960224,False
2,23-24,31622776.60168379,9613528.690467529,6485830.782191624,0.9432059496392219,False
2,23-24,56234132.51903491,9613528.688707419,6485830.778870469,0.9432059496600184,False
2,23-24,100000000.0,9613528.68771764,6485830.7770028515,0.943205949671713,True
2,24-25,0.0001,10921544.340238957,7995551.971319502,0.9261082935850596,False
2,24-25,0.00017782794100389227,10916786.91096816,7992153.696119596,0.9261726540805567,False
2,24-25,0.00031622776601683794,10908451.35960276,7986164.677722749,0.9262853533018325,False
2,24-25,0.0005623413251903491,10894009.757480003,7975681.46988975,0.9264804044386029,False
2,24-25,0.001,10869469.057188975,7957545.7282136595,0.9268112633663907,False
2,24-25,0.0017782794100389228,10829103.119131833,7926784.832531034,0.927353855878274,False
2,24-25,0.0031622776601683794,10766104.059078744,7876249.3274870515,0.9281966452189617,False
2,24-25,0.005623413251903491,10675230.621914048,7799505.6333269,0.9294036704827493,False
2,24-25,0.01,10557150.206182074,7688302.831268929,0.9309567874282055,False
2,24-25,0.01778279410038923,10420017.661552118,7568114.367529596,0.9327388172924315,False
2,24-25,0.03162277660168379,10273871.702641025,7429774.766326333,0.9346123294837916,False
2,24-25,0.05623413251903491,10125215.678545725,7305674.972761144,0.9364908711875131,False
2,24-25,0.1,9981886.46003664,7190243.03039716,0.9382761736597751,False
2,24-25,0.1778279410038923,9858980.505106483,7079649.62800808,0.9397868142855091,False
2,24-25,0.31622776601683794,9772330.877355427,6987404.509343289,0.9408405788796205,False
2,24-25,0.5623413251903491,9725842.88462982,6890616.193256643,0.9414020951183002,False
2,24-25,1.0,9709006.64996905,6814662.221188335,0.9416047951153355,False
2,24-25,1.7782794100389228,9707527.33422428,6744990.086453049,0.9416225885659086,True
2,24-25,3.1622776601683795,9713218.601375205,6710044.77446457,0.9415541182284468,False
2,24-25,5.623413251903491,9723264.829900334,6699791.119000397,0.9414331564022493,False
2,24-25,10.0,9735275.0766155,6693244.361480393,0.9412883826709962,False
2,24-25,17.78279410038923,9746419.437533608,6690817.535617574,0.9411538866342253,False
2,24-25,31.622776601683793,9755007.925448863,6689373.426409627,0.9410501312368458,False
2,24-25,56.23413251903491,9760848.6469791,6688416.654671336,0.9409795187173112,False
2,24-25,100.0,9764520.455576569,6687828.641475059,0.9409351060479874,False
2,24-25,177.82794100389228,9766722.278603619,6687481.362073705,0.9409084657010569,False
2,24-25,316.22776601683796,9768006.667754374,6687280.668256114,0.9408929228169983,False
2,24-25,562.341325190349,9768744.09352405,6687166.073562983,0.9408839980222784,False
2,24-25,1000.0,9769163.673556842,6687101.078262415,0.9408789196976769,False
2,24-25,1778.2794100389228,9769401.18699907,6687064.352658759,0.9408760448923283,False
2,24-25,3162.2776601683795,9769535.249207048,6687043.644501941,0.9408744222048782,False
2,24-25,5623.413251903491,9769610.796182163,6687031.981765916,0.9408735077753354,False
2,24-25,10000.0,9769653.329518199,6687025.4177304255,0.9408729929436827,False
2,24-25,17782.794100389227,9769677.26364829,6687021.724731179,0.9408727032393984,False
2,24-25,31622.776601683792,9769690.727822986,6687019.647444947,0.9408725402655806,False
2,24-25,56234.13251903491,9769698.300874224,6687018.479123893,0.9408724485993307,False
2,24-25,100000.0,9769702.560016613,6687017.822072654,0.940872397045494,False
2,24-25,177827.94100389228,9769704.955267383,6687017.452567873,0.9408723680527068,False
2,24-25,316227.7660168379,9769706.302266156,6687017.244774462,0.9408723517482527,False
2,24-25,562341.3251903491,9769707.059755132,6687017.127921866,0.9408723425793909,False
2,24-25,1000000.0,9769707.485727513,6687017.062210265,0.9408723374232998,False
2,24-25,1778279.410038923,9769707.725270977,6687017.0252577355,0.9408723345237974,False
2,24-25,3162277.6601683795,9769707.85997667,6687017.004477745,0.9408723328932812,False
2,24-25,5623413.251903491,9769707.935727408,6687016.992792282,0.9408723319763727,False
2,24-25,10000000.0,9769707.97832523,6687016.986221058,0.9408723314607564,False
2,24-25,17782794.100389227,9769708.002279755,6687016.982525779,0.940872331170804,False
2,24-25,31622776.60168379,9769708.015750388,6687016.9804477785,0.9408723310077517,False
2,24-25,56234132.51903491,9769708.023325475,6687016.9792792285,0.9408723309160606,False
2,24-25,100000000.0,9769708.027585266,6687016.978622108,0.9408723308644988,False
2,25-26,0.0001,12962848.813768774,10339016.397621898,0.8965506637398502,False
2,25-26,0.00017782794100389227,12960683.559141602,10337154.370928353,0.8965852202558995,False
2,25-26,0.00031622776601683794,12956844.053542448,10333850.604157632,0.8966464828908187,False
2,25-26,0.0005623413251903491,12950050.61363811,10327998.953307673,0.8967548336338952,False
2,25-26,0.001,12938076.898235796,10317666.162656827,0.8969456679035944,False
2,25-26,0.0017782794100389228,12917114.40294013,10299518.165059794,0.8972793381871416,False
2,25-26,0.0031622776601683794,12880838.51501776,10267938.232204841,0.8978554809276336,False
2,25-26,0.005623413251903491,12819277.21090742,10213842.86732171,0.8988295049927075,False
2,25-26,0.01,12718067.19724559,10123541.97493877,0.9004207095497919,False
2,25-26,0.01778279410038923,12559581.226903655,9978750.766183285,0.9028870571744335,False
2,25-26,0.03162277660168379,12327999.999359414,9759699.455987686,0.906435295960858,False
2,25-26,0.05623413251903491,12018555.825220175,9452507.570064195,0.9110734657216077,False
2,25-26,0.1,11646136.445584944,9058050.774407351,0.9164992176137611,False
2,25-26,0.1778279410038923,11245859.426351162,8596423.6237923,0.9221404126197663,False
2,25-26,0.31622776601683794,10863358.746512873,8122895.140205091,0.9273467510278021,False
2,25-26,0.5623413251903491,10538472.563441876,7683703.171765487,0.931627393687724,False
2,25-26,1.0,10290699.157937622,7324817.469273171,0.934804659042885,False
2,25-26,1.7782794100389228,10118056.815136466,7100414.437264767,0.9369738143640264,False
2,25-26,3.1622776601683795,10007556.042323709,6964585.351376062,0.938342933455294,False
2,25-26,5.623413251903491,9943524.67834731,6901294.344144319,0.9391294103632988,False
2,25-26,10.0,9910395.080403605,6858617.428461024,0.9395343490075485,False
2,25-26,17.78279410038923,9894930.571449956,6831427.428907269,0.93972290698838,False
2,25-26,31.622776601683793,9888177.610320741,6822051.30429304,0.9398051531374545,False
2,25-26,56.23413251903491,9885284.732939111,6817247.071749278,0.9398403690984234,False
2,25-26,100.0,9884016.401567915,6814523.544895289,0.9398558056698986,False
2,25-26,177.82794100389228,9883432.28686218,6812985.559778771,0.9398629141304424,False
2,25-26,316.22776601683796,9883147.80285113,6812118.755987095,0.9398663760438115,False
2,25-26,562.341325190349,9883002.33674585,6811630.725762084,0.9398681461963727,False
2,25-26,1000.0,9882925.23499982,6811356.103175834,0.9398690844239836,False
2,25-26,1778.2794100389228,9882883.383917453,6811201.6143559655,0.9398695936939644,False
2,25-26,3162.2776601683795,9882860.32933008,6811114.720946907,0.9398698742355909,False
2,25-26,5623.413251903491,9882847.517225007,6811065.851534458,0.9398700301404532,False
2,25-26,10000.0,9882840.360771518,6811038.368459168,0.9398701172240951,False
2,25-26,17782.794100389227,9882836.35170366,6811022.9130263915,0.9398701660085989,False
2,25-26,31622.776601683792,9882834.102081638,6811014.221619684,0.9398701933832064,False
2,25-26,56234.13251903491,9882832.838558191,6811009.334026192,0.9398702087584347,False
2,25-26,100000.0,9882832.128511319,6811006.585512591,0.9398702173986636,False
2,25-26,177827.94100389228,9882831.72937587,6811005.039904176,0.9398702222555563,False
2,25-26,316227.7660168379,9882831.504973989,6811004.170742914,0.9398702249861978,False
2,25-26,562341.3251903491,9882831.378798867,6811003.681977059,0.9398702265215637,False
2,25-26,1000000.0,9882831.307850223,6811003.4071236355,0.9398702273849046,False
2,25-26,1778279.410038923,9882831.267954405,6811003.252562149,0.9398702278703781,False
2,25-26,3162277.6601683795,9882831.245519824,6811003.165645815,0.939870228143374,False
2,25-26,5623413.251903491,9882831.232904078,6811003.116769164,0.939870228296889,False
2,25-26,10000000.0,9882831.225809777,6811003.089283803,0.9398702283832163,False
2,25-26,17782794.100389227,9882831.22182037,6811003.073827646,0.9398702284317615,False
2,25-26,31622776.60168379,9882831.21957697,6811003.06513601,0.9398702284590604,False
2,25-26,56234132.51903491,9882831.218315415,6811003.060248347,0.9398702284744117,False
2,25-26,100000000.0,9882831.21760599,6811003.057499807,0.9398702284830444,True
3,10-11,0.0001,20230225.12453932,15986542.039842626,0.8771365609789205,False
3,10-11,0.00017782794100389227,20222021.71445202,15978618.432111396,0.8772361836787099,False
3,10-11,0.00031622776601683794,20207515.27087987,15964585.898507502,0.877412251891799,False
3,10-11,0.0005623413251903491,20181973.126630485,15939813.179311294,0.877721955982199,False
3,10-11,0.001,20137337.82454861,15896322.392225944,0.8782622284241881,False
3,10-11,0.0017782794100389228,20060348.671650417,15820958.207572453,0.8791913056958368,False
3,10-11,0.0031622776601683794,19930463.489216425,15701015.092665559,0.8807506465910332,False
3,10-11,0.005623413251903491,19719158.45914376,15501580.17443485,0.8832658326789102,False
3,10-11,0.01,19394237.545131322,15184147.12834734,0.887081095208025,False
3,10-11,0.01778279410038923,18933145.996786267,14716572.58514495,0.8923864883355507,False
3,10-11,0.03162277660168379,18341823.171431508,14141588.412752612,0.8990035193796011,False
3,10-11,0.05623413251903491,17662725.275024645,13440351.83801285,0.9063437717117262,False
3,10-11,0.1,16961124.101263717,12660812.13462416,0.9136364472678196,False
3,10-11,0.1778279410038923,16303871.25045764,11961109.064928595,0.9202000332914364,False
3,10-11,0.31622776601683794,15745085.696822941,11356867.407054096,0.9255762938114109,False
3,10-11,0.5623413251903491,15314616.13863723,10831819.84129076,0.9295901421868187,False
3,10-11,1.0,15010907.997048933,10421198.109200139,0.9323550839353654,False
3,10-11,1.7782794100389228,14809696.220883047,10196597.206460087,0.934156404758554,False
3,10-11,3.1622776601683795,14682748.483662166,10062373.867707925,0.9352803805930174,False
3,10-11,5.623413251903491,14607708.229725039,9980400.508345565,0.9359402252045499,False
3,10-11,10.0,14567032.636005864,9926592.449182633,0.9362964811689833,False
3,10-11,17.78279410038923,14546680.507119799,9910430.191260645,0.9364743618071353,False
3,10-11,31.622776601683793,14536944.066411143,9908552.852782683,0.9365593718018864,False
3,10-11,56.23413251903491,14532298.909889217,9907674.709403606,0.9365999091477525,False
3,10-11,100.0,14530022.828904893,9907253.700884992,0.9366197673190579,False
3,10-11,177.82794100389228,14528865.353891352,9907043.602042476,0.9366298647723847,False
3,10-11,316.22776601683796,14528256.438790634,9906934.608466279,0.9366351764361286,False
3,10-11,562.341325190349,14527927.917770887,9906876.349579986,0.9366380420850359,False
3,10-11,1000.0,14527747.686564853,9906844.572737088,0.9366396141924032,False
3,10-11,1778.2794100389228,14527647.782154152,9906827.019278998,0.936640485622769,False
3,10-11,3162.2776601683795,14527592.063143183,9906817.24899843,0.9366409716371272,False
3,10-11,5623.413251903491,14527560.876613682,9906811.786776656,0.9366412436637752,False
3,10-11,10000.0,14527543.385610444,9906808.725292994,0.9366413962299981,False
3,10-11,17782.794100389227,14527533.564413462,9906807.006908488,0.9366414818958401,False
3,10-11,31622.776601683792,14527528.046206273,9906806.04160715,0.9366415300286304,False
3,10-11,56234.13251903491,14527524.944563914,9906805.499100158,0.936641557082826,False
3,10-11,100000.0,14527523.200848352,9906805.194127869,0.9366415722924502,False
3,10-11,177827.94100389228,14527522.22043245,9906805.022661537,0.9366415808441636,False
3,10-11,316227.7660168379,14527521.669150697,9906804.92624912,0.9366415856527386,False
3,10-11,562341.3251903491,14527521.359156925,9906804.872035652,0.9366415883566703,False
3,10-11,1000000.0,14527521.18483928,9906804.841550196,0.9366415898771622,False
3,10-11,1778279.410038923,14527521.086814743,9906804.824407293,0.9366415907321847,False
3,10-11,3162277.6601683795,14527521.031691961,9906804.81476723,0.9366415912129951,False
3,10-11,5623413.251903491,14527521.000694284,9906804.809346253,0.9366415914833734,False
3,10-11,10000000.0,14527520.983263059,9906804.806297822,0.9366415916354179,False
3,10-11,17782794.100389227,14527520.973460775,9906804.80458357,0.9366415917209187,False
3,10-11,31622776.60168379,14527520.967948554,9906804.803619577,0.9366415917689992,False
3,10-11,56234132.51903491,14527520.964848801,9906804.803077482,0.9366415917960369,False
3,10-11,100000000.0,14527520.963105684,9906804.80277264,0.9366415918112413,True
3,11-12,0.0001,16300569.491232717,11850809.136249827,0.9201991280008551,False
3,11-12,0.00017782794100389227,16298282.747042475,11847840.913701097,0.9202215163450803,False
3,11-12,0.00031622776601683794,16294231.92672779,11842577.62674559,0.9202611681472618,False
3,11-12,0.0005623413251903491,16287077.486327259,11833306.799083153,0.9203311759240691,False
3,11-12,0.001,16274507.575813958,11820182.141130203,0.920454100807598,False
3,11-12,0.0017782794100389228,16252624.362590613,11797180.589007115,0.9206678768068659,False
3,11-12,0.0031622776601683794,16215124.43193994,11765905.209511226,0.9210335429268534,False
3,11-12,0.005623413251903491,16152551.454529054,11714482.642721593,0.9216418185593821,False
3,11-12,0.01,16052554.65016978,11628785.023128975,0.9226090110979488,False
3,11-12,0.01778279410038923,15902929.095469046,11491822.32521334,0.9240450071689681,False
3,11-12,0.03162277660168379,15698511.460555563,11285869.300072461,0.9259851214904818,False
3,11-12,0.05623413251903491,15448121.030140726,11035604.523673015,0.928327358867421,False
3,11-12,0.1,15173182.409069102,10762039.5134965,0.9308558504089937,False
3,11-12,0.1778279410038923,14898418.071225822,10463925.377976427,0.9333373773179218,False
3,11-12,0.31622776601683794,14646735.577290466,10183309.759840582,0.9355706478911181,False
3,11-12,0.5623413251903491,14438441.325708201,9927217.335657407,0.9373901437694232,False
3,11-12,1.0,14286333.96438621,9792385.80628406,0.9387023707236941,False
3,11-12,1.7782794100389228,14193270.471766781,9710024.029566955,0.9394983749656239,False
3,11-12,3.1622776601683795,14154913.650508186,9661340.412607972,0.939824940190152,True
3,11-12,5.623413251903491,14159309.809977408,9639218.088816516,0.9397875566715909,False
3,11-12,10.0,14187264.487140818,9633939.58853049,0.9395495675288632,False
3,11-12,17.78279410038923,14220256.922323173,9641986.256577063,0.9392680860677727,False
3,11-12,31.622776601683793,14247770.018364519,9671913.22327621,0.9390328527065588,False
3,11-12,56.23413251903491,14267095.50179815,9702069.157184355,0.938867350504587,False
3,11-12,100.0,14279428.454078332,9720130.641356455,0.938761614629065,False
3,11-12,177.82794100389228,14286879.959005307,9730665.060407262,0.9386976852927957,False
3,11-12,316.22776601683796,14291243.927691776,9736714.011485146,0.9386602296355567,False
3,11-12,562.341325190349,14293754.867063222,9740156.160775341,0.9386386732230085,False
3,11-12,1000.0,14295185.229445519,9742104.844877789,0.9386263918699502,False
3,11-12,1778.2794100389228,14295995.45252373,9743204.82263278,0.9386194346011779,False
3,11-12,3162.2776601683795,14296452.942963973,9743824.704791043,0.9386155060225359,False
3,11-12,5623.413251903491,14296710.80174935,9744173.708421407,0.9386132916727433,False
3,11-12,10000.0,14296855.994304627,9744370.100053014,0.9386120448211529,False
3,11-12,17782.794100389227,14296937.701566733,9744480.581108423,0.9386113431485503,False
3,11-12,31622.776601683792,14296983.667760627,9744542.722435651,0.9386109484056342,False
3,11-12,56234.13251903491,14297009.522405786,9744577.671267549,0.9386107263736844,False
3,11-12,100000.0,14297024.063424649,9744597.325766949,0.9386106014995925,False
3,11-12,177827.94100389228,14297032.241036132,9744608.378723843,0.9386105312725591,False
3,11-12,316227.7660168379,14297036.839833384,9744614.594390986,0.9386104917793606,False
3,11-12,562341.3251903491,14297039.425986705,9744618.089759458,0.9386104695701859,False
3,11-12,1000000.0,14297040.880306419,9744620.055362856,0.9386104570808856,False
3,11-12,1778279.410038923,14297041.698136458,9744621.160707084,0.9386104500575843,False
3,11-12,3162277.6601683795,14297042.15803797,9744621.782289144,0.9386104461080753,False
3,11-12,5623413.251903491,14297042.416660191,9744622.131830845,0.938610443887098,False
3,11-12,10000000.0,14297042.562094344,9744622.328392722,0.9386104426381491,False
3,11-12,17782794.100389227,14297042.64387803,9744622.438927626,0.938610441935813,False
3,11-12,31622776.60168379,14297042.689868404,9744622.501085987,0.9386104415408602,False
3,11-12,56234132.51903491,14297042.715730693,9744622.53604021,0.9386104413187618,False
3,11-12,100000000.0,14297042.730274128,9744622.555696404,0.9386104411938668,False
3,12-13,0.0001,17600488.639675207,13913026.384142566,0.90765039218968,False
3,12-13,0.00017782794100389227,17595563.259272657,13907959.297104675,0.907702071812155,False
3,12-13,0.00031622776601683794,17586842.635061022,13898983.29723774,0.907793537606827,False
3,12-13,0.0005623413251903491,17571453.77470884,13883129.930767315,0.9079548322287277,False
3,12-13,0.001,17544455.340559423,13855274.367678007,0.9082374686321695,False
3,12-13,0.0017782794100389228,17497560.18613921,13806765.53112689,0.9087273632328471,False
3,12-13,0.0031622776601683794,17417459.662227985,13723556.401170703,0.9095611082567251,False
3,12-13,0.005623413251903491,17284287.49620401,13599387.389071846,0.9109387947784986,False
3,12-13,0.01,17071753.344287947,13400871.372275446,0.9131155893296192,False
3,12-13,0.01778279410038923,16751319.87981697,13108195.958863774,0.9163465861907067,False
3,12-13,0.03162277660168379,16301672.896457335,12712518.756442849,0.9207772426542818,False
3,12-13,0.05623413251903491,15721563.093802342,12256217.53185607,0.9263153456073034,False
3,12-13,0.1,15042634.1278763,11704658.121019902,0.9325420110194701,False
3,12-13,0.1778279410038923,14335782.091730656,11072319.69894795,0.9387327500633524,False
3,12-13,0.31622776601683794,13694662.690097399,10426926.875656879,0.9440901554970658,False
3,12-13,0.5623413251903491,13191878.604543243,9842466.511630708,0.9481201278381612,False
3,12-13,1.0,12844587.379922958,9382381.707006179,0.950815765095603,False
3,12-13,1.7782794100389228,12624175.985723281,9091272.805222297,0.952489271986499,False
3,12-13,3.1622776601683795,12490634.135606563,8946171.318010306,0.9534891174783016,False
3,12-13,5.623413251903491,12413250.964115895,8861042.758104505,0.9540636296496581,False
3,12-13,10.0,12371284.142853914,8815185.229123749,0.9543737087228334,False
3,12-13,17.78279410038923,12350061.515354615,8805312.996712312,0.9545301159667721,False
3,12-13,31.622776601683793,12339781.950101256,8806555.30670323,0.9546057781187278,False
3,12-13,56.23413251903491,12334825.957337683,8807516.21475356,0.9546422339099775,False
3,12-13,100.0,12332378.713512793,8808154.33758379,0.9546602301917158,False
3,12-13,177.82794100389228,12331127.647990111,8808547.235204566,0.9546694287651589,False
3,12-13,316.22776601683796,12330467.290218052,8808779.565645969,0.9546742837296612,False
3,12-13,562.341325190349,12330110.286854032,8808913.93261094,0.9546769083177736,False
3,12-13,1000.0,12329914.193449983,8808990.68991762,0.9546783499088788,False
3,12-13,1778.2794100389228,12329805.420478497,8809034.236209821,0.9546791495492868,False
3,12-13,3162.2776601683795,12329744.731025249,8809058.84574275,0.9546795957024533,False
3,12-13,5623.413251903491,12329710.754779473,8809072.723295575,0.9546798454748707,False
3,12-13,10000.0,12329691.696716087,8809080.539444333,0.9546799855777047,False
3,12-13,17782.794100389227,12329680.99484064,8809084.938658383,0.9546800642510327,False
3,12-13,31622.776601683792,12329674.98156414,8809087.413742952,0.9546801084567568,False
3,12-13,56234.13251903491,12329671.601578495,8809088.805972688,0.9546801333042183,False
3,12-13,100000.0,12329669.701356303,8809089.58900354,0.9546801472734159,False
3,12-13,177827.94100389228,12329668.632935729,8809090.029372903,0.9546801551277481,False
3,12-13,316227.7660168379,12329668.032167038,8809090.277023042,0.9546801595442079,False
3,12-13,562341.3251903491,12329667.69434527,8809090.416290827,0.9546801620276533,False
3,12-13,1000000.0,12329667.504378963,8809090.494608084,0.9546801634241617,False
3,12-13,1778279.410038923,12329667.397554588,8809090.538649503,0.9546801642094648,False
3,12-13,3162277.6601683795,12329667.337483307,8809090.56341593,0.9546801646510696,False
3,12-13,5623413.251903491,12329667.303702902,8809090.57734316,0.9546801648994012,False
3,12-13,10000000.0,12329667.284706831,8809090.585175026,0.954680165039048,False
3,12-13,17782794.100389227,12329667.274024576,8809090.589579223,0.9546801651175769,False
3,12-13,31622776.60168379,12329667.268017495,8809090.592055866,0.954680165161737,False
3,12-13,56234132.51903491,12329667.264639478,8809090.593448604,0.95468016518657,False
3,12-13,100000000.0,12329667.262739874,8809090.594231786,0.9546801652005347,True
3,13-14,0.0001,18584493.146899965,14337723.287948605,0.8968477146914794,False
3,13-14,0.00017782794100389227,18580354.79681907,14332645.769091196,0.8968936489805175,False
3,13-14,0.00031622776601683794,18573024.502491597,14323647.451569915,0.8969749876653524,False
3,13-14,0.0005623413251903491,18560079.480582047,14307742.877681607,0.8971185503117439,False
3,13-14,0.001,18537339.9776889,14279761.935996044,0.8973704931855259,False
3,13-14,0.0017782794100389228,18497761.447652984,14234828.305556417,0.8978082678365298,False
3,13-14,0.0031622776601683794,18429948.079245586,14163951.253741978,0.8985561705345247,False
3,13-14,0.005623413251903491,18316740.80031691,14045614.131301014,0.8997985949460314,False
3,13-14,0.01,18135348.497639008,13853314.023865262,0.9017733748148946,False
3,13-14,0.01778279410038923,17861645.723781582,13570237.680459248,0.904715918024882,False
3,13-14,0.03162277660168379,17480213.92526169,13207064.737670539,0.9087420101240353,False
3,13-14,0.05623413251903491,16996384.58226583,12746296.230832504,0.9137238988941123,False
3,13-14,0.1,16442691.19431651,12223696.888790198,0.9192535918177238,False
3,13-14,0.1778279410038923,15875964.232074028,11637989.856986083,0.9247238090202705,False
3,13-14,0.31622776601683794,15362844.275943615,11025698.35507934,0.9295111105025148,False
3,13-14,0.5623413251903491,14953674.056218885,10508467.900835771,0.9332158762515114,False
3,13-14,1.0,14662076.141190985,10108459.40646562,0.9357950735454139,False
3,13-14,1.7782794100389228,14470366.738660753,9858941.957198877,0.9374630800087184,False
3,13-14,3.1622776601683795,14351157.981042858,9713292.032094663,0.9384892103418486,False
3,13-14,5.623413251903491,14281161.047097867,9625853.279478403,0.9390877775949455,False
3,13-14,10.0,14242800.174514763,9586298.962967874,0.9394145728383027,False
3,13-14,17.78279410038923,14223027.65160716,9579039.894835353,0.939582671136772,False
3,13-14,31.622776601683793,14213149.758024927,9578269.782341782,0.9396665616729133,False
3,13-14,56.23413251903491,14208203.945446072,9577891.474632183,0.9397085433540844,False
3,13-14,100.0,14205670.749522666,9577699.81606547,0.9397300402945244,False
3,13-14,177.82794100389228,14204336.93274548,9577599.509010388,0.939741357649521,False
3,13-14,316.22776601683796,14203618.032638967,9577545.623990221,0.9397474570328812,False
3,13-14,562.341325190349,14203224.092984973,9577516.14984616,0.9397507992146711,False
3,13-14,1000.0,14203005.918152666,9577499.842596272,0.9397526501688254,False
3,13-14,1778.2794100389228,14202884.305959908,9577490.757885778,0.9397536818914051,False
3,13-14,3162.2776601683795,14202816.261709677,9577485.676406067,0.9397542591552392,False
3,13-14,5623.413251903491,14202778.106696831,9577482.827522898,0.9397545828479331,False
3,13-14,10000.0,14202756.685143009,9577481.228217077,0.9397547645799101,False
3,13-14,17782.794100389227,14202744.64987174,9577480.329728471,0.9397548666822639,False
3,13-14,31622.776601683792,14202737.88540814,9577479.824745601,0.939754924069188,False
3,13-14,56234.13251903491,14202734.08256753,9577479.540859662,0.93975495633091,False
3,13-14,100000.0,14202731.944420038,9577479.381246334,0.9397549744700625,False
3,13-14,177827.94100389228,14202730.74216107,9577479.291497834,0.9397549846695253,False
3,13-14,316227.7660168379,14202730.066115879,9577479.241031302,0.93975499040481,False
3,13-14,562341.3251903491,14202729.685958697,9577479.212652748,0.9397549936299046,False
3,13-14,1000000.0,14202729.472184073,9577479.196694588,0.9397549954434788,False
3,13-14,1778279.410038923,14202729.35197087,9577479.18772075,0.9397549964633174,False
3,13-14,3162277.6601683795,14202729.28437036,9577479.182674414,0.9397549970368118,False
3,13-14,5623413.251903491,14202729.246355912,9577479.179836655,0.9397549973593105,False
3,13-14,10000000.0,14202729.22497885,9577479.178240867,0.9397549975406645,False
3,13-14,17782794.100389227,14202729.212957658,9577479.177343495,0.9397549976426472,False
3,13-14,31622776.60168379,14202729.206197647,9577479.176838866,0.9397549976999964,False
3,13-14,56234132.51903491,14202729.202396214,9577479.176555095,0.9397549977322461,False
3,13-14,100000000.0,14202729.200258514,9577479.176395517,0.9397549977503814,True
3,14-15,0.0001,19158284.26598302,14698480.453240331,0.8907023064557479,False
3,14-15,0.00017782794100389227,19153605.719767313,14693623.573396277,0.8907556819945814,False
3,14-15,0.00031622776601683794,19145322.96498621,14685018.745307093,0.8908501444436759,False
3,14-15,0.0005623413251903491,19130709.576748025,14669817.34289556,0.8910167063217527,False
3,14-15,0.001,19105081.162968542,14643096.94027055,0.8913085092023357,False
3,14-15,0.0017782794100389228,19060599.2920284,14596537.161214855,0.8918140472268301,False
3,14-15,0.0031622776601683794,18984742.55873839,14516608.208593657,0.8926734433663268,False
3,14-15,0.005623413251903491,18859064.91658443,14382745.767663348,0.8940897282510643,False
3,14-15,0.01,18659981.031862848,14185256.906032057,0.8963139888280279,False
3,14-15,0.01778279410038923,18364222.99008864,13920972.60938303,0.8995747580571372,False
3,14-15,0.03162277660168379,17959595.13917789,13604774.548794273,0.9039514404953785,False
3,14-15,0.05623413251903491,17455953.16802978,13216315.664791442,0.9092628973309917,False
3,14-15,0.1,16889639.70072947,12738409.193026163,0.915054858993255,False
3,14-15,0.1778279410038923,16319389.544010745,12169922.837264756,0.9206940832470336,False
3,14-15,0.31622776601683794,15811259.376734331,11565365.83744668,0.9255558290467368,False
3,14-15,0.5623413251903491,15412646.759066477,11071267.900875816,0.9292620904414313,False
3,14-15,1.0,15133128.92902777,10671379.051064046,0.9318045757133,False
3,14-15,1.7782794100389228,14952082.384645667,10424350.186761178,0.9334265392164204,False
3,14-15,3.1622776601683795,14841521.066152606,10253755.649425065,0.934407437588493,False
3,14-15,5.623413251903491,14778725.236075388,10166708.426063461,0.9349613195768613,False
3,14-15,10.0,14746371.543279106,10115696.73535489,0.9352457741752553,False
3,14-15,17.78279410038923,14731268.613078343,10101917.505376663,0.9353783461421579,False
3,14-15,31.622776601683793,14724688.665372182,10100161.592445575,0.9354360617607633,False
3,14-15,56.23413251903491,14721888.8981108,10099429.892202927,0.9354606119321565,False
3,14-15,100.0,14720674.15484015,10100499.830207517,0.9354712621351896,False
3,14-15,177.82794100389228,14720121.280245788,10101288.178994576,0.9354761091455149,False
3,14-15,316.22776601683796,14719854.876079394,10101747.956034994,0.9354784446259748,False
3,14-15,562.341325190349,14719719.772103297,10102011.872429704,0.9354796290233407,False
3,14-15,1000.0,14719648.565446962,10102162.009558612,0.9354802532565247,False
3,14-15,1778.2794100389228,14719610.052108783,10102246.989040393,0.9354805908824624,False
3,14-15,3162.2776601683795,14719588.881862866,10102294.951771097,0.9354807764703645,False
3,14-15,5623.413251903491,14719577.131776385,10102321.978789458,0.9354808794767949,False
3,14-15,10000.0,14719570.573297957,10102337.194809433,0.9354809369712681,False
3,14-15,17782.794100389227,14719566.900737168,10102345.756980723,0.9354809691665213,False
3,14-15,31622.776601683792,14719564.840423381,10102350.573607227,0.9354809872281179,False
3,14-15,56234.13251903491,14719563.68338001,10102353.282753294,0.9354809973712566,False
3,14-15,100000.0,14719563.033218931,10102354.806394538,0.9354810030708471,False
3,14-15,177827.94100389228,14719562.667762175,10102355.663256787,0.9354810062745975,False
3,14-15,316227.7660168379,14719562.46229997,10102356.145123484,0.9354810080757672,False
3,14-15,562341.3251903491,14719562.346775657,10102356.416102627,0.9354810090885027,False
3,14-15,1000000.0,14719562.281816473,10102356.568487147,0.9354810096579627,False
3,14-15,1778279.410038923,14719562.245288806,10102356.654179832,0.9354810099781798,False
3,14-15,3162277.6601683795,14719562.22474828,10102356.70236854,0.9354810101582469,False
3,14-15,5623413.251903491,14719562.213197656,10102356.72946711,0.9354810102595046,False
3,14-15,10000000.0,14719562.206702305,10102356.744705765,0.9354810103164457,False
3,14-15,17782794.100389227,14719562.20304972,10102356.753275096,0.9354810103484658,False
3,14-15,31622776.60168379,14719562.200995717,10102356.758093983,0.935481010366472,False
3,14-15,56234132.51903491,14719562.199840674,10102356.760803847,0.9354810103765976,False
3,14-15,100000000.0,14719562.199191147,10102356.762327718,0.9354810103822917,True
3,15-16,0.0001,18168204.611144427,13743768.60876664,0.9032610038374116,False
3,15-16,0.00017782794100389227,18164536.380603947,13739899.945213605,0.9033000638462432,False
3,15-16,0.00031622776601683794,18158038.430386987,13733042.10293477,0.9033692358822074,False
3,15-16,0.0005623413251903491,18146562.100320358,13720915.018055677,0.9034913433555113,False
3,15-16,0.001,18126398.826598182,13699561.542710757,0.9037056924266312,False
3,15-16,0.0017782794100389228,18091292.98402058,13662240.645297706,0.9040783223453819,False
3,15-16,0.0031622776601683794,18031109.78492672,13597836.668457665,0.904715454395162,False
3,15-16,0.005623413251903491,17930547.97065734,13489024.217666883,0.905775318918931,False
3,15-16,0.01,17769188.41861238,13311285.882024147,0.9074635707939589,False
3,15-16,0.01778279410038923,17525240.335148748,13039757.223810153,0.90998694186371,False
3,15-16,0.03162277660168379,17184525.443629086,12712773.106655817,0.9134528763597138,False
3,15-16,0.05623413251903491,16751449.755452052,12306443.628338248,0.9177601423296091,False
3,15-16,0.1,16254894.612751331,11858956.163956434,0.9225634727486076,False
3,15-16,0.1778279410038923,15745378.30365546,11329450.694584506,0.9273419478130783,False
3,15-16,0.31622776601683794,15281741.865467522,10771815.115676116,0.9315579087712086,False
3,15-16,0.5623413251903491,14908055.942423299,10310889.60377683,0.934864225803726,False
3,15-16,1.0,14636433.945431732,9902850.382133272,0.9372161265271846,False
3,15-16,1.7782794100389228,14452406.413530143,9630629.03166381,0.9387849958164975,False
3,15-16,3.1622776601683795,14333641.79297664,9507163.816561345,0.9397869472842959,False
3,15-16,5.623413251903491,14261263.499866633,9435537.468542853,0.9403935083797164,False
3,15-16,10.0,14220347.064260514,9394709.73918479,0.9407350470548668,False
3,15-16,17.78279410038923,14198772.305875495,9366768.950333307,0.940914741275279,False
3,15-16,31.622776601683793,14187827.775484374,9348859.88682186,0.9410057929761269,False
3,15-16,56.23413251903491,14182294.077477058,9339582.612836221,0.9410518031852935,False
3,15-16,100.0,14179442.660515906,9338365.293643063,0.9410755044271488,False
3,15-16,177.82794100389228,14177935.864233414,9337662.908296546,0.9410880271327954,False
3,15-16,316.22776601683796,14177122.011662023,9337262.066881813,0.9410947903577043,False
3,15-16,562.341325190349,14176675.495164061,9337034.762924004,0.9410985008052407,False
3,15-16,1000.0,14176428.029081771,9336906.334074212,0.9411005571401031,False
3,15-16,1778.2794100389228,14176290.035057139,9336833.920114812,0.9411017037944782,False
3,15-16,3162.2776601683795,14176212.807567358,9336793.137446914,0.9411023455075311,False
3,15-16,5623.413251903491,14176169.497686503,9336770.18423801,0.9411027053845359,False
3,15-16,10000.0,14176145.180278542,9336757.27054837,0.9411029074459337,False
3,15-16,17782.794100389227,14176131.517481934,9336750.00670033,0.9411030209744845,False
3,15-16,31622.776601683792,14176123.83808919,9336745.921322552,0.9411030847849691,False
3,15-16,56234.13251903491,14176119.520839684,9336743.623751003,0.941103120658335,False
3,15-16,100000.0,14176117.093448428,9336742.331669968,0.9411031408282775,False
3,15-16,177827.94100389228,14176115.728545109,9336741.605059931,0.9411031521696785,False
3,15-16,316227.7660168379,14176114.961041229,9336741.196450919,0.9411031585471037,False
3,15-16,562341.3251903491,14176114.529453985,9336740.96667123,0.9411031621332943,False
3,15-16,1000000.0,14176114.28675842,9336740.837456005,0.941103164149926,False
3,15-16,1778279.410038923,14176114.150281858,9336740.764792752,0.9411031652839515,False
3,15-16,3162277.6601683795,14176114.07353583,9336740.723931137,0.9411031659216578,False
3,15-16,5623413.251903491,14176114.030378478,9336740.700952938,0.9411031662802654,False
3,15-16,10000000.0,14176114.006109357,9336740.688031347,0.9411031664819249,False
3,15-16,17782794.100389227,14176113.992461842,9336740.680764997,0.9411031665953263,False
3,15-16,31622776.60168379,14176113.98478728,9336740.676678829,0.9411031666590965,False
3,15-16,56234132.51903491,14176113.980471566,9336740.674381014,0.9411031666949572,False
3,15-16,100000000.0,14176113.978044653,9336740.673088847,0.9411031667151232,True
3,16-17,0.0001,20113403.249139182,15734977.716608247,0.8788901545349647,False
3,16-17,0.00017782794100389227,20105826.901468482,15727437.602895694,0.8789813770365303,False
3,16-17,0.00031622776601683794,20092434.019835893,15714093.993857682,0.879142549047154,False
3,16-17,0.0005623413251903491,20068866.7776069,15690567.527852416,0.8794259001223359,False
3,16-17,0.001,20027724.11009761,15649355.186770165,0.8799197650937447,False
3,16-17,0.0017782794100389228,19956873.21610192,15577961.998174869,0.8807678637785064,False
3,16-17,0.0031622776601683794,19837626.5176544,15461501.067496007,0.8821884831800401,False
3,16-17,0.005623413251903491,19644219.24244361,15279742.288604027,0.8844744955836338,False
3,16-17,0.01,19347732.42042419,14994282.456007415,0.8879353927628164,False
3,16-17,0.01778279410038923,18927710.504716046,14587502.576895846,0.8927482225770441,False
3,16-17,0.03162277660168379,18388223.23197697,14147753.034826534,0.8987749818556349,False
3,16-17,0.05623413251903491,17764313.77304374,13625449.13941398,0.9055275453675469,False
3,16-17,0.1,17110343.02751435,13026161.119548215,0.9123552793499577,False
3,16-17,0.1778279410038923,16484565.874479124,12380880.160853071,0.9186489135815733,False
3,16-17,0.31622776601683794,15940615.109722108,11752412.48076172,0.9239291130487239,False
3,16-17,0.5623413251903491,15515133.690415578,11230354.568054004,0.9279358326965303,False
3,16-17,1.0,15213940.705267336,10784014.300036877,0.9307066166265344,False
3,16-17,1.7782794100389228,15015787.746547945,10487247.881613255,0.9324998761083537,False
3,16-17,3.1622776601683795,14891277.79295867,10273060.954856778,0.9336146484939902,False
3,16-17,5.623413251903491,14816262.18188578,10152417.053443499,0.9342818033784585,False
3,16-17,10.0,14773344.549537271,10081047.547677793,0.9346619781351082,False
3,16-17,17.78279410038923,14749919.57812886,10036758.429029815,0.9348690169484717,False
3,16-17,31.622776601683793,14737444.621918892,10020677.940631647,0.9349791412868185,False
3,16-17,56.23413251903491,14730809.33086333,10010930.762120701,0.9350376772420904,False
3,16-17,100.0,14727239.776222955,10005202.813155103,0.9350691566347273,False
3,16-17,177.82794100389228,14725292.907837525,10001898.960187338,0.9350863225738442,False
3,16-17,316.22776601683796,14724219.101832276,10000013.979048183,0.9350957895712828,False
3,16-17,562.341325190349,14723622.258407142,9998945.242642235,0.9351010512243292,False
3,16-17,1000.0,14723288.910092318,9998341.45572873,0.9351039898640101,False
3,16-17,1778.2794100389228,14723102.188241336,9998001.032921169,0.9351056358856796,False
3,16-17,3162.2776601683795,14722997.42104521,9997809.317166511,0.9351065594378354,False
3,16-17,5623.413251903491,14722938.580582634,9997701.418141885,0.9351070781300992,False
3,16-17,10000.0,14722905.515776282,9997640.713780545,0.935107369603092,False
3,16-17,17782.794100389227,14722886.92955032,9997606.568260802,0.9351075334441666,False
3,16-17,31622.776601683792,14722876.480115337,9997587.363993146,0.9351076255578089,False
3,16-17,56234.13251903491,14722870.604715442,9997576.563744463,0.9351076773504833,False
3,16-17,100000.0,14722867.300972266,9997570.490035135,0.9351077064735462,False
3,16-17,177827.94100389228,14722865.443215907,9997567.07444783,0.9351077228499844,False
3,16-17,316227.7660168379,14722864.398546439,9997565.15369362,0.9351077320589226,False
3,16-17,562341.3251903491,14722863.811093125,9997564.073565194,0.9351077372374227,False
3,16-17,1000000.0,14722863.480746225,9997563.466161517,0.9351077401494863,False
3,16-17,1778279.410038923,14722863.294979258,9997563.124592427,0.9351077417870532,False
3,16-17,3162277.6601683795,14722863.190515047,9997562.932513732,0.9351077427079229,False
3,16-17,5623413.251903491,14722863.131770581,9997562.824499851,0.9351077432257652,False
3,16-17,10000000.0,14722863.098736165,9997562.76375916,0.9351077435169691,False
3,16-17,17782794.100389227,14722863.080159558,9997562.729602147,0.935107743680725,False
3,16-17,31622776.60168379,14722863.06971317,9997562.710394247,0.9351077437728117,False
3,16-17,56234132.51903491,14722863.063838724,9997562.69959284,0.9351077438245959,False
3,16-17,100000000.0,14722863.060535287,9997562.693518775,0.9351077438537163,True
3,17-18,0.0001,18763957.40575016,14404355.175768742,0.8945617480392304,False
3,17-18,0.00017782794100389227,18759468.88281389,14400566.30137197,0.894612185737163,False
3,17-18,0.00031622776601683794,18751521.745484717,14393853.430545736,0.8947014584169877,False
3,17-18,0.0005623413251903491,18737497.990134716,14381993.717320688,0.8948588993778918,False
3,17-18,0.001,18712895.80097766,14361144.986038404,0.8951348170151063,False
3,17-18,0.0017782794100389228,18670170.708315313,14324808.997810297,0.8956131245881124,False
3,17-18,0.0031622776601683794,18597236.043517802,14262405.588676238,0.8964271022472218,False
3,17-18,0.005623413251903491,18476189.107120562,14157808.383663023,0.8977709987824258,False
3,17-18,0.01,18283915.857583705,13989083.246447094,0.8998876286951488,False
3,17-18,0.01778279410038923,17997293.221573666,13733638.076809205,0.903001793253406,False
3,17-18,0.03162277660168379,17604280.61460051,13374725.911569946,0.9071918991535513,False
3,17-18,0.05623413251903491,17116389.88800271,12908853.477913555,0.9122648422083723,False
3,17-18,0.1,16573790.893854309,12357492.387357585,0.9177391806842953,False
3,17-18,0.1778279410038923,16038890.810896862,11763108.495931733,0.922963244787935,False
3,17-18,0.31622776601683794,15578189.205582371,11192689.274904545,0.9273252964442383,False
3,17-18,0.5623413251903491,15234939.435947971,10753070.856337091,0.9304926414503502,False
3,17-18,1.0,15011200.81327642,10440048.148095496,0.9325192050709513,False
3,17-18,1.7782794100389228,14878591.159903044,10261244.799120676,0.933706195870416,False
3,17-18,3.1622776601683795,14804478.687943116,10160205.725203147,0.9343649895644339,False
3,17-18,5.623413251903491,14766114.744570885,10137012.826645222,0.9347047185496208,False
3,17-18,10.0,14749063.408174306,10129362.052940398,0.9348554323953526,False
3,17-18,17.78279410038923,14743278.995221391,10122925.240997192,0.9349065202749556,False
3,17-18,31.622776601683793,14742291.07983896,10132568.482530363,0.934915243530536,True
3,17-18,56.23413251903491,14742795.85907878,10138217.384430863,0.9349107864219128,False
3,17-18,100.0,14743503.898150487,10141471.35376724,0.9349045343088863,False
3,17-18,177.82794100389228,14744055.969631786,10143326.863912737,0.9348996592095535,False
3,17-18,316.22776601683796,14744419.102666011,10144378.645466244,0.9348964524426441,False
3,17-18,562.341325190349,14744640.735286048,10144972.79058972,0.9348944952033437,False
3,17-18,1000.0,14744771.022404792,10145307.760029621,0.9348933446231074,False
3,17-18,1778.2794100389228,14744846.102179933,10145513.23084908,0.93489268158053,False
3,17-18,3162.2776601683795,14744888.900949605,10145659.464179937,0.9348923036156261,False
3,17-18,5623.413251903491,14744913.152184466,10145741.783348497,0.9348920894474021,False
3,17-18,10000.0,14744926.847902872,10145788.10209506,0.9348919684972122,False
3,17-18,17782.794100389227,14744934.568017345,10145814.157673279,0.9348919003189712,False
3,17-18,31622.776601683792,14744938.915194659,10145828.812532956,0.9348918619279571,False
3,17-18,56234.13251903491,14744941.361639071,10145837.054430103,0.9348918403227874,False
3,17-18,100000.0,14744942.737960076,10145841.689462712,0.9348918281681468,False
3,17-18,177827.94100389228,14744943.512107022,10145844.296019508,0.9348918213314578,False
3,17-18,316227.7660168379,14744943.947500274,10145845.761821432,0.9348918174863888,False
3,17-18,562341.3251903491,14744944.192358376,10145846.586111076,0.9348918153239844,False
3,17-18,1000000.0,14744944.330058046,10145847.049645944,0.9348918141079234,False
3,17-18,1778279.410038923,14744944.407494111,10145847.310311612,0.9348918134240658,False
3,17-18,3162277.6601683795,14744944.451040197,10145847.456894971,0.9348918130394991,False
3,17-18,5623413.251903491,14744944.47552814,10145847.539324936,0.9348918128232399,False
3,17-18,10000000.0,14744944.489298787,10145847.585678736,0.9348918127016277,False
3,17-18,17782794.100389227,14744944.497042606,10145847.611745404,0.9348918126332401,False
3,17-18,31622776.60168379,14744944.50139728,10145847.62640377,0.9348918125947828,False
3,17-18,56234132.51903491,14744944.503846094,10145847.634646773,0.9348918125731567,False
3,17-18,100000000.0,14744944.505223166,10145847.639282158,0.9348918125609955,False
3,18-19,0.0001,20717231.429544766,15758773.875588866,0.8717107038605532,False
3,18-19,0.00017782794100389227,20695133.46544693,15744452.971667327,0.8719842365798702,False
3,18-19,0.00031622776601683794,20656358.13074352,15719250.388279766,0.8724634993816165,False
3,18-19,0.0005623413251903491,20589007.51719241,15675248.027693514,0.8732938159457244,False
3,18-19,0.001,20474068.08653577,15599889.30406382,0.874704557645015,False
3,18-19,0.0017782794100389228,20283710.872505873,15473358.668714963,0.8770235901556707,False
3,18-19,0.0031622776601683794,19983641.102029722,15268515.209916584,0.8806352122758099,False
3,18-19,0.005623413251903491,19545669.239544757,14955979.586073786,0.8858099987563334,False
3,18-19,0.01,18972828.321965262,14517408.9647607,0.8924052350177971,False
3,18-19,0.01778279410038923,18318298.27688124,13966913.49420357,0.8997008528842456,False
3,18-19,0.03162277660168379,17661689.39235946,13367627.626674106,0.9067623169324697,False
3,18-19,0.05623413251903491,17051629.122329757,12729966.619815094,0.9130922025632233,False
3,18-19,0.1,16487593.5702059,12237749.585877627,0.9187466016756337,False
3,18-19,0.1778279410038923,15962024.54499913,11685413.466300586,0.9238442085446877,False
3,18-19,0.31622776601683794,15494492.610258829,11144828.559852969,0.9282401196772276,False
3,18-19,0.5623413251903491,15115791.986207336,10643772.61566816,0.9317050170487173,False
3,18-19,1.0,14837562.364132041,10288583.551462984,0.9341960290358993,False
3,18-19,1.7782794100389228,14648529.83188626,10040357.613801496,0.9358620511378177,False
3,18-19,3.1622776601683795,14529157.595061608,9870967.680537624,0.9369031241459504,False
3,18-19,5.623413251903491,14460643.913379462,9761211.738166403,0.937496800203709,False
3,18-19,10.0,14425832.90362638,9710588.027111344,0.9377973650495149,False
3,18-19,17.78279410038923,14410229.159003846,9697366.172018807,0.9379318556004802,False
3,18-19,31.622776601683793,14403915.438418321,9702261.779138284,0.9379862329552071,False
3,18-19,56.23413251903491,14401522.675809562,9705704.12828786,0.9380068345616155,False
3,18-19,100.0,14400639.445390886,9707893.833683021,0.938014438281262,False
3,18-19,177.82794100389228,14400310.133198189,9709213.020863425,0.9380172732064646,False
3,18-19,316.22776601683796,14400182.135598674,9709984.100229451,0.9380183750723144,False
3,18-19,562.341325190349,14400129.056137135,9710427.235262608,0.9380188320033702,False
3,18-19,1000.0,14400105.33456657,9710679.491367761,0.9380190362084067,False
3,18-19,1778.2794100389228,14400093.959993549,9710822.323194623,0.9380191341252904,False
3,18-19,3162.2776601683795,14400088.189949723,9710902.954291906,0.9380191837961108,False
3,18-19,5623.413251903491,14400085.144170579,9710948.395087678,0.9380192100153749,False
3,18-19,10000.0,14400083.494476404,9710973.979557032,0.9380192242165886,False
3,18-19,17782.794100389227,14400082.586758938,9710988.376647282,0.9380192320305752,False
3,18-19,31622.776601683792,14400082.082633166,9710996.475853933,0.9380192363702868,False
3,18-19,56234.13251903491,14400081.801142266,9711001.03136195,0.9380192387934703,False
3,18-19,100000.0,14400081.643480869,9711003.593425294,0.938019240150681,False
3,18-19,177827.94100389228,14400081.55502141,9711005.034278356,0.9380192409121746,False
3,18-19,316227.7660168379,14400081.505340276,9711005.844560878,0.9380192413398492,False
3,18-19,562341.3251903491,14400081.477422532,9711006.30022612,0.938019241580176,False
3,18-19,1000000.0,14400081.461729554,9711006.556468647,0.9380192417152673,False
3,18-19,1778279.410038923,14400081.452906745,9711006.700565394,0.9380192417912175,False
3,18-19,3162277.6601683795,14400081.447945952,9711006.781597268,0.9380192418339219,False
3,18-19,5623413.251903491,14400081.445156492,9711006.827164937,0.9380192418579347,False
3,18-19,10000000.0,14400081.443587927,9711006.852789553,0.9380192418714375,False
3,18-19,17782794.100389227,14400081.442705872,9711006.86719934,0.9380192418790305,False
3,18-19,31622776.60168379,14400081.44220987,9711006.87530256,0.9380192418833003,False
3,18-19,56234132.51903491,14400081.441930944,9711006.879859345,0.9380192418857014,False
3,18-19,100000000.0,14400081.441774094,9711006.88242181,0.9380192418870517,True
3,19-20,0.0001,18023895.52594789,13902086.269104984,0.9028293448655709,False
3,19-20,0.00017782794100389227,18020839.487453513,13898698.419155918,0.9028622935793402,False
3,19-20,0.00031622776601683794,18015424.249073725,13892692.920858856,0.9029206643119098,False
3,19-20,0.0005623413251903491,18005854.79271314,13882073.239344176,0.9030237703748888,False
3,19-20,0.001,17989025.546975754,13863374.976406634,0.9032049641169126,False
3,19-20,0.0017782794100389228,17959676.782383423,13830700.204527568,0.9035205451188876,False
3,19-20,0.0031622776601683794,17909230.665678218,13774342.654347533,0.9040617774064078,False
3,19-20,0.005623413251903491,17824606.59398575,13679264.894832538,0.9049662832580729,False
3,19-20,0.01,17688130.02945166,13524572.316227274,0.9064159895712611,False
3,19-20,0.01778279410038923,17480840.82210758,13286606.598851738,0.9085965802869415,False
3,19-20,0.03162277660168379,17191275.456878185,12974216.444188653,0.9115996455703728,False
3,19-20,0.05623413251903491,16826859.176655438,12587849.111807022,0.9153076997780669,False
3,19-20,0.1,16418077.769401746,12142899.334791603,0.919372642739705,False
3,19-20,0.1778279410038923,16008936.285167975,11719396.261066027,0.9233410687197708,False
3,19-20,0.31622776601683794,15640436.79424249,11306059.184670182,0.9268295774332466,False
3,19-20,0.5623413251903491,15338527.321353825,10915253.04046912,0.9296271505086975,False
3,19-20,1.0,15111083.923579434,10614173.81093338,0.9316986884641523,False
3,19-20,1.7782794100389228,14952202.460485373,10416144.16144372,0.933127409675551,False
3,19-20,3.1622776601683795,14849794.724665174,10270096.247563992,0.9340402944035209,False
3,19-20,5.623413251903491,14790478.497229794,10185358.902007852,0.9345661827322094,False
3,19-20,10.0,14760554.992682267,10142319.36852849,0.9348306810641682,False
3,19-20,17.78279410038923,14747574.250986394,10122316.014657972,0.9349452531957243,False
3,19-20,31.622776601683793,14742703.67670295,10123339.921167377,0.9349882164178621,False
3,19-20,56.23413251903491,14741119.711951975,10124456.139231293,0.9350021854759032,False
3,19-20,100.0,14740693.10121178,10125289.726955952,0.9350059475190952,False
3,19-20,177.82794100389228,14740621.831355603,10125831.040269809,0.9350065759977622,True
3,19-20,316.22776601683796,14740639.495868726,10126159.85623487,0.9350064202271451,False
3,19-20,562.341325190349,14740668.534387192,10126509.86604081,0.9350061641569622,False
3,19-20,1000.0,14740691.06222392,10126773.51322202,0.9350059654995353,False
3,19-20,1778.2794100389228,14740705.719166404,10126922.728961835,0.9350058362499235,False
3,19-20,3162.2776601683795,14740714.595368177,10127006.943200316,0.9350057579766717,False
3,19-20,5623.413251903491,14740719.78823248,10127054.396810247,0.9350057121842732,False
3,19-20,10000.0,14740722.77225046,10127081.112496005,0.9350056858702063,False
3,19-20,17782.794100389227,14740724.470509402,10127096.145503901,0.9350056708943895,False
3,19-20,31622.776601683792,14740725.431910666,10127104.602246344,0.93500566241643,False
3,19-20,56234.13251903491,14740725.974571142,10127109.358790347,0.9350056576310674,False
3,19-20,100000.0,14740726.280372016,10127112.033897838,0.9350056549344122,False
3,19-20,177827.94100389228,14740726.452539055,10127113.538318193,0.9350056534161854,False
3,19-20,316227.7660168379,14740726.549419753,10127114.38434655,0.9350056525618586,False
3,19-20,562341.3251903491,14740726.603920035,10127114.860112943,0.9350056520812569,False
3,19-20,1000000.0,14740726.634574197,10127115.127659116,0.9350056518109381,False
3,19-20,1778279.410038923,14740726.65181433,10127115.278112348,0.9350056516589088,False
3,19-20,3162277.6601683795,14740726.66150981,10127115.362718727,0.9350056515734108,False
3,19-20,5623413.251903491,14740726.66696218,10127115.410296492,0.9350056515253299,False
3,19-20,10000000.0,14740726.670028333,10127115.437051456,0.9350056514982915,False
3,19-20,17782794.100389227,14740726.671752585,10127115.452096896,0.9350056514830866,False
3,19-20,31622776.60168379,14740726.672722206,10127115.460557567,0.9350056514745361,False
3,19-20,56234132.51903491,14740726.673267465,10127115.465315351,0.9350056514697278,False
3,19-20,100000000.0,14740726.673574088,10127115.467990851,0.9350056514670239,False
3,20-21,0.0001,19356353.634951904,14962453.643403845,0.8858608143422801,False
3,20-21,0.00017782794100389227,19350857.640969574,14956408.0783163,0.8859256219223843,False
3,20-21,0.00031622776601683794,19341131.677375525,14945708.986636933,0.8860402632937651,False
3,20-21,0.0005623413251903491,19323984.10099709,14926843.653250376,0.886242243929461,False
3,20-21,0.001,19293946.992068462,14893789.919869304,0.88659561810366,False
3,20-21,0.0017782794100389228,19241913.202367473,14836500.727552222,0.88720647318224,False
3,20-21,0.0031622776601683794,19153435.25982045,14738970.1652371,0.8882413801293967,False
3,20-21,0.005623413251903491,19007423.248615805,14587463.57825428,0.8899388199782282,False
3,20-21,0.01,18777166.95750797,14394041.153692152,0.8925892350659379,False
3,20-21,0.01778279410038923,18436469.363761533,14100332.395238724,0.8964516493020988,False
3,20-21,0.03162277660168379,17971648.852305904,13711686.064223468,0.9016071540441846,False
3,20-21,0.05623413251903491,17394775.48085898,13194022.487566719,0.9078224143091118,False
3,20-21,0.1,16750853.184710775,12576614.859583803,0.914520585606489,False
3,20-21,0.1778279410038923,16112259.932300461,11901933.72509685,0.920913821084424,False
3,20-21,0.31622776601683794,15554763.75399948,11266751.847889828,0.9262920194366102,False
3,20-21,0.5623413251903491,15124927.7649074,10719897.995283319,0.9303093857851727,False
3,20-21,1.0,14825244.511795992,10347410.07158683,0.9330437066285148,False
3,20-21,1.7782794100389228,14628836.167596363,10076482.981623527,0.934806060351344,False
3,20-21,3.1622776601683795,14504976.2594207,9893377.744810842,0.9359053591346038,False
3,20-21,5.623413251903491,14431122.799242469,9772671.635097666,0.9365563853904211,False
3,20-21,10.0,14390824.489080217,9711876.004051486,0.9369102179780737,False
3,20-21,17.78279410038923,14370808.162476007,9702111.677736646,0.9370856002079833,False
3,20-21,31.622776601683793,14361480.291939987,9704305.205049869,0.9371672472398593,False
3,20-21,56.23413251903491,14357210.466031084,9706064.73922403,0.9372046034215598,False
3,20-21,100.0,14355213.986035012,9707252.6015082,0.9372220665682621,False
3,20-21,177.82794100389228,14354240.808021108,9707990.145100243,0.9372305780448263,False
3,20-21,316.22776601683796,14353745.229358993,9708428.23983666,0.937234912185459,False
3,20-21,562.341325190349,14353483.732795885,9708682.234927995,0.9372371990736514,False
3,20-21,1000.0,14353342.27490334,9708827.528519483,0.9372384361600572,False
3,20-21,1778.2794100389228,14353264.524431609,9708910.020048236,0.9372391161031512,False
3,20-21,3162.2776601683795,14353221.375606796,9708956.658822782,0.937239493446481,False
3,20-21,5623.413251903491,14353197.293516222,9708982.965183148,0.9372397040476967,False
3,20-21,10000.0,14353183.808968047,9708997.783509798,0.9372398219717828,False
3,20-21,17782.794100389227,14353176.244358912,9709006.12443636,0.9372398881252018,False
3,20-21,31622.776601683792,14353171.996261835,9709010.81740566,0.9372399252753076,False
3,20-21,56234.13251903491,14353169.609214844,9709013.457253901,0.9372399461503079,False
3,20-21,100000.0,14353168.267459664,9709014.94200197,0.9372399578841096,False
3,20-21,177827.94100389228,14353167.513118718,9709015.777016954,0.9372399644809066,False
3,20-21,316227.7660168379,14353167.088979645,9709016.246605624,0.9372399681900507,False
3,20-21,562341.3251903491,14353166.850487063,9709016.510682713,0.9372399702756952,False
3,20-21,1000000.0,14353166.716378633,9709016.659186697,0.9372399714484885,False
3,20-21,1778279.410038923,14353166.640965749,9709016.742697427,0.9372399721079826,False
3,20-21,3162277.6601683795,14353166.598558553,9709016.78965921,0.9372399724788383,False
3,20-21,5623413.251903491,14353166.574711414,9709016.81606784,0.9372399726873842,False
3,20-21,10000000.0,14353166.56130124,9709016.830918534,0.9372399728046577,False
3,20-21,17782794.100389227,14353166.553760165,9709016.839269705,0.9372399728706052,False
3,20-21,31622776.60168379,14353166.549519511,9709016.843965901,0.9372399729076902,False
3,20-21,56234132.51903491,14353166.54713482,9709016.84660678,0.9372399729285447,False
3,20-21,100000000.0,14353166.545793809,9709016.848091852,0.937239972940272,True
3,21-22,0.0001,17192501.14812902,13764747.647491168,0.9101124677545162,False
3,21-22,0.00017782794100389227,17188818.11944229,13761328.681354383,0.9101509755779951,False
3,21-22,0.00031622776601683794,17182291.956386376,13755266.257283945,0.910219189467379,False
3,21-22,0.0005623413251903491,17170759.62756513,13744540.351729894,0.9103396663362632,False
3,21-22,0.001,17150479.27611064,13725637.634871444,0.9105513365589991,False
3,21-22,0.0017782794100389228,17115114.844670538,13692551.40427658,0.9109198440156281,False
3,21-22,0.0031622776601683794,17054337.309326638,13635318.064972075,0.9115513863001685,False
3,21-22,0.005623413251903491,16952408.747756757,13538267.09227585,0.9126054874991364,False
3,21-22,0.01,16788106.25753399,13378957.482634474,0.9142913307304126,False
3,21-22,0.01778279410038923,16538801.382416448,13130243.723433685,0.9168179925779862,False
3,21-22,0.03162277660168379,16191269.349438647,12770578.08579104,0.920277092585372,False
3,21-22,0.05623413251903491,15755842.312914254,12325144.53469744,0.9245073648994134,False
3,21-22,0.1,15271980.013613464,11831177.67789604,0.9290729286806279,False
3,21-22,0.1778279410038923,14797152.27493899,11324748.312573645,0.9334148136268566,False
3,21-22,0.31622776601683794,14385889.710599529,10902442.14377757,0.9370646304833864,False
3,21-22,0.5623413251903491,14071070.902740762,10543916.97825823,0.9397890282545909,False
3,21-22,1.0,13856542.356557189,10237962.205853144,0.9416109941566164,False
3,21-22,1.7782794100389228,13724234.875006443,10003404.452382745,0.9427207111507317,False
3,21-22,3.1622776601683795,13648707.259714438,9861267.903074801,0.9433494185699209,False
3,21-22,5.623413251903491,13608089.343648273,9768018.694017652,0.9436860958304234,False
3,21-22,10.0,13587283.165318629,9723585.103772555,0.943858167218444,False
3,21-22,17.78279410038923,13576965.860368557,9699958.347847186,0.9439433958084991,False
3,21-22,31.622776601683793,13571885.315814467,9687455.635265542,0.9439853410843279,False
3,21-22,56.23413251903491,13569341.095959654,9682560.663614368,0.9440063404143513,False
3,21-22,100.0,13568030.151853658,9679713.124415267,0.9440171590696793,False
3,21-22,177.82794100389228,13567335.349046797,9678079.14659577,0.9440228925532643,False
3,21-22,316.22776601683796,13566958.94141237,9677149.430654643,0.944025998530639,False
3,21-22,562.341325190349,13566751.968151262,9676623.079024535,0.944027706361156,False
3,21-22,1000.0,13566637.095317332,9676325.954073703,0.9440286542179144,False
3,21-22,1778.2794100389228,13566572.982981717,9676158.506015988,0.9440291832281917,False
3,21-22,3162.2776601683795,13566537.084501121,9676064.22785594,0.9440294794363239,False
3,21-22,5623.413251903491,13566516.946355829,9676011.17481627,0.9440296456012975,False
3,21-22,10000.0,13566505.637389837,9675981.329327667,0.9440297389143525,False
3,21-22,17782.794100389227,13566499.282812687,9675964.542313328,0.9440297913474945,False
3,21-22,31622.776601683792,13566495.710928798,9675955.101122577,0.9440298208199556,False
3,21-22,56234.13251903491,13566493.70280357,9675949.791584289,0.9440298373894696,False
3,21-22,100000.0,13566492.573707607,9675946.805695554,0.9440298467059051,False
3,21-22,177827.94100389228,13566491.938819576,9675945.126570266,0.9440298519445147,False
3,21-22,316227.7660168379,13566491.581811382,9675944.182317127,0.9440298548902728,False
3,21-22,562341.3251903491,13566491.381055858,9675943.651320904,0.9440298565467535,False
3,21-22,1000000.0,13566491.268164283,9675943.352718616,0.9440298574782482,False
3,21-22,1778279.410038923,13566491.204681179,9675943.184801841,0.9440298580020622,False
3,21-22,3162277.6601683795,13566491.16898216,9675943.090375183,0.9440298582966231,False
3,21-22,5623413.251903491,13566491.14890718,9675943.037275145,0.9440298584622664,False
3,21-22,10000000.0,13566491.137618203,9675943.007414782,0.9440298585554144,False
3,21-22,17782794.100389227,13566491.131269949,9675942.990623059,0.9440298586077953,False
3,21-22,31622776.60168379,13566491.127700066,9675942.981180381,0.9440298586372512,False
3,21-22,56234132.51903491,13566491.125692576,9675942.975870375,0.9440298586538155,False
3,21-22,100000000.0,13566491.124563675,9675942.972884336,0.9440298586631304,True
3,22-23,0.0001,22504428.00402574,16954355.151661806,0.850100979997384,False
3,22-23,0.00017782794100389227,22478533.876133468,16939370.59189932,0.850445736266571,False
3,22-23,0.00031622776601683794,22433116.57029354,16912972.07474442,0.8510494669089782,False
3,22-23,0.0005623413251903491,22354287.3224434,16866795.1094032,0.8520944424075152,False
3,22-23,0.001,22219928.980517656,16787008.4836373,0.8538670442142304,False
3,22-23,0.0017782794100389228,21997880.499154434,16651989.301920276,0.8567731262317508,False
3,22-23,0.0031622776601683794,21649004.237288985,16431134.555750025,0.8612801257092076,False
3,22-23,0.005623413251903491,21142001.9042186,16095102.940114442,0.8677014601781,False
3,22-23,0.01,20480904.425842214,15613898.48621085,0.8758458909849051,False
3,22-23,0.01778279410038923,19720377.171345633,14986820.675070701,0.8848952437065223,False
3,22-23,0.03162277660168379,18930957.286458623,14251734.894411463,0.893926234305745,False
3,22-23,0.05623413251903491,18144699.983021922,13536286.250119735,0.9025543584872266,False
3,22-23,0.1,17366619.568641532,12956886.783850227,0.9107324907422941,False
3,22-23,0.1778279410038923,16630351.5826462,12276959.726726292,0.9181411390577711,False
3,22-23,0.31622776601683794,16000124.602336584,11569923.162950879,0.9242278578664133,False
3,22-23,0.5623413251903491,15518349.962610403,10991581.213033747,0.9287222603442867,False
3,22-23,1.0,15178261.34886015,10549836.586462826,0.9318121670201696,False
3,22-23,1.7782794100389228,14946694.994596614,10262299.046296882,0.9338769039240042,False
3,22-23,3.1622776601683795,14792720.209805062,10053378.82608326,0.9352322333444434,False
3,22-23,5.623413251903491,14694649.82351592,9950246.859533282,0.9360881604135538,False
3,22-23,10.0,14635827.92300237,9887629.870750362,0.9365988076959477,False
3,22-23,17.78279410038923,14602384.862480234,9866425.078624185,0.9368882217873932,False
3,22-23,31.622776601683793,14583940.266561711,9856014.911074173,0.9370475568652852,False
3,22-23,56.23413251903491,14573852.371953325,9850018.267044459,0.9371346167354462,False
3,22-23,100.0,14568315.000940079,9846599.891924549,0.9371823793735898,False
3,22-23,177.82794100389228,14565254.267620863,9844662.806292979,0.9372087719642471,False
3,22-23,316.22776601683796,14563552.011979217,9843568.796968538,0.937223448052179,False
3,22-23,562.341325190349,14562601.153341115,9842952.097487746,0.9372316451840325,False
3,22-23,1000.0,14562068.542628558,9842604.829027377,0.937236236463637,False
3,22-23,1778.2794100389228,14561769.71036198,9842409.395955924,0.9372388124225696,False
3,22-23,3162.2776601683795,14561601.881127108,9842299.448511755,0.9372402591013183,False
3,22-23,5623.413251903491,14561507.57272215,9842237.605542235,0.9372410720272507,False
3,22-23,10000.0,14561454.56107959,9842202.823947582,0.9372415289782614,False
3,22-23,17782.794100389227,14561424.757372666,9842183.263321394,0.9372417858802289,False
3,22-23,31622.776601683792,14561407.999710742,9842172.263099147,0.9372419303276779,False
3,22-23,56234.13251903491,14561398.576879226,9842166.077069778,0.93724201155039,False
3,22-23,100000.0,14561393.278251292,9842162.598362433,0.9372420572233614,False
3,22-23,177827.94100389228,14561390.298683308,9842160.642126553,0.9372420829065545,False
3,22-23,316227.7660168379,14561388.623171076,9842159.542049538,0.9372420973490836,False
3,22-23,562341.3251903491,14561387.68096825,9842158.92342928,0.937242105470654,False
3,22-23,1000000.0,14561387.151130859,9842158.575553058,0.9372421100377295,False
3,22-23,1778279.410038923,14561386.853182096,9842158.379927745,0.9372421126059788,False
3,22-23,3162277.6601683795,14561386.685633415,9842158.26991949,0.9372421140502095,False
3,22-23,5623413.251903491,14561386.591413932,9842158.208057288,0.9372421148623595,False
3,22-23,10000000.0,14561386.538430447,9842158.173269616,0.9372421153190649,False
3,22-23,17782794.100389227,14561386.508635657,9842158.153707065,0.9372421155758891,False
3,22-23,31622776.60168379,14561386.49188081,9842158.142706227,0.9372421157203119,False
3,22-23,56234132.51903491,14561386.48245887,9842158.136520015,0.9372421158015268,False
3,22-23,100000000.0,14561386.477160526,9842158.133041244,0.9372421158471974,True
3,23-24,0.0001,17169028.213964462,12707578.11247183,0.9111944203253007,False
3,23-24,0.00017782794100389227,17165414.0517205,12703952.307639025,0.9112318043854285,False
3,23-24,0.00031622776601683794,17159014.38483501,12697521.670050913,0.9112979817560676,False
3,23-24,0.0005623413251903491,17147719.576599386,12686139.784711057,0.911414718361772,False
3,23-24,0.001,17127900.39543534,12666067.109580671,0.9116193721798274,False
3,23-24,0.0017782794100389228,17093473.436290428,12630891.23729117,0.9119743039944763,False
3,23-24,0.0031622776601683794,17034706.19412114,12569922.033199567,0.9125785270036285,False
3,23-24,0.005623413251903491,16937296.37106167,12470058.6711463,0.9135754755110933,False
3,23-24,0.01,16783354.28675248,12320613.339735169,0.9151393508572899,False
3,23-24,0.01778279410038923,16557130.23298689,12092995.306315763,0.9174116186463792,False
3,23-24,0.03162277660168379,16256509.741873588,11776046.466483496,0.9203834339416285,False
3,23-24,0.05623413251903491,15902506.223896189,11432037.921656849,0.9238131577961431,False
3,23-24,0.1,15532746.325848304,11075972.342679106,0.9273149114222388,False
3,23-24,0.1778279410038923,15182662.333451863,10770654.75008076,0.9305544068833054,False
3,23-24,0.31622776601683794,14877185.890976911,10476090.920864535,0.9333207964151379,False
3,23-24,0.5623413251903491,14632824.89218771,10186165.544564659,0.9354932478901932,False
3,23-24,1.0,14454416.281635748,9948879.964150367,0.9370566373066537,False
3,23-24,1.7782794100389228,14333869.459262175,9780390.230557973,0.9381021285419398,False
3,23-24,3.1622776601683795,14257433.724869885,9669425.12308946,0.9387605124663867,False
3,23-24,5.623413251903491,14212052.651782181,9606757.040695513,0.9391497396985462,False
3,23-24,10.0,14186954.144728296,9566890.948247064,0.9393644732294795,False
3,23-24,17.78279410038923,14173864.48059563,9556616.469344538,0.9394763129544569,False
3,23-24,31.622776601683793,14167230.515541092,9555932.516777555,0.9395329549610345,False
3,23-24,56.23413251903491,14163860.089366524,9555426.83679787,0.9395617221175788,False
3,23-24,100.0,14162112.15756499,9555097.17683856,0.9395766383153875,False
3,23-24,177.82794100389228,14161183.269448783,9554895.994584015,0.9395845643509005,False
3,23-24,316.22776601683796,14160679.512633353,9554777.574880041,0.9395888625999322,False
3,23-24,562.341325190349,14160402.397907674,9554709.256249763,0.9395912269853348,False
3,23-24,1000.0,14160248.568976404,9554670.281924134,0.9395925394574323,False
3,23-24,1778.2794100389228,14160162.70811155,9554648.187432855,0.9395932720181717,False
3,23-24,3162.2776601683795,14160114.630247062,9554635.706293752,0.9395936822142424,False
3,23-24,5623.413251903491,14160087.65929671,9554628.669710284,0.9395939123273861,False
3,23-24,10000.0,14160072.5130972,9554624.707070412,0.9395940415528808,False
3,23-24,17782.794100389227,14160064.002313042,9554622.476916786,0.9395941141657744,False
3,23-24,31622.776601683792,14160059.218420397,9554621.222240506,0.9395941549812996,False
3,23-24,56234.13251903491,14160056.52889572,9554620.516504277,0.9395941779279544,False
3,23-24,100000.0,14160055.016672308,9554620.11958273,0.9395941908300347,False
3,23-24,177827.94100389228,14160054.166352203,9554619.896359343,0.9395941980848472,False
3,23-24,316227.7660168379,14160053.688202817,9554619.770825913,0.939594202164351,False
3,23-24,562341.3251903491,14160053.419326222,9554619.700231487,0.9395942044583684,False
3,23-24,1000000.0,14160053.268127875,9554619.66053274,0.9395942057483715,False
3,23-24,1778279.410038923,14160053.18310345,9554619.638208319,0.939594206473788,False
3,23-24,3162277.6601683795,14160053.135290917,9554619.625654323,0.9395942068817178,False
3,23-24,5623413.251903491,14160053.108404009,9554619.618594667,0.9395942071111131,False
3,23-24,10000000.0,14160053.093284424,9554619.614624733,0.9395942072401113,False
3,23-24,17782794.100389227,14160053.084782057,9554619.612392273,0.9395942073126523,False
3,23-24,31622776.60168379,14160053.08000082,9554619.611136863,0.9395942073534451,False
3,23-24,56234132.51903491,14160053.077312145,9554619.610430898,0.9395942073763845,False
3,23-24,100000000.0,14160053.075800188,9554619.610033903,0.9395942073892843,True
3,24-25,0.0001,16210228.781205373,12230396.641064102,0.9205245101771603,False
3,24-25,0.00017782794100389227,16203016.846479528,12226175.877409613,0.9205952117755708,False
3,24-25,0.00031622776601683794,16190380.563448777,12218732.368651003,0.9207190146615226,False
3,24-25,0.0005623413251903491,16168487.320544645,12205687.832084514,0.9209332831663709,False
3,24-25,0.001,16131282.573314836,12183074.062182803,0.9212967398933947,False
3,24-25,0.0017782794100389228,16070082.147090472,12144577.896562103,0.921892791206851,False
3,24-25,0.0031622776601683794,15974556.809752444,12080935.446413187,0.9228186161721464,False
3,24-25,0.005623413251903491,15836743.912917275,11980249.115775852,0.924144563320511,False
3,24-25,0.01,15657631.333129859,11830146.150014779,0.9258507007533284,False
3,24-25,0.01778279410038923,15449561.516248204,11621312.08056486,0.9278083046972229,False
3,24-25,0.03162277660168379,15227744.821827523,11353683.24698556,0.9298664042433459,False
3,24-25,0.05623413251903491,15002040.06466655,11032656.490741573,0.9319300288333708,False
3,24-25,0.1,14784344.822170794,10703501.444962824,0.9338912278182502,False
3,24-25,0.1778279410038923,14597605.633925505,10390077.270889467,0.935550703961782,False
3,24-25,0.31622776601683794,14465916.394774789,10209265.231280532,0.9367082904684845,False
3,24-25,0.5623413251903491,14395251.56017053,10096826.455779877,0.9373251299645372,False
3,24-25,1.0,14369657.117830938,9993840.839013992,0.9375478009318367,False
3,24-25,1.7782794100389228,14367408.20465048,9913643.236256909,0.9375673474780069,True
3,24-25,3.1622776601683795,14376060.238785343,9880387.082514042,0.9374921311164037,False
3,24-25,5.623413251903491,14391332.479527548,9862927.33957517,0.937359251554294,False
3,24-25,10.0,14409589.853029873,9867632.75853713,0.9372002140246976,False
3,24-25,17.78279410038923,14426530.406206682,9885270.978781698,0.9370524667970521,False
3,24-25,31.622776601683793,14439585.418251786,9895961.686016226,0.9369384889231747,False
3,24-25,56.23413251903491,14448463.485410232,9907609.541763388,0.9368609193215063,False
3,24-25,100.0,14454044.668536443,9915501.333928788,0.936812130904223,False
3,24-25,177.82794100389228,14457391.432933,9920059.883865973,0.936782865823281,False
3,24-25,316.22776601683796,14459343.69123883,9922663.205652388,0.93676579158017,False
3,24-25,562.341325190349,14460464.56771598,9924140.084271738,0.9367559874721172,False
3,24-25,1000.0,14461102.322268795,9924974.73902562,0.9367504088067604,False
3,24-25,1778.2794100389228,14461463.338357894,9925445.421127984,0.9367472507618806,False
3,24-25,3162.2776601683795,14461667.110358674,9925710.524826039,0.9367454681995252,False
3,24-25,5623.413251903491,14461781.940287817,9925859.736649342,0.9367444636760237,False
3,24-25,10000.0,14461846.59011879,9925943.686760727,0.9367438981207015,False
3,24-25,17782.794100389227,14461882.969520647,9925990.908713203,0.9367435798733698,False
3,24-25,31622.776601683792,14461903.43479742,9926017.467787532,0.9367434008425943,False
3,24-25,56234.13251903491,14461914.945683807,9926032.404387085,0.9367433001449483,False
3,24-25,100000.0,14461921.419494927,9926040.804276336,0.9367432435117818,False
3,24-25,177827.94100389228,14461925.060228089,9926045.52801467,0.936743211662487,False
3,24-25,316227.7660168379,14461927.107639208,9926048.184410147,0.9367431937516403,False
3,24-25,562341.3251903491,14461928.259007262,9926049.678224463,0.9367431836794184,False
3,24-25,1000000.0,14461928.90647674,9926050.5182622,0.9367431780153248,False
3,24-25,1778279.410038923,14461929.270578,9926050.99065147,0.9367431748301495,False
3,24-25,3162277.6601683795,14461929.475327952,9926051.256295895,0.9367431730389871,False
3,24-25,5623413.251903491,14461929.59046755,9926051.40567887,0.9367431720317404,False
3,24-25,10000000.0,14461929.65521538,9926051.489683134,0.9367431714653233,False
3,24-25,17782794.100389227,14461929.691625789,9926051.536922218,0.9367431711468033,False
3,24-25,31622776.60168379,14461929.71210087,9926051.563486708,0.9367431709676862,False
3,24-25,56234132.51903491,14461929.723614855,9926051.578425022,0.9367431708669613,False
3,24-25,100000000.0,14461929.730089648,9926051.586825453,0.9367431708103195,False
3,25-26,0.0001,19323261.500069115,14630290.656732013,0.8876445520456909,False
3,25-26,0.00017782794100389227,19319993.274872065,14627671.2582456,0.887682555138775,False
3,25-26,0.00031622776601683794,19314197.92622089,14623022.571471157,0.887749927949567,False
3,25-26,0.0005623413251903491,19303943.857050795,14614833.59021555,0.8878690853139554,False
3,25-26,0.001,19285870.476235583,14600716.901549378,0.8880789528973858,False
3,25-26,0.0017782794100389228,19254228.73143953,14575894.509109603,0.8884459025871922,False
3,25-26,0.0031622776601683794,19199470.71752409,14532615.92408418,0.8890795083061683,False
3,25-26,0.005623413251903491,19106540.173284844,14458244.20529271,0.8901506789982158,False
3,25-26,0.01,18953744.978139985,14334886.295735585,0.8919005861593615,False
3,25-26,0.01778279410038923,18714449.103829466,14136189.160459636,0.8946129208815194,False
3,25-26,0.03162277660168379,18364714.478725426,13833098.714138256,0.8985150517761147,False
3,25-26,0.05623413251903491,17897247.363756675,13420815.362933015,0.903615820525683,False
3,25-26,0.1,17334410.450497113,12911342.074151294,0.909582722800069,False
3,25-26,0.1778279410038923,16729157.807685943,12312198.002176978,0.9157865559241504,False
3,25-26,0.31622776601683794,16150447.091191595,11676115.79555547,0.9215121609841714,False
3,25-26,0.5623413251903491,15658618.484849898,11110478.27631987,0.9262197438097444,False
3,25-26,1.0,15283333.227041638,10663673.810007636,0.9297139013478832,False
3,25-26,1.7782794100389228,15021737.242339367,10382481.532858636,0.932099402579138,False
3,25-26,3.1622776601683795,14854252.734022213,10182079.228592604,0.9336050740477144,False
3,25-26,5.623413251903491,14757183.36050867,10061149.57843985,0.9344699921170262,False
3,25-26,10.0,14706954.745372754,10004458.324767875,0.9349153182884744,False
3,25-26,17.78279410038923,14683507.370574916,9976597.96204475,0.9351226825519058,False
3,25-26,31.622776601683793,14673268.243321013,9977308.876114927,0.9352131317179803,False
3,25-26,56.23413251903491,14668881.892837714,9978014.711300366,0.9352518600273051,False
3,25-26,100.0,14666958.765544651,9978525.81664586,0.9352688362022713,False
3,25-26,177.82794100389228,14666073.090669885,9978852.969520126,0.9352766536421818,False
3,25-26,316.22776601683796,14665641.736040622,9979050.215317791,0.9352804608377865,False
3,25-26,562.341325190349,14665421.170014959,9979165.46531701,0.9352824075407603,False
3,25-26,1000.0,14665304.262850659,9979231.668947421,0.935283439344753,False
3,25-26,1778.2794100389228,14665240.805247465,9979269.343147628,0.9352839994079971,False
3,25-26,3162.2776601683795,14665205.848231329,9979290.670471527,0.9352843079301156,False
3,25-26,5623.413251903491,14665186.421599466,9979302.708615147,0.9352844793845235,False
3,25-26,10000.0,14665175.570471596,9979309.492387196,0.9352845751536614,False
3,25-26,17782.794100389227,14665169.491635405,9979313.311685843,0.9352846288038046,False
3,25-26,31622.776601683792,14665166.080597123,9979315.460860163,0.9352846589086845,False
3,25-26,56234.13251903491,14665164.164752245,9979316.66988042,0.935284675817398,False
3,25-26,100000.0,14665163.088128243,9979317.349905035,0.9352846853193808,False
3,25-26,177827.94100389228,14665162.48293046,9979317.732356066,0.9352846906606872,False
3,25-26,316227.7660168379,14665162.14267622,9979317.947438339,0.9352846936636758,False
3,25-26,562341.3251903491,14665161.951360445,9979318.068392504,0.9352846953521752,False
3,25-26,1000000.0,14665161.843783023,9979318.136411449,0.9352846963016235,False
3,25-26,1778279.410038923,14665161.783290118,9979318.174661761,0.9352846968355168,False
3,25-26,3162277.6601683795,14665161.749273194,9979318.19617164,0.9352846971357407,False
3,25-26,5623413.251903491,14665161.730144305,9979318.208267575,0.9352846973045669,False
3,25-26,10000000.0,14665161.719387412,9979318.215069639,0.9352846973995042,False
3,25-26,17782794.100389227,14665161.71333839,9979318.218894722,0.9352846974528912,False
3,25-26,31622776.60168379,14665161.709936785,9979318.221045729,0.9352846974829128,False
3,25-26,56234132.51903491,14665161.708023923,9979318.222255321,0.9352846974997951,False
3,25-26,100000000.0,14665161.706948241,9979318.222935531,0.9352846975092888,True
4,10-11,0.0001,24932553.37528561,21047750.97098971,0.8892735783980363,False
4,10-11,0.00017782794100389227,24920719.66676819,21036452.99405846,0.8893786613572203,False
4,10-11,0.00031622776601683794,24899791.604741514,21016565.69049652,0.8895643797616475,False
4,10-11,0.0005623413251903491,24862936.38556769,20981633.611209612,0.889891058544288,False
4,10-11,0.001,24798512.09118638,20920396.44115738,0.8904609429891951,False
4,10-11,0.0017782794100389228,24687331.983386643,20815106.490713317,0.8914409424192608,False
4,10-11,0.0031622776601683794,24499595.963086464,20635385.517947074,0.8930857498375488,False
4,10-11,0.005623413251903491,24193711.736407995,20337296.66098819,0.8957387917403551,False
4,10-11,0.01,23722190.788332,19864804.50305173,0.89976316648095,False
4,10-11,0.01778279410038923,23050481.075337663,19164162.422478605,0.9053593449689065,False
4,10-11,0.03162277660168379,22184222.268448938,18213201.420337282,0.9123390514473453,False
4,10-11,0.05623413251903491,21181878.12763654,17147216.99186607,0.9200816185314119,False
4,10-11,0.1,20136681.607140124,16010952.79090171,0.9277740011853793,False
4,10-11,0.1778279410038923,19147257.729080517,14957421.867922638,0.9346973333544222,False
4,10-11,0.31622776601683794,18296998.540972926,14013929.262465488,0.9403682634333707,False
4,10-11,0.5623413251903491,17635498.614541452,13259303.96685633,0.944602108389334,False
4,10-11,1.0,17165001.74840394,12814980.038683157,0.947518594908192,False
4,10-11,1.7782794100389228,16851414.24117116,12454310.128310636,0.9494186450266906,False
4,10-11,3.1622776601683795,16652752.429894622,12184575.048607249,0.9506042252908887,False
4,10-11,5.623413251903491,16535013.551944647,12106462.604558557,0.9513002355829996,False
4,10-11,10.0,16471095.423214944,12122461.276662618,0.9516760177194874,False
4,10-11,17.78279410038923,16439087.712218156,12135967.076267367,0.9518636478868892,False
4,10-11,31.622776601683793,16423769.047430314,12145772.922400506,0.9519533172275869,False
4,10-11,56.23413251903491,16416459.249357674,12152207.115343528,0.9519960764006475,False
4,10-11,100.0,16412877.184991295,12156168.43177603,0.9520170229862064,False
4,10-11,177.82794100389228,16411055.482389448,12158515.547410017,0.9520276738747896,False
4,10-11,316.22776601683796,16410097.112891251,12159875.37980001,0.9520332766675825,False
4,10-11,562.341325190349,16409580.048163129,12160653.110877773,0.952036299380958,False
4,10-11,1000.0,16409296.377299052,12161094.659967778,0.952037957654571,False
4,10-11,1778.2794100389228,16409139.13439624,12161344.302583706,0.9520388768475034,False
4,10-11,3162.2776601683795,16409051.436191222,12161485.113539148,0.9520393895000122,False
4,10-11,5623.413251903491,16409002.350505227,12161564.432695441,0.9520396764362747,False
4,10-11,10000.0,16408974.820720028,12161609.080009945,0.9520398373645591,False
4,10-11,17782.794100389227,16408959.362742012,12161634.200612068,0.9520399277256937,False
4,10-11,31622.776601683792,16408950.677411364,12161648.3312591,0.9520399784966129,False
4,10-11,56234.13251903491,16408945.795609785,12161656.278864296,0.9520400070336326,False
4,10-11,100000.0,16408943.051104477,12161660.7485608,0.9520400230768867,False
4,10-11,177827.94100389228,16408941.507987686,12161663.262191733,0.9520400320973145,False
4,10-11,316227.7660168379,16408940.640302707,12161664.675753243,0.9520400371694445,False
4,10-11,562341.3251903491,16408940.15239079,12161665.47067089,0.952040040021577,False
4,10-11,1000000.0,16408939.878025087,12161665.917690232,0.9520400416254062,False
4,10-11,1778279.410038923,16408939.723740237,12161666.16906904,0.952040042527292,False
4,10-11,3162277.6601683795,16408939.636980223,12161666.310430162,0.9520400430344553,False
4,10-11,5623413.251903491,16408939.58819172,12161666.389923504,0.9520400433196529,False
4,10-11,10000000.0,16408939.560755987,12161666.434625927,0.9520400434800309,False
4,10-11,17782794.100389227,16408939.545327775,12161666.459763967,0.9520400435702179,False
4,10-11,31622776.60168379,16408939.536651863,12161666.473900128,0.9520400436209338,False
4,10-11,56234132.51903491,16408939.531773038,12161666.481849482,0.9520400436494533,False
4,10-11,100000000.0,16408939.529029476,12161666.486319732,0.952040043665491,True
4,11-12,0.0001,19203915.60956818,14717916.195208412,0.9351556471451595,False
4,11-12,0.00017782794100389227,19200464.83488041,14715019.78702916,0.9351789489708789,False
4,11-12,0.00031622776601683794,19194351.675400533,14709883.139367223,0.9352202186322078,False
4,11-12,0.0005623413251903491,19183553.747846644,14700792.629314352,0.9352930828421624,False
4,11-12,0.001,19164579.220247418,14684764.224490939,0.9354210232643638,False
4,11-12,0.0017782794100389228,19131536.2093941,14656685.28165725,0.9356435216781729,False
4,11-12,0.0031622776601683794,19074883.09657309,14608043.565426808,0.9360241075809848,False
4,11-12,0.005623413251903491,18980267.580065522,14525363.831172492,0.9366572018659365,False
4,11-12,0.01,18828844.578894943,14401859.42971697,0.9376638574606526,False
4,11-12,0.01778279410038923,18601752.551505256,14231418.1140091,0.9391584445477531,False
4,11-12,0.03162277660168379,18290460.51930333,13991847.015753264,0.9411777187442173,False
4,11-12,0.05623413251903491,17907439.21958646,13690091.658053497,0.9436155232822288,False
4,11-12,0.1,17484544.76750119,13335039.739621244,0.9462471814630168,False
4,11-12,0.1778279410038923,17059315.13943526,12917466.73975385,0.948829958776428,False
4,11-12,0.31622776601683794,16667353.752423052,12501033.982878555,0.9511543504847783,False
4,11-12,0.5623413251903491,16341065.270230254,12080508.21232433,0.9530480848059433,False
4,11-12,1.0,16101641.500550443,11676824.596822867,0.9544138527915106,False
4,11-12,1.7782794100389228,15954655.007914929,11386145.587417867,0.9552423353237929,False
4,11-12,3.1622776601683795,15893959.747485217,11222481.209761899,0.955582224949904,True
4,11-12,5.623413251903491,15900919.57353898,11276664.797693525,0.9555433161219208,False
4,11-12,10.0,15945155.651963273,11407709.479414066,0.9552956166283293,False
4,11-12,17.78279410038923,15997317.941276968,11506762.736512534,0.9550026502578116,False
4,11-12,31.622776601683793,16040779.728824304,11573989.443179326,0.9547578189861801,False
4,11-12,56.23413251903491,16071287.529689226,11616368.371943861,0.9545855640204837,False
4,11-12,100.0,16090748.040207267,11641858.645364605,0.9544755139462615,False
4,11-12,177.82794100389228,16102502.718684148,11656761.290630486,0.9544089761872778,False
4,11-12,316.22776601683796,16109385.700582637,11665329.91987117,0.9543699922772393,False
4,11-12,562.341325190349,16113345.64898762,11670209.537199525,0.9543475563273861,False
4,11-12,1000.0,16115601.318615835,11672973.167676877,0.9543347738747989,False
4,11-12,1778.2794100389228,16116878.993761323,11674533.528326286,0.9543275327379473,False
4,11-12,3162.2776601683795,16117600.417089831,11675412.97169288,0.9543234438667955,False
4,11-12,5623.413251903491,16118007.034302218,11675908.149419278,0.9543211391678669,False
4,11-12,10000.0,16118235.986983404,11676186.80796238,0.9543198414426682,False
4,11-12,17782.794100389227,16118364.829936203,11676343.572363472,0.9543191111406624,False
4,11-12,31622.776601683792,16118437.313207027,11676431.747455457,0.9543187002915821,False
4,11-12,56234.13251903491,16118478.082894742,11676481.338276926,0.9543184692003611,False
4,11-12,100000.0,16118501.012332004,11676509.227245122,0.9543183392311998,False
4,11-12,177827.94100389228,16118513.90743735,11676524.910996936,0.9543182661387871,False
4,11-12,316227.7660168379,16118521.159183735,11676533.730818745,0.9543182250342008,False
4,11-12,562341.3251903491,16118525.23723394,11676538.69063228,0.954318201918855,False
4,11-12,1000000.0,16118527.530519672,11676541.479760397,0.9543181889199706,False
4,11-12,1778279.410038923,16118528.820138363,11676543.048208728,0.9543181816101068,False
4,11-12,3162277.6601683795,16118529.5453472,11676543.930214036,0.9543181774994515,False
4,11-12,5623413.251903491,16118529.953163037,11676544.426202698,0.9543181751878546,False
4,11-12,10000000.0,16118530.182495028,11676544.705117822,0.9543181738879465,False
4,11-12,17782794.100389227,16118530.311457984,11676544.861963393,0.9543181731569539,False
4,11-12,31622776.60168379,16118530.383979207,11676544.95016415,0.9543181727458864,False
4,11-12,56234132.51903491,16118530.424760902,11676544.999763096,0.9543181725147261,False
4,11-12,100000000.0,16118530.447694132,11676545.027654624,0.954318172384735,False
4,12-13,0.0001,21758228.138795227,18281502.635579187,0.9171093049172357,False
4,12-13,0.00017782794100389227,21751144.95722113,18275416.480620563,0.9171632646673676,False
4,12-13,0.00031622776601683794,21738603.04696021,18264634.634696458,0.9172587659731,False
4,12-13,0.0005623413251903491,21716468.466941636,18245589.75903007,0.9174271769846083,False
4,12-13,0.001,21677627.563723408,18212119.94246849,0.917722283430389,False
4,12-13,0.0017782794100389228,21610139.131266836,18153813.068919316,0.9182337923961579,False
4,12-13,0.0031622776601683794,21494794.298307028,18053728.089103654,0.9191043226169219,False
4,12-13,0.005623413251903491,21302829.045291696,17886001.882591672,0.9205427932735315,False
4,12-13,0.01,20995939.861328408,17615063.68194758,0.9228156289569526,False
4,12-13,0.01778279410038923,20531971.555028733,17199544.54151391,0.92618917881958,False
4,12-13,0.03162277660168379,19878133.848088857,16606942.971980948,0.930815317793609,False
4,12-13,0.05623413251903491,19029304.762718774,15830886.76142821,0.9365977642829237,False
4,12-13,0.1,18027271.57532823,14900868.554642616,0.9430991529097053,False
4,12-13,0.1778279410038923,16972473.108859804,13883955.481014699,0.949563030081044,False
4,12-13,0.31622776601683794,16003644.720646499,12903505.730848264,0.9551568065970815,False
4,12-13,0.5623413251903491,15234317.247019226,12069160.921654884,0.9593645830890459,False
4,12-13,1.0,14697256.052825999,11441337.34430274,0.962179153047023,False
4,12-13,1.7782794100389228,14353730.947695771,10963750.636385653,0.9639264957974545,False
4,12-13,3.1622776601683795,14144509.251636343,10630246.358429717,0.9649704549117891,False
4,12-13,5.623413251903491,14022878.179537509,10428536.61878534,0.965570314812645,False
4,12-13,10.0,13956790.30860374,10402556.807723986,0.9658940747108092,False
4,12-13,17.78279410038923,13923335.850698212,10411416.020024512,0.9660573827110917,False
4,12-13,31.622776601683793,13907123.343372831,10419278.851723244,0.9661363831104454,False
4,12-13,56.23413251903491,13899305.027943496,10432474.061244156,0.9661744473472273,False
4,12-13,100.0,13895443.92041831,10442212.662019119,0.9661932376328252,False
4,12-13,177.82794100389228,13893469.94938338,10447956.461732311,0.9662028420513716,False
4,12-13,316.22776601683796,13892427.983519772,10451275.48032911,0.9662079112190415,False
4,12-13,562.341325190349,13891864.665451948,10453280.85290502,0.9662106516051349,False
4,12-13,1000.0,13891555.245539103,10454446.2692879,0.9662121567998732,False
4,12-13,1778.2794100389228,13891383.609526247,10455104.610659508,0.9662129917207675,False
4,12-13,3162.2776601683795,13891287.845621772,10455475.770478426,0.9662134575584077,False
4,12-13,5623.413251903491,13891234.233292384,10455684.789433021,0.966213718350894,False
4,12-13,10000.0,13891204.160868883,10455802.424600266,0.9662138646351266,False
4,12-13,17782.794100389227,13891187.273975417,10455868.605840538,0.9662139467795563,False
4,12-13,31622.776601683792,13891177.78539671,10455905.83181817,0.9662139929356565,False
4,12-13,56234.13251903491,13891172.451987453,10455926.768538732,0.9662140188793988,False
4,12-13,100000.0,13891169.453553546,10455938.543075481,0.9662140334649236,False
4,12-13,177827.94100389228,13891167.767651426,10455945.164685661,0.9662140416657925,False
4,12-13,316227.7660168379,13891166.819675274,10455948.888386078,0.9662140462771084,False
4,12-13,562341.3251903491,13891166.286613215,10455950.982406864,0.9662140488701245,False
4,12-13,1000000.0,13891165.98685803,10455952.159970827,0.9662140503282475,False
4,12-13,1778279.410038923,13891165.818295706,10455952.822166719,0.9662140511481985,False
4,12-13,3162277.6601683795,13891165.723506907,10455953.194547785,0.9662140516092872,False
4,12-13,5623413.251903491,13891165.670203492,10455953.403953351,0.9662140518685751,False
4,12-13,10000000.0,13891165.640228853,10455953.52171085,0.9662140520143832,False
4,12-13,17782794.100389227,13891165.623372903,10455953.587930797,0.9662140520963769,False
4,12-13,31622776.60168379,13891165.613894112,10455953.625169009,0.9662140521424853,False
4,12-13,56234132.51903491,13891165.6085638,10455953.646109598,0.9662140521684139,False
4,12-13,100000000.0,13891165.605566347,10455953.657885365,0.9662140521829947,True
4,13-14,0.0001,22573077.17525597,18322630.533483032,0.9102291034430825,False
4,13-14,0.00017782794100389227,22567019.938191637,18317106.741394002,0.9102772750451384,False
4,13-14,0.00031622776601683794,22556290.023771044,18307315.651627555,0.9103625754784244,False
4,13-14,0.0005623413251903491,22537339.277085558,18290003.89959071,0.9105131306043857,False
4,13-14,0.001,22504043.402564555,18259528.688889563,0.9107773448136574,False
4,13-14,0.0017782794100389228,22446071.190978423,18206288.891360827,0.911236442074548,False
4,13-14,0.0031622776601683794,22346682.40170691,18114489.140544787,0.912020772732513,False
4,13-14,0.005623413251903491,22180592.234207597,17962130.86425723,0.9133237116826749,False
4,13-14,0.01,21914008.690786727,17714701.249365788,0.9153946767935559,False
4,13-14,0.01778279410038923,21510654.61423441,17332976.027955648,0.9184805419176784,False
4,13-14,0.03162277660168379,20946190.88143184,16802847.693763457,0.9227027321486027,False
4,13-14,0.05623413251903491,20225928.276728645,16120078.517909283,0.9279272728641503,False
4,13-14,0.1,19395170.216068,15336581.741960486,0.933726299529982,False
4,13-14,0.1778279410038923,18536750.268873703,14482997.164798845,0.9394629536016771,False
4,13-14,0.31622776601683794,17751469.103385642,13624841.756217279,0.9444834293019404,False
4,13-14,0.5623413251903491,17119053.8240612,12863521.507520493,0.94836864239892,False
4,13-14,1.0,16664612.467831714,12262815.861616354,0.9510734641838544,False
4,13-14,1.7782794100389228,16363999.67009977,11883879.02143837,0.9528227139330006,False
4,13-14,3.1622776601683795,16176292.37960912,11602833.790230906,0.9538988238086562,False
4,13-14,5.623413251903491,16065785.327335041,11424173.873541044,0.9545265453675118,False
4,13-14,10.0,16005130.632200848,11400247.277000168,0.9548692577670381,False
4,13-14,17.78279410038923,15973841.113450697,11395468.135433882,0.9550455435985971,False
4,13-14,31.622776601683793,15958202.929703938,11393703.930028992,0.9551335201757444,False
4,13-14,56.23413251903491,15950371.293804588,11395867.577645164,0.9551775466509845,False
4,13-14,100.0,15946359.574479343,11401087.576898357,0.9552000906389723,False
4,13-14,177.82794100389228,15944247.1450054,11404175.833210545,0.9552119592263095,False
4,13-14,316.22776601683796,15943108.554689458,11405963.38355597,0.9552183556912197,False
4,13-14,562.341325190349,15942484.625032505,11406985.173459457,0.9552218606600471,False
4,13-14,1000.0,15942139.072223632,11407565.098437957,0.9552238017682869,False
4,13-14,1778.2794100389228,15941946.457699837,11407892.915793475,0.9552248837427897,False
4,13-14,3162.2776601683795,15941838.686048582,11408077.80199629,0.9552254891233078,False
4,13-14,5623.413251903491,15941778.254270094,11408181.942727625,0.9552258285820425,False
4,13-14,10000.0,15941744.32573449,11408240.559714153,0.9552260191656059,False
4,13-14,17782.794100389227,15941725.263656609,11408273.539671225,0.9552261262410403,False
4,13-14,31622.776601683792,15941714.549750434,11408292.091107018,0.9552261864230988,False
4,13-14,56234.13251903491,15941708.526614513,11408302.525067758,0.9552262202561865,False
4,13-14,100000.0,15941705.14010548,11408308.393059632,0.9552262392788394,False
4,13-14,177827.94100389228,15941703.23590521,11408311.693046173,0.9552262499750857,False
4,13-14,316227.7660168379,15941702.16514963,11408313.54881944,0.955226255989718,False
4,13-14,562341.3251903491,15941701.563036904,11408314.592414672,0.9552262593718963,False
4,13-14,1000000.0,15941701.22444952,11408315.179276835,0.9552262612738042,False
4,13-14,1778279.410038923,15941701.034049582,11408315.509295406,0.9552262623433158,False
4,13-14,3162277.6601683795,15941700.926980373,11408315.694879025,0.9552262629447432,False
4,13-14,5623413.251903491,15941700.866771102,11408315.799240539,0.9552262632829498,False
4,13-14,10000000.0,15941700.832913008,11408315.857927393,0.955226263473137,False
4,13-14,17782794.100389227,15941700.813873213,11408315.890929447,0.955226263580087,False
4,13-14,31622776.60168379,15941700.803166363,11408315.909487875,0.9552262636402293,False
4,13-14,56234132.51903491,15941700.79714545,11408315.919924043,0.95522626367405,False
4,13-14,100000000.0,15941700.793759648,11408315.92579274,0.9552262636930686,True
4,14-15,0.0001,23318559.61191269,18581972.186293405,0.9041536234769708,False
4,14-15,0.00017782794100389227,23311725.94354461,18577294.54576579,0.9042097921588055,False
4,14-15,0.00031622776601683794,23299627.007142264,18568999.740571618,0.9043091978297262,False
4,14-15,0.0005623413251903491,23278278.11422196,18554322.50345677,0.9044844758941711,False
4,14-15,0.001,23240829.31444231,18529108.632423256,0.9047915488252563,False
4,14-15,0.0017782794100389228,23175807.383874115,18486584.382370945,0.9053235416645535,False
4,14-15,0.0031622776601683794,23064851.820355713,18414785.89127963,0.9062279100209973,False
4,14-15,0.005623413251903491,22880823.065898698,18292819.780127052,0.9077183091217156,False
4,14-15,0.01,22588781.824567568,18091858.72656458,0.9100589652985862,False
4,14-15,0.01778279410038923,22153691.14362642,17775585.680452734,0.9134903706458335,False
4,14-15,0.03162277660168379,21555902.06911745,17308243.641382664,0.9180960849624785,False
4,14-15,0.05623413251903491,20807381.492528904,16713497.372151073,0.9236854904391657,False
4,14-15,0.1,19959175.48017797,16003484.342537185,0.9297805455695682,False
4,14-15,0.1778279410038923,19097175.202794913,15187105.455498371,0.9357148705398846,False
4,14-15,0.31622776601683794,18321493.371821925,14370377.333616363,0.9408310315932737,False
4,14-15,0.5623413251903491,17707356.246065654,13643967.955752632,0.944731241719927,False
4,14-15,1.0,17273437.424203154,13114833.149475852,0.9474067752962698,False
4,14-15,1.7782794100389228,16990832.78092836,12787418.02499384,0.9491136161815314,False
4,14-15,3.1622776601683795,16817620.607308637,12531368.858457787,0.950145844984781,False
4,14-15,5.623413251903491,16719020.501493081,12464027.383920938,0.9507287116285361,False
4,14-15,10.0,16668156.214065569,12457247.096907122,0.9510280517416803,False
4,14-15,17.78279410038923,16644397.470220683,12454927.874097899,0.9511675612022282,False
4,14-15,31.622776601683793,16634043.424334338,12454426.403928598,0.9512282970802949,False
4,14-15,56.23413251903491,16629637.22716034,12454491.629229063,0.9512541319626416,False
4,14-15,100.0,16627725.394911246,12454660.186978849,0.9512653394910098,False
4,14-15,177.82794100389228,16626855.22878856,12454801.329960844,0.9512704401454812,False
4,14-15,316.22776601683796,16626435.932223305,12454896.272856388,0.9512728978416797,False
4,14-15,562.341325190349,16626223.289388712,12454954.759490628,0.951274144218583,False
4,14-15,1000.0,16626111.215507317,12454989.292114805,0.9512748011179019,False
4,14-15,1778.2794100389228,16626050.59834247,12455009.236571947,0.9512751564118116,False
4,14-15,3162.2776601683795,16626017.27790413,12455020.6193176,0.9512753517115323,False
4,14-15,5623.413251903491,16625998.784108358,12455027.073348133,0.9512754601082912,False
4,14-15,10000.0,16625988.461529853,12455030.719522443,0.9512755206114512,False
4,14-15,17782.794100389227,16625982.681179611,12455032.77523738,0.9512755544914828,False
4,14-15,31622.776601683792,16625979.438391592,12455033.932934348,0.951275573498243,False
4,14-15,56234.13251903491,16625977.617287144,12455034.584487747,0.9512755841721723,False
4,14-15,100000.0,16625976.593979577,12455034.951051604,0.9512755901700225,False
4,14-15,177827.94100389228,16625976.018776465,12455035.15723887,0.9512755935414253,False
4,14-15,316227.7660168379,16625975.69539348,12455035.273203349,0.9512755954368501,False
4,14-15,562341.3251903491,16625975.51356637,12455035.33842029,0.9512755965025822,False
4,14-15,1000000.0,16625975.411325213,12455035.375096153,0.951275597101842,False
4,14-15,1778279.410038923,16625975.353833241,12455035.39572104,0.9512755974388162,False
4,14-15,3162277.6601683795,16625975.321503898,12455035.407319428,0.9512755976283062,False
4,14-15,5623413.251903491,16625975.30332402,12455035.413841741,0.9512755977348627,False
4,14-15,10000000.0,16625975.29310081,12455035.417509532,0.9512755977947834,False
4,14-15,17782794.100389227,16625975.287351888,12455035.419572076,0.9512755978284793,False
4,14-15,31622776.60168379,16625975.284119045,12455035.420731932,0.9512755978474277,False
4,14-15,56234132.51903491,16625975.282301085,12455035.42138417,0.9512755978580831,False
4,14-15,100000000.0,16625975.281278769,12455035.421750955,0.9512755978640752,True
4,15-16,0.0001,21898087.305929486,17139627.830365453,0.9172676381581168,False
4,15-16,0.00017782794100389227,21892676.65225314,17135773.098384634,0.9173085166923713,False
4,15-16,0.00031622776601683794,21883091.55102534,17128940.043156877,0.9173809091860294,False
4,15-16,0.0005623413251903491,21866160.983017083,17116856.978070483,0.917508701643827,False
4,15-16,0.001,21836409.093730584,17095581.071426366,0.9177330302118002,False
4,15-16,0.0017782794100389228,21784590.929225378,17058393.198191848,0.9181230087436432,False
4,15-16,0.0031622776601683794,21695704.2073149,16994197.767959993,0.9187898038904112,False
4,15-16,0.005623413251903491,21547029.48511863,16885617.54146216,0.9198990127599451,False
4,15-16,0.01,21308064.256266955,16707706.70082785,0.921665864948873,False
4,15-16,0.01778279410038923,20945809.1515543,16429377.94249626,0.9243067171605692,False
4,15-16,0.03162277660168379,20437775.873253822,16020237.581103263,0.9279340159312839,False
4,15-16,0.05623413251903491,19788252.999065965,15463444.657675086,0.9324418162303826,False
4,15-16,0.1,19037807.676629126,14769626.225665024,0.9374687763602576,False
4,15-16,0.1778279410038923,18260669.681793094,13993608.437621959,0.942469723939397,False
4,15-16,0.31622776601683794,17546457.88670421,13258790.106151111,0.946881968319214,False
4,15-16,0.5623413251903491,16965322.867423147,12567422.429085204,0.9503422182810847,False
4,15-16,1.0,16539517.279225584,12015746.9909513,0.9528036169638585,False
4,15-16,1.7782794100389228,16249274.604369925,11666860.121464875,0.9544455284457687,False
4,15-16,3.1622776601683795,16061168.149830969,11398529.708263157,0.9554941279884464,False
4,15-16,5.623413251903491,15946214.089336168,11239357.805748485,0.9561289288822079,False
4,15-16,10.0,15881120.301557226,11170191.954436151,0.9564863686485836,False
4,15-16,17.78279410038923,15846765.068233207,11163213.50172411,0.9566744289323417,False
4,15-16,31.622776601683793,15829328.686661664,11160797.030372541,0.956769719747254,False
4,15-16,56.23413251903491,15820510.432294639,11160085.038059099,0.9568178720638493,False
4,15-16,100.0,15815965.965687847,11159929.52251273,0.9568426767696353,False
4,15-16,177.82794100389228,15813564.33983002,11159928.017209448,0.9568557824976431,False
4,15-16,316.22776601683796,15812267.12531643,11159956.024165317,0.9568628605995018,False
4,15-16,562.341325190349,15811555.400920495,11159981.213444117,0.9568667437951602,False
4,15-16,1000.0,15811160.94853464,11159998.421546333,0.9568688958672572,False
4,15-16,1778.2794100389228,15810940.989543352,11160009.07120457,0.9568700959066723,False
4,15-16,3162.2776601683795,15810817.890473405,11160015.369472433,0.9568707674961009,False
4,15-16,5623.413251903491,15810748.855265917,11160019.009466985,0.9568711441279786,False
4,15-16,10000.0,15810710.093694894,11160021.087505966,0.9568713555967934,False
4,15-16,17782.794100389227,15810688.31539655,11160022.265924804,0.9568714744109178,False
4,15-16,31622.776601683792,15810676.074552653,11160022.931715673,0.9568715411922412,False
4,15-16,56234.13251903491,15810669.1929165,11160023.307103502,0.9568715787357713,False
4,15-16,100000.0,15810665.323687918,11160023.518511487,0.9568715998447703,False
4,15-16,177827.94100389228,15810663.148050498,11160023.63749357,0.9568716117141955,False
4,15-16,316227.7660168379,15810661.924659668,11160023.704433315,0.9568716183885357,False
4,15-16,562341.3251903491,15810661.236715425,11160023.742086167,0.9568716221416893,False
4,15-16,1000000.0,15810660.84986195,11160023.763263036,0.9568716242522098,False
4,15-16,1778279.410038923,15810660.632320143,11160023.77517266,0.9568716254390325,False
4,15-16,3162277.6601683795,15810660.509988002,11160023.781870237,0.9568716261064285,False
4,15-16,5623413.251903491,15810660.44119576,11160023.785636656,0.956871626481732,False
4,15-16,10000000.0,15810660.40251111,11160023.787754703,0.9568716266927801,False
4,15-16,17782794.100389227,15810660.380757157,11160023.788945789,0.9568716268114612,False
4,15-16,31622776.60168379,15810660.368524004,11160023.789615575,0.9568716268782005,False
4,15-16,56234132.51903491,15810660.361644806,11160023.789992224,0.9568716269157307,False
4,15-16,100000000.0,15810660.357776348,11160023.790204037,0.9568716269368355,True
4,16-17,0.0001,24619757.755848147,20455528.284762103,0.892727878639994,False
4,16-17,0.00017782794100389227,24608753.658627473,20446132.092292488,0.8928237503427036,False
4,16-17,0.00031622776601683794,24589299.571772687,20429499.98202889,0.8929931365667424,False
4,16-17,0.0005623413251903491,24555060.63072545,20400163.63997245,0.8932909287734455,False
4,16-17,0.001,24495269.683696166,20348737.955588907,0.8938099638240621,False
4,16-17,0.0017782794100389228,24392250.63741702,20259545.951527715,0.8947012862892234,False
4,16-17,0.0031622776601683794,24218705.390377734,20107609.076210503,0.896194308280393,False
4,16-17,0.005623413251903491,23936801.04342624,19856262.003574207,0.8985968284676912,False
4,16-17,0.01,23503579.870137542,19463714.337487437,0.9022341120301415,False
4,16-17,0.01778279410038923,22887502.661242627,18885588.21129395,0.907292230161318,False
4,16-17,0.03162277660168379,22091819.65613909,18100378.793883447,0.9136261462888237,False
4,16-17,0.05623413251903491,21164808.067073416,17149371.103483003,0.920722857631193,False
4,16-17,0.1,20184234.275838546,16206747.460136414,0.9278985705452855,False
4,16-17,0.1778279410038923,19236143.632151153,15278284.705823835,0.9345129630433996,False
4,16-17,0.31622776601683794,18403078.74191735,14389944.922577439,0.9400622705593374,False
4,16-17,0.5623413251903491,17744853.333082795,13619978.266284524,0.944273194709865,False
4,16-17,1.0,17275005.29649163,13082273.683612622,0.9471851930507362,False
4,16-17,1.7782794100389228,16963983.12045635,12691584.78990418,0.9490698469132268,False
4,16-17,3.1622776601683795,16767729.828198442,12380525.48038632,0.9502414342399289,False
4,16-17,5.623413251903491,16649172.165233053,12225225.605767732,0.950942591012075,False
4,16-17,10.0,16581233.536339138,12175755.20223248,0.9513421415683695,False
4,16-17,17.78279410038923,16544117.599753918,12147727.591375303,0.9515597322200553,False
4,16-17,31.622776601683793,16524341.59776317,12130807.654130634,0.9516754691012618,False
4,16-17,56.23413251903491,16513820.138451321,12120881.772432467,0.951736988371237,False
4,16-17,100.0,16508159.148439622,12115166.444580102,0.9517700721271148,False
4,16-17,177.82794100389228,16505071.351812646,12111909.765616085,0.9517881129370411,False
4,16-17,316.22776601683796,16503368.18804061,12110064.833374545,0.9517980624248145,False
4,16-17,562.341325190349,16502421.512352781,12109023.053607576,0.9518035922406818,False
4,16-17,1000.0,16501892.769184055,12108435.85751938,0.9518066806496273,False
4,16-17,1778.2794100389228,16501596.596613944,12108105.22257591,0.9518084105616276,False
4,16-17,3162.2776601683795,16501430.417363292,12107919.15678018,0.9518093811830882,False
4,16-17,5623.413251903491,16501337.085796727,12107814.481250199,0.9518099263107669,False
4,16-17,10000.0,16501284.638993312,12107755.604261573,0.9518102326388288,False
4,16-17,17782.794100389227,16501255.157833224,12107722.490993056,0.951810404830147,False
4,16-17,31622.776601683792,16501238.583107816,12107703.868672445,0.9518105016384079,False
4,16-17,56234.13251903491,16501229.263641005,12107693.396141518,0.9518105560707223,False
4,16-17,100000.0,16501224.023294935,12107687.50686847,0.951810586678057,False
4,16-17,177827.94100389228,16501221.076550452,12107684.1950438,0.9518106038891286,False
4,16-17,316227.7660168379,16501219.419511795,12107682.33265432,0.9518106135674049,False
4,16-17,562341.3251903491,16501218.48770235,12107681.285351448,0.9518106190098299,False
4,16-17,1000000.0,16501217.96371114,12107680.696408397,0.9518106220703083,False
4,16-17,1778279.410038923,16501217.669050418,12107680.365220955,0.9518106237913349,False
4,16-17,3162277.6601683795,16501217.50335089,12107680.17898043,0.9518106247591369,False
4,16-17,5623413.251903491,16501217.410171317,12107680.074249644,0.9518106253033713,False
4,16-17,10000000.0,16501217.357772639,12107680.015355185,0.9518106256094166,False
4,16-17,17782794.100389227,16501217.328306705,12107679.982236397,0.9518106257815185,False
4,16-17,31622776.60168379,16501217.311736794,12107679.963612335,0.9518106258782985,False
4,16-17,56234132.51903491,16501217.302418854,12107679.953139242,0.9518106259327218,False
4,16-17,100000000.0,16501217.297178991,12107679.9472498,0.9518106259633263,True
4,17-18,0.0001,22698326.645425256,18650647.156456135,0.9093604936014239,False
4,17-18,0.00017782794100389227,22691730.006935976,18645123.14143438,0.909413169658302,False
4,17-18,0.00031622776601683794,22680049.52098034,18635332.945888408,0.9095064041426836,False
4,17-18,0.0005623413251903491,22659435.187159512,18618026.75150902,0.9096708321271378,False
4,17-18,0.001,22623262.954207268,18587573.355127744,0.9099589946275574,False
4,17-18,0.0017782794100389228,22560420.407250747,18534406.860588994,0.9104585288639275,False
4,17-18,0.0031622776601683794,22453071.42428895,18442830.624277834,0.911308629784994,False
4,17-18,0.005623413251903491,22274703.526841573,18288584.128938787,0.9127121666875242,False
4,17-18,0.01,21990841.52176921,18037815.609466374,0.914922729862356,False
4,17-18,0.01778279410038923,21566408.409009427,17650886.158703398,0.9181750969632219,False
4,17-18,0.03162277660168379,20981790.696396444,17094256.895100627,0.9225511542729242,False
4,17-18,0.05623413251903491,20251424.029201973,16370877.474065049,0.9278492278934463,False
4,17-18,0.1,19432496.96775492,15518895.433472577,0.9335665103379106,False
4,17-18,0.1778279410038923,18617450.079687353,14643861.142762788,0.9390224115613841,False
4,17-18,0.31622776601683794,17908497.036396742,13866364.690439217,0.9435780453546024,False
4,17-18,0.5623413251903491,17375598.490082305,13201011.620878452,0.9468859529819166,False
4,17-18,1.0,17025885.944738116,12719648.5015448,0.9490024528405958,False
4,17-18,1.7782794100389228,16817676.978510264,12449640.746016327,0.950242120736428,False
4,17-18,3.1622776601683795,16700998.505322626,12272034.458739676,0.9509301508313698,False
4,17-18,5.623413251903491,16640509.629356127,12213088.911260823,0.9512849565437727,False
4,17-18,10.0,16613604.448090287,12242399.913734844,0.9514423588724978,False
4,17-18,17.78279410038923,16604474.432513291,12266110.33500793,0.9514957139652572,False
4,17-18,31.622776601683793,16602914.980502326,12282738.371580107,0.9515048243474902,True
4,17-18,56.23413251903491,16603711.793867847,12293726.016796237,0.9515001694382265,False
4,17-18,100.0,16604829.442201337,12300911.687272254,0.951493639864616,False
4,17-18,177.82794100389228,16605700.878831623,12305112.55972876,0.9514885484147627,False
4,17-18,316.22776601683796,16606274.071787532,12307528.015974088,0.9514851993357396,False
4,17-18,562.341325190349,16606623.908440262,12308903.600673035,0.9514831552367236,False
4,17-18,1000.0,16606829.559535887,12309682.69786686,0.951481953595244,False
4,17-18,1778.2794100389228,16606948.06852589,12310122.586862734,0.9514812611277057,False
4,17-18,3162.2776601683795,16607015.623747224,12310370.517304176,0.9514808663892148,False
4,17-18,5623.413251903491,16607053.902792525,12310510.117275996,0.9514806427164856,False
4,17-18,10000.0,16607075.520609407,12310588.676626293,0.9514805163986848,False
4,17-18,17782.794100389227,16607087.706313545,12310632.871683747,0.9514804451947828,False
4,17-18,31622.776601683792,16607094.568052191,12310657.730050538,0.9514804051000257,False
4,17-18,56234.13251903491,16607098.42960635,12310671.71072771,0.9514803825360469,False
4,17-18,100000.0,16607100.602039855,12310679.573206441,0.9514803698419992,False
4,17-18,177827.94100389228,16607101.823980603,12310683.994782222,0.951480362701907,False
4,17-18,316227.7660168379,16607102.511220612,12310686.481273638,0.9514803586861988,False
4,17-18,562341.3251903491,16607102.89771323,12310687.87954842,0.9514803564278298,False
4,17-18,1000000.0,16607103.115063226,12310688.665861784,0.9514803551578016,False
4,17-18,1778279.410038923,16607103.237291027,12310689.10804007,0.9514803544435952,False
4,17-18,3162277.6601683795,16607103.306025688,12310689.356695754,0.9514803540419621,False
4,17-18,5623413.251903491,16607103.344678326,12310689.496525308,0.9514803538161054,False
4,17-18,10000000.0,16607103.366414389,12310689.57515729,0.9514803536890964,False
4,17-18,17782794.100389227,16607103.378637506,12310689.619375331,0.9514803536176738,False
4,17-18,31622776.60168379,16607103.385511082,12310689.644240964,0.9514803535775098,False
4,17-18,56234132.51903491,16607103.389376378,12310689.658223942,0.951480353554924,False
4,17-18,100000000.0,16607103.391549993,12310689.666087145,0.951480353542223,False
4,18-19,0.0001,25437501.175685085,20494865.371662714,0.8858974460708281,False
4,18-19,0.00017782794100389227,25405502.753284544,20474990.71461571,0.8861843300135285,False
4,18-19,0.00031622776601683794,25349340.216025528,20440007.22662234,0.8866869857926909,False
4,18-19,0.0005623413251903491,25251743.68802158,20378905.90350243,0.887557830385599,False
4,18-19,0.001,25085052.58576505,20273614.040290527,0.889037430858387,False
4,18-19,0.0017782794100389228,24808605.525395893,20096265.561472222,0.8914696561203909,False
4,18-19,0.0031622776601683794,24371827.843724824,19808515.116291206,0.8952575627224115,False
4,18-19,0.005623413251903491,23731999.77814462,19373467.519177314,0.9006849322593077,False
4,18-19,0.01,22890635.585171312,18761446.43957318,0.9076020842053488,False
4,18-19,0.01778279410038923,21922338.107901536,17980970.139337976,0.915253803616425,False
4,18-19,0.03162277660168379,20942523.725548964,17078947.990899224,0.9226599400832077,False
4,18-19,0.05623413251903491,20023509.062237203,16105320.089728124,0.9292987895456327,False
4,18-19,0.1,19165336.80216108,15092438.8079475,0.9352291817671575,False
4,18-19,0.1778279410038923,18357314.576315295,14271946.32861766,0.940575604529972,False
4,18-19,0.31622776601683794,17630806.891699392,13466942.48763218,0.9451860815530231,False
4,18-19,0.5623413251903491,17036346.839776114,12769721.490027724,0.9488201017224102,False
4,18-19,1.0,16595820.944622809,12347470.233079065,0.9514327008366265,False
4,18-19,1.7782794100389228,16294546.342777448,11991673.35390402,0.9531800420337521,False
4,18-19,3.1622776601683795,16103422.933704669,11795382.93882103,0.954271930163106,False
4,18-19,5.623413251903491,15993411.501527207,11716685.167408176,0.9548945837475176,False
4,18-19,10.0,15937425.640071584,11712841.54975746,0.955209819263829,False
4,18-19,17.78279410038923,15912310.452818116,11715231.691219693,0.9553508743435036,False
4,18-19,31.622776601683793,15902144.59399668,11718830.167112604,0.9554079058750755,False
4,18-19,56.23413251903491,15898291.421097996,11721793.182129333,0.9554295130527731,False
4,18-19,100.0,15896869.041348556,11723809.69591366,0.955437487912515,False
4,18-19,177.82794100389228,15896338.697247084,11725065.619078547,0.9554404612113635,False
4,18-19,316.22776601683796,15896132.56073576,11725812.6349638,0.9554416168596536,False
4,18-19,562.341325190349,15896047.077518603,11726246.014398802,0.9554420960936667,False
4,18-19,1000.0,15896008.874443611,11726494.003644867,0.9554423102660192,False
4,18-19,1778.2794100389228,15895990.55593018,11726634.82607975,0.9554424129622587,False
4,18-19,3162.2776601683795,15895981.263391985,11726714.451366551,0.9554424650575286,False
4,18-19,5623.413251903491,15895976.35822595,11726759.365959706,0.9554424925565637,False
4,18-19,10000.0,15895973.70142648,11726784.667010853,0.9554425074509432,False
4,18-19,17782.794100389227,15895972.239565585,11726798.908676751,0.9554425156463333,False
4,18-19,31622.776601683792,15895971.427681057,11726806.921732891,0.9554425201978676,False
4,18-19,56234.13251903491,15895970.974345556,11726811.429190656,0.9554425227393275,False
4,18-19,100000.0,15895970.72043501,11726813.96435854,0.9554425241627842,False
4,18-19,177827.94100389228,15895970.577972807,11726815.390126755,0.9554425249614464,False
4,18-19,316227.7660168379,15895970.49796233,11726816.19193896,0.955442525409996,False
4,18-19,562341.3251903491,15895970.453001358,11726816.642844958,0.9554425256620532,False
4,18-19,1000000.0,15895970.427728124,11726816.896412421,0.9554425258037383,False
4,18-19,1778279.410038923,15895970.41351917,11726817.039005265,0.9554425258833956,False
4,18-19,3162277.6601683795,15895970.405529905,11726817.119191555,0.9554425259281846,False
4,18-19,5623413.251903491,15895970.401037537,11726817.164283754,0.9554425259533694,False
4,18-19,10000000.0,15895970.398511387,11726817.189640997,0.9554425259675313,False
4,18-19,17782794.100389227,15895970.397090867,11726817.203900453,0.955442525975495,False
4,18-19,31622776.60168379,15895970.396292059,11726817.211919123,0.9554425259799731,False
4,18-19,56234132.51903491,15895970.395842867,11726817.216428373,0.9554425259824915,False
4,18-19,100000000.0,15895970.395590257,11726817.218964092,0.9554425259839076,True
4,19-20,0.0001,21608604.5878938,18065519.4666009,0.9172968260754817,False
4,19-20,0.00017782794100389227,21604072.827337116,18060428.923178934,0.9173315114878934,False
4,19-20,0.00031622776601683794,21596042.191992197,18051404.41259173,0.9173929588920662,False
4,19-20,0.0005623413251903491,21581849.576539192,18035443.846623234,0.9175014995878157,False
4,19-20,0.001,21556885.50302532,18007334.518299967,0.9176922438976703,False
4,19-20,0.0017782794100389228,21513336.98296082,17958190.906325914,0.9180244589054986,False
4,19-20,0.0031622776601683794,21438443.817441754,17873353.601818316,0.9185942190859603,False
4,19-20,0.005623413251903491,21312695.160200533,17729993.431304574,0.9195464006707555,False
4,19-20,0.01,21109587.801280115,17496425.377779458,0.9210725197690872,False
4,19-20,0.01778279410038923,20800346.96506756,17152844.572328653,0.923368047564318,False
4,19-20,0.03162277660168379,20366782.325332116,16656243.298436897,0.9265294018613157,False
4,19-20,0.05623413251903491,19818353.466911096,16023222.204704914,0.9304329044483789,False
4,19-20,0.1,19199148.16835179,15335409.460970584,0.9347121070916665,False
4,19-20,0.1778279410038923,18574743.386772502,14629472.943177743,0.9388897054254808,False
4,19-20,0.31622776601683794,18007977.803289972,13942063.492110642,0.9425620904622987,False
4,19-20,0.5623413251903491,17540239.126222614,13418600.260970779,0.9455071212320382,False
4,19-20,1.0,17185688.130813718,13021393.25197652,0.9476878481889253,False
4,19-20,1.7782794100389228,16936833.31922362,12681843.090178937,0.9491918760786241,False
4,19-20,3.1622776601683795,16775894.16419368,12443267.893101316,0.9501528781831583,False
4,19-20,5.623413251903491,16682476.628257507,12371678.783636512,0.9507064856377856,False
4,19-20,10.0,16635293.506113617,12378561.926462281,0.9509849254515653,False
4,19-20,17.78279410038923,16614813.710971775,12387168.784303594,0.9511055365826019,False
4,19-20,31.622776601683793,16607127.514092917,12394358.185416974,0.9511507643595896,False
4,19-20,56.23413251903491,16604627.658284962,12399383.09742241,0.9511654697147832,False
4,19-20,100.0,16603954.351314265,12402575.840755288,0.951169430052068,False
4,19-20,177.82794100389228,16603841.867470006,12404499.230533168,0.9511700916573103,True
4,19-20,316.22776601683796,16603869.747051908,12405623.643509395,0.9511699276761566,False
4,19-20,562.341325190349,16603915.577991819,12406269.926514916,0.9511696581087326,False
4,19-20,1000.0,16603951.13322195,12406637.859772274,0.9511694489802418,False
4,19-20,1778.2794100389228,16603974.265966812,12406846.202063095,0.951169312917993,False
4,19-20,3162.2776601683795,16603988.275085386,12406963.818984577,0.9511692305190248,False
4,19-20,5623.413251903491,16603996.470869992,12407030.104967693,0.9511691823129479,False
4,19-20,10000.0,16604001.180480042,12407067.426292853,0.951169154611889,False
4,19-20,17782.794100389227,16604003.860804668,12407088.428170694,0.9511691388467097,False
4,19-20,31622.776601683792,16604005.378163021,12407100.242999678,0.9511691299218842,False
4,19-20,56234.13251903491,16604006.234632025,12407106.888423022,0.9511691248842892,False
4,19-20,100000.0,16604006.717270773,12407110.625879942,0.9511691220454956,False
4,19-20,177827.94100389228,16604006.98899819,12407112.727752142,0.9511691204472442,False
4,19-20,316227.7660168379,16604007.14190284,12407113.909767816,0.9511691195478867,False
4,19-20,562341.3251903491,16604007.227919428,12407114.574478652,0.9511691190419528,False
4,19-20,1000000.0,16604007.276300224,12407114.948277637,0.9511691187573857,False
4,19-20,1778279.410038923,16604007.303509928,12407115.158481704,0.9511691185973432,False
4,19-20,3162277.6601683795,16604007.318812089,12407115.276688606,0.9511691185073387,False
4,19-20,5623413.251903491,16604007.327417443,12407115.34316137,0.9511691184567235,False
4,19-20,10000000.0,16604007.33225669,12407115.380541794,0.9511691184282599,False
4,19-20,17782794.100389227,16604007.334978038,12407115.401562389,0.9511691184122535,False
4,19-20,31622776.60168379,16604007.33650837,12407115.41338312,0.9511691184032522,False
4,19-20,56234132.51903491,16604007.33736895,12407115.420030419,0.9511691183981905,False
4,19-20,100000000.0,16604007.337852873,12407115.423768459,0.9511691183953441,False
4,20-21,0.0001,23679037.683476564,19675328.25168564,0.8993506754072096,False
4,20-21,0.00017782794100389227,23671050.478815317,19667349.091748748,0.8994185642447465,False
4,20-21,0.00031622776601683794,23656914.908433422,19653224.89341481,0.8995386562065844,False
4,20-21,0.0005623413251903491,23631989.61494517,19628310.3389757,0.8997502399525028,False
4,20-21,0.001,23588318.348054383,19584627.165658332,0.9001204151984131,False
4,20-21,0.0017782794100389228,23512635.35699138,19508820.55655116,0.9007603132029613,False
4,20-21,0.0031622776601683794,23383854.662548225,19379481.69268146,0.901844424498096,False
4,20-21,0.005623413251903491,23171080.70829,19164634.54485803,0.9036225686278514,False
4,20-21,0.01,22834887.044657856,18821624.516888704,0.9063989969253666,False
4,20-21,0.01778279410038923,22335898.00073506,18303046.415087566,0.9104450485162026,False
4,20-21,0.03162277660168379,21651941.69739848,17586091.470551945,0.9158456702226958,False
4,20-21,0.05623413251903491,20797510.637227636,16746234.354556829,0.9223564332182681,False
4,20-21,0.1,19835529.10122597,15808333.339603934,0.9293730671100234,False
4,20-21,0.1778279410038923,18871658.161541604,14792435.41244945,0.9360702670980287,False
4,20-21,0.31622776601683794,18020936.65392272,13864103.630903019,0.9417041703171518,False
4,20-21,0.5623413251903491,17358288.61308737,13105663.952796264,0.945912541173233,False
4,20-21,1.0,16892413.192617554,12626145.984162364,0.9487768645009806,False
4,20-21,1.7782794100389228,16585208.188062869,12251077.044861402,0.9506230088158784,False
4,20-21,3.1622776601683795,16390668.057906251,11985059.30388399,0.9517745734381219,False
4,20-21,5.623413251903491,16274361.219167657,11915134.220085625,0.9524565525467749,False
4,20-21,10.0,16210798.47744384,11906480.606103042,0.9528272080012721,False
4,20-21,17.78279410038923,16179200.123620572,11905833.098886942,0.9530109287279841,False
4,20-21,31.622776601683793,16164468.828922872,11907621.801519759,0.9530964576441,False
4,20-21,56.23413251903491,16157724.302543636,11909540.10205727,0.9531355899145285,False
4,20-21,100.0,16154570.427371547,11910962.39153176,0.9531538833414309,False
4,20-21,177.82794100389228,16153033.016444167,11911882.4820906,0.9531627994936579,False
4,20-21,316.22776601683796,16152250.093091674,11912440.213641169,0.9531673396997387,False
4,20-21,562.341325190349,16151836.972103408,11912767.033562904,0.9531697353173612,False
4,20-21,1000.0,16151613.49094167,11912955.066628207,0.953171031220678,False
4,20-21,1778.2794100389228,16151490.657079002,11913062.163349926,0.9531717434914676,False
4,20-21,3162.2776601683795,16151422.488414302,11913122.82027413,0.9531721387754755,False
4,20-21,5623.413251903491,16151384.442290956,11913157.06724631,0.9531723593896643,False
4,20-21,10000.0,16151363.138698036,11913176.369164212,0.9531724829204166,False
4,20-21,17782.794100389227,16151351.187730206,11913187.237178834,0.9531725522190805,False
4,20-21,31622.776601683792,16151344.476361651,11913193.353062872,0.9531725911354773,False
4,20-21,56234.13251903491,16151340.705178149,11913196.793653352,0.9531726130029733,False
4,20-21,100000.0,16151338.585402008,11913198.728874829,0.9531726252946553,False
4,20-21,177827.94100389228,16151337.393654052,11913199.817267492,0.953172632205095,False
4,20-21,316227.7660168379,16151336.723576562,11913200.429359192,0.9531726360905892,False
4,20-21,562341.3251903491,16151336.346793283,11913200.773577418,0.9531726382753951,False
4,20-21,1000000.0,16151336.134921646,11913200.967149911,0.9531726395039485,False
4,20-21,1778279.410038923,16151336.015780369,11913201.0760051,0.9531726401947981,False
4,20-21,3162277.6601683795,16151335.948783213,11913201.137219306,0.953172640583286,False
4,20-21,5623413.251903491,16151335.911108233,11913201.171642717,0.9531726408017472,False
4,20-21,10000000.0,16151335.889922129,11913201.191000475,0.9531726409245964,False
4,20-21,17782794.100389227,16151335.878008341,11913201.201886155,0.9531726409936794,False
4,20-21,31622776.60168379,16151335.871308729,11913201.208007613,0.9531726410325275,False
4,20-21,56234132.51903491,16151335.867541265,11913201.21144997,0.9531726410543735,False
4,20-21,100000000.0,16151335.865422664,11913201.213385753,0.9531726410666583,True
4,21-22,0.0001,20858341.120242212,17953217.548339155,0.9231863760165282,False
4,21-22,0.00017782794100389227,20852944.131153498,17948125.08989596,0.9232261211386525,False
4,21-22,0.00031622776601683794,20843380.315882873,17939097.50536863,0.9232965268151929,False
4,21-22,0.0005623413251903491,20826478.32806094,17923990.847196117,0.9234208747381436,False
4,21-22,0.001,20796749.338259608,17897864.76788939,0.9236393461575246,False
4,21-22,0.0017782794100389228,20744890.978211664,17852146.11444373,0.9240196941633123,False
4,21-22,0.0031622776601683794,20655714.178205438,17773094.727371752,0.9246715285948127,False
4,21-22,0.005623413251903491,20506006.20565463,17639148.821132455,0.9257594992225806,False
4,21-22,0.01,20264276.73509559,17419569.295462474,0.9274995104477317,False
4,21-22,0.01778279410038923,19896485.551231075,17077528.197418354,0.9301073567144402,False
4,21-22,0.03162277660168379,19381650.162741106,16582083.881813446,0.9336776014027414,False
4,21-22,0.05623413251903491,18732814.609578397,15927954.39119228,0.9380437970105657,False
4,21-22,0.1,18006338.370202813,15149202.029861853,0.9427560573685133,False
4,21-22,0.1778279410038923,17287154.71770397,14334806.03871958,0.9472374518449346,False
4,21-22,0.31622776601683794,16658601.986125614,13548160.077454481,0.9510045413241268,False
4,21-22,0.5623413251903491,16173505.764882278,12840675.794809066,0.9538164769867828,False
4,21-22,1.0,15840806.21617548,12246185.463433502,0.955696984653541,False
4,21-22,1.7782794100389228,15634697.820376208,11912860.91476163,0.9568423580730138,False
4,21-22,3.1622776601683795,15516712.762992406,11777567.298440954,0.957491266551827,False
4,21-22,5.623413251903491,15453160.576745816,11702678.841350894,0.9578387616223407,False
4,21-22,10.0,15420578.739584807,11653872.297097113,0.9580163618529722,False
4,21-22,17.78279410038923,15404415.126545927,11623552.306607932,0.9581043289311966,False
4,21-22,31.622776601683793,15396453.968909444,11605395.401979737,0.9581476219547886,False
4,21-22,56.23413251903491,15392466.777243089,11594790.051217487,0.9581692960163406,False
4,21-22,100.0,15390412.21080536,11588692.01626035,0.9581804622869418,False
4,21-22,177.82794100389228,15389323.256064083,11585218.588132242,0.9581863799936492,False
4,21-22,316.22776601683796,15388733.308742126,11583251.003191307,0.9581895857694868,False
4,21-22,562.341325190349,15388408.914887777,11582139.954258561,0.9581913484744733,False
4,21-22,1000.0,15388228.871292222,11581513.701335415,0.9581923267869099,False
4,21-22,1778.2794100389228,15388128.385876311,11581161.068397682,0.9581928727948683,False
4,21-22,3162.2776601683795,15388072.120903343,11580962.620904682,0.958193178520493,False
4,21-22,5623.413251903491,15388040.557642873,11580850.978995925,0.9581933500245297,False
4,21-22,10000.0,15388022.832674064,11580788.183363205,0.9581934463358355,False
4,21-22,17782.794100389227,15388012.872903198,11580752.866109941,0.9581935004537121,False
4,21-22,31622.776601683792,15388007.27455272,11580733.004280556,0.9581935308731556,False
4,21-22,56234.13251903491,15388004.127140876,11580721.83468553,0.9581935479750662,False
4,21-22,100000.0,15388002.3574653,11580715.553412793,0.958193557590849,False
4,21-22,177827.94100389228,15388001.362380818,11580712.021146793,0.958193562997781,False
4,21-22,316227.7660168379,15388000.802828109,11580710.034792857,0.9581935660381894,False
4,21-22,562341.3251903491,15388000.488176217,11580708.917779274,0.9581935677478948,False
4,21-22,1000000.0,15388000.311236894,11580708.289634898,0.9581935687093194,False
4,21-22,1778279.410038923,15388000.211737378,11580707.936402898,0.958193569249964,False
4,21-22,3162277.6601683795,15388000.155784927,11580707.737765787,0.9581935695539895,False
4,21-22,5623413.251903491,15388000.12432064,11580707.626063894,0.9581935697249552,False
4,21-22,10000000.0,15388000.106626991,11580707.563249283,0.958193569821096,False
4,21-22,17782794.100389227,15388000.096677125,11580707.527926028,0.95819356987516,False
4,21-22,31622776.60168379,15388000.09108191,11580707.508062303,0.9581935699055625,False
4,21-22,56234132.51903491,15388000.087935487,11580707.496892104,0.958193569922659,False
4,21-22,100000000.0,15388000.08616613,11580707.49061065,0.958193569932273,True
4,22-23,0.0001,28126971.455173288,22159069.11271411,0.8613221836082281,False
4,22-23,0.00017782794100389227,28090136.6558023,22139000.832832698,0.861685167923718,False
4,22-23,0.00031622776601683794,28025515.630996767,22103645.388120465,0.8623208191752275,False
4,22-23,0.0005623413251903491,27913311.87734389,22041798.072339896,0.8634210448997213,False
4,22-23,0.001,27721941.039414823,21934927.468523003,0.8652873681864997,False
4,22-23,0.0017782794100389228,27405308.03376194,21754051.843231354,0.868347101355021,False
4,22-23,0.0031622776601683794,26906877.23737732,21458123.783685263,0.8730923961225259,False
4,22-23,0.005623413251903491,26180353.41590427,20998531.33633379,0.8798532411166395,False
4,22-23,0.01,25228796.091756504,20334840.678189885,0.8884282864622514,False
4,22-23,0.01778279410038923,24127537.621355202,19457138.15491784,0.897956098997839,False
4,22-23,0.03162277660168379,22975950.066330567,18555306.186591823,0.9074645785639522,False
4,22-23,0.05623413251903491,21819034.585347,17691363.388924252,0.9165488912505987,False
4,22-23,0.1,20662746.500291757,16669197.734718664,0.9251594199165207,False
4,22-23,0.1778279410038923,19556322.4580409,15556098.678520115,0.9329597802807861,False
4,22-23,0.31622776601683794,18598130.22021254,14516915.150207806,0.939368317725353,False
4,22-23,0.5623413251903491,17857638.270934526,13609241.46227797,0.9441003494613207,False
4,22-23,1.0,17330205.21047937,12892329.566867627,0.9473536265150424,False
4,22-23,1.7782794100389228,16968628.873866346,12400943.566193651,0.9495275307444635,False
4,22-23,3.1622776601683795,16727035.241841637,12105114.83676059,0.9509545195069925,False
4,22-23,5.623413251903491,16572648.03999921,12006323.876835106,0.9518557013825911,False
4,22-23,10.0,16479851.59188462,11956743.048322547,0.9523933477456102,False
4,22-23,17.78279410038923,16427025.60247382,11928119.233020052,0.9526980638168341,False
4,22-23,31.622776601683793,16397869.955594655,11911997.708772156,0.9528658233018714,False
4,22-23,56.23413251903491,16381917.537669184,11902989.577967277,0.9529574862249316,False
4,22-23,100.0,16373159.146783005,11897958.437627878,0.953007774182141,False
4,22-23,177.82794100389228,16368317.440966612,11895143.641916292,0.9530355622089588,False
4,22-23,316.22776601683796,16365624.501229156,11893566.024954075,0.9530510142549639,False
4,22-23,562.341325190349,16364120.203012498,11892680.661123361,0.9530596447877799,False
4,22-23,1000.0,16363277.573037688,11892183.376605788,0.9530644788187561,False
4,22-23,1778.2794100389228,16362804.79254008,11891903.924655348,0.9530671909744831,False
4,22-23,3162.2776601683795,16362539.269312752,11891746.838687882,0.9530687141424201,False
4,22-23,5623.413251903491,16362390.063103098,11891658.522319755,0.9530695700495914,False
4,22-23,10000.0,16362306.19271445,11891608.864588093,0.9530700511606389,False
4,22-23,17782.794100389227,16362259.039838929,11891580.941962354,0.9530703216455964,False
4,22-23,31622.776601683792,16362232.527282475,11891565.240539405,0.9530704737303098,False
4,22-23,56234.13251903491,16362217.61926934,11891556.411177717,0.9530705592474511,False
4,22-23,100000.0,16362209.236223219,11891551.44612517,0.9530706073352562,False
4,22-23,177827.94100389228,16362204.522199325,11891548.654090684,0.953070634376378,False
4,22-23,316227.7660168379,16362201.871343467,11891547.084020551,0.9530706495825164,False
4,22-23,562341.3251903491,16362200.380668605,11891546.201107208,0.9530706581334927,False
4,22-23,1000000.0,16362199.54240399,11891545.704609169,0.9530706629420398,False
4,22-23,1778279.410038923,16362199.07101424,11891545.425407998,0.9530706656460782,False
4,22-23,3162277.6601683795,16362198.805932663,11891545.268401714,0.9530706671666687,False
4,22-23,5623413.251903491,16362198.656866444,11891545.18011062,0.9530706680217589,False
4,22-23,10000000.0,16362198.573040383,11891545.130460894,0.9530706685026112,False
4,22-23,17782794.100389227,16362198.52590153,11891545.102540785,0.9530706687730144,False
4,22-23,31622776.60168379,16362198.499393415,11891545.086840162,0.9530706689250732,False
4,22-23,56234132.51903491,16362198.484486805,11891545.078011056,0.9530706690105821,False
4,22-23,100000000.0,16362198.476104202,11891545.07304608,0.9530706690586673,True
4,23-24,0.0001,20533541.30090927,16617445.195012217,0.9253636195998877,False
4,23-24,0.00017782794100389227,20528168.780393384,16612080.077158738,0.9254026711225564,False
4,23-24,0.00031622776601683794,20518654.87999315,16602564.19155885,0.9254718002401762,False
4,23-24,0.0005623413251903491,20501861.63649492,16585720.179238345,0.9255937437152395,False
4,23-24,0.001,20472387.744119223,16556010.296426527,0.9258075258241849,False
4,23-24,0.0017782794100389228,20421170.20830606,16503932.202268632,0.9261782888648578,False
4,23-24,0.0031622776601683794,20333682.59299843,16413624.476478897,0.9268094623772668,False
4,23-24,0.005623413251903491,20188502.0136426,16259872.586015401,0.9278508783472255,False
4,23-24,0.01,19958635.240720715,16005919.1649444,0.9294845081168264,False
4,23-24,0.01778279410038923,19619846.451568764,15618981.268072117,0.931858127161202,False
4,23-24,0.03162277660168379,19167722.09272921,15059576.333886864,0.9349624960278651,False
4,23-24,0.05623413251903491,18632300.673328083,14327603.938290238,0.9385451978102496,False
4,23-24,0.1,18069273.252880193,13655629.344812324,0.9422031421491708,False
4,23-24,0.1778279410038923,17532319.858924318,13099397.495244402,0.9455871306726528,False
4,23-24,0.31622776601683794,17060412.098610435,12602461.496165005,0.9484769110534901,False
4,23-24,0.5623413251903491,16680465.679023251,12196019.194911567,0.9507462616198858,False
4,23-24,1.0,16401594.735810388,11920722.39064596,0.9523793837855499,False
4,23-24,1.7782794100389228,16212428.041534822,11714748.18114643,0.9534715076622859,False
4,23-24,3.1622776601683795,16092161.828803888,11541075.10999084,0.954159257860164,False
4,23-24,5.623413251903491,16020637.514875289,11465847.240601184,0.9545658460164013,False
4,23-24,10.0,15981041.110184887,11466878.006628761,0.9547901574294032,False
4,23-24,17.78279410038923,15960379.19781861,11468453.448752346,0.9549069856053773,False
4,23-24,31.622776601683793,15949904.617974851,11471572.160350705,0.9549661540476577,False
4,23-24,56.23413251903491,15944582.18787532,11478088.605693039,0.9549962043220814,False
4,23-24,100.0,15941821.729268529,11481986.299586853,0.9550117858355626,False
4,23-24,177.82794100389228,15940354.707016267,11484259.05393054,0.955020065400555,False
4,23-24,316.22776601683796,15939559.091793615,11485564.10848525,0.9550245553668381,False
4,23-24,562.341325190349,15939121.421993654,11486306.793133104,0.9550270252122703,False
4,23-24,1000.0,15938878.46597458,11486727.266044911,0.9550283962253088,False
4,23-24,1778.2794100389228,15938742.857640555,11486964.61920922,0.9550291614608725,False
4,23-24,3162.2776601683795,15938666.923493493,11487098.380101068,0.9550295899531523,False
4,23-24,5623.413251903491,15938624.325547028,11487173.690542558,0.9550298303301636,False
4,23-24,10000.0,15938600.403609727,11487216.069594793,0.9550299653195767,False
4,23-24,17782.794100389227,15938586.961655974,11487239.910228383,0.9550300411712647,False
4,23-24,31622.776601683792,15938579.405962547,11487253.31969415,0.9550300838073079,False
4,23-24,56234.13251903491,15938575.158119304,11487260.861305812,0.9550301077774654,False
4,23-24,100000.0,15938572.76970902,11487265.102555078,0.9550301212550246,False
4,23-24,177827.94100389228,15938571.426710801,11487267.48767632,0.9550301288334276,False
4,23-24,316227.7660168379,15938570.671520155,11487268.8289575,0.9550301330948918,False
4,23-24,562341.3251903491,15938570.246855613,11487269.58322449,0.9550301354912306,False
4,23-24,1000000.0,15938570.008052466,11487270.007382886,0.9550301368387725,False
4,23-24,1778279.410038923,15938569.873764621,11487270.245905597,0.9550301375965451,False
4,23-24,3162277.6601683795,15938569.798249343,11487270.380037058,0.9550301380226701,False
4,23-24,5623413.251903491,15938569.755784085,11487270.45546481,0.9550301382622972,False
4,23-24,10000000.0,15938569.731904155,11487270.497880988,0.9550301383970492,False
4,23-24,17782794.100389227,15938569.718475489,11487270.521733364,0.9550301384728258,False
4,23-24,31622776.60168379,15938569.710924,11487270.535146546,0.955030138515438,False
4,23-24,56234132.51903491,15938569.706677487,11487270.542689335,0.9550301385394008,False
4,23-24,100000000.0,15938569.704289498,11487270.54693096,0.9550301385528759,True
4,24-25,0.0001,18951690.604262166,14911105.767228784,0.9359160844191137,False
4,24-25,0.00017782794100389227,18940723.309694372,14901671.098178856,0.9359902333519731,False
4,24-25,0.00031622776601683794,18921503.5849621,14885053.41237587,0.9361200727344569,False
4,24-25,0.0005623413251903491,18888193.350364,14855995.788264336,0.9363447887428225,False
4,24-25,0.001,18831555.53843631,14805818.518714182,0.9367259672317854,False
4,24-25,0.0017782794100389228,18738301.713752493,14720984.112826549,0.9373510813708691,False
4,24-25,0.0031622776601683794,18592526.45823325,14603116.335866263,0.9383220485729492,False
4,24-25,0.005623413251903491,18381736.832537405,14486912.851275768,0.9397126474885257,False
4,24-25,0.01,18106897.45815162,14309470.439756362,0.9415019743608877,False
4,24-25,0.01778279410038923,17786318.503970657,14054909.393038249,0.9435550289829107,False
4,24-25,0.03162277660168379,17442930.163988177,13713764.442279063,0.9457134792654255,False
4,24-25,0.05623413251903491,17091694.585521042,13289026.020390637,0.9478777239870837,False
4,24-25,0.1,16751068.111040203,12818566.383640291,0.9499345489404515,False
4,24-25,0.1778279410038923,16457340.005503178,12430870.275944583,0.9516749393688836,False
4,24-25,0.31622776601683794,16249303.270064045,12059194.779574355,0.9528889685576728,False
4,24-25,0.5623413251903491,16137352.10381415,11892546.164733632,0.9535358844889403,False
4,24-25,1.0,16096747.937798796,11867496.468968278,0.9537694126548547,False
4,24-25,1.7782794100389228,16093178.723773096,11875224.035736257,0.9537899122697459,True
4,24-25,3.1622776601683795,16106908.953888759,11901678.294950338,0.9537110284386612,False
4,24-25,5.623413251903491,16131136.645195333,11913110.625309326,0.9535716698109812,False
4,24-25,10.0,16160085.919509843,11931246.876888264,0.9534048777812496,False
4,24-25,17.78279410038923,16186933.652356409,11951453.46915866,0.953249926556537,False
4,24-25,31.622776601683793,16207614.635063892,11964329.434108736,0.9531303912432258,False
4,24-25,56.23413251903491,16221674.35542311,11972192.929552944,0.9530490394306029,False
4,24-25,100.0,16230511.16157312,11976845.825936425,0.9529978721421853,False
4,24-25,177.82794100389228,16235809.494014936,11979542.512038149,0.9529671801271435,False
4,24-25,316.22776601683796,16238899.922766699,11981085.723066462,0.952949273362169,False
4,24-25,562.341325190349,16240674.19522665,11981962.25797014,0.9529389912162756,False
4,24-25,1000.0,16241683.692875791,11982457.976791287,0.9529331405411524,False
4,24-25,1778.2794100389228,16242255.13488235,11982737.636390321,0.9529298285133763,False
4,24-25,3162.2776601683795,16242577.677156197,11982895.185586968,0.9529279590351837,False
4,24-25,5623.413251903491,16242759.435883217,11982983.872432364,0.9529269055321887,False
4,24-25,10000.0,16242861.76670604,11983033.7733545,0.9529263124009929,False
4,24-25,17782.794100389227,16242919.349668717,11983061.843772162,0.952925978636261,False
4,24-25,31622.776601683792,16242951.743008366,11983077.63179685,0.9529257908761362,False
4,24-25,56234.13251903491,16242969.962937059,11983086.510963045,0.9529256852685806,False
4,24-25,100000.0,16242980.20996263,11983091.504372165,0.9529256258740413,False
4,24-25,177827.94100389228,16242985.972670207,11983094.312463239,0.9529255924718087,False
4,24-25,316227.7660168379,16242989.213399515,11983095.891597599,0.9529255736876483,False
4,24-25,562341.3251903491,16242991.035833696,11983096.779619185,0.9529255631243158,False
4,24-25,1000000.0,16242992.060675822,11983097.278993294,0.9529255571840468,False
4,24-25,1778279.410038923,16242992.636990715,11983097.559812896,0.9529255538435659,False
4,24-25,3162277.6601683795,16242992.961077608,11983097.717729654,0.9529255519650683,False
4,24-25,5623413.251903491,16242993.143325431,11983097.806532858,0.9529255509087093,False
4,24-25,10000000.0,16242993.245811047,11983097.856470605,0.9529255503146743,False
4,24-25,17782794.100389227,16242993.303442974,11983097.884552669,0.9529255499806236,False
4,24-25,31622776.60168379,16242993.3358518,11983097.900344374,0.952925549792773,False
4,24-25,56234132.51903491,16242993.354076633,11983097.909224706,0.9529255496871368,False
4,24-25,100000000.0,16242993.364325203,11983097.914218487,0.9529255496277332,False
4,25-26,0.0001,23605079.10485843,19057442.766052004,0.9016153248745739,False
4,25-26,0.00017782794100389227,23600322.78069374,19053218.988461874,0.901654969076632,False
4,25-26,0.00031622776601683794,23591888.29626385,19045724.135928605,0.9017252512854602,False
4,25-26,0.0005623413251903491,23576963.452812865,19032447.124699347,0.9018495542894305,False
4,25-26,0.001,23550653.86291363,19008996.218522392,0.9020684847029246,False
4,25-26,0.0017782794100389228,23504581.256995242,18967788.315552846,0.9024512805878706,False
4,25-26,0.0031622776601683794,23424815.164094217,18896021.326658305,0.9031122476594884,False
4,25-26,0.005623413251903491,23289341.659061126,18772914.195228472,0.904229675318869,False
4,25-26,0.01,23066315.158835754,18566943.925698858,0.9060551497065922,False
4,25-26,0.01778279410038923,22716299.972770244,18241324.618081637,0.9088846127067831,False
4,25-26,0.03162277660168379,22203069.562764116,17765682.342467032,0.91295525151768,False
4,25-26,0.05623413251903491,21513732.79019366,17098282.12085419,0.9182762896371758,False
4,25-26,0.1,20678199.595439784,16325334.154367954,0.9245008640133423,False
4,25-26,0.1778279410038923,19772085.854080338,15530413.171649156,0.9309726007575381,False
4,25-26,0.31622776601683794,18897307.08576938,14712155.065586826,0.9369454578458207,False
4,25-26,0.5623413251903491,18146503.188046645,13911239.435841192,0.9418563308721029,False
4,25-26,1.0,17568492.21500898,13291755.792702977,0.9455013785832999,False
4,25-26,1.7782794100389228,17162699.581634488,12862193.47317241,0.9479898942578608,False
4,25-26,3.1622776601683795,16901558.325584,12546882.11781166,0.9495605859855362,False
4,25-26,5.623413251903491,16749707.286628231,12335993.582400091,0.9504628542990013,False
4,25-26,10.0,16670983.31445601,12326520.853394384,0.9509274112413417,False
4,25-26,17.78279410038923,16634198.692073457,12326948.19334197,0.951143730232559,False
4,25-26,31.622776601683793,16618128.290668365,12329415.974140082,0.9512380853159177,False
4,25-26,56.23413251903491,16611242.550671363,12331732.406816669,0.951278486051638,False
4,25-26,100.0,16608223.354048828,12333380.724786833,0.9512961953183294,False
4,25-26,177.82794100389228,16606832.845189895,12334427.79539575,0.9513043503431509,False
4,25-26,316.22776601683796,16606155.607006785,12335056.715505404,0.9513083219470277,False
4,25-26,562.341325190349,16605809.309534254,12335423.463116143,0.9513103527155725,False
4,25-26,1000.0,16605625.759799112,12335633.909287015,0.9513114290765382,False
4,25-26,1778.2794100389228,16605526.128146771,12335753.595952837,0.9513120133253089,False
4,25-26,3162.2776601683795,16605471.24378901,12335821.328107625,0.9513123351705118,False
4,25-26,5623.413251903491,16605440.742931226,12335859.552273707,0.951312514028932,False
4,25-26,10000.0,16605423.70606955,12335881.090250155,0.9513126139337225,False
4,25-26,17782.794100389227,16605414.16196356,12335893.215539215,0.9513126699006701,False
4,25-26,31622.776601683792,16605408.806445846,12335900.038391776,0.9513127013055859,False
4,25-26,56234.13251903491,16605405.798463799,12335903.876524385,0.951312718944478,False
4,25-26,100000.0,16605404.108104706,12335906.035295319,0.9513127288567903,False
4,25-26,177827.94100389228,16605403.15791077,12335907.24939754,0.9513127344287533,False
4,25-26,316227.7660168379,16605402.62369283,12335907.93218043,0.9513127375614215,False
4,25-26,562341.3251903491,16605402.323316488,12335908.316151073,0.9513127393228364,False
4,25-26,1000000.0,16605402.15441399,12335908.53207794,0.9513127403132852,False
4,25-26,1778279.410038923,16605402.059436794,12335908.653503906,0.951312740870234,False
4,25-26,3162277.6601683795,16605402.00602835,12335908.721787175,0.9513127411834226,False
4,25-26,5623413.251903491,16605401.975994926,12335908.760185804,0.9513127413595394,False
4,25-26,10000000.0,16605401.95910602,12335908.78177899,0.9513127414585764,False
4,25-26,17782794.100389227,16605401.949608713,12335908.793921739,0.9513127415142688,False
4,25-26,31622776.60168379,16605401.944268003,12335908.800750123,0.9513127415455869,False
4,25-26,56234132.51903491,16605401.9412647,12335908.80459,0.9513127415631983,False
4,25-26,100000000.0,16605401.939575827,12335908.806749327,0.9513127415731019,True
5,10-11,0.0001,33473884.288077265,28510248.204037856,0.6891836126663463,False
5,10-11,0.00017782794100389227,33454977.920104574,28492722.36002733,0.689534617611843,False
5,10-11,0.00031622776601683794,33421541.504716545,28461689.778704666,0.6901548937315332,False
5,10-11,0.0005623413251903491,33362657.787598673,28406922.12597223,0.6912457326603161,False
5,10-11,0.001,33259724.99093764,28310823.815209977,0.6931479740245758,False
5,10-11,0.0017782794100389228,33082085.54597838,28143892.569959052,0.6964170003233638,False
5,10-11,0.0031622776601683794,32782129.34547007,27858859.753172953,0.7018972336621618,False
5,10-11,0.005623413251903491,32293455.54943825,27385858.0490637,0.7107184570256011,False
5,10-11,0.01,31540493.6443769,26635608.988122884,0.7240511047742498,False
5,10-11,0.01778279410038923,30469153.44013649,25522333.49470384,0.7424791109811604,False
5,10-11,0.03162277660168379,29091068.93761624,24010941.047854144,0.7652470566614219,False
5,10-11,0.05623413251903491,27503036.293087404,22162900.758077756,0.7901770585255817,False
5,10-11,0.1,25854998.13956157,20544739.8837071,0.814569696596334,False
5,10-11,0.1778279410038923,24300856.526320077,19143579.521097608,0.8361920973116843,False
5,10-11,0.31622776601683794,22967209.568503592,17870586.982710596,0.8536784969630278,False
5,10-11,0.5623413251903491,21927686.380849134,16856086.702054027,0.8666241164544399,False
5,10-11,1.0,21184155.36682869,16193681.116872465,0.8755158686748535,False
5,10-11,1.7782794100389228,20683371.99242192,15852267.134265514,0.88133179507862,False
5,10-11,3.1622776601683795,20360257.41200389,15604707.052083556,0.8850104919299352,False
5,10-11,5.623413251903491,20162963.11772234,15460315.822199212,0.8872282295620387,False
5,10-11,10.0,20051024.21592373,15446812.631672509,0.8884769058534091,False
5,10-11,17.78279410038923,19991562.03755614,15435565.267245919,0.8891373781748537,False
5,10-11,31.622776601683793,19961042.92248083,15427634.175557574,0.8894756055265273,False
5,10-11,56.23413251903491,19945398.577043403,15422554.677627135,0.8896487832742499,False
5,10-11,100.0,19937234.259281605,15419478.124222355,0.8897391056613773,False
5,10-11,177.82794100389228,19932877.261128888,15417673.590913374,0.8897872922868348,False
5,10-11,316.22776601683796,19930508.03211,15416634.359122932,0.8898134905745767,False
5,10-11,562.341325190349,19929202.60739445,15416042.048299003,0.8898279242740902,False
5,10-11,1000.0,19928477.259668697,15415706.435808929,0.889835943823279,False
5,10-11,1778.2794100389228,19928072.176799584,15415516.900889656,0.8898404223509477,False
5,10-11,3162.2776601683795,19927845.27857511,15415410.061647974,0.8898429308595541,False
5,10-11,5623.413251903491,19927717.969288956,15415349.90041883,0.8898443383346569,False
5,10-11,10000.0,19927646.468384203,15415316.043593002,0.8898451288130604,False
5,10-11,17782.794100389227,19927606.289092988,15415296.99637417,0.8898455730140545,False
5,10-11,31622.776601683792,19927583.703676384,15415286.282765055,0.8898458227060826,False
5,10-11,56234.13251903491,19927571.00582953,15415280.257246763,0.8898459630864166,False
5,10-11,100000.0,19927563.866212122,15415276.868591629,0.8898460420180173,False
5,10-11,177827.94100389228,19927559.851596963,15415274.962929487,0.8898460864013356,False
5,10-11,316227.7660168379,19927557.594103638,15415273.891271193,0.8898461113589031,False
5,10-11,562341.3251903491,19927556.32465054,15415273.288625324,0.8898461253932564,False
5,10-11,1000000.0,19927555.61079366,15415272.949730063,0.8898461332852525,False
5,10-11,1778279.410038923,19927555.209365305,15415272.759154445,0.8898461377232163,False
5,10-11,3162277.6601683795,19927554.983626466,15415272.651985636,0.8898461402188567,False
5,10-11,5623413.251903491,19927554.856684465,15415272.591720102,0.8898461416222553,False
5,10-11,10000000.0,19927554.785299823,15415272.557830272,0.8898461424114432,False
5,10-11,17782794.100389227,19927554.74515733,15415272.538772631,0.8898461428552358,False
5,10-11,31622776.60168379,19927554.722583544,15415272.52805571,0.8898461431047988,False
5,10-11,56234132.51903491,19927554.70988938,15415272.522029156,0.8898461432451382,False
5,10-11,100000000.0,19927554.702750925,15415272.518640174,0.889846143324057,True
5,11-12,0.0001,24759151.176004432,19407281.012531858,0.8308042817521437,False
5,11-12,0.00017782794100389227,24753036.68299952,19401142.39297112,0.8308878402136719,False
5,11-12,0.00031622776601683794,24742205.72881245,19390260.21994163,0.8310358014800393,False
5,11-12,0.0005623413251903491,24723077.905427337,19371015.396915298,0.8312969478070891,False
5,11-12,0.001,24689476.119450446,19337125.66280427,0.8317552136928497,False
5,11-12,0.0017782794100389228,24630992.17669223,19277888.233704552,0.8325513394962009,False
5,11-12,0.0031622776601683794,24530813.62814221,19175665.12826785,0.8339106554911326,False
5,11-12,0.005623413251903491,24363772.640990127,19003053.842234638,0.8361649034685008,False
5,11-12,0.01,24097138.42296783,18723184.81855088,0.8397312646404413,False
5,11-12,0.01778279410038923,23698897.390038043,18292431.241426896,0.8449848494650093,False
5,11-12,0.03162277660168379,23156246.439189162,17694714.119294185,0.8520025641742536,False
5,11-12,0.05623413251903491,22493826.162747532,17178175.119315676,0.8603488442718049,False
5,11-12,0.1,21769370.350208074,16748664.22093114,0.8691994407425743,False
5,11-12,0.1778279410038923,21048219.43006781,16219534.201911094,0.8777219257170122,False
5,11-12,0.31622776601683794,20389168.523524277,15678807.816167735,0.885259458228397,False
5,11-12,0.5623413251903491,19842841.29523549,15158965.675418735,0.8913260174227557,False
5,11-12,1.0,19440573.29933221,14678564.458449256,0.8956875847171895,False
5,11-12,1.7782794100389228,19189300.57390255,14297600.322599588,0.8983666697970258,False
5,11-12,3.1622776601683795,19078560.9057479,14110157.77700926,0.8995363180492957,True
5,11-12,5.623413251903491,19078615.319056965,14060728.314482426,0.8995357449904368,False
5,11-12,10.0,19140903.596441332,14195341.009782795,0.8988786783752865,False
5,11-12,17.78279410038923,19218277.8566811,14317739.010537172,0.8980594901406662,False
5,11-12,31.622776601683793,19283739.931807026,14404190.96817263,0.8973638396052724,False
5,11-12,56.23413251903491,19329977.42091341,14459111.779223477,0.8968710588708245,False
5,11-12,100.0,19359557.53507269,14492288.75040812,0.8965551868051423,False
5,11-12,177.82794100389228,19377450.945770726,14511732.347280186,0.8963638770684054,False
5,11-12,316.22776601683796,19387936.58898984,14522927.099435741,0.8962516863131588,False
5,11-12,562.341325190349,19393971.768234085,14529307.09318877,0.8961870856146218,False
5,11-12,1000.0,19397410.327178568,14532922.029777506,0.8961502702088081,False
5,11-12,1778.2794100389228,19399358.274396453,14534963.534473805,0.8961294113471051,False
5,11-12,3162.2776601683795,19400458.23736582,14536114.314003795,0.8961176318811392,False
5,11-12,5623.413251903491,19401078.23650868,14536762.319136623,0.8961109920371149,False
5,11-12,10000.0,19401427.345355738,14537126.996088045,0.8961072531832569,False
5,11-12,17782.794100389227,19401623.808590014,14537332.156643024,0.8961051490897758,False
5,11-12,31622.776601683792,19401734.333836727,14537447.554627437,0.8961039653706345,False
5,11-12,56234.13251903491,19401796.501255013,14537512.456453068,0.8961032995581375,False
5,11-12,100000.0,19401831.465151075,14537548.956205497,0.8961029250941843,False
5,11-12,177827.94100389228,19401851.12824563,14537569.482401866,0.8961027145017929,False
5,11-12,316227.7660168379,19401862.186075117,14537581.025407754,0.8961025960719805,False
5,11-12,562341.3251903491,19401868.40449471,14537587.516604712,0.8961025294724192,False
5,11-12,1000000.0,19401871.90141492,14537591.16690075,0.8961024920202326,False
5,11-12,1778279.410038923,19401873.86789217,14537593.219621837,0.8961024709591621,False
5,11-12,3162277.6601683795,19401874.97372818,14537594.373954503,0.8961024591156017,False
5,11-12,5623413.251903491,19401875.595586926,14537595.023084344,0.8961024524554624,False
5,11-12,10000000.0,19401875.945284255,14537595.388117164,0.8961024487101859,False
5,11-12,17782794.100389227,19401876.14193366,14537595.593390284,0.8961024466040604,False
5,11-12,31622776.60168379,19401876.25251779,14537595.708823884,0.8961024454196986,False
5,11-12,56234132.51903491,19401876.314703826,14537595.773736956,0.896102444753683,False
5,11-12,100000000.0,19401876.34967361,14537595.81024027,0.8961024443791547,False
5,12-13,0.0001,28792649.163535886,23650576.619361278,0.7861888018664345,False
5,12-13,0.00017782794100389227,28782533.66007082,23641435.234679636,0.7863390088155652,False
5,12-13,0.00031622776601683794,28764617.60665805,23625240.014247734,0.7866049180224334,False
5,12-13,0.0005623413251903491,28732983.148869827,23596630.222361613,0.7870740308562312,False
5,12-13,0.001,28677425.209732205,23546342.463355795,0.7878966597510138,False
5,12-13,0.0017782794100389228,28580748.900626037,23458713.791589174,0.7893243196230763,False
5,12-13,0.0031622776601683794,28415112.094957486,23308236.088158146,0.7917591424316552,False
5,12-13,0.005623413251903491,28138346.489869375,23055927.253707636,0.7957959540537987,False
5,12-13,0.01,27693197.9691243,22648166.710002933,0.8022058617063555,False
5,12-13,0.01778279410038923,27014537.96070739,22022839.511356685,0.8117815102215654,False
5,12-13,0.03162277660168379,26048415.971108913,21126450.678766254,0.8250033103037482,False
5,12-13,0.05623413251903491,24781110.40685834,19938062.36799633,0.8416169428640712,False
5,12-13,0.1,23271621.81345122,18629861.865436986,0.8603244154758592,False
5,12-13,0.1778279410038923,21671905.69040139,17270631.72234556,0.8788672991726549,False
5,12-13,0.31622776601683794,20196654.769762326,15938233.12941032,0.8947974951905622,False
5,12-13,0.5623413251903491,19025486.032898333,14873355.784268867,0.9066447563358073,False
5,12-13,1.0,18212969.63350419,13997296.4938213,0.9144482843442397,False
5,12-13,1.7782794100389228,17698671.45991815,13338982.730750915,0.9192116884905456,False
5,12-13,3.1622776601683795,17388372.620545857,12925125.642065989,0.9220196692650803,False
5,12-13,5.623413251903491,17209073.588293668,12773665.666609894,0.9236195558049002,False
5,12-13,10.0,17112270.682120632,12697795.493118852,0.9244764355589068,False
5,12-13,17.78279410038923,17063793.119272158,12718858.218315773,0.9249037327285998,False
5,12-13,31.622776601683793,17040678.271613553,12733107.858641278,0.9251070477910953,False
5,12-13,56.23413251903491,17029748.426899258,12742071.261151053,0.9252030892527134,False
5,12-13,100.0,17024455.00820463,12747456.300058197,0.9252495808181004,False
5,12-13,177.82794100389228,17021792.57372647,12750602.70415198,0.9252729592500195,False
5,12-13,316.22776601683796,17020403.83242745,12752411.23182702,0.9252851521249865,False
5,12-13,562.341325190349,17019658.92650392,12753440.969050087,0.9252916918423059,False
5,12-13,1000.0,17019251.75636799,12754024.119873686,0.9252952663708266,False
5,12-13,1778.2794100389228,17019026.553470828,12754353.353389474,0.9252972433803189,False
5,12-13,3162.2776601683795,17018901.11405487,12754538.90929587,0.9252983445755721,False
5,12-13,5623.413251903491,17018830.95613986,12754643.386424042,0.9252989604674625,False
5,12-13,10000.0,17018791.624538694,12754702.179839462,0.925299305744774,False
5,12-13,17782.794100389227,17018769.54510802,12754735.254975943,0.9252994995714294,False
5,12-13,31622.776601683792,17018757.14107118,12754753.858658588,0.9252996084614898,False
5,12-13,56234.13251903491,17018750.169609424,12754764.321596075,0.9252996696611193,False
5,12-13,100000.0,17018746.250483282,12754770.205755059,0.925299704065524,False
5,12-13,177827.94100389228,17018744.046980947,12754773.51479265,0.9252997234091658,False
5,12-13,316227.7660168379,17018742.807982035,12754775.375642914,0.9252997342858272,False
5,12-13,562341.3251903491,17018742.111280173,12754776.4220891,0.9252997404018857,False
5,12-13,1000000.0,17018741.719508093,12754777.010553207,0.9252997438410911,False
5,12-13,1778279.410038923,17018741.49920229,12754777.341472214,0.9252997457750649,False
5,12-13,3162277.6601683795,17018741.37531646,12754777.527562065,0.9252997468626075,False
5,12-13,5623413.251903491,17018741.30565072,12754777.63220821,0.9252997474741743,False
5,12-13,10000000.0,17018741.266474903,12754777.691055087,0.9252997478180826,False
5,12-13,17782794.100389227,17018741.244444765,12754777.724147145,0.9252997480114761,False
5,12-13,31622776.60168379,17018741.232056335,12754777.742756186,0.925299748120229,False
5,12-13,56234132.51903491,17018741.225089807,12754777.753220813,0.9252997481813853,False
5,12-13,100000000.0,17018741.221172236,12754777.759105504,0.9252997482157761,True
5,13-14,0.0001,29192132.916632183,23871722.733772114,0.7749173422329518,False
5,13-14,0.00017782794100389227,29183320.70706409,23862214.432666562,0.7750532128238972,False
5,13-14,0.00031622776601683794,29167708.296557054,23845362.01816701,0.7752938312380406,False
5,13-14,0.0005623413251903491,29140127.18287424,23815569.28514228,0.7757185966026681,False
5,13-14,0.001,29091646.21178787,23763136.26314842,0.7764642580778403,False
5,13-14,0.0017782794100389228,29007169.297429774,23671578.94058966,0.7777605884596914,False
5,13-14,0.0031622776601683794,28862150.265177675,23513843.558989324,0.7799771702322953,False
5,13-14,0.005623413251903491,28619289.282794952,23249724.374477085,0.7836643623139227,False
5,13-14,0.01,28228208.892799534,22826610.118775215,0.7895363856804523,False
5,13-14,0.01778279410038923,27633772.011363693,22177556.373936005,0.7983070493673662,False
5,13-14,0.03162277660168379,26797162.49198378,21255425.536248326,0.8103346492344685,False
5,13-14,0.05623413251903491,25723025.81629924,20112610.829117466,0.8252349899484771,False
5,13-14,0.1,24476771.448472526,19125869.758531652,0.841759136411941,False
5,13-14,0.1778279410038923,23182899.121984616,18112771.55998067,0.8580465768084289,False
5,13-14,0.31622776601683794,21996621.84074704,17078987.248215027,0.8722025005385468,False
5,13-14,0.5623413251903491,21043109.73323155,16122631.063269021,0.8830419230538068,False
5,13-14,1.0,20362495.37533801,15318989.176543431,0.8904853104285406,False
5,13-14,1.7782794100389228,19916058.207658444,14819328.249627866,0.8952347743149964,False
5,13-14,3.1622776601683795,19638331.089269653,14533978.226626743,0.8981362794983717,False
5,13-14,5.623413251903491,19473996.081004065,14362288.481471743,0.8998339528327486,False
5,13-14,10.0,19382674.678507905,14307419.121333318,0.9007711879207849,False
5,13-14,17.78279410038923,19334791.463672206,14288756.860382799,0.9012608546619938,False
5,13-14,31.622776601683793,19310438.59882335,14276445.87006804,0.9015094290247514,False
5,13-14,56.23413251903491,19298042.943719838,14270551.068731254,0.9016358335390824,False
5,13-14,100.0,19291608.6661106,14266917.454440108,0.901701414991642,False
5,13-14,177.82794100389228,19288187.909673218,14264763.976041397,0.9017362721890001,False
5,13-14,316.22776601683796,19286332.384432845,14263618.291004349,0.9017551772367838,False
5,13-14,562.341325190349,19285311.566179015,14263044.645967435,0.9017655770839152,False
5,13-14,1000.0,19284744.871949747,14262719.554359114,0.901771350188745,False
5,13-14,1778.2794100389228,19284428.558519594,14262535.942174278,0.9017745725063385,False
5,13-14,3162.2776601683795,19284251.435981333,14262432.435324209,0.9017763768488514,False
5,13-14,5623.413251903491,19284152.07214194,14262374.14856178,0.9017773890583429,False
5,13-14,10000.0,19284096.271691274,14262341.345984695,0.9017779574896647,False
5,13-14,17782.794100389227,19284064.91684464,14262322.891662305,0.9017782768963439,False
5,13-14,31622.776601683792,19284047.29233148,14262312.511478567,0.9017784564341403,False
5,13-14,56234.13251903491,19284037.383747976,14262306.673463888,0.9017785573710548,False
5,13-14,100000.0,19284031.812503863,14262303.390251303,0.9017786141242693,False
5,13-14,177827.94100389228,19284028.679804042,14262301.543884335,0.9017786460364852,False
5,13-14,316227.7660168379,19284026.918233674,14262300.50557032,0.9017786639812644,False
5,13-14,562341.3251903491,19284025.927653965,14262299.921675356,0.9017786740721091,False
5,13-14,1000000.0,19284025.37061767,14262299.593324512,0.9017786797465303,False
5,13-14,1778279.410038923,19284025.057375558,14262299.40867847,0.9017786829374671,False
5,13-14,3162277.6601683795,19284024.881227337,14262299.304844117,0.901778684731855,False
5,13-14,5623413.251903491,19284024.78217215,14262299.24645368,0.9017786857409109,False
5,13-14,10000000.0,19284024.726469394,14262299.213618286,0.9017786863083441,False
5,13-14,17782794.100389227,19284024.69514547,14262299.195153601,0.9017786866274349,False
5,13-14,31622776.60168379,19284024.67753074,14262299.184770139,0.9017786868068728,False
5,13-14,56234132.51903491,19284024.667625237,14262299.178931078,0.9017786869077782,False
5,13-14,100000000.0,19284024.662054986,14262299.175647547,0.9017786869645212,True
5,14-15,0.0001,30774980.51056383,24838861.60648971,0.7411040337403692,False
5,14-15,0.00017782794100389227,30764348.955973115,24829393.357516717,0.741282879745667,False
5,14-15,0.00031622776601683794,30745522.859311797,24812618.226651184,0.7415994242784529,False
5,14-15,0.0005623413251903491,30712294.269008033,24782981.665643025,0.7421576614590819,False
5,14-15,0.001,30653978.005781606,24730883.319674443,0.7431359098473631,False
5,14-15,0.0017782794100389228,30552637.958628364,24640089.00628073,0.744831454304324,False
5,14-15,0.0031622776601683794,30379461.98495276,24484178.708877407,0.7477159074892133,False
5,14-15,0.005623413251903491,30091584.167679045,24222926.50368345,0.752474575354402,False
5,14-15,0.01,29633217.994222354,23821596.412583154,0.7599579414276362,False
5,14-15,0.01778279410038923,28947416.17754829,23241166.736211013,0.7709399659946174,False
5,14-15,0.03162277660168379,28001070.895565968,22409385.669142947,0.7856719596428727,False
5,14-15,0.05623413251903491,26812479.595871024,21339219.99531024,0.8034813966906246,False
5,14-15,0.1,25463768.669224415,20373473.085016962,0.8227545598761696,False
5,14-15,0.1778279410038923,24091642.207817722,19309534.08587447,0.8413418009584355,False
5,14-15,0.31622776601683794,22854248.958463028,18295321.186195385,0.8572212357718398,False
5,14-15,0.5623413251903491,21872436.941988192,17349942.12694879,0.8692252022384996,False
5,14-15,1.0,21178972.178404883,16551467.358539859,0.8773861665810591,False
5,14-15,1.7782794100389228,20728740.352023747,16098211.539234083,0.8825439114835252,False
5,14-15,3.1622776601683795,20453571.252986837,15821576.034906136,0.8856416167422455,False
5,14-15,5.623413251903491,20297006.395939384,15709734.749386484,0.8873856620615105,False
5,14-15,10.0,20216189.508067105,15699019.113550866,0.8882806729880374,False
5,14-15,17.78279410038923,20178450.837716278,15691767.007631598,0.8886973888684813,False
5,14-15,31.622776601683793,20162040.654541932,15687164.433250507,0.8888783495923225,False
5,14-15,56.23413251903491,20155086.77000919,15684377.156835549,0.8889549880519437,False
5,14-15,100.0,20152086.7097292,15682739.708768863,0.8889880434229839,False
5,14-15,177.82794100389228,20150729.629708905,15681795.351406192,0.8890029944340483,False
5,14-15,316.22776601683796,20150079.311603293,15681256.587867511,0.8890101586607477,False
5,14-15,562.341325190349,20149750.908036932,15680951.13141384,0.8890137764294063,False
5,14-15,1000.0,20149578.32744029,15680778.565224703,0.889015677593023,False
5,14-15,1778.2794100389228,20149485.157368287,15680681.271015616,0.8890167039562784,False
5,14-15,3162.2776601683795,20149434.00050748,15680626.478138011,0.8890172674991954,False
5,14-15,5623.413251903491,20149405.62567423,15680595.640387733,0.8890175800751527,False
5,14-15,10000.0,20149389.793856513,15680578.290989118,0.8890177544775926,False
5,14-15,17782.794100389227,20149380.930405058,15680568.532155788,0.8890178521168302,False
5,14-15,31622.776601683792,20149375.95860009,15680563.043553986,0.8890179068859101,False
5,14-15,56234.13251903491,20149373.166697014,15680559.956831299,0.8890179376413266,False
5,14-15,100000.0,20149371.597943436,15680558.22095889,0.8890179549226087,False
5,14-15,177827.94100389228,20149370.716163456,15680557.24478059,0.8890179646362361,False
5,14-15,316227.7660168379,20149370.22042704,15680556.695827123,0.8890179700972339,False
5,14-15,562341.3251903491,20149369.94169348,15680556.387125352,0.8890179731677434,False
5,14-15,1000000.0,20149369.78496256,15680556.213528764,0.8890179748942802,False
5,14-15,1778279.410038923,20149369.696830243,15680556.115907988,0.8890179758651398,False
5,14-15,3162277.6601683795,20149369.64727106,15680556.061011715,0.8890179764110803,False
5,14-15,5623413.251903491,20149369.61940227,15680556.03014124,0.8890179767180808,False
5,14-15,10000000.0,20149369.603730623,15680556.012781493,0.8890179768907186,False
5,14-15,17782794.100389227,20149369.59491784,15680556.003019385,0.8890179769877996,False
5,14-15,31622776.60168379,20149369.589962065,15680555.997529736,0.889017977042392,False
5,14-15,56234132.51903491,20149369.587175243,15680555.994442696,0.8890179770730916,False
5,14-15,100000000.0,20149369.58560808,15680555.992706716,0.8890179770903552,True
5,15-16,0.0001,29174572.238907684,23498724.175122987,0.7754097487730572,False
5,15-16,0.00017782794100389227,29166129.04240236,23491443.3927621,0.7755397239595003,False
5,15-16,0.00031622776601683794,29151169.48541705,23478533.0762864,0.7757699200994528,False
5,15-16,0.0005623413251903491,29124738.888703484,23455690.85987954,0.7761763427714107,False
5,15-16,0.001,29078271.772260185,23415432.60425202,0.7768899727395775,False
5,15-16,0.0017782794100389228,28997279.50743668,23344958.1774972,0.778131107077725,False
5,15-16,0.0031622776601683794,28858176.930223618,23223017.556544714,0.7802546517787408,False
5,15-16,0.005623413251903491,28625070.18632803,23016116.528419275,0.783790373181422,False
5,15-16,0.01,28249417.26834352,22675992.4360771,0.7894278681767032,False
5,15-16,0.01778279410038923,27678165.696745098,22143114.920260962,0.7978580194030432,False
5,15-16,0.03162277660168379,26874539.37113716,21362291.599097084,0.8094258615173936,False
5,15-16,0.05623413251903491,25844538.857765667,20309492.977956194,0.823753913752567,False
5,15-16,0.1,24652389.43471015,19115372.56148815,0.8396385604822881,False
5,15-16,0.1778279410038923,23416071.27717867,18018381.090942964,0.8553195104616429,False
5,15-16,0.31622776601683794,22278724.558051597,17058970.211921673,0.8690327962579768,False
5,15-16,0.5623413251903491,21354075.07644239,16162258.278299183,0.8796784446251986,False
5,15-16,1.0,20679730.021333564,15393511.179371169,0.8871577762569118,False
5,15-16,1.7782794100389228,20224227.31955678,14910131.422712484,0.8920740741574307,False
5,15-16,3.1622776601683795,19932666.071353342,14599432.747441465,0.8951634576042553,False
5,15-16,5.623413251903491,19757268.314242315,14398612.636092,0.8970003610264833,False
5,15-16,10.0,19659985.104334332,14347037.350005496,0.8980121877797169,False
5,15-16,17.78279410038923,19610012.95096044,14339123.68950394,0.8985299982774472,False
5,15-16,31.622776601683793,19585453.44581353,14333266.770644177,0.898784000405539,False
5,15-16,56.23413251903491,19573437.119996317,14329412.500773711,0.8989081610566304,False
5,15-16,100.0,19567422.41916571,14327041.70639384,0.8989702803198322,False
5,15-16,177.82794100389228,19564313.93636897,14326356.425038349,0.8990023769541173,False
5,15-16,316.22776601683796,19562660.411705002,14326495.705224127,0.8990194483427654,False
5,15-16,562.341325190349,19561761.96805008,14326583.84728843,0.8990287234874186,False
5,15-16,1000.0,19561266.947699092,14326636.581443215,0.8990338336819297,False
5,15-16,1778.2794100389228,19560991.857811753,14326667.249374216,0.8990366734341905,False
5,15-16,3162.2776601683795,19560838.210039265,14326684.817723759,0.8990382595224029,False
5,15-16,5623.413251903491,19560752.140181385,14326694.799486136,0.8990391480061625,False
5,15-16,10000.0,19560703.84502766,14326700.445076369,0.8990396465466902,False
5,15-16,17782.794100389227,19560676.720076717,14326703.630092906,0.8990399265512092,False
5,15-16,31622.776601683792,19560661.477170385,14326705.4244084,0.8990400838999928,False
5,15-16,56234.13251903491,19560652.908799864,14326706.434453972,0.8990401723491263,False
5,15-16,100000.0,19560648.0915093,14326707.002769418,0.8990402220767879,False
5,15-16,177827.94100389228,19560645.382882457,14326707.322459495,0.8990402500372466,False
5,15-16,316227.7660168379,19560643.85981549,14326707.502266953,0.8990402657594736,False
5,15-16,562341.3251903491,19560643.00336549,14326707.603390407,0.8990402746003854,False
5,15-16,1000000.0,19560642.52175884,14326707.660259545,0.8990402795718859,False
5,15-16,1778279.410038923,19560642.25093486,14326707.692240452,0.8990402823675316,False
5,15-16,3162277.6601683795,19560642.098640412,14326707.710224956,0.8990402839396278,False
5,15-16,5623413.251903491,19560642.012999274,14326707.720338488,0.8990402848236789,False
5,15-16,10000000.0,19560641.964839835,14326707.726025773,0.8990402853208164,False
5,15-16,17782794.100389227,19560641.93775782,14326707.729223989,0.899040285600377,False
5,15-16,31622776.60168379,19560641.922528494,14326707.73102247,0.8990402857575853,False
5,15-16,56234132.51903491,19560641.913964424,14326707.732033832,0.89904028584599,False
5,15-16,100000000.0,19560641.909148492,14326707.732602572,0.8990402858957036,True
5,16-17,0.0001,33020962.544242658,27817684.07460841,0.703317291275266,False
5,16-17,0.00017782794100389227,33001299.47906962,27799160.501296554,0.7036705186852192,False
5,16-17,0.00031622776601683794,32966595.51948351,27766440.52833897,0.7042934274380767,False
5,16-17,0.0005623413251903491,32905694.004480895,27708937.425131522,0.7053849774361536,False
5,16-17,0.001,32799864.223245244,27608763.270794738,0.7072769846418976,False
5,16-17,0.0017782794100389228,32618980.395411354,27436822.97104357,0.7104966844958556,False
5,16-17,0.0031622776601683794,32318011.19234057,27148757.77389763,0.7158144232929571,False
5,16-17,0.005623413251903491,31837502.58453992,26683867.129333448,0.7242022208032328,False
5,16-17,0.01,31114329.09765621,25972874.55873124,0.736589149709872,False
5,16-17,0.01778279410038923,30106804.75034414,24959514.711115193,0.75337215366466,False
5,16-17,0.03162277660168379,28825616.261009794,23690479.844105743,0.773915921064614,False
5,16-17,0.05623413251903491,27346235.882754263,22243151.649838824,0.7965264840722099,False
5,16-17,0.1,25788789.118252218,20767555.19204628,0.8190432948626518,False
5,16-17,0.1778279410038923,24288966.184143335,19325291.32506643,0.8394793761864288,False
5,16-17,0.31622776601683794,22977722.933742143,18193176.475117255,0.8563430124584361,False
5,16-17,0.5623413251903491,21948342.46654061,17218003.452125683,0.8689260961875148,False
5,16-17,1.0,21219227.27996067,16379867.739129376,0.8774898962997063,False
5,16-17,1.7782794100389228,20740305.089940082,15909534.074991612,0.8829576428788821,False
5,16-17,3.1622776601683795,20439796.397675898,15621601.55659384,0.886324752296774,False
5,16-17,5.623413251903491,20258873.418554187,15420133.92593912,0.8883282401962963,False
5,16-17,10.0,20155582.249774583,15364670.529953506,0.8894640685447419,False
5,16-17,17.78279410038923,20099481.06251537,15324139.649395354,0.8900785451384094,False
5,16-17,31.622776601683793,20069810.863476742,15297289.564009853,0.8904028305519811,False
5,16-17,56.23413251903491,20054141.40957736,15280628.656656273,0.8905738991690386,False
5,16-17,100.0,20045761.21113582,15270704.034116331,0.8906653337331959,False
5,16-17,177.82794100389228,20041209.741895527,15264934.887920815,0.8907149778320514,False
5,16-17,316.22776601683796,20038706.19897313,15261628.78213613,0.8907422798420888,False
5,16-17,562.341325190349,20037317.001943074,15259749.611927962,0.8907574280495333,False
5,16-17,1000.0,20036541.874497,15258686.468274219,0.8907658798076166,False
5,16-17,1778.2794100389228,20036107.94200884,15258086.57752455,0.8907706111350671,False
5,16-17,3162.2776601683795,20035864.547510877,15257748.586090337,0.8907732649110263,False
5,16-17,5623.413251903491,20035727.874998394,15257558.314133728,0.8907747550629849,False
5,16-17,10000.0,20035651.081283182,15257451.251311446,0.8907755923468941,False
5,16-17,17782.794100389227,20035607.916923508,15257391.024880443,0.890776062967641,False
5,16-17,31622.776601683792,20035583.650125448,15257357.15055829,0.8907763275479451,False
5,16-17,56234.13251903491,20035570.005897008,15257338.099567618,0.8907764763104924,False
5,16-17,100000.0,20035562.333814535,15257327.385756923,0.8907765599588958,False
5,16-17,177827.94100389228,20035558.019685104,15257321.36073244,0.8907766069956596,False
5,16-17,316227.7660168379,20035555.593734957,15257317.972547045,0.8907766334456831,False
5,16-17,562341.3251903491,20035554.229542896,15257316.06720977,0.8907766483194054,False
5,16-17,1000000.0,20035553.462407656,15257314.99575339,0.8907766566834446,False
5,16-17,1778279.410038923,20035553.03101779,15257314.393227117,0.8907766613868677,False
5,16-17,3162277.6601683795,20035552.78843008,15257314.054401048,0.89077666403179,False
5,16-17,5623413.251903491,20035552.65201317,15257313.863864928,0.8907766655191369,False
5,16-17,10000000.0,20035552.57530037,15257313.756718528,0.890776666355533,False
5,16-17,17782794.100389227,20035552.53216162,15257313.696465677,0.8907766668258726,False
5,16-17,31622776.60168379,20035552.50790293,15257313.662582995,0.890776667090364,False
5,16-17,56234132.51903491,20035552.49426126,15257313.643529357,0.8907766672390984,False
5,16-17,100000000.0,20035552.486589987,15257313.632814707,0.890776667322738,True
5,17-18,0.0001,29704434.20443009,23639408.38546003,0.7619022184132619,False
5,17-18,0.00017782794100389227,29694301.655775044,23630880.11851058,0.7620646268851331,False
5,17-18,0.00031622776601683794,29676358.61681615,23615762.116774473,0.7623520890280829,False
5,17-18,0.0005623413251903491,29644686.83126359,23589027.457496885,0.7628590728771646,False
5,17-18,0.001,29589096.95770186,23541951.059103575,0.7637476148379809,False
5,17-18,0.0017782794100389228,29492476.240906756,23459669.00519739,0.7652880204277837,False
5,17-18,0.0031622776601683794,29327307.31974783,23317675.283071987,0.7679096089929175,False
5,17-18,0.005623413251903491,29052573.150097355,23077807.922421824,0.772237623011896,False
5,17-18,0.01,28614736.28503293,22690378.926915083,0.7790508803807017,False
5,17-18,0.01778279410038923,27959090.454179123,22088788.67386296,0.7890600405704358,False
5,17-18,0.03162277660168379,27054879.80776241,21255879.92769524,0.8024832196585524,False
5,17-18,0.05623413251903491,25924271.075346448,20228958.88961969,0.8186465224500172,False
5,17-18,0.1,24655185.714805733,19174882.734936517,0.8359677144229143,False
5,17-18,0.1778279410038923,23389003.721438386,18051780.817179658,0.852383050688878,False
5,17-18,0.31622776601683794,22282007.957417965,17075143.454602536,0.8660257205845364,False
5,17-18,0.5623413251903491,21441819.222891934,16366894.17785997,0.8759387821423056,False
5,17-18,1.0,20880501.815428115,15808654.443383781,0.8823492653633593,False
5,17-18,1.7782794100389228,20535969.312300544,15617556.636791658,0.886199755999365,False
5,17-18,3.1622776601683795,20334136.171912782,15502254.32631628,0.8884256835050954,False
5,17-18,5.623413251903491,20223151.00138374,15419184.003803728,0.8896403208548515,False
5,17-18,10.0,20169157.40521493,15457283.16088852,0.8902288306661564,False
5,17-18,17.78279410038923,20147109.878368963,15479275.046856811,0.890468687985532,False
5,17-18,31.622776601683793,20139940.295625787,15491689.234827673,0.890546630090503,False
5,17-18,56.23413251903491,20138413.3083674,15498647.439262029,0.8905632267201689,True
5,17-18,100.0,20138567.58247526,15502544.300363041,0.890561549991722,False
5,17-18,177.82794100389228,20139023.90928644,15504728.768036773,0.8905565903276835,False
5,17-18,316.22776601683796,20139407.383982953,15505954.64740924,0.8905524223820999,False
5,17-18,562.341325190349,20139665.06300358,15506643.141274083,0.8905496216517214,False
5,17-18,1000.0,20139823.615424905,15507030.022940766,0.890547898317122,False
5,17-18,1778.2794100389228,20139917.15705299,15507247.48957221,0.890546881590088,False
5,17-18,3162.2776601683795,20139971.156487904,15507369.750268666,0.8905462946547574,False
5,17-18,5623.413251903491,20140001.966504578,15507438.493023906,0.8905459597711531,False
5,17-18,10000.0,20140019.432999216,15507477.146903433,0.8905457699221909,False
5,17-18,17782.794100389227,20140029.299706496,15507498.88262239,0.8905456626776952,False
5,17-18,31622.776601683792,20140034.862271655,15507511.105213014,0.8905456022163167,False
5,17-18,56234.13251903491,20140037.99479534,15507517.978385145,0.8905455681678632,False
5,17-18,100000.0,20140039.75775471,15507521.843423592,0.8905455490056626,False
5,17-18,177827.94100389228,20140040.749586135,15507524.016884858,0.8905455382251112,False
5,17-18,316227.7660168379,20140041.30747515,15507525.239108916,0.8905455321612264,False
5,17-18,562341.3251903491,20140041.621243853,15507525.92641505,0.8905455287507681,False
5,17-18,1000000.0,20140041.7977031,15507526.312915409,0.8905455268327727,False
5,17-18,1778279.410038923,20140041.896937884,15507526.530260425,0.8905455257541561,False
5,17-18,3162277.6601683795,20140041.952743117,15507526.65248248,0.8905455251475901,False
5,17-18,5623413.251903491,20140041.984125145,15507526.721212987,0.8905455248064882,False
5,17-18,10000000.0,20140042.00177271,15507526.759862985,0.8905455246146708,False
5,17-18,17782794.100389227,20140042.011696704,15507526.781597473,0.8905455245068036,False
5,17-18,31622776.60168379,20140042.01727738,15507526.793819666,0.8905455244461453,False
5,17-18,56234132.51903491,20140042.02041566,15507526.800692737,0.8905455244120343,False
5,17-18,100000000.0,20140042.022180416,15507526.804557724,0.8905455243928525,False
5,18-19,0.0001,32812444.809132222,26105340.43952279,0.6986689019241817,False
5,18-19,0.00017782794100389227,32769621.007863253,26080673.715864684,0.6994549282310691,False
5,18-19,0.00031622776601683794,32694473.65639072,26037263.35068436,0.7008317686873655,False
5,18-19,0.0005623413251903491,32563934.44747071,25961468.70396525,0.7032159771529538,False
5,18-19,0.001,32341126.09761091,25830930.57832545,0.707263383377591,False
5,18-19,0.0017782794100389228,31972051.994694784,25611266.79213268,0.7139066291166234,False
5,18-19,0.0031622776601683794,31390175.942238975,25255396.3109023,0.7242253935241629,False
5,18-19,0.005623413251903491,30541041.00456933,24711648.196795996,0.7389435392274586,False
5,18-19,0.01,29431626.257695314,23958996.39776421,0.7575650139764564,False
5,18-19,0.01778279410038923,28166844.725962624,23000138.62512077,0.7779538880623272,False
5,18-19,0.03162277660168379,26898467.12895677,21884260.472881258,0.7975014878764672,False
5,18-19,0.05623413251903491,25705455.043977924,20651392.681532998,0.8150657432655842,False
5,18-19,0.1,24562814.28136774,19374819.819325875,0.8311414627746905,False
5,18-19,0.1778279410038923,23443947.68833721,18266113.781821147,0.8461745263680287,False
5,18-19,0.31622776601683794,22400831.724339396,17380741.0108792,0.8595586288403196,False
5,18-19,0.5623413251903491,21523672.73046938,16545442.954456162,0.8703419357230877,False
5,18-19,1.0,20861131.178381037,15885741.57412578,0.878201348031998,False
5,18-19,1.7782794100389228,20402246.702719517,15516210.181438137,0.8835008482731002,False
5,18-19,3.1622776601683795,20108397.96787329,15255551.902322015,0.886832501204712,False
5,18-19,5.623413251903491,19937626.676181328,15199490.213021966,0.8887464972995244,False
5,18-19,10.0,19849639.819494512,15187074.475460136,0.8897262775461842,False
5,18-19,17.78279410038923,19809461.91087613,15179504.730792161,0.890172238641693,False
5,18-19,31.622776601683793,19792749.888840213,15174983.744436374,0.8903574703002566,False
5,18-19,56.23413251903491,19786142.156982526,15172338.14109273,0.890430665536564,False
5,18-19,100.0,19783544.952421762,15170813.50555559,0.8904594286269935,False
5,18-19,177.82794100389228,19782490.185255412,15169943.632684257,0.8904711087094379,False
5,18-19,316.22776601683796,19782035.834438883,15169450.354712125,0.8904761398222297,False
5,18-19,562.341325190349,19781826.225192726,15169171.63480798,0.8904784608262288,False
5,18-19,1000.0,19781723.23618741,15169014.473511219,0.8904796012148755,False
5,18-19,1778.2794100389228,19781670.09512007,15168925.959705403,0.8904801896391498,False
5,18-19,3162.2776601683795,19781641.73350676,15168876.141714213,0.8904805036830368,False
5,18-19,5623.413251903491,19781626.26801551,15168848.113365004,0.8904806749299102,False
5,18-19,10000.0,19781617.72438931,15168832.347549213,0.8904807695320385,False
5,18-19,17782.794100389227,19781612.96848923,15168823.480413437,0.8904808221932983,False
5,18-19,31622.776601683792,19781610.30941022,15168818.493624417,0.8904808516368151,False
5,18-19,56234.13251903491,19781608.818959687,15168815.689210173,0.8904808681403115,False
5,18-19,100000.0,19781607.98235489,15168814.112128943,0.8904808774038886,False
5,18-19,177827.94100389228,19781607.512383573,15168813.225257313,0.8904808826077977,False
5,18-19,316227.7660168379,19781607.248253018,15168812.726528415,0.8904808855324686,False
5,18-19,562341.3251903491,19781607.099770118,15168812.446071196,0.8904808871765933,False
5,18-19,1000000.0,19781607.016287424,15168812.288358059,0.8904808881009825,False
5,18-19,1778279.410038923,19781606.969346516,15168812.19966932,0.8904808886207508,False
5,18-19,3162277.6601683795,19781606.94295123,15168812.149795923,0.8904808889130211,False
5,18-19,5623413.251903491,19781606.928108577,15168812.121750053,0.8904808890773711,False
5,18-19,10000000.0,19781606.91976207,15168812.105978675,0.8904808891697905,False
5,18-19,17782794.100389227,19781606.91506856,15168812.0971098,0.8904808892217609,False
5,18-19,31622776.60168379,19781606.912429202,15168812.092122452,0.8904808892509861,False
5,18-19,56234132.51903491,19781606.910944995,15168812.089317864,0.8904808892674205,False
5,18-19,100000000.0,19781606.910110366,15168812.087740727,0.8904808892766621,True
5,19-20,0.0001,27297318.395454325,22615827.324043248,0.7947006374684159,False
5,19-20,0.00017782794100389227,27291100.021017138,22609291.9654192,0.7947941618857539,False
5,19-20,0.00031622776601683794,27280081.357353147,22597706.51922655,0.7949598303752499,False
5,19-20,0.0005623413251903491,27260610.34915068,22577218.091786895,0.7952524185107006,False
5,19-20,0.001,27226368.82615895,22541138.664403155,0.7957664543903931,False
5,19-20,0.0017782794100389228,27166655.460975748,22478074.119018245,0.7966613294068952,False
5,19-20,0.0031622776601683794,27064009.130341675,22369245.356254533,0.7981950137561663,False
5,19-20,0.005623413251903491,26891745.803793788,22185464.12843656,0.8007558289216188,False
5,19-20,0.01,26613534.121625837,21885856.00112665,0.8048571109291753,False
5,19-20,0.01778279410038923,26189337.485266283,21423152.853214283,0.8110283503001596,False
5,19-20,0.03162277660168379,25591615.011651378,20760962.094381943,0.8195557623734935,False
5,19-20,0.05623413251903491,24827185.83241988,19968927.26762475,0.8301746102348184,False
5,19-20,0.1,23948656.025941264,19067977.793772314,0.8419807767626439,False
5,19-20,0.1778279410038923,23043394.43405232,18141400.21426467,0.8537012762520602,False
5,19-20,0.31622776601683794,22205420.23518045,17411596.31056937,0.8641481292602264,False
5,19-20,0.5623413251903491,21505223.847234394,16769230.097033976,0.8725805972662516,False
5,19-20,1.0,20972195.86845735,16227534.873660613,0.8788187465517567,False
5,19-20,1.7782794100389228,20597920.41351577,15856354.61004936,0.8831054181782357,False
5,19-20,3.1622776601683795,20355331.23142173,15626995.645989977,0.885842623970361,False
5,19-20,5.623413251903491,20213728.78509232,15523737.684117597,0.8874253776491918,False
5,19-20,10.0,20141720.15694072,15517257.537968677,0.8882260122414827,False
5,19-20,17.78279410038923,20110269.301740784,15512723.240204029,0.8885748049837527,False
5,19-20,31.622776601683793,20098396.748887986,15509809.942362176,0.8887063309215398,False
5,19-20,56.23413251903491,20094507.09228585,15508039.158439744,0.8887494042343979,False
5,19-20,100.0,20093444.17792833,15506998.107868899,0.8887611732942231,False
5,19-20,177.82794100389228,20093255.856932275,15506397.760018388,0.888763258403007,True
5,19-20,316.22776601683796,20093290.301685054,15506055.33307281,0.8887628770287413,False
5,19-20,562.341325190349,20093356.13574055,15505861.226942401,0.8887621481085084,False
5,19-20,1000.0,20093408.236628804,15505751.58101313,0.8887615712413722,False
5,19-20,1778.2794100389228,20093442.374086678,15505689.766387044,0.8887611932666297,False
5,19-20,3162.2776601683795,20093463.113890238,15505654.955971481,0.8887609636322896,False
5,19-20,5623.413251903491,20093475.266919117,15505635.364965247,0.888760829071948,False
5,19-20,10000.0,20093482.256483912,15505624.3431739,0.8887607516822961,False
5,19-20,17782.794100389227,20093486.23622375,15505618.143596403,0.8887607076179267,False
5,19-20,31622.776601683792,20093488.489773117,15505614.656821588,0.8887606826662336,False
5,19-20,56234.13251903491,20093489.761965293,15505612.695907095,0.8887606685802979,False
5,19-20,100000.0,20093490.478930376,15505611.59315421,0.8887606606419339,False
5,19-20,177827.94100389228,20093490.882602498,15505610.973015003,0.8887606561724047,False
5,19-20,316227.7660168379,20093491.10975993,15505610.624280129,0.8887606536572774,False
5,19-20,562341.3251903491,20093491.237549257,15505610.428170536,0.8887606522423714,False
5,19-20,1000000.0,20093491.30942607,15505610.31788951,0.8887606514465386,False
5,19-20,1778279.410038923,20093491.349850297,15505610.255873775,0.8887606509989544,False
5,19-20,3162277.6601683795,20093491.372584082,15505610.220999701,0.8887606507472419,False
5,19-20,5623413.251903491,20093491.385368716,15505610.201388573,0.8887606506056882,False
5,19-20,10000000.0,20093491.3925582,15505610.190360403,0.8887606505260849,False
5,19-20,17782794.100389227,20093491.396601193,15505610.18415881,0.8887606504813201,False
5,19-20,31622776.60168379,20093491.39887474,15505610.180671407,0.888760650456147,False
5,19-20,56234132.51903491,20093491.40015327,15505610.17871029,0.8887606504419909,False
5,19-20,100000000.0,20093491.400872238,15505610.177607477,0.8887606504340304,False
5,20-21,0.0001,31593075.157666184,26787895.672321457,0.7180294615540639,False
5,20-21,0.00017782794100389227,31578291.494794775,26771748.419925578,0.7182932903862957,False
5,20-21,0.00031622776601683794,31552171.1051222,26743208.2437032,0.7187591322940525,False
5,20-21,0.0005623413251903491,31506245.38367669,26692995.845522452,0.7195772560063507,False
5,20-21,0.001,31426173.156728495,26605354.34762174,0.7210008175974291,False
5,20-21,0.0017782794100389228,31288524.98978729,26454422.94376131,0.7234395250245623,False
5,20-21,0.0031622776601683794,31057256.515616916,26200113.316820282,0.7275127972945279,False
5,20-21,0.005623413251903491,30682093.850545656,25785801.032634385,0.7340561691266976,False
5,20-21,0.01,30103182.944900226,25150532.732202932,0.7439971688565686,False
5,20-21,0.01778279410038923,29266377.33916537,24234154.610140562,0.7580320372830494,False
5,20-21,0.03162277660168379,28147936.943480074,22999622.671177782,0.7761726920800123,False
5,20-21,0.05623413251903491,26778893.42559173,21623939.993726496,0.7974159794367193,False
5,20-21,0.1,25258627.795502894,20135953.37811773,0.8197648721419234,False
5,20-21,0.1778279410038923,23747544.775794,18630551.00271242,0.8406847450961146,False
5,20-21,0.31622776601683794,22420958.005990975,17394414.566324286,0.8579869473714083,False
5,20-21,0.5623413251903491,21394457.400041245,16439209.766305853,0.8706928661828633,False
5,20-21,1.0,20680122.662168927,15813401.438812915,0.8791835270102509,False
5,20-21,1.7782794100389228,20214567.332682684,15496216.654842222,0.8845619896386778,False
5,20-21,3.1622776601683795,19922006.515401773,15233871.543463392,0.8878792257942604,False
5,20-21,5.623413251903491,19747379.26603927,15120371.824616244,0.889836210455932,False
5,20-21,10.0,19651809.42439582,15095228.40720089,0.8908999322996793,False
5,20-21,17.78279410038923,19604242.10397541,15078157.213812541,0.8914274478113701,False
5,20-21,31.622776601683793,19582070.89517817,15067258.039489502,0.8916728868874131,False
5,20-21,56.23413251903491,19571936.084303066,15060621.97108738,0.891784988483233,False
5,20-21,100.0,19567207.791317787,15056708.36119638,0.8918372684898087,False
5,20-21,177.82794100389228,19564908.32280346,15054445.664406724,0.8918626887934133,False
5,20-21,316.22776601683796,19563739.58848765,15053152.830382036,0.8918756078431216,False
5,20-21,562.341325190349,19563123.73979554,15052419.199193425,0.8918824150506215,False
5,20-21,1000.0,19562790.89002349,15052004.52669466,0.8918860940752844,False
5,20-21,1778.2794100389228,19562608.043324325,15051770.663175244,0.8918881150730613,False
5,20-21,3162.2776601683795,19562506.60243214,15051638.93733917,0.8918892362873292,False
5,20-21,5623.413251903491,19562449.997106303,15051564.794392517,0.8918898619368206,False
5,20-21,10000.0,19562418.304844372,15051523.079195736,0.8918902122254642,False
5,20-21,17782.794100389227,19562400.527082946,15051499.614195457,0.8918904087194878,False
5,20-21,31622.776601683792,19562390.543873727,15051486.416698102,0.8918905190618143,False
5,20-21,56234.13251903491,19562384.93431966,15051478.994517362,0.8918905810630191,False
5,20-21,100000.0,19562381.781232785,15051474.82050253,0.891890615913408,False
5,20-21,177827.94100389228,19562380.008563634,15051472.47321322,0.8918906355063353,False
5,20-21,316227.7660168379,19562379.011858262,15051471.15321383,0.8918906465227026,False
5,20-21,562341.3251903491,19562378.45141385,15051470.410916813,0.8918906527171724,False
5,20-21,1000000.0,19562378.13626677,15051469.993490364,0.8918906562004241,False
5,20-21,1778279.410038923,19562377.95905097,15051469.758753546,0.8918906581591516,False
5,20-21,3162277.6601683795,19562377.859396588,15051469.626751108,0.8918906592606096,False
5,20-21,5623413.251903491,19562377.80335726,15051469.552520609,0.8918906598800002,False
5,20-21,10000000.0,19562377.771844164,15051469.510777712,0.8918906602283074,False
5,20-21,17782794.100389227,19562377.7541231,15051469.487303965,0.8918906604241744,False
5,20-21,31622776.60168379,19562377.744157832,15051469.474103699,0.8918906605343184,False
5,20-21,56234132.51903491,19562377.73855393,15051469.46668063,0.8918906605962571,False
5,20-21,100000000.0,19562377.735402644,15051469.462506345,0.8918906606310876,True
5,21-22,0.0001,26284061.90361229,22562082.965982478,0.7999290596135604,False
5,21-22,0.00017782794100389227,26276133.49176664,22554219.75323128,0.8000497415370367,False
5,21-22,0.00031622776601683794,26262084.509580318,22540284.665074684,0.8002634979981416,False
5,21-22,0.0005623413251903491,26237258.028471377,22515654.322837852,0.8006409555185869,False
5,21-22,0.001,26193596.78795487,22472322.085326847,0.8013039074801502,False
5,21-22,0.0017782794100389228,26117452.968109485,22396703.12774019,0.8024574328379456,False
5,21-22,0.0031622776601683794,25986559.92217073,22266565.45338058,0.8044325224160552,False
5,21-22,0.005623413251903491,25766919.29993342,22047766.43910825,0.8077244575379108,False
5,21-22,0.01,25412416.50171152,21693450.865590315,0.8129787393660372,False
5,21-22,0.01778279410038923,24873008.940337025,21151331.524174467,0.8208339567771661,False
5,21-22,0.03162277660168379,24117025.180992365,20551960.75777792,0.8315594990373106,False
5,21-22,0.05623413251903491,23161563.4555438,19846254.239411704,0.8446415804848149,False
5,21-22,0.1,22087609.008756425,19002738.15154644,0.858714867741471,False
5,21-22,0.1778279410038923,21021120.111891493,18093836.428592823,0.8720292373491427,False
5,21-22,0.31622776601683794,20088694.39649227,17198574.773915425,0.8831301531952156,False
5,21-22,0.5623413251903491,19371332.116477475,16378760.355772393,0.891327908681729,False
5,21-22,1.0,18881721.20701591,15674449.420746112,0.8967518657423805,False
5,21-22,1.7782794100389228,18578863.613461513,15176508.58771477,0.9000374459303908,False
5,21-22,3.1622776601683795,18404010.145972464,14929690.580946723,0.9019101707008422,False
5,21-22,5.623413251903491,18307808.280561432,14773932.012998668,0.9029329653346168,False
5,21-22,10.0,18256993.178244706,14713294.382265992,0.9034710555249589,False
5,21-22,17.78279410038923,18230950.384038877,14678267.020364765,0.9037462476597767,False
5,21-22,31.622776601683793,18217722.356459502,14656275.27208112,0.9038858767347145,False
5,21-22,56.23413251903491,18210922.63067071,14643026.883430673,0.9039576121253238,False
5,21-22,100.0,18207348.917350188,14635263.060586996,0.903995303162763,False
5,21-22,177.82794100389228,18205428.855010424,14630790.798723247,0.9040155505127884,False
5,21-22,316.22776601683796,18204379.564627934,14628240.854839329,0.9040266145374911,False
5,21-22,562.341325190349,18203799.53388866,14626795.589373834,0.9040327302775721,False
5,21-22,1000.0,18203476.604471765,14625979.228192993,0.9040361351029783,False
5,21-22,1778.2794100389228,18203296.047893435,14625518.99860956,0.9040380387856137,False
5,21-22,3162.2776601683795,18203194.84477906,14625259.825432451,0.9040391058036212,False
5,21-22,5623.413251903491,18203138.03929265,14625113.965297697,0.9040397047201095,False
5,21-22,10000.0,18203106.128567614,14625031.905275743,0.9040400411631895,False
5,21-22,17782.794100389227,18203088.194407508,14624985.747875642,0.9040402302474485,False
5,21-22,31622.776601683792,18203078.11262978,14624959.787973814,0.9040403365420279,False
5,21-22,56234.13251903491,18203072.444286685,14624945.18848159,0.9040403963046909,False
5,21-22,100000.0,18203069.257077496,14624936.978214812,0.9040404299081723,False
5,21-22,177827.94100389228,18203067.464883815,14624932.361125844,0.9040404488036811,False
5,21-22,316227.7660168379,18203066.457092684,14624929.764709,0.9040404594290531,False
5,21-22,562341.3251903491,18203065.89038066,14624928.304624852,0.904040465404027,False
5,21-22,1000000.0,18203065.571698427,14624927.483555503,0.9040404687639665,False
5,21-22,1778279.410038923,18203065.39249129,14624927.021833114,0.904040470653388,False
5,21-22,3162277.6601683795,18203065.291716035,14624926.762187153,0.9040404717158845,False
5,21-22,5623413.251903491,18203065.235046066,14624926.6161774,0.9040404723133688,False
5,21-22,10000000.0,18203065.20317822,14624926.534070026,0.9040404726493588,False
5,21-22,17782794.100389227,18203065.185257625,14624926.487897648,0.9040404728382997,False
5,21-22,31622776.60168379,18203065.17518015,14624926.461933028,0.9040404729445488,False
5,21-22,56234132.51903491,18203065.16951316,14624926.447332023,0.9040404730042972,False
5,21-22,100000000.0,18203065.166326385,14624926.439121295,0.904040473037896,True
5,22-23,0.0001,38210253.98154327,29591971.438010238,0.6042993167039251,False
5,22-23,0.00017782794100389227,38151904.3938599,29563245.52860612,0.6055069162416433,False
5,22-23,0.00031622776601683794,38049518.3638791,29512644.47435267,0.6076214310699094,False
5,22-23,0.0005623413251903491,37871680.00816345,29424149.745471857,0.6112807093690786,False
5,22-23,0.001,37568186.3163748,29271299.157615907,0.6174859343197969,False
5,22-23,0.0017782794100389228,37065559.549981445,29012798.475510556,0.6276528167898974,False
5,22-23,0.0031622776601683794,36273209.76523212,28590415.07732064,0.6434019810820008,False
5,22-23,0.005623413251903491,35116176.90715365,27935835.968536243,0.6657884859883902,False
5,22-23,0.01,33598729.018772066,26993723.104556818,0.694048455777354,False
5,22-23,0.01778279410038923,31845071.81658929,25753515.909611586,0.7251527369273407,False
5,22-23,0.03162277660168379,30024943.868229,24257731.990865987,0.7556730578434869,False
5,22-23,0.05623413251903491,28219838.337818068,22571263.96740482,0.784167920876875,False
5,22-23,0.1,26433811.602138434,20964642.73848702,0.8106233053728628,False
5,22-23,0.1778279410038923,24725782.931467265,19631772.658036076,0.8343058956536619,False
5,22-23,0.31622776601683794,23236242.324792285,18275719.315210033,0.8536681897276046,False
5,22-23,0.5623413251903491,22076128.805340696,17050404.602113936,0.8679152160933312,False
5,22-23,1.0,21247684.626345936,16055748.720663222,0.8776426184268227,False
5,22-23,1.7782794100389228,20681365.61394407,15427678.33728602,0.8840781306328713,False
5,22-23,3.1622776601683795,20304176.08978424,15030405.055883225,0.8882679688445609,False
5,22-23,5.623413251903491,20063197.51971145,14907880.685247246,0.8909043965601454,False
5,22-23,10.0,19918063.868323397,14838614.366618939,0.892477044697265,False
5,22-23,17.78279410038923,19835230.110668823,14797601.09587778,0.8933695019735916,False
5,22-23,31.622776601683793,19789409.406854644,14773928.794420812,0.8938615800670632,False
5,22-23,56.23413251903491,19764296.8917495,14760446.094823517,0.8941307858263225,False
5,22-23,100.0,19750493.852066237,14752816.547303999,0.8942786086093294,False
5,22-23,177.82794100389228,19742858.042582054,14748512.538656687,0.8943603394621006,False
5,22-23,316.22776601683796,19738609.22795805,14746738.468228165,0.8944058035014342,False
5,22-23,562.341325190349,19736235.214805506,14746138.954741705,0.8944312021435918,False
5,22-23,1000.0,19734905.225087706,14745802.11850414,0.8944454298504778,False
5,22-23,1778.2794100389228,19734158.937214013,14745612.796977578,0.8944534129246675,False
5,22-23,3162.2776601683795,19733739.78724414,14745582.067185592,0.8944578964579268,False
5,22-23,5623.413251903491,19733504.246975802,14745598.998200545,0.8944604159263395,False
5,22-23,10000.0,19733371.845349632,14745608.57611848,0.8944618321538381,False
5,22-23,17782.794100389227,19733297.407049354,14745613.98019193,0.8944626283752921,False
5,22-23,31622.776601683792,19733255.552574355,14745617.024825664,0.8944630760659651,False
5,22-23,56234.13251903491,19733232.01773707,14745618.738752075,0.8944633278027192,False
5,22-23,100000.0,19733218.78365179,14745619.703134019,0.8944634693589377,False
5,22-23,177827.94100389228,19733211.341745205,14745620.245626189,0.8944635489600269,False
5,22-23,316227.7660168379,19733207.156906214,14745620.550748972,0.8944635937224329,False
5,22-23,562341.3251903491,19733204.80361498,14745620.72235018,0.8944636188940011,False
5,22-23,1000000.0,19733203.480267324,14745620.818854325,0.8944636330489566,False
5,22-23,1778279.410038923,19733202.736095928,14745620.873124402,0.8944636410088547,False
5,22-23,3162277.6601683795,19733202.317618113,14745620.90364328,0.8944636454850285,False
5,22-23,5623413.251903491,19733202.08229091,14745620.920805486,0.8944636480021644,False
5,22-23,10000000.0,19733201.949956756,14745620.930456555,0.8944636494176532,False
5,22-23,17782794.100389227,19733201.875539802,14745620.935883772,0.894463650213641,False
5,22-23,31622776.60168379,19733201.833692096,14745620.938935727,0.8944636506612575,False
5,22-23,56234132.51903491,19733201.810159396,14745620.940651964,0.894463650912971,False
5,22-23,100000000.0,19733201.796925995,14745620.941617096,0.8944636510545196,True
5,23-24,0.0001,26891413.810690086,22126740.8650222,0.8066081937174453,False
5,23-24,0.00017782794100389227,26882872.549640965,22117070.506434646,0.8067310245652097,False
5,23-24,0.00031622776601683794,26867742.77395944,22099923.328973856,0.8069485082725517,False
5,23-24,0.0005623413251903491,26841022.63642607,22069586.040298786,0.8073322991582679,False
5,23-24,0.001,26794082.093645435,22016122.490434892,0.8080055982649955,False
5,23-24,0.0017782794100389228,26712378.11369649,21922548.413158488,0.8091747213368414,False
5,23-24,0.0031622776601683794,26572415.19073146,21760708.16542519,0.8111691894038388,False
5,23-24,0.005623413251903491,26339015.83088811,21492820.695864443,0.8144718197432134,False
5,23-24,0.01,25966452.8021898,21064089.092989463,0.8196832586531879,False
5,23-24,0.01778279410038923,25410233.850012854,20482833.196624313,0.827325533866466,False
5,23-24,0.03162277660168379,24653869.621821184,19708781.774042703,0.8374522403535369,False
5,23-24,0.05623413251903491,23736548.26608526,18674396.704119634,0.8493233598046657,False
5,23-24,0.1,22748558.89074591,17460770.810754843,0.8616055808421401,False
5,23-24,0.1778279410038923,21790990.347167816,16332873.873945983,0.8730114001344058,False
5,23-24,0.31622776601683794,20945643.809669193,15714478.159652608,0.8826729297941489,False
5,23-24,0.5623413251903491,20268002.375282373,15164978.369578712,0.8901417462976924,False
5,23-24,1.0,19775675.602858055,14772635.727045119,0.8954140231997513,False
5,23-24,1.7782794100389228,19446070.59187452,14461377.185788505,0.8988712791191074,False
5,23-24,3.1622776601683795,19238231.374755856,14252119.802263131,0.9010214504193534,False
5,23-24,5.623413251903491,19113927.723665692,14129180.79146638,0.9022963750209771,False
5,23-24,10.0,19043573.33982659,14143392.025064308,0.9030143046664967,False
5,23-24,17.78279410038923,19005555.244860206,14143711.407126047,0.9034011575730756,False
5,23-24,31.622776601683793,18985479.253894918,14140053.12923364,0.9036051288005128,False
5,23-24,56.23413251903491,18974873.59914467,14136399.538882762,0.903712794787043,False
5,23-24,100.0,18969196.987137053,14133750.8349636,0.9037703976314527,False
5,23-24,177.82794100389228,18966111.592056368,14132054.783930931,0.9038016991352144,False
5,23-24,316.22776601683796,18964413.55687759,14131032.04350317,0.903818923623844,False
5,23-24,562.341325190349,18963471.006940052,14130434.413897254,0.9038284839737516,False
5,23-24,1000.0,18962944.985339664,14130091.100828206,0.903833819241027,False
5,23-24,1778.2794100389228,18962650.47179888,14129895.72901442,0.9038368063321655,False
5,23-24,3162.2776601683795,18962485.266441844,14129785.127937634,0.9038384819002052,False
5,23-24,5623.413251903491,18962392.49553891,14129722.699084997,0.9038394228073611,False
5,23-24,10000.0,18962340.36814111,14129687.51885573,0.9038399514952649,False
5,23-24,17782.794100389227,18962311.067900956,14129667.712164748,0.903840248664315,False
5,23-24,31622.776601683792,18962294.595327258,14129656.56664182,0.9038404157323371,False
5,23-24,56234.13251903491,18962285.333435234,14129650.296712227,0.9038405096681701,False
5,23-24,100000.0,18962280.125507146,14129646.770131128,0.9038405624879261,False
5,23-24,177827.94100389228,18962277.197005704,14129644.786754625,0.9038405921893151,False
5,23-24,316227.7660168379,18962275.55023001,14129643.671345992,0.9038406088912088,False
5,23-24,562341.3251903491,18962274.624193143,14129643.044082189,0.9038406182832397,False
5,23-24,1000000.0,18962274.10344852,14129642.691338442,0.9038406235647243,False
5,23-24,1778279.410038923,18962273.810613614,14129642.492973698,0.9038406265347079,False
5,23-24,3162277.6601683795,18962273.64594087,14129642.381424272,0.9038406282048481,False
5,23-24,5623413.251903491,18962273.553338703,14129642.318695195,0.9038406291440357,False
5,23-24,10000000.0,18962273.501264725,14129642.28341995,0.9038406296721793,False
5,23-24,17782794.100389227,18962273.471981388,14129642.263583206,0.903840629969176,False
5,23-24,31622776.60168379,18962273.455514144,14129642.252428167,0.9038406301361896,False
5,23-24,56234132.51903491,18962273.446253948,14129642.246155238,0.9038406302301083,False
5,23-24,100000000.0,18962273.441046566,14129642.242627718,0.9038406302829225,True
5,24-25,0.0001,22847718.684081107,18671749.24523451,0.8540333437796259,False
5,24-25,0.00017782794100389227,22836179.817000896,18661265.326740563,0.854180742699931,False
5,24-25,0.00031622776601683794,22815947.906966213,18642800.20593282,0.854439007894914,False
5,24-25,0.0005623413251903491,22780850.449893232,18610514.15970447,0.8548864923718804,False
5,24-25,0.001,22721071.355796486,18554767.931054708,0.8556470761227861,False
5,24-25,0.0017782794100389228,22622332.128722116,18460534.999867152,0.8568989823862293,False
5,24-25,0.0031622776601683794,22467052.650358062,18306636.847933497,0.8588567283931182,False
5,24-25,0.005623413251903491,22239918.111900482,18068147.432354722,0.8616961272075125,False
5,24-25,0.01,21937199.898168992,17724403.902875643,0.8654355442769573,False
5,24-25,0.01778279410038923,21570098.694163594,17444677.289009783,0.8699015153017671,False
5,24-25,0.03162277660168379,21153575.398837242,17147129.34217932,0.874877463642129,False
5,24-25,0.05623413251903491,20699659.13780648,16735244.066611044,0.8801896431480772,False
5,24-25,0.1,20237007.452633217,16229788.011589518,0.8854854800073275,False
5,24-25,0.1778279410038923,19827730.307481445,15647795.857886065,0.8900705690242823,False
5,24-25,0.31622776601683794,19541715.83599731,15033352.688716888,0.8932191530414942,False
5,24-25,0.5623413251903491,19405947.44828188,14763764.395920187,0.8946977439829101,False
5,24-25,1.0,19386680.664492924,14923527.508246178,0.8949067344134217,True
5,24-25,1.7782794100389228,19426411.529993206,15092392.166870883,0.8944755388899631,False
5,24-25,3.1622776601683795,19487678.558855552,15173038.413002856,0.8938088830720899,False
5,24-25,5.623413251903491,19556438.90236265,15190731.267060207,0.8930581913584159,False
5,24-25,10.0,19623685.24723074,15211087.70314558,0.8923214713497222,False
5,24-25,17.78279410038923,19680310.18469519,15228532.967328647,0.8916991532822911,False
5,24-25,31.622776601683793,19721887.55095392,15237872.762892688,0.8912410689952025,False
5,24-25,56.23413251903491,19749463.010147195,15242936.935963599,0.890936719410493,False
5,24-25,100.0,19766567.799408015,15245717.314757826,0.8907477206234485,False
5,24-25,177.82794100389228,19776750.051172163,15247258.002212163,0.8906351344884141,False
5,24-25,316.22776601683796,19782665.696075343,15248116.89470193,0.890569698006904,False
5,24-25,562.341325190349,19786054.4954119,15248597.463363508,0.8905322036567515,False
5,24-25,1000.0,19787980.225570876,15248866.93199825,0.8905108941333695,False
5,24-25,1778.2794100389228,19789069.56244288,15249018.218658086,0.890498838956268,False
5,24-25,3162.2776601683795,19789684.1846652,15249103.215100337,0.8904920369293321,False
5,24-25,5623.413251903491,19790030.460572273,15249150.987300763,0.8904882045992506,False
5,24-25,10000.0,19790225.39129688,15249177.843728013,0.8904860472181584,False
5,24-25,17782.794100389227,19790335.07394969,15249192.943721227,0.8904848333043287,False
5,24-25,31622.776601683792,19790396.773622222,15249201.434285095,0.8904841504396446,False
5,24-25,56234.13251903491,19790431.476409495,15249206.208631314,0.8904837663636095,False
5,24-25,100000.0,19790450.993280474,15249208.893364845,0.8904835503586923,False
5,24-25,177827.94100389228,19790461.96907493,15249210.403076569,0.8904834288828982,False
5,24-25,316227.7660168379,19790468.14142374,15249211.252042009,0.8904833605697297,False
5,24-25,562341.3251903491,19790471.612455677,15249211.729447864,0.8904833221536816,False
5,24-25,1000000.0,19790473.564380974,15249211.9979121,0.8904833005505195,False
5,24-25,1778279.410038923,19790474.662035756,15249212.148880411,0.8904832884020955,False
5,24-25,3162277.6601683795,19790475.279294465,15249212.233776039,0.8904832815705115,False
5,24-25,5623413.251903491,19790475.626405194,15249212.281516338,0.8904832777288222,False
5,24-25,10000000.0,19790475.821600113,15249212.308362683,0.8904832755684792,False
5,24-25,17782794.100389227,19790475.93136634,15249212.323459482,0.8904832743536284,False
5,24-25,31622776.60168379,19790475.993092448,15249212.331949035,0.8904832736704673,False
5,24-25,56234132.51903491,19790476.02780361,15249212.336723072,0.8904832732862974,False
5,24-25,100000000.0,19790476.04732312,15249212.339407692,0.8904832730702629,False
5,25-26,0.0001,30961121.618086196,24861122.964634214,0.7391179215996821,False
5,25-26,0.00017782794100389227,30953554.39804632,24853736.5120927,0.7392454306004488,False
5,25-26,0.00031622776601683794,30940137.499436,24840635.885890972,0.7394714311013317,False
5,25-26,0.0005623413251903491,30916403.136705752,24817447.77224202,0.7398709838094637,False
5,25-26,0.001,30874585.322715543,24776551.39613657,0.7405742137359466,False
5,25-26,0.0017782794100389228,30801419.609916512,24704872.742784154,0.7418023165246806,False
5,25-26,0.0031622776601683794,30674936.495299138,24580588.412985586,0.743918491352785,False
5,25-26,0.005623413251903491,30460648.76298428,24368966.935749523,0.7474838420791425,False
5,25-26,0.01,30109226.513223186,24019098.97600223,0.7532767524517185,False
5,25-26,0.01778279410038923,29560727.802525707,23466213.90578909,0.7621839727054435,False
5,25-26,0.03162277660168379,28761947.08920939,22680583.735882204,0.7748627063835937,False
5,25-26,0.05623413251903491,27696603.76728894,21808537.32078194,0.79123200945958,False
5,25-26,0.1,26412552.668837525,20766503.43521128,0.8101408084498096,False
5,25-26,0.1778279410038923,25024799.891834367,19581562.71748228,0.8295676227075998,False
5,25-26,0.31622776601683794,23687816.670942973,18542952.195558168,0.8472922980876536,False
5,25-26,0.5623413251903491,22542774.242750343,17673255.824463606,0.8616989113821816,False
5,25-26,1.0,21663258.528655816,16901013.95928516,0.8722801380958101,False
5,25-26,1.7782794100389228,21045917.74024946,16458664.524959441,0.8794557186227128,False
5,25-26,3.1622776601683795,20647021.496406842,16106843.959859442,0.8839819143956545,False
5,25-26,5.623413251903491,20413286.86970413,15856882.086285198,0.886593811943119,False
5,25-26,10.0,20291003.250074234,15821688.056942528,0.8879484377518252,False
5,25-26,17.78279410038923,20233309.29126969,15810345.500463942,0.8885847303501806,False
5,25-26,31.622776601683793,20207833.490802094,15803983.248320173,0.8888651201000257,False
5,25-26,56.23413251903491,20196784.65267506,15800440.82699054,0.8889866151244534,False
5,25-26,100.0,20191876.531545524,15798467.543957071,0.8890405643984494,False
5,25-26,177.82794100389228,20189587.795832317,15797365.471435705,0.8890657173286056,False
5,25-26,316.22776601683796,20188461.51989453,15796748.459299963,0.8890780939189105,False
5,25-26,562.341325190349,20187881.244269095,15796402.413479907,0.8890844702694153,False
5,25-26,1000.0,20187572.128479496,15796208.12189096,0.8890878669090772,False
5,25-26,1778.2794100389228,20187403.81321963,15796098.96202461,0.8890897163763197,False
5,25-26,3162.2776601683795,20187310.91958097,15796037.608391682,0.889090737095596,False
5,25-26,5623.413251903491,20187259.23967885,15796003.116728183,0.8890913049545385,False
5,25-26,10000.0,20187230.35483102,15795983.723821042,0.8890916223407125,False
5,25-26,17782.794100389227,20187214.167704146,15795972.81939589,0.889091800204365,False
5,25-26,31622.776601683792,20187205.082741532,15795966.687706133,0.8890919000295923,False
5,25-26,56234.13251903491,20187199.979500074,15795963.239704577,0.8890919561037977,False
5,25-26,100000.0,20187197.11151048,15795961.300782759,0.889091987617142,False
5,25-26,177827.94100389228,20187195.499282487,15795960.21045699,0.889092005332231,False
5,25-26,316227.7660168379,20187194.592837486,15795959.597324945,0.8890920152922073,False
5,25-26,562341.3251903491,20187194.083162118,15795959.252536481,0.8890920208924968,False
5,25-26,1000000.0,20187193.796568338,15795959.058648007,0.8890920240415761,False
5,25-26,1778279.410038923,20187193.63541044,15795958.949616592,0.8890920258123716,False
5,25-26,3162277.6601683795,20187193.544786457,15795958.888303759,0.8890920268081437,False
5,25-26,5623413.251903491,20187193.49382541,15795958.853825023,0.8890920273681013,False
5,25-26,10000000.0,20187193.46516807,15795958.834436206,0.8890920276829869,False
5,25-26,17782794.100389227,20187193.449052926,15795958.823533079,0.8890920278600594,False
5,25-26,31622776.60168379,20187193.43999074,15795958.8174018,0.8890920279596342,False
5,25-26,56234132.51903491,20187193.434894703,15795958.813953936,0.8890920280156291,False
5,25-26,100000000.0,20187193.432028983,15795958.812015045,0.8890920280471176,True
