model,horizon,held_out_season,selected_alpha,term,term_type,coefficient_standardized,coefficient_raw
rainfall_month_level_ridge,1,10-11,100000000.0,intercept,intercept,24608332.533333343,24608332.52284819
rainfall_month_level_ridge,1,10-11,100000000.0,block_fe_2,block_fixed_effect,22896325.666666653,22896325.666666653
rainfall_month_level_ridge,1,10-11,100000000.0,block_fe_3,block_fixed_effect,23539619.866666656,23539619.866666656
rainfall_month_level_ridge,1,10-11,100000000.0,block_fe_4,block_fixed_effect,29966360.066666663,29966360.066666663
rainfall_month_level_ridge,1,10-11,100000000.0,block_fe_5,block_fixed_effect,27974925.93333335,27974925.93333335
rainfall_month_level_ridge,1,10-11,100000000.0,block_fe_6,block_fixed_effect,20629931.533333313,20629931.533333313
rainfall_month_level_ridge,1,10-11,100000000.0,block_fe_7,block_fixed_effect,12596831.73333332,12596831.73333332
rainfall_month_level_ridge,1,10-11,100000000.0,block_fe_8,block_fixed_effect,-1502356.5333333593,-1502356.5333333593
rainfall_month_level_ridge,1,10-11,100000000.0,block_fe_9,block_fixed_effect,-17400400.533333357,-17400400.533333357
rainfall_month_level_ridge,1,10-11,100000000.0,block_fe_10,block_fixed_effect,-24123840.066666685,-24123840.066666685
rainfall_month_level_ridge,1,10-11,100000000.0,block_fe_11,block_fixed_effect,-24360882.33333331,-24360882.33333331
rainfall_month_level_ridge,1,10-11,100000000.0,block_fe_12,block_fixed_effect,-20979704.666666664,-20979704.666666664
rainfall_month_level_ridge,1,10-11,100000000.0,rainfall_sep,weather,0.00921518484520345,0.00025372471830387904
rainfall_month_level_ridge,1,10-11,100000000.0,rainfall_oct,weather,-0.00468103557666732,-0.00011314919431968211
rainfall_month_level_ridge,1,10-11,100000000.0,rainfall_nov,weather,0.006920983280655612,0.00015004995507138645
rainfall_month_level_ridge,1,10-11,100000000.0,rainfall_dec,weather,0.005509215358462929,0.0001414329503954824
rainfall_month_level_ridge,1,10-11,100000000.0,rainfall_jan,weather,-0.0018947772208249075,-3.0041109660773923e-05
rainfall_month_level_ridge,1,10-11,100000000.0,rainfall_feb,weather,0.0063718556642742875,0.0001290673583031987
rainfall_month_level_ridge,1,10-11,100000000.0,rainfall_mar,weather,-2.391557807907289e-06,-6.350274613939873e-08
rainfall_month_level_ridge,1,10-11,100000000.0,rainfall_apr,weather,0.003951901851574394,0.00014333653106754732
rainfall_month_level_ridge,1,10-11,100000000.0,growing_season_average_temperature,weather,-0.001978162209250396,-0.0023008359245601396
rainfall_month_level_ridge,1,11-12,3.1622776601683795,intercept,intercept,26101652.80000001,25506095.44248845
rainfall_month_level_ridge,1,11-12,3.1622776601683795,block_fe_2,block_fixed_effect,21527203.866666652,21527203.866666652
rainfall_month_level_ridge,1,11-12,3.1622776601683795,block_fe_3,block_fixed_effect,22309530.399999984,22309530.399999984
rainfall_month_level_ridge,1,11-12,3.1622776601683795,block_fe_4,block_fixed_effect,28423789.73333333,28423789.73333333
rainfall_month_level_ridge,1,11-12,3.1622776601683795,block_fe_5,block_fixed_effect,26676652.733333323,26676652.733333323
rainfall_month_level_ridge,1,11-12,3.1622776601683795,block_fe_6,block_fixed_effect,18727949.06666667,18727949.06666667
rainfall_month_level_ridge,1,11-12,3.1622776601683795,block_fe_7,block_fixed_effect,11691055.00000001,11691055.00000001
rainfall_month_level_ridge,1,11-12,3.1622776601683795,block_fe_8,block_fixed_effect,-2125172.1333333403,-2125172.1333333403
rainfall_month_level_ridge,1,11-12,3.1622776601683795,block_fe_9,block_fixed_effect,-18566804.333333354,-18566804.333333354
rainfall_month_level_ridge,1,11-12,3.1622776601683795,block_fe_10,block_fixed_effect,-25597521.86666668,-25597521.86666668
rainfall_month_level_ridge,1,11-12,3.1622776601683795,block_fe_11,block_fixed_effect,-25848739.333333306,-25848739.333333306
rainfall_month_level_ridge,1,11-12,3.1622776601683795,block_fe_12,block_fixed_effect,-22417169.533333328,-22417169.533333328
rainfall_month_level_ridge,1,11-12,3.1622776601683795,rainfall_sep,weather,188467.02585256606,4413.541534452027
rainfall_month_level_ridge,1,11-12,3.1622776601683795,rainfall_oct,weather,-95069.94384597587,-2269.98382735911
rainfall_month_level_ridge,1,11-12,3.1622776601683795,rainfall_nov,weather,77087.90511649263,1649.6464343408604
rainfall_month_level_ridge,1,11-12,3.1622776601683795,rainfall_dec,weather,89601.90166860909,1770.6489537054033
rainfall_month_level_ridge,1,11-12,3.1622776601683795,rainfall_jan,weather,17842.68779893167,286.0046346268757
rainfall_month_level_ridge,1,11-12,3.1622776601683795,rainfall_feb,weather,182621.8296766114,3904.1011922356042
rainfall_month_level_ridge,1,11-12,3.1622776601683795,rainfall_mar,weather,105503.80453257554,3432.6252243076333
rainfall_month_level_ridge,1,11-12,3.1622776601683795,rainfall_apr,weather,156574.24827650707,5744.705382914469
rainfall_month_level_ridge,1,11-12,3.1622776601683795,growing_season_average_temperature,weather,-46041.60552380391,-53614.036620350926
rainfall_month_level_ridge,1,12-13,100000000.0,intercept,intercept,26555986.53333333,26555986.555274952
rainfall_month_level_ridge,1,12-13,100000000.0,block_fe_2,block_fixed_effect,22089267.86666666,22089267.86666666
rainfall_month_level_ridge,1,12-13,100000000.0,block_fe_3,block_fixed_effect,22900983.799999993,22900983.799999993
rainfall_month_level_ridge,1,12-13,100000000.0,block_fe_4,block_fixed_effect,27890668.0,27890668.0
rainfall_month_level_ridge,1,12-13,100000000.0,block_fe_5,block_fixed_effect,25719801.73333334,25719801.73333334
rainfall_month_level_ridge,1,12-13,100000000.0,block_fe_6,block_fixed_effect,18359232.066666655,18359232.066666655
rainfall_month_level_ridge,1,12-13,100000000.0,block_fe_7,block_fixed_effect,9952659.600000003,9952659.600000003
rainfall_month_level_ridge,1,12-13,100000000.0,block_fe_8,block_fixed_effect,-4096036.2666666713,-4096036.2666666713
rainfall_month_level_ridge,1,12-13,100000000.0,block_fe_9,block_fixed_effect,-19940826.266666673,-19940826.266666673
rainfall_month_level_ridge,1,12-13,100000000.0,block_fe_10,block_fixed_effect,-26090649.666666664,-26090649.666666664
rainfall_month_level_ridge,1,12-13,100000000.0,block_fe_11,block_fixed_effect,-26309643.3333333,-26309643.3333333
rainfall_month_level_ridge,1,12-13,100000000.0,block_fe_12,block_fixed_effect,-22934790.999999978,-22934790.999999978
rainfall_month_level_ridge,1,12-13,100000000.0,rainfall_sep,weather,0.008427760632166078,0.00020476789033566954
rainfall_month_level_ridge,1,12-13,100000000.0,rainfall_oct,weather,-0.003529374060055246,-8.65921404934033e-05
rainfall_month_level_ridge,1,12-13,100000000.0,rainfall_nov,weather,0.00703141482130027,0.0001471239513040762
rainfall_month_level_ridge,1,12-13,100000000.0,rainfall_dec,weather,0.005415564657366054,0.00010712565774482435
rainfall_month_level_ridge,1,12-13,100000000.0,rainfall_jan,weather,-0.0004253954833346758,-6.395293705018907e-06
rainfall_month_level_ridge,1,12-13,100000000.0,rainfall_feb,weather,0.005535056228130174,0.00011808459864470544
rainfall_month_level_ridge,1,12-13,100000000.0,rainfall_mar,weather,-0.0012919317472756295,-3.748567239932524e-05
rainfall_month_level_ridge,1,12-13,100000000.0,rainfall_apr,weather,0.005586533353871898,0.0002128032325468612
rainfall_month_level_ridge,1,12-13,100000000.0,growing_season_average_temperature,weather,-0.0031867552684429977,-0.003663001164568688
rainfall_month_level_ridge,1,13-14,100000000.0,intercept,intercept,25289051.466666657,25289051.458801243
rainfall_month_level_ridge,1,13-14,100000000.0,block_fe_2,block_fixed_effect,22445542.533333357,22445542.533333357
rainfall_month_level_ridge,1,13-14,100000000.0,block_fe_3,block_fixed_effect,23734262.66666667,23734262.66666667
rainfall_month_level_ridge,1,13-14,100000000.0,block_fe_4,block_fixed_effect,29267074.86666669,29267074.86666669
rainfall_month_level_ridge,1,13-14,100000000.0,block_fe_5,block_fixed_effect,26907416.13333334,26907416.13333334
rainfall_month_level_ridge,1,13-14,100000000.0,block_fe_6,block_fixed_effect,19509035.40000003,19509035.40000003
rainfall_month_level_ridge,1,13-14,100000000.0,block_fe_7,block_fixed_effect,11479496.733333342,11479496.733333342
rainfall_month_level_ridge,1,13-14,100000000.0,block_fe_8,block_fixed_effect,-2754630.933333326,-2754630.933333326
rainfall_month_level_ridge,1,13-14,100000000.0,block_fe_9,block_fixed_effect,-18739500.86666666,-18739500.86666666
rainfall_month_level_ridge,1,13-14,100000000.0,block_fe_10,block_fixed_effect,-24819929.53333333,-24819929.53333333
rainfall_month_level_ridge,1,13-14,100000000.0,block_fe_11,block_fixed_effect,-25035830.06666664,-25035830.06666664
rainfall_month_level_ridge,1,13-14,100000000.0,block_fe_12,block_fixed_effect,-21792218.333333306,-21792218.333333306
rainfall_month_level_ridge,1,13-14,100000000.0,rainfall_sep,weather,0.008908245087103023,0.00020560517018318716
rainfall_month_level_ridge,1,13-14,100000000.0,rainfall_oct,weather,-0.0026711204662043676,-6.707387778619689e-05
rainfall_month_level_ridge,1,13-14,100000000.0,rainfall_nov,weather,0.008014190883880551,0.0001682161090441901
rainfall_month_level_ridge,1,13-14,100000000.0,rainfall_dec,weather,0.004480311537106167,9.151906724656588e-05
rainfall_month_level_ridge,1,13-14,100000000.0,rainfall_jan,weather,-0.001071710718398878,-1.590565361479951e-05
rainfall_month_level_ridge,1,13-14,100000000.0,rainfall_feb,weather,0.005793229329642264,0.00011779008127040394
rainfall_month_level_ridge,1,13-14,100000000.0,rainfall_mar,weather,-0.0008419290850774953,-2.2700417760149664e-05
rainfall_month_level_ridge,1,13-14,100000000.0,rainfall_apr,weather,0.0029600151891715537,0.00011025404868835083
rainfall_month_level_ridge,1,13-14,100000000.0,growing_season_average_temperature,weather,-0.0019371619358308737,-0.0021971346945318763
rainfall_month_level_ridge,1,14-15,100000000.0,intercept,intercept,25433294.26666666,25433294.270434167
rainfall_month_level_ridge,1,14-15,100000000.0,block_fe_2,block_fixed_effect,22257782.400000013,22257782.400000013
rainfall_month_level_ridge,1,14-15,100000000.0,block_fe_3,block_fixed_effect,22623868.933333322,22623868.933333322
rainfall_month_level_ridge,1,14-15,100000000.0,block_fe_4,block_fixed_effect,29445600.93333334,29445600.93333334
rainfall_month_level_ridge,1,14-15,100000000.0,block_fe_5,block_fixed_effect,26971956.333333343,26971956.333333343
rainfall_month_level_ridge,1,14-15,100000000.0,block_fe_6,block_fixed_effect,19860099.733333334,19860099.733333334
rainfall_month_level_ridge,1,14-15,100000000.0,block_fe_7,block_fixed_effect,11372543.266666673,11372543.266666673
rainfall_month_level_ridge,1,14-15,100000000.0,block_fe_8,block_fixed_effect,-1744520.466666676,-1744520.466666676
rainfall_month_level_ridge,1,14-15,100000000.0,block_fe_9,block_fixed_effect,-18192043.53333333,-18192043.53333333
rainfall_month_level_ridge,1,14-15,100000000.0,block_fe_10,block_fixed_effect,-24967394.86666666,-24967394.86666666
rainfall_month_level_ridge,1,14-15,100000000.0,block_fe_11,block_fixed_effect,-25189968.999999985,-25189968.999999985
rainfall_month_level_ridge,1,14-15,100000000.0,block_fe_12,block_fixed_effect,-21840904.399999987,-21840904.399999987
rainfall_month_level_ridge,1,14-15,100000000.0,rainfall_sep,weather,0.00918107423280203,0.00021248802628927478
rainfall_month_level_ridge,1,14-15,100000000.0,rainfall_oct,weather,-0.004305974933730282,-0.00010266511885773186
rainfall_month_level_ridge,1,14-15,100000000.0,rainfall_nov,weather,0.007126175823017832,0.00014972375255189386
rainfall_month_level_ridge,1,14-15,100000000.0,rainfall_dec,weather,0.005444917465218866,0.00011126348702029856
rainfall_month_level_ridge,1,14-15,100000000.0,rainfall_jan,weather,-0.00171812162275738,-2.7334404333121556e-05
rainfall_month_level_ridge,1,14-15,100000000.0,rainfall_feb,weather,0.006007958157448531,0.00012501024096099183
rainfall_month_level_ridge,1,14-15,100000000.0,rainfall_mar,weather,3.4688148032198076e-05,9.208626135024317e-07
rainfall_month_level_ridge,1,14-15,100000000.0,rainfall_apr,weather,0.004236480191332768,0.00015243500210944294
rainfall_month_level_ridge,1,14-15,100000000.0,growing_season_average_temperature,weather,-0.002478904371320443,-0.002794990453542305
rainfall_month_level_ridge,1,15-16,100000000.0,intercept,intercept,25504606.26666666,25504606.2654563
rainfall_month_level_ridge,1,15-16,100000000.0,block_fe_2,block_fixed_effect,22692872.4,22692872.4
rainfall_month_level_ridge,1,15-16,100000000.0,block_fe_3,block_fixed_effect,22707583.599999987,22707583.599999987
rainfall_month_level_ridge,1,15-16,100000000.0,block_fe_4,block_fixed_effect,29444851.53333334,29444851.53333334
rainfall_month_level_ridge,1,15-16,100000000.0,block_fe_5,block_fixed_effect,26769628.73333332,26769628.73333332
rainfall_month_level_ridge,1,15-16,100000000.0,block_fe_6,block_fixed_effect,19739674.46666668,19739674.46666668
rainfall_month_level_ridge,1,15-16,100000000.0,block_fe_7,block_fixed_effect,11065531.333333347,11065531.333333347
rainfall_month_level_ridge,1,15-16,100000000.0,block_fe_8,block_fixed_effect,-2299349.6000000015,-2299349.6000000015
rainfall_month_level_ridge,1,15-16,100000000.0,block_fe_9,block_fixed_effect,-19238044.4,-19238044.4
rainfall_month_level_ridge,1,15-16,100000000.0,block_fe_10,block_fixed_effect,-25237097.466666676,-25237097.466666676
rainfall_month_level_ridge,1,15-16,100000000.0,block_fe_11,block_fixed_effect,-25391772.33333332,-25391772.33333332
rainfall_month_level_ridge,1,15-16,100000000.0,block_fe_12,block_fixed_effect,-22601643.19999998,-22601643.19999998
rainfall_month_level_ridge,1,15-16,100000000.0,rainfall_sep,weather,0.008420659859520183,0.00019595483269643175
rainfall_month_level_ridge,1,15-16,100000000.0,rainfall_oct,weather,-0.0020391357815969058,-5.494367025067429e-05
rainfall_month_level_ridge,1,15-16,100000000.0,rainfall_nov,weather,0.0066547640788924434,0.00013998518705880936
rainfall_month_level_ridge,1,15-16,100000000.0,rainfall_dec,weather,0.005793299627106948,0.00011389898522271244
rainfall_month_level_ridge,1,15-16,100000000.0,rainfall_jan,weather,0.0004044031840072272,6.212695133696799e-06
rainfall_month_level_ridge,1,15-16,100000000.0,rainfall_feb,weather,0.0055478677996973185,0.00011363204380174958
rainfall_month_level_ridge,1,15-16,100000000.0,rainfall_mar,weather,-0.0012054775674695873,-3.303027469075965e-05
rainfall_month_level_ridge,1,15-16,100000000.0,rainfall_apr,weather,0.004931712668934796,0.00017897928280817026
rainfall_month_level_ridge,1,15-16,100000000.0,growing_season_average_temperature,weather,-0.0024656822206912776,-0.002779979504226711
rainfall_month_level_ridge,1,16-17,100000000.0,intercept,intercept,24078540.666666657,24078540.678981975
rainfall_month_level_ridge,1,16-17,100000000.0,block_fe_2,block_fixed_effect,23920549.599999998,23920549.599999998
rainfall_month_level_ridge,1,16-17,100000000.0,block_fe_3,block_fixed_effect,24814228.53333334,24814228.53333334
rainfall_month_level_ridge,1,16-17,100000000.0,block_fe_4,block_fixed_effect,30123864.933333367,30123864.933333367
rainfall_month_level_ridge,1,16-17,100000000.0,block_fe_5,block_fixed_effect,28606699.200000003,28606699.200000003
rainfall_month_level_ridge,1,16-17,100000000.0,block_fe_6,block_fixed_effect,20623432.86666668,20623432.86666668
rainfall_month_level_ridge,1,16-17,100000000.0,block_fe_7,block_fixed_effect,12934041.06666667,12934041.06666667
rainfall_month_level_ridge,1,16-17,100000000.0,block_fe_8,block_fixed_effect,-853295.0666666646,-853295.0666666646
rainfall_month_level_ridge,1,16-17,100000000.0,block_fe_9,block_fixed_effect,-16953420.400000013,-16953420.400000013
rainfall_month_level_ridge,1,16-17,100000000.0,block_fe_10,block_fixed_effect,-23620900.53333334,-23620900.53333334
rainfall_month_level_ridge,1,16-17,100000000.0,block_fe_11,block_fixed_effect,-23861029.26666665,-23861029.26666665
rainfall_month_level_ridge,1,16-17,100000000.0,block_fe_12,block_fixed_effect,-20813615.866666645,-20813615.866666645
rainfall_month_level_ridge,1,16-17,100000000.0,rainfall_sep,weather,0.007764214610150288,0.0002014473723893862
rainfall_month_level_ridge,1,16-17,100000000.0,rainfall_oct,weather,-0.0038438450802785137,-9.181679905001873e-05
rainfall_month_level_ridge,1,16-17,100000000.0,rainfall_nov,weather,0.005684290877401234,0.00014556463271463217
rainfall_month_level_ridge,1,16-17,100000000.0,rainfall_dec,weather,0.004750418612861333,9.635594167330957e-05
rainfall_month_level_ridge,1,16-17,100000000.0,rainfall_jan,weather,-0.0022364003936067582,-3.440194971798339e-05
rainfall_month_level_ridge,1,16-17,100000000.0,rainfall_feb,weather,0.005134779255828782,0.00010880651890254988
rainfall_month_level_ridge,1,16-17,100000000.0,rainfall_mar,weather,-0.0007162114823410997,-1.9306112259369882e-05
rainfall_month_level_ridge,1,16-17,100000000.0,rainfall_apr,weather,0.0060065904677589505,0.00022807264415239582
rainfall_month_level_ridge,1,16-17,100000000.0,growing_season_average_temperature,weather,-0.0025517220945315924,-0.002877118931826311
rainfall_month_level_ridge,1,17-18,31.622776601683793,intercept,intercept,25302075.06666667,25226975.57198442
rainfall_month_level_ridge,1,17-18,31.622776601683793,block_fe_2,block_fixed_effect,22800964.399999976,22800964.399999976
rainfall_month_level_ridge,1,17-18,31.622776601683793,block_fe_3,block_fixed_effect,22794434.46666667,22794434.46666667
rainfall_month_level_ridge,1,17-18,31.622776601683793,block_fe_4,block_fixed_effect,28849993.266666677,28849993.266666677
rainfall_month_level_ridge,1,17-18,31.622776601683793,block_fe_5,block_fixed_effect,27446564.399999995,27446564.399999995
rainfall_month_level_ridge,1,17-18,31.622776601683793,block_fe_6,block_fixed_effect,19146966.866666652,19146966.866666652
rainfall_month_level_ridge,1,17-18,31.622776601683793,block_fe_7,block_fixed_effect,11869707.66666665,11869707.66666665
rainfall_month_level_ridge,1,17-18,31.622776601683793,block_fe_8,block_fixed_effect,-1854164.933333355,-1854164.933333355
rainfall_month_level_ridge,1,17-18,31.622776601683793,block_fe_9,block_fixed_effect,-18272519.000000034,-18272519.000000034
rainfall_month_level_ridge,1,17-18,31.622776601683793,block_fe_10,block_fixed_effect,-24799649.33333334,-24799649.33333334
rainfall_month_level_ridge,1,17-18,31.622776601683793,block_fe_11,block_fixed_effect,-25060103.199999973,-25060103.199999973
rainfall_month_level_ridge,1,17-18,31.622776601683793,block_fe_12,block_fixed_effect,-22094232.53333332,-22094232.53333332
rainfall_month_level_ridge,1,17-18,31.622776601683793,rainfall_sep,weather,29466.31204636449,701.3297298989834
rainfall_month_level_ridge,1,17-18,31.622776601683793,rainfall_oct,weather,-12456.55429622888,-296.594771081887
rainfall_month_level_ridge,1,17-18,31.622776601683793,rainfall_nov,weather,23422.62153523858,494.8378267532773
rainfall_month_level_ridge,1,17-18,31.622776601683793,rainfall_dec,weather,17386.402284605178,343.50027079991304
rainfall_month_level_ridge,1,17-18,31.622776601683793,rainfall_jan,weather,-6619.189568170475,-102.92779699732418
rainfall_month_level_ridge,1,17-18,31.622776601683793,rainfall_feb,weather,21199.31198310682,444.8741654095225
rainfall_month_level_ridge,1,17-18,31.622776601683793,rainfall_mar,weather,-899.1367095344049,-23.848602918398225
rainfall_month_level_ridge,1,17-18,31.622776601683793,rainfall_apr,weather,10373.285217094379,413.2525730083797
rainfall_month_level_ridge,1,17-18,31.622776601683793,growing_season_average_temperature,weather,-4669.668965367693,-5440.722749676582
rainfall_month_level_ridge,1,18-19,100000000.0,intercept,intercept,24533282.133333325,24533282.136552755
rainfall_month_level_ridge,1,18-19,100000000.0,block_fe_2,block_fixed_effect,23304725.26666667,23304725.26666667
rainfall_month_level_ridge,1,18-19,100000000.0,block_fe_3,block_fixed_effect,23581614.99999999,23581614.99999999
rainfall_month_level_ridge,1,18-19,100000000.0,block_fe_4,block_fixed_effect,29934297.333333343,29934297.333333343
rainfall_month_level_ridge,1,18-19,100000000.0,block_fe_5,block_fixed_effect,28541326.333333336,28541326.333333336
rainfall_month_level_ridge,1,18-19,100000000.0,block_fe_6,block_fixed_effect,20790008.13333334,20790008.13333334
rainfall_month_level_ridge,1,18-19,100000000.0,block_fe_7,block_fixed_effect,13246652.733333347,13246652.733333347
rainfall_month_level_ridge,1,18-19,100000000.0,block_fe_8,block_fixed_effect,-928963.066666672,-928963.066666672
rainfall_month_level_ridge,1,18-19,100000000.0,block_fe_9,block_fixed_effect,-17408615.800000004,-17408615.800000004
rainfall_month_level_ridge,1,18-19,100000000.0,block_fe_10,block_fixed_effect,-24040689.199999996,-24040689.199999996
rainfall_month_level_ridge,1,18-19,100000000.0,block_fe_11,block_fixed_effect,-24283087.733333312,-24283087.733333312
rainfall_month_level_ridge,1,18-19,100000000.0,block_fe_12,block_fixed_effect,-21096846.866666645,-21096846.866666645
rainfall_month_level_ridge,1,18-19,100000000.0,rainfall_sep,weather,0.008631216397296897,0.00020503948324216984
rainfall_month_level_ridge,1,18-19,100000000.0,rainfall_oct,weather,-0.003978501755904959,-9.511887238042225e-05
rainfall_month_level_ridge,1,18-19,100000000.0,rainfall_nov,weather,0.008453864829366498,0.00018420119077972575
rainfall_month_level_ridge,1,18-19,100000000.0,rainfall_dec,weather,0.00585875594872619,0.00011528698449938653
rainfall_month_level_ridge,1,18-19,100000000.0,rainfall_jan,weather,-0.0007682020682215355,-1.14220837381955e-05
rainfall_month_level_ridge,1,18-19,100000000.0,rainfall_feb,weather,0.006165926526769288,0.00012489812197084594
rainfall_month_level_ridge,1,18-19,100000000.0,rainfall_mar,weather,0.0005748163466927602,1.5452973745326153e-05
rainfall_month_level_ridge,1,18-19,100000000.0,rainfall_apr,weather,0.0035685073744455105,0.00013522973946210402
rainfall_month_level_ridge,1,18-19,100000000.0,growing_season_average_temperature,weather,-0.002782779098684679,-0.0031538727496847946
rainfall_month_level_ridge,1,19-20,177.82794100389228,intercept,intercept,25320610.93333331,25318958.061157767
rainfall_month_level_ridge,1,19-20,177.82794100389228,block_fe_2,block_fixed_effect,22245269.66666668,22245269.66666668
rainfall_month_level_ridge,1,19-20,177.82794100389228,block_fe_3,block_fixed_effect,22833449.26666666,22833449.26666666
rainfall_month_level_ridge,1,19-20,177.82794100389228,block_fe_4,block_fixed_effect,29256607.800000023,29256607.800000023
rainfall_month_level_ridge,1,19-20,177.82794100389228,block_fe_5,block_fixed_effect,27182143.133333363,27182143.133333363
rainfall_month_level_ridge,1,19-20,177.82794100389228,block_fe_6,block_fixed_effect,19685004.466666676,19685004.466666676
rainfall_month_level_ridge,1,19-20,177.82794100389228,block_fe_7,block_fixed_effect,11465428.400000002,11465428.400000002
rainfall_month_level_ridge,1,19-20,177.82794100389228,block_fe_8,block_fixed_effect,-1496934.6666666605,-1496934.6666666605
rainfall_month_level_ridge,1,19-20,177.82794100389228,block_fe_9,block_fixed_effect,-17823007.200000007,-17823007.200000007
rainfall_month_level_ridge,1,19-20,177.82794100389228,block_fe_10,block_fixed_effect,-24817812.8,-24817812.8
rainfall_month_level_ridge,1,19-20,177.82794100389228,block_fe_11,block_fixed_effect,-25066101.266666625,-25066101.266666625
rainfall_month_level_ridge,1,19-20,177.82794100389228,block_fe_12,block_fixed_effect,-21936593.33333329,-21936593.33333329
rainfall_month_level_ridge,1,19-20,177.82794100389228,rainfall_sep,weather,5048.433875758644,117.0593751653264
rainfall_month_level_ridge,1,19-20,177.82794100389228,rainfall_oct,weather,-2416.3128603338737,-62.08428432648325
rainfall_month_level_ridge,1,19-20,177.82794100389228,rainfall_nov,weather,4216.502145274558,89.99015195114153
rainfall_month_level_ridge,1,19-20,177.82794100389228,rainfall_dec,weather,3242.9543459245224,66.8516199019817
rainfall_month_level_ridge,1,19-20,177.82794100389228,rainfall_jan,weather,-644.5273830648292,-9.908505827884618
rainfall_month_level_ridge,1,19-20,177.82794100389228,rainfall_feb,weather,3667.6866967072433,76.99138269729588
rainfall_month_level_ridge,1,19-20,177.82794100389228,rainfall_mar,weather,54.13274047944019,1.4390056052012103
rainfall_month_level_ridge,1,19-20,177.82794100389228,rainfall_apr,weather,2505.1425770686733,93.13967081239385
rainfall_month_level_ridge,1,19-20,177.82794100389228,growing_season_average_temperature,weather,-1361.1630740679484,-1534.6375235014782
rainfall_month_level_ridge,1,20-21,100000000.0,intercept,intercept,24467942.533333324,24467942.529807936
rainfall_month_level_ridge,1,20-21,100000000.0,block_fe_2,block_fixed_effect,22947669.79999999,22947669.79999999
rainfall_month_level_ridge,1,20-21,100000000.0,block_fe_3,block_fixed_effect,23836082.33333332,23836082.33333332
rainfall_month_level_ridge,1,20-21,100000000.0,block_fe_4,block_fixed_effect,29764467.066666692,29764467.066666692
rainfall_month_level_ridge,1,20-21,100000000.0,block_fe_5,block_fixed_effect,28067931.93333333,28067931.93333333
rainfall_month_level_ridge,1,20-21,100000000.0,block_fe_6,block_fixed_effect,20127461.933333337,20127461.933333337
rainfall_month_level_ridge,1,20-21,100000000.0,block_fe_7,block_fixed_effect,12648733.266666677,12648733.266666677
rainfall_month_level_ridge,1,20-21,100000000.0,block_fe_8,block_fixed_effect,-519168.4666666649,-519168.4666666649
rainfall_month_level_ridge,1,20-21,100000000.0,block_fe_9,block_fixed_effect,-16927399.533333346,-16927399.533333346
rainfall_month_level_ridge,1,20-21,100000000.0,block_fe_10,block_fixed_effect,-23964495.933333337,-23964495.933333337
rainfall_month_level_ridge,1,20-21,100000000.0,block_fe_11,block_fixed_effect,-24214539.19999998,-24214539.19999998
rainfall_month_level_ridge,1,20-21,100000000.0,block_fe_12,block_fixed_effect,-20886868.933333308,-20886868.933333308
rainfall_month_level_ridge,1,20-21,100000000.0,rainfall_sep,weather,0.009098197972538597,0.00021005565190068375
rainfall_month_level_ridge,1,20-21,100000000.0,rainfall_oct,weather,-0.0035185269041355743,-9.046120344355344e-05
rainfall_month_level_ridge,1,20-21,100000000.0,rainfall_nov,weather,0.0072303364911434,0.0001506790434748912
rainfall_month_level_ridge,1,20-21,100000000.0,rainfall_dec,weather,0.005952706571727613,0.00011738510210232718
rainfall_month_level_ridge,1,20-21,100000000.0,rainfall_jan,weather,-0.000808119143883101,-1.200673967274735e-05
rainfall_month_level_ridge,1,20-21,100000000.0,rainfall_feb,weather,0.005804561252893644,0.00013650940374846236
rainfall_month_level_ridge,1,20-21,100000000.0,rainfall_mar,weather,0.000893022365595618,2.473976547548015e-05
rainfall_month_level_ridge,1,20-21,100000000.0,rainfall_apr,weather,0.00540483919515487,0.00020702084119088375
rainfall_month_level_ridge,1,20-21,100000000.0,growing_season_average_temperature,weather,-0.0026613888811977773,-0.0030065440862563713
rainfall_month_level_ridge,1,21-22,100000000.0,intercept,intercept,25431097.599999987,25431097.575112935
rainfall_month_level_ridge,1,21-22,100000000.0,block_fe_2,block_fixed_effect,22093865.266666673,22093865.266666673
rainfall_month_level_ridge,1,21-22,100000000.0,block_fe_3,block_fixed_effect,22969311.133333325,22969311.133333325
rainfall_month_level_ridge,1,21-22,100000000.0,block_fe_4,block_fixed_effect,29051163.733333353,29051163.733333353
rainfall_month_level_ridge,1,21-22,100000000.0,block_fe_5,block_fixed_effect,27186526.866666697,27186526.866666697
rainfall_month_level_ridge,1,21-22,100000000.0,block_fe_6,block_fixed_effect,19598075.19999999,19598075.19999999
rainfall_month_level_ridge,1,21-22,100000000.0,block_fe_7,block_fixed_effect,12921595.46666668,12921595.46666668
rainfall_month_level_ridge,1,21-22,100000000.0,block_fe_8,block_fixed_effect,-935539.5333333453,-935539.5333333453
rainfall_month_level_ridge,1,21-22,100000000.0,block_fe_9,block_fixed_effect,-17862132.13333333,-17862132.13333333
rainfall_month_level_ridge,1,21-22,100000000.0,block_fe_10,block_fixed_effect,-24926966.666666653,-24926966.666666653
rainfall_month_level_ridge,1,21-22,100000000.0,block_fe_11,block_fixed_effect,-25176587.93333331,-25176587.93333331
rainfall_month_level_ridge,1,21-22,100000000.0,block_fe_12,block_fixed_effect,-21742683.866666637,-21742683.866666637
rainfall_month_level_ridge,1,21-22,100000000.0,rainfall_sep,weather,0.006478387809877183,0.0001551614770716882
rainfall_month_level_ridge,1,21-22,100000000.0,rainfall_oct,weather,-0.007031134019812722,-0.00017296527727641458
rainfall_month_level_ridge,1,21-22,100000000.0,rainfall_nov,weather,0.003327587743161082,7.611323957652269e-05
rainfall_month_level_ridge,1,21-22,100000000.0,rainfall_dec,weather,0.0050305264600470035,9.913790187956655e-05
rainfall_month_level_ridge,1,21-22,100000000.0,rainfall_jan,weather,-0.0038992820199116843,-6.011667276160048e-05
rainfall_month_level_ridge,1,21-22,100000000.0,rainfall_feb,weather,0.003973364001075372,8.268224756205482e-05
rainfall_month_level_ridge,1,21-22,100000000.0,rainfall_mar,weather,-0.002412526919148763,-6.586773670095679e-05
rainfall_month_level_ridge,1,21-22,100000000.0,rainfall_apr,weather,0.0005216247007288605,2.0122956420453236e-05
rainfall_month_level_ridge,1,21-22,100000000.0,growing_season_average_temperature,weather,0.0004917606654089234,0.0005787852724372348
rainfall_month_level_ridge,1,22-23,100000000.0,intercept,intercept,26020465.46666668,26020465.464025423
rainfall_month_level_ridge,1,22-23,100000000.0,block_fe_2,block_fixed_effect,21887338.1333333,21887338.1333333
rainfall_month_level_ridge,1,22-23,100000000.0,block_fe_3,block_fixed_effect,22471456.3333333,22471456.3333333
rainfall_month_level_ridge,1,22-23,100000000.0,block_fe_4,block_fixed_effect,28355692.599999987,28355692.599999987
rainfall_month_level_ridge,1,22-23,100000000.0,block_fe_5,block_fixed_effect,26820726.799999982,26820726.799999982
rainfall_month_level_ridge,1,22-23,100000000.0,block_fe_6,block_fixed_effect,19453154.733333312,19453154.733333312
rainfall_month_level_ridge,1,22-23,100000000.0,block_fe_7,block_fixed_effect,11172972.133333305,11172972.133333305
rainfall_month_level_ridge,1,22-23,100000000.0,block_fe_8,block_fixed_effect,-2701266.5333333537,-2701266.5333333537
rainfall_month_level_ridge,1,22-23,100000000.0,block_fe_9,block_fixed_effect,-18640438.73333334,-18640438.73333334
rainfall_month_level_ridge,1,22-23,100000000.0,block_fe_10,block_fixed_effect,-25516334.533333354,-25516334.533333354
rainfall_month_level_ridge,1,22-23,100000000.0,block_fe_11,block_fixed_effect,-25767121.133333333,-25767121.133333333
rainfall_month_level_ridge,1,22-23,100000000.0,block_fe_12,block_fixed_effect,-22486657.26666666,-22486657.26666666
rainfall_month_level_ridge,1,22-23,100000000.0,rainfall_sep,weather,0.007650898029966756,0.00018137716041928095
rainfall_month_level_ridge,1,22-23,100000000.0,rainfall_oct,weather,-0.0017670442945755332,-4.539398875777137e-05
rainfall_month_level_ridge,1,22-23,100000000.0,rainfall_nov,weather,0.006041839144540424,0.00012853739150028807
rainfall_month_level_ridge,1,22-23,100000000.0,rainfall_dec,weather,0.004759776368234104,9.466555849898107e-05
rainfall_month_level_ridge,1,22-23,100000000.0,rainfall_jan,weather,0.0007434276679850259,1.1371300057279608e-05
rainfall_month_level_ridge,1,22-23,100000000.0,rainfall_feb,weather,0.005102302175599656,0.00010505166381358164
rainfall_month_level_ridge,1,22-23,100000000.0,rainfall_mar,weather,0.00042164054407030143,1.1188834497083823e-05
rainfall_month_level_ridge,1,22-23,100000000.0,rainfall_apr,weather,0.002783511965437694,0.00010266865143342959
rainfall_month_level_ridge,1,22-23,100000000.0,growing_season_average_temperature,weather,-0.002334956874537873,-0.002633297444399992
rainfall_month_level_ridge,1,23-24,100000000.0,intercept,intercept,25699121.46666666,25699121.398146853
rainfall_month_level_ridge,1,23-24,100000000.0,block_fe_2,block_fixed_effect,21585050.266666666,21585050.266666666
rainfall_month_level_ridge,1,23-24,100000000.0,block_fe_3,block_fixed_effect,22804258.86666666,22804258.86666666
rainfall_month_level_ridge,1,23-24,100000000.0,block_fe_4,block_fixed_effect,28416247.06666667,28416247.06666667
rainfall_month_level_ridge,1,23-24,100000000.0,block_fe_5,block_fixed_effect,26613339.53333334,26613339.53333334
rainfall_month_level_ridge,1,23-24,100000000.0,block_fe_6,block_fixed_effect,18759592.20000001,18759592.20000001
rainfall_month_level_ridge,1,23-24,100000000.0,block_fe_7,block_fixed_effect,11381258.06666667,11381258.06666667
rainfall_month_level_ridge,1,23-24,100000000.0,block_fe_8,block_fixed_effect,-3280838.933333344,-3280838.933333344
rainfall_month_level_ridge,1,23-24,100000000.0,block_fe_9,block_fixed_effect,-19248110.200000014,-19248110.200000014
rainfall_month_level_ridge,1,23-24,100000000.0,block_fe_10,block_fixed_effect,-25258234.133333344,-25258234.133333344
rainfall_month_level_ridge,1,23-24,100000000.0,block_fe_11,block_fixed_effect,-25468864.66666666,-25468864.66666666
rainfall_month_level_ridge,1,23-24,100000000.0,block_fe_12,block_fixed_effect,-22270974.866666652,-22270974.866666652
rainfall_month_level_ridge,1,23-24,100000000.0,rainfall_sep,weather,0.00689198899861723,0.0001641751853120867
rainfall_month_level_ridge,1,23-24,100000000.0,rainfall_oct,weather,-0.003982512355622257,-9.484603526216406e-05
rainfall_month_level_ridge,1,23-24,100000000.0,rainfall_nov,weather,0.009660795777093764,0.00020648514917554384
rainfall_month_level_ridge,1,23-24,100000000.0,rainfall_dec,weather,0.0036696412045038314,7.413640673620798e-05
rainfall_month_level_ridge,1,23-24,100000000.0,rainfall_jan,weather,-0.0014362298579367351,-2.1338397355372176e-05
rainfall_month_level_ridge,1,23-24,100000000.0,rainfall_feb,weather,0.0044098969358883034,9.124402346631076e-05
rainfall_month_level_ridge,1,23-24,100000000.0,rainfall_mar,weather,0.00013906125204487906,3.686803340686077e-06
rainfall_month_level_ridge,1,23-24,100000000.0,rainfall_apr,weather,0.002195013360173389,8.097411205435825e-05
rainfall_month_level_ridge,1,23-24,100000000.0,growing_season_average_temperature,weather,0.00048165779858455403,0.0005719753580395149
rainfall_month_level_ridge,1,24-25,1.7782794100389228,intercept,intercept,24862338.199999996,30435954.229809843
rainfall_month_level_ridge,1,24-25,1.7782794100389228,block_fe_2,block_fixed_effect,22535265.799999993,22535265.799999993
rainfall_month_level_ridge,1,24-25,1.7782794100389228,block_fe_3,block_fixed_effect,22986804.26666666,22986804.26666666
rainfall_month_level_ridge,1,24-25,1.7782794100389228,block_fe_4,block_fixed_effect,29545421.933333352,29545421.933333352
rainfall_month_level_ridge,1,24-25,1.7782794100389228,block_fe_5,block_fixed_effect,27837675.200000003,27837675.200000003
rainfall_month_level_ridge,1,24-25,1.7782794100389228,block_fe_6,block_fixed_effect,19873672.733333334,19873672.733333334
rainfall_month_level_ridge,1,24-25,1.7782794100389228,block_fe_7,block_fixed_effect,12443069.999999993,12443069.999999993
rainfall_month_level_ridge,1,24-25,1.7782794100389228,block_fe_8,block_fixed_effect,-1238980.4666666724,-1238980.4666666724
rainfall_month_level_ridge,1,24-25,1.7782794100389228,block_fe_9,block_fixed_effect,-17570306.80000002,-17570306.80000002
rainfall_month_level_ridge,1,24-25,1.7782794100389228,block_fe_10,block_fixed_effect,-24358207.26666668,-24358207.26666668
rainfall_month_level_ridge,1,24-25,1.7782794100389228,block_fe_11,block_fixed_effect,-24607828.533333324,-24607828.533333324
rainfall_month_level_ridge,1,24-25,1.7782794100389228,block_fe_12,block_fixed_effect,-21362255.79999999,-21362255.79999999
rainfall_month_level_ridge,1,24-25,1.7782794100389228,rainfall_sep,weather,220387.65379636682,5140.1064341986275
rainfall_month_level_ridge,1,24-25,1.7782794100389228,rainfall_oct,weather,-205135.4153122485,-5286.522922772347
rainfall_month_level_ridge,1,24-25,1.7782794100389228,rainfall_nov,weather,257835.83302674734,5498.52727487133
rainfall_month_level_ridge,1,24-25,1.7782794100389228,rainfall_dec,weather,188225.25863214818,4219.911512897989
rainfall_month_level_ridge,1,24-25,1.7782794100389228,rainfall_jan,weather,-96124.93538973636,-1486.5699825712436
rainfall_month_level_ridge,1,24-25,1.7782794100389228,rainfall_feb,weather,163874.68552916436,3386.7748113007738
rainfall_month_level_ridge,1,24-25,1.7782794100389228,rainfall_mar,weather,-110812.90689880827,-2946.439840321621
rainfall_month_level_ridge,1,24-25,1.7782794100389228,rainfall_apr,weather,190751.28277903356,6954.978774208982
rainfall_month_level_ridge,1,24-25,1.7782794100389228,growing_season_average_temperature,weather,-186894.96268215353,-295588.9183913774
rainfall_month_level_ridge,1,25-26,100000000.0,intercept,intercept,25780475.066666666,25780475.07298457
rainfall_month_level_ridge,1,25-26,100000000.0,block_fe_2,block_fixed_effect,21657225.066666663,21657225.066666663
rainfall_month_level_ridge,1,25-26,100000000.0,block_fe_3,block_fixed_effect,22846337.533333324,22846337.533333324
rainfall_month_level_ridge,1,25-26,100000000.0,block_fe_4,block_fixed_effect,28492052.133333344,28492052.133333344
rainfall_month_level_ridge,1,25-26,100000000.0,block_fe_5,block_fixed_effect,26502336.00000001,26502336.00000001
rainfall_month_level_ridge,1,25-26,100000000.0,block_fe_6,block_fixed_effect,18817758.599999994,18817758.599999994
rainfall_month_level_ridge,1,25-26,100000000.0,block_fe_7,block_fixed_effect,11414669.533333335,11414669.533333335
rainfall_month_level_ridge,1,25-26,100000000.0,block_fe_8,block_fixed_effect,-2196058.400000008,-2196058.400000008
rainfall_month_level_ridge,1,25-26,100000000.0,block_fe_9,block_fixed_effect,-18480139.266666673,-18480139.266666673
rainfall_month_level_ridge,1,25-26,100000000.0,block_fe_10,block_fixed_effect,-25287185.13333334,-25287185.13333334
rainfall_month_level_ridge,1,25-26,100000000.0,block_fe_11,block_fixed_effect,-25529128.666666638,-25529128.666666638
rainfall_month_level_ridge,1,25-26,100000000.0,block_fe_12,block_fixed_effect,-22336753.533333316,-22336753.533333316
rainfall_month_level_ridge,1,25-26,100000000.0,rainfall_sep,weather,0.009355739157998352,0.00022458262031014247
rainfall_month_level_ridge,1,25-26,100000000.0,rainfall_oct,weather,-0.004202941669039053,-0.00010006828125558376
rainfall_month_level_ridge,1,25-26,100000000.0,rainfall_nov,weather,0.007582294131038108,0.00016352604060682326
rainfall_month_level_ridge,1,25-26,100000000.0,rainfall_dec,weather,0.005745917580901949,0.00011304370564818165
rainfall_month_level_ridge,1,25-26,100000000.0,rainfall_jan,weather,-0.0010305002947981448,-1.6339351624466374e-05
rainfall_month_level_ridge,1,25-26,100000000.0,rainfall_feb,weather,0.006634061414087364,0.00014259724580755698
rainfall_month_level_ridge,1,25-26,100000000.0,rainfall_mar,weather,0.0001083974317641024,3.313627387520833e-06
rainfall_month_level_ridge,1,25-26,100000000.0,rainfall_apr,weather,0.004222613917136472,0.00015199399518056055
rainfall_month_level_ridge,1,25-26,100000000.0,growing_season_average_temperature,weather,-0.002669309944131732,-0.0032494349607185328
rainfall_month_level_ridge,2,10-11,100000000.0,intercept,intercept,72112990.7333333,72112990.712363
rainfall_month_level_ridge,2,10-11,100000000.0,block_fe_2,block_fixed_effect,30609654.2666667,30609654.2666667
rainfall_month_level_ridge,2,10-11,100000000.0,block_fe_3,block_fixed_effect,25708531.800000004,25708531.800000004
rainfall_month_level_ridge,2,10-11,100000000.0,block_fe_4,block_fixed_effect,-11801850.466666646,-11801850.466666646
rainfall_month_level_ridge,2,10-11,100000000.0,block_fe_5,block_fixed_effect,-64420566.26666663,-64420566.26666663
rainfall_month_level_ridge,2,10-11,100000000.0,block_fe_6,block_fixed_effect,-68236912.66666667,-68236912.66666667
rainfall_month_level_ridge,2,10-11,100000000.0,rainfall_sep,weather,0.018430369690406904,0.0005074494366077582
rainfall_month_level_ridge,2,10-11,100000000.0,rainfall_oct,weather,-0.00936207115333464,-0.00022629838863936423
rainfall_month_level_ridge,2,10-11,100000000.0,rainfall_nov,weather,0.01384196656131123,0.000300099910142773
rainfall_month_level_ridge,2,10-11,100000000.0,rainfall_dec,weather,0.011018430716925853,0.0002828659007909647
rainfall_month_level_ridge,2,10-11,100000000.0,rainfall_jan,weather,-0.003789554441649815,-6.0082219321547846e-05
rainfall_month_level_ridge,2,10-11,100000000.0,rainfall_feb,weather,0.012743711328548579,0.00025813471660639746
rainfall_month_level_ridge,2,10-11,100000000.0,rainfall_mar,weather,-4.783115615812715e-06,-1.2700549227874798e-07
rainfall_month_level_ridge,2,10-11,100000000.0,rainfall_apr,weather,0.007903803703148785,0.0002866730621350945
rainfall_month_level_ridge,2,10-11,100000000.0,growing_season_average_temperature,weather,-0.003956324418500792,-0.004601671849120279
rainfall_month_level_ridge,2,11-12,3.1622776601683795,intercept,intercept,73730509.46666665,72539394.75164354
rainfall_month_level_ridge,2,11-12,3.1622776601683795,block_fe_2,block_fixed_effect,29206116.266666673,29206116.266666673
rainfall_month_level_ridge,2,11-12,3.1622776601683795,block_fe_3,block_fixed_effect,23877397.93333332,23877397.93333332
rainfall_month_level_ridge,2,11-12,3.1622776601683795,block_fe_4,block_fixed_effect,-11961320.999999994,-11961320.999999994
rainfall_month_level_ridge,2,11-12,3.1622776601683795,block_fe_5,block_fixed_effect,-65691530.06666664,-65691530.06666664
rainfall_month_level_ridge,2,11-12,3.1622776601683795,block_fe_6,block_fixed_effect,-69793112.73333336,-69793112.73333336
rainfall_month_level_ridge,2,11-12,3.1622776601683795,rainfall_sep,weather,376934.051705132,8827.083068904052
rainfall_month_level_ridge,2,11-12,3.1622776601683795,rainfall_oct,weather,-190139.887691952,-4539.967654718226
rainfall_month_level_ridge,2,11-12,3.1622776601683795,rainfall_nov,weather,154175.8102329853,3299.2928686817213
rainfall_month_level_ridge,2,11-12,3.1622776601683795,rainfall_dec,weather,179203.80333721804,3541.297907410804
rainfall_month_level_ridge,2,11-12,3.1622776601683795,rainfall_jan,weather,35685.37559786336,572.0092692537518
rainfall_month_level_ridge,2,11-12,3.1622776601683795,rainfall_feb,weather,365243.6593532229,7808.202384471209
rainfall_month_level_ridge,2,11-12,3.1622776601683795,rainfall_mar,weather,211007.60906515137,6865.250448615276
rainfall_month_level_ridge,2,11-12,3.1622776601683795,rainfall_apr,weather,313148.49655301427,11489.410765828943
rainfall_month_level_ridge,2,11-12,3.1622776601683795,growing_season_average_temperature,weather,-92083.21104760784,-107228.07324070187
rainfall_month_level_ridge,2,12-13,100000000.0,intercept,intercept,75201240.93333332,75201240.97721657
rainfall_month_level_ridge,2,12-13,100000000.0,block_fe_2,block_fixed_effect,28702383.933333363,28702383.933333363
rainfall_month_level_ridge,2,12-13,100000000.0,block_fe_3,block_fixed_effect,21989765.933333356,21989765.933333356
rainfall_month_level_ridge,2,12-13,100000000.0,block_fe_4,block_fixed_effect,-16232644.533333328,-16232644.533333328
rainfall_month_level_ridge,2,12-13,100000000.0,block_fe_5,block_fixed_effect,-68120743.79999997,-68120743.79999997
rainfall_month_level_ridge,2,12-13,100000000.0,block_fe_6,block_fixed_effect,-71333702.20000002,-71333702.20000002
rainfall_month_level_ridge,2,12-13,100000000.0,rainfall_sep,weather,0.016855521264332155,0.0004095357806713391
rainfall_month_level_ridge,2,12-13,100000000.0,rainfall_oct,weather,-0.007058748120110492,-0.0001731842809868066
rainfall_month_level_ridge,2,12-13,100000000.0,rainfall_nov,weather,0.014062829642600541,0.0002942479026081525
rainfall_month_level_ridge,2,12-13,100000000.0,rainfall_dec,weather,0.01083112931473211,0.00021425131548964875
rainfall_month_level_ridge,2,12-13,100000000.0,rainfall_jan,weather,-0.000850790966669352,-1.2790587410037822e-05
rainfall_month_level_ridge,2,12-13,100000000.0,rainfall_feb,weather,0.011070112456260349,0.00023616919728941093
rainfall_month_level_ridge,2,12-13,100000000.0,rainfall_mar,weather,-0.002583863494551256,-7.497134479865039e-05
rainfall_month_level_ridge,2,12-13,100000000.0,rainfall_apr,weather,0.011173066707743793,0.00042560646509372225
rainfall_month_level_ridge,2,12-13,100000000.0,growing_season_average_temperature,weather,-0.006373510536885994,-0.0073260023291373735
rainfall_month_level_ridge,2,13-14,100000000.0,intercept,intercept,73023645.46666665,73023645.45093583
rainfall_month_level_ridge,2,13-14,100000000.0,block_fe_2,block_fixed_effect,30555795.000000037,30555795.000000037
rainfall_month_level_ridge,2,13-14,100000000.0,block_fe_3,block_fixed_effect,23970908.999999993,23970908.999999993
rainfall_month_level_ridge,2,13-14,100000000.0,block_fe_4,block_fixed_effect,-13720676.733333308,-13720676.733333308
rainfall_month_level_ridge,2,13-14,100000000.0,block_fe_5,block_fixed_effect,-66004972.93333329,-66004972.93333329
rainfall_month_level_ridge,2,13-14,100000000.0,block_fe_6,block_fixed_effect,-69273590.93333334,-69273590.93333334
rainfall_month_level_ridge,2,13-14,100000000.0,rainfall_sep,weather,0.01781649017420604,0.00041121034036637415
rainfall_month_level_ridge,2,13-14,100000000.0,rainfall_oct,weather,-0.005342240932408732,-0.0001341477555723937
rainfall_month_level_ridge,2,13-14,100000000.0,rainfall_nov,weather,0.016028381767761102,0.0003364322180883802
rainfall_month_level_ridge,2,13-14,100000000.0,rainfall_dec,weather,0.00896062307421233,0.00018303813449313167
rainfall_month_level_ridge,2,13-14,100000000.0,rainfall_jan,weather,-0.002143421436797759,-3.181130722959906e-05
rainfall_month_level_ridge,2,13-14,100000000.0,rainfall_feb,weather,0.011586458659284529,0.0002355801625408079
rainfall_month_level_ridge,2,13-14,100000000.0,rainfall_mar,weather,-0.0016838581701549907,-4.540083552029933e-05
rainfall_month_level_ridge,2,13-14,100000000.0,rainfall_apr,weather,0.005920030378343105,0.00022050809737670157
rainfall_month_level_ridge,2,13-14,100000000.0,growing_season_average_temperature,weather,-0.0038743238716617517,-0.004394269389063757
rainfall_month_level_ridge,2,14-15,100000000.0,intercept,intercept,73124370.93333334,73124370.94086835
rainfall_month_level_ridge,2,14-15,100000000.0,block_fe_2,block_fixed_effect,29811687.466666672,29811687.466666672
rainfall_month_level_ridge,2,14-15,100000000.0,block_fe_3,block_fixed_effect,24574273.666666653,24574273.666666653
rainfall_month_level_ridge,2,14-15,100000000.0,block_fe_4,block_fixed_effect,-12629759.600000001,-12629759.600000001
rainfall_month_level_ridge,2,14-15,100000000.0,block_fe_5,block_fixed_effect,-65417220.79999997,-65417220.79999997
rainfall_month_level_ridge,2,14-15,100000000.0,block_fe_6,block_fixed_effect,-69288655.80000003,-69288655.80000003
rainfall_month_level_ridge,2,14-15,100000000.0,rainfall_sep,weather,0.018362148465604057,0.0004249760525785495
rainfall_month_level_ridge,2,14-15,100000000.0,rainfall_oct,weather,-0.008611949867460564,-0.00020533023771546373
rainfall_month_level_ridge,2,14-15,100000000.0,rainfall_nov,weather,0.014252351646035664,0.00029944750510378773
rainfall_month_level_ridge,2,14-15,100000000.0,rainfall_dec,weather,0.010889834930437733,0.00022252697404059714
rainfall_month_level_ridge,2,14-15,100000000.0,rainfall_jan,weather,-0.003436243245514758,-5.4668808666243085e-05
rainfall_month_level_ridge,2,14-15,100000000.0,rainfall_feb,weather,0.012015916314897061,0.00025002048192198365
rainfall_month_level_ridge,2,14-15,100000000.0,rainfall_mar,weather,6.93762960643979e-05,1.8417252270049098e-06
rainfall_month_level_ridge,2,14-15,100000000.0,rainfall_apr,weather,0.008472960382665531,0.00030487000421888566
rainfall_month_level_ridge,2,14-15,100000000.0,growing_season_average_temperature,weather,-0.004957808742640889,-0.0055899809070846145
rainfall_month_level_ridge,2,15-16,100000000.0,intercept,intercept,73702084.93333332,73702084.93091261
rainfall_month_level_ridge,2,15-16,100000000.0,block_fe_2,block_fixed_effect,29459562.733333357,29459562.733333357
rainfall_month_level_ridge,2,15-16,100000000.0,block_fe_3,block_fixed_effect,23816430.79999999,23816430.79999999
rainfall_month_level_ridge,2,15-16,100000000.0,block_fe_4,block_fixed_effect,-13926690.666666659,-13926690.666666659
rainfall_month_level_ridge,2,15-16,100000000.0,block_fe_5,block_fixed_effect,-67168014.26666665,-67168014.26666665
rainfall_month_level_ridge,2,15-16,100000000.0,block_fe_6,block_fixed_effect,-70686287.93333334,-70686287.93333334
rainfall_month_level_ridge,2,15-16,100000000.0,rainfall_sep,weather,0.016841319719040366,0.0003919096653928635
rainfall_month_level_ridge,2,15-16,100000000.0,rainfall_oct,weather,-0.004078271563193815,-0.00010988734050134867
rainfall_month_level_ridge,2,15-16,100000000.0,rainfall_nov,weather,0.013309528157784894,0.0002799703741176188
rainfall_month_level_ridge,2,15-16,100000000.0,rainfall_dec,weather,0.011586599254213896,0.00022779797044542488
rainfall_month_level_ridge,2,15-16,100000000.0,rainfall_jan,weather,0.0008088063680144539,1.242539026739359e-05
rainfall_month_level_ridge,2,15-16,100000000.0,rainfall_feb,weather,0.01109573559939464,0.00022726408760349921
rainfall_month_level_ridge,2,15-16,100000000.0,rainfall_mar,weather,-0.0024109551349391755,-6.606054938151932e-05
rainfall_month_level_ridge,2,15-16,100000000.0,rainfall_apr,weather,0.00986342533786959,0.0003579585656163404
rainfall_month_level_ridge,2,15-16,100000000.0,growing_season_average_temperature,weather,-0.004931364441382554,-0.005559959008453421
rainfall_month_level_ridge,2,16-17,100000000.0,intercept,intercept,72077630.93333334,72077630.95796397
rainfall_month_level_ridge,2,16-17,100000000.0,block_fe_2,block_fixed_effect,31017543.86666669,31017543.86666669
rainfall_month_level_ridge,2,16-17,100000000.0,block_fe_3,block_fixed_effect,25309582.46666664,25309582.46666664
rainfall_month_level_ridge,2,16-17,100000000.0,block_fe_4,block_fixed_effect,-11839803.599999987,-11839803.599999987
rainfall_month_level_ridge,2,16-17,100000000.0,block_fe_5,block_fixed_effect,-64494870.53333332,-64494870.53333332
rainfall_month_level_ridge,2,16-17,100000000.0,block_fe_6,block_fixed_effect,-68595194.73333335,-68595194.73333335
rainfall_month_level_ridge,2,16-17,100000000.0,rainfall_sep,weather,0.015528429220300576,0.0004028947447787724
rainfall_month_level_ridge,2,16-17,100000000.0,rainfall_oct,weather,-0.0076876901605570265,-0.00018363359810003743
rainfall_month_level_ridge,2,16-17,100000000.0,rainfall_nov,weather,0.011368581754802468,0.00029112926542926434
rainfall_month_level_ridge,2,16-17,100000000.0,rainfall_dec,weather,0.009500837225722664,0.0001927118833466191
rainfall_month_level_ridge,2,16-17,100000000.0,rainfall_jan,weather,-0.00447280078721352,-6.880389943596684e-05
rainfall_month_level_ridge,2,16-17,100000000.0,rainfall_feb,weather,0.010269558511657565,0.00021761303780509978
rainfall_month_level_ridge,2,16-17,100000000.0,rainfall_mar,weather,-0.0014324229646821998,-3.861222451873978e-05
rainfall_month_level_ridge,2,16-17,100000000.0,rainfall_apr,weather,0.012013180935517901,0.00045614528830479164
rainfall_month_level_ridge,2,16-17,100000000.0,growing_season_average_temperature,weather,-0.005103444189063186,-0.005754237863652624
rainfall_month_level_ridge,2,17-18,31.622776601683793,intercept,intercept,73405114.53333332,73254915.54396883
rainfall_month_level_ridge,2,17-18,31.622776601683793,block_fe_2,block_fixed_effect,28843463.33333338,28843463.33333338
rainfall_month_level_ridge,2,17-18,31.622776601683793,block_fe_3,block_fixed_effect,23792566.86666669,23792566.86666669
rainfall_month_level_ridge,2,17-18,31.622776601683793,block_fe_4,block_fixed_effect,-12785421.666666657,-12785421.666666657
rainfall_month_level_ridge,2,17-18,31.622776601683793,block_fe_5,block_fixed_effect,-65873132.73333331,-65873132.73333331
rainfall_month_level_ridge,2,17-18,31.622776601683793,block_fe_6,block_fixed_effect,-69955300.13333334,-69955300.13333334
rainfall_month_level_ridge,2,17-18,31.622776601683793,rainfall_sep,weather,58932.62409272898,1402.6594597979667
rainfall_month_level_ridge,2,17-18,31.622776601683793,rainfall_oct,weather,-24913.10859245777,-593.1895421637743
rainfall_month_level_ridge,2,17-18,31.622776601683793,rainfall_nov,weather,46845.24307047717,989.6756535065547
rainfall_month_level_ridge,2,17-18,31.622776601683793,rainfall_dec,weather,34772.80456921034,687.0005415998257
rainfall_month_level_ridge,2,17-18,31.622776601683793,rainfall_jan,weather,-13238.379136340962,-205.85559399464853
rainfall_month_level_ridge,2,17-18,31.622776601683793,rainfall_feb,weather,42398.62396621364,889.748330819045
rainfall_month_level_ridge,2,17-18,31.622776601683793,rainfall_mar,weather,-1798.2734190688116,-47.6972058367965
rainfall_month_level_ridge,2,17-18,31.622776601683793,rainfall_apr,weather,20746.57043418877,826.5051460167599
rainfall_month_level_ridge,2,17-18,31.622776601683793,growing_season_average_temperature,weather,-9339.337930735384,-10881.445499353162
rainfall_month_level_ridge,2,18-19,100000000.0,intercept,intercept,72371289.53333335,72371289.53977221
rainfall_month_level_ridge,2,18-19,100000000.0,block_fe_2,block_fixed_effect,30211187.0666667,30211187.0666667
rainfall_month_level_ridge,2,18-19,100000000.0,block_fe_3,block_fixed_effect,26026609.199999996,26026609.199999996
rainfall_month_level_ridge,2,18-19,100000000.0,block_fe_4,block_fixed_effect,-10987035.599999994,-10987035.599999994
rainfall_month_level_ridge,2,18-19,100000000.0,block_fe_5,block_fixed_effect,-64754030.26666665,-64754030.26666665
rainfall_month_level_ridge,2,18-19,100000000.0,block_fe_6,block_fixed_effect,-68684659.86666667,-68684659.86666667
rainfall_month_level_ridge,2,18-19,100000000.0,rainfall_sep,weather,0.017262432794593795,0.0004100789664843397
rainfall_month_level_ridge,2,18-19,100000000.0,rainfall_oct,weather,-0.007957003511809916,-0.00019023774476084447
rainfall_month_level_ridge,2,18-19,100000000.0,rainfall_nov,weather,0.016907729658732995,0.0003684023815594515
rainfall_month_level_ridge,2,18-19,100000000.0,rainfall_dec,weather,0.011717511897452378,0.00023057396899877304
rainfall_month_level_ridge,2,18-19,100000000.0,rainfall_jan,weather,-0.0015364041364430729,-2.284416747639103e-05
rainfall_month_level_ridge,2,18-19,100000000.0,rainfall_feb,weather,0.012331853053538578,0.0002497962439416919
rainfall_month_level_ridge,2,18-19,100000000.0,rainfall_mar,weather,0.0011496326933855205,3.0905947490652305e-05
rainfall_month_level_ridge,2,18-19,100000000.0,rainfall_apr,weather,0.007137014748891023,0.0002704594789242081
rainfall_month_level_ridge,2,18-19,100000000.0,growing_season_average_temperature,weather,-0.005565558197369361,-0.0063077454993695934
rainfall_month_level_ridge,2,19-20,177.82794100389228,intercept,intercept,72886491.53333332,72883185.78898223
rainfall_month_level_ridge,2,19-20,177.82794100389228,block_fe_2,block_fixed_effect,29844787.400000032,29844787.400000032
rainfall_month_level_ridge,2,19-20,177.82794100389228,block_fe_3,block_fixed_effect,24621877.933333334,24621877.933333334
rainfall_month_level_ridge,2,19-20,177.82794100389228,block_fe_4,block_fixed_effect,-12276775.933333328,-12276775.933333328
rainfall_month_level_ridge,2,19-20,177.82794100389228,block_fe_5,block_fixed_effect,-64886089.66666664,-64886089.66666664
rainfall_month_level_ridge,2,19-20,177.82794100389228,block_fe_6,block_fixed_effect,-69247964.26666668,-69247964.26666668
rainfall_month_level_ridge,2,19-20,177.82794100389228,rainfall_sep,weather,10096.867751517286,234.11875033065277
rainfall_month_level_ridge,2,19-20,177.82794100389228,rainfall_oct,weather,-4832.6257206677465,-124.16856865296647
rainfall_month_level_ridge,2,19-20,177.82794100389228,rainfall_nov,weather,8433.004290549115,179.98030390228305
rainfall_month_level_ridge,2,19-20,177.82794100389228,rainfall_dec,weather,6485.908691849045,133.7032398039634
rainfall_month_level_ridge,2,19-20,177.82794100389228,rainfall_jan,weather,-1289.0547661296553,-19.817011655769186
rainfall_month_level_ridge,2,19-20,177.82794100389228,rainfall_feb,weather,7335.373393414487,153.98276539459175
rainfall_month_level_ridge,2,19-20,177.82794100389228,rainfall_mar,weather,108.26548095888256,2.878011210402479
rainfall_month_level_ridge,2,19-20,177.82794100389228,rainfall_apr,weather,5010.28515413735,186.2793416247878
rainfall_month_level_ridge,2,19-20,177.82794100389228,growing_season_average_temperature,weather,-2722.326148135898,-3069.2750470029578
rainfall_month_level_ridge,2,20-21,100000000.0,intercept,intercept,71883554.86666667,71883554.85961589
rainfall_month_level_ridge,2,20-21,100000000.0,block_fe_2,block_fixed_effect,30652879.599999983,30652879.599999983
rainfall_month_level_ridge,2,20-21,100000000.0,block_fe_3,block_fixed_effect,25247724.066666625,25247724.066666625
rainfall_month_level_ridge,2,20-21,100000000.0,block_fe_4,block_fixed_effect,-10818105.000000011,-10818105.000000011
rainfall_month_level_ridge,2,20-21,100000000.0,block_fe_5,block_fixed_effect,-63839565.26666666,-63839565.26666666
rainfall_month_level_ridge,2,20-21,100000000.0,block_fe_6,block_fixed_effect,-68049077.93333335,-68049077.93333335
rainfall_month_level_ridge,2,20-21,100000000.0,rainfall_sep,weather,0.01819639594507719,0.0004201113038013674
rainfall_month_level_ridge,2,20-21,100000000.0,rainfall_oct,weather,-0.007037053808271147,-0.00018092240688710685
rainfall_month_level_ridge,2,20-21,100000000.0,rainfall_nov,weather,0.014460672982286803,0.00030135808694978244
rainfall_month_level_ridge,2,20-21,100000000.0,rainfall_dec,weather,0.011905413143455224,0.00023477020420465433
rainfall_month_level_ridge,2,20-21,100000000.0,rainfall_jan,weather,-0.0016162382877662025,-2.4013479345494706e-05
rainfall_month_level_ridge,2,20-21,100000000.0,rainfall_feb,weather,0.011609122505787281,0.00027301880749692456
rainfall_month_level_ridge,2,20-21,100000000.0,rainfall_mar,weather,0.0017860447311912342,4.947953095096025e-05
rainfall_month_level_ridge,2,20-21,100000000.0,rainfall_apr,weather,0.010809678390309736,0.00041404168238176733
rainfall_month_level_ridge,2,20-21,100000000.0,growing_season_average_temperature,weather,-0.005322777762395553,-0.00601308817251274
rainfall_month_level_ridge,2,21-22,100000000.0,intercept,intercept,72956060.46666667,72956060.41689257
rainfall_month_level_ridge,2,21-22,100000000.0,block_fe_2,block_fixed_effect,29926609.600000024,29926609.600000024
rainfall_month_level_ridge,2,21-22,100000000.0,block_fe_3,block_fixed_effect,24690736.800000004,24690736.800000004
rainfall_month_level_ridge,2,21-22,100000000.0,block_fe_4,block_fixed_effect,-10107809.333333317,-10107809.333333317
rainfall_month_level_ridge,2,21-22,100000000.0,block_fe_5,block_fixed_effect,-64882964.06666665,-64882964.06666665
rainfall_month_level_ridge,2,21-22,100000000.0,block_fe_6,block_fixed_effect,-69013137.06666668,-69013137.06666668
rainfall_month_level_ridge,2,21-22,100000000.0,rainfall_sep,weather,0.012956775619754361,0.00031032295414337626
rainfall_month_level_ridge,2,21-22,100000000.0,rainfall_oct,weather,-0.014062268039625443,-0.0003459305545528291
rainfall_month_level_ridge,2,21-22,100000000.0,rainfall_nov,weather,0.006655175486322166,0.00015222647915304544
rainfall_month_level_ridge,2,21-22,100000000.0,rainfall_dec,weather,0.010061052920094009,0.00019827580375913315
rainfall_month_level_ridge,2,21-22,100000000.0,rainfall_jan,weather,-0.007798564039823368,-0.00012023334552320095
rainfall_month_level_ridge,2,21-22,100000000.0,rainfall_feb,weather,0.007946728002150747,0.00016536449512410972
rainfall_month_level_ridge,2,21-22,100000000.0,rainfall_mar,weather,-0.004825053838297523,-0.00013173547340191347
rainfall_month_level_ridge,2,21-22,100000000.0,rainfall_apr,weather,0.0010432494014577228,4.024591284090654e-05
rainfall_month_level_ridge,2,21-22,100000000.0,growing_season_average_temperature,weather,0.0009835213308178462,0.001157570544874469
rainfall_month_level_ridge,2,22-23,100000000.0,intercept,intercept,73928269.06666666,73928269.06138416
rainfall_month_level_ridge,2,22-23,100000000.0,block_fe_2,block_fixed_effect,28939810.80000001,28939810.80000001
rainfall_month_level_ridge,2,22-23,100000000.0,block_fe_3,block_fixed_effect,24386543.399999984,24386543.399999984
rainfall_month_level_ridge,2,22-23,100000000.0,block_fe_4,block_fixed_effect,-13415632.53333335,-13415632.53333335
rainfall_month_level_ridge,2,22-23,100000000.0,block_fe_5,block_fixed_effect,-66044111.39999997,-66044111.39999997
rainfall_month_level_ridge,2,22-23,100000000.0,block_fe_6,block_fixed_effect,-70141116.53333333,-70141116.53333333
rainfall_month_level_ridge,2,22-23,100000000.0,rainfall_sep,weather,0.015301796059933516,0.000362754320838562
rainfall_month_level_ridge,2,22-23,100000000.0,rainfall_oct,weather,-0.0035340885891510672,-9.078797751554275e-05
rainfall_month_level_ridge,2,22-23,100000000.0,rainfall_nov,weather,0.012083678289080847,0.00025707478300057615
rainfall_month_level_ridge,2,22-23,100000000.0,rainfall_dec,weather,0.009519552736468208,0.00018933111699796215
rainfall_month_level_ridge,2,22-23,100000000.0,rainfall_jan,weather,0.0014868553359700537,2.2742600114559242e-05
rainfall_month_level_ridge,2,22-23,100000000.0,rainfall_feb,weather,0.010204604351199313,0.00021010332762716333
rainfall_month_level_ridge,2,22-23,100000000.0,rainfall_mar,weather,0.0008432810881406022,2.2377668994167625e-05
rainfall_month_level_ridge,2,22-23,100000000.0,rainfall_apr,weather,0.005567023930875388,0.00020533730286685919
rainfall_month_level_ridge,2,22-23,100000000.0,growing_season_average_temperature,weather,-0.004669913749075742,-0.005266594888799978
rainfall_month_level_ridge,2,23-24,100000000.0,intercept,intercept,72983293.19999999,72983293.06296037
rainfall_month_level_ridge,2,23-24,100000000.0,block_fe_2,block_fixed_effect,29635455.666666698,29635455.666666698
rainfall_month_level_ridge,2,23-24,100000000.0,block_fe_3,block_fixed_effect,23787881.466666654,23787881.466666654
rainfall_month_level_ridge,2,23-24,100000000.0,block_fe_4,block_fixed_effect,-13484631.133333327,-13484631.133333327
rainfall_month_level_ridge,2,23-24,100000000.0,block_fe_5,block_fixed_effect,-66091394.59999997,-66091394.59999997
rainfall_month_level_ridge,2,23-24,100000000.0,block_fe_6,block_fixed_effect,-69324889.80000003,-69324889.80000003
rainfall_month_level_ridge,2,23-24,100000000.0,rainfall_sep,weather,0.013783977997234463,0.0003283503706241735
rainfall_month_level_ridge,2,23-24,100000000.0,rainfall_oct,weather,-0.007965024711244518,-0.0001896920705243282
rainfall_month_level_ridge,2,23-24,100000000.0,rainfall_nov,weather,0.01932159155418753,0.0004129702983510877
rainfall_month_level_ridge,2,23-24,100000000.0,rainfall_dec,weather,0.007339282409007663,0.00014827281347241597
rainfall_month_level_ridge,2,23-24,100000000.0,rainfall_jan,weather,-0.002872459715873472,-4.267679471074438e-05
rainfall_month_level_ridge,2,23-24,100000000.0,rainfall_feb,weather,0.008819793871776607,0.00018248804693262152
rainfall_month_level_ridge,2,23-24,100000000.0,rainfall_mar,weather,0.000278122504089758,7.3736066813721515e-06
rainfall_month_level_ridge,2,23-24,100000000.0,rainfall_apr,weather,0.004390026720346774,0.00016194822410871637
rainfall_month_level_ridge,2,23-24,100000000.0,growing_season_average_temperature,weather,0.0009633155971691121,0.0011439507160790345
rainfall_month_level_ridge,2,24-25,1.7782794100389228,intercept,intercept,72259942.2,83407174.25961971
rainfall_month_level_ridge,2,24-25,1.7782794100389228,block_fe_2,block_fixed_effect,29996960.40000002,29996960.40000002
rainfall_month_level_ridge,2,24-25,1.7782794100389228,block_fe_3,block_fixed_effect,25176082.133333318,25176082.133333318
rainfall_month_level_ridge,2,24-25,1.7782794100389228,block_fe_4,block_fixed_effect,-11331176.26666667,-11331176.26666667
rainfall_month_level_ridge,2,24-25,1.7782794100389228,block_fe_5,block_fixed_effect,-64463779.866666645,-64463779.866666645
rainfall_month_level_ridge,2,24-25,1.7782794100389228,block_fe_6,block_fixed_effect,-68505350.13333336,-68505350.13333336
rainfall_month_level_ridge,2,24-25,1.7782794100389228,rainfall_sep,weather,440775.3075927337,10280.212868397257
rainfall_month_level_ridge,2,24-25,1.7782794100389228,rainfall_oct,weather,-410270.8306244972,-10573.045845544699
rainfall_month_level_ridge,2,24-25,1.7782794100389228,rainfall_nov,weather,515671.66605349455,10997.054549742656
rainfall_month_level_ridge,2,24-25,1.7782794100389228,rainfall_dec,weather,376450.5172642963,8439.823025795977
rainfall_month_level_ridge,2,24-25,1.7782794100389228,rainfall_jan,weather,-192249.87077947284,-2973.139965142489
rainfall_month_level_ridge,2,24-25,1.7782794100389228,rainfall_feb,weather,327749.37105832837,6773.54962260154
rainfall_month_level_ridge,2,24-25,1.7782794100389228,rainfall_mar,weather,-221625.81379761637,-5892.879680643237
rainfall_month_level_ridge,2,24-25,1.7782794100389228,rainfall_apr,weather,381502.565558067,13909.95754841796
rainfall_month_level_ridge,2,24-25,1.7782794100389228,growing_season_average_temperature,weather,-373789.9253643071,-591177.8367827547
rainfall_month_level_ridge,2,25-26,100000000.0,intercept,intercept,73218175.2,73218175.2126358
rainfall_month_level_ridge,2,25-26,100000000.0,block_fe_2,block_fixed_effect,29681164.60000003,29681164.60000003
rainfall_month_level_ridge,2,25-26,100000000.0,block_fe_3,block_fixed_effect,23662869.533333328,23662869.533333328
rainfall_month_level_ridge,2,25-26,100000000.0,block_fe_4,block_fixed_effect,-12438613.933333341,-12438613.933333341
rainfall_month_level_ridge,2,25-26,100000000.0,block_fe_5,block_fixed_effect,-65424549.466666624,-65424549.466666624
rainfall_month_level_ridge,2,25-26,100000000.0,block_fe_6,block_fixed_effect,-69523107.26666668,-69523107.26666668
rainfall_month_level_ridge,2,25-26,100000000.0,rainfall_sep,weather,0.018711478315996698,0.0004491652406202848
rainfall_month_level_ridge,2,25-26,100000000.0,rainfall_oct,weather,-0.008405883338078112,-0.00020013656251116762
rainfall_month_level_ridge,2,25-26,100000000.0,rainfall_nov,weather,0.015164588262076213,0.0003270520812136464
rainfall_month_level_ridge,2,25-26,100000000.0,rainfall_dec,weather,0.011491835161803892,0.00022608741129636318
rainfall_month_level_ridge,2,25-26,100000000.0,rainfall_jan,weather,-0.0020610005895962927,-3.2678703248932796e-05
rainfall_month_level_ridge,2,25-26,100000000.0,rainfall_feb,weather,0.013268122828174725,0.0002851944916151139
rainfall_month_level_ridge,2,25-26,100000000.0,rainfall_mar,weather,0.0002167948635282073,6.627254775041743e-06
rainfall_month_level_ridge,2,25-26,100000000.0,rainfall_apr,weather,0.008445227834272944,0.0003039879903611211
rainfall_month_level_ridge,2,25-26,100000000.0,growing_season_average_temperature,weather,-0.005338619888263465,-0.006498869921437066
rainfall_month_level_ridge,3,10-11,100000000.0,intercept,intercept,120260943.13333337,120260943.10187791
rainfall_month_level_ridge,3,10-11,100000000.0,block_fe_2,block_fixed_effect,32135271.999999925,32135271.999999925
rainfall_month_level_ridge,3,10-11,100000000.0,block_fe_3,block_fixed_effect,-52741870.86666669,-52741870.86666669
rainfall_month_level_ridge,3,10-11,100000000.0,block_fe_4,block_fixed_effect,-115900372.60000002,-115900372.60000002
rainfall_month_level_ridge,3,10-11,100000000.0,rainfall_sep,weather,0.027645554535610347,0.000761174154911637
rainfall_month_level_ridge,3,10-11,100000000.0,rainfall_oct,weather,-0.014043106730001958,-0.0003394475829590463
rainfall_month_level_ridge,3,10-11,100000000.0,rainfall_nov,weather,0.02076294984196684,0.0004501498652141594
rainfall_month_level_ridge,3,10-11,100000000.0,rainfall_dec,weather,0.016527646075388782,0.0004242988511864471
rainfall_month_level_ridge,3,10-11,100000000.0,rainfall_jan,weather,-0.005684331662474719,-9.012332898232171e-05
rainfall_month_level_ridge,3,10-11,100000000.0,rainfall_feb,weather,0.01911556699282286,0.000387202074909596
rainfall_month_level_ridge,3,10-11,100000000.0,rainfall_mar,weather,-7.174673423722022e-06,-1.905082384182003e-07
rainfall_month_level_ridge,3,10-11,100000000.0,rainfall_apr,weather,0.011855705554723175,0.00043000959320264165
rainfall_month_level_ridge,3,10-11,100000000.0,growing_season_average_temperature,weather,-0.005934486627751181,-0.006902507773680411
rainfall_month_level_ridge,3,11-12,3.1622776601683795,intercept,intercept,122141692.66666666,120355020.59413199
rainfall_month_level_ridge,3,11-12,3.1622776601683795,block_fe_2,block_fixed_effect,29991657.266666643,29991657.266666643
rainfall_month_level_ridge,3,11-12,3.1622776601683795,block_fe_3,block_fixed_effect,-52837655.73333332,-52837655.73333332
rainfall_month_level_ridge,3,11-12,3.1622776601683795,block_fe_4,block_fixed_effect,-117700165.00000001,-117700165.00000001
rainfall_month_level_ridge,3,11-12,3.1622776601683795,rainfall_sep,weather,565401.0775576984,13240.624603356086
rainfall_month_level_ridge,3,11-12,3.1622776601683795,rainfall_oct,weather,-285209.8315379277,-6809.951482077332
rainfall_month_level_ridge,3,11-12,3.1622776601683795,rainfall_nov,weather,231263.71534947783,4948.93930302258
rainfall_month_level_ridge,3,11-12,3.1622776601683795,rainfall_dec,weather,268805.70500582707,5311.946861116206
rainfall_month_level_ridge,3,11-12,3.1622776601683795,rainfall_jan,weather,53528.06339679502,858.0139038806273
rainfall_month_level_ridge,3,11-12,3.1622776601683795,rainfall_feb,weather,547865.4890298345,11712.303576706818
rainfall_month_level_ridge,3,11-12,3.1622776601683795,rainfall_mar,weather,316511.4135977267,10297.875672922903
rainfall_month_level_ridge,3,11-12,3.1622776601683795,rainfall_apr,weather,469722.74482952134,17234.11614874341
rainfall_month_level_ridge,3,11-12,3.1622776601683795,growing_season_average_temperature,weather,-138124.8165714118,-160842.10986105283
rainfall_month_level_ridge,3,12-13,100000000.0,intercept,intercept,124658211.26666668,124658211.33249155
rainfall_month_level_ridge,3,12-13,100000000.0,block_fe_2,block_fixed_effect,26979450.133333296,26979450.133333296
rainfall_month_level_ridge,3,12-13,100000000.0,block_fe_3,block_fixed_effect,-59074454.60000001,-59074454.60000001
rainfall_month_level_ridge,3,12-13,100000000.0,block_fe_4,block_fixed_effect,-120325335.66666672,-120325335.66666672
rainfall_month_level_ridge,3,12-13,100000000.0,rainfall_sep,weather,0.02528328189649824,0.0006143036710070088
rainfall_month_level_ridge,3,12-13,100000000.0,rainfall_oct,weather,-0.010588122180165737,-0.00025977642148020987
rainfall_month_level_ridge,3,12-13,100000000.0,rainfall_nov,weather,0.021094244463900808,0.0004413718539122286
rainfall_month_level_ridge,3,12-13,100000000.0,rainfall_dec,weather,0.016246693972098165,0.0003213769732344731
rainfall_month_level_ridge,3,12-13,100000000.0,rainfall_jan,weather,-0.001276186450004028,-1.9185881115056734e-05
rainfall_month_level_ridge,3,12-13,100000000.0,rainfall_feb,weather,0.01660516868439052,0.0003542537959341163
rainfall_month_level_ridge,3,12-13,100000000.0,rainfall_mar,weather,-0.0038757952418268862,-0.00011245701719797565
rainfall_month_level_ridge,3,12-13,100000000.0,rainfall_apr,weather,0.016759600061615688,0.0006384096976405834
rainfall_month_level_ridge,3,12-13,100000000.0,growing_season_average_temperature,weather,-0.009560265805328991,-0.010989003493706061
rainfall_month_level_ridge,3,13-14,100000000.0,intercept,intercept,122046959.60000004,122046959.5764038
rainfall_month_level_ridge,3,13-14,100000000.0,block_fe_2,block_fixed_effect,29503721.199999943,29503721.199999943
rainfall_month_level_ridge,3,13-14,100000000.0,block_fe_3,block_fixed_effect,-56194440.266666666,-56194440.266666666
rainfall_month_level_ridge,3,13-14,100000000.0,block_fe_4,block_fixed_effect,-117827783.13333336,-117827783.13333336
rainfall_month_level_ridge,3,13-14,100000000.0,rainfall_sep,weather,0.026724735261309057,0.0006168155105495612
rainfall_month_level_ridge,3,13-14,100000000.0,rainfall_oct,weather,-0.008013361398613103,-0.0002012216333585907
rainfall_month_level_ridge,3,13-14,100000000.0,rainfall_nov,weather,0.024042572651641655,0.0005046483271325704
rainfall_month_level_ridge,3,13-14,100000000.0,rainfall_dec,weather,0.013440934611318492,0.00027455720173969746
rainfall_month_level_ridge,3,13-14,100000000.0,rainfall_jan,weather,-0.0032151321551966393,-4.77169608443986e-05
rainfall_month_level_ridge,3,13-14,100000000.0,rainfall_feb,weather,0.017379687988926792,0.0003533702438112118
rainfall_month_level_ridge,3,13-14,100000000.0,rainfall_mar,weather,-0.0025257872552324847,-6.810125328044896e-05
rainfall_month_level_ridge,3,13-14,100000000.0,rainfall_apr,weather,0.008880045567514656,0.0003307621460650523
rainfall_month_level_ridge,3,13-14,100000000.0,growing_season_average_temperature,weather,-0.005811485807492626,-0.006591404083595633
rainfall_month_level_ridge,3,14-15,100000000.0,intercept,intercept,121181534.13333334,121181534.14463587
rainfall_month_level_ridge,3,14-15,100000000.0,block_fe_2,block_fixed_effect,31396005.666666634,31396005.666666634
rainfall_month_level_ridge,3,14-15,100000000.0,block_fe_3,block_fixed_effect,-53445672.06666667,-53445672.06666667
rainfall_month_level_ridge,3,14-15,100000000.0,block_fe_4,block_fixed_effect,-116879919.60000002,-116879919.60000002
rainfall_month_level_ridge,3,14-15,100000000.0,rainfall_sep,weather,0.027543222698406082,0.0006374640788678242
rainfall_month_level_ridge,3,14-15,100000000.0,rainfall_oct,weather,-0.012917924801190844,-0.00030799535657319554
rainfall_month_level_ridge,3,14-15,100000000.0,rainfall_nov,weather,0.021378527469053495,0.0004491712576556815
rainfall_month_level_ridge,3,14-15,100000000.0,rainfall_dec,weather,0.0163347523956566,0.00033379046106089567
rainfall_month_level_ridge,3,14-15,100000000.0,rainfall_jan,weather,-0.005154364868272141,-8.200321299936468e-05
rainfall_month_level_ridge,3,14-15,100000000.0,rainfall_feb,weather,0.018023874472345595,0.0003750307228829756
rainfall_month_level_ridge,3,14-15,100000000.0,rainfall_mar,weather,0.00010406444409659859,2.7625878405074112e-06
rainfall_month_level_ridge,3,14-15,100000000.0,rainfall_apr,weather,0.0127094405739983,0.0004573050063283286
rainfall_month_level_ridge,3,14-15,100000000.0,growing_season_average_temperature,weather,-0.00743671311396133,-0.008384971360626917
rainfall_month_level_ridge,3,15-16,100000000.0,intercept,intercept,121914274.80000001,121914274.79636894
rainfall_month_level_ridge,3,15-16,100000000.0,block_fe_2,block_fixed_effect,30553698.733333305,30553698.733333305
rainfall_month_level_ridge,3,15-16,100000000.0,block_fe_3,block_fixed_effect,-55872318.66666667,-55872318.66666667
rainfall_month_level_ridge,3,15-16,100000000.0,block_fe_4,block_fixed_effect,-118630969.00000003,-118630969.00000003
rainfall_month_level_ridge,3,15-16,100000000.0,rainfall_sep,weather,0.02526197957856056,0.0005878644980892955
rainfall_month_level_ridge,3,15-16,100000000.0,rainfall_oct,weather,-0.00611740734479072,-0.00016483101075202296
rainfall_month_level_ridge,3,15-16,100000000.0,rainfall_nov,weather,0.019964292236677325,0.00041995556117642793
rainfall_month_level_ridge,3,15-16,100000000.0,rainfall_dec,weather,0.01737989888132084,0.00034169695566813724
rainfall_month_level_ridge,3,15-16,100000000.0,rainfall_jan,weather,0.0012132095520216825,1.863808540109041e-05
rainfall_month_level_ridge,3,15-16,100000000.0,rainfall_feb,weather,0.016643603399091957,0.00034089613140524875
rainfall_month_level_ridge,3,15-16,100000000.0,rainfall_mar,weather,-0.0036164327024087606,-9.909082407227891e-05
rainfall_month_level_ridge,3,15-16,100000000.0,rainfall_apr,weather,0.014795138006804388,0.0005369378484245107
rainfall_month_level_ridge,3,15-16,100000000.0,growing_season_average_temperature,weather,-0.007397046662073831,-0.008339938512680129
rainfall_month_level_ridge,3,16-17,100000000.0,intercept,intercept,120970400.13333336,120970400.17027931
rainfall_month_level_ridge,3,16-17,100000000.0,block_fe_2,block_fixed_effect,30619218.86666663,30619218.86666663
rainfall_month_level_ridge,3,16-17,100000000.0,block_fe_3,block_fixed_effect,-53607452.53333332,-53607452.53333332
rainfall_month_level_ridge,3,16-17,100000000.0,block_fe_4,block_fixed_effect,-117030323.80000001,-117030323.80000001
rainfall_month_level_ridge,3,16-17,100000000.0,rainfall_sep,weather,0.023292643830450863,0.0006043421171681585
rainfall_month_level_ridge,3,16-17,100000000.0,rainfall_oct,weather,-0.011531535240835541,-0.00027545039715005617
rainfall_month_level_ridge,3,16-17,100000000.0,rainfall_nov,weather,0.017052872632203703,0.00043669389814389654
rainfall_month_level_ridge,3,16-17,100000000.0,rainfall_dec,weather,0.014251255838583995,0.0002890678250199286
rainfall_month_level_ridge,3,16-17,100000000.0,rainfall_jan,weather,-0.006709201180820281,-0.00010320584915395028
rainfall_month_level_ridge,3,16-17,100000000.0,rainfall_feb,weather,0.015404337767486344,0.0003264195567076496
rainfall_month_level_ridge,3,16-17,100000000.0,rainfall_mar,weather,-0.0021486344470233003,-5.7918336778109676e-05
rainfall_month_level_ridge,3,16-17,100000000.0,rainfall_apr,weather,0.018019771403276843,0.0006842179324571872
rainfall_month_level_ridge,3,16-17,100000000.0,growing_season_average_temperature,weather,-0.007655166283594775,-0.00863135679547893
rainfall_month_level_ridge,3,17-18,31.622776601683793,intercept,intercept,121501624.0666667,121276325.58261997
rainfall_month_level_ridge,3,17-18,31.622776601683793,block_fe_2,block_fixed_effect,29848125.666666597,29848125.666666597
rainfall_month_level_ridge,3,17-18,31.622776601683793,block_fe_3,block_fixed_effect,-53852375.133333355,-53852375.133333355
rainfall_month_level_ridge,3,17-18,31.622776601683793,block_fe_4,block_fixed_effect,-117549383.9333334,-117549383.9333334
rainfall_month_level_ridge,3,17-18,31.622776601683793,rainfall_sep,weather,88398.93613909348,2103.9891896969502
rainfall_month_level_ridge,3,17-18,31.622776601683793,rainfall_oct,weather,-37369.66288868666,-889.7843132456615
rainfall_month_level_ridge,3,17-18,31.622776601683793,rainfall_nov,weather,70267.86460571573,1484.5134802598316
rainfall_month_level_ridge,3,17-18,31.622776601683793,rainfall_dec,weather,52159.206853815514,1030.5008123997386
rainfall_month_level_ridge,3,17-18,31.622776601683793,rainfall_jan,weather,-19857.568704511443,-308.7833909919728
rainfall_month_level_ridge,3,17-18,31.622776601683793,rainfall_feb,weather,63597.93594932046,1334.6224962285673
rainfall_month_level_ridge,3,17-18,31.622776601683793,rainfall_mar,weather,-2697.4101286032146,-71.54580875519467
rainfall_month_level_ridge,3,17-18,31.622776601683793,rainfall_apr,weather,31119.85565128316,1239.7577190251402
rainfall_month_level_ridge,3,17-18,31.622776601683793,growing_season_average_temperature,weather,-14009.006896103074,-16322.168249029739
rainfall_month_level_ridge,3,18-19,100000000.0,intercept,intercept,120486186.66666667,120486186.67632496
rainfall_month_level_ridge,3,18-19,100000000.0,block_fe_2,block_fixed_effect,32379291.5333333,32379291.5333333
rainfall_month_level_ridge,3,18-19,100000000.0,block_fe_3,block_fixed_effect,-51977266.40000001,-51977266.40000001
rainfall_month_level_ridge,3,18-19,100000000.0,block_fe_4,block_fixed_effect,-116306964.06666669,-116306964.06666669
rainfall_month_level_ridge,3,18-19,100000000.0,rainfall_sep,weather,0.02589364919189069,0.0006151184497265094
rainfall_month_level_ridge,3,18-19,100000000.0,rainfall_oct,weather,-0.011935505267714884,-0.0002853566171412669
rainfall_month_level_ridge,3,18-19,100000000.0,rainfall_nov,weather,0.02536159448809949,0.0005526035723391772
rainfall_month_level_ridge,3,18-19,100000000.0,rainfall_dec,weather,0.017576267846178568,0.0003458609534981596
rainfall_month_level_ridge,3,18-19,100000000.0,rainfall_jan,weather,-0.0023046062046646063,-3.42662512145865e-05
rainfall_month_level_ridge,3,18-19,100000000.0,rainfall_feb,weather,0.01849777958030787,0.0003746943659125379
rainfall_month_level_ridge,3,18-19,100000000.0,rainfall_mar,weather,0.0017244490400782815,4.635892123597848e-05
rainfall_month_level_ridge,3,18-19,100000000.0,rainfall_apr,weather,0.010705522123336524,0.0004056892183863118
rainfall_month_level_ridge,3,18-19,100000000.0,growing_season_average_temperature,weather,-0.008348337296054043,-0.009461618249054391
rainfall_month_level_ridge,3,19-20,177.82794100389228,intercept,intercept,121040551.73333333,121035593.1168067
rainfall_month_level_ridge,3,19-20,177.82794100389228,block_fe_2,block_fixed_effect,31045036.466666624,31045036.466666624
rainfall_month_level_ridge,3,19-20,177.82794100389228,block_fe_3,block_fixed_effect,-52933232.39999999,-52933232.39999999
rainfall_month_level_ridge,3,19-20,177.82794100389228,block_fe_4,block_fixed_effect,-116899226.33333333,-116899226.33333333
rainfall_month_level_ridge,3,19-20,177.82794100389228,rainfall_sep,weather,15145.301627275929,351.17812549597915
rainfall_month_level_ridge,3,19-20,177.82794100389228,rainfall_oct,weather,-7248.938581001621,-186.25285297944976
rainfall_month_level_ridge,3,19-20,177.82794100389228,rainfall_nov,weather,12649.506435823667,269.9704558534245
rainfall_month_level_ridge,3,19-20,177.82794100389228,rainfall_dec,weather,9728.863037773564,200.55485970594506
rainfall_month_level_ridge,3,19-20,177.82794100389228,rainfall_jan,weather,-1933.5821491944853,-29.725517483653817
rainfall_month_level_ridge,3,19-20,177.82794100389228,rainfall_feb,weather,11003.060090121728,230.97414809188757
rainfall_month_level_ridge,3,19-20,177.82794100389228,rainfall_mar,weather,162.39822143832086,4.317016815603639
rainfall_month_level_ridge,3,19-20,177.82794100389228,rainfall_apr,weather,7515.427731206021,279.41901243718155
rainfall_month_level_ridge,3,19-20,177.82794100389228,growing_season_average_temperature,weather,-4083.489222203847,-4603.912570504437
rainfall_month_level_ridge,3,20-21,100000000.0,intercept,intercept,120187579.73333335,120187579.72275718
rainfall_month_level_ridge,3,20-21,100000000.0,block_fe_2,block_fixed_effect,31176108.799999975,31176108.799999975
rainfall_month_level_ridge,3,20-21,100000000.0,block_fe_3,block_fixed_effect,-51581586.86666666,-51581586.86666666
rainfall_month_level_ridge,3,20-21,100000000.0,block_fe_4,block_fixed_effect,-115849656.2,-115849656.2
rainfall_month_level_ridge,3,20-21,100000000.0,rainfall_sep,weather,0.027294593917615795,0.0006301669557020513
rainfall_month_level_ridge,3,20-21,100000000.0,rainfall_oct,weather,-0.010555580712406726,-0.0002713836103306604
rainfall_month_level_ridge,3,20-21,100000000.0,rainfall_nov,weather,0.0216910094734302,0.0004520371304246735
rainfall_month_level_ridge,3,20-21,100000000.0,rainfall_dec,weather,0.017858119715182835,0.0003521553063069815
rainfall_month_level_ridge,3,20-21,100000000.0,rainfall_jan,weather,-0.002424357431649305,-3.602021901824208e-05
rainfall_month_level_ridge,3,20-21,100000000.0,rainfall_feb,weather,0.017413683758680926,0.00040952821124538695
rainfall_month_level_ridge,3,20-21,100000000.0,rainfall_mar,weather,0.002679067096786854,7.421929642644046e-05
rainfall_month_level_ridge,3,20-21,100000000.0,rainfall_apr,weather,0.01621451758546461,0.0006210625235726512
rainfall_month_level_ridge,3,20-21,100000000.0,growing_season_average_temperature,weather,-0.007984166643593324,-0.009019632258769105
rainfall_month_level_ridge,3,21-22,100000000.0,intercept,intercept,121356469.20000003,121356469.12533888
rainfall_month_level_ridge,3,21-22,100000000.0,block_fe_2,block_fixed_effect,30772589.399999946,30772589.399999946
rainfall_month_level_ridge,3,21-22,100000000.0,block_fe_3,block_fixed_effect,-50939252.60000001,-50939252.60000001
rainfall_month_level_ridge,3,21-22,100000000.0,block_fe_4,block_fixed_effect,-116909414.86666669,-116909414.86666669
rainfall_month_level_ridge,3,21-22,100000000.0,rainfall_sep,weather,0.019435163429631547,0.0004654844312150646
rainfall_month_level_ridge,3,21-22,100000000.0,rainfall_oct,weather,-0.021093402059438174,-0.000518895831829244
rainfall_month_level_ridge,3,21-22,100000000.0,rainfall_nov,weather,0.009982763229483242,0.00022833971872956798
rainfall_month_level_ridge,3,21-22,100000000.0,rainfall_dec,weather,0.01509157938014102,0.0002974137056386998
rainfall_month_level_ridge,3,21-22,100000000.0,rainfall_jan,weather,-0.011697846059735059,-0.00018035001828480154
rainfall_month_level_ridge,3,21-22,100000000.0,rainfall_feb,weather,0.011920092003226121,0.0002480467426861646
rainfall_month_level_ridge,3,21-22,100000000.0,rainfall_mar,weather,-0.007237580757446284,-0.0001976032101028702
rainfall_month_level_ridge,3,21-22,100000000.0,rainfall_apr,weather,0.0015648741021865847,6.0368869261359835e-05
rainfall_month_level_ridge,3,21-22,100000000.0,growing_season_average_temperature,weather,0.0014752819962267692,0.0017363558173117033
rainfall_month_level_ridge,3,22-23,100000000.0,intercept,intercept,122420190.86666666,122420190.8587429
rainfall_month_level_ridge,3,22-23,100000000.0,block_fe_2,block_fixed_effect,30270779.66666662,30270779.66666662
rainfall_month_level_ridge,3,22-23,100000000.0,block_fe_3,block_fixed_effect,-54527527.599999994,-54527527.599999994
rainfall_month_level_ridge,3,22-23,100000000.0,block_fe_4,block_fixed_effect,-118128907.4,-118128907.4
rainfall_month_level_ridge,3,22-23,100000000.0,rainfall_sep,weather,0.022952694089900274,0.000544131481257843
rainfall_month_level_ridge,3,22-23,100000000.0,rainfall_oct,weather,-0.005301132883726601,-0.00013618196627331413
rainfall_month_level_ridge,3,22-23,100000000.0,rainfall_nov,weather,0.018125517433621275,0.0003856121745008643
rainfall_month_level_ridge,3,22-23,100000000.0,rainfall_dec,weather,0.014279329104702315,0.0002839966754969433
rainfall_month_level_ridge,3,22-23,100000000.0,rainfall_jan,weather,0.0022302830039550837,3.4113900171838914e-05
rainfall_month_level_ridge,3,22-23,100000000.0,rainfall_feb,weather,0.015306906526798968,0.00031515499144074493
rainfall_month_level_ridge,3,22-23,100000000.0,rainfall_mar,weather,0.0012649216322109045,3.356650349125147e-05
rainfall_month_level_ridge,3,22-23,100000000.0,rainfall_apr,weather,0.00835053589631308,0.0003080059543002887
rainfall_month_level_ridge,3,22-23,100000000.0,growing_season_average_temperature,weather,-0.007004870623613616,-0.007899892333199971
rainfall_month_level_ridge,3,23-24,100000000.0,intercept,intercept,121486673.53333333,121486673.3277739
rainfall_month_level_ridge,3,23-24,100000000.0,block_fe_2,block_fixed_effect,29399869.666666664,29399869.666666664
rainfall_month_level_ridge,3,23-24,100000000.0,block_fe_3,block_fixed_effect,-55537000.19999999,-55537000.19999999
rainfall_month_level_ridge,3,23-24,100000000.0,block_fe_4,block_fixed_effect,-117387382.80000001,-117387382.80000001
rainfall_month_level_ridge,3,23-24,100000000.0,rainfall_sep,weather,0.020675966995851686,0.0004925255559362601
rainfall_month_level_ridge,3,23-24,100000000.0,rainfall_oct,weather,-0.011947537066866772,-0.0002845381057864922
rainfall_month_level_ridge,3,23-24,100000000.0,rainfall_nov,weather,0.028982387331281285,0.0006194554475266314
rainfall_month_level_ridge,3,23-24,100000000.0,rainfall_dec,weather,0.01100892361351149,0.00022240922020862387
rainfall_month_level_ridge,3,23-24,100000000.0,rainfall_jan,weather,-0.004308689573810211,-6.401519206611661e-05
rainfall_month_level_ridge,3,23-24,100000000.0,rainfall_feb,weather,0.01322969080766492,0.00027373207039893245
rainfall_month_level_ridge,3,23-24,100000000.0,rainfall_mar,weather,0.00041718375613464216,1.1060410022058363e-05
rainfall_month_level_ridge,3,23-24,100000000.0,rainfall_apr,weather,0.006585040080520169,0.00024292233616307482
rainfall_month_level_ridge,3,23-24,100000000.0,growing_season_average_temperature,weather,0.0014449733957536638,0.0017159260741185468
rainfall_month_level_ridge,3,24-25,1.7782794100389228,intercept,intercept,120109084.6666667,136829932.75609624
rainfall_month_level_ridge,3,24-25,1.7782794100389228,block_fe_2,block_fixed_effect,31734699.79999993,31734699.79999993
rainfall_month_level_ridge,3,24-25,1.7782794100389228,block_fe_3,block_fixed_effect,-51888287.33333336,-51888287.33333336
rainfall_month_level_ridge,3,24-25,1.7782794100389228,block_fe_4,block_fixed_effect,-115850361.66666672,-115850361.66666672
rainfall_month_level_ridge,3,24-25,1.7782794100389228,rainfall_sep,weather,661162.9613891005,15420.319302595884
rainfall_month_level_ridge,3,24-25,1.7782794100389228,rainfall_oct,weather,-615406.245936746,-15859.568768317054
rainfall_month_level_ridge,3,24-25,1.7782794100389228,rainfall_nov,weather,773507.4990802425,16495.581824613997
rainfall_month_level_ridge,3,24-25,1.7782794100389228,rainfall_dec,weather,564675.7758964442,12659.73453869396
rainfall_month_level_ridge,3,24-25,1.7782794100389228,rainfall_jan,weather,-288374.80616920895,-4459.709947713729
rainfall_month_level_ridge,3,24-25,1.7782794100389228,rainfall_feb,weather,491624.0565874927,10160.324433902313
rainfall_month_level_ridge,3,24-25,1.7782794100389228,rainfall_mar,weather,-332438.7206964245,-8839.319520964855
rainfall_month_level_ridge,3,24-25,1.7782794100389228,rainfall_apr,weather,572253.8483371006,20864.93632262694
rainfall_month_level_ridge,3,24-25,1.7782794100389228,growing_season_average_temperature,weather,-560684.8880464607,-886766.7551741322
rainfall_month_level_ridge,3,25-26,100000000.0,intercept,intercept,121844987.79999998,121844987.81895368
rainfall_month_level_ridge,3,25-26,100000000.0,block_fe_2,block_fixed_effect,29308584.13333328,29308584.13333328
rainfall_month_level_ridge,3,25-26,100000000.0,block_fe_3,block_fixed_effect,-53765090.73333332,-53765090.73333332
rainfall_month_level_ridge,3,25-26,100000000.0,block_fe_4,block_fixed_effect,-117656629.93333334,-117656629.93333334
rainfall_month_level_ridge,3,25-26,100000000.0,rainfall_sep,weather,0.02806721747399506,0.0006737478609304275
rainfall_month_level_ridge,3,25-26,100000000.0,rainfall_oct,weather,-0.012608825007117167,-0.00030020484376675144
rainfall_month_level_ridge,3,25-26,100000000.0,rainfall_nov,weather,0.022746882393114325,0.0004905781218204698
rainfall_month_level_ridge,3,25-26,100000000.0,rainfall_dec,weather,0.01723775274270584,0.0003391311169445448
rainfall_month_level_ridge,3,25-26,100000000.0,rainfall_jan,weather,-0.0030915008843944345,-4.901805487339912e-05
rainfall_month_level_ridge,3,25-26,100000000.0,rainfall_feb,weather,0.01990218424226209,0.00042779173742267084
rainfall_month_level_ridge,3,25-26,100000000.0,rainfall_mar,weather,0.0003251922952923092,9.94088216256256e-06
rainfall_month_level_ridge,3,25-26,100000000.0,rainfall_apr,weather,0.012667841751409418,0.0004559819855416818
rainfall_month_level_ridge,3,25-26,100000000.0,growing_season_average_temperature,weather,-0.008007929832395195,-0.009748304882155598
rainfall_month_level_ridge,4,10-11,100000000.0,intercept,intercept,174835635.73333338,174835635.69139278
rainfall_month_level_ridge,4,10-11,100000000.0,block_fe_2,block_fixed_effect,-16702972.933333337,-16702972.933333337
rainfall_month_level_ridge,4,10-11,100000000.0,block_fe_3,block_fixed_effect,-163267133.2,-163267133.2
rainfall_month_level_ridge,4,10-11,100000000.0,rainfall_sep,weather,0.036860739380813794,0.001014898873215516
rainfall_month_level_ridge,4,10-11,100000000.0,rainfall_oct,weather,-0.018724142306669286,-0.0004525967772787286
rainfall_month_level_ridge,4,10-11,100000000.0,rainfall_nov,weather,0.027683933122622448,0.0006001998202855458
rainfall_month_level_ridge,4,10-11,100000000.0,rainfall_dec,weather,0.022036861433851713,0.0005657318015819295
rainfall_month_level_ridge,4,10-11,100000000.0,rainfall_jan,weather,-0.007579108883299629,-0.00012016443864309568
rainfall_month_level_ridge,4,10-11,100000000.0,rainfall_feb,weather,0.025487422657097147,0.0005162694332127947
rainfall_month_level_ridge,4,10-11,100000000.0,rainfall_mar,weather,-9.56623123162688e-06,-2.540109845575345e-07
rainfall_month_level_ridge,4,10-11,100000000.0,rainfall_apr,weather,0.01580760740629757,0.000573346124270189
rainfall_month_level_ridge,4,10-11,100000000.0,growing_season_average_temperature,weather,-0.007912648837001575,-0.00920334369824055
rainfall_month_level_ridge,4,11-12,3.1622776601683795,intercept,intercept,176667135.19999996,174284905.76995373
rainfall_month_level_ridge,4,11-12,3.1622776601683795,block_fe_2,block_fixed_effect,-17290039.3333333,-17290039.3333333
rainfall_month_level_ridge,4,11-12,3.1622776601683795,block_fe_3,block_fixed_effect,-164690759.0666666,-164690759.0666666
rainfall_month_level_ridge,4,11-12,3.1622776601683795,rainfall_sep,weather,753868.1034102648,17654.166137808123
rainfall_month_level_ridge,4,11-12,3.1622776601683795,rainfall_oct,weather,-380279.7753839035,-9079.935309436441
rainfall_month_level_ridge,4,11-12,3.1622776601683795,rainfall_nov,weather,308351.6204659706,6598.585737363443
rainfall_month_level_ridge,4,11-12,3.1622776601683795,rainfall_dec,weather,358407.6066744361,7082.595814821608
rainfall_month_level_ridge,4,11-12,3.1622776601683795,rainfall_jan,weather,71370.75119572673,1144.0185385075035
rainfall_month_level_ridge,4,11-12,3.1622776601683795,rainfall_feb,weather,730487.3187064454,15616.404768942411
rainfall_month_level_ridge,4,11-12,3.1622776601683795,rainfall_mar,weather,422015.21813030256,13730.500897230546
rainfall_month_level_ridge,4,11-12,3.1622776601683795,rainfall_apr,weather,626296.9931060283,22978.821531657875
rainfall_month_level_ridge,4,11-12,3.1622776601683795,growing_season_average_temperature,weather,-184166.42209521576,-214456.14648140382
rainfall_month_level_ridge,4,12-13,100000000.0,intercept,intercept,179104865.79999998,179104865.88776648
rainfall_month_level_ridge,4,12-13,100000000.0,block_fe_2,block_fixed_effect,-22945262.5333333,-22945262.5333333
rainfall_month_level_ridge,4,12-13,100000000.0,block_fe_3,block_fixed_effect,-168156829.9333333,-168156829.9333333
rainfall_month_level_ridge,4,12-13,100000000.0,rainfall_sep,weather,0.03371104252866431,0.0008190715613426782
rainfall_month_level_ridge,4,12-13,100000000.0,rainfall_oct,weather,-0.014117496240220987,-0.00034636856197361326
rainfall_month_level_ridge,4,12-13,100000000.0,rainfall_nov,weather,0.028125659285201075,0.0005884958052163047
rainfall_month_level_ridge,4,12-13,100000000.0,rainfall_dec,weather,0.021662258629464217,0.0004285026309792974
rainfall_month_level_ridge,4,12-13,100000000.0,rainfall_jan,weather,-0.001701581933338703,-2.5581174820075626e-05
rainfall_month_level_ridge,4,12-13,100000000.0,rainfall_feb,weather,0.022140224912520698,0.00047233839457882186
rainfall_month_level_ridge,4,12-13,100000000.0,rainfall_mar,weather,-0.005167726989102516,-0.00014994268959730092
rainfall_month_level_ridge,4,12-13,100000000.0,rainfall_apr,weather,0.022346133415487586,0.0008512129301874445
rainfall_month_level_ridge,4,12-13,100000000.0,growing_season_average_temperature,weather,-0.012747021073771991,-0.014652004658274752
rainfall_month_level_ridge,4,13-14,100000000.0,intercept,intercept,176603085.93333334,176603085.90187168
rainfall_month_level_ridge,4,13-14,100000000.0,block_fe_2,block_fixed_effect,-20305562.73333332,-20305562.73333332
rainfall_month_level_ridge,4,13-14,100000000.0,block_fe_3,block_fixed_effect,-165834358.86666667,-165834358.86666667
rainfall_month_level_ridge,4,13-14,100000000.0,rainfall_sep,weather,0.03563298034841208,0.0008224206807327483
rainfall_month_level_ridge,4,13-14,100000000.0,rainfall_oct,weather,-0.010684481864817465,-0.00026829551114478746
rainfall_month_level_ridge,4,13-14,100000000.0,rainfall_nov,weather,0.03205676353552222,0.0006728644361767607
rainfall_month_level_ridge,4,13-14,100000000.0,rainfall_dec,weather,0.017921246148424667,0.0003660762689862635
rainfall_month_level_ridge,4,13-14,100000000.0,rainfall_jan,weather,-0.004286842873595516,-6.362261445919809e-05
rainfall_month_level_ridge,4,13-14,100000000.0,rainfall_feb,weather,0.023172917318569054,0.00047116032508161574
rainfall_month_level_ridge,4,13-14,100000000.0,rainfall_mar,weather,-0.0033677163403099757,-9.080167104059851e-05
rainfall_month_level_ridge,4,13-14,100000000.0,rainfall_apr,weather,0.011840060756686206,0.000441016194753403
rainfall_month_level_ridge,4,13-14,100000000.0,growing_season_average_temperature,weather,-0.007748647743323507,-0.008788538778127518
rainfall_month_level_ridge,4,14-15,100000000.0,intercept,intercept,176060429.33333334,176060429.34840336
rainfall_month_level_ridge,4,14-15,100000000.0,block_fe_2,block_fixed_effect,-17867173.39999993,-17867173.39999993
rainfall_month_level_ridge,4,14-15,100000000.0,block_fe_3,block_fixed_effect,-164517564.0666666,-164517564.0666666
rainfall_month_level_ridge,4,14-15,100000000.0,rainfall_sep,weather,0.036724296931208114,0.000849952105157099
rainfall_month_level_ridge,4,14-15,100000000.0,rainfall_oct,weather,-0.017223899734921135,-0.0004106604754309276
rainfall_month_level_ridge,4,14-15,100000000.0,rainfall_nov,weather,0.028504703292071325,0.0005988950102075753
rainfall_month_level_ridge,4,14-15,100000000.0,rainfall_dec,weather,0.021779669860875466,0.0004450539480811943
rainfall_month_level_ridge,4,14-15,100000000.0,rainfall_jan,weather,-0.00687248649102952,-0.00010933761733248622
rainfall_month_level_ridge,4,14-15,100000000.0,rainfall_feb,weather,0.024031832629794123,0.0005000409638439673
rainfall_month_level_ridge,4,14-15,100000000.0,rainfall_mar,weather,0.0001387525921287966,3.6834504540098413e-06
rainfall_month_level_ridge,4,14-15,100000000.0,rainfall_apr,weather,0.016945920765331062,0.0006097400084377713
rainfall_month_level_ridge,4,14-15,100000000.0,growing_season_average_temperature,weather,-0.009915617485281775,-0.011179961814169226
rainfall_month_level_ridge,4,15-16,100000000.0,intercept,intercept,176863732.59999996,176863732.59515855
rainfall_month_level_ridge,4,15-16,100000000.0,block_fe_2,block_fixed_effect,-19569822.599999934,-19569822.599999934
rainfall_month_level_ridge,4,15-16,100000000.0,block_fe_3,block_fixed_effect,-167313864.93333325,-167313864.93333325
rainfall_month_level_ridge,4,15-16,100000000.0,rainfall_sep,weather,0.03368263943808073,0.000783819330785727
rainfall_month_level_ridge,4,15-16,100000000.0,rainfall_oct,weather,-0.008156543126387625,-0.0002197746810026972
rainfall_month_level_ridge,4,15-16,100000000.0,rainfall_nov,weather,0.026619056315569784,0.0005599407482352376
rainfall_month_level_ridge,4,15-16,100000000.0,rainfall_dec,weather,0.023173198508427792,0.00045559594089084976
rainfall_month_level_ridge,4,15-16,100000000.0,rainfall_jan,weather,0.0016176127360289087,2.4850780534787195e-05
rainfall_month_level_ridge,4,15-16,100000000.0,rainfall_feb,weather,0.02219147119878928,0.00045452817520699843
rainfall_month_level_ridge,4,15-16,100000000.0,rainfall_mar,weather,-0.004821910269878347,-0.0001321210987630385
rainfall_month_level_ridge,4,15-16,100000000.0,rainfall_apr,weather,0.01972685067573918,0.0007159171312326808
rainfall_month_level_ridge,4,15-16,100000000.0,growing_season_average_temperature,weather,-0.00986272888276511,-0.011119918016906843
rainfall_month_level_ridge,4,16-17,100000000.0,intercept,intercept,175172805.73333332,175172805.7825946
rainfall_month_level_ridge,4,16-17,100000000.0,block_fe_2,block_fixed_effect,-17547764.999999985,-17547764.999999985
rainfall_month_level_ridge,4,16-17,100000000.0,block_fe_3,block_fixed_effect,-164107609.13333333,-164107609.13333333
rainfall_month_level_ridge,4,16-17,100000000.0,rainfall_sep,weather,0.031056858440601152,0.0008057894895575448
rainfall_month_level_ridge,4,16-17,100000000.0,rainfall_oct,weather,-0.015375380321114053,-0.00036726719620007486
rainfall_month_level_ridge,4,16-17,100000000.0,rainfall_nov,weather,0.022737163509604936,0.0005822585308585287
rainfall_month_level_ridge,4,16-17,100000000.0,rainfall_dec,weather,0.01900167445144533,0.0003854237666932382
rainfall_month_level_ridge,4,16-17,100000000.0,rainfall_jan,weather,-0.008945601574427036,-0.00013760779887193362
rainfall_month_level_ridge,4,16-17,100000000.0,rainfall_feb,weather,0.02053911702331513,0.00043522607561019956
rainfall_month_level_ridge,4,16-17,100000000.0,rainfall_mar,weather,-0.0028648459293644023,-7.722444903747962e-05
rainfall_month_level_ridge,4,16-17,100000000.0,rainfall_apr,weather,0.024026361871035802,0.0009122905766095833
rainfall_month_level_ridge,4,16-17,100000000.0,growing_season_average_temperature,weather,-0.010206888378126368,-0.011508475727305243
rainfall_month_level_ridge,4,17-18,31.622776601683793,intercept,intercept,175653692.4,175353294.42127103
rainfall_month_level_ridge,4,17-18,31.622776601683793,block_fe_2,block_fixed_effect,-17836318.133333325,-17836318.133333325
rainfall_month_level_ridge,4,17-18,31.622776601683793,block_fe_3,block_fixed_effect,-164671896.2,-164671896.2
rainfall_month_level_ridge,4,17-18,31.622776601683793,rainfall_sep,weather,117865.24818545798,2805.318919595934
rainfall_month_level_ridge,4,17-18,31.622776601683793,rainfall_oct,weather,-49826.21718491552,-1186.379084327548
rainfall_month_level_ridge,4,17-18,31.622776601683793,rainfall_nov,weather,93690.48614095432,1979.3513070131091
rainfall_month_level_ridge,4,17-18,31.622776601683793,rainfall_dec,weather,69545.60913842065,1374.001083199651
rainfall_month_level_ridge,4,17-18,31.622776601683793,rainfall_jan,weather,-26476.75827268193,-411.7111879892972
rainfall_month_level_ridge,4,17-18,31.622776601683793,rainfall_feb,weather,84797.2479324273,1779.4966616380902
rainfall_month_level_ridge,4,17-18,31.622776601683793,rainfall_mar,weather,-3596.5468381376236,-95.39441167359301
rainfall_month_level_ridge,4,17-18,31.622776601683793,rainfall_apr,weather,41493.14086837753,1653.0102920335194
rainfall_month_level_ridge,4,17-18,31.622776601683793,growing_season_average_temperature,weather,-18678.67586147075,-21762.8909987063
rainfall_month_level_ridge,4,18-19,100000000.0,intercept,intercept,174953766.13333333,174953766.14621106
rainfall_month_level_ridge,4,18-19,100000000.0,block_fe_2,block_fixed_effect,-15171613.466666594,-15171613.466666594
rainfall_month_level_ridge,4,18-19,100000000.0,block_fe_3,block_fixed_effect,-163649877.19999993,-163649877.19999993
rainfall_month_level_ridge,4,18-19,100000000.0,rainfall_sep,weather,0.034524865589187576,0.000820157932968679
rainfall_month_level_ridge,4,18-19,100000000.0,rainfall_oct,weather,-0.015914007023619836,-0.000380475489521689
rainfall_month_level_ridge,4,18-19,100000000.0,rainfall_nov,weather,0.03381545931746599,0.000736804763118903
rainfall_month_level_ridge,4,18-19,100000000.0,rainfall_dec,weather,0.02343502379490476,0.00046114793799754614
rainfall_month_level_ridge,4,18-19,100000000.0,rainfall_jan,weather,-0.0030728082728861427,-4.5688334952782016e-05
rainfall_month_level_ridge,4,18-19,100000000.0,rainfall_feb,weather,0.024663706107077153,0.0004995924878833837
rainfall_month_level_ridge,4,18-19,100000000.0,rainfall_mar,weather,0.002299265386771044,6.181189498130469e-05
rainfall_month_level_ridge,4,18-19,100000000.0,rainfall_apr,weather,0.014274029497782038,0.000540918957848416
rainfall_month_level_ridge,4,18-19,100000000.0,growing_season_average_temperature,weather,-0.011131116394738723,-0.012615490998739187
rainfall_month_level_ridge,4,19-20,177.82794100389228,intercept,intercept,175617770.46666667,175611158.9779645
rainfall_month_level_ridge,4,19-20,177.82794100389228,block_fe_2,block_fixed_effect,-17499685.399999946,-17499685.399999946
rainfall_month_level_ridge,4,19-20,177.82794100389228,block_fe_3,block_fixed_effect,-163978841.3333333,-163978841.3333333
rainfall_month_level_ridge,4,19-20,177.82794100389228,rainfall_sep,weather,20193.735503034575,468.2375006613056
rainfall_month_level_ridge,4,19-20,177.82794100389228,rainfall_oct,weather,-9665.2514413355,-248.33713730593314
rainfall_month_level_ridge,4,19-20,177.82794100389228,rainfall_nov,weather,16866.008581098227,359.96060780456605
rainfall_month_level_ridge,4,19-20,177.82794100389228,rainfall_dec,weather,12971.81738369809,267.4064796079268
rainfall_month_level_ridge,4,19-20,177.82794100389228,rainfall_jan,weather,-2578.1095322593137,-39.63402331153842
rainfall_month_level_ridge,4,19-20,177.82794100389228,rainfall_feb,weather,14670.746786828973,307.9655307891835
rainfall_month_level_ridge,4,19-20,177.82794100389228,rainfall_mar,weather,216.5309619177624,5.756022420804885
rainfall_month_level_ridge,4,19-20,177.82794100389228,rainfall_apr,weather,10020.5703082747,372.5586832495756
rainfall_month_level_ridge,4,19-20,177.82794100389228,growing_season_average_temperature,weather,-5444.652296271794,-6138.550094005913
rainfall_month_level_ridge,4,20-21,100000000.0,intercept,intercept,174419989.3333334,174419989.31923184
rainfall_month_level_ridge,4,20-21,100000000.0,block_fe_2,block_fixed_effect,-16223260.533333331,-16223260.533333331
rainfall_month_level_ridge,4,20-21,100000000.0,block_fe_3,block_fixed_effect,-162541522.8,-162541522.8
rainfall_month_level_ridge,4,20-21,100000000.0,rainfall_sep,weather,0.03639279189015438,0.0008402226076027348
rainfall_month_level_ridge,4,20-21,100000000.0,rainfall_oct,weather,-0.0140741076165423,-0.00036184481377421387
rainfall_month_level_ridge,4,20-21,100000000.0,rainfall_nov,weather,0.028921345964573592,0.0006027161738995646
rainfall_month_level_ridge,4,20-21,100000000.0,rainfall_dec,weather,0.02381082628691045,0.0004695404084093087
rainfall_month_level_ridge,4,20-21,100000000.0,rainfall_jan,weather,-0.003232476575532404,-4.80269586909894e-05
rainfall_month_level_ridge,4,20-21,100000000.0,rainfall_feb,weather,0.02321824501157457,0.0005460376149938492
rainfall_month_level_ridge,4,20-21,100000000.0,rainfall_mar,weather,0.003572089462382476,9.895906190192072e-05
rainfall_month_level_ridge,4,20-21,100000000.0,rainfall_apr,weather,0.021619356780619475,0.0008280833647635348
rainfall_month_level_ridge,4,20-21,100000000.0,growing_season_average_temperature,weather,-0.010645555524791104,-0.012026176345025478
rainfall_month_level_ridge,4,21-22,100000000.0,intercept,intercept,175838730.53333333,175838730.43378514
rainfall_month_level_ridge,4,21-22,100000000.0,block_fe_2,block_fixed_effect,-15343682.133333296,-15343682.133333296
rainfall_month_level_ridge,4,21-22,100000000.0,block_fe_3,block_fixed_effect,-163822710.73333326,-163822710.73333326
rainfall_month_level_ridge,4,21-22,100000000.0,rainfall_sep,weather,0.02591355123950873,0.0006206459082867527
rainfall_month_level_ridge,4,21-22,100000000.0,rainfall_oct,weather,-0.028124536079250893,-0.0006918611091056584
rainfall_month_level_ridge,4,21-22,100000000.0,rainfall_nov,weather,0.013310350972644328,0.00030445295830609076
rainfall_month_level_ridge,4,21-22,100000000.0,rainfall_dec,weather,0.020122105840188014,0.0003965516075182662
rainfall_month_level_ridge,4,21-22,100000000.0,rainfall_jan,weather,-0.015597128079646742,-0.000240466691046402
rainfall_month_level_ridge,4,21-22,100000000.0,rainfall_feb,weather,0.015893456004301493,0.00033072899024821944
rainfall_month_level_ridge,4,21-22,100000000.0,rainfall_mar,weather,-0.009650107676595049,-0.00026347094680382704
rainfall_month_level_ridge,4,21-22,100000000.0,rainfall_apr,weather,0.002086498802915445,8.049182568181307e-05
rainfall_month_level_ridge,4,21-22,100000000.0,growing_season_average_temperature,weather,0.001967042661635694,0.0023151410897489398
rainfall_month_level_ridge,4,22-23,100000000.0,intercept,intercept,176796348.93333334,176796348.92276832
rainfall_month_level_ridge,4,22-23,100000000.0,block_fe_2,block_fixed_effect,-17968899.933333248,-17968899.933333248
rainfall_month_level_ridge,4,22-23,100000000.0,block_fe_3,block_fixed_effect,-165125038.73333326,-165125038.73333326
rainfall_month_level_ridge,4,22-23,100000000.0,rainfall_sep,weather,0.030603592119867025,0.0007255086416771238
rainfall_month_level_ridge,4,22-23,100000000.0,rainfall_oct,weather,-0.007068177178302135,-0.00018157595503108553
rainfall_month_level_ridge,4,22-23,100000000.0,rainfall_nov,weather,0.024167356578161703,0.0005141495660011525
rainfall_month_level_ridge,4,22-23,100000000.0,rainfall_dec,weather,0.019039105472936423,0.0003786622339959244
rainfall_month_level_ridge,4,22-23,100000000.0,rainfall_jan,weather,0.0029737106719401074,4.5485200229118485e-05
rainfall_month_level_ridge,4,22-23,100000000.0,rainfall_feb,weather,0.020409208702398627,0.00042020665525432666
rainfall_month_level_ridge,4,22-23,100000000.0,rainfall_mar,weather,0.0016865621762812049,4.4755337988335264e-05
rainfall_month_level_ridge,4,22-23,100000000.0,rainfall_apr,weather,0.011134047861750769,0.0004106746057337181
rainfall_month_level_ridge,4,22-23,100000000.0,growing_season_average_temperature,weather,-0.009339827498151482,-0.010533189777599955
rainfall_month_level_ridge,4,23-24,100000000.0,intercept,intercept,175602042.0666667,175602041.79258746
rainfall_month_level_ridge,4,23-24,100000000.0,block_fe_2,block_fixed_effect,-19332205.333333284,-19332205.333333284
rainfall_month_level_ridge,4,23-24,100000000.0,block_fe_3,block_fixed_effect,-165051740.0666666,-165051740.0666666
rainfall_month_level_ridge,4,23-24,100000000.0,rainfall_sep,weather,0.02756795599446892,0.0006567007412483469
rainfall_month_level_ridge,4,23-24,100000000.0,rainfall_oct,weather,-0.015930049422489028,-0.00037938414104865623
rainfall_month_level_ridge,4,23-24,100000000.0,rainfall_nov,weather,0.03864318310837506,0.0008259405967021754
rainfall_month_level_ridge,4,23-24,100000000.0,rainfall_dec,weather,0.01467856481801532,0.0002965456269448318
rainfall_month_level_ridge,4,23-24,100000000.0,rainfall_jan,weather,-0.005744919431746947,-8.53535894214888e-05
rainfall_month_level_ridge,4,23-24,100000000.0,rainfall_feb,weather,0.017639587743553224,0.00036497609386524325
rainfall_month_level_ridge,4,23-24,100000000.0,rainfall_mar,weather,0.0005562450081795137,1.4747213362744242e-05
rainfall_month_level_ridge,4,23-24,100000000.0,rainfall_apr,weather,0.008780053440693552,0.0003238964482174329
rainfall_month_level_ridge,4,23-24,100000000.0,growing_season_average_temperature,weather,0.001926631194338217,0.002287901432158061
rainfall_month_level_ridge,4,24-25,1.7782794100389228,intercept,intercept,174516844.8,196811308.91923943
rainfall_month_level_ridge,4,24-25,1.7782794100389228,block_fe_2,block_fixed_effect,-16152054.533333316,-16152054.533333316
rainfall_month_level_ridge,4,24-25,1.7782794100389228,block_fe_3,block_fixed_effect,-162966090.4,-162966090.4
rainfall_month_level_ridge,4,24-25,1.7782794100389228,rainfall_sep,weather,881550.6151854675,20560.425736794517
rainfall_month_level_ridge,4,24-25,1.7782794100389228,rainfall_oct,weather,-820541.6612489944,-21146.091691089398
rainfall_month_level_ridge,4,24-25,1.7782794100389228,rainfall_nov,weather,1031343.332106989,21994.10909948531
rainfall_month_level_ridge,4,24-25,1.7782794100389228,rainfall_dec,weather,752901.0345285927,16879.646051591957
rainfall_month_level_ridge,4,24-25,1.7782794100389228,rainfall_jan,weather,-384499.7415589455,-5946.279930284975
rainfall_month_level_ridge,4,24-25,1.7782794100389228,rainfall_feb,weather,655498.742116657,13547.099245203084
rainfall_month_level_ridge,4,24-25,1.7782794100389228,rainfall_mar,weather,-443251.62759523327,-11785.75936128649
rainfall_month_level_ridge,4,24-25,1.7782794100389228,rainfall_apr,weather,763005.1311161336,27819.915096835906
rainfall_month_level_ridge,4,24-25,1.7782794100389228,growing_season_average_temperature,weather,-747579.8507286143,-1182355.6735655095
rainfall_month_level_ridge,4,25-26,100000000.0,intercept,intercept,176117515.0,176117515.0252716
rainfall_month_level_ridge,4,25-26,100000000.0,block_fe_2,block_fixed_effect,-18456908.99999997,-18456908.99999997
rainfall_month_level_ridge,4,25-26,100000000.0,block_fe_3,block_fixed_effect,-164628821.33333325,-164628821.33333325
rainfall_month_level_ridge,4,25-26,100000000.0,rainfall_sep,weather,0.037422956631993395,0.0008983304812405696
rainfall_month_level_ridge,4,25-26,100000000.0,rainfall_oct,weather,-0.016811766676156217,-0.0004002731250223351
rainfall_month_level_ridge,4,25-26,100000000.0,rainfall_nov,weather,0.030329176524152426,0.0006541041624272928
rainfall_month_level_ridge,4,25-26,100000000.0,rainfall_dec,weather,0.022983670323607784,0.00045217482259272637
rainfall_month_level_ridge,4,25-26,100000000.0,rainfall_jan,weather,-0.004122001179192579,-6.53574064978655e-05
rainfall_month_level_ridge,4,25-26,100000000.0,rainfall_feb,weather,0.026536245656349447,0.0005703889832302277
rainfall_month_level_ridge,4,25-26,100000000.0,rainfall_mar,weather,0.00043358972705641373,1.325450955008346e-05
rainfall_month_level_ridge,4,25-26,100000000.0,rainfall_apr,weather,0.016890455668545898,0.0006079759807222426
rainfall_month_level_ridge,4,25-26,100000000.0,growing_season_average_temperature,weather,-0.010677239776526922,-0.012997739842874124
rainfall_month_level_ridge,5,10-11,100000000.0,intercept,intercept,227418894.19999996,227418894.13093346
rainfall_month_level_ridge,5,10-11,100000000.0,block_fe_2,block_fixed_effect,-114177065.4,-114177065.4
rainfall_month_level_ridge,5,10-11,100000000.0,rainfall_sep,weather,0.04987274914016188,0.001373162821927988
rainfall_month_level_ridge,5,10-11,100000000.0,rainfall_oct,weather,-0.023303217428682157,-0.0005632814008623701
rainfall_month_level_ridge,5,10-11,100000000.0,rainfall_nov,weather,0.0334786024059341,0.0007258307935671473
rainfall_month_level_ridge,5,10-11,100000000.0,rainfall_dec,weather,0.030479983749837906,0.000782484210410077
rainfall_month_level_ridge,5,10-11,100000000.0,rainfall_jan,weather,-0.010209696235246736,-0.0001618715914648313
rainfall_month_level_ridge,5,10-11,100000000.0,rainfall_feb,weather,0.03552827143976811,0.0007196553690818913
rainfall_month_level_ridge,5,10-11,100000000.0,rainfall_mar,weather,-0.004711725010583375,-0.00012510986614517618
rainfall_month_level_ridge,5,10-11,100000000.0,rainfall_apr,weather,0.02340039232429891,0.0008487384523602016
rainfall_month_level_ridge,5,10-11,100000000.0,growing_season_average_temperature,weather,-0.009880192952282079,-0.0114918295273727
rainfall_month_level_ridge,5,11-12,3.1622776601683795,intercept,intercept,229445440.73333326,225880275.76002854
rainfall_month_level_ridge,5,11-12,3.1622776601683795,block_fe_2,block_fixed_effect,-114807670.99999997,-114807670.99999997
rainfall_month_level_ridge,5,11-12,3.1622776601683795,rainfall_sep,weather,1094396.9030043776,25628.70700980886
rainfall_month_level_ridge,5,11-12,3.1622776601683795,rainfall_oct,weather,-442686.5876804566,-10570.021964580788
rainfall_month_level_ridge,5,11-12,3.1622776601683795,rainfall_nov,weather,339420.00922831596,7263.435257726834
rainfall_month_level_ridge,5,11-12,3.1622776601683795,rainfall_dec,weather,575464.8299406113,11371.926042341758
rainfall_month_level_ridge,5,11-12,3.1622776601683795,rainfall_jan,weather,138851.01790794125,2225.6755872121616
rainfall_month_level_ridge,5,11-12,3.1622776601683795,rainfall_feb,weather,1028672.0139704962,21991.01631646807
rainfall_month_level_ridge,5,11-12,3.1622776601683795,rainfall_mar,weather,438396.4005592818,14263.471819547734
rainfall_month_level_ridge,5,11-12,3.1622776601683795,rainfall_apr,weather,904397.1508748293,33182.309595049104
rainfall_month_level_ridge,5,11-12,3.1622776601683795,growing_season_average_temperature,weather,-245313.96548396294,-285660.5841458081
rainfall_month_level_ridge,5,12-13,100000000.0,intercept,intercept,231380654.0666666,231380654.1720742
rainfall_month_level_ridge,5,12-13,100000000.0,block_fe_2,block_fixed_effect,-120416341.93333331,-120416341.93333331
rainfall_month_level_ridge,5,12-13,100000000.0,rainfall_sep,weather,0.0488981088540736,0.0011880691714519097
rainfall_month_level_ridge,5,12-13,100000000.0,rainfall_oct,weather,-0.016527532664848923,-0.00040549808724482666
rainfall_month_level_ridge,5,12-13,100000000.0,rainfall_nov,weather,0.035716392410914934,0.0007473228235521744
rainfall_month_level_ridge,5,12-13,100000000.0,rainfall_dec,weather,0.033149189194437025,0.0006557263961998079
rainfall_month_level_ridge,5,12-13,100000000.0,rainfall_jan,weather,-0.0007463701335835282,-1.1220749641024153e-05
rainfall_month_level_ridge,5,12-13,100000000.0,rainfall_feb,weather,0.03132435156990577,0.0006682720699636911
rainfall_month_level_ridge,5,12-13,100000000.0,rainfall_mar,weather,-0.01118888519207542,-0.00032464786604111367
rainfall_month_level_ridge,5,12-13,100000000.0,rainfall_apr,weather,0.03250185585749654,0.0012380665346701514
rainfall_month_level_ridge,5,12-13,100000000.0,growing_season_average_temperature,weather,-0.017371494102228154,-0.01996758387971518
rainfall_month_level_ridge,5,13-14,100000000.0,intercept,intercept,228799553.53333324,228799553.47750545
rainfall_month_level_ridge,5,13-14,100000000.0,block_fe_2,block_fixed_effect,-117679825.39999995,-117679825.39999995
rainfall_month_level_ridge,5,13-14,100000000.0,rainfall_sep,weather,0.050800374718340535,0.0011724890354055985
rainfall_month_level_ridge,5,13-14,100000000.0,rainfall_oct,weather,-0.01008948435900839,-0.00025335466871829825
rainfall_month_level_ridge,5,13-14,100000000.0,rainfall_nov,weather,0.04139657924665748,0.0008689051196195569
rainfall_month_level_ridge,5,13-14,100000000.0,rainfall_dec,weather,0.026897294295444428,0.0005494294905584643
rainfall_month_level_ridge,5,13-14,100000000.0,rainfall_jan,weather,-0.004133699104370422,-6.134975135841819e-05
rainfall_month_level_ridge,5,13-14,100000000.0,rainfall_feb,weather,0.03180752539702614,0.0006467223699147954
rainfall_month_level_ridge,5,13-14,100000000.0,rainfall_mar,weather,-0.00980616910928226,-0.0002643977258332778
rainfall_month_level_ridge,5,13-14,100000000.0,rainfall_apr,weather,0.017635143388873117,0.0006568702636850477
rainfall_month_level_ridge,5,13-14,100000000.0,growing_season_average_temperature,weather,-0.01044234597042187,-0.011843739131740874
rainfall_month_level_ridge,5,14-15,100000000.0,intercept,intercept,228465679.93333325,228465679.94182765
rainfall_month_level_ridge,5,14-15,100000000.0,block_fe_2,block_fixed_effect,-114970524.46666667,-114970524.46666667
rainfall_month_level_ridge,5,14-15,100000000.0,rainfall_sep,weather,0.05224188045347726,0.00120909316118357
rainfall_month_level_ridge,5,14-15,100000000.0,rainfall_oct,weather,-0.020368989288518734,-0.00048564720847226156
rainfall_month_level_ridge,5,14-15,100000000.0,rainfall_nov,weather,0.03629566175623385,0.000762586107115757
rainfall_month_level_ridge,5,14-15,100000000.0,rainfall_dec,weather,0.03372820373389121,0.0006892147736555166
rainfall_month_level_ridge,5,14-15,100000000.0,rainfall_jan,weather,-0.006775849343056734,-0.00010780017153045475
rainfall_month_level_ridge,5,14-15,100000000.0,rainfall_feb,weather,0.03376804225640049,0.0007026265810490115
rainfall_month_level_ridge,5,14-15,100000000.0,rainfall_mar,weather,-0.004155260615831442,-0.00011030926606189871
rainfall_month_level_ridge,5,14-15,100000000.0,rainfall_apr,weather,0.025527350401374164,0.0009185129014040768
rainfall_month_level_ridge,5,14-15,100000000.0,growing_season_average_temperature,weather,-0.013836097026629983,-0.015600343260969166
rainfall_month_level_ridge,5,15-16,100000000.0,intercept,intercept,229137967.5999999,229137967.5983615
rainfall_month_level_ridge,5,15-16,100000000.0,block_fe_2,block_fixed_effect,-117584221.9333333,-117584221.9333333
rainfall_month_level_ridge,5,15-16,100000000.0,rainfall_sep,weather,0.04965846571917243,0.0011555883391917929
rainfall_month_level_ridge,5,15-16,100000000.0,rainfall_oct,weather,-0.01347711889072327,-0.00036313539438807726
rainfall_month_level_ridge,5,15-16,100000000.0,rainfall_nov,weather,0.03503289005152898,0.0007369285535799453
rainfall_month_level_ridge,5,15-16,100000000.0,rainfall_dec,weather,0.034898193144984914,0.0006861148294007653
rainfall_month_level_ridge,5,15-16,100000000.0,rainfall_jan,weather,0.0011493224340658208,1.7656611459917874e-05
rainfall_month_level_ridge,5,15-16,100000000.0,rainfall_feb,weather,0.032539272322326895,0.0006664729858936863
rainfall_month_level_ridge,5,15-16,100000000.0,rainfall_mar,weather,-0.008303761407057386,-0.00022752436680954988
rainfall_month_level_ridge,5,15-16,100000000.0,rainfall_apr,weather,0.027918666260974136,0.0010132104605009534
rainfall_month_level_ridge,5,15-16,100000000.0,growing_season_average_temperature,weather,-0.013815510402659235,-0.015576555420453112
rainfall_month_level_ridge,5,16-17,100000000.0,intercept,intercept,227858045.59999987,227858045.65366358
rainfall_month_level_ridge,5,16-17,100000000.0,block_fe_2,block_fixed_effect,-115335484.3333333,-115335484.3333333
rainfall_month_level_ridge,5,16-17,100000000.0,rainfall_sep,weather,0.0458744854157321,0.001190242028425277
rainfall_month_level_ridge,5,16-17,100000000.0,rainfall_oct,weather,-0.018082420034306917,-0.0004319294591622024
rainfall_month_level_ridge,5,16-17,100000000.0,rainfall_nov,weather,0.028919252697878466,0.0007405708976091112
rainfall_month_level_ridge,5,16-17,100000000.0,rainfall_dec,weather,0.029903147596768768,0.000606545692179976
rainfall_month_level_ridge,5,16-17,100000000.0,rainfall_jan,weather,-0.009816850444957786,-0.00015100998746103069
rainfall_month_level_ridge,5,16-17,100000000.0,rainfall_feb,weather,0.029185613402843105,0.0006184462541002465
rainfall_month_level_ridge,5,16-17,100000000.0,rainfall_mar,weather,-0.008065981189351945,-0.00021742563776634713
rainfall_month_level_ridge,5,16-17,100000000.0,rainfall_apr,weather,0.03470858948251256,0.0013178990344967123
rainfall_month_level_ridge,5,16-17,100000000.0,growing_season_average_temperature,weather,-0.014193741692518948,-0.01600373450718385
rainfall_month_level_ridge,5,17-18,56.23413251903491,intercept,intercept,228402331.8666666,228222776.5308875
rainfall_month_level_ridge,5,17-18,56.23413251903491,block_fe_2,block_fixed_effect,-115801615.26666665,-115801615.26666665
rainfall_month_level_ridge,5,17-18,56.23413251903491,rainfall_sep,weather,95524.3714120041,2273.582167179168
rainfall_month_level_ridge,5,17-18,56.23413251903491,rainfall_oct,weather,-34064.864794628906,-811.0959528155497
rainfall_month_level_ridge,5,17-18,56.23413251903491,rainfall_nov,weather,67660.7080555579,1429.4334082301175
rainfall_month_level_ridge,5,17-18,56.23413251903491,rainfall_dec,weather,60803.658515947005,1201.2878123927253
rainfall_month_level_ridge,5,17-18,56.23413251903491,rainfall_jan,weather,-14007.95232407701,-217.82238721398417
rainfall_month_level_ridge,5,17-18,56.23413251903491,rainfall_feb,weather,66499.91262179584,1395.5213806468053
rainfall_month_level_ridge,5,17-18,56.23413251903491,rainfall_mar,weather,-9085.315108054758,-240.97789591164653
rainfall_month_level_ridge,5,17-18,56.23413251903491,rainfall_apr,weather,39954.36449250447,1591.7082760081496
rainfall_month_level_ridge,5,17-18,56.23413251903491,growing_season_average_temperature,weather,-18020.71067640247,-20996.282877778336
rainfall_month_level_ridge,5,18-19,100000000.0,intercept,intercept,228028374.5999999,228028374.61633423
rainfall_month_level_ridge,5,18-19,100000000.0,block_fe_2,block_fixed_effect,-113703571.1333333,-113703571.1333333
rainfall_month_level_ridge,5,18-19,100000000.0,rainfall_sep,weather,0.04901197569026914,0.0011643075211690693
rainfall_month_level_ridge,5,18-19,100000000.0,rainfall_oct,weather,-0.01850666894316983,-0.0004424614061761764
rainfall_month_level_ridge,5,18-19,100000000.0,rainfall_nov,weather,0.043739792424931596,0.0009530459750365072
rainfall_month_level_ridge,5,18-19,100000000.0,rainfall_dec,weather,0.035447448023056195,0.0006975251105425213
rainfall_month_level_ridge,5,18-19,100000000.0,rainfall_jan,weather,-0.002265129779190872,-3.3679292319136616e-05
rainfall_month_level_ridge,5,18-19,100000000.0,rainfall_feb,weather,0.034137514908233614,0.0006914956709716353
rainfall_month_level_ridge,5,18-19,100000000.0,rainfall_mar,weather,-0.0010623568053543982,-2.855968156744984e-05
rainfall_month_level_ridge,5,18-19,100000000.0,rainfall_apr,weather,0.02145877429062635,0.0008131871822034278
rainfall_month_level_ridge,5,18-19,100000000.0,growing_season_average_temperature,weather,-0.015653918898774218,-0.017741425564090044
rainfall_month_level_ridge,5,19-20,177.82794100389228,intercept,intercept,228120524.53333324,228105775.69211167
rainfall_month_level_ridge,5,19-20,177.82794100389228,block_fe_2,block_fixed_effect,-114504791.66666667,-114504791.66666667
rainfall_month_level_ridge,5,19-20,177.82794100389228,rainfall_sep,weather,28905.668334854723,670.2433977122813
rainfall_month_level_ridge,5,19-20,177.82794100389228,rainfall_oct,weather,-11019.110818672185,-283.1229433579823
rainfall_month_level_ridge,5,19-20,177.82794100389228,rainfall_nov,weather,21588.836638558772,460.75695508172714
rainfall_month_level_ridge,5,19-20,177.82794100389228,rainfall_dec,weather,19427.973300906175,400.496383247036
rainfall_month_level_ridge,5,19-20,177.82794100389228,rainfall_jan,weather,-2700.6502551100853,-41.51787727713159
rainfall_month_level_ridge,5,19-20,177.82794100389228,rainfall_feb,weather,20574.8346156211,431.90302139138714
rainfall_month_level_ridge,5,19-20,177.82794100389228,rainfall_mar,weather,-2134.914010486858,-56.75222056936133
rainfall_month_level_ridge,5,19-20,177.82794100389228,rainfall_apr,weather,15280.516752306636,568.120279133356
rainfall_month_level_ridge,5,19-20,177.82794100389228,growing_season_average_temperature,weather,-7581.19636152842,-8547.387620988027
rainfall_month_level_ridge,5,20-21,100000000.0,intercept,intercept,226955863.79999995,226955863.77479964
rainfall_month_level_ridge,5,20-21,100000000.0,block_fe_2,block_fixed_effect,-113251019.86666664,-113251019.86666664
rainfall_month_level_ridge,5,20-21,100000000.0,rainfall_sep,weather,0.0520454851620246,0.0012016058946171784
rainfall_month_level_ridge,5,20-21,100000000.0,rainfall_oct,weather,-0.01428081472593976,-0.00036715924631541575
rainfall_month_level_ridge,5,20-21,100000000.0,rainfall_nov,weather,0.03653599443866514,0.000761404216963548
rainfall_month_level_ridge,5,20-21,100000000.0,rainfall_dec,weather,0.03620898709778912,0.000714027408588067
rainfall_month_level_ridge,5,20-21,100000000.0,rainfall_jan,weather,-0.002382870201873928,-3.5403816880726995e-05
rainfall_month_level_ridge,5,20-21,100000000.0,rainfall_feb,weather,0.029940353888218193,0.0007041255452789189
rainfall_month_level_ridge,5,20-21,100000000.0,rainfall_mar,weather,0.0014707764600029732,4.074552451221275e-05
rainfall_month_level_ridge,5,20-21,100000000.0,rainfall_apr,weather,0.033548091229969004,0.0012849881034393451
rainfall_month_level_ridge,5,20-21,100000000.0,growing_season_average_temperature,weather,-0.015068805713735584,-0.01702307732088671
rainfall_month_level_ridge,5,21-22,100000000.0,intercept,intercept,228456354.99999994,228456354.85872132
rainfall_month_level_ridge,5,21-22,100000000.0,block_fe_2,block_fixed_effect,-112505834.66666666,-112505834.66666666
rainfall_month_level_ridge,5,21-22,100000000.0,rainfall_sep,weather,0.03748825637196718,0.0008978674019249286
rainfall_month_level_ridge,5,21-22,100000000.0,rainfall_oct,weather,-0.03543535894783637,-0.0008717067074146096
rainfall_month_level_ridge,5,21-22,100000000.0,rainfall_nov,weather,0.01474056829866126,0.0003371668887517562
rainfall_month_level_ridge,5,21-22,100000000.0,rainfall_dec,weather,0.030804449230168764,0.0006070713452138418
rainfall_month_level_ridge,5,21-22,100000000.0,rainfall_jan,weather,-0.019616298121292793,-0.00030243172177078553
rainfall_month_level_ridge,5,21-22,100000000.0,rainfall_feb,weather,0.022073757676837474,0.00045933569045451854
rainfall_month_level_ridge,5,21-22,100000000.0,rainfall_mar,weather,-0.017913802994288977,-0.000489089530804891
rainfall_month_level_ridge,5,21-22,100000000.0,rainfall_apr,weather,0.005146728950635217,0.00019854773410232278
rainfall_month_level_ridge,5,21-22,100000000.0,growing_season_average_temperature,weather,0.002612605480313434,0.0030749461700780934
rainfall_month_level_ridge,5,22-23,100000000.0,intercept,intercept,229637541.19999996,229637541.1789558
rainfall_month_level_ridge,5,22-23,100000000.0,block_fe_2,block_fixed_effect,-115767126.80000001,-115767126.80000001
rainfall_month_level_ridge,5,22-23,100000000.0,rainfall_sep,weather,0.04361159606049065,0.001033884835979034
rainfall_month_level_ridge,5,22-23,100000000.0,rainfall_oct,weather,-0.005565987768559116,-0.00014298588154665258
rainfall_month_level_ridge,5,22-23,100000000.0,rainfall_nov,weather,0.029706555000900962,0.0006319935037870156
rainfall_month_level_ridge,5,22-23,100000000.0,rainfall_dec,weather,0.029108934009268755,0.0005789375975072868
rainfall_month_level_ridge,5,22-23,100000000.0,rainfall_jan,weather,0.0064198955546476266,9.819725822978662e-05
rainfall_month_level_ridge,5,22-23,100000000.0,rainfall_feb,weather,0.0280433809634391,0.0005773871730404062
rainfall_month_level_ridge,5,22-23,100000000.0,rainfall_mar,weather,-0.002044207173647798,-5.424595918338236e-05
rainfall_month_level_ridge,5,22-23,100000000.0,rainfall_apr,weather,0.0172284248999527,0.0006354631030020107
rainfall_month_level_ridge,5,22-23,100000000.0,growing_season_average_temperature,weather,-0.012984761024028372,-0.014643841346100169
rainfall_month_level_ridge,5,23-24,100000000.0,intercept,intercept,227914503.06666663,227914502.65542367
rainfall_month_level_ridge,5,23-24,100000000.0,block_fe_2,block_fixed_effect,-117065228.73333332,-117065228.73333332
rainfall_month_level_ridge,5,23-24,100000000.0,rainfall_sep,weather,0.038855604016091255,0.0009255856315259231
rainfall_month_level_ridge,5,23-24,100000000.0,rainfall_oct,weather,-0.01859721860274486,-0.00044290445172982064
rainfall_month_level_ridge,5,23-24,100000000.0,rainfall_nov,weather,0.05083429831638571,0.0010865075624495446
rainfall_month_level_ridge,5,23-24,100000000.0,rainfall_dec,weather,0.02250871789791092,0.00045473531939363367
rainfall_month_level_ridge,5,23-24,100000000.0,rainfall_jan,weather,-0.006249050642035823,-9.284358277105093e-05
rainfall_month_level_ridge,5,23-24,100000000.0,rainfall_feb,weather,0.02373208720385223,0.000491034405840743
rainfall_month_level_ridge,5,23-24,100000000.0,rainfall_mar,weather,-0.003662426335686632,-9.709854794826995e-05
rainfall_month_level_ridge,5,23-24,100000000.0,rainfall_apr,weather,0.013499547622467741,0.0004979987373646331
rainfall_month_level_ridge,5,23-24,100000000.0,growing_season_average_temperature,weather,0.0037325747771264697,0.004432484641233086
rainfall_month_level_ridge,5,24-25,1.0,intercept,intercept,227216858.19999996,277752762.93210113
rainfall_month_level_ridge,5,24-25,1.0,block_fe_2,block_fixed_effect,-113755918.99999997,-113755918.99999997
rainfall_month_level_ridge,5,24-25,1.0,rainfall_sep,weather,1582134.8842516767,36900.16912574533
rainfall_month_level_ridge,5,24-25,1.0,rainfall_oct,weather,-1489871.2018483041,-38395.31193850934
rainfall_month_level_ridge,5,24-25,1.0,rainfall_nov,weather,1791720.8784350064,38209.68561033676
rainfall_month_level_ridge,5,24-25,1.0,rainfall_dec,weather,1516305.747347055,33994.77905783234
rainfall_month_level_ridge,5,24-25,1.0,rainfall_jan,weather,-827562.5262182609,-12798.236016377608
rainfall_month_level_ridge,5,24-25,1.0,rainfall_feb,weather,1234432.6416813645,25511.84378230207
rainfall_month_level_ridge,5,24-25,1.0,rainfall_mar,weather,-1422530.718055147,-37824.12445498336
rainfall_month_level_ridge,5,24-25,1.0,rainfall_apr,weather,1606200.2279502982,58563.634958431976
rainfall_month_level_ridge,5,24-25,1.0,growing_season_average_temperature,weather,-1582834.1656368214,-2503375.3307155487
rainfall_month_level_ridge,5,25-26,100000000.0,intercept,intercept,228400326.06666666,228400326.10094333
rainfall_month_level_ridge,5,25-26,100000000.0,block_fe_2,block_fixed_effect,-115228905.39999996,-115228905.39999996
rainfall_month_level_ridge,5,25-26,100000000.0,rainfall_sep,weather,0.05336717884977059,0.001281068300669227
rainfall_month_level_ridge,5,25-26,100000000.0,rainfall_oct,weather,-0.019901574406536043,-0.00047383868299021855
rainfall_month_level_ridge,5,25-26,100000000.0,rainfall_nov,weather,0.03852623679061582,0.0008308887591238535
rainfall_month_level_ridge,5,25-26,100000000.0,rainfall_dec,weather,0.03476249928873393,0.0006839084762113681
rainfall_month_level_ridge,5,25-26,100000000.0,rainfall_jan,weather,-0.0037462174128409837,-5.939907429342129e-05
rainfall_month_level_ridge,5,25-26,100000000.0,rainfall_feb,weather,0.03674306734513208,0.000789781685591797
rainfall_month_level_ridge,5,25-26,100000000.0,rainfall_mar,weather,-0.004599136728375403,-0.00014059212634541973
rainfall_month_level_ridge,5,25-26,100000000.0,rainfall_apr,weather,0.025473286426500482,0.0009169170211441378
rainfall_month_level_ridge,5,25-26,100000000.0,growing_season_average_temperature,weather,-0.014818080788158473,-0.01803851586049369
