model,horizon,held_out_season,selected_alpha,term,term_type,coefficient_standardized,coefficient_raw
temperature_month_level_ridge,1,10-11,100000000.0,intercept,intercept,24608332.533333343,24608332.748837546
temperature_month_level_ridge,1,10-11,100000000.0,block_fe_2,block_fixed_effect,22896325.666666646,22896325.666666646
temperature_month_level_ridge,1,10-11,100000000.0,block_fe_3,block_fixed_effect,23539619.866666637,23539619.866666637
temperature_month_level_ridge,1,10-11,100000000.0,block_fe_4,block_fixed_effect,29966360.06666667,29966360.06666667
temperature_month_level_ridge,1,10-11,100000000.0,block_fe_5,block_fixed_effect,27974925.933333322,27974925.933333322
temperature_month_level_ridge,1,10-11,100000000.0,block_fe_6,block_fixed_effect,20629931.533333316,20629931.533333316
temperature_month_level_ridge,1,10-11,100000000.0,block_fe_7,block_fixed_effect,12596831.733333334,12596831.733333334
temperature_month_level_ridge,1,10-11,100000000.0,block_fe_8,block_fixed_effect,-1502356.533333348,-1502356.533333348
temperature_month_level_ridge,1,10-11,100000000.0,block_fe_9,block_fixed_effect,-17400400.53333336,-17400400.53333336
temperature_month_level_ridge,1,10-11,100000000.0,block_fe_10,block_fixed_effect,-24123840.066666685,-24123840.066666685
temperature_month_level_ridge,1,10-11,100000000.0,block_fe_11,block_fixed_effect,-24360882.333333343,-24360882.333333343
temperature_month_level_ridge,1,10-11,100000000.0,block_fe_12,block_fixed_effect,-20979704.666666664,-20979704.666666664
temperature_month_level_ridge,1,10-11,100000000.0,temperature_sep,weather,-0.00572905379879989,-0.003541786551211274
temperature_month_level_ridge,1,10-11,100000000.0,temperature_oct,weather,0.006238791822074186,0.004650978700374645
temperature_month_level_ridge,1,10-11,100000000.0,temperature_nov,weather,-0.00013935108345039478,-0.00013940264547902744
temperature_month_level_ridge,1,10-11,100000000.0,temperature_dec,weather,-0.0008134490610842055,-0.0009008394416098259
temperature_month_level_ridge,1,10-11,100000000.0,temperature_jan,weather,-0.0020951333695280916,-0.0018548448775280702
temperature_month_level_ridge,1,10-11,100000000.0,temperature_feb,weather,-0.0024760317253858357,-0.002512232981605939
temperature_month_level_ridge,1,10-11,100000000.0,temperature_mar,weather,-0.0027797276344939162,-0.002374745004942256
temperature_month_level_ridge,1,10-11,100000000.0,temperature_apr,weather,-0.0037456064991712233,-0.003718415290378346
temperature_month_level_ridge,1,10-11,100000000.0,growing_season_total_rainfall,weather,0.005541348534344707,3.1371982379062715e-05
temperature_month_level_ridge,1,11-12,31.622776601683793,intercept,intercept,26101652.799999997,27536849.869874023
temperature_month_level_ridge,1,11-12,31.622776601683793,block_fe_2,block_fixed_effect,21527203.866666667,21527203.866666667
temperature_month_level_ridge,1,11-12,31.622776601683793,block_fe_3,block_fixed_effect,22309530.400000002,22309530.400000002
temperature_month_level_ridge,1,11-12,31.622776601683793,block_fe_4,block_fixed_effect,28423789.733333357,28423789.733333357
temperature_month_level_ridge,1,11-12,31.622776601683793,block_fe_5,block_fixed_effect,26676652.73333334,26676652.73333334
temperature_month_level_ridge,1,11-12,31.622776601683793,block_fe_6,block_fixed_effect,18727949.06666667,18727949.06666667
temperature_month_level_ridge,1,11-12,31.622776601683793,block_fe_7,block_fixed_effect,11691055.000000004,11691055.000000004
temperature_month_level_ridge,1,11-12,31.622776601683793,block_fe_8,block_fixed_effect,-2125172.133333334,-2125172.133333334
temperature_month_level_ridge,1,11-12,31.622776601683793,block_fe_9,block_fixed_effect,-18566804.33333334,-18566804.33333334
temperature_month_level_ridge,1,11-12,31.622776601683793,block_fe_10,block_fixed_effect,-25597521.866666663,-25597521.866666663
temperature_month_level_ridge,1,11-12,31.622776601683793,block_fe_11,block_fixed_effect,-25848739.333333306,-25848739.333333306
temperature_month_level_ridge,1,11-12,31.622776601683793,block_fe_12,block_fixed_effect,-22417169.533333316,-22417169.533333316
temperature_month_level_ridge,1,11-12,31.622776601683793,temperature_sep,weather,-20782.75734076261,-12621.383633961661
temperature_month_level_ridge,1,11-12,31.622776601683793,temperature_oct,weather,5462.4969276356005,4227.081357096017
temperature_month_level_ridge,1,11-12,31.622776601683793,temperature_nov,weather,-341.9272658006914,-338.1252071808698
temperature_month_level_ridge,1,11-12,31.622776601683793,temperature_dec,weather,-5103.692571458631,-5334.372342411979
temperature_month_level_ridge,1,11-12,31.622776601683793,temperature_jan,weather,-8307.476210326151,-7255.158760271255
temperature_month_level_ridge,1,11-12,31.622776601683793,temperature_feb,weather,-9695.64999594175,-9905.593054916806
temperature_month_level_ridge,1,11-12,31.622776601683793,temperature_mar,weather,-20968.694856453294,-19375.51582576992
temperature_month_level_ridge,1,11-12,31.622776601683793,temperature_apr,weather,-16064.080477357156,-15119.735219907732
temperature_month_level_ridge,1,11-12,31.622776601683793,growing_season_total_rainfall,weather,27932.37802041383,144.11286032548455
temperature_month_level_ridge,1,12-13,100000000.0,intercept,intercept,26555986.533333328,26555986.910814136
temperature_month_level_ridge,1,12-13,100000000.0,block_fe_2,block_fixed_effect,22089267.86666666,22089267.86666666
temperature_month_level_ridge,1,12-13,100000000.0,block_fe_3,block_fixed_effect,22900983.79999999,22900983.79999999
temperature_month_level_ridge,1,12-13,100000000.0,block_fe_4,block_fixed_effect,27890668.000000022,27890668.000000022
temperature_month_level_ridge,1,12-13,100000000.0,block_fe_5,block_fixed_effect,25719801.73333332,25719801.73333332
temperature_month_level_ridge,1,12-13,100000000.0,block_fe_6,block_fixed_effect,18359232.06666667,18359232.06666667
temperature_month_level_ridge,1,12-13,100000000.0,block_fe_7,block_fixed_effect,9952659.600000007,9952659.600000007
temperature_month_level_ridge,1,12-13,100000000.0,block_fe_8,block_fixed_effect,-4096036.2666666713,-4096036.2666666713
temperature_month_level_ridge,1,12-13,100000000.0,block_fe_9,block_fixed_effect,-19940826.266666673,-19940826.266666673
temperature_month_level_ridge,1,12-13,100000000.0,block_fe_10,block_fixed_effect,-26090649.666666664,-26090649.666666664
temperature_month_level_ridge,1,12-13,100000000.0,block_fe_11,block_fixed_effect,-26309643.3333333,-26309643.3333333
temperature_month_level_ridge,1,12-13,100000000.0,block_fe_12,block_fixed_effect,-22934790.999999978,-22934790.999999978
temperature_month_level_ridge,1,12-13,100000000.0,temperature_sep,weather,-0.0071128248884731226,-0.004427143556079718
temperature_month_level_ridge,1,12-13,100000000.0,temperature_oct,weather,0.004542459193807149,0.003277117537041882
temperature_month_level_ridge,1,12-13,100000000.0,temperature_nov,weather,-0.001023016158886815,-0.001088956623536169
temperature_month_level_ridge,1,12-13,100000000.0,temperature_dec,weather,-0.0018063808826708815,-0.0018885983051991563
temperature_month_level_ridge,1,12-13,100000000.0,temperature_jan,weather,-0.004225753891451661,-0.0040491145429426695
temperature_month_level_ridge,1,12-13,100000000.0,temperature_feb,weather,-0.002589657757538357,-0.002626020140700057
temperature_month_level_ridge,1,12-13,100000000.0,temperature_mar,weather,-0.0029381788832600333,-0.0024903540585754793
temperature_month_level_ridge,1,12-13,100000000.0,temperature_apr,weather,-0.0037401062843261984,-0.003560469882853401
temperature_month_level_ridge,1,12-13,100000000.0,growing_season_total_rainfall,weather,0.005628348029942299,2.7639541260744575e-05
temperature_month_level_ridge,1,13-14,100000000.0,intercept,intercept,25289051.466666657,25289051.681651447
temperature_month_level_ridge,1,13-14,100000000.0,block_fe_2,block_fixed_effect,22445542.53333335,22445542.53333335
temperature_month_level_ridge,1,13-14,100000000.0,block_fe_3,block_fixed_effect,23734262.66666665,23734262.66666665
temperature_month_level_ridge,1,13-14,100000000.0,block_fe_4,block_fixed_effect,29267074.86666668,29267074.86666668
temperature_month_level_ridge,1,13-14,100000000.0,block_fe_5,block_fixed_effect,26907416.133333366,26907416.133333366
temperature_month_level_ridge,1,13-14,100000000.0,block_fe_6,block_fixed_effect,19509035.400000013,19509035.400000013
temperature_month_level_ridge,1,13-14,100000000.0,block_fe_7,block_fixed_effect,11479496.733333346,11479496.733333346
temperature_month_level_ridge,1,13-14,100000000.0,block_fe_8,block_fixed_effect,-2754630.9333333317,-2754630.9333333317
temperature_month_level_ridge,1,13-14,100000000.0,block_fe_9,block_fixed_effect,-18739500.86666667,-18739500.86666667
temperature_month_level_ridge,1,13-14,100000000.0,block_fe_10,block_fixed_effect,-24819929.533333335,-24819929.533333335
temperature_month_level_ridge,1,13-14,100000000.0,block_fe_11,block_fixed_effect,-25035830.06666665,-25035830.06666665
temperature_month_level_ridge,1,13-14,100000000.0,block_fe_12,block_fixed_effect,-21792218.33333331,-21792218.33333331
temperature_month_level_ridge,1,13-14,100000000.0,temperature_sep,weather,-0.005678680487604831,-0.003439171578832548
temperature_month_level_ridge,1,13-14,100000000.0,temperature_oct,weather,0.003938019027849255,0.002866227787773644
temperature_month_level_ridge,1,13-14,100000000.0,temperature_nov,weather,-0.00014569180084844145,-0.00014398710115617923
temperature_month_level_ridge,1,13-14,100000000.0,temperature_dec,weather,-0.002646207167618749,-0.0028138338435405807
temperature_month_level_ridge,1,13-14,100000000.0,temperature_jan,weather,-0.0010356817701346322,-0.0009405493273252293
temperature_month_level_ridge,1,13-14,100000000.0,temperature_feb,weather,-0.0015027843363423876,-0.001557518981346122
temperature_month_level_ridge,1,13-14,100000000.0,temperature_mar,weather,-0.0020096525278126315,-0.0017406071762479224
temperature_month_level_ridge,1,13-14,100000000.0,temperature_apr,weather,-0.002233911587859922,-0.0023200067196709104
temperature_month_level_ridge,1,13-14,100000000.0,growing_season_total_rainfall,weather,0.0055830830751827185,2.7302144477945823e-05
temperature_month_level_ridge,1,14-15,100000000.0,intercept,intercept,25433294.26666666,25433294.53036341
temperature_month_level_ridge,1,14-15,100000000.0,block_fe_2,block_fixed_effect,22257782.400000002,22257782.400000002
temperature_month_level_ridge,1,14-15,100000000.0,block_fe_3,block_fixed_effect,22623868.93333333,22623868.93333333
temperature_month_level_ridge,1,14-15,100000000.0,block_fe_4,block_fixed_effect,29445600.933333356,29445600.933333356
temperature_month_level_ridge,1,14-15,100000000.0,block_fe_5,block_fixed_effect,26971956.333333332,26971956.333333332
temperature_month_level_ridge,1,14-15,100000000.0,block_fe_6,block_fixed_effect,19860099.73333335,19860099.73333335
temperature_month_level_ridge,1,14-15,100000000.0,block_fe_7,block_fixed_effect,11372543.266666666,11372543.266666666
temperature_month_level_ridge,1,14-15,100000000.0,block_fe_8,block_fixed_effect,-1744520.4666666668,-1744520.4666666668
temperature_month_level_ridge,1,14-15,100000000.0,block_fe_9,block_fixed_effect,-18192043.533333313,-18192043.533333313
temperature_month_level_ridge,1,14-15,100000000.0,block_fe_10,block_fixed_effect,-24967394.86666666,-24967394.86666666
temperature_month_level_ridge,1,14-15,100000000.0,block_fe_11,block_fixed_effect,-25189968.999999985,-25189968.999999985
temperature_month_level_ridge,1,14-15,100000000.0,block_fe_12,block_fixed_effect,-21840904.399999987,-21840904.399999987
temperature_month_level_ridge,1,14-15,100000000.0,temperature_sep,weather,-0.006779314818392216,-0.004224730529306127
temperature_month_level_ridge,1,14-15,100000000.0,temperature_oct,weather,0.004787191698052713,0.0035993269378005862
temperature_month_level_ridge,1,14-15,100000000.0,temperature_nov,weather,0.00021735456169461994,0.0002142290406876086
temperature_month_level_ridge,1,14-15,100000000.0,temperature_dec,weather,-0.0013583604069295973,-0.001425951159456775
temperature_month_level_ridge,1,14-15,100000000.0,temperature_jan,weather,-0.0020778069176461307,-0.0018763495702308092
temperature_month_level_ridge,1,14-15,100000000.0,temperature_feb,weather,-0.0019261831725785055,-0.0022045924951941687
temperature_month_level_ridge,1,14-15,100000000.0,temperature_mar,weather,-0.0030201515573503672,-0.0025585760640579416
temperature_month_level_ridge,1,14-15,100000000.0,temperature_apr,weather,-0.004167873422453758,-0.0038994839947431212
temperature_month_level_ridge,1,14-15,100000000.0,growing_season_total_rainfall,weather,0.005688106129060625,2.884891515894099e-05
temperature_month_level_ridge,1,15-16,100000000.0,intercept,intercept,25504606.266666666,25504606.523771435
temperature_month_level_ridge,1,15-16,100000000.0,block_fe_2,block_fixed_effect,22692872.39999999,22692872.39999999
temperature_month_level_ridge,1,15-16,100000000.0,block_fe_3,block_fixed_effect,22707583.599999998,22707583.599999998
temperature_month_level_ridge,1,15-16,100000000.0,block_fe_4,block_fixed_effect,29444851.533333343,29444851.533333343
temperature_month_level_ridge,1,15-16,100000000.0,block_fe_5,block_fixed_effect,26769628.733333323,26769628.733333323
temperature_month_level_ridge,1,15-16,100000000.0,block_fe_6,block_fixed_effect,19739674.466666687,19739674.466666687
temperature_month_level_ridge,1,15-16,100000000.0,block_fe_7,block_fixed_effect,11065531.333333338,11065531.333333338
temperature_month_level_ridge,1,15-16,100000000.0,block_fe_8,block_fixed_effect,-2299349.6000000117,-2299349.6000000117
temperature_month_level_ridge,1,15-16,100000000.0,block_fe_9,block_fixed_effect,-19238044.400000013,-19238044.400000013
temperature_month_level_ridge,1,15-16,100000000.0,block_fe_10,block_fixed_effect,-25237097.46666667,-25237097.46666667
temperature_month_level_ridge,1,15-16,100000000.0,block_fe_11,block_fixed_effect,-25391772.33333332,-25391772.33333332
temperature_month_level_ridge,1,15-16,100000000.0,block_fe_12,block_fixed_effect,-22601643.199999984,-22601643.199999984
temperature_month_level_ridge,1,15-16,100000000.0,temperature_sep,weather,-0.0064477992094681465,-0.003898772570591173
temperature_month_level_ridge,1,15-16,100000000.0,temperature_oct,weather,0.004479566688578588,0.003185644260174097
temperature_month_level_ridge,1,15-16,100000000.0,temperature_nov,weather,0.0005409879002914687,0.0005336816330572813
temperature_month_level_ridge,1,15-16,100000000.0,temperature_dec,weather,-0.0008434104607234656,-0.0008883609863101424
temperature_month_level_ridge,1,15-16,100000000.0,temperature_jan,weather,-0.004014491017253566,-0.0036272783649980273
temperature_month_level_ridge,1,15-16,100000000.0,temperature_feb,weather,-0.0018409391271535774,-0.0018862151063215732
temperature_month_level_ridge,1,15-16,100000000.0,temperature_mar,weather,-0.0018785919199652648,-0.0016399389650501724
temperature_month_level_ridge,1,15-16,100000000.0,temperature_apr,weather,-0.004177817051352725,-0.0038900215438138347
temperature_month_level_ridge,1,15-16,100000000.0,growing_season_total_rainfall,weather,0.006281825705411898,3.067840063424593e-05
temperature_month_level_ridge,1,16-17,100000000.0,intercept,intercept,24078540.666666653,24078540.939947877
temperature_month_level_ridge,1,16-17,100000000.0,block_fe_2,block_fixed_effect,23920549.600000016,23920549.600000016
temperature_month_level_ridge,1,16-17,100000000.0,block_fe_3,block_fixed_effect,24814228.533333328,24814228.533333328
temperature_month_level_ridge,1,16-17,100000000.0,block_fe_4,block_fixed_effect,30123864.933333345,30123864.933333345
temperature_month_level_ridge,1,16-17,100000000.0,block_fe_5,block_fixed_effect,28606699.200000018,28606699.200000018
temperature_month_level_ridge,1,16-17,100000000.0,block_fe_6,block_fixed_effect,20623432.866666682,20623432.866666682
temperature_month_level_ridge,1,16-17,100000000.0,block_fe_7,block_fixed_effect,12934041.06666668,12934041.06666668
temperature_month_level_ridge,1,16-17,100000000.0,block_fe_8,block_fixed_effect,-853295.0666666739,-853295.0666666739
temperature_month_level_ridge,1,16-17,100000000.0,block_fe_9,block_fixed_effect,-16953420.4,-16953420.4
temperature_month_level_ridge,1,16-17,100000000.0,block_fe_10,block_fixed_effect,-23620900.53333333,-23620900.53333333
temperature_month_level_ridge,1,16-17,100000000.0,block_fe_11,block_fixed_effect,-23861029.266666643,-23861029.266666643
temperature_month_level_ridge,1,16-17,100000000.0,block_fe_12,block_fixed_effect,-20813615.866666645,-20813615.866666645
temperature_month_level_ridge,1,16-17,100000000.0,temperature_sep,weather,-0.006304551618959086,-0.0038076625410143083
temperature_month_level_ridge,1,16-17,100000000.0,temperature_oct,weather,0.004158397836173645,0.003015281565578249
temperature_month_level_ridge,1,16-17,100000000.0,temperature_nov,weather,9.728753557305608e-05,9.591373063983043e-05
temperature_month_level_ridge,1,16-17,100000000.0,temperature_dec,weather,-0.0009753845941126684,-0.0010255619228927667
temperature_month_level_ridge,1,16-17,100000000.0,temperature_jan,weather,-0.001643984628202782,-0.001457627645326315
temperature_month_level_ridge,1,16-17,100000000.0,temperature_feb,weather,-0.002536986260123311,-0.0025725095824535183
temperature_month_level_ridge,1,16-17,100000000.0,temperature_mar,weather,-0.0024994551635903334,-0.0021341527714790623
temperature_month_level_ridge,1,16-17,100000000.0,temperature_apr,weather,-0.004962575036872395,-0.004656541969741717
temperature_month_level_ridge,1,16-17,100000000.0,growing_season_total_rainfall,weather,0.004433916163543569,2.3886074033724638e-05
temperature_month_level_ridge,1,17-18,100000000.0,intercept,intercept,25302075.066666666,25302075.28618299
temperature_month_level_ridge,1,17-18,100000000.0,block_fe_2,block_fixed_effect,22800964.400000002,22800964.400000002
temperature_month_level_ridge,1,17-18,100000000.0,block_fe_3,block_fixed_effect,22794434.466666665,22794434.466666665
temperature_month_level_ridge,1,17-18,100000000.0,block_fe_4,block_fixed_effect,28849993.26666668,28849993.26666668
temperature_month_level_ridge,1,17-18,100000000.0,block_fe_5,block_fixed_effect,27446564.4,27446564.4
temperature_month_level_ridge,1,17-18,100000000.0,block_fe_6,block_fixed_effect,19146966.86666669,19146966.86666669
temperature_month_level_ridge,1,17-18,100000000.0,block_fe_7,block_fixed_effect,11869707.666666664,11869707.666666664
temperature_month_level_ridge,1,17-18,100000000.0,block_fe_8,block_fixed_effect,-1854164.9333333392,-1854164.9333333392
temperature_month_level_ridge,1,17-18,100000000.0,block_fe_9,block_fixed_effect,-18272519.000000015,-18272519.000000015
temperature_month_level_ridge,1,17-18,100000000.0,block_fe_10,block_fixed_effect,-24799649.333333343,-24799649.333333343
temperature_month_level_ridge,1,17-18,100000000.0,block_fe_11,block_fixed_effect,-25060103.19999998,-25060103.19999998
temperature_month_level_ridge,1,17-18,100000000.0,block_fe_12,block_fixed_effect,-22094232.53333331,-22094232.53333331
temperature_month_level_ridge,1,17-18,100000000.0,temperature_sep,weather,-0.005512761398063504,-0.0036060154500026217
temperature_month_level_ridge,1,17-18,100000000.0,temperature_oct,weather,0.00572690110388288,0.004109419273972855
temperature_month_level_ridge,1,17-18,100000000.0,temperature_nov,weather,0.000670541122960421,0.0006678886543575132
temperature_month_level_ridge,1,17-18,100000000.0,temperature_dec,weather,-0.0013107313125906126,-0.0013731775726391151
temperature_month_level_ridge,1,17-18,100000000.0,temperature_jan,weather,-0.00205994394334618,-0.0018212411935618802
temperature_month_level_ridge,1,17-18,100000000.0,temperature_feb,weather,-0.002406953265649508,-0.00244483075049655
temperature_month_level_ridge,1,17-18,100000000.0,temperature_mar,weather,-0.0026943697540854883,-0.0023089090513873345
temperature_month_level_ridge,1,17-18,100000000.0,temperature_apr,weather,-0.003910287768855681,-0.0037039630297825716
temperature_month_level_ridge,1,17-18,100000000.0,growing_season_total_rainfall,weather,0.0060138569678396085,2.932350959514254e-05
temperature_month_level_ridge,1,18-19,100000000.0,intercept,intercept,24533282.133333344,24533282.48190312
temperature_month_level_ridge,1,18-19,100000000.0,block_fe_2,block_fixed_effect,23304725.266666673,23304725.266666673
temperature_month_level_ridge,1,18-19,100000000.0,block_fe_3,block_fixed_effect,23581614.999999978,23581614.999999978
temperature_month_level_ridge,1,18-19,100000000.0,block_fe_4,block_fixed_effect,29934297.333333343,29934297.333333343
temperature_month_level_ridge,1,18-19,100000000.0,block_fe_5,block_fixed_effect,28541326.333333354,28541326.333333354
temperature_month_level_ridge,1,18-19,100000000.0,block_fe_6,block_fixed_effect,20790008.133333333,20790008.133333333
temperature_month_level_ridge,1,18-19,100000000.0,block_fe_7,block_fixed_effect,13246652.733333329,13246652.733333329
temperature_month_level_ridge,1,18-19,100000000.0,block_fe_8,block_fixed_effect,-928963.0666666832,-928963.0666666832
temperature_month_level_ridge,1,18-19,100000000.0,block_fe_9,block_fixed_effect,-17408615.80000003,-17408615.80000003
temperature_month_level_ridge,1,18-19,100000000.0,block_fe_10,block_fixed_effect,-24040689.20000001,-24040689.20000001
temperature_month_level_ridge,1,18-19,100000000.0,block_fe_11,block_fixed_effect,-24283087.73333334,-24283087.73333334
temperature_month_level_ridge,1,18-19,100000000.0,block_fe_12,block_fixed_effect,-21096846.86666666,-21096846.86666666
temperature_month_level_ridge,1,18-19,100000000.0,temperature_sep,weather,-0.005984264671263818,-0.0036153373295725716
temperature_month_level_ridge,1,18-19,100000000.0,temperature_oct,weather,0.005452595014556463,0.0038662944925066593
temperature_month_level_ridge,1,18-19,100000000.0,temperature_nov,weather,-0.0004343320383235281,-0.0004433419294586287
temperature_month_level_ridge,1,18-19,100000000.0,temperature_dec,weather,-0.0019411951542397411,-0.0020430152202292246
temperature_month_level_ridge,1,18-19,100000000.0,temperature_jan,weather,-0.0030371508072964074,-0.002690623708205874
temperature_month_level_ridge,1,18-19,100000000.0,temperature_feb,weather,-0.003773698964377015,-0.004105793145241913
temperature_month_level_ridge,1,18-19,100000000.0,temperature_mar,weather,-0.0028049690145458364,-0.0023886060082895836
temperature_month_level_ridge,1,18-19,100000000.0,temperature_apr,weather,-0.004649770532548268,-0.0043532585936170475
temperature_month_level_ridge,1,18-19,100000000.0,growing_season_total_rainfall,weather,0.006105684893105585,2.9801314432811116e-05
temperature_month_level_ridge,1,19-20,100000000.0,intercept,intercept,25320610.93333334,25320611.218858276
temperature_month_level_ridge,1,19-20,100000000.0,block_fe_2,block_fixed_effect,22245269.666666668,22245269.666666668
temperature_month_level_ridge,1,19-20,100000000.0,block_fe_3,block_fixed_effect,22833449.266666654,22833449.266666654
temperature_month_level_ridge,1,19-20,100000000.0,block_fe_4,block_fixed_effect,29256607.800000004,29256607.800000004
temperature_month_level_ridge,1,19-20,100000000.0,block_fe_5,block_fixed_effect,27182143.133333348,27182143.133333348
temperature_month_level_ridge,1,19-20,100000000.0,block_fe_6,block_fixed_effect,19685004.466666654,19685004.466666654
temperature_month_level_ridge,1,19-20,100000000.0,block_fe_7,block_fixed_effect,11465428.40000001,11465428.40000001
temperature_month_level_ridge,1,19-20,100000000.0,block_fe_8,block_fixed_effect,-1496934.6666666819,-1496934.6666666819
temperature_month_level_ridge,1,19-20,100000000.0,block_fe_9,block_fixed_effect,-17823007.200000018,-17823007.200000018
temperature_month_level_ridge,1,19-20,100000000.0,block_fe_10,block_fixed_effect,-24817812.800000023,-24817812.800000023
temperature_month_level_ridge,1,19-20,100000000.0,block_fe_11,block_fixed_effect,-25066101.266666666,-25066101.266666666
temperature_month_level_ridge,1,19-20,100000000.0,block_fe_12,block_fixed_effect,-21936593.33333332,-21936593.33333332
temperature_month_level_ridge,1,19-20,100000000.0,temperature_sep,weather,-0.006271932871322514,-0.0038412863535016626
temperature_month_level_ridge,1,19-20,100000000.0,temperature_oct,weather,0.00512891164034989,0.0036686888989265064
temperature_month_level_ridge,1,19-20,100000000.0,temperature_nov,weather,0.00018310653397316095,0.00018495653033551865
temperature_month_level_ridge,1,19-20,100000000.0,temperature_dec,weather,-0.001525760238814684,-0.001599747826462084
temperature_month_level_ridge,1,19-20,100000000.0,temperature_jan,weather,-0.0024908617570425545,-0.002299579610786345
temperature_month_level_ridge,1,19-20,100000000.0,temperature_feb,weather,-0.002528132651680743,-0.0025754319702391104
temperature_month_level_ridge,1,19-20,100000000.0,temperature_mar,weather,-0.0031044932818870773,-0.002635707920827829
temperature_month_level_ridge,1,19-20,100000000.0,temperature_apr,weather,-0.004354735887433673,-0.004168828498411467
temperature_month_level_ridge,1,19-20,100000000.0,growing_season_total_rainfall,weather,0.006046372960204713,2.962581909039685e-05
temperature_month_level_ridge,1,20-21,100000000.0,intercept,intercept,24467942.533333313,24467942.814969297
temperature_month_level_ridge,1,20-21,100000000.0,block_fe_2,block_fixed_effect,22947669.800000012,22947669.800000012
temperature_month_level_ridge,1,20-21,100000000.0,block_fe_3,block_fixed_effect,23836082.33333333,23836082.33333333
temperature_month_level_ridge,1,20-21,100000000.0,block_fe_4,block_fixed_effect,29764467.0666667,29764467.0666667
temperature_month_level_ridge,1,20-21,100000000.0,block_fe_5,block_fixed_effect,28067931.93333336,28067931.93333336
temperature_month_level_ridge,1,20-21,100000000.0,block_fe_6,block_fixed_effect,20127461.933333352,20127461.933333352
temperature_month_level_ridge,1,20-21,100000000.0,block_fe_7,block_fixed_effect,12648733.266666684,12648733.266666684
temperature_month_level_ridge,1,20-21,100000000.0,block_fe_8,block_fixed_effect,-519168.4666666649,-519168.4666666649
temperature_month_level_ridge,1,20-21,100000000.0,block_fe_9,block_fixed_effect,-16927399.533333346,-16927399.533333346
temperature_month_level_ridge,1,20-21,100000000.0,block_fe_10,block_fixed_effect,-23964495.93333333,-23964495.93333333
temperature_month_level_ridge,1,20-21,100000000.0,block_fe_11,block_fixed_effect,-24214539.199999973,-24214539.199999973
temperature_month_level_ridge,1,20-21,100000000.0,block_fe_12,block_fixed_effect,-20886868.933333304,-20886868.933333304
temperature_month_level_ridge,1,20-21,100000000.0,temperature_sep,weather,-0.0066067554212957446,-0.004041571864367104
temperature_month_level_ridge,1,20-21,100000000.0,temperature_oct,weather,0.004540022096039514,0.0034120552480516016
temperature_month_level_ridge,1,20-21,100000000.0,temperature_nov,weather,-0.0004845633146517841,-0.0004994942880359334
temperature_month_level_ridge,1,20-21,100000000.0,temperature_dec,weather,-0.0014652784592703038,-0.0015289375417098304
temperature_month_level_ridge,1,20-21,100000000.0,temperature_jan,weather,-0.0026712042038011617,-0.002330671263025566
temperature_month_level_ridge,1,20-21,100000000.0,temperature_feb,weather,-0.001997306475761634,-0.0020911619464140285
temperature_month_level_ridge,1,20-21,100000000.0,temperature_mar,weather,-0.0026359611777099184,-0.002274471914527321
temperature_month_level_ridge,1,20-21,100000000.0,temperature_apr,weather,-0.0039591892331921,-0.003741743115822399
temperature_month_level_ridge,1,20-21,100000000.0,growing_season_total_rainfall,weather,0.006226268270389826,3.048146122306049e-05
temperature_month_level_ridge,1,21-22,0.31622776601683794,intercept,intercept,25431097.599999998,12918490.169076659
temperature_month_level_ridge,1,21-22,0.31622776601683794,block_fe_2,block_fixed_effect,22093865.266666666,22093865.266666666
temperature_month_level_ridge,1,21-22,0.31622776601683794,block_fe_3,block_fixed_effect,22969311.133333314,22969311.133333314
temperature_month_level_ridge,1,21-22,0.31622776601683794,block_fe_4,block_fixed_effect,29051163.733333338,29051163.733333338
temperature_month_level_ridge,1,21-22,0.31622776601683794,block_fe_5,block_fixed_effect,27186526.86666667,27186526.86666667
temperature_month_level_ridge,1,21-22,0.31622776601683794,block_fe_6,block_fixed_effect,19598075.199999996,19598075.199999996
temperature_month_level_ridge,1,21-22,0.31622776601683794,block_fe_7,block_fixed_effect,12921595.466666661,12921595.466666661
temperature_month_level_ridge,1,21-22,0.31622776601683794,block_fe_8,block_fixed_effect,-935539.53333335,-935539.53333335
temperature_month_level_ridge,1,21-22,0.31622776601683794,block_fe_9,block_fixed_effect,-17862132.13333335,-17862132.13333335
temperature_month_level_ridge,1,21-22,0.31622776601683794,block_fe_10,block_fixed_effect,-24926966.666666683,-24926966.666666683
temperature_month_level_ridge,1,21-22,0.31622776601683794,block_fe_11,block_fixed_effect,-25176587.933333334,-25176587.933333334
temperature_month_level_ridge,1,21-22,0.31622776601683794,block_fe_12,block_fixed_effect,-21742683.866666656,-21742683.866666656
temperature_month_level_ridge,1,21-22,0.31622776601683794,temperature_sep,weather,-704424.3247623417,-452163.4433930629
temperature_month_level_ridge,1,21-22,0.31622776601683794,temperature_oct,weather,1016457.2398468964,759229.4092781899
temperature_month_level_ridge,1,21-22,0.31622776601683794,temperature_nov,weather,117272.20772786453,117124.20920922243
temperature_month_level_ridge,1,21-22,0.31622776601683794,temperature_dec,weather,-71205.71043705486,-75681.03971042001
temperature_month_level_ridge,1,21-22,0.31622776601683794,temperature_jan,weather,137265.61324733202,121845.4383523685
temperature_month_level_ridge,1,21-22,0.31622776601683794,temperature_feb,weather,142320.48581870203,145311.3094946635
temperature_month_level_ridge,1,21-22,0.31622776601683794,temperature_mar,weather,157824.31246841484,137912.0559274628
temperature_month_level_ridge,1,21-22,0.31622776601683794,temperature_apr,weather,-336650.84862904507,-313347.7979344075
temperature_month_level_ridge,1,21-22,0.31622776601683794,growing_season_total_rainfall,weather,139968.16834832437,768.649499189725
temperature_month_level_ridge,1,22-23,100000000.0,intercept,intercept,26020465.466666672,26020465.76797027
temperature_month_level_ridge,1,22-23,100000000.0,block_fe_2,block_fixed_effect,21887338.133333325,21887338.133333325
temperature_month_level_ridge,1,22-23,100000000.0,block_fe_3,block_fixed_effect,22471456.333333313,22471456.333333313
temperature_month_level_ridge,1,22-23,100000000.0,block_fe_4,block_fixed_effect,28355692.60000001,28355692.60000001
temperature_month_level_ridge,1,22-23,100000000.0,block_fe_5,block_fixed_effect,26820726.799999997,26820726.799999997
temperature_month_level_ridge,1,22-23,100000000.0,block_fe_6,block_fixed_effect,19453154.733333327,19453154.733333327
temperature_month_level_ridge,1,22-23,100000000.0,block_fe_7,block_fixed_effect,11172972.13333333,11172972.13333333
temperature_month_level_ridge,1,22-23,100000000.0,block_fe_8,block_fixed_effect,-2701266.533333352,-2701266.533333352
temperature_month_level_ridge,1,22-23,100000000.0,block_fe_9,block_fixed_effect,-18640438.73333335,-18640438.73333335
temperature_month_level_ridge,1,22-23,100000000.0,block_fe_10,block_fixed_effect,-25516334.533333346,-25516334.533333346
temperature_month_level_ridge,1,22-23,100000000.0,block_fe_11,block_fixed_effect,-25767121.133333325,-25767121.133333325
temperature_month_level_ridge,1,22-23,100000000.0,block_fe_12,block_fixed_effect,-22486657.26666666,-22486657.26666666
temperature_month_level_ridge,1,22-23,100000000.0,temperature_sep,weather,-0.004146171001748866,-0.002639385306458921
temperature_month_level_ridge,1,22-23,100000000.0,temperature_oct,weather,0.003956691508337493,0.0028351399624640464
temperature_month_level_ridge,1,22-23,100000000.0,temperature_nov,weather,0.0007114122901583646,0.000702289388294804
temperature_month_level_ridge,1,22-23,100000000.0,temperature_dec,weather,-0.0024794260040572756,-0.0026076492750650923
temperature_month_level_ridge,1,22-23,100000000.0,temperature_jan,weather,-0.0029579113260757906,-0.0025804870986163688
temperature_month_level_ridge,1,22-23,100000000.0,temperature_feb,weather,-0.003681537951579374,-0.0037804020594561882
temperature_month_level_ridge,1,22-23,100000000.0,temperature_mar,weather,-0.00255467767768523,-0.002169798674472443
temperature_month_level_ridge,1,22-23,100000000.0,temperature_apr,weather,-0.0036947542371787967,-0.0034545887338115317
temperature_month_level_ridge,1,22-23,100000000.0,growing_season_total_rainfall,weather,0.005685320256548795,2.7744097785217587e-05
temperature_month_level_ridge,1,23-24,100000000.0,intercept,intercept,25699121.466666672,25699121.35403374
temperature_month_level_ridge,1,23-24,100000000.0,block_fe_2,block_fixed_effect,21585050.266666666,21585050.266666666
temperature_month_level_ridge,1,23-24,100000000.0,block_fe_3,block_fixed_effect,22804258.86666664,22804258.86666664
temperature_month_level_ridge,1,23-24,100000000.0,block_fe_4,block_fixed_effect,28416247.066666692,28416247.066666692
temperature_month_level_ridge,1,23-24,100000000.0,block_fe_5,block_fixed_effect,26613339.533333324,26613339.533333324
temperature_month_level_ridge,1,23-24,100000000.0,block_fe_6,block_fixed_effect,18759592.199999996,18759592.199999996
temperature_month_level_ridge,1,23-24,100000000.0,block_fe_7,block_fixed_effect,11381258.066666655,11381258.066666655
temperature_month_level_ridge,1,23-24,100000000.0,block_fe_8,block_fixed_effect,-3280838.9333333448,-3280838.9333333448
temperature_month_level_ridge,1,23-24,100000000.0,block_fe_9,block_fixed_effect,-19248110.200000033,-19248110.200000033
temperature_month_level_ridge,1,23-24,100000000.0,block_fe_10,block_fixed_effect,-25258234.133333348,-25258234.133333348
temperature_month_level_ridge,1,23-24,100000000.0,block_fe_11,block_fixed_effect,-25468864.66666668,-25468864.66666668
temperature_month_level_ridge,1,23-24,100000000.0,block_fe_12,block_fixed_effect,-22270974.866666675,-22270974.866666675
temperature_month_level_ridge,1,23-24,100000000.0,temperature_sep,weather,-0.00317175060396485,-0.0020280103802212757
temperature_month_level_ridge,1,23-24,100000000.0,temperature_oct,weather,0.005934706055397678,0.004197064926214282
temperature_month_level_ridge,1,23-24,100000000.0,temperature_nov,weather,0.003951363120257986,0.004176349984233836
temperature_month_level_ridge,1,23-24,100000000.0,temperature_dec,weather,0.0008229333518695911,0.0008863136151190835
temperature_month_level_ridge,1,23-24,100000000.0,temperature_jan,weather,0.00011259683585172295,0.00010197390924538109
temperature_month_level_ridge,1,23-24,100000000.0,temperature_feb,weather,-1.1178501430247098e-05,-1.1774145622747548e-05
temperature_month_level_ridge,1,23-24,100000000.0,temperature_mar,weather,-0.0023270623385087973,-0.0019769885332372944
temperature_month_level_ridge,1,23-24,100000000.0,temperature_apr,weather,-0.0019869497373706177,-0.0019131629793401829
temperature_month_level_ridge,1,23-24,100000000.0,growing_season_total_rainfall,weather,0.004619855041926278,2.2779256864620692e-05
temperature_month_level_ridge,1,24-25,17.78279410038923,intercept,intercept,24862338.200000007,29328254.454485934
temperature_month_level_ridge,1,24-25,17.78279410038923,block_fe_2,block_fixed_effect,22535265.79999999,22535265.79999999
temperature_month_level_ridge,1,24-25,17.78279410038923,block_fe_3,block_fixed_effect,22986804.26666665,22986804.26666665
temperature_month_level_ridge,1,24-25,17.78279410038923,block_fe_4,block_fixed_effect,29545421.933333352,29545421.933333352
temperature_month_level_ridge,1,24-25,17.78279410038923,block_fe_5,block_fixed_effect,27837675.199999988,27837675.199999988
temperature_month_level_ridge,1,24-25,17.78279410038923,block_fe_6,block_fixed_effect,19873672.733333346,19873672.733333346
temperature_month_level_ridge,1,24-25,17.78279410038923,block_fe_7,block_fixed_effect,12443069.999999998,12443069.999999998
temperature_month_level_ridge,1,24-25,17.78279410038923,block_fe_8,block_fixed_effect,-1238980.4666666687,-1238980.4666666687
temperature_month_level_ridge,1,24-25,17.78279410038923,block_fe_9,block_fixed_effect,-17570306.800000004,-17570306.800000004
temperature_month_level_ridge,1,24-25,17.78279410038923,block_fe_10,block_fixed_effect,-24358207.266666673,-24358207.266666673
temperature_month_level_ridge,1,24-25,17.78279410038923,block_fe_11,block_fixed_effect,-24607828.533333316,-24607828.533333316
temperature_month_level_ridge,1,24-25,17.78279410038923,block_fe_12,block_fixed_effect,-21362255.79999999,-21362255.79999999
temperature_month_level_ridge,1,24-25,17.78279410038923,temperature_sep,weather,-40091.5408503385,-26683.780672614972
temperature_month_level_ridge,1,24-25,17.78279410038923,temperature_oct,weather,27012.93728138704,20035.704855715107
temperature_month_level_ridge,1,24-25,17.78279410038923,temperature_nov,weather,-10823.612463499749,-14862.017311252825
temperature_month_level_ridge,1,24-25,17.78279410038923,temperature_dec,weather,-34114.70853627104,-64285.92808956258
temperature_month_level_ridge,1,24-25,17.78279410038923,temperature_jan,weather,-18525.477633661063,-18334.454577469874
temperature_month_level_ridge,1,24-25,17.78279410038923,temperature_feb,weather,-20890.224647923267,-25114.812109724266
temperature_month_level_ridge,1,24-25,17.78279410038923,temperature_mar,weather,-24094.82768509227,-24063.579491989472
temperature_month_level_ridge,1,24-25,17.78279410038923,temperature_apr,weather,-35010.11398933163,-40092.80151215182
temperature_month_level_ridge,1,24-25,17.78279410038923,growing_season_total_rainfall,weather,33806.18692659124,172.73047280415173
temperature_month_level_ridge,1,25-26,100000000.0,intercept,intercept,25780475.06666666,25780475.40640997
temperature_month_level_ridge,1,25-26,100000000.0,block_fe_2,block_fixed_effect,21657225.066666663,21657225.066666663
temperature_month_level_ridge,1,25-26,100000000.0,block_fe_3,block_fixed_effect,22846337.533333316,22846337.533333316
temperature_month_level_ridge,1,25-26,100000000.0,block_fe_4,block_fixed_effect,28492052.133333344,28492052.133333344
temperature_month_level_ridge,1,25-26,100000000.0,block_fe_5,block_fixed_effect,26502336.000000007,26502336.000000007
temperature_month_level_ridge,1,25-26,100000000.0,block_fe_6,block_fixed_effect,18817758.599999994,18817758.599999994
temperature_month_level_ridge,1,25-26,100000000.0,block_fe_7,block_fixed_effect,11414669.533333361,11414669.533333361
temperature_month_level_ridge,1,25-26,100000000.0,block_fe_8,block_fixed_effect,-2196058.3999999985,-2196058.3999999985
temperature_month_level_ridge,1,25-26,100000000.0,block_fe_9,block_fixed_effect,-18480139.266666673,-18480139.266666673
temperature_month_level_ridge,1,25-26,100000000.0,block_fe_10,block_fixed_effect,-25287185.133333348,-25287185.133333348
temperature_month_level_ridge,1,25-26,100000000.0,block_fe_11,block_fixed_effect,-25529128.666666653,-25529128.666666653
temperature_month_level_ridge,1,25-26,100000000.0,block_fe_12,block_fixed_effect,-22336753.533333316,-22336753.533333316
temperature_month_level_ridge,1,25-26,100000000.0,temperature_sep,weather,-0.0066253142562945734,-0.004357666904673841
temperature_month_level_ridge,1,25-26,100000000.0,temperature_oct,weather,0.005252621422615995,0.003782085220104792
temperature_month_level_ridge,1,25-26,100000000.0,temperature_nov,weather,0.0002756078657601223,0.0002716362185048352
temperature_month_level_ridge,1,25-26,100000000.0,temperature_dec,weather,-0.0015663518372857808,-0.0016343281804698474
temperature_month_level_ridge,1,25-26,100000000.0,temperature_jan,weather,-0.0025575741618362423,-0.002301434634521255
temperature_month_level_ridge,1,25-26,100000000.0,temperature_feb,weather,-0.002768530404234227,-0.003072621022433935
temperature_month_level_ridge,1,25-26,100000000.0,temperature_mar,weather,-0.0037203100744522873,-0.003873526831246461
temperature_month_level_ridge,1,25-26,100000000.0,temperature_apr,weather,-0.004564554250680365,-0.0044976142046943375
temperature_month_level_ridge,1,25-26,100000000.0,growing_season_total_rainfall,weather,0.006190060113070981,3.137250412616496e-05
temperature_month_level_ridge,2,10-11,100000000.0,intercept,intercept,72112990.73333332,72112991.16434173
temperature_month_level_ridge,2,10-11,100000000.0,block_fe_2,block_fixed_effect,30609654.266666703,30609654.266666703
temperature_month_level_ridge,2,10-11,100000000.0,block_fe_3,block_fixed_effect,25708531.80000001,25708531.80000001
temperature_month_level_ridge,2,10-11,100000000.0,block_fe_4,block_fixed_effect,-11801850.466666644,-11801850.466666644
temperature_month_level_ridge,2,10-11,100000000.0,block_fe_5,block_fixed_effect,-64420566.26666663,-64420566.26666663
temperature_month_level_ridge,2,10-11,100000000.0,block_fe_6,block_fixed_effect,-68236912.66666666,-68236912.66666666
temperature_month_level_ridge,2,10-11,100000000.0,temperature_sep,weather,-0.01145810759759978,-0.007083573102422548
temperature_month_level_ridge,2,10-11,100000000.0,temperature_oct,weather,0.012477583644148372,0.00930195740074929
temperature_month_level_ridge,2,10-11,100000000.0,temperature_nov,weather,-0.0002787021669007894,-0.0002788052909580547
temperature_month_level_ridge,2,10-11,100000000.0,temperature_dec,weather,-0.0016268981221684105,-0.0018016788832196514
temperature_month_level_ridge,2,10-11,100000000.0,temperature_jan,weather,-0.004190266739056183,-0.0037096897550561404
temperature_month_level_ridge,2,10-11,100000000.0,temperature_feb,weather,-0.004952063450771673,-0.00502446596321188
temperature_month_level_ridge,2,10-11,100000000.0,temperature_mar,weather,-0.005559455268987831,-0.00474949000988451
temperature_month_level_ridge,2,10-11,100000000.0,temperature_apr,weather,-0.007491212998342447,-0.007436830580756692
temperature_month_level_ridge,2,10-11,100000000.0,growing_season_total_rainfall,weather,0.011082697068689414,6.274396475812543e-05
temperature_month_level_ridge,2,11-12,31.622776601683793,intercept,intercept,73730509.46666662,76600903.60641468
temperature_month_level_ridge,2,11-12,31.622776601683793,block_fe_2,block_fixed_effect,29206116.266666725,29206116.266666725
temperature_month_level_ridge,2,11-12,31.622776601683793,block_fe_3,block_fixed_effect,23877397.933333337,23877397.933333337
temperature_month_level_ridge,2,11-12,31.622776601683793,block_fe_4,block_fixed_effect,-11961320.999999966,-11961320.999999966
temperature_month_level_ridge,2,11-12,31.622776601683793,block_fe_5,block_fixed_effect,-65691530.06666662,-65691530.06666662
temperature_month_level_ridge,2,11-12,31.622776601683793,block_fe_6,block_fixed_effect,-69793112.73333333,-69793112.73333333
temperature_month_level_ridge,2,11-12,31.622776601683793,temperature_sep,weather,-41565.51468152522,-25242.767267923322
temperature_month_level_ridge,2,11-12,31.622776601683793,temperature_oct,weather,10924.9938552712,8454.162714192033
temperature_month_level_ridge,2,11-12,31.622776601683793,temperature_nov,weather,-683.8545316013841,-676.2504143617408
temperature_month_level_ridge,2,11-12,31.622776601683793,temperature_dec,weather,-10207.385142917268,-10668.744684823963
temperature_month_level_ridge,2,11-12,31.622776601683793,temperature_jan,weather,-16614.9524206523,-14510.317520542507
temperature_month_level_ridge,2,11-12,31.622776601683793,temperature_feb,weather,-19391.299991883505,-19811.186109833616
temperature_month_level_ridge,2,11-12,31.622776601683793,temperature_mar,weather,-41937.3897129066,-38751.03165153985
temperature_month_level_ridge,2,11-12,31.622776601683793,temperature_apr,weather,-32128.16095471432,-30239.47043981547
temperature_month_level_ridge,2,11-12,31.622776601683793,growing_season_total_rainfall,weather,55864.75604082766,288.2257206509691
temperature_month_level_ridge,2,12-13,100000000.0,intercept,intercept,75201240.93333332,75201241.68829493
temperature_month_level_ridge,2,12-13,100000000.0,block_fe_2,block_fixed_effect,28702383.933333352,28702383.933333352
temperature_month_level_ridge,2,12-13,100000000.0,block_fe_3,block_fixed_effect,21989765.933333322,21989765.933333322
temperature_month_level_ridge,2,12-13,100000000.0,block_fe_4,block_fixed_effect,-16232644.533333309,-16232644.533333309
temperature_month_level_ridge,2,12-13,100000000.0,block_fe_5,block_fixed_effect,-68120743.79999997,-68120743.79999997
temperature_month_level_ridge,2,12-13,100000000.0,block_fe_6,block_fixed_effect,-71333702.2,-71333702.2
temperature_month_level_ridge,2,12-13,100000000.0,temperature_sep,weather,-0.014225649776946247,-0.008854287112159435
temperature_month_level_ridge,2,12-13,100000000.0,temperature_oct,weather,0.009084918387614297,0.006554235074083764
temperature_month_level_ridge,2,12-13,100000000.0,temperature_nov,weather,-0.0020460323177736326,-0.0021779132470723405
temperature_month_level_ridge,2,12-13,100000000.0,temperature_dec,weather,-0.0036127617653417625,-0.003777196610398312
temperature_month_level_ridge,2,12-13,100000000.0,temperature_jan,weather,-0.008451507782903322,-0.008098229085885339
temperature_month_level_ridge,2,12-13,100000000.0,temperature_feb,weather,-0.005179315515076714,-0.005252040281400114
temperature_month_level_ridge,2,12-13,100000000.0,temperature_mar,weather,-0.0058763577665200675,-0.0049807081171509586
temperature_month_level_ridge,2,12-13,100000000.0,temperature_apr,weather,-0.007480212568652397,-0.007120939765706802
temperature_month_level_ridge,2,12-13,100000000.0,growing_season_total_rainfall,weather,0.011256696059884599,5.527908252148916e-05
temperature_month_level_ridge,2,13-14,100000000.0,intercept,intercept,73023645.46666665,73023645.89663623
temperature_month_level_ridge,2,13-14,100000000.0,block_fe_2,block_fixed_effect,30555795.000000015,30555795.000000015
temperature_month_level_ridge,2,13-14,100000000.0,block_fe_3,block_fixed_effect,23970908.999999985,23970908.999999985
temperature_month_level_ridge,2,13-14,100000000.0,block_fe_4,block_fixed_effect,-13720676.733333325,-13720676.733333325
temperature_month_level_ridge,2,13-14,100000000.0,block_fe_5,block_fixed_effect,-66004972.9333333,-66004972.9333333
temperature_month_level_ridge,2,13-14,100000000.0,block_fe_6,block_fixed_effect,-69273590.93333334,-69273590.93333334
temperature_month_level_ridge,2,13-14,100000000.0,temperature_sep,weather,-0.011357360975209655,-0.006878343157665091
temperature_month_level_ridge,2,13-14,100000000.0,temperature_oct,weather,0.007876038055698514,0.00573245557554729
temperature_month_level_ridge,2,13-14,100000000.0,temperature_nov,weather,-0.0002913836016968848,-0.00028797420231236036
temperature_month_level_ridge,2,13-14,100000000.0,temperature_dec,weather,-0.005292414335237496,-0.00562766768708116
temperature_month_level_ridge,2,13-14,100000000.0,temperature_jan,weather,-0.002071363540269267,-0.001881098654650461
temperature_month_level_ridge,2,13-14,100000000.0,temperature_feb,weather,-0.0030055686726847735,-0.003115037962692242
temperature_month_level_ridge,2,13-14,100000000.0,temperature_mar,weather,-0.004019305055625264,-0.0034812143524958453
temperature_month_level_ridge,2,13-14,100000000.0,temperature_apr,weather,-0.004467823175719847,-0.0046400134393418235
temperature_month_level_ridge,2,13-14,100000000.0,growing_season_total_rainfall,weather,0.011166166150365437,5.4604288955891645e-05
temperature_month_level_ridge,2,14-15,100000000.0,intercept,intercept,73124370.93333335,73124371.46072686
temperature_month_level_ridge,2,14-15,100000000.0,block_fe_2,block_fixed_effect,29811687.46666668,29811687.46666668
temperature_month_level_ridge,2,14-15,100000000.0,block_fe_3,block_fixed_effect,24574273.666666638,24574273.666666638
temperature_month_level_ridge,2,14-15,100000000.0,block_fe_4,block_fixed_effect,-12629759.599999998,-12629759.599999998
temperature_month_level_ridge,2,14-15,100000000.0,block_fe_5,block_fixed_effect,-65417220.799999975,-65417220.799999975
temperature_month_level_ridge,2,14-15,100000000.0,block_fe_6,block_fixed_effect,-69288655.80000003,-69288655.80000003
temperature_month_level_ridge,2,14-15,100000000.0,temperature_sep,weather,-0.013558629636784426,-0.00844946105861225
temperature_month_level_ridge,2,14-15,100000000.0,temperature_oct,weather,0.009574383396105427,0.0071986538756011725
temperature_month_level_ridge,2,14-15,100000000.0,temperature_nov,weather,0.00043470912338923874,0.0004284580813752161
temperature_month_level_ridge,2,14-15,100000000.0,temperature_dec,weather,-0.0027167208138591946,-0.00285190231891355
temperature_month_level_ridge,2,14-15,100000000.0,temperature_jan,weather,-0.004155613835292261,-0.0037526991404616184
temperature_month_level_ridge,2,14-15,100000000.0,temperature_feb,weather,-0.003852366345157011,-0.004409184990388337
temperature_month_level_ridge,2,14-15,100000000.0,temperature_mar,weather,-0.0060403031147007345,-0.005117152128115883
temperature_month_level_ridge,2,14-15,100000000.0,temperature_apr,weather,-0.008335746844907519,-0.007798967989486245
temperature_month_level_ridge,2,14-15,100000000.0,growing_season_total_rainfall,weather,0.011376212258121245,5.7697830317881955e-05
temperature_month_level_ridge,2,15-16,100000000.0,intercept,intercept,73702084.93333332,73702085.44754286
temperature_month_level_ridge,2,15-16,100000000.0,block_fe_2,block_fixed_effect,29459562.733333357,29459562.733333357
temperature_month_level_ridge,2,15-16,100000000.0,block_fe_3,block_fixed_effect,23816430.799999997,23816430.799999997
temperature_month_level_ridge,2,15-16,100000000.0,block_fe_4,block_fixed_effect,-13926690.66666666,-13926690.66666666
temperature_month_level_ridge,2,15-16,100000000.0,block_fe_5,block_fixed_effect,-67168014.26666665,-67168014.26666665
temperature_month_level_ridge,2,15-16,100000000.0,block_fe_6,block_fixed_effect,-70686287.93333334,-70686287.93333334
temperature_month_level_ridge,2,15-16,100000000.0,temperature_sep,weather,-0.012895598418936293,-0.007797545141182346
temperature_month_level_ridge,2,15-16,100000000.0,temperature_oct,weather,0.008959133377157176,0.006371288520348194
temperature_month_level_ridge,2,15-16,100000000.0,temperature_nov,weather,0.0010819758005829333,0.0010673632661145585
temperature_month_level_ridge,2,15-16,100000000.0,temperature_dec,weather,-0.0016868209214469325,-0.0017767219726202862
temperature_month_level_ridge,2,15-16,100000000.0,temperature_jan,weather,-0.008028982034507135,-0.007254556729996057
temperature_month_level_ridge,2,15-16,100000000.0,temperature_feb,weather,-0.0036818782543071547,-0.0037724302126431464
temperature_month_level_ridge,2,15-16,100000000.0,temperature_mar,weather,-0.003757183839930528,-0.0032798779301003436
temperature_month_level_ridge,2,15-16,100000000.0,temperature_apr,weather,-0.008355634102705454,-0.007780043087627673
temperature_month_level_ridge,2,15-16,100000000.0,growing_season_total_rainfall,weather,0.012563651410823795,6.135680126849186e-05
temperature_month_level_ridge,2,16-17,100000000.0,intercept,intercept,72077630.93333334,72077631.47989579
temperature_month_level_ridge,2,16-17,100000000.0,block_fe_2,block_fixed_effect,31017543.86666669,31017543.86666669
temperature_month_level_ridge,2,16-17,100000000.0,block_fe_3,block_fixed_effect,25309582.46666666,25309582.46666666
temperature_month_level_ridge,2,16-17,100000000.0,block_fe_4,block_fixed_effect,-11839803.599999992,-11839803.599999992
temperature_month_level_ridge,2,16-17,100000000.0,block_fe_5,block_fixed_effect,-64494870.5333333,-64494870.5333333
temperature_month_level_ridge,2,16-17,100000000.0,block_fe_6,block_fixed_effect,-68595194.73333335,-68595194.73333335
temperature_month_level_ridge,2,16-17,100000000.0,temperature_sep,weather,-0.012609103237918171,-0.007615325082028617
temperature_month_level_ridge,2,16-17,100000000.0,temperature_oct,weather,0.00831679567234729,0.006030563131156498
temperature_month_level_ridge,2,16-17,100000000.0,temperature_nov,weather,0.00019457507114610962,0.00019182746127965834
temperature_month_level_ridge,2,16-17,100000000.0,temperature_dec,weather,-0.0019507691882253398,-0.002051123845785537
temperature_month_level_ridge,2,16-17,100000000.0,temperature_jan,weather,-0.0032879692564055656,-0.0029152552906526316
temperature_month_level_ridge,2,16-17,100000000.0,temperature_feb,weather,-0.005073972520246622,-0.005145019164907037
temperature_month_level_ridge,2,16-17,100000000.0,temperature_mar,weather,-0.004998910327180667,-0.004268305542958125
temperature_month_level_ridge,2,16-17,100000000.0,temperature_apr,weather,-0.00992515007374479,-0.009313083939483434
temperature_month_level_ridge,2,16-17,100000000.0,growing_season_total_rainfall,weather,0.008867832327087138,4.7772148067449275e-05
temperature_month_level_ridge,2,17-18,100000000.0,intercept,intercept,73405114.53333333,73405114.97236598
temperature_month_level_ridge,2,17-18,100000000.0,block_fe_2,block_fixed_effect,28843463.33333333,28843463.33333333
temperature_month_level_ridge,2,17-18,100000000.0,block_fe_3,block_fixed_effect,23792566.86666666,23792566.86666666
temperature_month_level_ridge,2,17-18,100000000.0,block_fe_4,block_fixed_effect,-12785421.666666673,-12785421.666666673
temperature_month_level_ridge,2,17-18,100000000.0,block_fe_5,block_fixed_effect,-65873132.733333334,-65873132.733333334
temperature_month_level_ridge,2,17-18,100000000.0,block_fe_6,block_fixed_effect,-69955300.13333337,-69955300.13333337
temperature_month_level_ridge,2,17-18,100000000.0,temperature_sep,weather,-0.011025522796127007,-0.007212030900005243
temperature_month_level_ridge,2,17-18,100000000.0,temperature_oct,weather,0.011453802207765757,0.008218838547945707
temperature_month_level_ridge,2,17-18,100000000.0,temperature_nov,weather,0.0013410822459208375,0.0013357773087150219
temperature_month_level_ridge,2,17-18,100000000.0,temperature_dec,weather,-0.002621462625181225,-0.0027463551452782302
temperature_month_level_ridge,2,17-18,100000000.0,temperature_jan,weather,-0.00411988788669236,-0.0036424823871237604
temperature_month_level_ridge,2,17-18,100000000.0,temperature_feb,weather,-0.004813906531299018,-0.004889661500993103
temperature_month_level_ridge,2,17-18,100000000.0,temperature_mar,weather,-0.005388739508170975,-0.004617818102774667
temperature_month_level_ridge,2,17-18,100000000.0,temperature_apr,weather,-0.007820575537711361,-0.007407926059565143
temperature_month_level_ridge,2,17-18,100000000.0,growing_season_total_rainfall,weather,0.012027713935679222,5.8647019190285106e-05
temperature_month_level_ridge,2,18-19,100000000.0,intercept,intercept,72371289.5333333,72371290.23047286
temperature_month_level_ridge,2,18-19,100000000.0,block_fe_2,block_fixed_effect,30211187.066666715,30211187.066666715
temperature_month_level_ridge,2,18-19,100000000.0,block_fe_3,block_fixed_effect,26026609.200000018,26026609.200000018
temperature_month_level_ridge,2,18-19,100000000.0,block_fe_4,block_fixed_effect,-10987035.599999983,-10987035.599999983
temperature_month_level_ridge,2,18-19,100000000.0,block_fe_5,block_fixed_effect,-64754030.266666636,-64754030.266666636
temperature_month_level_ridge,2,18-19,100000000.0,block_fe_6,block_fixed_effect,-68684659.86666666,-68684659.86666666
temperature_month_level_ridge,2,18-19,100000000.0,temperature_sep,weather,-0.011968529342527632,-0.00723067465914514
temperature_month_level_ridge,2,18-19,100000000.0,temperature_oct,weather,0.010905190029112926,0.007732588985013319
temperature_month_level_ridge,2,18-19,100000000.0,temperature_nov,weather,-0.0008686640766470558,-0.000886683858917257
temperature_month_level_ridge,2,18-19,100000000.0,temperature_dec,weather,-0.00388239030847948,-0.004086030440458447
temperature_month_level_ridge,2,18-19,100000000.0,temperature_jan,weather,-0.006074301614592814,-0.0053812474164117476
temperature_month_level_ridge,2,18-19,100000000.0,temperature_feb,weather,-0.007547397928754028,-0.008211586290483824
temperature_month_level_ridge,2,18-19,100000000.0,temperature_mar,weather,-0.005609938029091674,-0.004777212016579168
temperature_month_level_ridge,2,18-19,100000000.0,temperature_apr,weather,-0.00929954106509654,-0.0087065171872341
temperature_month_level_ridge,2,18-19,100000000.0,growing_season_total_rainfall,weather,0.01221136978621117,5.960262886562223e-05
temperature_month_level_ridge,2,19-20,100000000.0,intercept,intercept,72886491.53333332,72886492.10438319
temperature_month_level_ridge,2,19-20,100000000.0,block_fe_2,block_fixed_effect,29844787.400000036,29844787.400000036
temperature_month_level_ridge,2,19-20,100000000.0,block_fe_3,block_fixed_effect,24621877.93333334,24621877.93333334
temperature_month_level_ridge,2,19-20,100000000.0,block_fe_4,block_fixed_effect,-12276775.933333317,-12276775.933333317
temperature_month_level_ridge,2,19-20,100000000.0,block_fe_5,block_fixed_effect,-64886089.66666664,-64886089.66666664
temperature_month_level_ridge,2,19-20,100000000.0,block_fe_6,block_fixed_effect,-69247964.26666667,-69247964.26666667
temperature_month_level_ridge,2,19-20,100000000.0,temperature_sep,weather,-0.012543865742645028,-0.007682572707003325
temperature_month_level_ridge,2,19-20,100000000.0,temperature_oct,weather,0.010257823280699777,0.00733737779785301
temperature_month_level_ridge,2,19-20,100000000.0,temperature_nov,weather,0.00036621306794632234,0.0003699130606710377
temperature_month_level_ridge,2,19-20,100000000.0,temperature_dec,weather,-0.0030515204776293678,-0.0031994956529241675
temperature_month_level_ridge,2,19-20,100000000.0,temperature_jan,weather,-0.004981723514085108,-0.004599159221572689
temperature_month_level_ridge,2,19-20,100000000.0,temperature_feb,weather,-0.005056265303361488,-0.0051508639404782225
temperature_month_level_ridge,2,19-20,100000000.0,temperature_mar,weather,-0.006208986563774158,-0.005271415841655661
temperature_month_level_ridge,2,19-20,100000000.0,temperature_apr,weather,-0.008709471774867347,-0.008337656996822936
temperature_month_level_ridge,2,19-20,100000000.0,growing_season_total_rainfall,weather,0.012092745920409431,5.9251638180793725e-05
temperature_month_level_ridge,2,20-21,100000000.0,intercept,intercept,71883554.86666664,71883555.42993861
temperature_month_level_ridge,2,20-21,100000000.0,block_fe_2,block_fixed_effect,30652879.600000046,30652879.600000046
temperature_month_level_ridge,2,20-21,100000000.0,block_fe_3,block_fixed_effect,25247724.066666674,25247724.066666674
temperature_month_level_ridge,2,20-21,100000000.0,block_fe_4,block_fixed_effect,-10818104.999999989,-10818104.999999989
temperature_month_level_ridge,2,20-21,100000000.0,block_fe_5,block_fixed_effect,-63839565.26666664,-63839565.26666664
temperature_month_level_ridge,2,20-21,100000000.0,block_fe_6,block_fixed_effect,-68049077.93333334,-68049077.93333334
temperature_month_level_ridge,2,20-21,100000000.0,temperature_sep,weather,-0.013213510842591494,-0.008083143728734211
temperature_month_level_ridge,2,20-21,100000000.0,temperature_oct,weather,0.009080044192079029,0.006824110496103203
temperature_month_level_ridge,2,20-21,100000000.0,temperature_nov,weather,-0.0009691266293035676,-0.0009989885760718663
temperature_month_level_ridge,2,20-21,100000000.0,temperature_dec,weather,-0.0029305569185406064,-0.0030578750834196595
temperature_month_level_ridge,2,20-21,100000000.0,temperature_jan,weather,-0.005342408407602321,-0.00466134252605113
temperature_month_level_ridge,2,20-21,100000000.0,temperature_feb,weather,-0.003994612951523269,-0.004182323892828058
temperature_month_level_ridge,2,20-21,100000000.0,temperature_mar,weather,-0.005271922355419838,-0.004548943829054643
temperature_month_level_ridge,2,20-21,100000000.0,temperature_apr,weather,-0.007918378466384197,-0.0074834862316447955
temperature_month_level_ridge,2,20-21,100000000.0,growing_season_total_rainfall,weather,0.01245253654077965,6.0962922446120976e-05
temperature_month_level_ridge,2,21-22,0.31622776601683794,intercept,intercept,72956060.46666667,47930845.60482001
temperature_month_level_ridge,2,21-22,0.31622776601683794,block_fe_2,block_fixed_effect,29926609.600000013,29926609.600000013
temperature_month_level_ridge,2,21-22,0.31622776601683794,block_fe_3,block_fixed_effect,24690736.799999982,24690736.799999982
temperature_month_level_ridge,2,21-22,0.31622776601683794,block_fe_4,block_fixed_effect,-10107809.333333327,-10107809.333333327
temperature_month_level_ridge,2,21-22,0.31622776601683794,block_fe_5,block_fixed_effect,-64882964.066666655,-64882964.066666655
temperature_month_level_ridge,2,21-22,0.31622776601683794,block_fe_6,block_fixed_effect,-69013137.06666668,-69013137.06666668
temperature_month_level_ridge,2,21-22,0.31622776601683794,temperature_sep,weather,-1408848.6495246817,-904326.8867861248
temperature_month_level_ridge,2,21-22,0.31622776601683794,temperature_oct,weather,2032914.4796937916,1518458.8185563788
temperature_month_level_ridge,2,21-22,0.31622776601683794,temperature_nov,weather,234544.41545572804,234248.41841844385
temperature_month_level_ridge,2,21-22,0.31622776601683794,temperature_dec,weather,-142411.42087410935,-151362.0794208396
temperature_month_level_ridge,2,21-22,0.31622776601683794,temperature_jan,weather,274531.22649466485,243690.87670473772
temperature_month_level_ridge,2,21-22,0.31622776601683794,temperature_feb,weather,284640.97163740353,290622.61898932647
temperature_month_level_ridge,2,21-22,0.31622776601683794,temperature_mar,weather,315648.62493683,275824.11185492587
temperature_month_level_ridge,2,21-22,0.31622776601683794,temperature_apr,weather,-673301.6972580913,-626695.595868816
temperature_month_level_ridge,2,21-22,0.31622776601683794,growing_season_total_rainfall,weather,279936.33669664845,1537.2989983794484
temperature_month_level_ridge,2,22-23,100000000.0,intercept,intercept,73928269.06666665,73928269.66927385
temperature_month_level_ridge,2,22-23,100000000.0,block_fe_2,block_fixed_effect,28939810.800000012,28939810.800000012
temperature_month_level_ridge,2,22-23,100000000.0,block_fe_3,block_fixed_effect,24386543.400000006,24386543.400000006
temperature_month_level_ridge,2,22-23,100000000.0,block_fe_4,block_fixed_effect,-13415632.533333313,-13415632.533333313
temperature_month_level_ridge,2,22-23,100000000.0,block_fe_5,block_fixed_effect,-66044111.39999998,-66044111.39999998
temperature_month_level_ridge,2,22-23,100000000.0,block_fe_6,block_fixed_effect,-70141116.53333335,-70141116.53333335
temperature_month_level_ridge,2,22-23,100000000.0,temperature_sep,weather,-0.008292342003497736,-0.005278770612917844
temperature_month_level_ridge,2,22-23,100000000.0,temperature_oct,weather,0.007913383016674987,0.005670279924928094
temperature_month_level_ridge,2,22-23,100000000.0,temperature_nov,weather,0.0014228245803167318,0.0014045787765896106
temperature_month_level_ridge,2,22-23,100000000.0,temperature_dec,weather,-0.00495885200811455,-0.005215298550130184
temperature_month_level_ridge,2,22-23,100000000.0,temperature_jan,weather,-0.005915822652151584,-0.00516097419723274
temperature_month_level_ridge,2,22-23,100000000.0,temperature_feb,weather,-0.007363075903158751,-0.00756080411891238
temperature_month_level_ridge,2,22-23,100000000.0,temperature_mar,weather,-0.005109355355370461,-0.004339597348944887
temperature_month_level_ridge,2,22-23,100000000.0,temperature_apr,weather,-0.007389508474357594,-0.006909177467623064
temperature_month_level_ridge,2,22-23,100000000.0,growing_season_total_rainfall,weather,0.011370640513097585,5.5488195570435146e-05
temperature_month_level_ridge,2,23-24,100000000.0,intercept,intercept,72983293.20000002,72983292.97473416
temperature_month_level_ridge,2,23-24,100000000.0,block_fe_2,block_fixed_effect,29635455.666666675,29635455.666666675
temperature_month_level_ridge,2,23-24,100000000.0,block_fe_3,block_fixed_effect,23787881.466666643,23787881.466666643
temperature_month_level_ridge,2,23-24,100000000.0,block_fe_4,block_fixed_effect,-13484631.133333327,-13484631.133333327
temperature_month_level_ridge,2,23-24,100000000.0,block_fe_5,block_fixed_effect,-66091394.59999999,-66091394.59999999
temperature_month_level_ridge,2,23-24,100000000.0,block_fe_6,block_fixed_effect,-69324889.80000004,-69324889.80000004
temperature_month_level_ridge,2,23-24,100000000.0,temperature_sep,weather,-0.006343501207929699,-0.004056020760442551
temperature_month_level_ridge,2,23-24,100000000.0,temperature_oct,weather,0.011869412110795353,0.008394129852428562
temperature_month_level_ridge,2,23-24,100000000.0,temperature_nov,weather,0.00790272624051598,0.008352699968467681
temperature_month_level_ridge,2,23-24,100000000.0,temperature_dec,weather,0.0016458667037391834,0.0017726272302381683
temperature_month_level_ridge,2,23-24,100000000.0,temperature_jan,weather,0.00022519367170344666,0.00020394781849076285
temperature_month_level_ridge,2,23-24,100000000.0,temperature_feb,weather,-2.235700286049415e-05,-2.3548291245495046e-05
temperature_month_level_ridge,2,23-24,100000000.0,temperature_mar,weather,-0.004654124677017592,-0.003953977066474586
temperature_month_level_ridge,2,23-24,100000000.0,temperature_apr,weather,-0.003973899474741235,-0.0038263259586803658
temperature_month_level_ridge,2,23-24,100000000.0,growing_season_total_rainfall,weather,0.009239710083852557,4.5558513729241384e-05
temperature_month_level_ridge,2,24-25,17.78279410038923,intercept,intercept,72259942.20000002,81191774.70897187
temperature_month_level_ridge,2,24-25,17.78279410038923,block_fe_2,block_fixed_effect,29996960.400000006,29996960.400000006
temperature_month_level_ridge,2,24-25,17.78279410038923,block_fe_3,block_fixed_effect,25176082.13333331,25176082.13333331
temperature_month_level_ridge,2,24-25,17.78279410038923,block_fe_4,block_fixed_effect,-11331176.266666645,-11331176.266666645
temperature_month_level_ridge,2,24-25,17.78279410038923,block_fe_5,block_fixed_effect,-64463779.86666664,-64463779.86666664
temperature_month_level_ridge,2,24-25,17.78279410038923,block_fe_6,block_fixed_effect,-68505350.13333337,-68505350.13333337
temperature_month_level_ridge,2,24-25,17.78279410038923,temperature_sep,weather,-80183.081700677,-53367.561345229944
temperature_month_level_ridge,2,24-25,17.78279410038923,temperature_oct,weather,54025.874562774065,40071.4097114302
temperature_month_level_ridge,2,24-25,17.78279410038923,temperature_nov,weather,-21647.22492699949,-29724.03462250564
temperature_month_level_ridge,2,24-25,17.78279410038923,temperature_dec,weather,-68229.41707254204,-128571.85617912507
temperature_month_level_ridge,2,24-25,17.78279410038923,temperature_jan,weather,-37050.95526732213,-36668.909154939756
temperature_month_level_ridge,2,24-25,17.78279410038923,temperature_feb,weather,-41780.44929584652,-50229.62421944852
temperature_month_level_ridge,2,24-25,17.78279410038923,temperature_mar,weather,-48189.655370184526,-48127.15898397893
temperature_month_level_ridge,2,24-25,17.78279410038923,temperature_apr,weather,-70020.22797866326,-80185.60302430364
temperature_month_level_ridge,2,24-25,17.78279410038923,growing_season_total_rainfall,weather,67612.3738531825,345.4609456083035
temperature_month_level_ridge,2,25-26,100000000.0,intercept,intercept,73218175.2,73218175.87948662
temperature_month_level_ridge,2,25-26,100000000.0,block_fe_2,block_fixed_effect,29681164.60000003,29681164.60000003
temperature_month_level_ridge,2,25-26,100000000.0,block_fe_3,block_fixed_effect,23662869.533333343,23662869.533333343
temperature_month_level_ridge,2,25-26,100000000.0,block_fe_4,block_fixed_effect,-12438613.933333328,-12438613.933333328
temperature_month_level_ridge,2,25-26,100000000.0,block_fe_5,block_fixed_effect,-65424549.466666654,-65424549.466666654
temperature_month_level_ridge,2,25-26,100000000.0,block_fe_6,block_fixed_effect,-69523107.26666668,-69523107.26666668
temperature_month_level_ridge,2,25-26,100000000.0,temperature_sep,weather,-0.013250628512589147,-0.008715333809347681
temperature_month_level_ridge,2,25-26,100000000.0,temperature_oct,weather,0.01050524284523198,0.0075641704402095765
temperature_month_level_ridge,2,25-26,100000000.0,temperature_nov,weather,0.0005512157315202444,0.0005432724370096702
temperature_month_level_ridge,2,25-26,100000000.0,temperature_dec,weather,-0.003132703674571561,-0.0032686563609396944
temperature_month_level_ridge,2,25-26,100000000.0,temperature_jan,weather,-0.005115148323672488,-0.004602869269042514
temperature_month_level_ridge,2,25-26,100000000.0,temperature_feb,weather,-0.005537060808468457,-0.006145242044867873
temperature_month_level_ridge,2,25-26,100000000.0,temperature_mar,weather,-0.007440620148904577,-0.0077470536624929245
temperature_month_level_ridge,2,25-26,100000000.0,temperature_apr,weather,-0.00912910850136073,-0.008995228409388675
temperature_month_level_ridge,2,25-26,100000000.0,growing_season_total_rainfall,weather,0.012380120226141968,6.274500825232994e-05
temperature_month_level_ridge,3,10-11,100000000.0,intercept,intercept,120260943.13333334,120260943.77984595
temperature_month_level_ridge,3,10-11,100000000.0,block_fe_2,block_fixed_effect,32135271.99999994,32135271.99999994
temperature_month_level_ridge,3,10-11,100000000.0,block_fe_3,block_fixed_effect,-52741870.86666666,-52741870.86666666
temperature_month_level_ridge,3,10-11,100000000.0,block_fe_4,block_fixed_effect,-115900372.60000002,-115900372.60000002
temperature_month_level_ridge,3,10-11,100000000.0,temperature_sep,weather,-0.01718716139639967,-0.010625359653633822
temperature_month_level_ridge,3,10-11,100000000.0,temperature_oct,weather,0.018716375466222568,0.013952936101123942
temperature_month_level_ridge,3,10-11,100000000.0,temperature_nov,weather,-0.00041805325035118584,-0.00041820793643708383
temperature_month_level_ridge,3,10-11,100000000.0,temperature_dec,weather,-0.002440347183252614,-0.002702518324829475
temperature_month_level_ridge,3,10-11,100000000.0,temperature_jan,weather,-0.006285400108584272,-0.0055645346325842076
temperature_month_level_ridge,3,10-11,100000000.0,temperature_feb,weather,-0.00742809517615751,-0.007536698944817819
temperature_month_level_ridge,3,10-11,100000000.0,temperature_mar,weather,-0.008339182903481752,-0.00712423501482677
temperature_month_level_ridge,3,10-11,100000000.0,temperature_apr,weather,-0.011236819497513676,-0.011155245871135045
temperature_month_level_ridge,3,10-11,100000000.0,growing_season_total_rainfall,weather,0.01662404560303412,9.411594713718813e-05
temperature_month_level_ridge,3,11-12,31.622776601683793,intercept,intercept,122141692.66666666,126447283.87628873
temperature_month_level_ridge,3,11-12,31.622776601683793,block_fe_2,block_fixed_effect,29991657.26666665,29991657.26666665
temperature_month_level_ridge,3,11-12,31.622776601683793,block_fe_3,block_fixed_effect,-52837655.73333332,-52837655.73333332
temperature_month_level_ridge,3,11-12,31.622776601683793,block_fe_4,block_fixed_effect,-117700165.0,-117700165.0
temperature_month_level_ridge,3,11-12,31.622776601683793,temperature_sep,weather,-62348.272022287856,-37864.150901885
temperature_month_level_ridge,3,11-12,31.622776601683793,temperature_oct,weather,16387.490782906796,12681.244071288047
temperature_month_level_ridge,3,11-12,31.622776601683793,temperature_nov,weather,-1025.7817974020863,-1014.3756215426214
temperature_month_level_ridge,3,11-12,31.622776601683793,temperature_dec,weather,-15311.077714375882,-16003.117027235925
temperature_month_level_ridge,3,11-12,31.622776601683793,temperature_jan,weather,-24922.428630978447,-21765.47628081376
temperature_month_level_ridge,3,11-12,31.622776601683793,temperature_feb,weather,-29086.94998782527,-29716.779164750435
temperature_month_level_ridge,3,11-12,31.622776601683793,temperature_mar,weather,-62906.08456935992,-58126.54747730979
temperature_month_level_ridge,3,11-12,31.622776601683793,temperature_apr,weather,-48192.24143207147,-45359.20565972319
temperature_month_level_ridge,3,11-12,31.622776601683793,growing_season_total_rainfall,weather,83797.1340612415,432.33858097645367
temperature_month_level_ridge,3,12-13,100000000.0,intercept,intercept,124658211.26666667,124658212.3991091
temperature_month_level_ridge,3,12-13,100000000.0,block_fe_2,block_fixed_effect,26979450.133333288,26979450.133333288
temperature_month_level_ridge,3,12-13,100000000.0,block_fe_3,block_fixed_effect,-59074454.60000001,-59074454.60000001
temperature_month_level_ridge,3,12-13,100000000.0,block_fe_4,block_fixed_effect,-120325335.66666667,-120325335.66666667
temperature_month_level_ridge,3,12-13,100000000.0,temperature_sep,weather,-0.021338474665419365,-0.01328143066823915
temperature_month_level_ridge,3,12-13,100000000.0,temperature_oct,weather,0.01362737758142145,0.009831352611125648
temperature_month_level_ridge,3,12-13,100000000.0,temperature_nov,weather,-0.003069048476660448,-0.00326686987060851
temperature_month_level_ridge,3,12-13,100000000.0,temperature_dec,weather,-0.005419142648012643,-0.005665794915597467
temperature_month_level_ridge,3,12-13,100000000.0,temperature_jan,weather,-0.012677261674354985,-0.01214734362882801
temperature_month_level_ridge,3,12-13,100000000.0,temperature_feb,weather,-0.007768973272615074,-0.007878060422100172
temperature_month_level_ridge,3,12-13,100000000.0,temperature_mar,weather,-0.008814536649780104,-0.007471062175726441
temperature_month_level_ridge,3,12-13,100000000.0,temperature_apr,weather,-0.011220318852978596,-0.010681409648560205
temperature_month_level_ridge,3,12-13,100000000.0,growing_season_total_rainfall,weather,0.016885044089826894,8.291862378223372e-05
temperature_month_level_ridge,3,13-14,100000000.0,intercept,intercept,122046959.60000002,122046960.24495439
temperature_month_level_ridge,3,13-14,100000000.0,block_fe_2,block_fixed_effect,29503721.199999943,29503721.199999943
temperature_month_level_ridge,3,13-14,100000000.0,block_fe_3,block_fixed_effect,-56194440.26666668,-56194440.26666668
temperature_month_level_ridge,3,13-14,100000000.0,block_fe_4,block_fixed_effect,-117827783.1333334,-117827783.1333334
temperature_month_level_ridge,3,13-14,100000000.0,temperature_sep,weather,-0.017036041462814486,-0.010317514736497639
temperature_month_level_ridge,3,13-14,100000000.0,temperature_oct,weather,0.01181405708354776,0.008598683363320928
temperature_month_level_ridge,3,13-14,100000000.0,temperature_nov,weather,-0.0004370754025453242,-0.0004319613034685376
temperature_month_level_ridge,3,13-14,100000000.0,temperature_dec,weather,-0.007938621502856248,-0.008441501530621743
temperature_month_level_ridge,3,13-14,100000000.0,temperature_jan,weather,-0.0031070453104039,-0.0028216479819756913
temperature_month_level_ridge,3,13-14,100000000.0,temperature_feb,weather,-0.004508353009027161,-0.0046725569440383636
temperature_month_level_ridge,3,13-14,100000000.0,temperature_mar,weather,-0.006028957583437892,-0.005221821528743765
temperature_month_level_ridge,3,13-14,100000000.0,temperature_apr,weather,-0.006701734763579766,-0.006960020159012731
temperature_month_level_ridge,3,13-14,100000000.0,growing_season_total_rainfall,weather,0.016749249225548154,8.190643343383746e-05
temperature_month_level_ridge,3,14-15,100000000.0,intercept,intercept,121181534.13333334,121181534.9244236
temperature_month_level_ridge,3,14-15,100000000.0,block_fe_2,block_fixed_effect,31396005.666666612,31396005.666666612
temperature_month_level_ridge,3,14-15,100000000.0,block_fe_3,block_fixed_effect,-53445672.06666666,-53445672.06666666
temperature_month_level_ridge,3,14-15,100000000.0,block_fe_4,block_fixed_effect,-116879919.60000001,-116879919.60000001
temperature_month_level_ridge,3,14-15,100000000.0,temperature_sep,weather,-0.020337944455176643,-0.012674191587918378
temperature_month_level_ridge,3,14-15,100000000.0,temperature_oct,weather,0.014361575094158141,0.01079798081340176
temperature_month_level_ridge,3,14-15,100000000.0,temperature_nov,weather,0.0006520636850838581,0.0006426871220628241
temperature_month_level_ridge,3,14-15,100000000.0,temperature_dec,weather,-0.004075081220788795,-0.0042778534783703285
temperature_month_level_ridge,3,14-15,100000000.0,temperature_jan,weather,-0.006233420752938394,-0.00562904871069243
temperature_month_level_ridge,3,14-15,100000000.0,temperature_feb,weather,-0.005778549517735516,-0.006613777485582505
temperature_month_level_ridge,3,14-15,100000000.0,temperature_mar,weather,-0.009060454672051105,-0.007675728192173827
temperature_month_level_ridge,3,14-15,100000000.0,temperature_apr,weather,-0.012503620267361274,-0.011698451984229363
temperature_month_level_ridge,3,14-15,100000000.0,growing_season_total_rainfall,weather,0.01706431838718187,8.654674547682294e-05
temperature_month_level_ridge,3,15-16,100000000.0,intercept,intercept,121914274.80000004,121914275.57131435
temperature_month_level_ridge,3,15-16,100000000.0,block_fe_2,block_fixed_effect,30553698.733333297,30553698.733333297
temperature_month_level_ridge,3,15-16,100000000.0,block_fe_3,block_fixed_effect,-55872318.66666667,-55872318.66666667
temperature_month_level_ridge,3,15-16,100000000.0,block_fe_4,block_fixed_effect,-118630969.00000004,-118630969.00000004
temperature_month_level_ridge,3,15-16,100000000.0,temperature_sep,weather,-0.01934339762840444,-0.01169631771177352
temperature_month_level_ridge,3,15-16,100000000.0,temperature_oct,weather,0.013438700065735774,0.009556932780522298
temperature_month_level_ridge,3,15-16,100000000.0,temperature_nov,weather,0.0016229637008744044,0.0016010448991718423
temperature_month_level_ridge,3,15-16,100000000.0,temperature_dec,weather,-0.0025302313821704008,-0.002665082958930431
temperature_month_level_ridge,3,15-16,100000000.0,temperature_jan,weather,-0.012043473051760702,-0.010881835094994085
temperature_month_level_ridge,3,15-16,100000000.0,temperature_feb,weather,-0.0055228173814607295,-0.005658645318964717
temperature_month_level_ridge,3,15-16,100000000.0,temperature_mar,weather,-0.0056357757598957895,-0.004919816895150513
temperature_month_level_ridge,3,15-16,100000000.0,temperature_apr,weather,-0.012533451154058184,-0.011670064631441511
temperature_month_level_ridge,3,15-16,100000000.0,growing_season_total_rainfall,weather,0.018845477116235698,9.203520190273782e-05
temperature_month_level_ridge,3,16-17,100000000.0,intercept,intercept,120970400.13333334,120970400.95317702
temperature_month_level_ridge,3,16-17,100000000.0,block_fe_2,block_fixed_effect,30619218.866666667,30619218.866666667
temperature_month_level_ridge,3,16-17,100000000.0,block_fe_3,block_fixed_effect,-53607452.5333333,-53607452.5333333
temperature_month_level_ridge,3,16-17,100000000.0,block_fe_4,block_fixed_effect,-117030323.79999997,-117030323.79999997
temperature_month_level_ridge,3,16-17,100000000.0,temperature_sep,weather,-0.01891365485687726,-0.011422987623042925
temperature_month_level_ridge,3,16-17,100000000.0,temperature_oct,weather,0.012475193508520936,0.009045844696734747
temperature_month_level_ridge,3,16-17,100000000.0,temperature_nov,weather,0.00029186260671916166,0.0002877411919194848
temperature_month_level_ridge,3,16-17,100000000.0,temperature_dec,weather,-0.00292615378233801,-0.003076685768678305
temperature_month_level_ridge,3,16-17,100000000.0,temperature_jan,weather,-0.004931953884608347,-0.004372882935978946
temperature_month_level_ridge,3,16-17,100000000.0,temperature_feb,weather,-0.007610958780369935,-0.007717528747360556
temperature_month_level_ridge,3,16-17,100000000.0,temperature_mar,weather,-0.007498365490771002,-0.006402458314437189
temperature_month_level_ridge,3,16-17,100000000.0,temperature_apr,weather,-0.014887725110617185,-0.01396962590922515
temperature_month_level_ridge,3,16-17,100000000.0,growing_season_total_rainfall,weather,0.01330174849063071,7.165822210117393e-05
temperature_month_level_ridge,3,17-18,100000000.0,intercept,intercept,121501624.06666669,121501624.72521566
temperature_month_level_ridge,3,17-18,100000000.0,block_fe_2,block_fixed_effect,29848125.666666627,29848125.666666627
temperature_month_level_ridge,3,17-18,100000000.0,block_fe_3,block_fixed_effect,-53852375.13333333,-53852375.13333333
temperature_month_level_ridge,3,17-18,100000000.0,block_fe_4,block_fixed_effect,-117549383.93333335,-117549383.93333335
temperature_month_level_ridge,3,17-18,100000000.0,temperature_sep,weather,-0.01653828419419051,-0.010818046350007866
temperature_month_level_ridge,3,17-18,100000000.0,temperature_oct,weather,0.017180703311648646,0.01232825782191857
temperature_month_level_ridge,3,17-18,100000000.0,temperature_nov,weather,0.0020116233688812594,0.002003665963072536
temperature_month_level_ridge,3,17-18,100000000.0,temperature_dec,weather,-0.003932193937771839,-0.004119532717917347
temperature_month_level_ridge,3,17-18,100000000.0,temperature_jan,weather,-0.006179831830038542,-0.005463723580685642
temperature_month_level_ridge,3,17-18,100000000.0,temperature_feb,weather,-0.007220859796948523,-0.00733449225148965
temperature_month_level_ridge,3,17-18,100000000.0,temperature_mar,weather,-0.008083109262256458,-0.006926727154161997
temperature_month_level_ridge,3,17-18,100000000.0,temperature_apr,weather,-0.011730863306567045,-0.011111889089347718
temperature_month_level_ridge,3,17-18,100000000.0,growing_season_total_rainfall,weather,0.018041570903518832,8.797052878542765e-05
temperature_month_level_ridge,3,18-19,100000000.0,intercept,intercept,120486186.66666669,120486187.71237603
temperature_month_level_ridge,3,18-19,100000000.0,block_fe_2,block_fixed_effect,32379291.533333287,32379291.533333287
temperature_month_level_ridge,3,18-19,100000000.0,block_fe_3,block_fixed_effect,-51977266.4,-51977266.4
temperature_month_level_ridge,3,18-19,100000000.0,block_fe_4,block_fixed_effect,-116306964.06666666,-116306964.06666666
temperature_month_level_ridge,3,18-19,100000000.0,temperature_sep,weather,-0.01795279401379145,-0.010846011988717713
temperature_month_level_ridge,3,18-19,100000000.0,temperature_oct,weather,0.016357785043669384,0.011598883477519974
temperature_month_level_ridge,3,18-19,100000000.0,temperature_nov,weather,-0.0013029961149705824,-0.0013300257883758842
temperature_month_level_ridge,3,18-19,100000000.0,temperature_dec,weather,-0.005823585462719222,-0.006129045660687673
temperature_month_level_ridge,3,18-19,100000000.0,temperature_jan,weather,-0.00911145242188922,-0.008071871124617621
temperature_month_level_ridge,3,18-19,100000000.0,temperature_feb,weather,-0.011321096893131044,-0.012317379435725738
temperature_month_level_ridge,3,18-19,100000000.0,temperature_mar,weather,-0.00841490704363751,-0.007165818024868752
temperature_month_level_ridge,3,18-19,100000000.0,temperature_apr,weather,-0.013949311597644808,-0.013059775780851147
temperature_month_level_ridge,3,18-19,100000000.0,growing_season_total_rainfall,weather,0.01831705467931676,8.940394329843337e-05
temperature_month_level_ridge,3,19-20,100000000.0,intercept,intercept,121040551.73333333,121040552.58990814
temperature_month_level_ridge,3,19-20,100000000.0,block_fe_2,block_fixed_effect,31045036.4666666,31045036.4666666
temperature_month_level_ridge,3,19-20,100000000.0,block_fe_3,block_fixed_effect,-52933232.400000006,-52933232.400000006
temperature_month_level_ridge,3,19-20,100000000.0,block_fe_4,block_fixed_effect,-116899226.33333334,-116899226.33333334
temperature_month_level_ridge,3,19-20,100000000.0,temperature_sep,weather,-0.018815798613967552,-0.011523859060504993
temperature_month_level_ridge,3,19-20,100000000.0,temperature_oct,weather,0.015386734921049668,0.011006066696779518
temperature_month_level_ridge,3,19-20,100000000.0,temperature_nov,weather,0.0005493196019194845,0.0005548695910065575
temperature_month_level_ridge,3,19-20,100000000.0,temperature_dec,weather,-0.004577280716444052,-0.004799243479386252
temperature_month_level_ridge,3,19-20,100000000.0,temperature_jan,weather,-0.007472585271127662,-0.006898738832359034
temperature_month_level_ridge,3,19-20,100000000.0,temperature_feb,weather,-0.0075843979550422325,-0.007726295910717334
temperature_month_level_ridge,3,19-20,100000000.0,temperature_mar,weather,-0.009313479845661235,-0.00790712376248349
temperature_month_level_ridge,3,19-20,100000000.0,temperature_apr,weather,-0.013064207662301017,-0.0125064854952344
temperature_month_level_ridge,3,19-20,100000000.0,growing_season_total_rainfall,weather,0.018139118880614143,8.887745727119057e-05
temperature_month_level_ridge,3,20-21,100000000.0,intercept,intercept,120187579.73333335,120187580.5782413
temperature_month_level_ridge,3,20-21,100000000.0,block_fe_2,block_fixed_effect,31176108.799999982,31176108.799999982
temperature_month_level_ridge,3,20-21,100000000.0,block_fe_3,block_fixed_effect,-51581586.86666666,-51581586.86666666
temperature_month_level_ridge,3,20-21,100000000.0,block_fe_4,block_fixed_effect,-115849656.2,-115849656.2
temperature_month_level_ridge,3,20-21,100000000.0,temperature_sep,weather,-0.019820266263887245,-0.012124715593101318
temperature_month_level_ridge,3,20-21,100000000.0,temperature_oct,weather,0.01362006628811854,0.010236165744154802
temperature_month_level_ridge,3,20-21,100000000.0,temperature_nov,weather,-0.0014536899439553557,-0.0014984828641078037
temperature_month_level_ridge,3,20-21,100000000.0,temperature_dec,weather,-0.00439583537781091,-0.00458681262512949
temperature_month_level_ridge,3,20-21,100000000.0,temperature_jan,weather,-0.008013612611403483,-0.006992013789076697
temperature_month_level_ridge,3,20-21,100000000.0,temperature_feb,weather,-0.0059919194272848985,-0.006273485839242083
temperature_month_level_ridge,3,20-21,100000000.0,temperature_mar,weather,-0.007907883533129758,-0.006823415743581966
temperature_month_level_ridge,3,20-21,100000000.0,temperature_apr,weather,-0.011877567699576295,-0.011225229347467192
temperature_month_level_ridge,3,20-21,100000000.0,growing_season_total_rainfall,weather,0.018678804811169486,9.144438366918151e-05
temperature_month_level_ridge,3,21-22,0.31622776601683794,intercept,intercept,121356469.2,83818646.90723008
temperature_month_level_ridge,3,21-22,0.31622776601683794,block_fe_2,block_fixed_effect,30772589.39999993,30772589.39999993
temperature_month_level_ridge,3,21-22,0.31622776601683794,block_fe_3,block_fixed_effect,-50939252.60000001,-50939252.60000001
temperature_month_level_ridge,3,21-22,0.31622776601683794,block_fe_4,block_fixed_effect,-116909414.8666667,-116909414.8666667
temperature_month_level_ridge,3,21-22,0.31622776601683794,temperature_sep,weather,-2113272.9742870242,-1356490.3301791882
temperature_month_level_ridge,3,21-22,0.31622776601683794,temperature_oct,weather,3049371.719540686,2277688.2278345674
temperature_month_level_ridge,3,21-22,0.31622776601683794,temperature_nov,weather,351816.6231835947,351372.62762766844
temperature_month_level_ridge,3,21-22,0.31622776601683794,temperature_dec,weather,-213617.13131116595,-227043.11913126145
temperature_month_level_ridge,3,21-22,0.31622776601683794,temperature_jan,weather,411796.83974199736,365536.31505710667
temperature_month_level_ridge,3,21-22,0.31622776601683794,temperature_feb,weather,426961.4574561032,435933.9284839875
temperature_month_level_ridge,3,21-22,0.31622776601683794,temperature_mar,weather,473472.93740524474,413736.1677823885
temperature_month_level_ridge,3,21-22,0.31622776601683794,temperature_apr,weather,-1009952.5458871339,-940043.3938032213
temperature_month_level_ridge,3,21-22,0.31622776601683794,growing_season_total_rainfall,weather,419904.50504497235,2305.9484975691707
temperature_month_level_ridge,3,22-23,100000000.0,intercept,intercept,122420190.86666664,122420191.77057745
temperature_month_level_ridge,3,22-23,100000000.0,block_fe_2,block_fixed_effect,30270779.666666657,30270779.666666657
temperature_month_level_ridge,3,22-23,100000000.0,block_fe_3,block_fixed_effect,-54527527.59999998,-54527527.59999998
temperature_month_level_ridge,3,22-23,100000000.0,block_fe_4,block_fixed_effect,-118128907.39999998,-118128907.39999998
temperature_month_level_ridge,3,22-23,100000000.0,temperature_sep,weather,-0.012438513005246605,-0.007918155919376767
temperature_month_level_ridge,3,22-23,100000000.0,temperature_oct,weather,0.011870074525012474,0.008505419887392136
temperature_month_level_ridge,3,22-23,100000000.0,temperature_nov,weather,0.002134236870475092,0.0021068681648844104
temperature_month_level_ridge,3,22-23,100000000.0,temperature_dec,weather,-0.007438278012171826,-0.007822947825195275
temperature_month_level_ridge,3,22-23,100000000.0,temperature_jan,weather,-0.008873733978227374,-0.007741461295849109
temperature_month_level_ridge,3,22-23,100000000.0,temperature_feb,weather,-0.011044613854738124,-0.011341206178368568
temperature_month_level_ridge,3,22-23,100000000.0,temperature_mar,weather,-0.007664033033055695,-0.006509396023417333
temperature_month_level_ridge,3,22-23,100000000.0,temperature_apr,weather,-0.011084262711536388,-0.010363766201434593
temperature_month_level_ridge,3,22-23,100000000.0,growing_season_total_rainfall,weather,0.01705596076964638,8.323229335565274e-05
temperature_month_level_ridge,3,23-24,100000000.0,intercept,intercept,121486673.53333333,121486673.19543453
temperature_month_level_ridge,3,23-24,100000000.0,block_fe_2,block_fixed_effect,29399869.66666662,29399869.66666662
temperature_month_level_ridge,3,23-24,100000000.0,block_fe_3,block_fixed_effect,-55537000.19999999,-55537000.19999999
temperature_month_level_ridge,3,23-24,100000000.0,block_fe_4,block_fixed_effect,-117387382.8,-117387382.8
temperature_month_level_ridge,3,23-24,100000000.0,temperature_sep,weather,-0.009515251811894547,-0.006084031140663825
temperature_month_level_ridge,3,23-24,100000000.0,temperature_oct,weather,0.01780411816619303,0.012591194778642841
temperature_month_level_ridge,3,23-24,100000000.0,temperature_nov,weather,0.011854089360773968,0.012529049952701519
temperature_month_level_ridge,3,23-24,100000000.0,temperature_dec,weather,0.0024688000556087725,0.0026589408453572497
temperature_month_level_ridge,3,23-24,100000000.0,temperature_jan,weather,0.0003377905075551732,0.0003059217277361472
temperature_month_level_ridge,3,23-24,100000000.0,temperature_feb,weather,-3.3535504290743716e-05,-3.532243686824519e-05
temperature_month_level_ridge,3,23-24,100000000.0,temperature_mar,weather,-0.0069811870155263925,-0.005930965599711883
temperature_month_level_ridge,3,23-24,100000000.0,temperature_apr,weather,-0.005960849212111855,-0.00573948893802055
temperature_month_level_ridge,3,23-24,100000000.0,growing_season_total_rainfall,weather,0.013859565125778836,6.833777059386208e-05
temperature_month_level_ridge,3,24-25,17.78279410038923,intercept,intercept,120109084.6666667,133506833.43012448
temperature_month_level_ridge,3,24-25,17.78279410038923,block_fe_2,block_fixed_effect,31734699.799999937,31734699.799999937
temperature_month_level_ridge,3,24-25,17.78279410038923,block_fe_3,block_fixed_effect,-51888287.333333366,-51888287.333333366
temperature_month_level_ridge,3,24-25,17.78279410038923,block_fe_4,block_fixed_effect,-115850361.66666673,-115850361.66666673
temperature_month_level_ridge,3,24-25,17.78279410038923,temperature_sep,weather,-120274.62255101549,-80051.34201784492
temperature_month_level_ridge,3,24-25,17.78279410038923,temperature_oct,weather,81038.81184416109,60107.1145671453
temperature_month_level_ridge,3,24-25,17.78279410038923,temperature_nov,weather,-32470.83739049919,-44586.0519337584
temperature_month_level_ridge,3,24-25,17.78279410038923,temperature_dec,weather,-102344.12560881308,-192857.78426868762
temperature_month_level_ridge,3,24-25,17.78279410038923,temperature_jan,weather,-55576.43290098323,-55003.36373240966
temperature_month_level_ridge,3,24-25,17.78279410038923,temperature_feb,weather,-62670.67394376977,-75344.43632917276
temperature_month_level_ridge,3,24-25,17.78279410038923,temperature_mar,weather,-72284.48305527678,-72190.73847596839
temperature_month_level_ridge,3,24-25,17.78279410038923,temperature_apr,weather,-105030.34196799481,-120278.40453645537
temperature_month_level_ridge,3,24-25,17.78279410038923,growing_season_total_rainfall,weather,101418.56077977369,518.191418412455
temperature_month_level_ridge,3,25-26,100000000.0,intercept,intercept,121844987.8,121844988.81922993
temperature_month_level_ridge,3,25-26,100000000.0,block_fe_2,block_fixed_effect,29308584.133333273,29308584.133333273
temperature_month_level_ridge,3,25-26,100000000.0,block_fe_3,block_fixed_effect,-53765090.73333332,-53765090.73333332
temperature_month_level_ridge,3,25-26,100000000.0,block_fe_4,block_fixed_effect,-117656629.93333334,-117656629.93333334
temperature_month_level_ridge,3,25-26,100000000.0,temperature_sep,weather,-0.019875942768883718,-0.013073000714021519
temperature_month_level_ridge,3,25-26,100000000.0,temperature_oct,weather,0.015757864267847976,0.01134625566031437
temperature_month_level_ridge,3,25-26,100000000.0,temperature_nov,weather,0.0008268235972803696,0.0008149086555145083
temperature_month_level_ridge,3,25-26,100000000.0,temperature_dec,weather,-0.004699055511857339,-0.004902984541409539
temperature_month_level_ridge,3,25-26,100000000.0,temperature_jan,weather,-0.007672722485508731,-0.00690430390356377
temperature_month_level_ridge,3,25-26,100000000.0,temperature_feb,weather,-0.008305591212702681,-0.009217863067301805
temperature_month_level_ridge,3,25-26,100000000.0,temperature_mar,weather,-0.011160930223356859,-0.01162058049373938
temperature_month_level_ridge,3,25-26,100000000.0,temperature_apr,weather,-0.013693662752041102,-0.013492842614083018
temperature_month_level_ridge,3,25-26,100000000.0,growing_season_total_rainfall,weather,0.01857018033921295,9.411751237849492e-05
temperature_month_level_ridge,4,10-11,100000000.0,intercept,intercept,174835635.73333332,174835636.59535015
temperature_month_level_ridge,4,10-11,100000000.0,block_fe_2,block_fixed_effect,-16702972.933333248,-16702972.933333248
temperature_month_level_ridge,4,10-11,100000000.0,block_fe_3,block_fixed_effect,-163267133.19999993,-163267133.19999993
temperature_month_level_ridge,4,10-11,100000000.0,temperature_sep,weather,-0.02291621519519955,-0.014167146204845089
temperature_month_level_ridge,4,10-11,100000000.0,temperature_oct,weather,0.024955167288296744,0.01860391480149858
temperature_month_level_ridge,4,10-11,100000000.0,temperature_nov,weather,-0.0005574043338015779,-0.0005576105819161086
temperature_month_level_ridge,4,10-11,100000000.0,temperature_dec,weather,-0.0032537962443368235,-0.003603357766439306
temperature_month_level_ridge,4,10-11,100000000.0,temperature_jan,weather,-0.008380533478112366,-0.007419379510112281
temperature_month_level_ridge,4,10-11,100000000.0,temperature_feb,weather,-0.00990412690154335,-0.010048931926423763
temperature_month_level_ridge,4,10-11,100000000.0,temperature_mar,weather,-0.011118910537975665,-0.009498980019769024
temperature_month_level_ridge,4,10-11,100000000.0,temperature_apr,weather,-0.014982425996684893,-0.014873661161513384
temperature_month_level_ridge,4,10-11,100000000.0,growing_season_total_rainfall,weather,0.02216539413737884,0.00012548792951625092
temperature_month_level_ridge,4,11-12,31.622776601683793,intercept,intercept,176667135.2,182407923.4794961
temperature_month_level_ridge,4,11-12,31.622776601683793,block_fe_2,block_fixed_effect,-17290039.3333333,-17290039.3333333
temperature_month_level_ridge,4,11-12,31.622776601683793,block_fe_3,block_fixed_effect,-164690759.06666666,-164690759.06666666
temperature_month_level_ridge,4,11-12,31.622776601683793,temperature_sep,weather,-83131.02936305046,-50485.53453584666
temperature_month_level_ridge,4,11-12,31.622776601683793,temperature_oct,weather,21849.987710542417,16908.32542838408
temperature_month_level_ridge,4,11-12,31.622776601683793,temperature_nov,weather,-1367.7090632027723,-1352.5008287234857
temperature_month_level_ridge,4,11-12,31.622776601683793,temperature_dec,weather,-20414.770285834515,-21337.489369647905
temperature_month_level_ridge,4,11-12,31.622776601683793,temperature_jan,weather,-33229.904841304604,-29020.63504108502
temperature_month_level_ridge,4,11-12,31.622776601683793,temperature_feb,weather,-38782.59998376703,-39622.37221966725
temperature_month_level_ridge,4,11-12,31.622776601683793,temperature_mar,weather,-83874.77942581319,-77502.06330307969
temperature_month_level_ridge,4,11-12,31.622776601683793,temperature_apr,weather,-64256.32190942861,-60478.940879630914
temperature_month_level_ridge,4,11-12,31.622776601683793,growing_season_total_rainfall,weather,111729.51208165535,576.4514413019383
temperature_month_level_ridge,4,12-13,100000000.0,intercept,intercept,179104865.8,179104867.30992323
temperature_month_level_ridge,4,12-13,100000000.0,block_fe_2,block_fixed_effect,-22945262.53333333,-22945262.53333333
temperature_month_level_ridge,4,12-13,100000000.0,block_fe_3,block_fixed_effect,-168156829.9333333,-168156829.9333333
temperature_month_level_ridge,4,12-13,100000000.0,temperature_sep,weather,-0.028451299553892497,-0.017708574224318874
temperature_month_level_ridge,4,12-13,100000000.0,temperature_oct,weather,0.01816983677522861,0.013108470148167536
temperature_month_level_ridge,4,12-13,100000000.0,temperature_nov,weather,-0.004092064635547265,-0.004355826494144681
temperature_month_level_ridge,4,12-13,100000000.0,temperature_dec,weather,-0.007225523530683526,-0.007554393220796625
temperature_month_level_ridge,4,12-13,100000000.0,temperature_jan,weather,-0.016903015565806645,-0.016196458171770678
temperature_month_level_ridge,4,12-13,100000000.0,temperature_feb,weather,-0.010358631030153432,-0.01050408056280023
temperature_month_level_ridge,4,12-13,100000000.0,temperature_mar,weather,-0.011752715533040132,-0.009961416234301915
temperature_month_level_ridge,4,12-13,100000000.0,temperature_apr,weather,-0.014960425137304797,-0.014241879531413608
temperature_month_level_ridge,4,12-13,100000000.0,growing_season_total_rainfall,weather,0.022513392119769188,0.00011055816504297826
temperature_month_level_ridge,4,13-14,100000000.0,intercept,intercept,176603085.93333334,176603086.7932725
temperature_month_level_ridge,4,13-14,100000000.0,block_fe_2,block_fixed_effect,-20305562.733333334,-20305562.733333334
temperature_month_level_ridge,4,13-14,100000000.0,block_fe_3,block_fixed_effect,-165834358.86666667,-165834358.86666667
temperature_month_level_ridge,4,13-14,100000000.0,temperature_sep,weather,-0.022714721950419316,-0.013756686315330186
temperature_month_level_ridge,4,13-14,100000000.0,temperature_oct,weather,0.01575207611139702,0.011464911151094576
temperature_month_level_ridge,4,13-14,100000000.0,temperature_nov,weather,-0.0005827672033937693,-0.0005759484046247204
temperature_month_level_ridge,4,13-14,100000000.0,temperature_dec,weather,-0.010584828670474996,-0.011255335374162323
temperature_month_level_ridge,4,13-14,100000000.0,temperature_jan,weather,-0.0041427270805385365,-0.003762197309300924
temperature_month_level_ridge,4,13-14,100000000.0,temperature_feb,weather,-0.006011137345369547,-0.006230075925384484
temperature_month_level_ridge,4,13-14,100000000.0,temperature_mar,weather,-0.008038610111250528,-0.0069624287049916906
temperature_month_level_ridge,4,13-14,100000000.0,temperature_apr,weather,-0.008935646351439694,-0.009280026878683647
temperature_month_level_ridge,4,13-14,100000000.0,growing_season_total_rainfall,weather,0.022332332300730874,0.00010920857791178329
temperature_month_level_ridge,4,14-15,100000000.0,intercept,intercept,176060429.33333334,176060430.38812035
temperature_month_level_ridge,4,14-15,100000000.0,block_fe_2,block_fixed_effect,-17867173.39999993,-17867173.39999993
temperature_month_level_ridge,4,14-15,100000000.0,block_fe_3,block_fixed_effect,-164517564.0666666,-164517564.0666666
temperature_month_level_ridge,4,14-15,100000000.0,temperature_sep,weather,-0.02711725927356886,-0.016898922117224505
temperature_month_level_ridge,4,14-15,100000000.0,temperature_oct,weather,0.019148766792210854,0.014397307751202345
temperature_month_level_ridge,4,14-15,100000000.0,temperature_nov,weather,0.0008694182467784751,0.0008569161627504299
temperature_month_level_ridge,4,14-15,100000000.0,temperature_dec,weather,-0.005433441627718389,-0.0057038046378271
temperature_month_level_ridge,4,14-15,100000000.0,temperature_jan,weather,-0.008311227670584523,-0.007505398280923237
temperature_month_level_ridge,4,14-15,100000000.0,temperature_feb,weather,-0.007704732690314022,-0.008818369980776675
temperature_month_level_ridge,4,14-15,100000000.0,temperature_mar,weather,-0.012080606229401476,-0.010234304256231772
temperature_month_level_ridge,4,14-15,100000000.0,temperature_apr,weather,-0.016671493689815037,-0.01559793597897249
temperature_month_level_ridge,4,14-15,100000000.0,growing_season_total_rainfall,weather,0.02275242451624249,0.00011539566063576391
temperature_month_level_ridge,4,15-16,100000000.0,intercept,intercept,176863732.6,176863733.62841907
temperature_month_level_ridge,4,15-16,100000000.0,block_fe_2,block_fixed_effect,-19569822.59999998,-19569822.59999998
temperature_month_level_ridge,4,15-16,100000000.0,block_fe_3,block_fixed_effect,-167313864.93333328,-167313864.93333328
temperature_month_level_ridge,4,15-16,100000000.0,temperature_sep,weather,-0.02579119683787259,-0.015595090282364693
temperature_month_level_ridge,4,15-16,100000000.0,temperature_oct,weather,0.01791826675431436,0.012742577040696394
temperature_month_level_ridge,4,15-16,100000000.0,temperature_nov,weather,0.0021639516011658683,0.002134726532229119
temperature_month_level_ridge,4,15-16,100000000.0,temperature_dec,weather,-0.0033736418428938625,-0.0035534439452405697
temperature_month_level_ridge,4,15-16,100000000.0,temperature_jan,weather,-0.016057964069014257,-0.014509113459992102
temperature_month_level_ridge,4,15-16,100000000.0,temperature_feb,weather,-0.007363756508614306,-0.007544860425286289
temperature_month_level_ridge,4,15-16,100000000.0,temperature_mar,weather,-0.007514367679861054,-0.0065597558602006854
temperature_month_level_ridge,4,15-16,100000000.0,temperature_apr,weather,-0.01671126820541091,-0.015560086175255346
temperature_month_level_ridge,4,15-16,100000000.0,growing_season_total_rainfall,weather,0.02512730282164759,0.00012271360253698373
temperature_month_level_ridge,4,16-17,100000000.0,intercept,intercept,175172805.73333332,175172806.82645822
temperature_month_level_ridge,4,16-17,100000000.0,block_fe_2,block_fixed_effect,-17547764.99999994,-17547764.99999994
temperature_month_level_ridge,4,16-17,100000000.0,block_fe_3,block_fixed_effect,-164107609.13333327,-164107609.13333327
temperature_month_level_ridge,4,16-17,100000000.0,temperature_sep,weather,-0.025218206475836343,-0.015230650164057233
temperature_month_level_ridge,4,16-17,100000000.0,temperature_oct,weather,0.016633591344694592,0.012061126262313003
temperature_month_level_ridge,4,16-17,100000000.0,temperature_nov,weather,0.00038915014229221826,0.0003836549225593157
temperature_month_level_ridge,4,16-17,100000000.0,temperature_dec,weather,-0.003901538376450677,-0.004102247691571071
temperature_month_level_ridge,4,16-17,100000000.0,temperature_jan,weather,-0.006575938512811128,-0.00583051058130526
temperature_month_level_ridge,4,16-17,100000000.0,temperature_feb,weather,-0.010147945040493244,-0.010290038329814073
temperature_month_level_ridge,4,16-17,100000000.0,temperature_mar,weather,-0.009997820654361333,-0.00853661108591625
temperature_month_level_ridge,4,16-17,100000000.0,temperature_apr,weather,-0.01985030014748958,-0.018626167878966867
temperature_month_level_ridge,4,16-17,100000000.0,growing_season_total_rainfall,weather,0.017735664654174275,9.554429613489855e-05
temperature_month_level_ridge,4,17-18,100000000.0,intercept,intercept,175653692.40000004,175653693.27806532
temperature_month_level_ridge,4,17-18,100000000.0,block_fe_2,block_fixed_effect,-17836318.133333296,-17836318.133333296
temperature_month_level_ridge,4,17-18,100000000.0,block_fe_3,block_fixed_effect,-164671896.19999996,-164671896.19999996
temperature_month_level_ridge,4,17-18,100000000.0,temperature_sep,weather,-0.022051045592254015,-0.014424061800010487
temperature_month_level_ridge,4,17-18,100000000.0,temperature_oct,weather,0.02290760441553152,0.01643767709589142
temperature_month_level_ridge,4,17-18,100000000.0,temperature_nov,weather,0.002682164491841678,0.002671554617430047
temperature_month_level_ridge,4,17-18,100000000.0,temperature_dec,weather,-0.0052429252503624485,-0.005492710290556459
temperature_month_level_ridge,4,17-18,100000000.0,temperature_jan,weather,-0.008239775773384724,-0.007284964774247524
temperature_month_level_ridge,4,17-18,100000000.0,temperature_feb,weather,-0.009627813062598032,-0.0097793230019862
temperature_month_level_ridge,4,17-18,100000000.0,temperature_mar,weather,-0.010777479016341948,-0.009235636205549335
temperature_month_level_ridge,4,17-18,100000000.0,temperature_apr,weather,-0.015641151075422723,-0.014815852119130286
temperature_month_level_ridge,4,17-18,100000000.0,growing_season_total_rainfall,weather,0.024055427871358434,0.00011729403838057016
temperature_month_level_ridge,4,18-19,100000000.0,intercept,intercept,174953766.13333333,174953767.52761245
temperature_month_level_ridge,4,18-19,100000000.0,block_fe_2,block_fixed_effect,-15171613.466666594,-15171613.466666594
temperature_month_level_ridge,4,18-19,100000000.0,block_fe_3,block_fixed_effect,-163649877.19999993,-163649877.19999993
temperature_month_level_ridge,4,18-19,100000000.0,temperature_sep,weather,-0.023937058685055263,-0.01446134931829028
temperature_month_level_ridge,4,18-19,100000000.0,temperature_oct,weather,0.02181038005822585,0.015465177970026634
temperature_month_level_ridge,4,18-19,100000000.0,temperature_nov,weather,-0.0017373281532941096,-0.001773367717834512
temperature_month_level_ridge,4,18-19,100000000.0,temperature_dec,weather,-0.007764780616958964,-0.008172060880916897
temperature_month_level_ridge,4,18-19,100000000.0,temperature_jan,weather,-0.012148603229185624,-0.010762494832823492
temperature_month_level_ridge,4,18-19,100000000.0,temperature_feb,weather,-0.015094795857508062,-0.016423172580967656
temperature_month_level_ridge,4,18-19,100000000.0,temperature_mar,weather,-0.011219876058183347,-0.009554424033158336
temperature_month_level_ridge,4,18-19,100000000.0,temperature_apr,weather,-0.01859908213019307,-0.01741303437446819
temperature_month_level_ridge,4,18-19,100000000.0,growing_season_total_rainfall,weather,0.024422739572422345,0.00011920525773124448
temperature_month_level_ridge,4,19-20,100000000.0,intercept,intercept,175617770.4666667,175617771.60876644
temperature_month_level_ridge,4,19-20,100000000.0,block_fe_2,block_fixed_effect,-17499685.399999976,-17499685.399999976
temperature_month_level_ridge,4,19-20,100000000.0,block_fe_3,block_fixed_effect,-163978841.3333333,-163978841.3333333
temperature_month_level_ridge,4,19-20,100000000.0,temperature_sep,weather,-0.02508773148529006,-0.015365145414006652
temperature_month_level_ridge,4,19-20,100000000.0,temperature_oct,weather,0.02051564656139955,0.014674755595706017
temperature_month_level_ridge,4,19-20,100000000.0,temperature_nov,weather,0.0007324261358926444,0.0007398261213420751
temperature_month_level_ridge,4,19-20,100000000.0,temperature_dec,weather,-0.006103040955258736,-0.006398991305848336
temperature_month_level_ridge,4,19-20,100000000.0,temperature_jan,weather,-0.009963447028170218,-0.00919831844314538
temperature_month_level_ridge,4,19-20,100000000.0,temperature_feb,weather,-0.010112530606722972,-0.010301727880956442
temperature_month_level_ridge,4,19-20,100000000.0,temperature_mar,weather,-0.012417973127548311,-0.010542831683311318
temperature_month_level_ridge,4,19-20,100000000.0,temperature_apr,weather,-0.01741894354973469,-0.016675313993645868
temperature_month_level_ridge,4,19-20,100000000.0,growing_season_total_rainfall,weather,0.02418549184081885,0.00011850327636158738
temperature_month_level_ridge,4,20-21,100000000.0,intercept,intercept,174419989.33333334,174419990.45987728
temperature_month_level_ridge,4,20-21,100000000.0,block_fe_2,block_fixed_effect,-16223260.533333302,-16223260.533333302
temperature_month_level_ridge,4,20-21,100000000.0,block_fe_3,block_fixed_effect,-162541522.79999995,-162541522.79999995
temperature_month_level_ridge,4,20-21,100000000.0,temperature_sep,weather,-0.02642702168518299,-0.016166287457468422
temperature_month_level_ridge,4,20-21,100000000.0,temperature_oct,weather,0.01816008838415806,0.01364822099220641
temperature_month_level_ridge,4,20-21,100000000.0,temperature_nov,weather,-0.0019382532586071357,-0.001997977152143733
temperature_month_level_ridge,4,20-21,100000000.0,temperature_dec,weather,-0.005861113837081215,-0.0061157501668393215
temperature_month_level_ridge,4,20-21,100000000.0,temperature_jan,weather,-0.010684816815204641,-0.00932268505210226
temperature_month_level_ridge,4,20-21,100000000.0,temperature_feb,weather,-0.007989225903046536,-0.008364647785656114
temperature_month_level_ridge,4,20-21,100000000.0,temperature_mar,weather,-0.010543844710839674,-0.009097887658109285
temperature_month_level_ridge,4,20-21,100000000.0,temperature_apr,weather,-0.015836756932768394,-0.014966972463289591
temperature_month_level_ridge,4,20-21,100000000.0,growing_season_total_rainfall,weather,0.024905073081559308,0.00012192584489224198
temperature_month_level_ridge,4,21-22,0.31622776601683794,intercept,intercept,175838730.53333333,125788300.8096401
temperature_month_level_ridge,4,21-22,0.31622776601683794,block_fe_2,block_fixed_effect,-15343682.133333296,-15343682.133333296
temperature_month_level_ridge,4,21-22,0.31622776601683794,block_fe_3,block_fixed_effect,-163822710.7333333,-163822710.7333333
temperature_month_level_ridge,4,21-22,0.31622776601683794,temperature_sep,weather,-2817697.2990493653,-1808653.7735722507
temperature_month_level_ridge,4,21-22,0.31622776601683794,temperature_oct,weather,4065828.9593875813,3036917.6371127563
temperature_month_level_ridge,4,21-22,0.31622776601683794,temperature_nov,weather,469088.83091145963,468496.83683689125
temperature_month_level_ridge,4,21-22,0.31622776601683794,temperature_dec,weather,-284822.8417482211,-302724.1588416817
temperature_month_level_ridge,4,21-22,0.31622776601683794,temperature_jan,weather,549062.4529893295,487381.7534094752
temperature_month_level_ridge,4,21-22,0.31622776601683794,temperature_feb,weather,569281.9432748038,581245.2379786496
temperature_month_level_ridge,4,21-22,0.31622776601683794,temperature_mar,weather,631297.2498736598,551648.2237098515
temperature_month_level_ridge,4,21-22,0.31622776601683794,temperature_apr,weather,-1346603.3945161782,-1253391.191737628
temperature_month_level_ridge,4,21-22,0.31622776601683794,growing_season_total_rainfall,weather,559872.673393296,3074.597996758892
temperature_month_level_ridge,4,22-23,100000000.0,intercept,intercept,176796348.93333334,176796350.13854775
temperature_month_level_ridge,4,22-23,100000000.0,block_fe_2,block_fixed_effect,-17968899.933333293,-17968899.933333293
temperature_month_level_ridge,4,22-23,100000000.0,block_fe_3,block_fixed_effect,-165125038.7333333,-165125038.7333333
temperature_month_level_ridge,4,22-23,100000000.0,temperature_sep,weather,-0.016584684006995472,-0.010557541225835689
temperature_month_level_ridge,4,22-23,100000000.0,temperature_oct,weather,0.015826766033349975,0.011340559849856187
temperature_month_level_ridge,4,22-23,100000000.0,temperature_nov,weather,0.002845649160633458,0.0028091575531792156
temperature_month_level_ridge,4,22-23,100000000.0,temperature_dec,weather,-0.009917704016229103,-0.01043059710026037
temperature_month_level_ridge,4,22-23,100000000.0,temperature_jan,weather,-0.011831645304303164,-0.010321948394465477
temperature_month_level_ridge,4,22-23,100000000.0,temperature_feb,weather,-0.014726151806317499,-0.015121608237824756
temperature_month_level_ridge,4,22-23,100000000.0,temperature_mar,weather,-0.010218710710740923,-0.008679194697889773
temperature_month_level_ridge,4,22-23,100000000.0,temperature_apr,weather,-0.014779016948715189,-0.013818354935246129
temperature_month_level_ridge,4,22-23,100000000.0,growing_season_total_rainfall,weather,0.022741281026195173,0.0001109763911408703
temperature_month_level_ridge,4,23-24,100000000.0,intercept,intercept,175602042.0666667,175602041.61613497
temperature_month_level_ridge,4,23-24,100000000.0,block_fe_2,block_fixed_effect,-19332205.333333254,-19332205.333333254
temperature_month_level_ridge,4,23-24,100000000.0,block_fe_3,block_fixed_effect,-165051740.06666663,-165051740.06666663
temperature_month_level_ridge,4,23-24,100000000.0,temperature_sep,weather,-0.0126870024158594,-0.008112041520885103
temperature_month_level_ridge,4,23-24,100000000.0,temperature_oct,weather,0.023738824221590713,0.016788259704857127
temperature_month_level_ridge,4,23-24,100000000.0,temperature_nov,weather,0.015805452481031965,0.01670539993693537
temperature_month_level_ridge,4,23-24,100000000.0,temperature_dec,weather,0.0032917334074783673,0.0035452544604763375
temperature_month_level_ridge,4,23-24,100000000.0,temperature_jan,weather,0.0004503873434068941,0.0004078956369815264
temperature_month_level_ridge,4,23-24,100000000.0,temperature_feb,weather,-4.471400572099026e-05,-4.709658249099216e-05
temperature_month_level_ridge,4,23-24,100000000.0,temperature_mar,weather,-0.009308249354035193,-0.007907954132949181
temperature_month_level_ridge,4,23-24,100000000.0,temperature_apr,weather,-0.00794779894948247,-0.0076526519173607315
temperature_month_level_ridge,4,23-24,100000000.0,growing_season_total_rainfall,weather,0.018479420167705114,9.111702745848277e-05
temperature_month_level_ridge,4,24-25,17.78279410038923,intercept,intercept,174516844.8,192380509.81794372
temperature_month_level_ridge,4,24-25,17.78279410038923,block_fe_2,block_fixed_effect,-16152054.533333242,-16152054.533333242
temperature_month_level_ridge,4,24-25,17.78279410038923,block_fe_3,block_fixed_effect,-162966090.39999995,-162966090.39999995
temperature_month_level_ridge,4,24-25,17.78279410038923,temperature_sep,weather,-160366.163401354,-106735.12269045989
temperature_month_level_ridge,4,24-25,17.78279410038923,temperature_oct,weather,108051.74912554817,80142.81942286044
temperature_month_level_ridge,4,24-25,17.78279410038923,temperature_nov,weather,-43294.44985399897,-59448.06924501127
temperature_month_level_ridge,4,24-25,17.78279410038923,temperature_dec,weather,-136458.83414508417,-257143.7123582503
temperature_month_level_ridge,4,24-25,17.78279410038923,temperature_jan,weather,-74101.91053464428,-73337.81830987953
temperature_month_level_ridge,4,24-25,17.78279410038923,temperature_feb,weather,-83560.89859169304,-100459.24843889703
temperature_month_level_ridge,4,24-25,17.78279410038923,temperature_mar,weather,-96379.31074036905,-96254.31796795786
temperature_month_level_ridge,4,24-25,17.78279410038923,temperature_apr,weather,-140040.45595732646,-160371.20604860722
temperature_month_level_ridge,4,24-25,17.78279410038923,growing_season_total_rainfall,weather,135224.747706365,690.921891216607
temperature_month_level_ridge,4,25-26,100000000.0,intercept,intercept,176117515.0,176117516.35897323
temperature_month_level_ridge,4,25-26,100000000.0,block_fe_2,block_fixed_effect,-18456908.99999994,-18456908.99999994
temperature_month_level_ridge,4,25-26,100000000.0,block_fe_3,block_fixed_effect,-164628821.33333328,-164628821.33333328
temperature_month_level_ridge,4,25-26,100000000.0,temperature_sep,weather,-0.026501257025178294,-0.017430667618695363
temperature_month_level_ridge,4,25-26,100000000.0,temperature_oct,weather,0.02101048569046396,0.015128340880419153
temperature_month_level_ridge,4,25-26,100000000.0,temperature_nov,weather,0.001102431463040496,0.0010865448740193476
temperature_month_level_ridge,4,25-26,100000000.0,temperature_dec,weather,-0.006265407349143123,-0.00653731272187939
temperature_month_level_ridge,4,25-26,100000000.0,temperature_jan,weather,-0.010230296647344973,-0.009205738538085024
temperature_month_level_ridge,4,25-26,100000000.0,temperature_feb,weather,-0.011074121616936912,-0.012290484089735744
temperature_month_level_ridge,4,25-26,100000000.0,temperature_mar,weather,-0.014881240297809146,-0.01549410732498584
temperature_month_level_ridge,4,25-26,100000000.0,temperature_apr,weather,-0.01825821700272146,-0.01799045681877735
temperature_month_level_ridge,4,25-26,100000000.0,growing_season_total_rainfall,weather,0.02476024045228394,0.0001254900165046599
temperature_month_level_ridge,5,10-11,100000000.0,intercept,intercept,227418894.19999987,227418895.19706842
temperature_month_level_ridge,5,10-11,100000000.0,block_fe_2,block_fixed_effect,-114177065.39999992,-114177065.39999992
temperature_month_level_ridge,5,10-11,100000000.0,temperature_sep,weather,-0.03212011650265238,-0.01985713533991673
temperature_month_level_ridge,5,10-11,100000000.0,temperature_oct,weather,0.035033067040616594,0.02611692347838807
temperature_month_level_ridge,5,10-11,100000000.0,temperature_nov,weather,0.0016995196304981667,0.001700148478711469
temperature_month_level_ridge,5,10-11,100000000.0,temperature_dec,weather,-0.000265800625350107,-0.00029435609231731174
temperature_month_level_ridge,5,10-11,100000000.0,temperature_jan,weather,-0.0143728603429305,-0.012724453139952496
temperature_month_level_ridge,5,10-11,100000000.0,temperature_feb,weather,-0.011951485992226445,-0.012126224789867716
temperature_month_level_ridge,5,10-11,100000000.0,temperature_mar,weather,-0.012683116354918141,-0.010835294378194306
temperature_month_level_ridge,5,10-11,100000000.0,temperature_apr,weather,-0.021435483906339446,-0.02127987313446509
temperature_month_level_ridge,5,10-11,100000000.0,growing_season_total_rainfall,weather,0.029193203912771457,0.0001652754150119804
temperature_month_level_ridge,5,11-12,31.622776601683793,intercept,intercept,229445440.73333326,237136497.3539528
temperature_month_level_ridge,5,11-12,31.622776601683793,block_fe_2,block_fixed_effect,-114807670.99999997,-114807670.99999997
temperature_month_level_ridge,5,11-12,31.622776601683793,temperature_sep,weather,-119318.38600336212,-72462.14251752864
temperature_month_level_ridge,5,11-12,31.622776601683793,temperature_oct,weather,27290.240568929417,21118.19350523988
temperature_month_level_ridge,5,11-12,31.622776601683793,temperature_nov,weather,8254.809278607514,8163.019965756963
temperature_month_level_ridge,5,11-12,31.622776601683793,temperature_dec,weather,-20619.12684828669,-21551.08256309994
temperature_month_level_ridge,5,11-12,31.622776601683793,temperature_jan,weather,-57101.80671822539,-49868.65598532773
temperature_month_level_ridge,5,11-12,31.622776601683793,temperature_feb,weather,-48566.005772869146,-49617.62127244102
temperature_month_level_ridge,5,11-12,31.622776601683793,temperature_mar,weather,-108413.73360764957,-100176.57396542015
temperature_month_level_ridge,5,11-12,31.622776601683793,temperature_apr,weather,-95904.21405840921,-90266.37566217297
temperature_month_level_ridge,5,11-12,31.622776601683793,growing_season_total_rainfall,weather,157656.7251198676,813.4059187502066
temperature_month_level_ridge,5,12-13,100000000.0,intercept,intercept,231380654.0666666,231380656.04808307
temperature_month_level_ridge,5,12-13,100000000.0,block_fe_2,block_fixed_effect,-120416341.93333335,-120416341.93333335
temperature_month_level_ridge,5,12-13,100000000.0,temperature_sep,weather,-0.040350380400495364,-0.025114765142737198
temperature_month_level_ridge,5,12-13,100000000.0,temperature_oct,weather,0.02449256629224953,0.017669948171008153
temperature_month_level_ridge,5,12-13,100000000.0,temperature_nov,weather,-0.0014171789787548364,-0.0015085259624154628
temperature_month_level_ridge,5,12-13,100000000.0,temperature_dec,weather,-0.007418330276810104,-0.007755975565615962
temperature_month_level_ridge,5,12-13,100000000.0,temperature_jan,weather,-0.02647469350510008,-0.02536803354977797
temperature_month_level_ridge,5,12-13,100000000.0,temperature_feb,weather,-0.012725363919885345,-0.01290404566166376
temperature_month_level_ridge,5,12-13,100000000.0,temperature_mar,weather,-0.014262230017274485,-0.012088441112355902
temperature_month_level_ridge,5,12-13,100000000.0,temperature_apr,weather,-0.02341085120731511,-0.0222864336783478
temperature_month_level_ridge,5,12-13,100000000.0,growing_season_total_rainfall,weather,0.03245004766263616,0.0001593548278310279
temperature_month_level_ridge,5,13-14,100000000.0,intercept,intercept,228799553.5333333,228799554.61081547
temperature_month_level_ridge,5,13-14,100000000.0,block_fe_2,block_fixed_effect,-117679825.4,-117679825.4
temperature_month_level_ridge,5,13-14,100000000.0,temperature_sep,weather,-0.03254453046026746,-0.01970989994061288
temperature_month_level_ridge,5,13-14,100000000.0,temperature_oct,weather,0.019849995235156914,0.01444751981334486
temperature_month_level_ridge,5,13-14,100000000.0,temperature_nov,weather,0.0021631281709637434,0.0021378180031582017
temperature_month_level_ridge,5,13-14,100000000.0,temperature_dec,weather,-0.012848470613932272,-0.013662370011548559
temperature_month_level_ridge,5,13-14,100000000.0,temperature_jan,weather,-0.008437372230485749,-0.007662358269320837
temperature_month_level_ridge,5,13-14,100000000.0,temperature_feb,weather,-0.005967325975363136,-0.006184668850840545
temperature_month_level_ridge,5,13-14,100000000.0,temperature_mar,weather,-0.008267809241440938,-0.007160943445862559
temperature_month_level_ridge,5,13-14,100000000.0,temperature_apr,weather,-0.01319109083967691,-0.013699476538889246
temperature_month_level_ridge,5,13-14,100000000.0,growing_season_total_rainfall,weather,0.0317068741606456,0.0001550515454670469
temperature_month_level_ridge,5,14-15,100000000.0,intercept,intercept,228465679.93333325,228465681.35006872
temperature_month_level_ridge,5,14-15,100000000.0,block_fe_2,block_fixed_effect,-114970524.46666661,-114970524.46666661
temperature_month_level_ridge,5,14-15,100000000.0,temperature_sep,weather,-0.03849466320425702,-0.02398908786669257
temperature_month_level_ridge,5,14-15,100000000.0,temperature_oct,weather,0.026086428004299844,0.019613499719483788
temperature_month_level_ridge,5,14-15,100000000.0,temperature_nov,weather,0.004494344064124238,0.004429716173751764
temperature_month_level_ridge,5,14-15,100000000.0,temperature_dec,weather,-0.005281188978661408,-0.005543976038329044
temperature_month_level_ridge,5,14-15,100000000.0,temperature_jan,weather,-0.01571486341855578,-0.014191201776846156
temperature_month_level_ridge,5,14-15,100000000.0,temperature_feb,weather,-0.009832478435652355,-0.01125365877814209
temperature_month_level_ridge,5,14-15,100000000.0,temperature_mar,weather,-0.014689990062083335,-0.01244489100642017
temperature_month_level_ridge,5,14-15,100000000.0,temperature_apr,weather,-0.025533797818151616,-0.023889553694332176
temperature_month_level_ridge,5,14-15,100000000.0,growing_season_total_rainfall,weather,0.03312345438637491,0.0001679954107187856
temperature_month_level_ridge,5,15-16,100000000.0,intercept,intercept,229137967.59999996,229137969.01936537
temperature_month_level_ridge,5,15-16,100000000.0,block_fe_2,block_fixed_effect,-117584221.93333334,-117584221.93333334
temperature_month_level_ridge,5,15-16,100000000.0,temperature_sep,weather,-0.03636620334310374,-0.021989449653214158
temperature_month_level_ridge,5,15-16,100000000.0,temperature_oct,weather,0.02528799692144149,0.017983561322903838
temperature_month_level_ridge,5,15-16,100000000.0,temperature_nov,weather,0.0056424752097800155,0.005566271228650827
temperature_month_level_ridge,5,15-16,100000000.0,temperature_dec,weather,-0.003828694409428425,-0.004032749059007886
temperature_month_level_ridge,5,15-16,100000000.0,temperature_jan,weather,-0.0227755195484449,-0.020578735624169356
temperature_month_level_ridge,5,15-16,100000000.0,temperature_feb,weather,-0.010223348949578846,-0.010474781562010723
temperature_month_level_ridge,5,15-16,100000000.0,temperature_mar,weather,-0.011090127619711072,-0.009681257657745908
temperature_month_level_ridge,5,15-16,100000000.0,temperature_apr,weather,-0.025737158735642755,-0.023964214020762292
temperature_month_level_ridge,5,15-16,100000000.0,growing_season_total_rainfall,weather,0.03518178758442844,0.00017181644718575718
temperature_month_level_ridge,5,16-17,100000000.0,intercept,intercept,227858045.59999993,227858047.04690063
temperature_month_level_ridge,5,16-17,100000000.0,block_fe_2,block_fixed_effect,-115335484.33333331,-115335484.33333331
temperature_month_level_ridge,5,16-17,100000000.0,temperature_sep,weather,-0.036204985387934596,-0.021866165112368413
temperature_month_level_ridge,5,16-17,100000000.0,temperature_oct,weather,0.022497603199037312,0.016313159747642466
temperature_month_level_ridge,5,16-17,100000000.0,temperature_nov,weather,0.003859177616410393,0.0038046818660926415
temperature_month_level_ridge,5,16-17,100000000.0,temperature_dec,weather,-0.0032310548221243505,-0.003397272026183992
temperature_month_level_ridge,5,16-17,100000000.0,temperature_jan,weather,-0.013167767004863641,-0.011675109903240184
temperature_month_level_ridge,5,16-17,100000000.0,temperature_feb,weather,-0.012462041125016438,-0.012636536789709057
temperature_month_level_ridge,5,16-17,100000000.0,temperature_mar,weather,-0.012029634053313481,-0.010271469250074433
temperature_month_level_ridge,5,16-17,100000000.0,temperature_apr,weather,-0.029462910924939998,-0.02764598625781396
temperature_month_level_ridge,5,16-17,100000000.0,growing_season_total_rainfall,weather,0.02676676545721354,0.0001441959923850652
temperature_month_level_ridge,5,17-18,100000000.0,intercept,intercept,228402331.8666666,228402333.12977284
temperature_month_level_ridge,5,17-18,100000000.0,block_fe_2,block_fixed_effect,-115801615.2666666,-115801615.2666666
temperature_month_level_ridge,5,17-18,100000000.0,temperature_sep,weather,-0.03361807302771051,-0.021990302497007157
temperature_month_level_ridge,5,17-18,100000000.0,temperature_oct,weather,0.029925047780079945,0.021473143309326835
temperature_month_level_ridge,5,17-18,100000000.0,temperature_nov,weather,0.006415435558545984,0.006390057933206776
temperature_month_level_ridge,5,17-18,100000000.0,temperature_dec,weather,-0.0051782858365362235,-0.005424991306107023
temperature_month_level_ridge,5,17-18,100000000.0,temperature_jan,weather,-0.01570356451510659,-0.013883862555119248
temperature_month_level_ridge,5,17-18,100000000.0,temperature_feb,weather,-0.011952023284075054,-0.012140108606417982
temperature_month_level_ridge,5,17-18,100000000.0,temperature_mar,weather,-0.01340095027420284,-0.011483789609195855
temperature_month_level_ridge,5,17-18,100000000.0,temperature_apr,weather,-0.02466435688662767,-0.023362952156374604
temperature_month_level_ridge,5,17-18,100000000.0,growing_season_total_rainfall,weather,0.034297966366143906,0.00016723655903522317
temperature_month_level_ridge,5,18-19,100000000.0,intercept,intercept,228028374.5999999,228028376.48689583
temperature_month_level_ridge,5,18-19,100000000.0,block_fe_2,block_fixed_effect,-113703571.1333333,-113703571.1333333
temperature_month_level_ridge,5,18-19,100000000.0,temperature_sep,weather,-0.03445207645383623,-0.020813898603608615
temperature_month_level_ridge,5,18-19,100000000.0,temperature_oct,weather,0.02931414991490384,0.020785907639562076
temperature_month_level_ridge,5,18-19,100000000.0,temperature_nov,weather,0.0005355347071530177,0.0005466439714595171
temperature_month_level_ridge,5,18-19,100000000.0,temperature_dec,weather,-0.008493037768387616,-0.008938516763191249
temperature_month_level_ridge,5,18-19,100000000.0,temperature_jan,weather,-0.020731404912529446,-0.018366032212842838
temperature_month_level_ridge,5,18-19,100000000.0,temperature_feb,weather,-0.019769964441637408,-0.021509766744086726
temperature_month_level_ridge,5,18-19,100000000.0,temperature_mar,weather,-0.013281286826757051,-0.011309843833460568
temperature_month_level_ridge,5,18-19,100000000.0,temperature_apr,weather,-0.028178060118736952,-0.02638116902859788
temperature_month_level_ridge,5,18-19,100000000.0,growing_season_total_rainfall,weather,0.03493574327909372,0.0001705183101702257
temperature_month_level_ridge,5,19-20,100000000.0,intercept,intercept,228120524.5333333,228120526.04599613
temperature_month_level_ridge,5,19-20,100000000.0,block_fe_2,block_fixed_effect,-114504791.66666664,-114504791.66666664
temperature_month_level_ridge,5,19-20,100000000.0,temperature_sep,weather,-0.036388315408063296,-0.022286262029847573
temperature_month_level_ridge,5,19-20,100000000.0,temperature_oct,weather,0.027093995950315156,0.019380221212721063
temperature_month_level_ridge,5,19-20,100000000.0,temperature_nov,weather,0.004001422848584703,0.004041850776269805
temperature_month_level_ridge,5,19-20,100000000.0,temperature_dec,weather,-0.00584135787951522,-0.0061246186219934854
temperature_month_level_ridge,5,19-20,100000000.0,temperature_jan,weather,-0.017063226636565138,-0.01575288068746936
temperature_month_level_ridge,5,19-20,100000000.0,temperature_feb,weather,-0.012256113226839992,-0.01248541519935252
temperature_month_level_ridge,5,19-20,100000000.0,temperature_mar,weather,-0.015206817927147087,-0.01291055474174033
temperature_month_level_ridge,5,19-20,100000000.0,temperature_apr,weather,-0.026082382633445516,-0.024968903474157273
temperature_month_level_ridge,5,19-20,100000000.0,growing_season_total_rainfall,weather,0.03468438073146345,0.0001699453863623379
temperature_month_level_ridge,5,20-21,100000000.0,intercept,intercept,226955863.7999999,226955865.29455167
temperature_month_level_ridge,5,20-21,100000000.0,block_fe_2,block_fixed_effect,-113251019.86666666,-113251019.86666666
temperature_month_level_ridge,5,20-21,100000000.0,temperature_sep,weather,-0.03862795399601878,-0.023630003245641244
temperature_month_level_ridge,5,20-21,100000000.0,temperature_oct,weather,0.022610862593078148,0.01699320195841938
temperature_month_level_ridge,5,20-21,100000000.0,temperature_nov,weather,-0.00048070433694608457,-0.0004955164026629144
temperature_month_level_ridge,5,20-21,100000000.0,temperature_dec,weather,-0.005520694604208182,-0.005760541406506603
temperature_month_level_ridge,5,20-21,100000000.0,temperature_jan,weather,-0.018630509961620426,-0.01625543794864905
temperature_month_level_ridge,5,20-21,100000000.0,temperature_feb,weather,-0.008426213061000696,-0.008822169416349718
temperature_month_level_ridge,5,20-21,100000000.0,temperature_mar,weather,-0.011728541424877415,-0.010120117964874515
temperature_month_level_ridge,5,20-21,100000000.0,temperature_apr,weather,-0.02353360637730066,-0.022241096463515853
temperature_month_level_ridge,5,20-21,100000000.0,growing_season_total_rainfall,weather,0.035884184579147445,0.0001756754340271858
temperature_month_level_ridge,5,21-22,0.1,intercept,intercept,228456354.9999999,108991529.82397908
temperature_month_level_ridge,5,21-22,0.1,block_fe_2,block_fixed_effect,-112505834.66666663,-112505834.66666663
temperature_month_level_ridge,5,21-22,0.1,temperature_sep,weather,-7273576.013572658,-4668841.010264359
temperature_month_level_ridge,5,21-22,0.1,temperature_oct,weather,7955343.89620697,5942139.826592051
temperature_month_level_ridge,5,21-22,0.1,temperature_nov,weather,1751194.4287022243,1748984.406512622
temperature_month_level_ridge,5,21-22,0.1,temperature_dec,weather,-1042311.5602756297,-1107821.5791917664
temperature_month_level_ridge,5,21-22,0.1,temperature_jan,weather,1102112.8959760617,978303.4931118237
temperature_month_level_ridge,5,21-22,0.1,temperature_feb,weather,1372724.83020912,1401572.2438414735
temperature_month_level_ridge,5,21-22,0.1,temperature_mar,weather,2709873.077543762,2367975.8940900434
temperature_month_level_ridge,5,21-22,0.1,temperature_apr,weather,-2604953.614452314,-2424638.1143370876
temperature_month_level_ridge,5,21-22,0.1,growing_season_total_rainfall,weather,1401561.7282928177,7696.819450082179
temperature_month_level_ridge,5,22-23,100000000.0,intercept,intercept,229637541.19999996,229637542.80555937
temperature_month_level_ridge,5,22-23,100000000.0,block_fe_2,block_fixed_effect,-115767126.80000001,-115767126.80000001
temperature_month_level_ridge,5,22-23,100000000.0,temperature_sep,weather,-0.023940438313497393,-0.0152400952802425
temperature_month_level_ridge,5,22-23,100000000.0,temperature_oct,weather,0.020588677185303307,0.01475267438447624
temperature_month_level_ridge,5,22-23,100000000.0,temperature_nov,weather,0.0072703421906791,0.00717710987063399
temperature_month_level_ridge,5,22-23,100000000.0,temperature_dec,weather,-0.011457299480031496,-0.012049812591470114
temperature_month_level_ridge,5,22-23,100000000.0,temperature_jan,weather,-0.020048418122569543,-0.017490275606602722
temperature_month_level_ridge,5,22-23,100000000.0,temperature_feb,weather,-0.01899848031432338,-0.019508665957387317
temperature_month_level_ridge,5,22-23,100000000.0,temperature_mar,weather,-0.011950185560893651,-0.010149811467887898
temperature_month_level_ridge,5,22-23,100000000.0,temperature_apr,weather,-0.022583422591323937,-0.021115460527751775
temperature_month_level_ridge,5,22-23,100000000.0,growing_season_total_rainfall,weather,0.03247478017620044,0.0001584754131878723
temperature_month_level_ridge,5,23-24,100000000.0,intercept,intercept,227914503.06666654,227914502.21315953
temperature_month_level_ridge,5,23-24,100000000.0,block_fe_2,block_fixed_effect,-117065228.73333327,-117065228.73333327
temperature_month_level_ridge,5,23-24,100000000.0,temperature_sep,weather,-0.017803803517536763,-0.011383712923661119
temperature_month_level_ridge,5,23-24,100000000.0,temperature_oct,weather,0.03211321800900628,0.022710688569131086
temperature_month_level_ridge,5,23-24,100000000.0,temperature_nov,weather,0.026711181530417256,0.02823209084265122
temperature_month_level_ridge,5,23-24,100000000.0,temperature_dec,weather,0.007985731116317406,0.008600772102615974
temperature_month_level_ridge,5,23-24,100000000.0,temperature_jan,weather,-0.002077621941670886,-0.0018816091031648424
temperature_month_level_ridge,5,23-24,100000000.0,temperature_feb,weather,0.0025818735064127183,0.0027194481150900744
temperature_month_level_ridge,5,23-24,100000000.0,temperature_mar,weather,-0.01051936828898497,-0.008936877255101812
temperature_month_level_ridge,5,23-24,100000000.0,temperature_apr,weather,-0.012402090346397842,-0.011941530110650642
temperature_month_level_ridge,5,23-24,100000000.0,growing_season_total_rainfall,weather,0.026117897495142744,0.00012878029514052096
temperature_month_level_ridge,5,24-25,17.78279410038923,intercept,intercept,227216858.19999996,252564541.96477973
temperature_month_level_ridge,5,24-25,17.78279410038923,block_fe_2,block_fixed_effect,-113755919.0,-113755919.0
temperature_month_level_ridge,5,24-25,17.78279410038923,temperature_sep,weather,-235015.53292170394,-156419.6037899981
temperature_month_level_ridge,5,24-25,17.78279410038923,temperature_oct,weather,140027.08594408742,103859.17445988799
temperature_month_level_ridge,5,24-25,17.78279410038923,temperature_nov,weather,-47229.438517724666,-64851.24400178421
temperature_month_level_ridge,5,24-25,17.78279410038923,temperature_dec,weather,-182938.3662016764,-344729.97598555824
temperature_month_level_ridge,5,24-25,17.78279410038923,temperature_jan,weather,-130283.84652718004,-128940.44156736702
temperature_month_level_ridge,5,24-25,17.78279410038923,temperature_feb,weather,-112136.4664699139,-134813.59504289748
temperature_month_level_ridge,5,24-25,17.78279410038923,temperature_mar,weather,-126325.00344225505,-126161.17458434138
temperature_month_level_ridge,5,24-25,17.78279410038923,temperature_apr,weather,-216646.4640471042,-248098.69753628605
temperature_month_level_ridge,5,24-25,17.78279410038923,growing_season_total_rainfall,weather,195834.98468691402,1000.6058822906502
temperature_month_level_ridge,5,25-26,100000000.0,intercept,intercept,228400326.06666666,228400327.85839292
temperature_month_level_ridge,5,25-26,100000000.0,block_fe_2,block_fixed_effect,-115228905.4,-115228905.4
temperature_month_level_ridge,5,25-26,100000000.0,temperature_sep,weather,-0.038134851838784165,-0.025082430107315572
temperature_month_level_ridge,5,25-26,100000000.0,temperature_oct,weather,0.028053710787698357,0.020199728174281013
temperature_month_level_ridge,5,25-26,100000000.0,temperature_nov,weather,0.004764512212456382,0.004695853207390634
temperature_month_level_ridge,5,25-26,100000000.0,temperature_dec,weather,-0.006236873535665266,-0.006507540601495543
temperature_month_level_ridge,5,25-26,100000000.0,temperature_jan,weather,-0.01780895581707787,-0.01602539951086121
temperature_month_level_ridge,5,25-26,100000000.0,temperature_feb,weather,-0.013518052261921227,-0.015002851873620129
temperature_month_level_ridge,5,25-26,100000000.0,temperature_mar,weather,-0.01793778420720655,-0.018676531533451002
temperature_month_level_ridge,5,25-26,100000000.0,temperature_apr,weather,-0.027609010055634316,-0.027204118734104426
temperature_month_level_ridge,5,25-26,100000000.0,growing_season_total_rainfall,weather,0.03533040925213411,0.0001790618168151809
