horizon,outer_held_out_season,alpha,inner_rmse,inner_mae,inner_r_squared,selected_alpha
1,10-11,0.0001,6713839.8292324925,5196606.297300879,0.9005896555669133,False
1,10-11,0.00017782794100389227,6709999.068086911,5193514.767481344,0.9007033616389591,False
1,10-11,0.00031622776601683794,6703335.207046719,5188084.899634913,0.9009004914503078,False
1,10-11,0.0005623413251903491,6691985.348410358,5178636.26514362,0.9012357911693388,False
1,10-11,0.001,6673256.2503997,5162452.30497903,0.9017878473828438,False
1,10-11,0.0017782794100389228,6643928.984404299,5135443.8815456,0.9026491854570587,False
1,10-11,0.0031622776601683794,6601649.042874679,5092165.40832097,0.9038842649749248,False
1,10-11,0.005623413251903491,6547583.211926421,5026746.513402472,0.9054521452798941,False
1,10-11,0.01,6488195.153583039,4934946.179495503,0.9071595077100173,False
1,10-11,0.01778279410038923,6432191.148101834,4835618.058012943,0.9087553288514563,False
1,10-11,0.03162277660168379,6383978.495700168,4725237.839823693,0.9101180559692444,False
1,10-11,0.05623413251903491,6341830.135751653,4614489.789516886,0.9113009768408331,False
1,10-11,0.1,6302663.596152298,4521998.478473752,0.9123931871579553,False
1,10-11,0.1778279410038923,6265476.387286568,4458861.789821362,0.9134239392346701,False
1,10-11,0.31622776601683794,6229730.075745931,4403981.323528277,0.9144090028969576,False
1,10-11,0.5623413251903491,6194110.920859254,4342229.1441364605,0.9153849563877174,False
1,10-11,1.0,6158234.911827175,4280650.472941771,0.9163622908054954,False
1,10-11,1.7782794100389228,6123717.769722745,4231185.083429246,0.9172972483201448,False
1,10-11,3.1622776601683795,6093183.1233424535,4197825.87508342,0.9181199522499648,False
1,10-11,5.623413251903491,6068853.279104233,4177199.9052001704,0.91877253449512,False
1,10-11,10.0,6051507.595980611,4161630.394026706,0.9192361912436668,False
1,10-11,17.78279410038923,6040284.371822169,4152622.7771939985,0.9195354851881928,False
1,10-11,31.622776601683793,6033497.631550702,4150045.3757788497,0.9197162001813022,False
1,10-11,56.23413251903491,6029548.967840124,4149658.756178854,0.9198212503562904,False
1,10-11,100.0,6027294.536735729,4150047.3114313353,0.9198811963574665,False
1,10-11,177.82794100389228,6026018.209355206,4150263.055647732,0.9199151243479465,False
1,10-11,316.22776601683796,6025298.255631254,4150383.341204471,0.9199342593582198,False
1,10-11,562.341325190349,6024892.792022894,4150450.6222431627,0.9199450348088049,False
1,10-11,1000.0,6024664.611031582,4150488.3369345744,0.9199510985433919,False
1,10-11,1778.2794100389228,6024536.244529585,4150509.506301703,0.91995450968365,False
1,10-11,3162.2776601683795,6024464.043282496,4150521.3981193225,0.919956428287625,False
1,10-11,5623.413251903491,6024423.4367641555,4150528.081360315,0.9199575073146673,False
1,10-11,10000.0,6024400.600551943,4150531.8383451374,0.9199581141325325,False
1,10-11,17782.794100389227,6024387.758338957,4150533.950647698,0.9199584553826978,False
1,10-11,31622.776601683792,6024380.53648482,4150535.1383543517,0.9199586472853565,False
1,10-11,56234.13251903491,6024376.475291402,4150535.8062102525,0.9199587552012836,False
1,10-11,100000.0,6024374.191499864,4150536.181760368,0.9199588158872263,False
1,10-11,177827.94100389228,6024372.907224877,4150536.3929436533,0.9199588500135526,False
1,10-11,316227.7660168379,6024372.185022513,4150536.511699454,0.9199588692042319,False
1,10-11,562341.3251903491,6024371.778897818,4150536.5784803415,0.9199588799959552,False
1,10-11,1000000.0,6024371.550516971,4150536.6160338665,0.9199588860645908,False
1,10-11,1778279.410038923,6024371.42208894,4150536.637151726,0.9199588894772364,False
1,10-11,3162277.6601683795,6024371.349868534,4150536.649027156,0.9199588913963084,False
1,10-11,5623413.251903491,6024371.30925601,4150536.655705198,0.919958892475482,False
1,10-11,10000000.0,6024371.286417909,4150536.6594605353,0.919958893082346,False
1,10-11,17782794.100389227,6024371.2735751,4150536.661572317,0.9199588934236107,False
1,10-11,31622776.60168379,6024371.266353057,4150536.662759858,0.919958893615518,False
1,10-11,56234132.51903491,6024371.262291805,4150536.6634276616,0.9199588937234353,False
1,10-11,100000000.0,6024371.260007994,4150536.663803196,0.9199588937841218,True
1,11-12,0.0001,7301841.7744440725,5714250.139572704,0.8817194922807344,False
1,11-12,0.00017782794100389227,7294151.13153122,5707794.761689481,0.881968518247547,False
1,11-12,0.00031622776601683794,7280772.3388716625,5696489.654158806,0.882401103341692,False
1,11-12,0.0005623413251903491,7257876.505936899,5676916.540426452,0.8831395665093533,False
1,11-12,0.001,7219763.434556465,5643679.4249223275,0.8843636754334349,False
1,11-12,0.0017782794100389228,7159117.287364545,5589004.804471747,0.8862982106543457,False
1,11-12,0.0031622776601683794,7069077.524427159,5503393.328512719,0.8891402657321148,False
1,11-12,0.005623413251903491,6947800.962828311,5378649.178654383,0.8929114393607985,False
1,11-12,0.01,6802976.599866488,5212693.311136981,0.8973293530601516,False
1,11-12,0.01778279410038923,6650340.809004484,5023290.88571683,0.9018848327463254,False
1,11-12,0.03162277660168379,6505074.293947005,4859922.1615229,0.9061243696356012,False
1,11-12,0.05623413251903491,6375035.349582937,4718077.643318364,0.9098400756005954,False
1,11-12,0.1,6262442.063174807,4581698.54544664,0.9129966878125811,False
1,11-12,0.1778279410038923,6168537.410337021,4455177.224489269,0.9155863362230907,False
1,11-12,0.31622776601683794,6094437.401011675,4362653.528066508,0.9176022058582143,False
1,11-12,0.5623413251903491,6039104.19035171,4289540.163604808,0.9190916416913205,False
1,11-12,1.0,5998689.226571616,4231274.903665222,0.9201709298798617,False
1,11-12,1.7782794100389228,5968628.821786826,4182714.13974345,0.9209689980719756,False
1,11-12,3.1622776601683795,5946393.829477128,4148918.2403454464,0.9215567312398734,False
1,11-12,5.623413251903491,5931737.054990825,4126439.534284686,0.9219429513260972,False
1,11-12,10.0,5924181.4936387865,4110130.2041737107,0.9221416753112368,False
1,11-12,17.78279410038923,5921617.899149073,4100947.546478661,0.9222090446131828,False
1,11-12,31.622776601683793,5921500.2754368745,4099514.555560211,0.9222121349747117,True
1,11-12,56.23413251903491,5922138.177657136,4100758.5260542915,0.9221953744504354,False
1,11-12,100.0,5922798.343623817,4102722.4570677173,0.9221780270575928,False
1,11-12,177.82794100389228,5923283.185950857,4103980.963905458,0.9221652854686954,False
1,11-12,316.22776601683796,5923595.557516343,4104712.9973721583,0.9221570758349631,False
1,11-12,562.341325190349,5923784.518637902,4105130.9261683817,0.922152109418629,False
1,11-12,1000.0,5923895.124141919,4105367.968652048,0.9221492023292399,False
1,11-12,1778.2794100389228,5923958.721512641,4105501.914551323,0.9221475307491347,False
1,11-12,3162.2776601683795,5923994.93203298,4105577.443782751,0.9221465789913087,False
1,11-12,5623.413251903491,5924015.43691047,4105619.982336912,0.9221460400382403,False
1,11-12,10000.0,5924027.012766905,4105643.9242290272,0.9221457357759866,False
1,11-12,17782.794100389227,5924033.536642673,4105657.3942992277,0.9221455643007971,False
1,11-12,31622.776601683792,5924037.209812233,4105664.971150478,0.9221454677542025,False
1,11-12,56234.13251903491,5924039.276818914,4105669.232583182,0.9221454134244066,False
1,11-12,100000.0,5924040.439635064,4105671.629170423,0.9221453828606053,False
1,11-12,177827.94100389228,5924041.093677875,4105672.976936099,0.9221453656695493,False
1,11-12,316227.7660168379,5924041.461518477,4105673.7348611923,0.9221453560011166,False
1,11-12,562341.3251903491,5924041.668384775,4105674.161080359,0.9221453505637804,False
1,11-12,1000000.0,5924041.784718774,4105674.400763085,0.9221453475060225,False
1,11-12,1778279.410038923,5924041.850139621,4105674.5355472425,0.9221453457864812,False
1,11-12,3162277.6601683795,5924041.88692892,4105674.6113421535,0.9221453448195002,False
1,11-12,5623413.251903491,5924041.907617205,4105674.6539648282,0.922145344275723,False
1,11-12,10000000.0,5924041.91925113,4105674.677933342,0.9221453439699334,False
1,11-12,17782794.100389227,5924041.925793379,4105674.6914118314,0.922145343797975,False
1,11-12,31622776.60168379,5924041.929472362,4105674.698991346,0.9221453437012754,False
1,11-12,56234132.51903491,5924041.931541207,4105674.7032536217,0.9221453436468973,False
1,11-12,100000000.0,5924041.932704604,4105674.7056504753,0.9221453436163182,False
1,12-13,0.0001,6861166.9456582405,5441403.854590107,0.8963427392902451,False
1,12-13,0.00017782794100389227,6849688.166402879,5433195.009441219,0.8966892877716768,False
1,12-13,0.00031622776601683794,6829737.497133677,5418822.473462216,0.897290224969242,False
1,12-13,0.0005623413251903491,6795655.732870576,5393950.344885154,0.8983127521648262,False
1,12-13,0.001,6739130.714706788,5351757.349011996,0.8999973485825771,False
1,12-13,0.0017782794100389228,6649895.251406973,5282503.331041905,0.9026281630472963,False
1,12-13,0.0031622776601683794,6519674.947094101,5174588.9639794445,0.9064043549958583,False
1,12-13,0.005623413251903491,6350595.667626245,5019159.917622525,0.9111959689551219,False
1,12-13,0.01,6162813.370408105,4824011.524660302,0.916370059721962,False
1,12-13,0.01778279410038923,5988867.511570257,4604528.946790918,0.921024357913289,False
1,12-13,0.03162277660168379,5854011.552658027,4401365.413106648,0.9245410244618804,False
1,12-13,0.05623413251903491,5763434.978749958,4253414.679185713,0.9268580473617182,False
1,12-13,0.1,5707136.538664696,4185267.2671509334,0.9282800001364836,False
1,12-13,0.1778279410038923,5670846.359931749,4142670.934636802,0.9291891974383674,False
1,12-13,0.31622776601683794,5642732.791296365,4098994.4038015385,0.9298895548853081,False
1,12-13,0.5623413251903491,5615307.930680162,4051868.0074626775,0.930569401592894,False
1,12-13,1.0,5585531.237926108,3998005.4813753897,0.9313037983922828,False
1,12-13,1.7782794100389228,5554344.397920725,3940860.6798632895,0.932068787883362,False
1,12-13,3.1622776601683795,5525107.114142439,3892595.1797564407,0.9327820662275975,False
1,12-13,5.623413251903491,5501304.9174065115,3863563.4689707714,0.9333599693114163,False
1,12-13,10.0,5484558.1674229065,3844782.066586439,0.9337650751227431,False
1,12-13,17.78279410038923,5474144.2522633085,3833195.7171692625,0.934016366116387,False
1,12-13,31.622776601683793,5468171.70709103,3829215.7640402676,0.9341602699780656,False
1,12-13,56.23413251903491,5464873.216915175,3828338.074098799,0.9342396772145369,False
1,12-13,100.0,5463067.714245344,3828683.280166907,0.9342831222572199,False
1,12-13,177.82794100389228,5462075.522680792,3828880.5140525647,0.9343069908285314,False
1,12-13,316.22776601683796,5461526.496845841,3828992.4051222266,0.9343201965582575,False
1,12-13,562.341325190349,5461220.8992526205,3829055.6331564784,0.9343275465283868,False
1,12-13,1000.0,5461050.10336749,3829091.2854261287,0.9343316541847628,False
1,12-13,1778.2794100389228,5460954.4023314,3829111.364578875,0.9343339557471173,False
1,12-13,3162.2776601683795,5460900.696663821,3829122.6655093245,0.9343352473240626,False
1,12-13,5623.413251903491,5460870.531206468,3829129.0235188897,0.9343359727728248,False
1,12-13,10000.0,5460853.579201441,3829132.599847607,0.9343363804496542,False
1,12-13,17782.794100389227,5460844.049966585,3829134.611267589,0.9343366096165773,False
1,12-13,31622.776601683792,5460838.692417598,3829135.7424678155,0.9343367384591719,False
1,12-13,56234.13251903491,5460835.6800052365,3829136.378618694,0.9343368109040022,False
1,12-13,100000.0,5460833.986114817,3829136.7363621844,0.934336851639976,False
1,12-13,177827.94100389228,5460833.03360615,3829136.9375391584,0.9343368745466283,False
1,12-13,316227.7660168379,5460832.4979825225,3829137.050670241,0.9343368874277105,False
1,12-13,562341.3251903491,5460832.196782815,3829137.114288824,0.9343368946711884,False
1,12-13,1000000.0,5460832.0274069095,3829137.150064279,0.9343368987444678,False
1,12-13,1778279.410038923,5460831.932160197,3829137.170182326,0.9343369010350325,False
1,12-13,3162277.6601683795,5460831.878599148,3829137.181495544,0.934336902323109,False
1,12-13,5623413.251903491,5460831.848479592,3829137.187857437,0.9343369030474467,False
1,12-13,10000000.0,5460831.831542133,3829137.191434994,0.9343369034547715,False
1,12-13,17782794.100389227,5460831.822017503,3829137.193446802,0.9343369036838269,False
1,12-13,31622776.60168379,5460831.816661411,3829137.1945781256,0.9343369038126342,False
1,12-13,56234132.51903491,5460831.813649461,3829137.1952143144,0.934336903885068,False
1,12-13,100000000.0,5460831.8119557155,3829137.1955720703,0.9343369039258004,True
1,13-14,0.0001,6643510.785197868,4980244.606173651,0.9031282693621439,False
1,13-14,0.00017782794100389227,6641645.121361195,4977803.483318224,0.9031826697277722,False
1,13-14,0.00031622776601683794,6638446.753708592,4973994.644032745,0.9032758944791666,False
1,13-14,0.0005623413251903491,6633112.829854565,4967372.517668311,0.9034312656872256,False
1,13-14,0.001,6624627.089795113,4956042.947673544,0.9036781883712036,False
1,13-14,0.0017782794100389228,6612143.510690398,4937809.688252706,0.9040408678056422,False
1,13-14,0.0031622776601683794,6595909.813498012,4909643.086191982,0.9045114744171373,False
1,13-14,0.005623413251903491,6578186.220006382,4868474.599688232,0.9050239514127142,False
1,13-14,0.01,6561992.378920656,4820595.613312957,0.9054909901581679,False
1,13-14,0.01778279410038923,6546112.784045517,4783381.399223608,0.9059478480224203,False
1,13-14,0.03162277660168379,6520936.621047007,4733228.767516439,0.9066699006364963,False
1,13-14,0.05623413251903491,6473599.207638855,4670614.126769865,0.9080200041404993,False
1,13-14,0.1,6400833.716120419,4591994.020991696,0.9100761567535377,False
1,13-14,0.1778279410038923,6313903.971546089,4507022.581519073,0.9125020829162366,False
1,13-14,0.31622776601683794,6228544.945998747,4419705.747743761,0.9148518973076915,False
1,13-14,0.5623413251903491,6153931.456382669,4335549.548206079,0.91687970436843,False
1,13-14,1.0,6091714.257165973,4255092.764457023,0.9185519263083447,False
1,13-14,1.7782794100389228,6040571.790379261,4181444.9080855567,0.9199137662981937,False
1,13-14,3.1622776601683795,5999518.8215656,4120020.1260788823,0.9209986322882182,False
1,13-14,5.623413251903491,5968387.134781702,4085635.0096087507,0.921816386124219,False
1,13-14,10.0,5946677.297172413,4065825.581747675,0.9223841329828454,False
1,13-14,17.78279410038923,5932763.652743543,4051721.4625471155,0.9227469090876895,False
1,13-14,31.622776601683793,5924390.099797644,4045622.648330353,0.9229648265294945,False
1,13-14,56.23413251903491,5919532.734068783,4043720.0912170885,0.9230910959372053,False
1,13-14,100.0,5916765.123089394,4043713.5817548083,0.9231629949123868,False
1,13-14,177.82794100389228,5915200.365353129,4043701.572772014,0.9232036304276912,False
1,13-14,316.22776601683796,5914318.455864302,4043691.924497929,0.9232265281806117,False
1,13-14,562.341325190349,5913822.033352301,4043685.5329998797,0.9232394157112842,False
1,13-14,1000.0,5913542.746538198,4043681.6238535936,0.9232466657477891,False
1,13-14,1778.2794100389228,5913385.656487808,4043679.324236475,0.9232507435148792,False
1,13-14,3162.2776601683795,5913297.307919921,4043677.998702333,0.9232530368326628,False
1,13-14,5623.413251903491,5913247.62276059,4043677.2430081866,0.9232543265256632,False
1,13-14,10000.0,5913219.681788159,4043676.8147854777,0.9232550517933392,False
1,13-14,17782.794100389227,5913203.969128149,4043676.572943955,0.9232554596475173,False
1,13-14,31622.776601683792,5913195.133157241,4043676.436619107,0.9232556890027104,False
1,13-14,56234.13251903491,5913190.164296453,4043676.3598544304,0.9232558179792211,False
1,13-14,100000.0,5913187.370091489,4043676.3166537164,0.9232558905082342,False
1,13-14,177827.94100389228,5913185.798791659,4043676.292349806,0.923255931294356,False
1,13-14,316227.7660168379,5913184.915183915,4043676.278679437,0.9232559542300969,False
1,13-14,562341.3251903491,5913184.418294473,4043676.270990985,0.9232559671278178,False
1,13-14,1000000.0,5913184.138872916,4043676.266667125,0.9232559743807411,False
1,13-14,1778279.410038923,5913183.981742597,4043676.2642355347,0.9232559784593602,False
1,13-14,3162277.6601683795,5913183.893381716,4043676.2628681194,0.9232559807529366,False
1,13-14,5623413.251903491,5913183.843692738,4043676.2620991534,0.9232559820427094,False
1,13-14,10000000.0,5913183.815750574,4043676.261666731,0.9232559827680019,False
1,13-14,17782794.100389227,5913183.800037536,4043676.2614235594,0.9232559831758639,False
1,13-14,31622776.60168379,5913183.791201448,4043676.261286815,0.9232559834052215,False
1,13-14,56234132.51903491,5913183.78623255,4043676.2612099173,0.9232559835341988,False
1,13-14,100000000.0,5913183.783438332,4043676.261166673,0.9232559836067281,True
1,14-15,0.0001,6788874.8151075225,5332153.694000924,0.898307793635146,False
1,14-15,0.00017782794100389227,6786987.528523895,5329806.466640005,0.8983643260252827,False
1,14-15,0.00031622776601683794,6783658.292120593,5325653.525696189,0.8984640127253825,False
1,14-15,0.0005623413251903491,6777821.650791937,5318334.322071259,0.8986386601400681,False
1,14-15,0.001,6767699.687074462,5305536.849809558,0.8989411790801536,False
1,14-15,0.0017782794100389228,6750474.023010447,5283914.448062289,0.8994549695747747,False
1,14-15,0.0031622776601683794,6722087.447114557,5247252.86478852,0.9002988001398228,False
1,14-15,0.005623413251903491,6677735.8056272995,5187128.679901402,0.9016100964438037,False
1,14-15,0.01,6614024.558292569,5099227.383481609,0.9034785860214277,False
1,14-15,0.01778279410038923,6533071.833368517,4979817.342389195,0.9058268849947035,False
1,14-15,0.03162277660168379,6445398.607213523,4832565.537136143,0.9083375141579828,False
1,14-15,0.05623413251903491,6365763.525992797,4681072.008417618,0.9105885635483122,False
1,14-15,0.1,6303414.674082313,4571690.46088546,0.912331449521757,False
1,14-15,0.1778279410038923,6257535.497572706,4497362.807417288,0.9136029899589219,False
1,14-15,0.31622776601683794,6221398.711344224,4428016.609355462,0.9145979808176913,False
1,14-15,0.5623413251903491,6188744.871491569,4358273.427406975,0.9154921158971773,False
1,14-15,1.0,6157045.676806676,4297740.892839802,0.9163556096561448,False
1,14-15,1.7782794100389228,6126971.2465252085,4249110.416380876,0.9171707453000676,False
1,14-15,3.1622776601683795,6100474.665640526,4210624.626221233,0.9178855998007187,False
1,14-15,5.623413251903491,6079361.658867162,4187370.348228718,0.9184529923236078,False
1,14-15,10.0,6064329.7394572785,4169967.2585601965,0.9188557624302959,False
1,14-15,17.78279410038923,6054660.475160691,4159270.978121467,0.919114316831692,False
1,14-15,31.622776601683793,6048868.748379773,4155884.901061847,0.9192689889945415,False
1,14-15,56.23413251903491,6045533.043925285,4155306.4176575355,0.9193580041647085,False
1,14-15,100.0,6043644.610037645,4155834.1951057883,0.9194083763293317,False
1,14-15,177.82794100389228,6042581.907657901,4156129.823344762,0.9194367159773332,False
1,14-15,316.22776601683796,6041984.783886583,4156295.543259148,0.919452637606798,False
1,14-15,562.341325190349,6041649.292069274,4156388.536968675,0.9194615824259943,False
1,14-15,1000.0,6041460.75218757,4156440.7626568284,0.9194666090225596,False
1,14-15,1778.2794100389228,6041354.7717950875,4156470.1085245227,0.9194694344602717,False
1,14-15,3162.2776601683795,6041295.1892845435,4156486.6035048505,0.9194710229084893,False
1,14-15,5623.413251903491,6041261.688374428,4156495.8769324804,0.9194719160237761,False
1,14-15,10000.0,6041242.850975362,4156501.0910043446,0.9194724182159894,False
1,14-15,17782.794100389227,6041232.258421988,4156504.0228509954,0.919472700605551,False
1,14-15,31622.776601683792,6041226.301948842,4156505.671472971,0.9194728594004589,False
1,14-15,56234.13251903491,6041222.952427766,4156506.5985369887,0.9194729486959979,False
1,14-15,100000.0,6041221.068869466,4156507.1198557233,0.9194729989101263,False
1,14-15,177827.94100389228,6041220.0096718045,4156507.413012364,0.9194730271474654,False
1,14-15,316227.7660168379,6041219.41404277,4156507.5778656886,0.9194730430264436,False
1,14-15,562341.3251903491,6041219.079096452,4156507.670569285,0.9194730519558353,False
1,14-15,1000000.0,6041218.890742455,4156507.722700268,0.9194730569771967,False
1,14-15,1778279.410038923,6041218.784823267,4156507.752015652,0.9194730598009144,False
1,14-15,3162277.6601683795,6041218.725260546,4156507.768500895,0.9194730613888071,False
1,14-15,5623413.251903491,6041218.691765972,4156507.7777712266,0.9194730622817446,False
1,14-15,10000000.0,6041218.672930592,4156507.782984317,0.9194730627838803,False
1,14-15,17782794.100389227,6041218.662338677,4156507.7859158516,0.9194730630662519,False
1,14-15,31622776.60168379,6041218.656382409,4156507.7875643754,0.9194730632250411,False
1,14-15,56234132.51903491,6041218.653032953,4156507.7884914093,0.9194730633143348,False
1,14-15,100000000.0,6041218.6511494145,4156507.789012717,0.9194730633645484,True
1,15-16,0.0001,6254735.532101514,4628484.234880654,0.9151731467286792,False
1,15-16,0.00017782794100389227,6253436.284688871,4627190.010669161,0.9152083839093488,False
1,15-16,0.00031622776601683794,6251146.60192724,4624894.785579667,0.915270465091533,False
1,15-16,0.0005623413251903491,6247139.2380559845,4620833.154004983,0.9153790638063319,False
1,15-16,0.001,6240209.643276785,4613673.913083079,0.9155666900305999,False
1,15-16,0.0017782794100389228,6228472.83343233,4601232.507158374,0.9158840017323093,False
1,15-16,0.0031622776601683794,6209275.207530367,4579793.206359414,0.9164017334043273,False
1,15-16,0.005623413251903491,6179600.178576001,4544201.125342021,0.9171988805406853,False
1,15-16,0.01,6137546.360388478,4488965.490544417,0.9183220130428532,False
1,15-16,0.01778279410038923,6084919.5895414725,4411026.423442602,0.9197167137243308,False
1,15-16,0.03162277660168379,6029069.296592936,4330387.460079619,0.9211837068564159,False
1,15-16,0.05623413251903491,5980944.507913878,4259571.3222407,0.9224369282394207,False
1,15-16,0.1,5949571.892021289,4197687.657214812,0.9232484972001779,False
1,15-16,0.1778279410038923,5936950.7766047595,4152656.799456231,0.9235737851801205,False
1,15-16,0.31622776601683794,5936717.091699435,4109012.7833387894,0.9235798015012788,False
1,15-16,0.5623413251903491,5938271.48830058,4068903.782995357,0.9235397784225743,False
1,15-16,1.0,5933741.837151461,4034506.024923347,0.9236563800429842,False
1,15-16,1.7782794100389228,5921576.117373762,4001905.189557609,0.9239691078282444,False
1,15-16,3.1622776601683795,5905024.96929908,3972561.9966599927,0.9243935353391872,False
1,15-16,5.623413251903491,5888699.949340674,3951909.351261496,0.9248110004341135,False
1,15-16,10.0,5875778.846948171,3936638.145667244,0.9251406008216572,False
1,15-16,17.78279410038923,5867034.0981909055,3924876.4378417637,0.9253632570938527,False
1,15-16,31.622776601683793,5861673.277566367,3916645.1036769697,0.9254995888035561,False
1,15-16,56.23413251903491,5858554.6435398115,3912875.535812165,0.9255788418426126,False
1,15-16,100.0,5856781.727001857,3911382.9716382134,0.9256238777075553,False
1,15-16,177.82794100389228,5855782.318247077,3911118.237029057,0.9256492588158716,False
1,15-16,316.22776601683796,5855220.35204644,3910962.7280566758,0.9256635286764558,False
1,15-16,562.341325190349,5854904.511917695,3910873.101807146,0.9256715481209956,False
1,15-16,1000.0,5854726.988989533,3910821.9982974594,0.925676055386437,False
1,15-16,1778.2794100389228,5854627.193797562,3910825.5856042756,0.9256785891029095,False
1,15-16,3162.2776601683795,5854571.08641191,3910843.083497905,0.925680013603546,False
1,15-16,5623.413251903491,5854539.538759455,3910852.928386409,0.9256808145554004,False
1,15-16,10000.0,5854521.799461799,3910858.466187389,0.9256812649300699,False
1,15-16,17782.794100389227,5854511.824323297,3910861.58083202,0.9256815181835617,False
1,15-16,31622.776601683792,5854506.215018781,3910863.3324867976,0.9256816605950243,False
1,15-16,56234.13251903491,5854503.060715742,3910864.317565704,0.9256817406777818,False
1,15-16,100000.0,5854501.286933697,3910864.8715324216,0.9256817857112791,False
1,15-16,177827.94100389228,5854500.2894668365,3910865.1830559056,0.925681811035366,False
1,15-16,316227.7660168379,5854499.728551295,3910865.3582400493,0.9256818252761118,False
1,15-16,562341.3251903491,5854499.413125714,3910865.4567538407,0.9256818332842607,False
1,15-16,1000000.0,5854499.235749003,3910865.512152379,0.9256818377875703,False
1,15-16,1778279.410038923,5854499.136002793,3910865.543305319,0.9256818403199663,False
1,15-16,3162277.6601683795,5854499.079911387,3910865.560823919,0.9256818417440368,False
1,15-16,5623413.251903491,5854499.048368875,3910865.5706753563,0.9256818425448504,False
1,15-16,10000000.0,5854499.030631221,3910865.57621523,0.925681842995181,False
1,15-16,17782794.100389227,5854499.020656603,3910865.579330529,0.9256818432484205,False
1,15-16,31622776.60168379,5854499.015047465,3910865.5810823925,0.9256818433908275,False
1,15-16,56234132.51903491,5854499.011893214,3910865.582067536,0.9256818434709089,False
1,15-16,100000000.0,5854499.010119448,3910865.5826215227,0.9256818435159418,True
1,16-17,0.0001,6857678.098776947,5212446.291228761,0.8967274134240413,False
1,16-17,0.00017782794100389227,6852033.65611292,5208182.699734977,0.8968973474136247,False
1,16-17,0.00031622776601683794,6842189.868623575,5200689.057783021,0.8971933738558551,False
1,16-17,0.0005623413251903491,6825271.359138474,5187633.738102916,0.8977011599618441,False
1,16-17,0.001,6796906.976807935,5165228.32830287,0.8985496578312158,False
1,16-17,0.0017782794100389228,6751261.5945237465,5128296.070878019,0.8999076845172264,False
1,16-17,0.0031622776601683794,6682376.725017673,5069493.669350052,0.9019397998618647,False
1,16-17,0.005623413251903491,6587711.012844987,4984361.271613324,0.9046984546965662,False
1,16-17,0.01,6472836.7451357525,4873140.806873994,0.9079931481374723,False
1,16-17,0.01778279410038923,6353073.13760989,4739318.465360955,0.9113663623178516,False
1,16-17,0.03162277660168379,6248572.943303546,4592407.510752417,0.9142582088395147,False
1,16-17,0.05623413251903491,6174307.910243932,4488963.658367163,0.916284200076203,False
1,16-17,0.1,6130571.5252109375,4428629.541696047,0.9174660194653761,False
1,16-17,0.1778279410038923,6103328.476304225,4376576.286751555,0.9181979190491333,False
1,16-17,0.31622776601683794,6076824.092142751,4321732.886378526,0.9189068457107941,False
1,16-17,0.5623413251903491,6044773.206153994,4262129.136612591,0.9197600062400589,False
1,16-17,1.0,6009368.0473627625,4201281.849992963,0.9206972092758285,False
1,16-17,1.7782794100389228,5974853.527415161,4151150.9338772516,0.9216055369187262,False
1,16-17,3.1622776601683795,5944461.801124029,4114973.58614959,0.9224010320801658,False
1,16-17,5.623413251903491,5920239.006820089,4088370.608541228,0.9230321520120044,False
1,16-17,10.0,5902877.883789982,4067317.792175179,0.9234829071251707,False
1,16-17,17.78279410038923,5891579.144710622,4053234.091927765,0.9237755505669468,False
1,16-17,31.622776601683793,5884720.157253738,4046863.1478993655,0.9239529285480429,False
1,16-17,56.23413251903491,5880721.893729455,4045074.398932491,0.9240562309757269,False
1,16-17,100.0,5878437.519218717,4044795.4003087985,0.9241152204393647,False
1,16-17,177.82794100389228,5877143.985547714,4044625.440287297,0.9241486132303213,False
1,16-17,316.22776601683796,5876414.310623316,4044525.383890321,0.9241674466702565,False
1,16-17,562.341325190349,5876003.381284118,4044467.632938671,0.9241780520257782,False
1,16-17,1000.0,5875772.129985761,4044434.6747670504,0.9241840198844569,False
1,16-17,1778.2794100389228,5875642.038534984,4044419.090530551,0.9241873770267837,False
1,16-17,3162.2776601683795,5875568.867892059,4044412.005486647,0.9241892652370551,False
1,16-17,5623.413251903491,5875527.716455513,4044408.008808768,0.9241903271630698,False
1,16-17,10000.0,5875504.573884073,4044405.7573586274,0.9241909243612787,False
1,16-17,17782.794100389227,5875491.559415628,4044404.490023111,0.924191260200939,False
1,16-17,31622.776601683792,5875484.240702511,4044403.776951686,0.9241914490607365,False
1,16-17,56234.13251903491,5875480.125043638,4044403.375836771,0.9241915552654383,False
1,16-17,100000.0,5875477.810624672,4044403.150233619,0.9241916149890571,False
1,16-17,177827.94100389228,5875476.509126852,4044403.0233550984,0.9241916485742191,False
1,16-17,316227.7660168379,5875475.777239456,4044402.9520020974,0.924191667460576,False
1,16-17,562341.3251903491,5875475.365668488,4044402.9118760996,0.9241916780811654,False
1,16-17,1000000.0,5875475.134224986,4044402.8893111977,0.9241916840535649,False
1,16-17,1778279.410038923,5875475.004074696,4044402.876621894,0.924191687412093,False
1,16-17,3162277.6601683795,5875474.930885795,4044402.8694861345,0.9241916893007326,False
1,16-17,5623413.251903491,5875474.889728649,4044402.865473391,0.9241916903627926,False
1,16-17,10000000.0,5875474.866584282,4044402.8632168546,0.924191690960033,False
1,16-17,17782794.100389227,5875474.853569249,4044402.86194791,0.9241916912958859,False
1,16-17,31622776.60168379,5875474.846250357,4044402.8612343296,0.9241916914847499,False
1,16-17,56234132.51903491,5875474.8421346415,4044402.860833054,0.9241916915909559,False
1,16-17,100000000.0,5875474.839820205,4044402.8606073987,0.9241916916506799,True
1,17-18,0.0001,6703406.27952462,5158671.277298257,0.9009687406443798,False
1,17-18,0.00017782794100389227,6701485.830118559,5156182.128632657,0.9010254751678247,False
1,17-18,0.00031622776601683794,6698102.18292129,5151780.6849538,0.9011253963901182,False
1,17-18,0.0005623413251903491,6692182.760933984,5144031.572805208,0.9013000792680212,False
1,17-18,0.001,6681955.370742011,5130593.65381821,0.9016015268800428,False
1,17-18,0.0017782794100389228,6664661.762443207,5107503.06147993,0.9021101991212832,False
1,17-18,0.0031622776601683794,6636470.534818838,5068592.1601571,0.9029365867736571,False
1,17-18,0.005623413251903491,6593191.338141558,5005418.744515347,0.9041984409043508,False
1,17-18,0.01,6532648.585878021,4916453.4516396895,0.9059497809639018,False
1,17-18,0.01778279410038923,6458399.563413746,4807125.45678704,0.9080755503621475,False
1,17-18,0.03162277660168379,6381016.447209718,4691886.101000841,0.9102651902886794,False
1,17-18,0.05623413251903491,6312852.148851612,4585908.150928987,0.9121721090216319,False
1,17-18,0.1,6260817.668804201,4506591.858200016,0.9136140068543726,False
1,17-18,0.1778279410038923,6224590.078503289,4446357.4623607565,0.9146108421245475,False
1,17-18,0.31622776601683794,6198781.302530209,4388050.65033842,0.9153174656530733,False
1,17-18,0.5623413251903491,6176598.153255538,4327679.023516702,0.9159224761977827,False
1,17-18,1.0,6153813.696297494,4277253.168508062,0.916541628487037,False
1,17-18,1.7782794100389228,6130067.296000196,4239121.814344852,0.9171844858211188,False
1,17-18,3.1622776601683795,6107424.240728782,4213846.861702376,0.9177951587234445,False
1,17-18,5.623413251903491,6088378.167148871,4193724.77273217,0.9183070727805525,False
1,17-18,10.0,6074319.181850428,4178398.0349575174,0.9186839198089511,False
1,17-18,17.78279410038923,6065031.957927623,4167349.451380245,0.9189323833148249,False
1,17-18,31.622776601683793,6059349.538598751,4163016.274674282,0.9190842190827064,False
1,17-18,56.23413251903491,6056022.014626933,4162636.8225109843,0.9191730653422502,False
1,17-18,100.0,6054115.576477808,4162970.6927958527,0.9192239460349872,False
1,17-18,177.82794100389228,6053034.219814494,4163157.2920035785,0.9192527991093217,False
1,17-18,316.22776601683796,6052423.614724837,4163261.7675040616,0.9192690891758318,False
1,17-18,562.341325190349,6052079.537875336,4163320.355061558,0.9192782679278989,False
1,17-18,1000.0,6051885.8418507865,4163353.246017627,0.9192834348224492,False
1,17-18,1778.2794100389228,6051776.856073665,4163371.7238240964,0.9192863419752284,False
1,17-18,3162.2776601683795,6051715.549665931,4163382.108801541,0.9192879772765564,False
1,17-18,5623.413251903491,6051681.068568699,4163387.9468296277,0.9192888970260562,False
1,17-18,10000.0,6051661.676552861,4163391.229197591,0.9192894142867849,False
1,17-18,17782.794100389227,6051650.7710329,4163393.0748194186,0.9192897051788266,False
1,17-18,31622.776601683792,6051644.638222963,4163394.1126288488,0.9192898687641576,False
1,17-18,56234.13251903491,6051641.189431973,4163394.6962129846,0.9192899607564377,False
1,17-18,100000.0,6051639.250015791,4163395.02438045,0.9192900124879684,False
1,17-18,177827.94100389228,6051638.159396081,4163395.2089206777,0.9192900415788945,False
1,17-18,316227.7660168379,6051637.546093701,4163395.312694672,0.9192900579379715,False
1,17-18,562341.3251903491,6051637.201207845,4163395.371050889,0.9192900671373713,False
1,17-18,1000000.0,6051637.00726409,4163395.403866939,0.9192900723105787,False
1,17-18,1778279.410038923,6051636.898201443,4163395.4223207403,0.9192900752196884,False
1,17-18,3162277.6601683795,6051636.83687099,4163395.4326980696,0.9192900768556016,False
1,17-18,5623413.251903491,6051636.802382337,4163395.4385336703,0.9192900777755433,False
1,17-18,10000000.0,6051636.782987941,4163395.441815268,0.9192900782928646,False
1,17-18,17782794.100389227,6051636.772081669,4163395.443660646,0.9192900785837758,False
1,17-18,31622776.60168379,6051636.765948622,4163395.4446983775,0.9192900787473671,False
1,17-18,56234132.51903491,6051636.762499757,4163395.4452819386,0.9192900788393612,False
1,17-18,100000000.0,6051636.760560317,4163395.445610098,0.9192900788910934,True
1,18-19,0.0001,6468758.935291129,4916047.934422182,0.9083730125908739,False
1,18-19,0.00017782794100389227,6467439.376950496,4914449.515902334,0.9084103906489472,False
1,18-19,0.00031622776601683794,6465114.6134928735,4911620.667115139,0.9084762237850662,False
1,18-19,0.0005623413251903491,6461048.189576362,4906632.65252597,0.9085913207167479,False
1,18-19,0.001,6454024.257707467,4897894.156494238,0.908789957013841,False
1,18-19,0.0017782794100389228,6442154.035355606,4882756.158469407,0.9091251549658901,False
1,18-19,0.0031622776601683794,6422827.314205171,4857082.104912705,0.9096695934488704,False
1,18-19,0.005623413251903491,6393240.433586553,4814864.438667501,0.9104998942319208,False
1,18-19,0.01,6352129.088493303,4755321.15289122,0.9116472433637619,False
1,18-19,0.01778279410038923,6302488.908113401,4674634.111734563,0.9130227537191544,False
1,18-19,0.03162277660168379,6252337.828571282,4579194.122193331,0.914401462314768,False
1,18-19,0.05623413251903491,6209919.489840606,4492554.925460457,0.9155589912170712,False
1,18-19,0.1,6177112.675504776,4416584.709511694,0.9164488330110496,False
1,18-19,0.1778279410038923,6149291.093767886,4358360.854176091,0.9171997634009903,False
1,18-19,0.31622776601683794,6120626.194005591,4301175.397045407,0.917969910238168,False
1,18-19,0.5623413251903491,6088480.091516044,4246934.235176797,0.9188293069211774,False
1,18-19,1.0,6054221.2477001855,4197203.0373160085,0.9197402043768721,False
1,18-19,1.7782794100389228,6021248.8014731975,4153524.707591265,0.920612044169734,False
1,18-19,3.1622776601683795,5992817.810719182,4130338.4711968866,0.9213599785610884,False
1,18-19,5.623413251903491,5970994.677165004,4109247.5925566196,0.9219316785472718,False
1,18-19,10.0,5956155.087435873,4093092.461885932,0.9223192395227499,False
1,18-19,17.78279410038923,5947078.557571356,4081809.338759429,0.9225558131195959,False
1,18-19,31.622776601683793,5941903.420758119,4078811.4939005575,0.9226905380531089,False
1,18-19,56.23413251903491,5939046.37013772,4078626.528060924,0.9227648657317429,False
1,18-19,100.0,5937479.894260126,4079424.372859042,0.9228056032547403,False
1,18-19,177.82794100389228,5936617.428976457,4079944.6992801614,0.9228280278028725,False
1,18-19,316.22776601683796,5936139.48387194,4080242.4844689276,0.9228404532225772,False
1,18-19,562.341325190349,5935873.189273075,4080411.631228537,0.9228473758057617,False
1,18-19,1000.0,5935724.268937094,4080507.293075598,0.9228512469971514,False
1,18-19,1778.2794100389228,5935640.795196086,4080561.2612734437,0.9228534168586386,False
1,18-19,3162.2776601683795,5935593.941474872,4080591.665015668,0.9228546347861912,False
1,18-19,5623.413251903491,5935567.621482314,4080608.779804162,0.9228553189505584,False
1,18-19,10000.0,5935552.829500389,4080618.4097030615,0.9228557034533991,False
1,18-19,17782.794100389227,5935544.514161143,4080623.8267486957,0.9228559196019418,False
1,18-19,31622.776601683792,5935539.838990356,4080626.873532768,0.9228560411279815,False
1,18-19,56234.13251903491,5935537.210229738,4080628.587041063,0.9228561094597463,False
1,18-19,100000.0,5935535.732057958,4080629.5506731602,0.922856147883196,False
1,18-19,177827.94100389228,5935534.900849017,4080630.0925808866,0.9228561694895541,False
1,18-19,316227.7660168379,5935534.433434778,4080630.3973235535,0.9228561816394695,False
1,18-19,562341.3251903491,5935534.170591251,4080630.5686947065,0.9228561884717954,False
1,18-19,1000000.0,5935534.022784363,4080630.6650643433,0.9228561923138714,False
1,18-19,1778279.410038923,5935533.939666724,4080630.7192571494,0.922856194474422,False
1,18-19,3162277.6601683795,5935533.89292633,4080630.749732058,0.9228561956893866,False
1,18-19,5623413.251903491,5935533.866642303,4080630.766869377,0.9228561963726107,False
1,18-19,10000000.0,5935533.851861715,4080630.7765064035,0.9228561967568156,False
1,18-19,17782794.100389227,5935533.843549984,4080630.781925705,0.9228561969728699,False
1,18-19,31622776.60168379,5935533.838875956,4080630.7849732027,0.9228561970943661,False
1,18-19,56234132.51903491,5935533.836247554,4080630.786686935,0.9228561971626884,False
1,18-19,100000000.0,5935533.834769497,4080630.7876506387,0.9228561972011089,True
1,19-20,0.0001,7385555.770707216,5678346.738106998,0.8791272217261942,False
1,19-20,0.00017782794100389227,7377242.0926796915,5672758.922069108,0.8793991936134922,False
1,19-20,0.00031622776601683794,7362822.692184142,5663006.18462454,0.879870180415285,False
1,19-20,0.0005623413251903491,7338267.623057689,5646215.295284747,0.880670112004348,False
1,19-20,0.001,7297705.559429201,5618239.295999812,0.8819856511862119,False
1,19-20,0.0017782794100389228,7233852.85084028,5572993.909936716,0.8840417958024648,False
1,19-20,0.0031622776601683794,7140209.273015731,5503473.49443205,0.8870245650471482,False
1,19-20,0.005623413251903491,7015190.528430831,5403339.756431927,0.8909461300125725,False
1,19-20,0.01,6865781.028081686,5270901.344257227,0.895541920461677,False
1,19-20,0.01778279410038923,6707336.064212901,5109290.547076949,0.9003075488707952,False
1,19-20,0.03162277660168379,6559251.926763443,4927577.954592542,0.9046609623983655,False
1,19-20,0.05623413251903491,6437893.026366809,4752954.280827975,0.9081562404980339,False
1,19-20,0.1,6349608.324794824,4626204.473980404,0.9106579293109424,False
1,19-20,0.1778279410038923,6289242.640086117,4536274.891050205,0.9123486032737576,False
1,19-20,0.31622776601683794,6245555.866590297,4466258.706720673,0.913562074460382,False
1,19-20,0.5623413251903491,6208892.737382844,4395576.092693251,0.9145739245504508,False
1,19-20,1.0,6174970.081357062,4338490.829617495,0.915504835463843,False
1,19-20,1.7782794100389228,6143660.37805141,4293202.419769156,0.9163595154218408,False
1,19-20,3.1622776601683795,6116508.860037762,4255190.383867108,0.9170971694550286,False
1,19-20,5.623413251903491,6095142.16856745,4231180.269510419,0.9176753637531014,False
1,19-20,10.0,6080153.060739936,4213839.294007133,0.9180797695993064,False
1,19-20,17.78279410038923,6070685.417596958,4201697.903090164,0.9183346933316566,False
1,19-20,31.622776601683793,6065122.590659103,4197538.207072009,0.9184842915381156,False
1,19-20,56.23413251903491,6061972.992836141,4196804.451577732,0.9185689312239655,False
1,19-20,100.0,6060213.057934523,4197437.431837873,0.9186162071113848,False
1,19-20,177.82794100389228,6059231.470001251,4197803.635337588,0.9186425688510413,False
1,19-20,316.22776601683796,6058683.032642683,4198011.319430006,0.9186572959449134,False
1,19-20,562.341325190349,6058375.9437438,4198128.663313092,0.9186655415680084,False
1,19-20,1000.0,6058203.709891648,4198194.825875244,0.9186701660244943,False
1,19-20,1778.2794100389228,6058107.006453685,4198232.087198822,0.918672762441571,False
1,19-20,3162.2776601683795,6058052.675048768,4198253.058285331,0.9186742211821498,False
1,19-20,5623.413251903491,6058022.137954856,4198264.856727597,0.9186750410649799,False
1,19-20,10000.0,6058004.970690312,4198271.493228843,0.9186755019827759,False
1,19-20,17782.794100389227,6057995.318418054,4198275.225760956,0.9186757611326362,False
1,19-20,31622.776601683792,6057989.891050582,4198277.324892941,0.9186759068495962,False
1,19-20,56234.13251903491,6057986.839177202,4198278.505376918,0.9186759887879213,False
1,19-20,100000.0,6057985.123033205,4198279.169229332,0.918676034863853,False
1,19-20,177827.94100389228,6057984.1579905,4198279.542546512,0.9186760607738186,False
1,19-20,316227.7660168379,6057983.615312164,4198279.752479939,0.9186760753439254,False
1,19-20,562341.3251903491,6057983.310143306,4198279.870534734,0.9186760835372552,False
1,19-20,1000000.0,6057983.138534753,4198279.936921998,0.9186760881446893,False
1,19-20,1778279.410038923,6057983.04203233,4198279.974254355,0.9186760907356355,False
1,19-20,3162277.6601683795,6057982.987765082,4198279.9952479005,0.9186760921926302,False
1,19-20,5623413.251903491,6057982.957248382,4198280.007053444,0.9186760930119582,False
1,19-20,10000000.0,6057982.940087584,4198280.01369219,0.9186760934727,False
1,19-20,17782794.100389227,6057982.930437362,4198280.017425433,0.9186760937317942,False
1,19-20,31622776.60168379,6057982.92501064,4198280.0195247885,0.9186760938774935,False
1,19-20,56234132.51903491,6057982.921958973,4198280.020705343,0.9186760939594262,False
1,19-20,100000000.0,6057982.9202428935,4198280.021369218,0.9186760940055003,True
1,20-21,0.0001,6719035.287155964,5225077.697932808,0.8991377377198388,False
1,20-21,0.00017782794100389227,6716913.189433156,5222290.475486475,0.8992014390601357,False
1,20-21,0.00031622776601683794,6713178.76515526,5217366.227045192,0.8993134905163714,False
1,20-21,0.0005623413251903491,6706659.351237581,5208709.790305165,0.8995089562767465,False
1,20-21,0.001,6695435.399968975,5193624.488879549,0.8998450290404952,False
1,20-21,0.0017782794100389228,6676567.649262007,5167726.832205322,0.90040870752398,False
1,20-21,0.0031622776601683794,6646087.255247474,5124371.277797048,0.9013159559352002,False
1,20-21,0.005623413251903491,6599866.328793368,5055935.332651376,0.9026838004593072,False
1,20-21,0.01,6536018.360274992,4959811.8709174795,0.9045575919919596,False
1,20-21,0.01778279410038923,6457956.207151896,4842859.260627556,0.9068237876302353,False
1,20-21,0.03162277660168379,6374567.62998485,4716939.93927403,0.9092145339965403,False
1,20-21,0.05623413251903491,6295884.88414236,4596594.518849796,0.9114418738813211,False
1,20-21,0.1,6229031.699698394,4492853.174445848,0.9133126068591647,False
1,20-21,0.1778279410038923,6176804.741479073,4408461.750251393,0.9147601637622186,False
1,20-21,0.31622776601683794,6136744.342967639,4342922.072020318,0.9158622443993861,False
1,20-21,0.5623413251903491,6103008.351716454,4280782.666596748,0.9167847754218812,False
1,20-21,1.0,6070974.0025154585,4232343.975356192,0.9176560668359292,False
1,20-21,1.7782794100389228,6039715.781143371,4191249.4110572496,0.9185018285144393,False
1,20-21,3.1622776601683795,6011145.857850548,4157340.9961755998,0.9192710334027901,False
1,20-21,5.623413251903491,5987862.880452819,4134820.1131583583,0.9198951974473684,False
1,20-21,10.0,5971186.69570848,4118273.931571593,0.9203407595297806,False
1,20-21,17.78279410038923,5960510.088457531,4108335.862888131,0.9206253696484518,False
1,20-21,31.622776601683793,5954172.978569446,4105665.839935798,0.9207940593592149,False
1,20-21,56.23413251903491,5950556.751248137,4105133.67646318,0.9208902405443821,False
1,20-21,100.0,5948524.516261367,4105611.421135677,0.9209442664699041,False
1,20-21,177.82794100389228,5947386.70688162,4105886.904558502,0.9209745064906756,False
1,20-21,316.22776601683796,5946749.451732553,4106044.062516382,0.9209914405516857,False
1,20-21,562.341325190349,5946392.113363862,4106133.1626615506,0.9210009354670929,False
1,20-21,1000.0,5946191.526687193,4106183.4988070084,0.921006265049215,False
1,20-21,1778.2794100389228,5946078.849193575,4106211.878550661,0.9210092588080581,False
1,20-21,3162.2776601683795,5946015.52541999,4106227.8610241716,0.9210109412496478,False
1,20-21,5623.413251903491,5945979.928545702,4106236.8560343967,0.9210118870107766,False
1,20-21,10000.0,5945959.91500952,4106241.916644551,0.9210124187410602,False
1,20-21,17782.794100389227,5945948.66186141,4106244.763176522,0.9210127177199038,False
1,20-21,31622.776601683792,5945942.33416054,4106246.3641337235,0.9210128858369385,False
1,20-21,56234.13251903491,5945938.775962526,4106247.2644923343,0.9210129803725707,False
1,20-21,100000.0,5945936.77508179,4106247.7708246587,0.9210130335327479,False
1,20-21,177827.94100389228,5945935.649916854,4106248.0555636706,0.9210130634265594,False
1,20-21,316227.7660168379,5945935.01719422,4106248.215686533,0.9210130802369734,False
1,20-21,562341.3251903491,5945934.6613894375,4106248.3057309785,0.9210130896901285,False
1,20-21,1000000.0,5945934.461306113,4106248.3563669245,0.9210130950060171,False
1,20-21,1778279.410038923,5945934.3487911215,4106248.3848416847,0.9210130979953575,False
1,20-21,3162277.6601683795,5945934.285519334,4106248.400854241,0.9210130996763859,False
1,20-21,5623413.251903491,5945934.249939006,4106248.4098587725,0.9210131006216974,False
1,20-21,10000000.0,5945934.229930721,4106248.414922394,0.9210131011532849,False
1,20-21,17782794.100389227,5945934.218679236,4106248.4177698786,0.9210131014522186,False
1,20-21,31622776.60168379,5945934.2123520635,4106248.4193711374,0.9210131016203214,False
1,20-21,56234132.51903491,5945934.208794032,4106248.420271592,0.9210131017148524,False
1,20-21,100000000.0,5945934.206793204,4106248.420777955,0.9210131017680111,True
1,21-22,0.0001,5899374.481167776,4478649.581185617,0.9224973353126646,False
1,21-22,0.00017782794100389227,5898672.906606987,4477558.950678638,0.922515768000721,False
1,21-22,0.00031622776601683794,5897442.480156101,4475633.516091331,0.9225480900862353,False
1,21-22,0.0005623413251903491,5895307.041268801,4472252.9296966,0.9226041699468467,False
1,21-22,0.001,5891667.025927617,4466622.744132554,0.9226997154487661,False
1,21-22,0.0017782794100389228,5885646.390966327,4458190.543137469,0.9228576194856032,False
1,21-22,0.0031622776601683794,5876156.599014468,4444996.961646066,0.9231061818069506,False
1,21-22,0.005623413251903491,5862231.980516464,4427323.1846203925,0.9234701777066648,False
1,21-22,0.01,5843644.84115935,4404976.64042933,0.9239547083059882,False
1,21-22,0.01778279410038923,5821339.187604673,4368411.261441171,0.9245341420793148,False
1,21-22,0.03162277660168379,5797230.618493594,4321238.211882956,0.9251579182942173,False
1,21-22,0.05623413251903491,5774094.14114228,4263825.42641348,0.9257541087548803,False
1,21-22,0.1,5755882.3838244025,4200736.733822645,0.9262217200378315,False
1,21-22,0.1778279410038923,5746268.605103456,4145957.0152894524,0.9264679709740127,False
1,21-22,0.31622776601683794,5745466.6369092185,4108722.504313003,0.9264884942866319,True
1,21-22,0.5623413251903491,5749924.756719132,4095290.4684331072,0.9263743694411404,False
1,21-22,1.0,5755455.10022834,4084612.2327083475,0.9262326733814137,False
1,21-22,1.7782794100389228,5759529.127301083,4073659.300949363,0.9261282032930057,False
1,21-22,3.1622776601683795,5761328.464341386,4065645.9333815244,0.926082039441778,False
1,21-22,5.623413251903491,5761153.378167583,4061748.862043214,0.9260865320918036,False
1,21-22,10.0,5759891.447309005,4060836.928881049,0.9261189087582447,False
1,21-22,17.78279410038923,5758407.543288363,4061062.4598759837,0.9261569713943905,False
1,21-22,31.622776601683793,5757175.74324907,4061703.5204657204,0.9261885600293015,False
1,21-22,56.23413251903491,5756312.681021793,4061956.6283363607,0.9262106886193168,False
1,21-22,100.0,5755762.5214052955,4062144.7131570657,0.9262247927729734,False
1,21-22,177.82794100389228,5755430.276185473,4062255.462708758,0.9262333097166112,False
1,21-22,316.22776601683796,5755235.73633063,4062312.6069125175,0.9262382964223826,False
1,21-22,562.341325190349,5755123.812061839,4062343.038781503,0.9262411653385625,False
1,21-22,1000.0,5755060.056833314,4062359.598742753,0.9262427995294039,False
1,21-22,1778.2794100389228,5755023.943695944,4062368.733491347,0.926243725182839,False
1,21-22,3162.2776601683795,5755003.552725721,4062373.8136906154,0.9262442478424678,False
1,21-22,5623.413251903491,5754992.059676813,4062376.6524962103,0.926244542430512,False
1,21-22,10000.0,5754985.588306102,4062378.243166153,0.9262447083034219,False
1,21-22,17782.794100389227,5754981.946541938,4062379.1358578773,0.9262448016483275,False
1,21-22,31622.776601683792,5754979.89779048,4062379.637283178,0.9262448541614525,False
1,21-22,56234.13251903491,5754978.745428098,4062379.9190743314,0.9262448836985312,False
1,21-22,100000.0,5754978.0973233655,4062380.077479883,0.926244900310595,False
1,21-22,177827.94100389228,5754977.7328408025,4062380.1665397617,0.9262449096529232,False
1,21-22,316227.7660168379,5754977.527868821,4062380.216616086,0.9262449149067148,False
1,21-22,562341.3251903491,5754977.412601956,4062380.244774262,0.9262449178612067,False
1,21-22,1000000.0,5754977.347781797,4062380.2606081935,0.9262449195226611,False
1,21-22,1778279.410038923,5754977.311330479,4062380.2695120876,0.9262449204569723,False
1,21-22,3162277.6601683795,5754977.29083231,4062380.2745190565,0.9262449209823762,False
1,21-22,5623413.251903491,5754977.279305317,4062380.277334665,0.9262449212778333,False
1,21-22,10000000.0,5754977.272823205,4062380.278917992,0.9262449214439812,False
1,21-22,17782794.100389227,5754977.269178041,4062380.27980836,0.9262449215374131,False
1,21-22,31622776.60168379,5754977.267128215,4062380.2803090513,0.9262449215899538,False
1,21-22,56234132.51903491,5754977.2659755135,4062380.280590609,0.9262449216194996,False
1,21-22,100000000.0,5754977.265327302,4062380.2807489415,0.9262449216361144,False
1,22-23,0.0001,6933383.470515234,5425201.244355402,0.894362353886747,False
1,22-23,0.00017782794100389227,6929526.148539599,5421183.309342457,0.8944798621904976,False
1,22-23,0.00031622776601683794,6922757.048874833,5414094.856826251,0.894685915950643,False
1,22-23,0.0005623413251903491,6910997.52347674,5401665.10537549,0.8950434012068202,False
1,22-23,0.001,6890923.178715222,5380141.610350076,0.8956522496225763,False
1,22-23,0.0017782794100389228,6857661.966865489,5343548.407515234,0.8966571531019114,False
1,22-23,0.0031622776601683794,6805201.6052285,5283057.071553664,0.8982322282740152,False
1,22-23,0.005623413251903491,6728640.447049913,5188581.612167924,0.9005092012287577,False
1,22-23,0.01,6628956.292599306,5060253.992130111,0.9034352578883362,False
1,22-23,0.01778279410038923,6517620.485038348,4912770.6371454615,0.9066517005927087,False
1,22-23,0.03162277660168379,6414367.889025316,4751615.60148118,0.9095859333356656,False
1,22-23,0.05623413251903491,6335729.9749289015,4611028.066017048,0.9117892340601841,False
1,22-23,0.1,6283883.70988151,4531272.8370766705,0.9132270119806054,False
1,22-23,0.1778279410038923,6247645.0514645055,4483010.166519798,0.914224952003292,False
1,22-23,0.31622776601683794,6213982.056533395,4431776.505488432,0.9151467924879679,False
1,22-23,0.5623413251903491,6177072.779661654,4373118.619373986,0.9161518064366174,False
1,22-23,1.0,6138240.69845125,4312319.56329995,0.9172027137446231,False
1,22-23,1.7782794100389228,6101481.6766705755,4262608.2270756485,0.918191412042742,False
1,22-23,3.1622776601683795,6070231.812149081,4226068.728583163,0.9190272616325705,False
1,22-23,5.623413251903491,6046335.869736767,4198825.78837144,0.9196635178649487,False
1,22-23,10.0,6029890.627435108,4178155.23480522,0.9200999329967846,False
1,22-23,17.78279410038923,6019559.040298883,4164720.786750787,0.9203734992539965,False
1,22-23,31.622776601683793,6013461.410285611,4160093.313032076,0.9205347359899465,False
1,22-23,56.23413251903491,6009979.891194693,4158520.956068329,0.9206267228601203,False
1,22-23,100.0,6008018.598620629,4158255.003965321,0.9206785196449829,False
1,22-23,177.82794100389228,6006917.935600481,4158096.9497768455,0.9207075802151163,False
1,22-23,316.22776601683796,6006300.433031121,4158005.108611789,0.920723881671802,False
1,22-23,562.341325190349,6005953.789571862,4157952.472423718,0.9207330319816154,False
1,22-23,1000.0,6005759.076401744,4157922.5496728644,0.920738171572421,False
1,22-23,1778.2794100389228,6005649.655462309,4157905.6187882554,0.9207410597417964,False
1,22-23,3162.2776601683795,6005588.147982781,4157896.0645994917,0.9207426832106836,False
1,22-23,5623.413251903491,6005553.567680765,4157890.6813081536,0.9207435959386274,False
1,22-23,10000.0,6005534.124274768,4157887.6507056197,0.9207441091342655,False
1,22-23,17782.794100389227,6005523.191248507,4157885.945409583,0.9207443977034184,False
1,22-23,31622.776601683792,6005517.043411374,4157884.986114657,0.9207445599708078,False
1,22-23,56234.13251903491,6005513.586309409,4157884.446557007,0.920744651218258,False
1,22-23,100000.0,6005511.6422637245,4157884.143107761,0.9207447025297709,False
1,22-23,177827.94100389228,6005510.549054608,4157883.9724550596,0.9207447313841337,False
1,22-23,316227.7660168379,6005509.934300507,4157883.876486623,0.9207447476100643,False
1,22-23,562341.3251903491,6005509.588599683,4157883.822518542,0.9207447567345536,False
1,22-23,1000000.0,6005509.3941980805,4157883.7921697204,0.9207447618656239,False
1,22-23,1778279.410038923,6005509.284878106,4157883.775103219,0.9207447647510346,False
1,22-23,3162277.6601683795,6005509.223402993,4157883.7655059863,0.9207447663736196,False
1,22-23,5623413.251903491,6005509.188833006,4157883.760109056,0.9207447672860659,False
1,22-23,10000000.0,6005509.169392873,4157883.7570741335,0.9207447677991721,False
1,22-23,17782794.100389227,6005509.158460885,4157883.755367471,0.920744768087713,False
1,22-23,31622776.60168379,6005509.152313378,4157883.754407745,0.9207447682499714,False
1,22-23,56234132.51903491,6005509.14885638,4157883.753868051,0.920744768341216,False
1,22-23,100000000.0,6005509.146912365,4157883.7535645557,0.9207447683925266,True
1,23-24,0.0001,6345922.5084678205,4788918.562270649,0.9106639040906118,False
1,23-24,0.00017782794100389227,6344466.80260998,4787220.242179174,0.9107048854174585,False
1,23-24,0.00031622776601683794,6341899.653996524,4784215.087283686,0.9107771333965281,False
1,23-24,0.0005623413251903491,6337401.421487218,4778917.7378255315,0.9109036579038137,False
1,23-24,0.001,6329607.656141216,4769642.003453712,0.9111226653334041,False
1,23-24,0.0017782794100389228,6316364.885252105,4753928.433427488,0.9114941736499456,False
1,23-24,0.0031622776601683794,6294598.674017935,4728079.0020940425,0.9121031053041158,False
1,23-24,0.005623413251903491,6260731.251713292,4685784.0753107155,0.9130464006962297,False
1,23-24,0.01,6212373.008562865,4619796.254910973,0.9143844820150249,False
1,23-24,0.01778279410038923,6151398.196043048,4526752.644773935,0.9160568770659968,False
1,23-24,0.03162277660168379,6085926.82785744,4420129.807689977,0.9178342368615731,False
1,23-24,0.05623413251903491,6027205.231643957,4320331.4327311395,0.9194121814368584,False
1,23-24,0.1,5982955.622702797,4235324.182414524,0.9205911322906499,False
1,23-24,0.1778279410038923,5954121.875940242,4167655.3235415593,0.9213546806241782,False
1,23-24,0.31622776601683794,5936564.566309218,4112797.547965812,0.9218178100071355,False
1,23-24,0.5623413251903491,5924653.4231439065,4083316.5826181676,0.9221312252919514,False
1,23-24,1.0,5914384.658292085,4059610.1199769615,0.9224009197776458,False
1,23-24,1.7782794100389228,5904120.566293274,4039474.8959811595,0.9226700240098007,False
1,23-24,3.1622776601683795,5893711.362715876,4023438.8524638033,0.922942455400634,False
1,23-24,5.623413251903491,5883858.256184459,4010301.205060037,0.9231998896341935,False
1,23-24,10.0,5875544.193240656,4003230.863458648,0.9234167778730149,False
1,23-24,17.78279410038923,5869327.801801577,4000629.493237924,0.9235787439569678,False
1,23-24,31.622776601683793,5865121.593199953,3999715.997695426,0.9236882381189138,False
1,23-24,56.23413251903491,5862471.058985372,3999560.549177375,0.9237571953362312,False
1,23-24,100.0,5860876.300815732,3999437.7818080657,0.9237986700988653,False
1,23-24,177.82794100389228,5859943.592566676,3999356.012899065,0.9238229217465583,False
1,23-24,316.22776601683796,5859407.160538425,3999305.6867237682,0.9238368679402601,False
1,23-24,562.341325190349,5859101.621239084,3999275.951101728,0.923844810799542,False
1,23-24,1000.0,5858928.556577143,3999258.7642584867,0.9238493096385365,False
1,23-24,1778.2794100389228,5858830.8371389415,3999248.950163177,0.9238518498096796,False
1,23-24,3162.2776601683795,5858775.758946656,3999243.3837258946,0.9238532815228868,False
1,23-24,5623.413251903491,5858744.746080126,3999240.2383788177,0.9238540876714283,False
1,23-24,10000.0,5858727.293555053,3999238.464830079,0.9238545413305387,False
1,23-24,17782.794100389227,5858717.475256484,3999237.4659734135,0.9238547965457703,False
1,23-24,31622.776601683792,5858711.952748776,3999236.9037949555,0.9238549400967357,False
1,23-24,56234.13251903491,5858708.846811902,3999236.587506897,0.9238550208317807,False
1,23-24,100000.0,5858707.100087919,3999236.409597009,0.9238550662357238,False
1,23-24,177827.94100389228,5858706.117792572,3999236.3095357325,0.923855091769278,False
1,23-24,316227.7660168379,5858705.56539457,3999236.253262336,0.92385510612818,False
1,23-24,562341.3251903491,5858705.254754317,3999236.2216159604,0.923855114202888,False
1,23-24,1000000.0,5858705.080067193,3999236.203819414,0.9238551187436629,False
1,23-24,1778279.410038923,5858704.981833002,3999236.1938115293,0.9238551212971386,False
1,23-24,3162277.6601683795,5858704.926591729,3999236.188183635,0.9238551227330669,False
1,23-24,5623413.251903491,5858704.895527237,3999236.1850188198,0.9238551235405498,False
1,23-24,10000000.0,5858704.878058379,3999236.18323911,0.9238551239946311,False
1,23-24,17782794.100389227,5858704.868234913,3999236.1822383045,0.9238551242499798,False
1,23-24,31622776.60168379,5858704.862710771,3999236.1816755105,0.9238551243935731,False
1,23-24,56234132.51903491,5858704.859604317,3999236.181359026,0.9238551244743215,False
1,23-24,100000000.0,5858704.8578574285,3999236.181181054,0.9238551245197296,True
1,24-25,0.0001,6458191.698080509,4910076.853665373,0.9073625519097726,False
1,24-25,0.00017782794100389227,6456342.956285743,4907996.210020976,0.9074155816793904,False
1,24-25,0.00031622776601683794,6453116.221703442,4904354.5344139915,0.9075081017618294,False
1,24-25,0.0005623413251903491,6447559.71120087,4898069.911346143,0.9076673150545923,False
1,24-25,0.001,6438198.559544666,4887638.665807565,0.9079352343423571,False
1,24-25,0.0017782794100389228,6422947.792221036,4870479.634486864,0.9083708827133061,False
1,24-25,0.0031622776601683794,6399241.6432196535,4843466.019535848,0.9090460135074694,False
1,24-25,0.005623413251903491,6364499.282990826,4803263.186394911,0.9100309359157952,False
1,24-25,0.01,6316933.455895635,4747233.204408241,0.9113706992691777,False
1,24-25,0.01778279410038923,6256908.243498401,4679332.314938179,0.913047055885168,False
1,24-25,0.03162277660168379,6189154.525435661,4597457.438163099,0.914920021646858,False
1,24-25,0.05623413251903491,6124524.617882463,4510915.431003361,0.9166876301685063,False
1,24-25,0.1,6077495.532557924,4436762.761811017,0.9179621981047612,False
1,24-25,0.1778279410038923,6057069.580282118,4370390.916938424,0.9185127157558134,False
1,24-25,0.31622776601683794,6057948.8344837,4319639.764439885,0.9184890563817972,False
1,24-25,0.5623413251903491,6064388.408379377,4280468.898927363,0.9183156727035725,False
1,24-25,1.0,6064075.043612663,4250878.587299975,0.9183241142238406,False
1,24-25,1.7782794100389228,6055640.599760002,4225616.117766272,0.9185511600909064,False
1,24-25,3.1622776601683795,6044628.207778705,4206010.335718717,0.9188471258017399,False
1,24-25,5.623413251903491,6036252.985815563,4188125.3998008887,0.9190718550804995,False
1,24-25,10.0,6032022.018459358,4174677.55196714,0.9191852646211816,False
1,24-25,17.78279410038923,6030754.966123741,4167166.271108809,0.9192192120253809,True
1,24-25,31.622776601683793,6030832.511682826,4164398.139788477,0.9192171345967088,False
1,24-25,56.23413251903491,6031267.324736325,4164296.4895139975,0.9192054855547063,False
1,24-25,100.0,6031671.819025534,4164821.828602318,0.9191946480262647,False
1,24-25,177.82794100389228,6031957.904384111,4165130.685605488,0.9191869825640118,False
1,24-25,316.22776601683796,6032138.9431775985,4165308.867870505,0.9191821315650631,False
1,24-25,562.341325190349,6032247.4350860575,4165410.5368244927,0.9191792244159684,False
1,24-25,1000.0,6032310.6166082015,4165468.18284542,0.9191775313798589,False
1,24-25,1778.2794100389228,6032346.843545307,4165500.750834101,0.9191765606210683,False
1,24-25,3162.2776601683795,6032367.4378645355,4165519.113268761,0.9191760087607075,False
1,24-25,5623.413251903491,6032379.089574244,4165529.4544879277,0.9191756965321828,False
1,24-25,10000.0,6032385.664221416,4165535.274618428,0.9191755203524169,False
1,24-25,17782.794100389227,6032389.368514452,4165538.5490490687,0.919175421088986,False
1,24-25,31622.776601683792,6032391.453837768,4165540.3908810774,0.919175365208837,False
1,24-25,56234.13251903491,6032392.627211922,4165541.426772548,0.9191753337660676,False
1,24-25,100000.0,6032393.287273491,4165542.009345588,0.9191753160784726,False
1,24-25,177827.94100389228,6032393.658524487,4165542.3369658086,0.9191753061301009,False
1,24-25,316227.7660168379,6032393.867316748,4165542.5212050453,0.9191753005351176,False
1,24-25,562341.3251903491,6032393.984736377,4165542.6248119157,0.9191752973886367,False
1,24-25,1000000.0,6032394.050768534,4165542.6830748236,0.9191752956191801,False
1,24-25,1778279.410038923,6032394.087901858,4165542.7158386176,0.9191752946241224,False
1,24-25,3162277.6601683795,6032394.108783683,4165542.7342631007,0.9191752940645544,False
1,24-25,5623413.251903491,6032394.120526468,4165542.7446239656,0.9191752937498843,False
1,24-25,10000000.0,6032394.127129944,4165542.7504503136,0.9191752935729316,False
1,24-25,17782794.100389227,6032394.130843356,4165542.7537267087,0.9191752934734237,False
1,24-25,31622776.60168379,6032394.132931568,4165542.755569165,0.9191752934174662,False
1,24-25,56234132.51903491,6032394.134105854,4165542.7566052517,0.9191752933859989,False
1,24-25,100000000.0,6032394.134766203,4165542.757187886,0.9191752933683036,False
1,25-26,0.0001,6589581.21668314,4986704.921900775,0.9035383069373231,False
1,25-26,0.00017782794100389227,6588481.591705256,4985387.5915516885,0.9035704980078474,False
1,25-26,0.00031622776601683794,6586549.762299876,4983058.16517763,0.9036270385124373,False
1,25-26,0.0005623413251903491,6583187.13421618,4978956.782534057,0.9037254158771459,False
1,25-26,0.001,6577426.887811714,4971789.660448454,0.9038938214518886,False
1,25-26,0.0017782794100389228,6567823.721648383,4959426.097103661,0.9041742502197938,False
1,25-26,0.0031622776601683794,6552511.4303961005,4939214.05557815,0.9046205476234318,False
1,25-26,0.005623413251903491,6529729.666225255,4909319.45725469,0.9052826250038474,False
1,25-26,0.01,6499023.438178707,4865450.094213915,0.9061713524150247,False
1,25-26,0.01778279410038923,6462422.141611407,4810844.621649076,0.9072252275576101,False
1,25-26,0.03162277660168379,6423792.449945477,4742134.343161116,0.9083310511498183,False
1,25-26,0.05623413251903491,6386228.4783105785,4676203.357932127,0.909400009030469,False
1,25-26,0.1,6350852.294544877,4619268.315227346,0.9104009768935576,False
1,25-26,0.1778279410038923,6317687.021762316,4560677.620225147,0.9113343372859443,False
1,25-26,0.31622776601683794,6285356.581091241,4496201.156504914,0.9122394992854783,False
1,25-26,0.5623413251903491,6250974.893048654,4430996.7209208645,0.9131969951622989,False
1,25-26,1.0,6212594.393851407,4368686.375868734,0.9142596501906879,False
1,25-26,1.7782794100389228,6171810.513927821,4304266.917789444,0.9153816762211275,False
1,25-26,3.1622776601683795,6133615.199999626,4255613.321209236,0.9164257855521792,False
1,25-26,5.623413251903491,6103224.25977424,4221020.136474373,0.9172519236472257,False
1,25-26,10.0,6082608.180170845,4200677.340477428,0.9178100088847734,False
1,25-26,17.78279410038923,6070227.807891172,4185347.2106800503,0.9181442428575867,False
1,25-26,31.622776601683793,6063295.780603659,4177295.853092714,0.9183310899966849,False
1,25-26,56.23413251903491,6059515.694409407,4175391.9470314933,0.9184328891824574,False
1,25-26,100.0,6057457.635104949,4175531.009578036,0.9184882868254607,False
1,25-26,177.82794100389228,6056328.692158982,4175633.724703997,0.9185186670621729,False
1,25-26,316.22776601683796,6055704.26560105,4175688.900324138,0.9185354681599831,False
1,25-26,562.341325190349,6055356.701893503,4175719.049886962,0.9185448191127186,False
1,25-26,1000.0,6055162.436049543,4175735.71520713,0.918550045462349,False
1,25-26,1778.2794100389228,6055053.576201641,4175744.9933148264,0.9185529740542915,False
1,25-26,3162.2776601683795,6054992.482929402,4175750.1808347376,0.9185546175873055,False
1,25-26,5623.413251903491,6054958.166901775,4175753.0884544663,0.9185555407508209,False
1,25-26,10000.0,6054938.882046858,4175754.7205011165,0.9185560595461737,False
1,25-26,17782.794100389227,6054928.041327828,4175755.637308653,0.9185563511792032,False
1,25-26,31622.776601683792,6054921.946394967,4175756.152563536,0.9185565151426123,False
1,25-26,56234.13251903491,6054918.5193584,4175756.442216484,0.918556607335286,False
1,25-26,100000.0,6054916.592319413,4175756.605069883,0.9185566591756427,False
1,25-26,177827.94100389228,6054915.508705392,4175756.696639458,0.918556688326544,False
1,25-26,316227.7660168379,6054914.89935698,4175756.748129772,0.9185567047189611,False
1,25-26,562341.3251903491,6054914.556699149,4175756.7770839385,0.9185567139369872,False
1,25-26,1000000.0,6054914.364009746,4175756.7933657593,0.9185567191206303,False
1,25-26,1778279.410038923,6054914.255652929,4175756.802521605,0.9185567220355964,False
1,25-26,3162277.6601683795,6054914.194719536,4175756.807670283,0.9185567236747988,False
1,25-26,5623413.251903491,6054914.160454213,4175756.810565589,0.918556724596589,False
1,25-26,10000000.0,6054914.141185418,4175756.8121937346,0.9185567251149493,False
1,25-26,17782794.100389227,6054914.130349781,4175756.813109308,0.9185567254064447,False
1,25-26,31622776.60168379,6054914.124256455,4175756.8136241734,0.9185567255703646,False
1,25-26,56234132.51903491,6054914.120829929,4175756.813913703,0.9185567256625434,False
1,25-26,100000000.0,6054914.118903051,4175756.8140765177,0.9185567257143794,True
2,10-11,0.0001,11433379.873365114,8345216.277065908,0.9195412673641165,False
2,10-11,0.00017782794100389227,11424357.50023717,8340398.56930461,0.9196682013575295,False
2,10-11,0.00031622776601683794,11408698.694875067,8331928.959053284,0.919888264136281,False
2,10-11,0.0005623413251903491,11382015.020710154,8317166.658729577,0.9202625707283663,False
2,10-11,0.001,11337944.710233446,8291809.933138333,0.9208788500396458,False
2,10-11,0.0017782794100389228,11268840.389212454,8249293.128636969,0.9218403913141945,False
2,10-11,0.0031622776601683794,11169005.088165566,8184744.898025885,0.9232191529982873,False
2,10-11,0.005623413251903491,11040968.163468193,8091424.7333225515,0.92496943163093,False
2,10-11,0.01,10899830.261165954,7970094.855126559,0.9268754189503381,False
2,10-11,0.01778279410038923,10766240.113484086,7816724.579541664,0.9286568888983482,False
2,10-11,0.03162277660168379,10650836.589327814,7676668.5906023765,0.9301781479822384,False
2,10-11,0.05623413251903491,10549636.590955483,7559117.692145422,0.9314986831781243,False
2,10-11,0.1,10455327.251854395,7416772.265266713,0.9327179550666427,False
2,10-11,0.1778279410038923,10365537.697432665,7277772.687683149,0.9338686190106363,False
2,10-11,0.31622776601683794,10278995.164165089,7172462.4083832055,0.9349682794084547,False
2,10-11,0.5623413251903491,10192528.377097957,7080253.257885064,0.9360577698089119,False
2,10-11,1.0,10105197.832566362,6977392.445788631,0.9371488017856265,False
2,10-11,1.7782794100389228,10020941.652918063,6876320.584744835,0.9381925269699616,False
2,10-11,3.1622776601683795,9946211.168915367,6810198.998128157,0.9391109396222483,False
2,10-11,5.623413251903491,9886531.991122695,6761282.701522188,0.9398394395951842,False
2,10-11,10.0,9843910.353876641,6726723.642309503,0.9403570355476879,False
2,10-11,17.78279410038923,9816299.480365915,6700049.091132543,0.9406911476570898,False
2,10-11,31.622776601683793,9799590.246435173,6691001.0183012085,0.94089288601048,False
2,10-11,56.23413251903491,9789864.010324309,6688579.283618332,0.9410101571287245,False
2,10-11,100.0,9784309.482460843,6687932.716544681,0.941077076908658,False
2,10-11,177.82794100389228,9781164.35585446,6687919.541190811,0.9411149518896739,False
2,10-11,316.22776601683796,9779390.093230138,6687904.895655905,0.941136312958826,False
2,10-11,562.341325190349,9778390.815455953,6687894.285266487,0.9411483419643926,False
2,10-11,1000.0,9777828.44091575,6687887.551744291,0.9411551111195685,False
2,10-11,1778.2794100389228,9777512.064166334,6687883.519803649,0.9411589190925929,False
2,10-11,3162.2776601683795,9777334.112810628,6687881.174351394,0.9411610608961039,False
2,10-11,5623.413251903491,9777234.031158743,6687879.830607709,0.9411622654510499,False
2,10-11,10000.0,9777177.747286696,6687879.067106288,0.9411629428626738,False
2,10-11,17782.794100389227,9777146.09533952,6687878.635269735,0.9411633238119533,False
2,10-11,31622.776601683792,9777128.295763748,6687878.391642846,0.941163538039482,False
2,10-11,56234.13251903491,9777118.28620752,6687878.254392295,0.9411636585097377,False
2,10-11,100000.0,9777112.657382762,6687878.177131858,0.9411637262555398,False
2,10-11,177827.94100389228,9777109.492050096,6687878.133660209,0.9411637643519299,False
2,10-11,316227.7660168379,9777107.71204897,6687878.109206425,0.9411637857751443,False
2,10-11,562341.3251903491,9777106.711079586,6687878.095452554,0.9411637978223157,False
2,10-11,1000000.0,9777106.148192761,6687878.087717399,0.9411638045969419,False
2,10-11,1778279.410038923,9777105.831658121,6687878.083367356,0.9411638084065955,False
2,10-11,3162277.6601683795,9777105.653657572,6687878.080921064,0.9411638105489216,False
2,10-11,5623413.251903491,9777105.553560497,6687878.079545387,0.9411638117536402,False
2,10-11,10000000.0,9777105.497271774,6687878.078771783,0.9411638124311033,False
2,10-11,17782794.100389227,9777105.465618294,6687878.078336747,0.9411638128120687,False
2,10-11,31622776.60168379,9777105.447818235,6687878.078092114,0.9411638130263014,False
2,10-11,56234132.51903491,9777105.437808525,6687878.07795454,0.9411638131467733,False
2,10-11,100000000.0,9777105.432179656,6687878.077877179,0.9411638132145196,True
2,11-12,0.0001,12856235.096329484,9788330.738050582,0.8983033184541233,False
2,11-12,0.00017782794100389227,12838760.47656084,9775659.744146418,0.8985795895513048,False
2,11-12,0.00031622776601683794,12808348.490650263,9753449.098105244,0.8990595023897672,False
2,11-12,0.0005623413251903491,12756264.85918787,9714933.73761232,0.8998787584383205,False
2,11-12,0.001,12669457.125696518,9649355.130608538,0.9012367931840723,False
2,11-12,0.0017782794100389228,12531043.41198274,9541620.368610682,0.9033829796836506,False
2,11-12,0.0031622776601683794,12324878.735365879,9373175.289923845,0.9065359748697986,False
2,11-12,0.005623413251903491,12045869.023542535,9157289.07879018,0.9107197404802467,False
2,11-12,0.01,11710558.062251076,8897416.616415419,0.9156210039131193,False
2,11-12,0.01778279410038923,11354441.384747708,8580756.841178408,0.9206748839851331,False
2,11-12,0.03162277660168379,11012682.4132502,8254551.028077474,0.9253782549746491,False
2,11-12,0.05623413251903491,10704181.915950319,7931416.579061253,0.9295004843826614,False
2,11-12,0.1,10434937.950678688,7621997.886694925,0.9330024513877277,False
2,11-12,0.1778279410038923,10208752.263961509,7303926.627432459,0.9358754249046812,False
2,11-12,0.31622776601683794,10029151.33974104,7017179.931733501,0.9381118443552279,False
2,11-12,0.5623413251903491,9894358.2583068,6820550.941986667,0.9397642345740506,False
2,11-12,1.0,9795524.355744064,6659766.164035533,0.9409616042132093,False
2,11-12,1.7782794100389228,9721796.52662445,6587008.109188529,0.9418469864803005,False
2,11-12,3.1622776601683795,9667140.526391676,6547119.973744508,0.9424990216444382,False
2,11-12,5.623413251903491,9631055.270022836,6519768.624656903,0.9429274968285339,False
2,11-12,10.0,9612435.338368667,6510990.01368194,0.9431479625659571,False
2,11-12,17.78279410038923,9606114.814539772,6506524.961118334,0.9432227025266253,False
2,11-12,31.622776601683793,9605824.7799981,6512199.596980621,0.9432261309946732,True
2,11-12,56.23413251903491,9607397.672475437,6523448.353240779,0.9432075367553238,False
2,11-12,100.0,9609025.368525252,6531070.26365071,0.9431882914400049,False
2,11-12,177.82794100389228,9610220.728989642,6536375.859467773,0.9431741558348326,False
2,11-12,316.22776601683796,9610990.842370993,6539445.221337659,0.943165048011469,False
2,11-12,562.341325190349,9611456.692356575,6541199.461986081,0.9431595382354916,False
2,11-12,1000.0,9611729.366943257,6542195.065340551,0.9431563130907992,False
2,11-12,1778.2794100389228,9611886.151675556,6542757.855130964,0.9431544586284892,False
2,11-12,3162.2776601683795,9611975.42001848,6543075.265325289,0.9431534027418994,False
2,11-12,5623.413251903491,9612025.969744561,6543254.053539903,0.9431528048237088,False
2,11-12,10000.0,9612054.507127894,6543354.687148286,0.9431524672731001,False
2,11-12,17782.794100389227,9612070.5901017,6543411.307223589,0.9431522770373614,False
2,11-12,31622.776601683792,9612079.645372761,6543443.156410996,0.9431521699279143,False
2,11-12,56234.13251903491,9612084.741053957,6543461.069492409,0.9431521096540701,False
2,11-12,100000.0,9612087.607682118,6543471.143696869,0.9431520757463816,False
2,11-12,177827.94100389228,9612089.220058573,6543476.809135165,0.9431520566745075,False
2,11-12,316227.7660168379,9612090.12687613,6543479.995139121,0.9431520459482826,False
2,11-12,562341.3251903491,9612090.636852419,6543481.786790489,0.943152039916065,False
2,11-12,1000000.0,9612090.923644327,6543482.7943194825,0.9431520365237676,False
2,11-12,1778279.410038923,9612091.084922796,6543483.360897641,0.9431520346160968,False
2,11-12,3162277.6601683795,9612091.17561746,6543483.679508891,0.9431520335433214,False
2,11-12,5623413.251903491,9612091.226619175,6543483.858677462,0.9431520329400513,False
2,11-12,10000000.0,9612091.255299656,6543483.959431447,0.9431520326008063,False
2,11-12,17782794.100389227,9612091.27142791,6543484.016089608,0.9431520324100344,False
2,11-12,31622776.60168379,9612091.280497504,6543484.047950839,0.9431520323027553,False
2,11-12,56234132.51903491,9612091.28559772,6543484.065867732,0.9431520322424278,False
2,11-12,100000000.0,9612091.28846578,6543484.07594314,0.9431520322085032,False
2,12-13,0.0001,11908401.924484791,9014282.222486164,0.9135562585448003,False
2,12-13,0.00017782794100389227,11881940.114229603,8995357.076414004,0.9139400071626425,False
2,12-13,0.00031622776601683794,11835913.403253438,8962233.621299395,0.9146054517723635,False
2,12-13,0.0005623413251903491,11757182.329499118,8904948.428420363,0.9157377418242209,False
2,12-13,0.001,11626311.544506153,8807876.593792085,0.9176031707081189,False
2,12-13,0.0017782794100389228,11418932.366427243,8648847.383589962,0.9205163891139942,False
2,12-13,0.0031622776601683794,11114505.59554339,8404382.51401263,0.9246979351850677,False
2,12-13,0.005623413251903491,10715775.767763728,8064695.030061358,0.9300039034193069,False
2,12-13,0.01,10267846.099558702,7693565.627254095,0.9357334053122647,False
2,12-13,0.01778279410038923,9847523.813368825,7315354.619150177,0.9408873176611747,False
2,12-13,0.03162277660168379,9517635.946227074,6969974.946734337,0.9447814796608415,False
2,12-13,0.05623413251903491,9293886.161741668,6751760.050184124,0.9473472226462035,False
2,12-13,0.1,9153863.602553064,6594749.226794451,0.9489218144888764,False
2,12-13,0.1778279410038923,9063199.364578929,6445743.175783585,0.9499286092856744,False
2,12-13,0.31622776601683794,8992737.20210839,6374651.162679646,0.9507041463797877,False
2,12-13,0.5623413251903491,8923806.452166997,6311295.603705407,0.9514569710157601,False
2,12-13,1.0,8848741.48168499,6244508.723869625,0.9522702014057731,False
2,12-13,1.7782794100389228,8769866.346367689,6171987.82958092,0.9531173084502265,False
2,12-13,3.1622776601683795,8695678.435940968,6102714.014456329,0.9539071534312411,False
2,12-13,5.623413251903491,8635103.482149092,6055570.472038724,0.9545470913376084,False
2,12-13,10.0,8592386.288900219,6034672.588265068,0.9549956831032806,False
2,12-13,17.78279410038923,8565781.350737887,6019801.421819536,0.955273948848635,False
2,12-13,31.622776601683793,8550508.537111841,6014820.956971288,0.9554333000245315,False
2,12-13,56.23413251903491,8542069.191836743,6015268.512738529,0.9555212312055213,False
2,12-13,100.0,8537448.352524217,6016041.401931621,0.9555693398424798,False
2,12-13,177.82794100389228,8534908.61299486,6017231.357949878,0.9555957705779798,False
2,12-13,316.22776601683796,8533503.13020954,6017917.031406334,0.9556103938725591,False
2,12-13,562.341325190349,8532720.774291964,6018308.0904393755,0.9556185328228919,False
2,12-13,1000.0,8532283.510072757,6018529.778508887,0.9556230814143339,False
2,12-13,1778.2794100389228,8532038.496612046,6018655.01427129,0.9556256300371666,False
2,12-13,3162.2776601683795,8531900.9983469,6018725.62177962,0.9556270602580278,False
2,12-13,5623.413251903491,8531823.767794086,6018765.385218175,0.9556278635798565,False
2,12-13,10000.0,8531780.366617974,6018787.764208806,0.9556283150186253,False
2,12-13,17782.794100389227,8531755.969466133,6018800.354656842,0.9556285687853989,False
2,12-13,31622.776601683792,8531742.252829712,6018807.43662711,0.9556287114585608,False
2,12-13,56234.13251903491,8531734.540313138,6018811.41969412,0.9556287916799584,False
2,12-13,100000.0,8531730.203535844,6018813.659721547,0.9556288367887223,False
2,12-13,177827.94100389228,8531727.764878327,6018814.919439811,0.9556288621542819,False
2,12-13,316227.7660168379,8531726.393549394,6018815.627849878,0.9556288764180797,False
2,12-13,562341.3251903491,8531725.622403624,6018816.02622396,0.9556288844391065,False
2,12-13,1000000.0,8531725.188759388,6018816.250248015,0.9556288889496308,False
2,12-13,1778279.410038923,8531724.94490423,6018816.376226582,0.9556288914860754,False
2,12-13,3162277.6601683795,8531724.807774687,6018816.44706972,0.95562889291242,False
2,12-13,5623413.251903491,8531724.730661169,6018816.4869078,0.9556288937145115,False
2,12-13,10000000.0,8531724.687297082,6018816.509310419,0.9556288941655604,False
2,12-13,17782794.100389227,8531724.662911668,6018816.521908346,0.9556288944192038,False
2,12-13,31622776.60168379,8531724.649198752,6018816.528992681,0.9556288945618379,False
2,12-13,56234132.51903491,8531724.641487407,6018816.532976493,0.9556288946420469,False
2,12-13,100000000.0,8531724.637151001,6018816.535216755,0.9556288946871518,True
2,13-14,0.0001,11298966.320952121,8218038.163414698,0.9221548154399661,False
2,13-14,0.00017782794100389227,11294578.22949811,8212136.423562217,0.9222152679537152,False
2,13-14,0.00031622776601683794,11287054.483661598,8201806.621900398,0.9223188641428279,False
2,13-14,0.0005623413251903491,11274504.022979185,8183937.425414678,0.9224915207046531,False
2,13-14,0.001,11254529.489287334,8153628.118803918,0.9227659140249139,False
2,13-14,0.0017782794100389228,11225126.499675179,8105999.624859974,0.9231689422627521,False
2,13-14,0.0031622776601683794,11186858.485788,8054608.898172196,0.9236919047892586,False
2,13-14,0.005623413251903491,11145036.271371085,7982585.081743721,0.9242613958627731,False
2,13-14,0.01,11106785.026905887,7894989.964798246,0.9247803935910942,False
2,13-14,0.01778279410038923,11069239.722565705,7796443.751432626,0.9252880777950725,False
2,13-14,0.03162277660168379,11009639.202657716,7681239.85010625,0.9260904601885713,False
2,13-14,0.05623413251903491,10897322.814086927,7551207.84131219,0.9275907653739482,False
2,13-14,0.1,10724009.826345066,7383200.238453294,0.9298756690262395,False
2,13-14,0.1778279410038923,10515856.17805187,7194252.178235339,0.9325714842659211,False
2,13-14,0.31622776601683794,10310227.266513377,7050195.628424557,0.9351827201494811,False
2,13-14,0.5623413251903491,10129421.858589672,6917926.7041687425,0.9374361247507946,False
2,13-14,1.0,9977856.88781346,6811235.050898374,0.939294384684286,False
2,13-14,1.7782794100389228,9852701.554840304,6703979.751450172,0.9408077320627396,False
2,13-14,3.1622776601683795,9751851.212520076,6604845.378636845,0.9420132915368444,False
2,13-14,5.623413251903491,9675137.088039665,6537182.626435459,0.9429220221022242,False
2,13-14,10.0,9621516.575710554,6498704.216349059,0.9435529319202144,False
2,13-14,17.78279410038923,9587097.36818759,6477227.122694173,0.9439560675832318,False
2,13-14,31.622776601683793,9566362.418817881,6463964.695068356,0.9441982287708406,False
2,13-14,56.23413251903491,9554327.232657313,6461979.0266544325,0.9443385458995506,False
2,13-14,100.0,9547467.50699252,6460717.080613062,0.9444184437777268,False
2,13-14,177.82794100389228,9543588.37958474,6459956.507940557,0.9444636000743669,False
2,13-14,316.22776601683796,9541401.830934392,6459579.660098547,0.9444890452475245,False
2,13-14,562.341325190349,9540170.956461016,6459393.316947232,0.9445033665414382,False
2,13-14,1000.0,9539478.443310615,6459287.094719162,0.9445114231588236,False
2,13-14,1778.2794100389228,9539088.918721363,6459226.9032526165,0.9445159545855565,False
2,13-14,3162.2776601683795,9538869.844864314,6459192.909284271,0.9445185030394729,False
2,13-14,5623.413251903491,9538746.64210057,6459173.746800151,0.9445199362133667,False
2,13-14,10000.0,9538677.357485004,6459162.956282929,0.9445207421685043,False
2,13-14,17782.794100389227,9538638.395069879,6459156.883688061,0.9445211953972652,False
2,13-14,31622.776601683792,9538616.484639043,6459153.467348469,0.9445214502686765,False
2,13-14,56234.13251903491,9538604.163418202,6459151.545734979,0.9445215935940787,False
2,13-14,100000.0,9538597.234661274,6459150.464985364,0.9445216741920879,False
2,13-14,177827.94100389228,9538593.338326946,6459149.857188728,0.9445217195157463,False
2,13-14,316227.7660168379,9538591.147254614,6459149.515384866,0.9445217450031336,False
2,13-14,562341.3251903491,9538589.915123302,6459149.323169783,0.9445217593357513,False
2,13-14,1000000.0,9538589.222244691,6459149.215077826,0.9445217673955768,False
2,13-14,1778279.410038923,9538588.832610337,6459149.1542927865,0.9445217719279504,False
2,13-14,3162277.6601683795,9538588.613502814,6459149.120110704,0.9445217744766916,False
2,13-14,5623413.251903491,9538588.49028959,6459149.100888656,0.9445217759099541,False
2,13-14,10000000.0,9538588.421001704,6459149.090079292,0.9445217767159368,False
2,13-14,17782794.100389227,9538588.382038258,6459149.084000735,0.9445217771691744,False
2,13-14,31622776.60168379,9538588.3601275,6459149.080582509,0.9445217774240485,False
2,13-14,56234132.51903491,9538588.347806178,6459149.078660294,0.9445217775673748,False
2,13-14,100000000.0,9538588.34087739,6459149.077579358,0.9445217776479731,True
2,14-15,0.0001,11710989.717805685,9022295.57819225,0.9161076834834394,False
2,14-15,0.00017782794100389227,11706613.259141231,9018076.826536775,0.9161703737702835,False
2,14-15,0.00031622776601683794,11698892.017912274,9010612.497835314,0.9162809190313046,False
2,14-15,0.0005623413251903491,11685352.389616732,8997456.941379435,0.9164745902434497,False
2,14-15,0.001,11661862.259838983,8974428.489792109,0.9168100616269148,False
2,14-15,0.0017782794100389228,11621858.426736278,8934592.828097405,0.9173798177155521,False
2,14-15,0.0031622776601683794,11555857.118204858,8867064.438803498,0.9183155641087761,False
2,14-15,0.005623413251903491,11452537.583818397,8762120.294026066,0.9197696958239837,False
2,14-15,0.01,11303684.29232408,8600040.146976052,0.9218417141360229,False
2,14-15,0.01778279410038923,11113779.981156614,8366535.600233792,0.9244458059827421,False
2,14-15,0.03162277660168379,10907091.636784995,8095653.460159675,0.927229910140106,False
2,14-15,0.05623413251903491,10718384.963472158,7819366.0561906705,0.9297261593105179,False
2,14-15,0.1,10569964.11363302,7596843.562371609,0.9316588924100336,False
2,14-15,0.1778279410038923,10460353.586914495,7440424.023202909,0.93306893777601,False
2,14-15,0.31622776601683794,10373774.76388451,7351569.421947916,0.9341723098816781,False
2,14-15,0.5623413251903491,10295350.77048848,7264401.089960769,0.9351638403029969,False
2,14-15,1.0,10219043.057687936,7169728.77412204,0.936121391740446,False
2,14-15,1.7782794100389228,10146482.236358155,7086132.287820859,0.9370253175644003,False
2,14-15,3.1622776601683795,10082418.347511303,7020491.671789888,0.9378180389333234,False
2,14-15,5.623413251903491,10031278.476194412,6972460.618279269,0.9384472357517692,False
2,14-15,10.0,9994817.45232042,6940859.672493397,0.9388938783483317,False
2,14-15,17.78279410038923,9971341.385572817,6919111.691527352,0.9391805962732089,False
2,14-15,31.622776601683793,9957271.096552853,6911404.717309467,0.9393521163917178,False
2,14-15,56.23413251903491,9949164.50213359,6909783.732439084,0.9394508277063776,False
2,14-15,100.0,9944574.190959275,6908750.521646491,0.9395066867535814,False
2,14-15,177.82794100389228,9941990.72584376,6908320.142247383,0.9395381133509353,False
2,14-15,316.22776601683796,9940539.002720775,6908376.603073919,0.9395557692737745,False
2,14-15,562.341325190349,9939723.327295866,6908407.26005453,0.9395656884241913,False
2,14-15,1000.0,9939264.924059331,6908424.148122928,0.9395712625522225,False
2,14-15,1778.2794100389228,9939007.247432213,6908433.532716876,0.9395743957560407,False
2,14-15,3162.2776601683795,9938862.379872017,6908438.774367213,0.9395761572289618,False
2,14-15,5623.413251903491,9938780.926221663,6908441.710641507,0.9395771476285077,False
2,14-15,10000.0,9938735.125134813,6908443.3582432745,0.9395777045229505,False
2,14-15,17782.794100389227,9938709.370463483,6908444.283622543,0.9395780176723252,False
2,14-15,31622.776601683792,9938694.887920585,6908444.803642341,0.9395781937642664,False
2,14-15,56234.13251903491,9938686.743906619,6908445.095957339,0.9395782927864897,False
2,14-15,100000.0,9938682.164228529,6908445.260302202,0.9395783484702862,False
2,14-15,177827.94100389228,9938679.588898158,6908445.352708747,0.9395783797834305,False
2,14-15,316227.7660168379,9938678.140687224,6908445.404669174,0.9395783973920562,False
2,14-15,562341.3251903491,9938677.326299554,6908445.433887526,0.9395784072940986,False
2,14-15,1000000.0,9938676.868336093,6908445.450317859,0.9395784128624213,False
2,14-15,1778279.410038923,9938676.610804427,6908445.459557195,0.9395784159937177,False
2,14-15,3162277.6601683795,9938676.46598377,6908445.464752824,0.9395784177545746,False
2,14-15,5623413.251903491,9938676.38454514,6908445.467674528,0.939578418744777,False
2,14-15,10000000.0,9938676.338748839,6908445.46931752,0.9395784193016087,False
2,14-15,17782794.100389227,9938676.312995683,6908445.470241437,0.9395784196147382,False
2,14-15,31622776.60168379,9938676.298513627,6908445.470761,0.9395784197908238,False
2,14-15,56234132.51903491,9938676.290369762,6908445.471053171,0.939578419889844,False
2,14-15,100000000.0,9938676.28579013,6908445.471217464,0.9395784199455273,True
2,15-16,0.0001,10498016.590883687,7354725.265668192,0.9338394306116717,False
2,15-16,0.00017782794100389227,10494920.080829091,7352850.122111528,0.9338784544887332,False
2,15-16,0.00031622776601683794,10489462.397638984,7349520.508146009,0.9339472071067165,False
2,15-16,0.0005623413251903491,10479908.428749323,7343615.655077141,0.9340674761752064,False
2,15-16,0.001,10463381.461292269,7333169.240352725,0.9342752652936943,False
2,15-16,0.0017782794100389228,10435371.645684427,7314778.4598938795,0.934626676292031,False
2,15-16,0.0031622776601683794,10389508.190850101,7283064.037670644,0.935200045010405,False
2,15-16,0.005623413251903491,10318494.052164901,7230261.74527217,0.9360828560428993,False
2,15-16,0.01,10217601.838983925,7145374.877595111,0.9373266838365947,False
2,15-16,0.01778279410038923,10090910.349471867,7015611.716709278,0.9388712633658661,False
2,15-16,0.03162277660168379,9955912.43276149,6864059.110722883,0.9404959041160229,False
2,15-16,0.05623413251903491,9839119.618305137,6736024.349772955,0.9418838005439385,False
2,15-16,0.1,9762740.846179182,6624788.221034978,0.9427825832146758,False
2,15-16,0.1778279410038923,9731958.90515613,6558636.592518837,0.9431428276467678,False
2,15-16,0.31622776601683794,9731388.66472001,6509256.16437544,0.943149490500401,False
2,15-16,0.5623413251903491,9735181.51404434,6485872.005424892,0.9431051664179032,False
2,15-16,1.0,9724127.456804678,6457972.574007286,0.9432342984089871,False
2,15-16,1.7782794100389228,9694418.027490953,6426602.386808713,0.9435806328890386,False
2,15-16,3.1622776601683795,9653950.77615992,6395580.10661848,0.944050670692682,False
2,15-16,5.623413251903491,9613981.194583008,6355622.704048125,0.9445129978775554,False
2,15-16,10.0,9582306.312642625,6334959.61080523,0.9448780181419038,False
2,15-16,17.78279410038923,9560849.46402125,6323851.869570156,0.9451246017455861,False
2,15-16,31.622776601683793,9547687.703736383,6315526.478920997,0.9452755840823663,False
2,15-16,56.23413251903491,9540028.096483985,6310017.565656356,0.9453633538980587,False
2,15-16,100.0,9535672.751689194,6306946.05070111,0.9454132294563037,False
2,15-16,177.82794100389228,9533217.309550682,6305122.50995254,0.9454413380970008,False
2,15-16,316.22776601683796,9531836.524007931,6305246.430632423,0.9454571414409274,False
2,15-16,562.341325190349,9531060.455743266,6305391.300819036,0.9454660226797744,False
2,15-16,1000.0,9530624.244966647,6305472.872728757,0.945471014309897,False
2,15-16,1778.2794100389228,9530379.024453958,6305518.778620758,0.9454738203073761,False
2,15-16,3162.2776601683795,9530241.154332748,6305544.6045894995,0.9454753978892558,False
2,15-16,5623.413251903491,9530163.633428726,6305559.131179487,0.9454762849138731,False
2,15-16,10000.0,9530120.043201447,6305567.301221182,0.9454767836871972,False
2,15-16,17782.794100389227,9530095.531572673,6305571.895935059,0.9454770641560922,False
2,15-16,31622.776601683792,9530081.747976268,6305574.4798471965,0.945477221871531,False
2,15-16,56234.13251903491,9530073.996987447,6305575.932924072,0.9454773105602292,False
2,15-16,100000.0,9530069.638316896,6305576.750060732,0.9454773604331654,False
2,15-16,177827.94100389228,9530067.187266067,6305577.209574081,0.9454773884786569,False
2,15-16,316227.7660168379,9530065.808941983,6305577.467978575,0.9454774042497573,False
2,15-16,562341.3251903491,9530065.033854367,6305577.613290464,0.9454774131184867,False
2,15-16,1000000.0,9530064.597990876,6305577.695005457,0.9454774181057359,False
2,15-16,1778279.410038923,9530064.352886919,6305577.740957211,0.945477420910271,False
2,15-16,3162277.6601683795,9530064.215054868,6305577.766797793,0.9454774224873765,False
2,15-16,5623413.251903491,9530064.13754622,6305577.781329026,0.9454774233742481,False
2,15-16,10000000.0,9530064.093959907,6305577.78950054,0.9454774238729725,False
2,15-16,17782794.100389227,9530064.069449525,6305577.79409572,0.9454774241534258,False
2,15-16,31622776.60168379,9530064.055666324,6305577.796679779,0.9454774243111365,False
2,15-16,56234132.51903491,9530064.047915459,6305577.798132905,0.9454774243998235,False
2,15-16,100000000.0,9530064.043556828,6305577.798950055,0.945477424449696,True
2,16-17,0.0001,12064054.588720366,8991169.26921732,0.9108798411594519,False
2,16-17,0.00017782794100389227,12051218.95875523,8980820.253874348,0.9110693802295602,False
2,16-17,0.00031622776601683794,12028826.471731357,8962636.844173523,0.9113995588873164,False
2,16-17,0.0005623413251903491,11990318.344287133,8930975.707197614,0.9119659276672112,False
2,16-17,0.001,11925694.751223758,8876690.491061568,0.9129123157179113,False
2,16-17,0.0017782794100389228,11821529.08741548,8785961.585323611,0.9144270163135927,False
2,16-17,0.0031622776601683794,11663920.964841822,8640318.558138423,0.9166935743678087,False
2,16-17,0.005623413251903491,11446491.298598092,8428875.617929382,0.9197704919014968,False
2,16-17,0.01,11181273.613080217,8187369.894939693,0.9234452901723536,False
2,16-17,0.01778279410038923,10903053.272415357,7934248.872148649,0.9272076680262028,False
2,16-17,0.03162277660168379,10658755.687461197,7698070.714765461,0.9304331434120002,False
2,16-17,0.05623413251903491,10484213.378973601,7496363.402216588,0.9326928708272786,False
2,16-17,0.1,10381042.64497332,7317508.539628658,0.9340110353016655,False
2,16-17,0.1778279410038923,10316631.78816178,7198021.823481169,0.9348273732624113,False
2,16-17,0.31622776601683794,10253856.917337606,7145043.8066091705,0.9356180879425968,False
2,16-17,0.5623413251903491,10177796.910392493,7067726.93955028,0.9365696765786683,False
2,16-17,1.0,10093583.84363573,6971610.201744998,0.9376150036044023,False
2,16-17,1.7782794100389228,10011289.436936062,6880146.279465481,0.9386281239178278,False
2,16-17,3.1622776601683795,9938657.953362564,6816145.2044320805,0.9395153944017638,False
2,16-17,5.623413251903491,9880654.6891055,6769585.014685818,0.9402193258830448,False
2,16-17,10.0,9839018.586098593,6740876.766506427,0.9407220840728895,False
2,16-17,17.78279410038923,9811892.619031385,6721640.052579162,0.9410484894374872,False
2,16-17,31.622776601683793,9795414.37666625,6708539.413754171,0.941246331303479,False
2,16-17,56.23413251903491,9785804.895837735,6705207.89513576,0.941361551608323,False
2,16-17,100.0,9780313.295763033,6704208.834731713,0.9414273466156168,False
2,16-17,177.82794100389228,9777203.240256632,6703604.974098415,0.9414645918928077,False
2,16-17,316.22776601683796,9775448.741323335,6703251.249327223,0.9414855981241157,False
2,16-17,562.341325190349,9774460.621502114,6703047.69780315,0.9414974270067817,False
2,16-17,1000.0,9773904.541579872,6702931.735603142,0.941504083370157,False
2,16-17,1778.2794100389228,9773591.712049577,6702866.046432727,0.9415078278219668,False
2,16-17,3162.2776601683795,9773415.758025212,6702828.954283199,0.9415099338727922,False
2,16-17,5623.413251903491,9773316.800410891,6702808.047458884,0.9415111183119373,False
2,16-17,10000.0,9773261.148909133,6702796.275358006,0.9415117844081873,False
2,16-17,17782.794100389227,9773229.852658909,6702789.6505658915,0.9415121589932662,False
2,16-17,31622.776601683792,9773212.253134593,6702785.923635745,0.941512369641592,False
2,16-17,56234.13251903491,9773202.356084583,6702783.827343084,0.9415124880990028,False
2,16-17,100000.0,9773196.790529577,6702782.648357423,0.9415125547128639,False
2,16-17,177827.94100389228,9773193.660777006,6702781.98531647,0.9415125921727057,False
2,16-17,316227.7660168379,9773191.900784323,6702781.612445765,0.9415126132379591,False
2,16-17,562341.3251903491,9773190.911066612,6702781.402760303,0.941512625083833,False
2,16-17,1000000.0,9773190.354507089,6702781.2848439645,0.9415126317452612,False
2,16-17,1778279.410038923,9773190.041530564,6702781.218534246,0.9415126354912586,False
2,16-17,3162277.6601683795,9773189.865530895,6702781.181245399,0.9415126375977882,False
2,16-17,5623413.251903491,9773189.766558997,6702781.160276291,0.9415126387823769,False
2,16-17,10000000.0,9773189.710903006,6702781.148484479,0.9415126394485201,False
2,16-17,17782794.100389227,9773189.67960534,6702781.141853452,0.9415126398231201,False
2,16-17,31622776.60168379,9773189.662005369,6702781.138124548,0.941512640033773,False
2,16-17,56234132.51903491,9773189.65210818,6702781.136027635,0.9415126401522319,False
2,16-17,100000000.0,9773189.646542577,6702781.134848449,0.9415126402188463,True
2,17-18,0.0001,11416626.520014232,8542574.673567044,0.9199279647499211,False
2,17-18,0.00017782794100389227,11412115.817372836,8538719.50774872,0.9199912250815155,False
2,17-18,0.00031622776601683794,11404167.19955612,8531901.365096333,0.9201026396007855,False
2,17-18,0.0005623413251903491,11390258.053572796,8519893.599987999,0.9202974151291418,False
2,17-18,0.001,11366215.219252357,8498901.389602901,0.9206335363254954,False
2,17-18,0.0017782794100389228,11325528.850128913,8462667.723633436,0.921200717870345,False
2,17-18,0.0031622776601683794,11259116.428125542,8401467.172430392,0.9221221595911968,False
2,17-18,0.005623413251903491,11156945.199712653,8301843.72138265,0.923529156704852,False
2,17-18,0.01,11013570.188195482,8157601.7314757425,0.9254819421725846,False
2,17-18,0.01778279410038923,10836993.94605456,7951727.714469413,0.9278522251830178,False
2,17-18,0.03162277660168379,10652052.464302618,7691776.716030757,0.9302937253387298,False
2,17-18,0.05623413251903491,10488333.85800878,7420953.309696332,0.9324199846962709,False
2,17-18,0.1,10362822.474213062,7224236.24754943,0.9340277347836254,False
2,17-18,0.1778279410038923,10275155.70128346,7119991.80229298,0.935139229617941,False
2,17-18,0.31622776601683794,10212555.83340449,7076253.963858903,0.9359271315163403,False
2,17-18,0.5623413251903491,10158651.342142355,7007687.04167852,0.9366017325414755,False
2,17-18,1.0,10103189.107354477,6932160.560164739,0.937292101945279,False
2,17-18,1.7782794100389228,10045279.404674431,6882728.030665449,0.938008903033094,False
2,17-18,3.1622776601683795,9989958.03439523,6831161.25806624,0.9386898177205051,False
2,17-18,5.623413251903491,9943346.163584566,6794747.50525264,0.9392606139664978,False
2,17-18,10.0,9908892.581716482,6768078.158528735,0.9396808072902341,False
2,17-18,17.78279410038923,9886110.89897059,6747233.14524581,0.9399578499587246,False
2,17-18,31.622776601683793,9872163.15848149,6733248.644601417,0.9401271504206102,False
2,17-18,56.23413251903491,9863992.531961687,6728893.638951881,0.9402262160952366,False
2,17-18,100.0,9859310.30840477,6727123.677576933,0.9402829492675426,False
2,17-18,177.82794100389228,9856654.156913124,6726066.093835755,0.940315121125859,False
2,17-18,316.22776601683796,9855154.21250866,6725576.59295678,0.9403332849341817,False
2,17-18,562.341325190349,9854308.957765073,6725293.811506196,0.9403435194591963,False
2,17-18,1000.0,9853833.115858402,6725132.36328222,0.9403492806684692,False
2,17-18,1778.2794100389228,9853565.37334822,6725040.796814762,0.9403525222123765,False
2,17-18,3162.2776601683795,9853414.762420457,6724989.057641193,0.9403543456119221,False
2,17-18,5623.413251903491,9853330.052662542,6724959.883972325,0.9403553711543046,False
2,17-18,10000.0,9853282.412163273,6724943.453504546,0.9403559479122153,False
2,17-18,17782.794100389227,9853255.620462913,6724934.206087104,0.940356272263702,False
2,17-18,31622.776601683792,9853240.553916391,6724929.003386485,0.9403564546652038,False
2,17-18,56234.13251903491,9853232.081227468,6724926.076903424,0.9403565572387654,False
2,17-18,100000.0,9853227.316637853,6724924.430971346,0.9403566149206423,False
2,17-18,177827.94100389228,9853224.637297517,6724923.505316741,0.940356647357711,False
2,17-18,316227.7660168379,9853223.130589081,6724922.984757926,0.9403566655984674,False
2,17-18,562341.3251903491,9853222.28330319,6724922.692018297,0.9403566758560152,False
2,17-18,1000000.0,9853221.806838851,6724922.527396205,0.9403566816242636,False
2,17-18,1778279.410038923,9853221.538903119,6724922.434821609,0.9403566848679895,False
2,17-18,3162277.6601683795,9853221.38823174,6724922.382762841,0.9403566866920712,False
2,17-18,5623413.251903491,9853221.30350298,6724922.353487963,0.9403566877178279,False
2,17-18,10000000.0,9853221.255856492,6724922.337025466,0.9403566882946534,False
2,17-18,17782794.100389227,9853221.229062902,6724922.327767915,0.9403566886190261,False
2,17-18,31622776.60168379,9853221.21399576,6724922.322562013,0.9403566888014344,False
2,17-18,56234132.51903491,9853221.205522884,6724922.319634512,0.94035668890401,False
2,17-18,100000000.0,9853221.200758232,6724922.317988261,0.9403566889616927,True
2,18-19,0.0001,10917005.63447292,8349319.94179665,0.9271059228907457,False
2,18-19,0.00017782794100389227,10913877.94276615,8345609.6908183405,0.927147684807667,False
2,18-19,0.00031622776601683794,10908367.028747912,8339043.624099041,0.9272212391361419,False
2,18-19,0.0005623413251903491,10898725.531161437,8327466.770256598,0.9273498351292605,False
2,18-19,0.001,10882065.973324362,8307188.312499805,0.9275717683426045,False
2,18-19,0.0017782794100389228,10853895.053503709,8272070.092894187,0.9279462797470819,False
2,18-19,0.0031622776601683794,10807982.522371061,8212428.343463069,0.9285545723087343,False
2,18-19,0.005623413251903491,10737585.219129216,8114385.861228153,0.9294822543261753,False
2,18-19,0.01,10639540.365965504,7965493.48363015,0.9307641694815785,False
2,18-19,0.01778279410038923,10520794.129677098,7768075.073440129,0.9323010055866988,False
2,18-19,0.03162277660168379,10400411.369835913,7530808.881776427,0.9338414150353604,False
2,18-19,0.05623413251903491,10298254.39832826,7286935.137424664,0.9351347038883345,False
2,18-19,0.1,10219027.712801518,7117191.37026262,0.9361289101416497,False
2,18-19,0.1778279410038923,10151687.898820112,7016956.274791955,0.9369679128661065,False
2,18-19,0.31622776601683794,10082157.675739253,6942185.683361107,0.9378283858250912,False
2,18-19,0.5623413251903491,10003999.333797824,6853336.318252447,0.9387885762343394,False
2,18-19,1.0,9920485.020194124,6764023.898642762,0.9398063076476186,False
2,18-19,1.7782794100389228,9839887.798570069,6692519.332535461,0.9407804005479722,False
2,18-19,3.1622776601683795,9770215.177843865,6624588.544460363,0.9416160558902882,False
2,18-19,5.623413251903491,9716622.515586874,6574269.439876158,0.9422548073010781,False
2,18-19,10.0,9680122.781960538,6549808.251526741,0.9426878230887931,False
2,18-19,17.78279410038923,9657774.943079721,6533493.972941973,0.942952143050999,False
2,18-19,31.622776601683793,9645025.060514186,6523549.902892093,0.9431026691021267,False
2,18-19,56.23413251903491,9637983.737175666,6523267.008075564,0.9431857142494691,False
2,18-19,100.0,9634122.344586015,6528093.693434574,0.9432312296437589,False
2,18-19,177.82794100389228,9631996.125600684,6531039.917935261,0.9432562842390049,False
2,18-19,316.22776601683796,9630817.787675781,6532728.128253005,0.9432701669651861,False
2,18-19,562.341325190349,9630161.236864217,6533687.7264306005,0.9432779014585957,False
2,18-19,1000.0,9629794.06627544,6534230.645810636,0.9432822266799029,False
2,18-19,1778.2794100389228,9629588.255468799,6534537.004975996,0.9432846510320452,False
2,18-19,3162.2776601683795,9629472.733424777,6534709.618294737,0.9432860118033609,False
2,18-19,5623.413251903491,9629407.838919036,6534806.792134719,0.9432867762094573,False
2,18-19,10000.0,9629371.367780909,6534861.47065536,0.943287205808439,False
2,18-19,17782.794100389227,9629350.865444265,6534892.229300254,0.9432874473078093,False
2,18-19,31622.776601683792,9629339.338316264,6534909.529528092,0.9432875830869438,False
2,18-19,56234.13251903491,9629332.856826885,6534919.259227383,0.9432876594329508,False
2,18-19,100000.0,9629329.212236216,6534924.730976617,0.9432877023628674,False
2,18-19,177827.94100389228,9629327.162801433,6534927.808073982,0.9432877265033117,False
2,18-19,316227.7660168379,9629326.010341438,6534929.538486723,0.9432877400782212,False
2,18-19,562341.3251903491,9629325.362272473,6534930.51157998,0.9432877477118716,False
2,18-19,1000000.0,9629324.997838706,6534931.058793906,0.9432877520045627,False
2,18-19,1778279.410038923,9629324.792903231,6534931.366515982,0.9432877544185121,False
2,18-19,3162277.6601683795,9629324.677659757,6534931.539561152,0.943287755775973,False
2,18-19,5623413.251903491,9629324.612853663,6534931.636871714,0.9432877565393285,False
2,18-19,10000000.0,9629324.57641054,6534931.691593496,0.9432877569685946,False
2,18-19,17782794.100389227,9629324.555917073,6534931.722365827,0.9432877572099886,False
2,18-19,31622776.60168379,9629324.544392748,6534931.73967038,0.9432877573457344,False
2,18-19,56234132.51903491,9629324.537912147,6534931.749401449,0.9432877574220698,False
2,18-19,100000000.0,9629324.534267835,6534931.754873632,0.9432877574649965,True
2,19-20,0.0001,13029531.9317807,9548148.129026053,0.8956168297317816,False
2,19-20,0.00017782794100389227,13010679.066382587,9537063.25770633,0.8959186821917506,False
2,19-20,0.00031622776601683794,12977965.872144707,9517714.957164753,0.8964414146187913,False
2,19-20,0.0005623413251903491,12922215.484306589,9484399.634032289,0.8973292318132977,False
2,19-20,0.001,12830003.582263,9428309.896801088,0.8987893045516101,False
2,19-20,0.0017782794100389228,12684536.824922951,9337146.582192658,0.9010713503786032,False
2,19-20,0.0031622776601683794,12470497.986938054,9196325.076938882,0.9043818257478492,False
2,19-20,0.005623413251903491,12183372.225830123,8992510.434481252,0.9087342389457782,False
2,19-20,0.01,11838021.908015376,8744733.478681508,0.9138349523553375,False
2,19-20,0.01778279410038923,11468931.707249392,8459150.940930529,0.9191241632104806,False
2,19-20,0.03162277660168379,11121066.025673356,8143990.864397353,0.9239558706182369,False
2,19-20,0.05623413251903491,10833689.707027616,7839329.275799033,0.927835162346299,False
2,19-20,0.1,10623232.545021374,7586666.26381502,0.9306117027077146,False
2,19-20,0.1778279410038923,10478609.551648347,7424985.731316716,0.9324881249355828,False
2,19-20,0.31622776601683794,10373564.407819925,7331791.370710144,0.9338349158352712,False
2,19-20,0.5623413251903491,10285152.516598288,7223977.967197773,0.9349579342539818,False
2,19-20,1.0,10203136.195063049,7119801.235668053,0.9359911209999026,False
2,19-20,1.7782794100389228,10127251.233959867,7041057.809894012,0.9369397015696478,False
2,19-20,3.1622776601683795,10061296.573109657,6984726.589506695,0.9377583989972971,False
2,19-20,5.623413251903491,10009295.600219967,6951570.242557977,0.9384001174224889,False
2,19-20,10.0,9972763.466586744,6926934.519972454,0.9388489538839171,False
2,19-20,17.78279410038923,9949665.921531426,6907539.9715399,0.9391318851694954,False
2,19-20,31.622776601683793,9936086.47060199,6895985.61669107,0.9392979191926263,False
2,19-20,56.23413251903491,9928395.26086091,6896291.378692777,0.9393918579362172,False
2,19-20,100.0,9924096.705626495,6896436.581807699,0.9394443278552831,False
2,19-20,177.82794100389228,9921698.958374035,6896509.045095431,0.939473585864423,False
2,19-20,316.22776601683796,9920359.194732603,6896546.744386285,0.939489930971109,False
2,19-20,562.341325190349,9919608.989033828,6896566.952889611,0.9394990825111447,False
2,19-20,1000.0,9919188.220543357,6896577.998532404,0.9395042150400255,False
2,19-20,1778.2794100389228,9918951.970796073,6896584.108363295,0.9395070967161041,False
2,19-20,3162.2776601683795,9918819.236534586,6896587.5118876295,0.9395087157232617,False
2,19-20,5623.413251903491,9918744.632673575,6896589.415591594,0.9395096256836682,False
2,19-20,10000.0,9918702.691986512,6896590.482880226,0.939510137240844,False
2,19-20,17782.794100389227,9918679.110863835,6896591.082034362,0.939510424862567,False
2,19-20,31622.776601683792,9918665.85144749,6896591.418638767,0.9395105865889252,False
2,19-20,56234.13251903491,9918658.395517169,6896591.607822614,0.9395106775295191,False
2,19-20,100000.0,9918654.202862049,6896591.7141760215,0.9395107286676476,False
2,19-20,177827.94100389228,9918651.845197605,6896591.773972661,0.9395107574242479,False
2,19-20,316227.7660168379,9918650.519397728,6896591.807595534,0.93951077359512,False
2,19-20,562341.3251903491,9918649.77384955,6896591.82650204,0.9395107826886213,False
2,19-20,1000000.0,9918649.354598228,6896591.837133627,0.9395107878022576,False
2,19-20,1778279.410038923,9918649.118836276,6896591.843112101,0.9395107906778618,False
2,19-20,3162277.6601683795,9918648.986257704,6896591.846474013,0.9395107922949314,False
2,19-20,5623413.251903491,9918648.911703337,6896591.848364545,0.9395107932042759,False
2,19-20,10000000.0,9918648.869778344,6896591.849427666,0.9395107937156378,False
2,19-20,17782794.100389227,9918648.846202191,6896591.850025496,0.9395107940031977,False
2,19-20,31622776.60168379,9918648.832944352,6896591.850361689,0.9395107941649045,False
2,19-20,56234132.51903491,9918648.82548892,6896591.850550742,0.9395107942558388,False
2,19-20,100000000.0,9918648.82129642,6896591.85065705,0.939510794306975,True
2,20-21,0.0001,11484683.166535832,8661286.689883538,0.9178124324876553,False
2,20-21,0.00017782794100389227,11479716.801953245,8656077.646458887,0.9178834984743305,False
2,20-21,0.00031622776601683794,11470975.686804036,8646876.053720424,0.9180085044358792,False
2,20-21,0.0005623413251903491,11455711.470253315,8630704.553609978,0.9182265684052949,False
2,20-21,0.001,11429419.384034967,8602535.764645359,0.9186014952504615,False
2,20-21,0.0017782794100389228,11385184.626355926,8554215.355231013,0.9192303417929303,False
2,20-21,0.0031622776601683794,11313624.966957975,8473432.045716675,0.9202424791075019,False
2,20-21,0.005623413251903491,11204871.659563309,8353560.763359548,0.9217684630235486,False
2,20-21,0.01,11054155.358910535,8181966.792262268,0.9238588875494786,False
2,20-21,0.01778279410038923,10869084.605866779,7944880.932477865,0.9263870828477576,False
2,20-21,0.03162277660168379,10670363.468623083,7660850.319348524,0.929054228446568,False
2,20-21,0.05623413251903491,10481835.362808002,7384033.369544243,0.9315390757956951,False
2,20-21,0.1,10320830.893824069,7185865.333334854,0.9336260881608404,False
2,20-21,0.1778279410038923,10194502.142476441,7047876.868616544,0.9352410001721779,False
2,20-21,0.31622776601683794,10097263.55005676,6954736.423201188,0.9364704946774851,False
2,20-21,0.5623413251903491,10015141.05941632,6866239.182975207,0.9374996814582713,False
2,20-21,1.0,9936956.678601239,6778232.2306533465,0.938471704711349,False
2,20-21,1.7782794100389228,9860470.249612475,6705272.674710397,0.9394152466822887,False
2,20-21,3.1622776601683795,9790388.387236677,6644575.76596842,0.9402733809710043,False
2,20-21,5.623413251903491,9733150.269873695,6607275.072288426,0.9409697059379248,False
2,20-21,10.0,9692083.826275304,6578474.463086035,0.9414667803929365,False
2,20-21,17.78279410038923,9665760.63918094,6556270.903965473,0.9417842948880287,False
2,20-21,31.622776601683793,9650124.875380099,6546203.89609082,0.9419724871722324,False
2,20-21,56.23413251903491,9641198.539332267,6543774.61827607,0.9420797880671841,False
2,20-21,100.0,9636180.901050666,6542242.016453046,0.9421400600439644,False
2,20-21,177.82794100389228,9633371.22923706,6542179.703844441,0.9421737961773516,False
2,20-21,316.22776601683796,9631797.487605788,6542450.672411172,0.9421926880208904,False
2,20-21,562.341325190349,9630914.979327105,6542603.888775666,0.9422032806635046,False
2,20-21,1000.0,9630419.583990606,6542690.3226606725,0.9422092264098626,False
2,20-21,1778.2794100389228,9630141.296929775,6542739.016206781,0.942212566283483,False
2,20-21,3162.2776601683795,9629984.900801547,6542766.426772972,0.9422144432356954,False
2,20-21,5623.413251903491,9629896.983779054,6542781.849826667,0.9422154983382642,False
2,20-21,10000.0,9629847.55430342,6542790.52568942,0.942216091543008,False
2,20-21,17782.794100389227,9629819.761215134,6542795.405386002,0.9422164250874265,False
2,20-21,31622.776601683792,9629804.133011917,6542798.149726069,0.9422166126408265,False
2,20-21,56234.13251903491,9629795.34494386,6542799.693072083,0.9422167181059226,False
2,20-21,100000.0,9629790.403150197,6542800.560987852,0.94221677741206,False
2,20-21,177827.94100389228,9629787.624207094,6542801.049061785,0.9422168107619582,False
2,20-21,316227.7660168379,9629786.061502572,6542801.323528775,0.9422168295158595,False
2,20-21,562341.3251903491,9629785.182732414,6542801.477873811,0.9422168400619139,False
2,20-21,1000000.0,9629784.68856464,6542801.564668687,0.9422168459923836,False
2,20-21,1778279.410038923,9629784.410673995,6542801.613477126,0.9422168493273279,False
2,20-21,3162277.6601683795,9629784.254404705,6542801.640924155,0.9422168512027036,False
2,20-21,5623413.251903491,9629784.166528054,6542801.656358762,0.9422168522573046,False
2,20-21,10000000.0,9629784.117111392,6542801.665038281,0.9422168528503501,False
2,20-21,17782794.100389227,9629784.089322366,6542801.669919133,0.942216853183844,False
2,20-21,31622776.60168379,9629784.073695445,6542801.6726638395,0.9422168533713815,False
2,20-21,56234132.51903491,9629784.064907786,6542801.674207304,0.9422168534768415,False
2,20-21,100000000.0,9629784.059966123,6542801.675075255,0.942216853536146,True
2,21-22,0.0001,9427086.958269078,6923553.436471665,0.944902021069959,False
2,21-22,0.00017782794100389227,9425330.746404076,6921659.360830205,0.944922548028393,False
2,21-22,0.00031622776601683794,9422250.403674897,6918313.3696345715,0.944958542458713,False
2,21-22,0.0005623413251903491,9416903.51898578,6912432.107644006,0.9450209939559789,False
2,21-22,0.001,9407786.818384219,6903442.613609468,0.9451273950701551,False
2,21-22,0.0017782794100389228,9392700.634031331,6888340.059316645,0.9453032397212886,False
2,21-22,0.0031622776601683794,9368903.721733818,6862999.944860923,0.9455800429972386,False
2,21-22,0.005623413251903491,9333945.929568734,6825430.833313345,0.9459853950913418,False
2,21-22,0.01,9287207.952931054,6789021.093513975,0.9465249766999451,False
2,21-22,0.01778279410038923,9231004.885228913,6737315.86521552,0.94717024411531,False
2,21-22,0.03162277660168379,9170115.7472821,6675575.02827545,0.9478648920362371,False
2,21-22,0.05623413251903491,9111539.060205312,6613691.975818803,0.9485288199868095,False
2,21-22,0.1,9065330.634247873,6539362.636368145,0.949049559953714,False
2,21-22,0.1778279410038923,9040901.66800541,6482875.292122519,0.9493237892313907,False
2,21-22,0.31622776601683794,9038862.702016236,6448648.625445375,0.9493466443452936,True
2,21-22,0.5623413251903491,9050195.040676134,6426525.733105491,0.9492195529545786,False
2,21-22,1.0,9064245.422842998,6459863.094057479,0.949061757785508,False
2,21-22,1.7782794100389228,9074590.597678272,6485654.863040524,0.9489454180983288,False
2,21-22,3.1622776601683795,9079158.22852943,6496578.3820387805,0.9488940092396528,False
2,21-22,5.623413251903491,9078713.80921547,6500326.077609298,0.9488990123319881,False
2,21-22,10.0,9075510.4198985,6508214.259390784,0.9489350675445669,False
2,21-22,17.78279410038923,9071743.00677405,6511231.472876035,0.9489774547507989,False
2,21-22,31.622776601683793,9068615.197326133,6511858.054290567,0.9490126323979128,False
2,21-22,56.23413251903491,9066423.449702859,6511719.990709721,0.9490372751763322,False
2,21-22,100.0,9065026.21363049,6511448.532731294,0.9490529818044144,False
2,21-22,177.82794100389228,9064182.37342355,6511226.0056248875,0.949062466419328,False
2,21-22,316.22776601683796,9063688.265022205,6511077.033728568,0.9490680197006389,False
2,21-22,562.341325190349,9063403.985876247,6510985.389527308,0.9490712145750378,False
2,21-22,1000.0,9063242.050921164,6510931.303168478,0.9490730344380646,False
2,21-22,1778.2794100389228,9063150.324948112,6510900.070171168,0.9490740652616497,False
2,21-22,3162.2776601683795,9063098.532516092,6510882.24585434,0.9490746473044013,False
2,21-22,5623.413251903491,9063069.340478713,6510872.13969508,0.9490749753627138,False
2,21-22,10000.0,9063052.903354164,6510866.430332278,0.949075160081639,False
2,21-22,17782.794100389227,9063043.653356586,6510863.211408468,0.9490752640321313,False
2,21-22,31622.776601683792,9063038.449573226,6510861.398643656,0.9490753225116504,False
2,21-22,56234.13251903491,9063035.522597782,6510860.378418749,0.9490753554046493,False
2,21-22,100000.0,9063033.876425665,6510859.804440852,0.9490753739041293,False
2,21-22,177827.94100389228,9063032.95064773,6510859.481586093,0.9490753843079065,False
2,21-22,316227.7660168379,9063032.430023247,6510859.300005185,0.9490753901586192,False
2,21-22,562341.3251903491,9063032.137247855,6510859.197886411,0.9490753934487922,False
2,21-22,1000000.0,9063031.972606022,6510859.14045817,0.9490753952990164,False
2,21-22,1778279.410038923,9063031.880020445,6510859.108163065,0.9490753963394815,False
2,21-22,3162277.6601683795,9063031.827955535,6510859.090001929,0.9490753969245803,False
2,21-22,5623413.251903491,9063031.798677213,6510859.079789089,0.9490753972536063,False
2,21-22,10000000.0,9063031.782212786,6510859.07404596,0.9490753974386316,False
2,21-22,17782794.100389227,9063031.772954147,6510859.070816351,0.9490753975426789,False
2,21-22,31622776.60168379,9063031.767747633,6510859.069000206,0.9490753976011891,False
2,21-22,56234132.51903491,9063031.764819793,6510859.067978916,0.9490753976340918,False
2,21-22,100000000.0,9063031.763173345,6510859.067404593,0.9490753976525943,False
2,22-23,0.0001,11927541.495072633,9030902.573031768,0.9132662090896699,False
2,22-23,0.00017782794100389227,11918571.696851952,9021103.547957089,0.9133966118339623,False
2,22-23,0.00031622776601683794,11902826.611809852,9003821.415976193,0.9136252763192549,False
2,22-23,0.0005623413251903491,11875460.740444165,8973533.137052484,0.9140219892064442,False
2,22-23,0.001,11828707.018928267,8922002.917446624,0.914697647876841,False
2,22-23,0.0017782794100389228,11751133.193313664,8847657.928594014,0.9158128215902874,False
2,22-23,0.0031622776601683794,11628503.612720016,8731726.329108406,0.9175607331706064,False
2,22-23,0.005623413251903491,11448905.178335996,8548414.455202779,0.9200875632966572,False
2,22-23,0.01,11213887.231312448,8288393.641342715,0.9233347024875538,False
2,22-23,0.01778279410038923,10949727.296503363,7982267.452983709,0.9269040924125407,False
2,22-23,0.03162277660168379,10703059.487028062,7650021.63429835,0.9301603048661434,False
2,22-23,0.05623413251903491,10514034.334197097,7403213.231947099,0.9326053785486691,False
2,22-23,0.1,10388830.474941924,7223945.667908392,0.9342009269526695,False
2,22-23,0.1778279410038923,10301033.709108075,7107842.418964148,0.9353083730942957,False
2,22-23,0.31622776601683794,10219261.847878313,7058298.256492603,0.9363313691308719,False
2,22-23,0.5623413251903491,10129359.961062344,6991314.723005301,0.9374466654356698,False
2,22-23,1.0,10034491.327831142,6898792.8001820315,0.9386128910774919,False
2,22-23,1.7782794100389228,9944412.266333912,6807301.576369831,0.9397100813801079,False
2,22-23,3.1622776601683795,9867617.632069662,6736312.81372098,0.9406376505547998,False
2,22-23,5.623413251903491,9808757.847887116,6695294.457220351,0.9413437245608667,False
2,22-23,10.0,9768180.21102929,6662812.416668575,0.9418280284698309,False
2,22-23,17.78279410038923,9742657.998636784,6640749.821494536,0.9421316137446379,False
2,22-23,31.622776601683793,9727584.142622562,6633376.244776425,0.9423105433366546,False
2,22-23,56.23413251903491,9718973.911379924,6631730.555775476,0.9424126241252173,False
2,22-23,100.0,9714122.227216966,6633762.241489464,0.942470104683408,False
2,22-23,177.82794100389228,9711399.129887523,6635447.22243544,0.9425023541328098,False
2,22-23,316.22776601683796,9709871.280668173,6636415.465480002,0.9425204443836254,False
2,22-23,562.341325190349,9709013.565224616,6636966.690975223,0.9425305987767424,False
2,22-23,1000.0,9708531.76618138,6637278.835500889,0.9425363023459729,False
2,22-23,1778.2794100389228,9708261.01093514,6637455.059161299,0.942539507440426,False
2,22-23,3162.2776601683795,9708108.813388431,6637554.376957382,0.9425413090560685,False
2,22-23,5623.413251903491,9708023.245592164,6637610.297218725,0.9425423219396254,False
2,22-23,10000.0,9707975.13342201,6637641.765589511,0.9425428914493317,False
2,22-23,17782.794100389227,9707948.079914719,6637664.336156754,0.9425432116838023,False
2,22-23,31622.776601683792,9707932.867229931,6637678.076568185,0.9425433917571437,False
2,22-23,56234.13251903491,9707924.312705202,6637685.804415427,0.9425434930173742,False
2,22-23,100000.0,9707919.502204672,6637690.150434143,0.9425435499594104,False
2,22-23,177827.94100389228,9707916.797081128,6637692.594484704,0.942543581980025,False
2,22-23,316227.7660168379,9707915.275884597,6637693.968908428,0.9425435999864621,False
2,22-23,562341.3251903491,9707914.420454897,6637694.74181415,0.9425436101122012,False
2,22-23,1000000.0,9707913.93941205,6637695.176454289,0.9425436158063151,False
2,22-23,1778279.410038923,9707913.668901974,6637695.420871449,0.942543619008348,False
2,22-23,3162277.6601683795,9707913.516783044,6637695.558317645,0.9425436208089828,False
2,22-23,5623413.251903491,9707913.4312403,6637695.635609427,0.9425436218215539,False
2,22-23,10000000.0,9707913.383136088,6637695.679073824,0.9425436223909643,False
2,22-23,17782794.100389227,9707913.356085101,6637695.703515658,0.9425436227111674,False
2,22-23,31622776.60168379,9707913.340873217,6637695.717260317,0.9425436228912307,False
2,22-23,56234132.51903491,9707913.332318945,6637695.724989511,0.9425436229924878,False
2,22-23,100000000.0,9707913.327508522,6637695.729335949,0.9425436230494288,True
2,23-24,0.0001,10779850.34211071,7831821.49408934,0.9285894049809523,False
2,23-24,0.00017782794100389227,10776422.38881117,7828725.009140121,0.9286348143800695,False
2,23-24,0.00031622776601683794,10770376.425633196,7823246.203255659,0.9287148688236273,False
2,23-24,0.0005623413251903491,10759780.228827309,7813589.63103421,0.9288550644271256,False
2,23-24,0.001,10741414.049701102,7796684.700758408,0.9290977358227368,False
2,23-24,0.0017782794100389228,10710186.96937517,7767437.241250629,0.9295093859746283,False
2,23-24,0.0031622776601683794,10658805.43645411,7717842.143182217,0.9301841132869653,False
2,23-24,0.005623413251903491,10578717.62970863,7638529.954345339,0.9312293326647098,False
2,23-24,0.01,10464060.256634226,7529170.235574365,0.9327119949729274,False
2,23-24,0.01778279410038923,10318965.186951494,7387087.9093610635,0.934565093937614,False
2,23-24,0.03162277660168379,10162493.044550138,7221046.236879627,0.9365344991897664,False
2,23-24,0.05623413251903491,10021529.577954426,7038888.864057317,0.9382829422128994,False
2,23-24,0.1,9914901.6836938,6875628.956789485,0.9395892798544201,False
2,23-24,0.1778279410038923,9845227.91603073,6729395.118984639,0.9404353303288742,False
2,23-24,0.31622776601683794,9802726.093501892,6648086.61805528,0.9409485012926218,False
2,23-24,0.5623413251903491,9773858.818392737,6606608.354703656,0.941295781404143,False
2,23-24,1.0,9748950.046510309,6583438.616479688,0.9415946166416257,False
2,23-24,1.7782794100389228,9724032.19398718,6566889.414937573,0.9418927978480992,False
2,23-24,3.1622776601683795,9698741.05090012,6550056.103104522,0.942194665715986,False
2,23-24,5.623413251903491,9674781.412511108,6528366.416366715,0.9424799159691524,False
2,23-24,10.0,9654549.27644404,6507601.097480382,0.9427202391933684,False
2,23-24,17.78279410038923,9639412.785247551,6497163.125245767,0.9428997058704033,False
2,23-24,31.622776601683793,9629166.561882276,6491504.459309483,0.943021030983165,False
2,23-24,56.23413251903491,9622708.097731866,6489178.146977414,0.9430974390949591,False
2,23-24,100.0,9618821.524399146,6487804.125670976,0.9431433952460809,False
2,23-24,177.82794100389228,9616548.190314613,6486970.8357639,0.9431702673079216,False
2,23-24,316.22776601683796,9615240.639540238,6486481.782630041,0.9431857204014328,False
2,23-24,562.341325190349,9614495.862832125,6486200.051275454,0.9431945214943942,False
2,23-24,1000.0,9614073.99538254,6486039.452408766,0.9431995064373228,False
2,23-24,1778.2794100389228,9613835.78896743,6485948.446590458,0.9432023210764313,False
2,23-24,3162.2776601683795,9613701.52640876,6485897.049156838,0.9432039074876447,False
2,23-24,5623.413251903491,9613625.926947448,6485868.076068765,0.9432048007413211,False
2,23-24,10000.0,9613583.38318121,6485851.761060891,0.9432053034187401,False
2,23-24,17782.794100389227,9613559.44923071,6485842.579415291,0.9432055862102259,False
2,23-24,31622.776601683792,9613545.987070315,6485837.413967991,0.9432057452720128,False
2,23-24,56234.13251903491,9613538.41575715,6485834.508518518,0.9432058347305581,False
2,23-24,100000.0,9613534.157783628,6485832.874441216,0.9432058850404416,False
2,23-24,177827.94100389228,9613531.76325073,6485831.955461499,0.9432059133329211,False
2,23-24,316227.7660168379,9613530.416674793,6485831.438658922,0.9432059292433165,False
2,23-24,562341.3251903491,9613529.659429658,6485831.148032432,0.9432059381905045,False
2,23-24,1000000.0,9613529.233596306,6485830.984598906,0.9432059432219145,False
2,23-24,1778279.410038923,9613528.994131632,6485830.892692778,0.9432059460512959,False
2,23-24,3162277.6601683795,9613528.859470442,6485830.84100994,0.9432059476423775,False
2,23-24,5623413.251903491,9613528.78374479,6485830.811946478,0.9432059485371097,False
2,23-24,10000000.0,9613528.741161093,6485830.795602867,0.9432059490402549,False
2,23-24,17782794.100389227,9613528.717214514,6485830.786412173,0.9432059493231943,False
2,23-24,31622776.60168379,9613528.703748358,6485830.781243866,0.943205949482303,False
2,23-24,56234132.51903491,9613528.696175782,6485830.778337507,0.9432059495717764,False
2,23-24,100000000.0,9613528.691917408,6485830.7767031435,0.9432059496220909,True
2,24-25,0.0001,10803751.156808477,8108713.871708794,0.9276936008164764,False
2,24-25,0.00017782794100389227,10799330.372682301,8104007.623448658,0.9277527627831196,False
2,24-25,0.00031622776601683794,10791613.174352791,8095763.802458508,0.927855981599089,False
2,24-25,0.0005623413251903491,10778320.088938676,8081481.535336918,0.9280336058200402,False
2,24-25,0.001,10755913.80544249,8057184.267030977,0.9283325064579279,False
2,24-25,0.0017782794100389228,10719380.224061685,8017015.425562677,0.9288185318466102,False
2,24-25,0.0031622776601683794,10662516.281576443,7953314.839018589,0.9295717326583791,False
2,24-25,0.005623413251903491,10579011.462059174,7857645.992493927,0.9306705484195529,False
2,24-25,0.01,10464352.448502041,7722730.970886089,0.9321652378250281,False
2,24-25,0.01778279410038923,10319093.084755532,7554996.362720186,0.934035443087318,False
2,24-25,0.03162277660168379,10154339.662454637,7395037.944017565,0.9361249927631977,False
2,24-25,0.05623413251903491,9996363.648938034,7245435.608982758,0.9380970020166716,False
2,24-25,0.1,9880884.92062642,7114901.38701787,0.9395189570104912,False
2,24-25,0.1778279410038923,9830587.297976268,7008064.101616003,0.9401331348042615,False
2,24-25,0.31622776601683794,9832754.209605059,6944758.696625252,0.9401067395340873,False
2,24-25,0.5623413251903491,9848619.501857156,6909300.685819262,0.9399133063085324,False
2,24-25,1.0,9847847.661285182,6843303.567153002,0.9399227239798541,False
2,24-25,1.7782794100389228,9827065.244286472,6779139.498081575,0.9401760247222601,False
2,24-25,3.1622776601683795,9799908.14766712,6727630.930720606,0.9405062149840328,False
2,24-25,5.623413251903491,9779237.161286442,6695490.799831127,0.9407569312550921,False
2,24-25,10.0,9768788.9498305,6679861.481725082,0.940883455121049,False
2,24-25,17.78279410038923,9765659.264346724,6675857.158575757,0.9409213280971027,True
2,24-25,31.622776601683793,9765850.815853102,6677537.496319705,0.9409190104410637,False
2,24-25,56.23413251903491,9766924.858487684,6681488.449906129,0.9409060143402065,False
2,24-25,100.0,9767923.97346148,6683840.137494822,0.9408939235938055,False
2,24-25,177.82794100389228,9768630.593008632,6685207.980110028,0.9408853717214255,False
2,24-25,316.22776601683796,9769077.742592461,6685992.381684447,0.9408799597681009,False
2,24-25,562.341325190349,9769345.704499643,6686438.453361526,0.9408767164453596,False
2,24-25,1000.0,9769501.754060568,6686690.899349134,0.9408748276318393,False
2,24-25,1778.2794100389228,9769591.229163097,6686833.371974105,0.9408737446175324,False
2,24-25,3162.2776601683795,9769642.09391776,6686913.653038087,0.940873128941762,False
2,24-25,5623.413251903491,9769670.871782057,6686958.850059471,0.9408727806081053,False
2,24-25,10000.0,9769687.1100989,6686984.282580134,0.9408725840554613,False
2,24-25,17782.794100389227,9769696.259100439,6686998.589518963,0.940872473313517,False
2,24-25,31622.776601683792,9769701.409508698,6687006.636541408,0.940872410971562,False
2,24-25,56234.13251903491,9769704.30755094,6687011.162233305,0.940872375892849,False
2,24-25,100000.0,9769705.93779493,6687013.707380922,0.9408723561599157,False
2,24-25,177827.94100389228,9769706.854724053,6687015.138674478,0.9408723450611454,False
2,24-25,316227.7660168379,9769707.370406713,6687015.943566401,0.9408723388191756,False
2,24-25,562341.3251903491,9769707.660413941,6687016.396195582,0.9408723353088454,False
2,24-25,1000000.0,9769707.823502544,6687016.650729317,0.9408723333347745,False
2,24-25,1778279.410038923,9769707.915215759,6687016.793864671,0.9408723322246515,False
2,24-25,3162277.6601683795,9769707.966790447,6687016.874355765,0.9408723316003768,False
2,24-25,5623413.251903491,9769707.9957932,6687016.919619281,0.9408723312493191,False
2,24-25,10000000.0,9769708.012102703,6687016.945072843,0.9408723310519043,False
2,24-25,17782794.100389227,9769708.021274231,6687016.959386444,0.9408723309408895,False
2,24-25,31622776.60168379,9769708.026431764,6687016.9674355695,0.9408723308784612,False
2,24-25,56234132.51903491,9769708.029332055,6687016.971961926,0.9408723308433553,False
2,24-25,100000000.0,9769708.030963015,6687016.974507285,0.9408723308236137,False
2,25-26,0.0001,11167485.637934985,8344433.373545999,0.9232218573140653,False
2,25-26,0.00017782794100389227,11164890.136736114,8341505.536862521,0.9232575420886311,False
2,25-26,0.00031622776601683794,11160329.92852099,8336327.673590271,0.923320218946756,False
2,25-26,0.0005623413251903491,11152390.972561402,8327209.24501683,0.9234292732287301,False
2,25-26,0.001,11138787.675796023,8312135.311238966,0.9236159558979441,False
2,25-26,0.0017782794100389228,11116098.541440697,8288121.419132885,0.9239268196623829,False
2,25-26,0.0031622776601683794,11079893.375403818,8246920.023125597,0.9244215538224708,False
2,25-26,0.005623413251903491,11025964.40608983,8178101.309255963,0.9251554866081944,False
2,25-26,0.01,10953156.423078053,8073106.845175045,0.926140667802913,False
2,25-26,0.01778279410038923,10866186.671228727,7962672.840651069,0.9273089202490498,False
2,25-26,0.03162277660168379,10774175.179025883,7827419.070333634,0.9285347591215974,False
2,25-26,0.05623413251903491,10684477.981500618,7689249.07433239,0.9297197312387155,False
2,25-26,0.1,10599797.757360043,7559387.998221065,0.9308293343665478,False
2,25-26,0.1778279410038923,10520222.918180363,7444199.109015388,0.9318639925698506,False
2,25-26,0.31622776601683794,10442473.003762057,7364097.011665303,0.9328673920024546,False
2,25-26,0.5623413251903491,10359592.727637991,7281440.963810554,0.9339288051196835,False
2,25-26,1.0,10266826.648896301,7178033.883766563,0.9351067903345823,False
2,25-26,1.7782794100389228,10167959.141723152,7070638.131907514,0.9363505900995854,False
2,25-26,3.1622776601683795,10075085.841574611,6971215.97450604,0.9375080168484914,False
2,25-26,5.623413251903491,10000989.87544826,6894073.480643535,0.938423815894683,False
2,25-26,10.0,9950623.202712305,6858482.665120354,0.9390424702471506,False
2,25-26,17.78279410038923,9920336.465423562,6833987.525144984,0.9394129787073494,False
2,25-26,31.622776601683793,9903364.878705416,6817327.268941998,0.939620104407999,False
2,25-26,56.23413251903491,9894106.065310147,6813699.617731123,0.9397329518820382,False
2,25-26,100.0,9889063.910845978,6812551.781053876,0.9397943618435541,False
2,25-26,177.82794100389228,9886297.686105952,6811869.747596517,0.9398280392541117,False
2,25-26,316.22776601683796,9884767.556098955,6811474.002481157,0.939846663778803,False
2,25-26,562.341325190349,9883915.832153654,6811247.474242628,0.9398570295925179,False
2,25-26,1000.0,9883439.762360739,6811134.636463585,0.9398628231590358,False
2,25-26,1778.2794100389228,9883172.985995967,6811077.207892471,0.9398660695917131,False
2,25-26,3162.2776601683795,9883023.267288085,6811044.804406051,0.9398678914977305,False
2,25-26,5623.413251903491,9882939.170112979,6811026.547997095,0.9398689148523874,False
2,25-26,10000.0,9882891.909240065,6811016.270705759,0.9398694899527152,False
2,25-26,17782.794100389227,9882865.342149697,6811010.487891311,0.9398698132367422,False
2,25-26,31622.776601683792,9882850.405433297,6811007.234878199,0.9398699949951366,False
2,25-26,56234.13251903491,9882842.006867696,6811005.405227298,0.9398700971935017,False
2,25-26,100000.0,9882837.284313206,6811004.376229173,0.9398701546601038,False
2,25-26,177827.94100389228,9882834.628722453,6811003.797546274,0.939870186974759,False
2,25-26,316227.7660168379,9882833.135404643,6811003.472117982,0.9398702051462487,False
2,25-26,562341.3251903491,9882832.295660011,6811003.289112734,0.9398702153647093,False
2,25-26,1000000.0,9882831.823439961,6811003.18620022,0.9398702211109343,False
2,25-26,1778279.410038923,9882831.55789208,6811003.12832791,0.9398702243422623,False
2,25-26,3162277.6601683795,9882831.408563841,6811003.095783815,0.9398702261593677,False
2,25-26,5623413.251903491,9882831.324590495,6811003.077482885,0.9398702271812001,False
2,25-26,10000000.0,9882831.277368845,6811003.067191507,0.9398702277558182,False
2,25-26,17782794.100389227,9882831.250814172,6811003.061404238,0.9398702280789495,False
2,25-26,31622776.60168379,9882831.235881379,6811003.058149811,0.9398702282606597,False
2,25-26,56234132.51903491,9882831.22748406,6811003.056319722,0.9398702283628427,False
2,25-26,100000000.0,9882831.222761897,6811003.05529058,0.9398702284203045,True
3,10-11,0.0001,17032094.150579683,12507345.615408508,0.9129121970648143,False
3,10-11,0.00017782794100389227,17018466.77360976,12497095.616508532,0.9130514992010026,False
3,10-11,0.00031622776601683794,16994815.384793162,12479080.560267799,0.9132930043672023,False
3,10-11,0.0005623413251903491,16954510.757051155,12447694.678856662,0.9137037824926272,False
3,10-11,0.001,16887941.40007601,12393824.309841655,0.9143801105765518,False
3,10-11,0.0017782794100389228,16783550.131875604,12303902.631269032,0.9154353421183663,False
3,10-11,0.0031622776601683794,16632719.400281694,12169963.561722571,0.9169484470221398,False
3,10-11,0.005623413251903491,16439252.937248081,11973435.452540938,0.9188692685916514,False
3,10-11,0.01,16225951.7760814,11744147.444451103,0.9209609707275604,False
3,10-11,0.01778279410038923,16024018.552547604,11455656.818208659,0.9229160228191282,False
3,10-11,0.03162277660168379,15849544.371462956,11106957.890018519,0.9245855097263298,False
3,10-11,0.05623413251903491,15696519.012744969,10824458.726487184,0.9260347146930425,False
3,10-11,0.1,15553891.45960857,10613666.852528341,0.9273727894994688,False
3,10-11,0.1778279410038923,15418079.423771426,10435852.86489543,0.9286355713684018,False
3,10-11,0.31622776601683794,15287159.815701365,10289206.886710469,0.9298423800283911,False
3,10-11,0.5623413251903491,15156335.796625936,10203273.285998141,0.9310380277509565,False
3,10-11,1.0,15024185.134114174,10157888.774025092,0.9322353672572592,False
3,10-11,1.7782794100389228,14896667.338363873,10104690.2271405,0.9333807905112048,False
3,10-11,3.1622776601683795,14783549.947566094,10060163.659924837,0.9343886910816193,False
3,10-11,5.623413251903491,14693204.041003508,10003974.684388984,0.9351881743383458,False
3,10-11,10.0,14628674.633705303,9954062.426934145,0.9357562035945561,False
3,10-11,17.78279410038923,14586868.804278243,9913612.97085743,0.9361228707836571,False
3,10-11,31.622776601683793,14561568.147361921,9905936.596697366,0.936344266036597,False
3,10-11,56.23413251903491,14546840.573854892,9906515.889061205,0.93647296377032,False
3,10-11,100.0,14538429.721740697,9906710.77171329,0.9365464040525276,False
3,10-11,177.82794100389228,14533667.225316485,9906774.636237355,0.9365879694805248,False
3,10-11,316.22776601683796,14530980.541750485,9906795.222914316,0.936611411920837,False
3,10-11,562.341325190349,14529467.377685903,9906801.787812531,0.9366246130037508,False
3,10-11,1000.0,14528615.796408849,9906803.86413408,0.9366320417291131,False
3,10-11,1778.2794100389228,14528136.71933774,9906804.515357194,0.9366362207418628,False
3,10-11,3162.2776601683795,14527867.254354544,9906804.717274977,0.9366385712375523,False
3,10-11,5623.413251903491,14527715.704466863,9906804.77868917,0.9366398931614327,False
3,10-11,10000.0,14527630.475899689,9906804.79670723,0.9366406365784147,False
3,10-11,17782.794100389227,14527582.54653308,9906804.801610494,0.9366410546464752,False
3,10-11,31622.776601683792,14527555.593296073,9906804.802713217,0.9366412897478186,False
3,10-11,56234.13251903491,14527540.436196141,9906804.802809916,0.936641421956406,False
3,10-11,100000.0,14527531.91267535,9906804.802698754,0.9366414963031959,False
3,10-11,177827.94100389228,14527527.119529314,9906804.802583879,0.9366415381116067,False
3,10-11,316227.7660168379,14527524.424139522,9906804.802502725,0.9366415616222474,False
3,10-11,562341.3251903491,14527522.908408647,9906804.802451849,0.9366415748432662,False
3,10-11,1000000.0,14527522.056049967,9906804.802421588,0.9366415822779958,False
3,10-11,1778279.410038923,14527521.576733274,9906804.802404042,0.9366415864588529,False
3,10-11,3162277.6601683795,14527521.307193637,9906804.802394008,0.936641588809922,False
3,10-11,5623413.251903491,14527521.155620344,9906804.802388327,0.9366415901320254,False
3,10-11,10000000.0,14527521.070384407,9906804.802385103,0.9366415908754988,False
3,10-11,17782794.100389227,14527521.02245272,9906804.802383294,0.9366415912935847,False
3,10-11,31622776.60168379,14527520.995498752,9906804.802382274,0.9366415915286916,False
3,10-11,56234132.51903491,14527520.98034142,9906804.802381694,0.936641591660902,False
3,10-11,100000000.0,14527520.971817821,9906804.802381366,0.9366415917352494,True
3,11-12,0.0001,19193983.83643619,14574331.818328196,0.8893548628791792,False
3,11-12,0.00017782794100389227,19167648.327032425,14551017.638235057,0.8896582805581504,False
3,11-12,0.00031622776601683794,19121814.466115247,14510191.751289625,0.890185349951367,False
3,11-12,0.0005623413251903491,19043316.890738953,14439518.836182691,0.8910851066442355,False
3,11-12,0.001,18912478.2162691,14319543.330199936,0.8925765827874949,False
3,11-12,0.0017782794100389228,18703839.681477282,14122289.243382419,0.8949336550002047,False
3,11-12,0.0031622776601683794,18393033.714955237,13813727.096763305,0.8983964655907749,False
3,11-12,0.005623413251903491,17972323.717147216,13398508.362176014,0.9029913307932241,False
3,11-12,0.01,17466579.269771453,12911165.155623944,0.9083741956314224,False
3,11-12,0.01778279410038923,16929272.627771854,12351112.13585956,0.9139246733212474,False
3,11-12,0.03162277660168379,16413436.567342099,11866219.416461384,0.9190902006729631,False
3,11-12,0.05623413251903491,15947622.305476123,11438410.022106048,0.9236174830847905,False
3,11-12,0.1,15540933.085687675,10966455.758749235,0.9274635556973483,False
3,11-12,0.1778279410038923,15199166.420129022,10580510.647595102,0.9306188295032332,False
3,11-12,0.31622776601683794,14927708.495810097,10243612.06342033,0.9330750010166983,False
3,11-12,0.5623413251903491,14723925.788306039,10018533.602755092,0.9348897561976233,False
3,11-12,1.0,14574478.644366961,9903374.890746165,0.9362047801740383,False
3,11-12,1.7782794100389228,14462978.459937314,9861644.752387594,0.9371771606916668,False
3,11-12,3.1622776601683795,14380311.957653219,9820287.910452934,0.9378932652647786,False
3,11-12,5.623413251903491,14325729.169162473,9776734.920678698,0.9383638427054931,False
3,11-12,10.0,14297563.189172553,9736254.42203446,0.9386059715529335,False
3,11-12,17.78279410038923,14288002.054658853,9707320.350102577,0.9386880555118554,False
3,11-12,31.622776601683793,14287563.313253315,9703904.291305864,0.9386918208634543,True
3,11-12,56.23413251903491,14289942.658373721,9719900.179915551,0.9386713995417771,False
3,11-12,100.0,14292404.898942964,9730348.028602544,0.9386502631689726,False
3,11-12,177.82794100389228,14294213.134375203,9736471.07963026,0.9386347385898328,False
3,11-12,316.22776601683796,14295378.091658773,9739998.07064767,0.938624735825687,False
3,11-12,562.341325190349,14296082.78625715,9742008.959373718,0.9386186846554568,False
3,11-12,1000.0,14296495.262781125,9743148.658322057,0.9386151426059015,False
3,11-12,1778.2794100389228,14296732.431919623,9743792.405350588,0.9386131059228913,False
3,11-12,3162.2776601683795,14296867.468610156,9744155.31757938,0.9386119462841828,False
3,11-12,5623.413251903491,14296943.935436454,9744359.685967745,0.938611289614153,False
3,11-12,10000.0,14296987.104077527,9744474.701984394,0.9386109188955969,False
3,11-12,17782.794100389227,14297011.43287069,9744539.4091279,0.9386107099671679,False
3,11-12,31622.776601683792,14297025.13082322,9744575.805769138,0.9386105923330753,False
3,11-12,56234.13251903491,14297032.839084823,9744596.275996197,0.9386105261366832,False
3,11-12,100000.0,14297037.17544708,9744607.78816542,0.9386104888972027,False
3,11-12,177827.94100389228,14297039.614496727,9744614.262223167,0.9386104679513134,False
3,11-12,316227.7660168379,14297040.986244012,9744617.90294486,0.9386104561711226,False
3,11-12,562341.3251903491,14297041.7576876,9744619.950302057,0.9386104495461752,False
3,11-12,1000000.0,14297042.191519098,9744621.101624763,0.9386104458205484,False
3,11-12,1778279.410038923,14297042.43548582,9744621.749063985,0.9386104437254287,False
3,11-12,3162277.6601683795,14297042.572680077,9744622.113146735,0.9386104425472417,False
3,11-12,5623413.251903491,14297042.649830611,9744622.3178858,0.9386104418846938,False
3,11-12,10000000.0,14297042.69321571,9744622.43301913,0.9386104415121144,False
3,11-12,17782794.100389227,14297042.717612999,9744622.497763379,0.9386104413025971,False
3,11-12,31622776.60168379,14297042.731332619,9744622.534171764,0.9386104411847768,False
3,11-12,56234132.51903491,14297042.739047738,9744622.55464571,0.9386104411185214,False
3,11-12,100000000.0,14297042.74338627,9744622.566159049,0.9386104410812632,False
3,12-13,0.0001,17530403.445532512,13539747.933418551,0.9083844006466508,False
3,12-13,0.00017782794100389227,17489956.8338529,13511327.903805278,0.908806668830222,False
3,12-13,0.00031622776601683794,17419597.204734135,13461581.620626029,0.9095389088267982,False
3,12-13,0.0005623413251903491,17299218.763131134,13375533.9237537,0.9107848548478232,False
3,12-13,0.001,17099049.194810152,13229678.807575049,0.9128375300361158,False
3,12-13,0.0017782794100389228,16781671.548137356,12990594.836751753,0.9160431687991023,False
3,12-13,0.0031622776601683794,16315329.938413661,12618826.26028516,0.9206444462548573,False
3,12-13,0.005623413251903491,15703666.013401385,12083451.518742362,0.9264830120872534,False
3,12-13,0.01,15015224.140975289,11421546.465344353,0.93278762465033,False
3,12-13,0.01778279410038923,14367788.448389502,10834536.145029217,0.938458871671624,False
3,12-13,0.03162277660168379,13858556.908469299,10243440.487494191,0.9427439182820339,False
3,12-13,0.05623413251903491,13512556.495567605,9727280.287598098,0.9455672030564088,False
3,12-13,0.1,13295758.92892371,9469640.70286197,0.9472998478305095,False
3,12-13,0.1778279410038923,13155266.025396844,9303428.027104257,0.948407701749213,False
3,12-13,0.31622776601683794,13046012.357925363,9239117.326315371,0.9492610849922989,False
3,12-13,0.5623413251903491,12939075.958685601,9215515.717625048,0.9500894759670151,False
3,12-13,1.0,12822557.12196421,9161657.008460235,0.9509843360489804,False
3,12-13,1.7782794100389228,12700047.774469975,9082638.84217938,0.9519164732250402,False
3,12-13,3.1622776601683795,12584745.363420203,8982369.488127349,0.9527856005389362,False
3,12-13,5.623413251903491,12490546.041143645,8925473.273748066,0.9534897735437537,False
3,12-13,10.0,12424087.205264125,8869877.555010932,0.9539833936409957,False
3,12-13,17.78279410038923,12382682.904309822,8825246.806917457,0.9542895908893451,False
3,12-13,31.622776601683793,12358909.92852838,8807829.307598399,0.9544649372709795,False
3,12-13,56.23413251903491,12345772.22169643,8808471.277101558,0.9545616947271619,False
3,12-13,100.0,12338578.439644834,8808772.018704642,0.9546146323686231,False
3,12-13,177.82794100389228,12334624.41246663,8808921.07189973,0.954643716144176,False
3,12-13,316.22776601683796,12332436.228869898,8808998.352650836,0.9546598072823658,False
3,12-13,562.341325190349,12331218.17385867,8809039.707651677,0.9546687631967676,False
3,12-13,1000.0,12330537.390592933,8809062.291711101,0.9546737683625369,False
3,12-13,1778.2794100389228,12330155.924256759,8809074.778123807,0.9546765728086877,False
3,12-13,3162.2776601683795,12329941.850098507,8809081.73201382,0.9546781465909427,False
3,12-13,5623.413251903491,12329821.607987395,8809085.62101617,0.954679030547871,False
3,12-13,10000.0,12329754.035612166,8809087.801170832,0.9546795273007452,False
3,12-13,17782.794100389227,12329716.051065369,8809089.025012856,0.9546798065398865,False
3,12-13,31622.776601683792,12329694.695281237,8809089.712550016,0.9546799635341637,False
3,12-13,56234.13251903491,12329682.687464597,8809090.098965557,0.954680051807951,False
3,12-13,100000.0,12329675.935423426,8809090.316194985,0.954680101444601,False
3,12-13,177827.94100389228,12329672.138614114,8809090.438330572,0.9546801293562812,False
3,12-13,316227.7660168379,12329670.003556387,8809090.507005654,0.9546801450518375,False
3,12-13,562341.3251903491,12329668.802939449,8809090.545622336,0.9546801538779915,False
3,12-13,1000000.0,12329668.12778744,8809090.567337422,0.9546801588412691,False
3,12-13,1778279.410038923,12329667.748122979,8809090.579548493,0.9546801616323146,False
3,12-13,3162277.6601683795,12329667.534622425,8809090.586415216,0.9546801632018315,False
3,12-13,5623413.251903491,12329667.41456238,8809090.590276636,0.9546801640844347,False
3,12-13,10000000.0,12329667.3470477,8809090.592448069,0.9546801645807586,False
3,12-13,17782794.100389227,12329667.30908142,8809090.593669154,0.9546801648598618,False
3,12-13,31622776.60168379,12329667.28773141,8809090.594355809,0.9546801650168132,False
3,12-13,56234132.51903491,12329667.275725426,8809090.59474195,0.9546801651050734,False
3,12-13,100000000.0,12329667.268973961,8809090.594959097,0.9546801651547057,True
3,13-14,0.0001,16859773.275666833,11821667.67782122,0.9151052425196827,False
3,13-14,0.00017782794100389227,16853156.505308878,11815626.454779247,0.9151718648731183,False
3,13-14,0.00031622776601683794,16841811.441942465,11805044.236010902,0.9152860341854863,False
3,13-14,0.0005623413251903491,16822886.412615336,11786711.545456348,0.9154763122363323,False
3,13-14,0.001,16792766.050867032,11755528.142164286,0.9157787103936478,False
3,13-14,0.0017782794100389228,16748427.125650153,11704737.712948432,0.9162228720676729,False
3,13-14,0.0031622776601683794,16690718.119353713,11635373.830026243,0.9167992086352331,False
3,13-14,0.005623413251903491,16627646.870055472,11531678.662545329,0.9174268224965132,False
3,13-14,0.01,16569958.683069909,11445371.059464753,0.9179987896149038,False
3,13-14,0.01778279410038923,16513333.04219732,11314737.49838324,0.9185582885401522,False
3,13-14,0.03162277660168379,16423439.489672564,11102259.558876893,0.9194425628257862,False
3,13-14,0.05623413251903491,16254021.509762136,10904778.606303016,0.9210959905514959,False
3,13-14,0.1,15992557.183963537,10718783.110072173,0.9236140935921948,False
3,13-14,0.1778279410038923,15678465.651545044,10573563.81799215,0.9265850462384462,False
3,13-14,0.31622776601683794,15368109.325107856,10408254.82336439,0.9294627872809541,False
3,13-14,0.5623413251903491,15095154.396634482,10246805.820947634,0.9319461764482838,False
3,13-14,1.0,14866293.359414142,10091683.518210672,0.9339940921160806,False
3,13-14,1.7782794100389228,14677275.050977943,9961554.460900009,0.9356618931332029,False
3,13-14,3.1622776601683795,14524939.577926217,9814589.188144883,0.9369904931266608,False
3,13-14,5.623413251903491,14409047.15257667,9732290.009874243,0.9379919695773481,False
3,13-14,10.0,14328034.506514857,9665727.8359085,0.9386872706371958,False
3,13-14,17.78279410038923,14276028.718217203,9613764.434665916,0.9391315507003137,False
3,13-14,31.622776601683793,14244697.87046224,9584586.4771441,0.9393984270835893,False
3,13-14,56.23413251903491,14226512.047474429,9581843.338308802,0.9395530651087474,False
3,13-14,100.0,14216146.475954436,9580060.433771474,0.9396411174385598,False
3,13-14,177.82794100389228,14210284.76808232,9578973.106024884,0.939690882428765,False
3,13-14,316.22776601683796,14206980.682253437,9578333.093968458,0.9397189245599222,False
3,13-14,562.341325190349,14205120.707301171,9577963.816666158,0.9397347074983908,False
3,13-14,1000.0,14204074.24881112,9577753.129934078,0.9397435863816277,False
3,13-14,1778.2794100389228,14203485.636657288,9577633.683393663,0.9397485802899805,False
3,13-14,3162.2776601683795,14203154.593124911,9577566.20526654,0.93975138884147,False
3,13-14,5623.413251903491,14202968.420801418,9577528.161629837,0.9397529682864223,False
3,13-14,10000.0,14202863.724450424,9577506.737096434,0.9397538564980895,False
3,13-14,17782.794100389227,14202804.848132787,9577494.679373318,0.9397543559837986,False
3,13-14,31622.776601683792,14202771.73915988,9577487.89570904,0.9397546368676228,False
3,13-14,56234.13251903491,14202753.120494599,9577484.079990972,0.9397547948209487,False
3,13-14,100000.0,14202742.650411349,9577481.933944004,0.9397548836448655,False
3,13-14,177827.94100389228,14202736.762638757,9577480.727034744,0.9397549335942985,False
3,13-14,316227.7660168379,14202733.451697093,9577480.04830869,0.9397549616829523,False
3,13-14,562341.3251903491,14202731.589816555,9577479.666623132,0.9397549774783703,False
3,13-14,1000000.0,14202730.542803813,9577479.451982465,0.939754986360789,False
3,13-14,1778279.410038923,14202729.954025157,9577479.331280166,0.9397549913557408,False
3,13-14,3162277.6601683795,14202729.622930542,9577479.263403956,0.939754994164609,False
3,13-14,5623413.251903491,14202729.436742349,9577479.225234268,0.9397549957441517,False
3,13-14,10000000.0,14202729.33204103,9577479.20376984,0.9397549966323938,False
3,13-14,17782794.100389227,14202729.273163151,9577479.1916995,0.939754997131889,False
3,13-14,31622776.60168379,14202729.240053685,9577479.18491184,0.9397549974127759,False
3,13-14,56234132.51903491,14202729.22143486,9577479.181094853,0.9397549975707302,False
3,13-14,100000000.0,14202729.210964728,9577479.17894841,0.9397549976595544,True
3,14-15,0.0001,17406837.672372032,13133007.985128768,0.9097727896302596,False
3,14-15,0.00017782794100389227,17400212.753485218,13125195.159304548,0.9098414562326624,False
3,14-15,0.00031622776601683794,17388524.516870532,13111371.174467973,0.9099625398624905,False
3,14-15,0.0005623413251903491,17368028.196228687,13087005.128515357,0.9101746739073434,False
3,14-15,0.001,17332467.739630997,13044346.95506872,0.9105421260481064,False
3,14-15,0.0017782794100389228,17271904.99839403,12970570.300415147,0.9111661974437645,False
3,14-15,0.0031622776601683794,17171975.520463414,12864818.275410077,0.9121911492946488,False
3,14-15,0.005623413251903491,17015522.497511234,12690235.436579293,0.9137839045579594,False
3,14-15,0.01,16790071.29748929,12415682.303636117,0.9160534500452508,False
3,14-15,0.01778279410038923,16502359.063936163,12037331.449019164,0.9189057920660111,False
3,14-15,0.03162277660168379,16189103.598047927,11586542.797427926,0.9219553071160378,False
3,14-15,0.05623413251903491,15902990.721095202,11137260.758615116,0.9246895257312623,False
3,14-15,0.1,15677880.451018363,10815330.244108217,0.9268065078344887,False
3,14-15,0.1778279410038923,15511587.95823111,10588701.150169306,0.9283509739613727,False
3,14-15,0.31622776601683794,15380208.834249869,10457361.028881753,0.9295595314189358,False
3,14-15,0.5623413251903491,15261181.940309096,10396566.1419387,0.9306455852342622,False
3,14-15,1.0,15145346.138403427,10348326.04570113,0.9316944208218073,False
3,14-15,1.7782794100389228,15035178.627379775,10295334.630382149,0.9326845186229135,False
3,14-15,3.1622776601683795,14937895.66072125,10258723.239634695,0.9335528107586853,False
3,14-15,5.623413251903491,14860227.120378561,10207332.821651759,0.9342419894168201,False
3,14-15,10.0,14804845.934871849,10156827.912160821,0.934731210812003,False
3,14-15,17.78279410038923,14769185.071653595,10115656.06426672,0.9350452617876869,False
3,14-15,31.622776601683793,14747810.843363397,10100529.453294763,0.9352331330572986,False
3,14-15,56.23413251903491,14735495.73384725,10101519.46929497,0.9353412546011233,False
3,14-15,100.0,14728522.261497635,10101951.936227301,0.9354024387363065,False
3,14-15,177.82794100389228,14724597.497123275,10102151.16384148,0.9354368612565087,False
3,14-15,316.22776601683796,14722392.0479639,10102248.344172483,0.9354562003326987,False
3,14-15,562.341325190349,14721152.875055274,10102298.11280064,0.9354670650837174,False
3,14-15,1000.0,14720456.468381098,10102324.522597525,0.9354731705978651,False
3,14-15,1778.2794100389228,14720065.005417584,10102338.868971733,0.935476602492528,False
3,14-15,3162.2776601683795,14719844.922150193,10102346.775733363,0.935478531888082,False
3,14-15,5623.413251903491,14719721.177464046,10102351.17098283,0.9354796167032147,False
3,14-15,10000.0,14719651.59627244,10102353.62643416,0.9354802266868534,False
3,14-15,17782.794100389227,14719612.469670646,10102355.002113245,0.9354805696890103,False
3,14-15,31622.776601683792,14719590.467731224,10102355.774093378,0.9354807625679382,False
3,14-15,56234.13251903491,14719578.095310966,10102356.20769688,0.9354808710300297,False
3,14-15,100000.0,14719571.13784463,10102356.451367842,0.9354809320222075,False
3,14-15,177827.94100389228,14719567.225391801,10102356.588342788,0.9354809663204591,False
3,14-15,316227.7660168379,14719565.025263589,10102356.665353237,0.9354809856077293,False
3,14-15,562341.3251903491,14719563.788042378,10102356.708654266,0.9354809964537413,False
3,14-15,1000000.0,14719563.092302326,10102356.733002596,0.9354810025528968,False
3,14-15,1778279.410038923,14719562.701059135,10102356.746694166,0.9354810059827021,False
3,14-15,3162277.6601683795,14719562.481046973,10102356.754393334,0.9354810079114229,False
3,14-15,5623413.251903491,14719562.35732506,10102356.758722842,0.9354810089960222,False
3,14-15,10000000.0,14719562.28775112,10102356.761157487,0.935481009605937,False
3,14-15,17782794.100389227,14719562.248626819,10102356.76252658,0.9354810099489175,False
3,14-15,31622776.60168379,14719562.226625618,10102356.763296485,0.9354810101417894,False
3,14-15,56234132.51903491,14719562.214253426,10102356.763729433,0.9354810102502493,False
3,14-15,100000000.0,14719562.207296027,10102356.763972886,0.9354810103112409,True
3,15-16,0.0001,15639092.969979655,10795420.680842765,0.9283195579785791,False
3,15-16,0.00017782794100389227,15634416.139876734,10790959.553000981,0.9283624232679877,False
3,15-16,0.00031622776601683794,15626173.053052574,10783039.469603859,0.9284379437208324,False
3,15-16,0.0005623413251903491,15611742.9415103,10768997.54403984,0.9285700517740529,False
3,15-16,0.001,15586780.52913011,10744165.343225459,0.928798295130957,False
3,15-16,0.0017782794100389228,15544473.109954845,10700467.395925812,0.9291842981444787,False
3,15-16,0.0031622776601683794,15475195.222049044,10625880.283042097,0.9298141078379688,False
3,15-16,0.005623413251903491,15367918.045017581,10521258.296580728,0.9307838205690045,False
3,15-16,0.01,15215487.427885072,10364627.021925632,0.9321500876435725,False
3,15-16,0.01778279410038923,15024047.30542133,10131129.673494251,0.9338467116984392,False
3,15-16,0.03162277660168379,14820015.822628021,9838592.572433898,0.9356312779994913,False
3,15-16,0.05623413251903491,14643464.569410296,9644484.551903747,0.9371557954624257,False
3,15-16,0.1,14527987.851723863,9551601.773873834,0.9381430520396181,False
3,15-16,0.1778279410038923,14481444.694826506,9474726.720122728,0.9385387580279058,False
3,15-16,0.31622776601683794,14480582.452952439,9541112.633827414,0.9385460767560992,False
3,15-16,0.5623413251903491,14486317.480772695,9574910.480454,0.9384973895223567,False
3,15-16,1.0,14469602.947023893,9555130.48094065,0.9386392329419889,False
3,15-16,1.7782794100389228,14424678.615467655,9508741.076301625,0.9390196597175285,False
3,15-16,3.1622776601683795,14363483.516448181,9490601.377497803,0.9395359668608287,False
3,15-16,5.623413251903491,14303036.865475522,9456095.44595884,0.9400438043714326,False
3,15-16,10.0,14255131.471125072,9415950.971770369,0.9404447563128969,False
3,15-16,17.78279410038923,14222678.429848613,9382219.182367088,0.9407156129865838,False
3,15-16,31.622776601683793,14202770.935676213,9359700.147694634,0.9408814576450081,False
3,15-16,56.23413251903491,14191185.374624098,9344819.335978653,0.940977867300693,False
3,15-16,100.0,14184597.615531921,9337571.366238482,0.9410326524834982,False
3,15-16,177.82794100389228,14180883.567786744,9337241.046623446,0.9410635280681169,False
3,15-16,316.22776601683796,14178795.014881829,9337032.884661991,0.941080887053488,False
3,15-16,562.341325190349,14177621.144886611,9336908.479348358,0.9410906425391584,False
3,15-16,1000.0,14176961.337863985,9336836.149343679,0.9410961255328008,False
3,15-16,1778.2794100389228,14176590.420127593,9336794.716370702,0.9410992077456172,False
3,15-16,3162.2776601683795,14176381.879292086,9336771.17534952,0.9411009406206908,False
3,15-16,5623.413251903491,14176264.62199927,9336757.860591723,0.9411019149617814,False
3,15-16,10000.0,14176198.68787923,9336750.348857583,0.9411024628330975,False
3,15-16,17782.794100389227,14176161.611844711,9336746.117007056,0.9411027709106454,False
3,15-16,31622.776601683792,14176140.762919571,9336743.734828584,0.9411029441511954,False
3,15-16,56234.13251903491,14176129.038853953,9336742.394461194,0.9411030415701861,False
3,15-16,100000.0,14176122.445973825,9336741.640473668,0.9411030963524889,False
3,15-16,177827.94100389228,14176118.738539603,9336741.216398299,0.941103127158708,False
3,15-16,316227.7660168379,14176116.653700786,9336740.97789883,0.9411031444822759,False
3,15-16,562341.3251903491,14176115.481311232,9336740.843773024,0.9411031542240207,False
3,15-16,1000000.0,14176114.822028607,9336740.768346108,0.9411031597022022,False
3,15-16,1778279.410038923,14176114.451286886,9336740.725929659,0.9411031627828086,False
3,15-16,3162277.6601683795,14176114.24280355,9336740.702076903,0.9411031645151605,False
3,15-16,5623413.251903491,14176114.12556476,9336740.688663425,0.9411031654893335,False
3,15-16,10000000.0,14176114.059636556,9336740.681120453,0.941103166037151,False
3,15-16,17782794.100389227,14176114.022562403,9336740.67687872,0.9411031663452115,False
3,15-16,31622776.60168379,14176114.00171407,9336740.674493419,0.9411031665184467,False
3,15-16,56234132.51903491,14176113.989990197,9336740.673152065,0.9411031666158639,False
3,15-16,100000000.0,14176113.983397376,9336740.67239776,0.9411031666706458,True
3,16-17,0.0001,18147220.054502975,13224053.487490105,0.9014109822930424,False
3,16-17,0.00017782794100389227,18128020.922568675,13210408.187320692,0.9016194794933384,False
3,16-17,0.00031622776601683794,18094527.220494155,13186428.55895506,0.9019826833736806,False
3,16-17,0.0005623413251903491,18036929.275279444,13146201.201333592,0.9026057016509976,False
3,16-17,0.001,17940271.89345168,13082905.015683688,0.9036467495935242,False
3,16-17,0.0017782794100389228,17784477.884036146,12977268.544662891,0.9053129539982734,False
3,16-17,0.0031622776601683794,17548768.72615486,12811187.209326921,0.9078062183597722,False
3,16-17,0.005623413251903491,17223625.7230405,12560986.01028905,0.9111908962045536,False
3,16-17,0.01,16827073.28418008,12221125.955151629,0.9152332561817809,False
3,16-17,0.01778279410038923,16411145.608242417,11803881.827313147,0.919371955651687,False
3,16-17,0.03162277660168379,16045991.088076102,11411266.343634741,0.9229200504438505,False
3,16-17,0.05623413251903491,15785137.284263922,11126489.648878343,0.9254058009503224,False
3,16-17,0.1,15630963.520528616,10949618.99747933,0.926855811242567,False
3,16-17,0.1778279410038923,15534716.668016393,10772943.232416037,0.9277538011884587,False
3,16-17,0.31622776601683794,15440918.8512268,10614010.882105641,0.9286236049548143,False
3,16-17,0.5623413251903491,15327276.456470901,10488619.638842309,0.9296703736571253,False
3,16-17,1.0,15201460.275464756,10374651.163248606,0.9308202566766784,False
3,16-17,1.7782794100389228,15078518.747381667,10277501.389790261,0.9319347115950848,False
3,16-17,3.1622776601683795,14970019.722557366,10212078.472351994,0.9329107288969547,False
3,16-17,5.623413251903491,14883377.46042272,10144819.711281946,0.9336850692108727,False
3,16-17,10.0,14821186.23278798,10083841.147193803,0.9342381144218083,False
3,16-17,17.78279410038923,14780669.772173863,10036256.892273804,0.9345971675956017,False
3,16-17,31.622776601683793,14756057.654781923,10007268.358906375,0.9348147980563668,False
3,16-17,56.23413251903491,14741704.971646,10003414.64375742,0.9349415429589535,False
3,16-17,100.0,14733502.793116659,10000989.55974356,0.9350139189329749,False
3,16-17,177.82794100389228,14728857.674317077,9999535.080586625,0.9350548895677583,False
3,16-17,316.22776601683796,14726237.194186382,9998686.613085477,0.9350779968902431,False
3,16-17,562.341325190349,14724761.362423271,9998199.467309827,0.9350910089247386,False
3,16-17,1000.0,14723930.815519635,9997922.291320764,0.9350983310727639,False
3,16-17,1778.2794100389228,14723463.581424987,9997765.38916699,0.9351024500531859,False
3,16-17,3162.2776601683795,14723200.78110168,9997676.827251097,0.9351047667560195,False
3,16-17,5623.413251903491,14723052.980617989,9997626.92068741,0.93510606966547,False
3,16-17,10000.0,14722969.861007862,9997598.823036827,0.9351068023861863,False
3,16-17,17782.794100389227,14722923.1177586,9997583.012078578,0.9351072144381194,False
3,16-17,31622.776601683792,14722896.831576455,9997574.117604516,0.9351074461559712,False
3,16-17,56234.13251903491,14722882.049605545,9997569.114824262,0.9351075764617627,False
3,16-17,100000.0,14722873.737040538,9997566.301222114,0.935107649738494,False
3,16-17,177827.94100389228,14722869.062525311,9997564.71891232,0.9351076909451548,False
3,16-17,316227.7660168379,14722866.433847047,9997563.82908092,0.9351077141174028,False
3,16-17,562341.3251903491,14722864.95563099,9997563.328681452,0.9351077271481281,False
3,16-17,1000000.0,14722864.124368496,9997563.047282828,0.9351077344758474,False
3,16-17,1778279.410038923,14722863.656915082,9997562.889039708,0.9351077385965281,False
3,16-17,3162277.6601683795,14722863.394046657,9997562.800052725,0.9351077409137575,False
3,16-17,5623413.251903491,14722863.246224862,9997562.750011567,0.9351077422168315,False
3,16-17,10000000.0,14722863.163098548,9997562.721871316,0.935107742949604,False
3,16-17,17782794.100389227,14722863.116353191,9997562.706046883,0.9351077433616721,False
3,16-17,31622776.60168379,14722863.090066342,9997562.697148148,0.9351077435933951,False
3,16-17,56234132.51903491,14722863.075284159,9997562.692144008,0.9351077437237025,False
3,16-17,100000000.0,14722863.066971526,9997562.689329987,0.9351077437969798,True
3,17-18,0.0001,17094839.08041209,12608321.51302387,0.9124856332993609,False
3,17-18,0.00017782794100389227,17088061.108018436,12602739.90551036,0.9125550170899995,False
3,17-18,0.00031622776601683794,17076117.15600324,12592861.530312022,0.9126772162863094,False
3,17-18,0.0005623413251903491,17055216.574454036,12575442.735091992,0.9128908456515117,False
3,17-18,0.001,17019088.39036761,12544924.476596843,0.9132595026302094,False
3,17-18,0.0017782794100389228,16957950.027046524,12492047.157157052,0.9138815860839328,False
3,17-18,0.0031622776601683794,16858152.089879878,12402143.606331412,0.9148922213087872,False
3,17-18,0.005623413251903491,16704615.219811477,12253956.569031917,0.9164354126058059,False
3,17-18,0.01,16489150.95961645,12021235.856132288,0.9185772233526104,False
3,17-18,0.01778279410038923,16223777.172291877,11690798.893586181,0.9211769444733375,False
3,17-18,0.03162277660168379,15945813.229368445,11286546.567020059,0.923854776400211,False
3,17-18,0.05623413251903491,15699730.626007464,10905349.442339782,0.9261868529225555,False
3,17-18,0.1,15511065.804384658,10666493.735483896,0.9279502296335008,False
3,17-18,0.1778279410038923,15379282.046261687,10490648.600897646,0.9291693146894332,False
3,17-18,0.31622776601683794,15285176.74674505,10399611.336319633,0.9300334837347809,False
3,17-18,0.5623413251903491,15204141.020493412,10372983.587619698,0.930773384634964,False
3,17-18,1.0,15120761.506237049,10337532.274283942,0.9315305802577111,False
3,17-18,1.7782794100389228,15033700.373869138,10329927.063927239,0.9323167660925462,False
3,17-18,3.1622776601683795,14950528.390529433,10296471.07405084,0.9330635918034356,False
3,17-18,5.623413251903491,14880448.911433691,10254688.23581983,0.933689639853313,False
3,17-18,10.0,14828648.055598905,10210511.535136906,0.9341505069538649,False
3,17-18,17.78279410038923,14794395.40184062,10173331.156126952,0.934454366734932,False
3,17-18,31.622776601683793,14773424.549782109,10152107.748416794,0.9346400551040321,False
3,17-18,56.23413251903491,14761139.699381864,10149777.448395083,0.9347487101150715,False
3,17-18,100.0,14754099.774978269,10148168.641250167,0.9348109349319567,False
3,17-18,177.82794100389228,14750106.129993098,10147158.292156048,0.9348462209544232,False
3,17-18,316.22776601683796,14747850.892878005,10146554.443492072,0.9348661429788908,False
3,17-18,562.341325190349,14746580.011812123,10146203.153110828,0.9348773681831065,False
3,17-18,1000.0,14745864.560445378,10146001.820559883,0.9348836870645911,False
3,17-18,1778.2794100389228,14745461.99653413,10145887.39052453,0.9348872423827209,False
3,17-18,3162.2776601683795,14745235.545642141,10145822.655731313,0.9348892422832767,False
3,17-18,5623.413251903491,14745108.180373175,10145832.01951309,0.934890367095875,False
3,17-18,10000.0,14745036.550547445,10145838.865700977,0.9348909996826656,False
3,17-18,17782.794100389227,14744996.267912056,10145842.710500037,0.9348913554306529,False
3,17-18,31622.776601683792,14744973.614620248,10145844.870977018,0.9348915554882135,False
3,17-18,56234.13251903491,14744960.875516742,10145846.085392414,0.9348916679906671,False
3,17-18,100000.0,14744953.711722452,10145846.76814703,0.934891731256021,False
3,17-18,177827.94100389228,14744949.68320278,10145847.152037147,0.9348917668329255,False
3,17-18,316227.7660168379,14744947.417792704,10145847.367898287,0.9348917868393467,False
3,17-18,562341.3251903491,14744946.143856784,10145847.48928082,0.9348917980898022,False
3,17-18,1000000.0,14744945.427469276,10145847.557537623,0.934891804416404,False
3,17-18,1778279.410038923,14744945.024614751,10145847.595920732,0.9348918079741155,False
3,17-18,3162277.6601683795,14744944.798072936,10145847.617504982,0.9348918099747643,False
3,17-18,5623413.251903491,14744944.67067909,10145847.629642641,0.9348918110998119,False
3,17-18,10000000.0,14744944.599040259,10145847.636468137,0.9348918117324727,False
3,17-18,17782794.100389227,14744944.558754778,10145847.640306389,0.9348918120882441,False
3,17-18,31622776.60168379,14744944.536100589,10145847.642464792,0.9348918122883091,False
3,17-18,56234132.51903491,14744944.523361204,10145847.64367855,0.9348918124008138,False
3,17-18,100000000.0,14744944.516197318,10145847.6443611,0.9348918124640799,True
3,18-19,0.0001,16336794.91392859,11786719.753529629,0.9202261225705727,False
3,18-19,0.00017782794100389227,16332092.255567016,11780964.95857482,0.9202720428748989,False
3,18-19,0.00031622776601683794,16323806.274394939,11770773.330768943,0.9203529212779289,False
3,18-19,0.0005623413251903491,16309309.671651818,11752781.338841883,0.9204943220462478,False
3,18-19,0.001,16284260.82649352,11721195.638073444,0.9207383539645154,False
3,18-19,0.0017782794100389228,16241903.402336203,11666283.147943389,0.9211501568446283,False
3,18-19,0.0031622776601683794,16172868.79210005,11572402.949949576,0.921819019330109,False
3,18-19,0.005623413251903491,16067015.832705135,11419547.768924398,0.9228390740521917,False
3,18-19,0.01,15919584.925667142,11194929.466946322,0.9242486342064196,False
3,18-19,0.01778279410038923,15741016.057599828,10887840.70718002,0.9259384987253199,False
3,18-19,0.03162277660168379,15559975.69075333,10644888.646791104,0.9276322923986979,False
3,18-19,0.05623413251903491,15406336.00913286,10501959.740428103,0.9290543587713246,False
3,18-19,0.1,15287176.902440809,10340845.90611846,0.9301475617917042,False
3,18-19,0.1778279410038923,15185892.044809923,10143982.00382477,0.9310701070979971,False
3,18-19,0.31622776601683794,15081308.751375327,9970662.182527455,0.932016260508902,False
3,18-19,0.5623413251903491,14963742.747610597,9949744.747740792,0.9330720606027251,False
3,18-19,1.0,14838114.53111625,9893985.927290266,0.9341911312696236,False
3,18-19,1.7782794100389228,14716868.646446686,9856425.542983849,0.9352622181766371,False
3,18-19,3.1622776601683795,14612052.436459469,9834493.40380053,0.9361810827896588,False
3,18-19,5.623413251903491,14531424.070137765,9794679.443341235,0.9368834370237215,False
3,18-19,10.0,14476509.918619122,9753369.518851887,0.9373595697833209,False
3,18-19,17.78279410038923,14442886.793259472,9719438.356388194,0.9376502090546659,False
3,18-19,31.622776601683793,14423703.926111948,9702665.900916215,0.9378157235373901,False
3,18-19,56.23413251903491,14413109.819653705,9704543.499225168,0.9379070377949699,False
3,18-19,100.0,14407300.095655432,9707325.657275291,0.9379570853241878,False
3,18-19,177.82794100389228,14404101.050597614,9708921.045076527,0.9379846346974751,False
3,18-19,316.22776601683796,14402328.156983325,9709828.764227755,0.9379998997776754,False
3,18-19,562.341325190349,14401340.328794472,9710342.709711494,0.9380084044229924,False
3,18-19,1000.0,14400787.89390438,9710632.857628098,0.9380131603224661,False
3,18-19,1778.2794100389228,14400478.23650132,9710796.38407751,0.9380158260762527,False
3,18-19,3162.2776601683795,14400304.425123885,9710888.457916895,0.9380173223445646,False
3,18-19,5623.413251903491,14400206.786580762,9710940.271747064,0.9380181628653828,False
3,18-19,10000.0,14400151.913076978,9710969.420506323,0.9380186352411124,False
3,18-19,17782.794100389227,14400121.065806357,9710985.815764016,0.9380189007874616,False
3,18-19,31622.776601683792,14400103.722395848,9710995.036667805,0.9380190500866231,False
3,18-19,56234.13251903491,14400093.970519094,9711000.222334126,0.9380191340346824,False
3,18-19,100000.0,14400088.486964758,9711003.138565958,0.9380191812392884,False
3,18-19,177827.94100389228,14400085.403439613,9711004.77852076,0.9380192077834854,False
3,18-19,316227.7660168379,14400083.669478908,9711005.700746858,0.9380192227100985,False
3,18-19,562341.3251903491,14400082.694411557,9711006.219356418,0.9380192311038595,False
3,18-19,1000000.0,14400082.14609418,9711006.510993177,0.9380192358239896,False
3,18-19,1778279.410038923,14400081.8377537,9711006.674992947,0.9380192384783048,False
3,18-19,3162277.6601683795,14400081.664361434,9711006.76721691,0.9380192399709331,False
3,18-19,5623413.251903491,14400081.566855906,9711006.819078298,0.9380192408102986,False
3,18-19,10000000.0,14400081.512024546,9711006.84824211,0.9380192412823084,False
3,18-19,17782794.100389227,14400081.48119062,9711006.864642125,0.9380192415477389,False
3,18-19,31622776.60168379,14400081.463851431,9711006.873864539,0.9380192416970013,False
3,18-19,56234132.51903491,14400081.454100892,9711006.87905068,0.9380192417809378,False
3,18-19,100000000.0,14400081.448617762,9711006.881967068,0.9380192418281388,True
3,19-20,0.0001,19440023.55810092,14334611.488628382,0.8869601996420118,False
3,19-20,0.00017782794100389227,19411592.351106215,14316445.687224932,0.8872906012801706,False
3,19-20,0.00031622776601683794,19362257.91400254,14284705.593027081,0.8878627736925836,False
3,19-20,0.0005623413251903491,19278178.20563006,14229956.621377517,0.8888345605565398,False
3,19-20,0.001,19139100.48692451,14137503.48412521,0.8904327268415504,False
3,19-20,0.0017782794100389228,18919678.99220201,13986491.48171652,0.8929306083551557,False
3,19-20,0.0031622776601683794,18596771.378968373,13751416.949796004,0.8965541881835161,False
3,19-20,0.005623413251903491,18163498.91709055,13407492.236545669,0.9013182522255615,False
3,19-20,0.01,17642198.04019828,12938391.058588594,0.9069013906451456,False
3,19-20,0.01778279410038923,17084841.915104102,12377503.63605849,0.91269085458156,False
3,19-20,0.03162277660168379,16559308.020211132,11780620.476252962,0.9179795444361745,False
3,19-20,0.05623413251903491,16124974.70168438,11212059.905864924,0.9222257392227953,False
3,19-20,0.1,15806781.534019286,10840657.942487301,0.9252648845188811,False
3,19-20,0.1778279410038923,15588064.871316645,10606896.081891391,0.9273187785902749,False
3,19-20,0.31622776601683794,15429171.147660006,10458551.684677135,0.928792948850675,False
3,19-20,0.5623413251903491,15295416.005405296,10417711.936372602,0.9300221822492134,False
3,19-20,1.0,15171318.634527883,10359686.889287481,0.9311530877035259,False
3,19-20,1.7782794100389228,15056482.827241851,10322651.156678291,0.9321913849372208,False
3,19-20,3.1622776601683795,14956661.902769737,10289028.173590664,0.9330875146930616,False
3,19-20,5.623413251903491,14877951.204884412,10239523.255418003,0.9337899267885008,False
3,19-20,10.0,14822650.260250578,10189928.345240751,0.9342812141615993,False
3,19-20,17.78279410038923,14787684.149801776,10149387.961743921,0.9345909050624159,False
3,19-20,31.622776601683793,14767126.25790781,10126869.42911048,0.9347726425683426,False
3,19-20,56.23413251903491,14755482.325303782,10123991.965451231,0.9348754660297524,False
3,19-20,100.0,14748974.551728006,10125161.210560381,0.9349328985489879,False
3,19-20,177.82794100389228,14745344.472848412,10126018.843678126,0.9349649237779692,False
3,19-20,316.22776601683796,14743316.125274211,10126499.535114896,0.934982814803358,False
3,19-20,562.341325190349,14742180.342170622,10126769.340666337,0.9349928318952172,False
3,19-20,1000.0,14741543.3138591,10126920.902460374,0.9349984498582123,False
3,19-20,1778.2794100389228,14741185.64004499,10127006.080891067,0.9350016040829523,False
3,19-20,3162.2776601683795,14740984.684968274,10127053.964086523,0.9350033762156595,False
3,19-20,5623.413251903491,14740871.737283379,10127080.885673735,0.9350043722400384,False
3,19-20,10000.0,14740808.240515728,10127096.023177493,0.9350049321802454,False
3,19-20,17782.794100389227,14740772.539499253,10127104.535109894,0.9350052470052046,False
3,19-20,31622.776601683792,14740752.465193862,10127109.321559457,0.9350054240276271,False
3,19-20,56234.13251903491,14740741.17716871,10127112.013126679,0.9350055235693743,False
3,19-20,100000.0,14740734.829631269,10127113.526689984,0.9350055795441423,False
3,19-20,177827.94100389228,14740731.260207355,10127114.377824057,0.9350056110205393,False
3,19-20,316227.7660168379,14740729.252991356,10127114.856450314,0.9350056287208509,False
3,19-20,562341.3251903491,14740728.124256728,10127115.12560112,0.9350056386744147,False
3,19-20,1000000.0,14740727.489524458,10127115.276955578,0.9350056442716983,False
3,19-20,1778279.410038923,14740727.132588858,10127115.362068392,0.9350056474192768,False
3,19-20,3162277.6601683795,14740726.931869403,10127115.409930829,0.9350056491892887,False
3,19-20,5623413.251903491,14740726.818996616,10127115.436845845,0.935005650184639,False
3,19-20,10000000.0,14740726.755523605,10127115.451981276,0.9350056507443654,False
3,19-20,17782794.100389227,14740726.719830114,10127115.46049255,0.9350056510591227,False
3,19-20,31622776.60168379,14740726.699758187,10127115.465278793,0.9350056512361237,False
3,19-20,56234132.51903491,14740726.688470917,10127115.4679703,0.9350056513356586,False
3,19-20,100000000.0,14740726.682123618,10127115.469483841,0.9350056513916313,True
3,20-21,0.0001,17150367.474307403,12689246.30500657,0.9103945276197152,False
3,20-21,0.00017782794100389227,17142884.615571197,12679977.849058898,0.9104727019001359,False
3,20-21,0.00031622776601683794,17129714.241333436,12663603.752541307,0.9106102114395034,False
3,20-21,0.0005623413251903491,17106715.192439497,12634821.506233446,0.9108500870071601,False
3,20-21,0.001,17067099.476764567,12584669.845834358,0.9112625154796632,False
3,20-21,0.0017782794100389228,17000446.699128404,12498589.73952698,0.9119542616757351,False
3,20-21,0.0031622776601683794,16892615.843398083,12354527.502787383,0.9130676368634378,False
3,20-21,0.005623413251903491,16728727.023142613,12153860.0200456,0.914746255569121,False
3,20-21,0.01,16501576.041276306,11849157.430308212,0.9170457724088107,False
3,20-21,0.01778279410038923,16222606.85447267,11448246.6420891,0.9198268475398683,False
3,20-21,0.03162277660168379,15923008.51022238,10949395.30727156,0.9227607713157769,False
3,20-21,0.05623413251903491,15638723.926929234,10502182.733011533,0.9254941626688246,False
3,20-21,0.1,15395899.162958486,10229641.287327262,0.9277899260502637,False
3,20-21,0.1778279410038923,15205342.453315014,10011853.498965336,0.929566367781895,False
3,20-21,0.31622776601683794,15058647.614306768,9876242.650635535,0.9309188410638483,False
3,20-21,0.5623413251903491,14934744.26508355,9861233.064821644,0.9320509710710538,False
3,20-21,1.0,14816771.438013274,9850334.72828068,0.9331202198343057,False
3,20-21,1.7782794100389228,14701349.878371356,9864921.833203714,0.9341581385078654,False
3,20-21,3.1622776601683795,14595583.527647777,9842877.508744018,0.9351021066938199,False
3,20-21,5.623413251903491,14509193.798047548,9799509.80444419,0.9358680807662957,False
3,20-21,10.0,14447208.131276183,9753431.252736213,0.9364148745231142,False
3,20-21,17.78279410038923,14407474.1861575,9715107.267913895,0.9367641480411263,False
3,20-21,31.622776601683793,14383871.889095018,9704131.248823084,0.9369711640425451,False
3,20-21,56.23413251903491,14370397.30285081,9706338.96566214,0.9370891975863515,False
3,20-21,100.0,14362822.949490871,9707534.297220938,0.9371554981984275,False
3,20-21,177.82794100389228,14358581.600008015,9708190.791585151,0.9371926087498335,False
3,20-21,316.22776601683796,14356205.946157625,9708554.789382542,0.9372133902283376,False
3,20-21,562.341325190349,14354873.746788662,9708757.803155333,0.9372250423878706,False
3,20-21,1000.0,14354125.917023934,9708871.428377194,0.9372315828506835,False
3,20-21,1778.2794100389228,14353705.825354079,9708935.15311847,0.9372352567913294,False
3,20-21,3162.2776601683795,14353469.735578885,9708970.93372546,0.9372373214835322,False
3,20-21,5623.413251903491,14353337.019291855,9708991.037378019,0.9372384821215244,False
3,20-21,10000.0,14353262.40237595,9709002.337026397,0.9372391346608918,False
3,20-21,17782.794100389227,14353220.44695135,9709008.689555688,0.937239501567708,False
3,20-21,31622.776601683792,14353196.855189484,9709012.261298126,0.9372397078809214,False
3,20-21,56234.13251903491,14353183.589044333,9709014.269663384,0.9372398238950427,False
3,20-21,100000.0,14353176.129093831,9709015.398995405,0.9372398891332085,False
3,20-21,177827.94100389228,14353171.93410321,9709016.034048157,0.9372399258188919,False
3,20-21,316227.7660168379,14353169.57510176,9709016.391159093,0.9372399464486307,False
3,20-21,562341.3251903491,14353168.248542536,9709016.591975594,0.9372399580495421,False
3,20-21,1000000.0,14353167.50256498,9709016.704902466,0.9372399645732002,False
3,20-21,1778279.410038923,14353167.08307145,9709016.768405743,0.9372399682417185,False
3,20-21,3162277.6601683795,14353166.847173056,9709016.804116203,0.9372399703046765,False
3,20-21,5623413.251903491,14353166.714517688,9709016.824197654,0.9372399714647626,False
3,20-21,10000000.0,14353166.639920108,9709016.835490283,0.9372399721171268,False
3,20-21,17782794.100389227,14353166.59797081,9709016.841840588,0.9372399724839782,False
3,20-21,31622776.60168379,14353166.574380986,9709016.845411623,0.9372399726902738,False
3,20-21,56234132.51903491,14353166.561115457,9709016.84741977,0.9372399728062824,False
3,20-21,100000000.0,14353166.553655697,9709016.848549025,0.9372399728715188,True
3,21-22,0.0001,14113659.517692834,10156420.22910363,0.9394239981060454,False
3,21-22,0.00017782794100389227,14111020.16482626,10152639.038937913,0.9394466522581554,False
3,21-22,0.00031622776601683794,14106390.814826699,10145959.59694876,0.9394863767649401,False
3,21-22,0.0005623413251903491,14098355.136588845,10138166.139662983,0.9395553000651508,False
3,21-22,0.001,14084653.870773837,10125099.86984169,0.9396727274488991,False
3,21-22,0.0017782794100389228,14061981.102082802,10102261.826099126,0.9398667947525042,False
3,21-22,0.0031622776601683794,14026216.843652133,10062846.862978252,0.94017228294931,False
3,21-22,0.005623413251903491,13973678.316763591,9996242.194437172,0.9406196413841913,False
3,21-22,0.01,13903433.994030168,9887408.096252076,0.9412151394398989,False
3,21-22,0.01778279410038923,13818962.37038642,9730119.687347837,0.9419272754451565,False
3,21-22,0.03162277660168379,13727445.3980293,9571618.493910117,0.9426939092216194,False
3,21-22,0.05623413251903491,13639401.74336256,9456243.7956503,0.943426639539688,False
3,21-22,0.1,13569946.562446734,9435800.866195044,0.9440013434081604,False
3,21-22,0.1778279410038923,13533227.164939545,9443228.184333336,0.944303990865136,False
3,21-22,0.31622776601683794,13530162.358316751,9520284.873000253,0.9443292144377617,True
3,21-22,0.5623413251903491,13547196.164936244,9579928.729197837,0.944188952659263,False
3,21-22,1.0,13568315.380200256,9636410.503776126,0.9440148052923341,False
3,21-22,1.7782794100389228,13583865.18903752,9670672.91651717,0.9438864094085376,False
3,21-22,3.1622776601683795,13590730.761300204,9678465.019784994,0.9438296730874705,False
3,21-22,5.623413251903491,13590062.758531509,9675223.895368742,0.9438351946466019,False
3,21-22,10.0,13585247.76818332,9680136.90080697,0.9438749862344664,False
3,21-22,17.78279410038923,13579584.988919294,9680756.925601605,0.9439217659958511,False
3,21-22,31.622776601683793,13574883.58726432,9679217.150054375,0.943960589076784,False
3,21-22,56.23413251903491,13571589.173531227,9677514.837283803,0.9439877855682914,False
3,21-22,100.0,13569488.987622332,9676572.22357341,0.9440051198627439,False
3,21-22,177.82794100389228,13568220.61053588,9676339.284734497,0.944015587361358,False
3,21-22,316.22776601683796,13567477.915460689,9676179.740218204,0.944021716125146,False
3,21-22,562.341325190349,13567050.614976343,9676080.601588583,0.9440252420820401,False
3,21-22,1000.0,13566807.210235707,9676021.800349109,0.9440272505361399,False
3,21-22,1778.2794100389228,13566669.336742228,9675987.755787201,0.9440283881832187,False
3,21-22,3162.2776601683795,13566591.487431558,9675968.299405197,0.9440290305426345,False
3,21-22,5623.413251903491,13566547.608819557,9675957.259276105,0.9440293925973898,False
3,21-22,10000.0,13566522.902143262,9675951.01957191,0.9440295964586018,False
3,21-22,17782.794100389227,13566508.99845247,9675947.50079047,0.9440297111814077,False
3,21-22,31622.776601683792,13566501.176634748,9675945.518889185,0.9440297757211166,False
3,21-22,56234.13251903491,13566496.77709178,9675944.403389195,0.9440298120227928,False
3,21-22,100000.0,13566494.302726995,9675943.775782738,0.9440298324393605,False
3,21-22,177827.94100389228,13566492.911188232,9675943.42275416,0.9440298439212734,False
3,21-22,316227.7660168379,13566492.12863647,9675943.224200109,0.9440298503782912,False
3,21-22,562341.3251903491,13566491.688565155,9675943.112535017,0.9440298540094225,False
3,21-22,1000000.0,13566491.441091675,9675943.049737971,0.944029856051384,False
3,21-22,1778279.410038923,13566491.301926091,9675943.014423598,0.9440298571996717,False
3,21-22,3162277.6601683795,13566491.223667217,9675942.994564554,0.9440298578454038,False
3,21-22,5623413.251903491,13566491.17965891,9675942.983396888,0.9440298582085267,False
3,21-22,10000000.0,13566491.154911194,9675942.977116825,0.9440298584127259,False
3,21-22,17782794.100389227,13566491.14099452,9675942.973585272,0.9440298585275556,False
3,21-22,31622776.60168379,13566491.133168593,9675942.97159933,0.9440298585921292,False
3,21-22,56234132.51903491,13566491.128767747,9675942.970482556,0.9440298586284416,False
3,21-22,100000000.0,13566491.12629298,9675942.96985454,0.9440298586488615,False
3,22-23,0.0001,17890918.711152736,13726752.00632431,0.9052611473951713,False
3,22-23,0.00017782794100389227,17877463.71764734,13713425.979034968,0.9054035918765806,False
3,22-23,0.00031622776601683794,17853845.569116645,13689914.037666675,0.9056533718501615,False
3,22-23,0.0005623413251903491,17812795.853309087,13648678.660704918,0.9060867182631583,False
3,22-23,0.001,17742663.708720356,13577110.594727134,0.9068247690567719,False
3,22-23,0.0017782794100389228,17626300.350677453,13455094.830600042,0.9080429208844434,False
3,22-23,0.0031622776601683794,17442351.76736188,13253161.41620979,0.9099522392807614,False
3,22-23,0.005623413251903491,17172947.783570424,12934424.890217774,0.9127124036382511,False
3,22-23,0.01,16820412.270478975,12485991.742445873,0.9162593923202833,False
3,22-23,0.01778279410038923,16424162.269932564,11967285.327413095,0.9201583892284488,False
3,22-23,0.03162277660168379,16054150.676008524,11341062.356489154,0.9237152890224588,False
3,22-23,0.05623413251903491,15770605.062047128,10938291.537078511,0.9263861473284308,False
3,22-23,0.1,15582793.8926234,10602902.485415418,0.9281290329264646,False
3,22-23,0.1778279410038923,15451094.892853176,10441607.276762921,0.9293387435977291,False
3,22-23,0.31622776601683794,15328433.454741048,10389974.928173011,0.9304562058160633,False
3,22-23,0.5623413251903491,15193576.547781158,10324502.407462707,0.9316744915554986,False
3,22-23,1.0,15051269.216755874,10202377.13512587,0.9329484095827381,False
3,22-23,1.7782794100389228,14916146.387149537,10106545.172340216,0.9341469173634717,False
3,22-23,3.1622776601683795,14800950.762204217,10028526.944526555,0.9351601407490469,False
3,22-23,5.623413251903491,14712658.231371464,9961028.781345543,0.9359314155115264,False
3,22-23,10.0,14651789.788132407,9902807.830535388,0.9364604413348037,False
3,22-23,17.78279410038923,14613505.210692927,9858319.838436272,0.9367920604833734,False
3,22-23,31.622776601683793,14590893.680069802,9844909.731673075,0.9369875129110189,False
3,22-23,56.23413251903491,14577977.90570539,9843844.079354966,0.9370990201117881,False
3,22-23,100.0,14570700.138239603,9843153.886827486,0.9371618085779896,False
3,22-23,177.82794100389228,14566615.35674989,9842733.927725729,0.9371970360275399,False
3,22-23,316.22776601683796,14564323.506865043,9842487.079767244,0.9372167967803521,False
3,22-23,562.341325190349,14563036.890992435,9842344.768620798,0.9372278888572054,False
3,22-23,1000.0,14562314.168434579,9842263.612919526,0.9372341191092267,False
3,22-23,1778.2794100389228,14561908.022080908,9842217.614922691,0.9372376201706477,False
3,22-23,3162.2776601683795,14561679.718180675,9842191.633533971,0.9372395881522826,False
3,22-23,5623.413251903491,14561551.362224488,9842176.986688655,0.9372406945682078,False
3,22-23,10000.0,14561479.191572933,9842168.738616845,0.9372413166679591,False
3,22-23,17782.794100389227,14561438.60996455,9842164.096730132,0.9372416664737345,False
3,22-23,31622.776601683792,14561415.790179662,9842161.485248815,0.9372418631755286,False
3,22-23,56234.13251903491,14561402.957966488,9842160.016339088,0.9372419737863986,False
3,22-23,100000.0,14561395.741976097,9842159.190194726,0.9372420359866143,False
3,22-23,177827.94100389228,14561391.684156045,9842158.72558301,0.9372420709640977,False
3,22-23,316227.7660168379,14561389.40228548,9842158.46430106,0.9372420906332973,False
3,22-23,562341.3251903491,14561388.119098324,9842158.317367766,0.9372421016940742,False
3,22-23,1000000.0,14561387.397510096,9842158.23473995,0.9372421079139976,False
3,22-23,1778279.410038923,14561386.991731508,9842158.188274544,0.937242111411715,False
3,22-23,3162277.6601683795,14561386.76354553,9842158.162145007,0.9372421133786252,False
3,22-23,5623413.251903491,14561386.635227157,9842158.147451254,0.9372421144846997,False
3,22-23,10000000.0,14561386.563068442,9842158.13918834,0.9372421151066911,False
3,22-23,17782794.100389227,14561386.522490622,9842158.134541761,0.9372421154564625,False
3,22-23,31622776.60168379,14561386.499672031,9842158.131928792,0.9372421156531534,False
3,22-23,56234132.51903491,14561386.486840198,9842158.130459417,0.9372421157637608,False
3,22-23,100000000.0,14561386.479624325,9842158.129633121,0.93724211582596,True
3,23-24,0.0001,15938126.99595316,11374994.922201639,0.9234714665527589,False
3,23-24,0.00017782794100389227,15932910.307680925,11369161.77857594,0.9235215552699624,False
3,23-24,0.00031622776601683794,15923709.39134709,11358839.096065087,0.9236098591115065,False
3,23-24,0.0005623413251903491,15907583.43625574,11340639.593267081,0.9237645014999398,False
3,23-24,0.001,15879631.529539889,11308762.315427456,0.9240321795389468,False
3,23-24,0.0017782794100389228,15832103.083944242,11253558.61340623,0.9244862491466878,False
3,23-24,0.0031622776601683794,15753890.05897779,11159790.930947773,0.9252305053181897,False
3,23-24,0.005623413251903491,15631957.716275953,11011740.143643748,0.9263834317793487,False
3,23-24,0.01,15457344.706174731,10791421.037424186,0.9280188785042225,False
3,23-24,0.01778279410038923,15236292.123884961,10548937.610654006,0.9300629344000706,False
3,23-24,0.03162277660168379,14997794.770370012,10240925.13029363,0.9322352816376921,False
3,23-24,0.05623413251903491,14782832.134845825,9937547.699746303,0.9341638970749113,False
3,23-24,0.1,14620161.477798486,9695555.15864438,0.9356048493440579,False
3,23-24,0.1778279410038923,14513834.972527944,9594129.411076492,0.9365380830749317,False
3,23-24,0.31622776601683794,14448961.534914792,9558934.983154034,0.9371041349448078,False
3,23-24,0.5623413251903491,14404893.73258828,9600208.168686861,0.9374872013503227,False
3,23-24,1.0,14366865.098691178,9620386.328634256,0.9378168307660765,False
3,23-24,1.7782794100389228,14328819.097879931,9643262.873410149,0.9381457387546611,False
3,23-24,3.1622776601683795,14290199.523830306,9633368.004080862,0.9384787133053352,False
3,23-24,5.623413251903491,14253609.774287142,9607433.952791365,0.9387933578401862,False
3,23-24,10.0,14222709.864450574,9578357.82505687,0.9390584457349663,False
3,23-24,17.78279410038923,14199590.817795848,9568792.015501337,0.9392564059768596,False
3,23-24,31.622776601683793,14183940.267605724,9561736.081469264,0.9393902333205583,False
3,23-24,56.23413251903491,14174074.997854123,9558741.644903826,0.9394745150855259,False
3,23-24,100.0,14168138.159581712,9557096.703942573,0.9395252068960773,False
3,23-24,177.82794100389228,14164665.543541541,9556065.689565005,0.9395548480525865,False
3,23-24,316.22776601683796,14162668.189453019,9555450.12494006,0.9395718935463796,False
3,23-24,562.341325190349,14161530.49849775,9555092.219291462,0.9395816015686171,False
3,23-24,1000.0,14160886.069293117,9554887.15882335,0.9395871001966872,False
3,23-24,1778.2794100389228,14160522.193468558,9554770.630053211,0.9395902048768872,False
3,23-24,3162.2776601683795,14160317.09851204,9554704.714326141,0.9395919547635666,False
3,23-24,5623.413251903491,14160201.61527784,9554667.524405349,0.9395929400646641,False
3,23-24,10000.0,14160136.626814237,9554646.572064234,0.9395934945416573,False
3,23-24,17782.794100389227,14160100.066090811,9554634.77737697,0.9395938064740554,False
3,23-24,31622.776601683792,14160079.501731487,9554628.140838306,0.9395939819267375,False
3,23-24,56234.13251903491,14160067.936038733,9554624.407605045,0.9395940806037485,False
3,23-24,100000.0,14160061.431696154,9554622.307863597,0.9395941360979319,False
3,23-24,177827.94100389228,14160057.773885127,9554621.126968851,0.9395941673058764,False
3,23-24,316227.7660168379,14160055.716899265,9554620.462863911,0.9395941848557956,False
3,23-24,562341.3251903491,14160054.560156059,9554620.089397911,0.9395941947249677,False
3,23-24,1000000.0,14160053.909666799,9554619.879378652,0.9395942002748513,False
3,23-24,1778279.410038923,14160053.543868309,9554619.76127491,0.9395942033957928,False
3,23-24,3162277.6601683795,14160053.338164216,9554619.694859905,0.9395942051508313,False
3,23-24,5623413.251903491,14160053.222488156,9554619.657511882,0.9395942061377632,False
3,23-24,10000000.0,14160053.15743868,9554619.636509504,0.9395942066927562,False
3,23-24,17782794.100389227,14160053.120858656,9554619.624698985,0.9395942070048519,False
3,23-24,31622776.60168379,14160053.10028819,9554619.618057434,0.9395942071803561,False
3,23-24,56234132.51903491,14160053.088720568,9554619.614322621,0.9395942072790495,False
3,23-24,100000000.0,14160053.082215615,9554619.612222381,0.9395942073345488,True
3,24-25,0.0001,16031642.48523832,12074918.672836665,0.9222660094364074,False
3,24-25,0.00017782794100389227,16024939.31391689,12065793.361460898,0.9223310003221125,False
3,24-25,0.00031622776601683794,16013237.693527292,12049827.098899964,0.9224443887480205,False
3,24-25,0.0005623413251903491,15993080.902615359,12022220.220583154,0.9226395133542047,False
3,24-25,0.001,15959104.20171512,11975408.815812169,0.9229678631082172,False
3,24-25,0.0017782794100389228,15903701.637243707,11898421.812355142,0.9235017740357596,False
3,24-25,0.0031622776601683794,15817460.073189478,11777260.508290675,0.9243291837830727,False
3,24-25,0.005623413251903491,15690795.416447533,11616764.898408499,0.9255362601126388,False
3,24-25,0.01,15516837.15413732,11398687.853279518,0.9271782134456301,False
3,24-25,0.01778279410038923,15296388.711068973,11127774.718995001,0.929232680248262,False
3,24-25,0.03162277660168379,15046265.461887231,10788564.930345176,0.9315281023220343,False
3,24-25,0.05623413251903491,14806337.05031494,10391926.044887137,0.9336944033305046,False
3,24-25,0.1,14630890.889704827,10085757.481036998,0.9352564561107766,False
3,24-25,0.1778279410038923,14554457.31710753,10072391.673725275,0.9359311456294392,False
3,24-25,0.31622776601683794,14557750.4245366,10074945.629208898,0.9359021497713841,False
3,24-25,0.5623413251903491,14581860.704356942,10038912.629372656,0.9356896585820792,False
3,24-25,1.0,14580687.771953253,9977410.09301703,0.9357000041272867,False
3,24-25,1.7782794100389228,14549104.726863746,9911052.139655149,0.9359782612666758,False
3,24-25,3.1622776601683795,14507831.410123292,9840069.968449457,0.9363409834475199,False
3,24-25,5.623413251903491,14476413.632906448,9848146.113696005,0.9366164014811216,False
3,24-25,10.0,14460532.74857813,9873347.98108577,0.9367553910816699,False
3,24-25,17.78279410038923,14455775.656979784,9889656.72645948,0.9367969954839181,True
3,24-25,31.622776601683793,14456066.814587884,9899964.814726856,0.9367944494813547,False
3,24-25,56.23413251903491,14457699.352731831,9906255.369850518,0.9367801729426705,False
3,24-25,100.0,14459217.996971177,9911582.933492113,0.9367668909582803,False
3,24-25,177.82794100389228,14460292.048726104,9917813.662011873,0.9367574965146546,False
3,24-25,316.22776601683796,14460971.708716245,9921386.167938875,0.9367515513498821,False
3,24-25,562.341325190349,14461379.005994365,9923417.49016818,0.9367479884795189,False
3,24-25,1000.0,14461616.198381495,9924566.970638655,0.9367459135710838,False
3,24-25,1778.2794100389228,14461752.198802639,9925215.663598469,0.9367447238530433,False
3,24-25,3162.2776601683795,14461829.5122287,9925581.17917247,0.9367440475179601,False
3,24-25,5623.413251903491,14461873.254011294,9925786.954792673,0.9367436648648105,False
3,24-25,10000.0,14461897.9359291,9925902.74412953,0.9367434489468629,False
3,24-25,17782.794100389227,14461911.842228517,9925967.880428351,0.9367433272940942,False
3,24-25,31622.776601683792,14461919.670745943,9926004.516591635,0.9367432588099125,False
3,24-25,56234.13251903491,14461924.075712072,9926025.120939082,0.9367432202750775,False
3,24-25,100000.0,14461926.553650253,9926036.708348535,0.9367431985979614,False
3,24-25,177827.94100389228,14461927.947364133,9926043.224659659,0.9367431864056873,False
3,24-25,316227.7660168379,14461928.731191436,9926046.889124045,0.936743179548729,False
3,24-25,562341.3251903491,14461929.1719966,9926048.949826997,0.9367431756925443,False
3,24-25,1000000.0,14461929.419888005,9926050.108652763,0.9367431735239784,False
3,24-25,1778279.410038923,14461929.559290254,9926050.7603107,0.9367431723044808,False
3,24-25,3162277.6601683795,14461929.637682745,9926051.12676562,0.9367431716186996,False
3,24-25,5623413.251903491,14461929.681766348,9926051.332838597,0.9367431712330541,False
3,24-25,10000000.0,14461929.706556464,9926051.448722027,0.936743171016189,False
3,24-25,17782794.100389227,14461929.720496997,9926051.513888083,0.9367431708942365,False
3,24-25,31622776.60168379,14461929.728336347,9926051.550533665,0.9367431708256575,False
3,24-25,56234132.51903491,14461929.732744733,9926051.571140986,0.9367431707870927,False
3,24-25,100000000.0,14461929.735223753,9926051.582729336,0.9367431707654061,False
3,25-26,0.0001,16610608.92128833,11980090.411966048,0.9169758610995984,False
3,25-26,0.00017782794100389227,16606682.702838803,11976591.411345925,0.9170151049807692,False
3,25-26,0.00031622776601683794,16599784.431608967,11970398.41856587,0.9170840330657111,False
3,25-26,0.0005623413251903491,16587774.981340911,11959476.5942532,0.9172039641381372,False
3,25-26,0.001,16567196.607005995,11940335.28686907,0.9174092660512476,False
3,25-26,0.0017782794100389228,16532872.683911871,11907572.916929152,0.9177511345590458,False
3,25-26,0.0031622776601683794,16478099.333474668,11854806.409716843,0.9182952122175385,False
3,25-26,0.005623413251903491,16396506.605385603,11776783.332124911,0.9191023455504713,False
3,25-26,0.01,16286339.493102191,11678536.319944087,0.9201857861552565,False
3,25-26,0.01778279410038923,16154726.944833172,11539681.562794413,0.9214705570619379,False
3,25-26,0.03162277660168379,16015464.033065146,11313138.584762752,0.9228186579154277,False
3,25-26,0.05623413251903491,15879682.95745479,11082754.926635575,0.924121816069589,False
3,25-26,0.1,15751476.979596162,10838965.249478757,0.9253420881274956,False
3,25-26,0.1778279410038923,15630982.91788175,10695618.116848558,0.9264799404490194,False
3,25-26,0.31622776601683794,15513235.297571484,10585432.802359123,0.9275834163313541,False
3,25-26,0.5623413251903491,15387699.2190625,10493681.730494192,0.928750692032334,False
3,25-26,1.0,15247165.807363687,10410629.767217709,0.9300461664288205,False
3,25-26,1.7782794100389228,15097360.975120282,10295678.834412603,0.9314140195474658,False
3,25-26,3.1622776601683795,14956611.31505438,10202286.960386826,0.9326868850300306,False
3,25-26,5.623413251903491,14844299.26000167,10135244.210229658,0.9336940234912462,False
3,25-26,10.0,14767945.141283074,10071432.433957595,0.9343743808198104,False
3,25-26,17.78279410038923,14722027.50954746,10021284.099041013,0.9347818428301978,False
3,25-26,31.622776601683793,14696295.612921987,9986546.895359434,0.9350096267095303,False
3,25-26,56.23413251903491,14682257.227407513,9983190.800826795,0.9351337292971322,False
3,25-26,100.0,14674612.098601995,9981426.73706462,0.9352012641284926,False
3,25-26,177.82794100389228,14670417.795067325,9980342.783222431,0.9352383004363898,False
3,25-26,316.22776601683796,14668097.716008836,9979798.20805976,0.9352587825227344,False
3,25-26,562.341325190349,14666806.275365943,9979591.563022617,0.9352701821957495,False
3,25-26,1000.0,14666084.425541947,9979473.026528072,0.9352765535975237,False
3,25-26,1778.2794100389228,14665679.920503698,9979405.623133233,0.9352801238209528,False
3,25-26,3162.2776601683795,14665452.906391913,9979367.482225543,0.9352821274391379,False
3,25-26,5623.413251903491,14665325.392264212,9979345.958746718,0.9352832528605267,False
3,25-26,10000.0,14665253.731951611,9979333.831355583,0.9352838853198655,False
3,25-26,17782.794100389227,14665213.44902751,9979327.004072117,0.9352842408474006,False
3,25-26,31622.776601683792,14665190.800907899,9979323.1624194,0.9352844407339044,False
3,25-26,56234.13251903491,14665178.066400645,9979321.00134354,0.9352845531252687,False
3,25-26,100000.0,14665170.90572488,9979319.785842253,0.9352846163234402,False
3,25-26,177827.94100389228,14665166.879127715,9979319.102240045,0.9352846518610751,False
3,25-26,316227.7660168379,14665164.614852134,9979318.717798363,0.9352846718449419,False
3,25-26,562341.3251903491,14665163.341571083,9979318.50160336,0.9352846830825652,False
3,25-26,1000000.0,14665162.625557173,9979318.380025579,0.9352846894019038,False
3,25-26,1778279.410038923,14665162.222914428,9979318.31165662,0.9352846929555159,False
3,25-26,3162277.6601683795,14665161.996492237,9979318.273209685,0.9352846949538547,False
3,25-26,5623413.251903491,14665161.86916583,9979318.251589308,0.9352846960776019,False
3,25-26,10000000.0,14665161.797564974,9979318.239431258,0.935284696709531,False
3,25-26,17782794.100389227,14665161.757300869,9979318.232594274,0.9352846970648907,False
3,25-26,31622776.60168379,14665161.734658703,9979318.22874955,0.9352846972647241,False
3,25-26,56234132.51903491,14665161.721926078,9979318.2265875,0.9352846973770986,False
3,25-26,100000000.0,14665161.714766001,9979318.225371696,0.9352846974402915,True
4,10-11,0.0001,20242895.931763474,15565275.899495622,0.9270100552706224,False
4,10-11,0.00017782794100389227,20222510.02132095,15553864.582870621,0.9271569924719051,False
4,10-11,0.00031622776601683794,20187118.61636776,15533780.98628841,0.9274117343889189,False
4,10-11,0.0005623413251903491,20126778.1355142,15498707.371275581,0.9278450270127769,False
4,10-11,0.001,20027034.113886375,15438257.18882867,0.9285584242263449,False
4,10-11,0.0017782794100389228,19870409.891587816,15336303.933930954,0.929671492365156,False
4,10-11,0.0031622776601683794,19643646.123553596,15170072.417463277,0.9312675296255403,False
4,10-11,0.005623413251903491,19351952.00325803,14921497.57191569,0.9332936302533589,False
4,10-11,0.01,19029223.1391207,14642934.561075404,0.9354999773071625,False
4,10-11,0.01778279410038923,18722548.94810816,14291363.79467393,0.9375621846110667,False
4,10-11,0.03162277660168379,18456636.058604702,13831387.427010434,0.9393231750770765,False
4,10-11,0.05623413251903491,18222663.44951907,13285199.703439718,0.9408518100838361,False
4,10-11,0.1,18003933.074831385,12802153.844103899,0.9422632239540258,False
4,10-11,0.1778279410038923,17795044.85572098,12683138.779663881,0.9435952181267557,False
4,10-11,0.31622776601683794,17593098.099233337,12561997.687259126,0.9448681712331095,False
4,10-11,0.5623413251903491,17390706.51990076,12531085.830436282,0.9461293516778685,False
4,10-11,1.0,17185640.148994915,12436056.409274837,0.9473923166319994,False
4,10-11,1.7782794100389228,16987148.69641997,12325447.09439248,0.9486005198356565,False
4,10-11,3.1622776601683795,16810550.284156602,12177013.889977569,0.9496636628214021,False
4,10-11,5.623413251903491,16669138.959031453,12040299.420705523,0.9505069652676548,False
4,10-11,10.0,16567933.444161622,12043132.54299362,0.9511061278608361,False
4,10-11,17.78279410038923,16502274.88385946,12089353.108428515,0.9514928918548632,False
4,10-11,31.622776601683793,16462503.162691876,12118800.846715827,0.9517264216465408,False
4,10-11,56.23413251903491,16439339.51690587,12136769.865049945,0.9518621732245289,False
4,10-11,100.0,16426106.738476487,12147395.784360403,0.9519396387237975,False
4,10-11,177.82794100389228,16418612.578853345,12153552.082317447,0.9519834823275436,False
4,10-11,316.22776601683796,16414384.446935598,12157074.414637862,0.9520082096337068,False
4,10-11,562.341325190349,16412002.990150338,12159074.867889367,0.9520221342599209,False
4,10-11,1000.0,16410662.706589695,12160206.146265266,0.9520299701491879,False
4,10-11,1778.2794100389228,16409908.684974542,12160844.336156908,0.9520343782110768,False
4,10-11,3162.2776601683795,16409484.56849427,12161203.860792203,0.9520368575360011,False
4,10-11,5623.413251903491,16409246.039648645,12161406.240679,0.9520382519137228,False
4,10-11,10000.0,16409111.895458655,12161520.111982435,0.952039036076936,False
4,10-11,17782.794100389227,16409036.4576346,12161584.167012082,0.9520394770590518,False
4,10-11,31622.776601683792,16408994.03488302,12161620.194285514,0.9520397250461564,False
4,10-11,56234.13251903491,16408970.17851833,12161640.45596101,0.9520398645010157,False
4,10-11,100000.0,16408956.76300438,12161651.850587104,0.952039942922708,False
4,10-11,177827.94100389228,16408949.218876712,12161658.258461386,0.952039987022612,False
4,10-11,316227.7660168379,16408944.976492539,12161661.86193876,0.9520400118218568,False
4,10-11,562341.3251903491,16408942.590821631,12161663.888343528,0.9520400257675116,False
4,10-11,1000000.0,16408941.249259349,12161665.027881151,0.9520400336097341,False
4,10-11,1778279.410038923,16408940.494843148,12161665.668692298,0.9520400380197414,False
4,10-11,3162277.6601683795,16408940.070603639,12161666.029047547,0.9520400404996712,False
4,10-11,5623413.251903491,16408939.832036199,12161666.231690388,0.9520400418942383,False
4,10-11,10000000.0,16408939.697879866,12161666.345644908,0.9520400426784611,False
4,10-11,17782794.100389227,16408939.62243821,12161666.409726262,0.952040043119462,False
4,10-11,31622776.60168379,16408939.580014253,12161666.445761863,0.952040043367455,False
4,10-11,56234132.51903491,16408939.556157501,12161666.466026174,0.9520400435069117,False
4,10-11,100000000.0,16408939.542741874,12161666.477421634,0.952040043585334,True
4,11-12,0.0001,23481246.817768384,18389741.25888161,0.9030528849633386,False
4,11-12,0.00017782794100389227,23442971.462819822,18357224.595774043,0.9033686825857281,False
4,11-12,0.00031622776601683794,23376334.035523027,18300264.028866537,0.9039172572824183,False
4,11-12,0.0005623413251903491,23262136.6460518,18202484.11719517,0.9048537255373342,False
4,11-12,0.001,23071593.0127946,18037122.199452974,0.9064060563754339,False
4,11-12,0.0017782794100389228,22767213.810226467,17764912.367040664,0.9088593010350655,False
4,11-12,0.0031622776601683794,22312516.04087892,17338238.824954513,0.9124634000282246,False
4,11-12,0.005623413251903491,21694461.75497215,16714813.420754269,0.9172457433348283,False
4,11-12,0.01,20947231.540850412,16062619.649405712,0.9228482379663546,False
4,11-12,0.01778279410038923,20147734.00031057,15270444.055981403,0.9286251843312311,False
4,11-12,0.03162277660168379,19374068.35047883,14413379.415138721,0.9340014737471616,False
4,11-12,0.05623413251903491,18669651.059074905,13859560.158559334,0.9387134767734452,False
4,11-12,0.1,18049641.238723904,13296192.906637143,0.9427164755133369,False
4,11-12,0.1778279410038923,17524620.391219374,12884642.864026586,0.946000489712063,False
4,11-12,0.31622776601683794,17104775.213088986,12489420.106748493,0.9485568770879165,False
4,11-12,0.5623413251903491,16787826.842193767,12168227.610833637,0.9504456772834031,False
4,11-12,1.0,16554365.536754528,11907214.480051823,0.9518143564142467,False
4,11-12,1.7782794100389228,16379595.218714474,11659833.898230426,0.9528264116661556,False
4,11-12,3.1622776601683795,16249684.690374853,11451041.881954942,0.9535717344909086,False
4,11-12,5.623413251903491,16163747.435713157,11348449.136089018,0.954061512269948,False
4,11-12,10.0,16119351.142209804,11392040.717651786,0.954313520375055,False
4,11-12,17.78279410038923,16104272.601675224,11493310.13996748,0.954398953495339,False
4,11-12,31.622776601683793,16103580.580873549,11564152.370405836,0.9544028724795143,True
4,11-12,56.23413251903491,16107333.38752666,11609903.503483687,0.9543816179341181,False
4,11-12,100.0,16111216.67784382,11637879.260425124,0.9543596191623254,False
4,11-12,177.82794100389228,16114068.342544487,11654404.702908462,0.9543434611546655,False
4,11-12,316.22776601683796,16115905.453840991,11663965.19365723,0.9543330502611892,False
4,11-12,562.341325190349,16117016.712306572,11669429.234612884,0.9543267521931998,False
4,11-12,1000.0,16117667.151359804,11672530.23795165,0.954323065622161,False
4,11-12,1778.2794100389228,16118041.142759096,11674283.131560883,0.9543209458391135,False
4,11-12,3162.2776601683795,16118254.080660943,11675271.743962172,0.9543197388852267,False
4,11-12,5623.413251903491,16118374.66001957,11675828.598256694,0.9543190554219729,False
4,11-12,10000.0,16118442.731870096,11676142.030937709,0.9543186695774863,False
4,11-12,17782.794100389227,16118481.09546857,11676318.37906083,0.9543184521244317,False
4,11-12,31622.776601683792,16118502.695490753,11676417.576002376,0.9543183296906735,False
4,11-12,56234.13251903491,16118514.850487772,11676473.367749019,0.9543182607933589,False
4,11-12,100000.0,16118521.68840585,11676504.744665919,0.9543182220344459,False
4,11-12,177827.94100389228,16118525.53449138,11676522.390123961,0.9543182002339299,False
4,11-12,316227.7660168379,16118527.697570385,11676532.313185483,0.9543181879730877,False
4,11-12,562341.3251903491,16118528.914043276,11676537.893425168,0.9543181810778316,False
4,11-12,1000000.0,16118529.598142872,11676541.031453662,0.9543181772001931,False
4,11-12,1778279.410038923,16118529.982848769,11676542.796105992,0.9543181750195888,False
4,11-12,3162277.6601683795,16118530.199187452,11676543.788445828,0.9543181737933298,False
4,11-12,5623413.251903491,16118530.32084447,11676544.346480444,0.954318173103749,False
4,11-12,10000000.0,16118530.389257513,11676544.660286665,0.9543181727159676,False
4,11-12,17782794.100389227,16118530.427729074,11676544.836752962,0.9543181724979017,False
4,11-12,31622776.60168379,16118530.449363254,11676544.935987294,0.954318172375274,False
4,11-12,56234132.51903491,16118530.461529048,11676544.991790857,0.9543181723063154,False
4,11-12,100000000.0,16118530.468370387,11676545.02317151,0.9543181722675371,False
4,12-13,0.0001,21657408.12281487,17056309.809562866,0.9178756981499273,False
4,12-13,0.00017782794100389227,21599194.07131741,17017120.778923932,0.9183165969913454,False
4,12-13,0.00031622776601683794,21497873.508213144,16948509.368208576,0.9190811437383912,False
4,12-13,0.0005623413251903491,21324364.617362544,16829784.531895816,0.9203820614454589,False
4,12-13,0.001,21035390.691345524,16636397.548971916,0.9225253015652133,False
4,12-13,0.0017782794100389228,20575987.13486274,16330140.804599967,0.9258723745193062,False
4,12-13,0.0031622776601683794,19898043.108590916,15855399.233264346,0.9306766623586783,False
4,12-13,0.005623413251903491,19003015.082819134,15175182.816754,0.9367728282816591,False
4,12-13,0.01,17986601.54433782,14295235.46125476,0.9433556031219065,False
4,12-13,0.01778279410038923,17020519.440879293,13278974.851171304,0.9492770680543025,False
4,12-13,0.03162277660168379,16252530.7886969,12403015.301546635,0.9537511728044489,False
4,12-13,0.05623413251903491,15726044.034261754,11624087.162872855,0.9566990221439077,False
4,12-13,0.1,15394026.647842012,11085283.52694164,0.9585081119669419,False
4,12-13,0.1778279410038923,15177928.445815738,10782297.70016613,0.9596648448874424,False
4,12-13,0.31622776601683794,15009346.10709687,10763631.811024323,0.9605558797742767,False
4,12-13,0.5623413251903491,14843869.690914027,10822062.309867334,0.9614208197228766,False
4,12-13,1.0,14663017.569949837,10824482.878868368,0.9623551614249506,False
4,12-13,1.7782794100389228,14472228.714005902,10725523.98659522,0.9633284249028943,False
4,12-13,3.1622776601683795,14292042.361504605,10601364.576554714,0.9642358984958621,False
4,12-13,5.623413251903491,14144370.9512859,10470601.872692417,0.9649711399231375,False
4,12-13,10.0,14039928.403257927,10352855.943241902,0.9654865387560168,False
4,12-13,17.78279410038923,13974749.429327263,10360099.721864415,0.9658062455615373,False
4,12-13,31.622776601683793,13937286.89490091,10397767.046130702,0.9659893283025945,False
4,12-13,56.23413251903491,13916571.608352134,10421647.867335284,0.9660903547402687,False
4,12-13,100.0,13905224.863552582,10436111.255660266,0.9661456280137375,False
4,12-13,177.82794100389228,13898987.054695105,10444611.377611589,0.9661759949782501,False
4,12-13,316.22776601683796,13895534.668053295,10449515.338441072,0.9661927960645289,False
4,12-13,562.341325190349,13893612.786673646,10452313.780765923,0.9662021471178103,False
4,12-13,1000.0,13892538.594617065,10453900.628802314,0.9662073731136931,False
4,12-13,1778.2794100389228,13891936.677388303,10454797.19499802,0.9662103012932407,False
4,12-13,3162.2776601683795,13891598.885666765,10455302.71376333,0.9662119445114604,False
4,12-13,5623.413251903491,13891409.152302405,10455587.414078072,0.9662128674689567,False
4,12-13,10000.0,13891302.527650835,10455747.647912495,0.9662133861387863,False
4,12-13,17782.794100389227,13891242.590494592,10455837.796789277,0.9662136776980811,False
4,12-13,31622.776601683792,13891208.892417025,10455888.504762648,0.9662138416190149,False
4,12-13,56234.13251903491,13891189.944831071,10455917.024233295,0.9662139337874804,False
4,12-13,100000.0,13891179.290527847,10455933.063264484,0.9662139856141212,False
4,12-13,177827.94100389228,13891173.29939663,10455942.08310286,0.9662140147572772,False
4,12-13,316227.7660168379,13891169.930406732,10455947.155466182,0.9662140311453283,False
4,12-13,562341.3251903491,13891168.03590688,10455950.00790853,0.966214040360896,False
4,12-13,1000000.0,13891166.970558397,10455951.61196829,0.9662140455431556,False
4,12-13,1778279.410038923,13891166.371471161,10455952.514001666,0.9662140484573433,False
4,12-13,3162277.6601683795,13891166.034580352,10455953.021253655,0.966214050096108,False
4,12-13,5623413.251903491,13891165.845132954,10455953.306502845,0.9662140510176519,False
4,12-13,10000000.0,13891165.738598922,10455953.466910392,0.9662140515358738,False
4,12-13,17782794.100389227,13891165.678690452,10455953.557114212,0.9662140518272914,False
4,12-13,31622776.60168379,13891165.645001465,10455953.607839577,0.9662140519911674,False
4,12-13,56234132.51903491,13891165.626056753,10455953.636364546,0.9662140520833217,False
4,12-13,100000000.0,13891165.615403354,10455953.652405316,0.9662140521351438,True
4,13-14,0.0001,20021631.159312658,14276812.056000808,0.9293758973411361,False
4,13-14,0.00017782794100389227,20011725.16602526,14259597.931938797,0.92944576465736,False
4,13-14,0.00031622776601683794,19994738.064303312,14229474.481796332,0.9295654947935515,False
4,13-14,0.0005623413251903491,19966394.72834827,14177383.9647475,0.9297650406826309,False
4,13-14,0.001,19921267.296346173,14089083.82640683,0.9300821676917063,False
4,13-14,0.0017782794100389228,19854798.269596137,13944106.084815197,0.9305479630671809,False
4,13-14,0.0031622776601683794,19768216.047881145,13738086.332851416,0.9311523711545641,False
4,13-14,0.005623413251903491,19673497.11038246,13542927.781726046,0.9318105540894369,False
4,13-14,0.01,19586777.40536001,13355146.811238497,0.9324103799056886,False
4,13-14,0.01778279410038923,19501574.980857927,13359426.537819663,0.932997130242794,False
4,13-14,0.03162277660168379,19366150.264890257,13278610.711220862,0.933924474714384,False
4,13-14,0.05623413251903491,19110356.68555654,13028626.364897288,0.9356584356420288,False
4,13-14,0.1,18714077.631924577,12711930.226850586,0.9382991874671387,False
4,13-14,0.1778279410038923,18235462.133475114,12494718.290693317,0.941414845760743,False
4,13-14,0.31622776601683794,17759569.244217098,12325848.578722334,0.9444327524100623,False
4,13-14,0.5623413251903491,17338393.909143224,12207083.44946608,0.9470370995595198,False
4,13-14,1.0,16983217.212479617,12050601.110219466,0.9491847626813215,False
4,13-14,1.7782794100389228,16688381.17693049,11879076.937550267,0.9509337969776557,False
4,13-14,3.1622776601683795,16449728.35265176,11683719.366808398,0.9523271088480831,False
4,13-14,5.623413251903491,16267521.792853404,11512260.103993079,0.9533773640291511,False
4,13-14,10.0,16139810.391024105,11367827.759561725,0.9541065309905968,False
4,13-14,17.78279410038923,16057674.127343448,11332843.563728275,0.9545724505215201,False
4,13-14,31.622776601683793,16008132.755078038,11362490.052750824,0.954852325604002,False
4,13-14,56.23413251903491,15979356.37209167,11381522.201485034,0.9550144955551785,False
4,13-14,100.0,15962947.653232144,11392894.744351137,0.9551068366337202,False
4,13-14,177.82794100389228,15953666.388241215,11399526.048705509,0.9551590255182046,False
4,13-14,316.22776601683796,15948434.098335503,11403334.598107863,0.9551884334923172,False
4,13-14,562.341325190349,15945488.456159856,11405502.364411367,0.9552049851674841,False
4,13-14,1000.0,15943831.11027803,11406729.801315429,0.9552142965128634,False
4,13-14,1778.2794100389228,15942898.864027483,11407422.731114654,0.9552195336585972,False
4,13-14,3162.2776601683795,15942374.548998797,11407813.250841623,0.9552224790056908,False
4,13-14,5623.413251903491,15942079.682408359,11408033.128126921,0.9552241353803795,False
4,13-14,10000.0,15941913.859769365,11408156.8603738,0.95522506685401,False
4,13-14,17782.794100389227,15941820.608673364,11408226.46740847,0.9552255906680782,False
4,13-14,31622.776601683792,15941768.169046639,11408265.618952679,0.9552258852328596,False
4,13-14,56234.13251903491,15941738.679862797,11408287.638214627,0.9552260508795891,False
4,13-14,100000.0,15941722.096808372,11408300.021419285,0.9552261440298362,False
4,13-14,177827.94100389228,15941712.771450201,11408306.985280162,0.9552261964121471,False
4,13-14,316227.7660168379,15941707.527409172,11408310.901433306,0.9552262258689098,False
4,13-14,562341.3251903491,15941704.578466052,11408313.103675367,0.9552262424336725,False
4,13-14,1000000.0,15941702.920152795,11408314.342095722,0.9552262517487254,False
4,13-14,1778279.410038923,15941701.98761451,11408315.038513403,0.9552262569869655,False
4,13-14,3162277.6601683795,15941701.463209623,11408315.430138713,0.9552262599326447,False
4,13-14,5623413.251903491,15941701.168315068,11408315.650366079,0.9552262615891217,False
4,13-14,10000000.0,15941701.00248367,11408315.774209112,0.9552262625206274,False
4,13-14,17782794.100389227,15941700.909229808,11408315.843851192,0.9552262630444515,False
4,13-14,31622776.60168379,15941700.856789315,11408315.88301383,0.9552262633390194,False
4,13-14,56234132.51903491,15941700.827299854,11408315.90503659,0.9552262635046671,False
4,13-14,100000000.0,15941700.810716717,11408315.917420907,0.9552262635978177,True
4,14-15,0.0001,20734103.064882357,16264852.080128375,0.9242220654125216,False
4,14-15,0.00017782794100389227,20724214.94820413,16254602.485070886,0.9242943253395839,False
4,14-15,0.00031622776601683794,20706767.179114357,16236462.520647112,0.9244217452781515,False
4,14-15,0.0005623413251903491,20676163.839093745,16204475.613412576,0.9246449803017597,False
4,14-15,0.001,20623046.203041606,16154580.313985474,0.9250316612203036,False
4,14-15,0.0017782794100389228,20532517.682626404,16071493.902762081,0.9256883902844177,False
4,14-15,0.0031622776601683794,20382964.55789554,15930189.379098667,0.9267669778858948,False
4,14-15,0.005623413251903491,20148359.18029193,15750720.8536492,0.9284430820635811,False
4,14-15,0.01,19809266.103142213,15465979.121737478,0.930831392911031,False
4,14-15,0.01778279410038923,19374682.735497702,15039070.847205859,0.9338329980460525,False
4,14-15,0.03162277660168379,18899007.939991552,14475419.06572939,0.9370420942788549,False
4,14-15,0.05623413251903491,18462096.68818001,13831072.79825777,0.9399193946081966,False
4,14-15,0.1,18116580.10433876,13268863.48773497,0.9421471584266814,False
4,14-15,0.1778279410038923,17860288.292075902,13052699.796958905,0.9437724464964782,False
4,14-15,0.31622776601683794,17657143.614701446,12915324.341639869,0.9450442477896567,False
4,14-15,0.5623413251903491,17472575.630757887,12851734.866274308,0.9461871348225815,False
4,14-15,1.0,17292462.903892074,12756690.02585467,0.9472908559971305,False
4,14-15,1.7782794100389228,17120698.476227235,12618897.313852035,0.9483327656357164,False
4,14-15,3.1622776601683795,16968634.2455689,12499750.3495316,0.9492464955160962,False
4,14-15,5.623413251903491,16846961.170810856,12371724.487509124,0.9499717389070179,False
4,14-15,10.0,16760054.082364973,12353612.063194998,0.9504865612674698,False
4,14-15,17.78279410038923,16704026.620354516,12392865.402661745,0.9508170465369116,False
4,14-15,31.622776601683793,16670419.910246737,12418045.045762,0.9510147491137713,False
4,14-15,56.23413251903491,16651048.206795368,12433497.795773275,0.9511285286601191,False
4,14-15,100.0,16640076.099012787,12442671.202249993,0.9511929145623043,False
4,14-15,177.82794100389228,16633899.951425001,12447998.699322356,0.9512291384136683,False
4,14-15,316.22776601683796,16630429.094927622,12451051.145979756,0.9512494895040972,False
4,14-15,562.341325190349,16628478.839500679,12452786.151593711,0.9512609228077511,False
4,14-15,1000.0,16627382.780988345,12453767.773826016,0.9512673478235747,False
4,14-15,1778.2794100389228,16626766.657441359,12454321.684305582,0.9512709593093531,False
4,14-15,3162.2776601683795,16626420.265562408,12454633.776669817,0.9512729896702146,False
4,14-15,5623.413251903491,16626225.501317894,12454809.471258542,0.9512741312537446,False
4,14-15,10000.0,16626115.985801298,12454908.3324661,0.951274773157839,False
4,14-15,17782.794100389227,16626054.403409066,12454963.945480881,0.9512751341093056,False
4,14-15,31622.776601683792,16626019.773947062,12454995.225075407,0.9512753370815916,False
4,14-15,56234.13251903491,16626000.300643086,12455012.816813082,0.9512754512195067,False
4,14-15,100000.0,16625989.350086223,12455022.709984278,0.9512755154034063,False
4,14-15,177827.94100389228,16625983.192163007,12455028.273516247,0.9512755514964859,False
4,14-15,316227.7660168379,16625979.729316989,12455031.402181206,0.9512755717930594,False
4,14-15,562341.3251903491,16625977.782018324,12455033.161578117,0.9512755832066435,False
4,14-15,1000000.0,16625976.686972674,12455034.150965797,0.9512755896249678,False
4,14-15,1778279.410038923,16625976.071183527,12455034.7073413,0.951275593234255,False
4,14-15,3162277.6601683795,16625975.724899935,12455035.020214863,0.9512755952639058,False
4,14-15,5623413.251903491,16625975.530170381,12455035.196156777,0.9512755964052622,False
4,14-15,10000000.0,16625975.420665916,12455035.29509626,0.9512755970470939,False
4,14-15,17782794.100389227,16625975.35908704,12455035.350734033,0.9512755974080224,False
4,14-15,31622776.60168379,16625975.324458681,12455035.382021453,0.9512755976109875,False
4,14-15,56234132.51903491,16625975.304985734,12455035.399615671,0.951275597725123,False
4,14-15,100000000.0,16625975.294035286,12455035.40950962,0.9512755977893063,True
4,15-16,0.0001,18097566.352729768,12640884.575559536,0.9434928489164118,False
4,15-16,0.00017782794100389227,18090381.10525975,12636261.454811053,0.943537709894528,False
4,15-16,0.00031622776601683794,18077715.123530105,12628042.61981019,0.9436167463697077,False
4,15-16,0.0005623413251903491,18055537.134670485,12613436.617627714,0.9437550050066211,False
4,15-16,0.001,18017155.850456506,12587502.782923799,0.9439938747396979,False
4,15-16,0.0017782794100389228,17952059.047802806,12541561.31308348,0.9443978489804267,False
4,15-16,0.0031622776601683794,17845336.094132423,12477802.713240415,0.9450569808623521,False
4,15-16,0.005623413251903491,17679756.122181952,12371482.335719446,0.9460718407223083,False
4,15-16,0.01,17443796.831011605,12187889.086980997,0.9475017173935966,False
4,15-16,0.01778279410038923,17146264.469145868,11888466.939941818,0.9492773315477816,False
4,15-16,0.03162277660168379,16827634.05820436,11490565.842992075,0.9511449822946519,False
4,15-16,0.05623413251903491,16550576.968034921,11172161.806411019,0.952740477052447,False
4,15-16,0.1,16368657.056710599,10925776.891528448,0.9537736975512646,False
4,15-16,0.1778279410038923,16295170.911904264,10931503.774382245,0.95418782651029,False
4,15-16,0.31622776601683794,16293808.636931539,11036268.794498855,0.9541954859781219,False
4,15-16,0.5623413251903491,16302868.918296032,11156824.9546978,0.9541445320021286,False
4,15-16,1.0,16276459.003920682,11245129.81461704,0.9542929792570489,False
4,15-16,1.7782794100389228,16205414.5916896,11251965.012836093,0.9546911176456575,False
4,15-16,3.1622776601683795,16108493.43904187,11191159.80113728,0.9552314626141973,False
4,15-16,5.623413251903491,16012589.92670339,11098250.766787421,0.9557629436274883,False
4,15-16,10.0,15936463.710585944,11060796.28361255,0.9561825627766862,False
4,15-16,17.78279410038923,15884831.39401491,11067606.072791528,0.9564660297841087,False
4,15-16,31.622776601683793,15853134.089948762,11104734.916079668,0.9566395957087751,False
4,15-16,56.23413251903491,15834678.488949347,11127718.614862977,0.9567404939300063,False
4,15-16,100.0,15824181.426879905,11141438.265491785,0.9567978297586182,False
4,15-16,177.82794100389228,15818262.471145391,11149432.925381374,0.9568301428246214,False
4,15-16,316.22776601683796,15814933.72111393,11154022.690523861,0.9568483099960929,False
4,15-16,562.341325190349,15813062.70669007,11156634.518028267,0.9568585196700555,False
4,15-16,1000.0,15812011.020631254,11158113.19954511,0.956864257936639,False
4,15-16,1778.2794100389228,15811419.794584788,11158947.903732376,0.9568674836487154,False
4,15-16,3162.2776601683795,15811087.387037313,11159418.304666247,0.956869297201635,False
4,15-16,5623.413251903491,15810900.48167053,11159683.151828883,0.9568703169053381,False
4,15-16,10000.0,15810795.383942572,11159832.18813904,0.9568708902840195,False
4,15-16,17782.794100389227,15810736.28535957,11159916.029646188,0.9568712127048017,False
4,15-16,31622.776601683792,15810703.052490158,11159963.187389383,0.9568713940109501,False
4,15-16,56234.13251903491,15810684.36449875,11159989.709363554,0.9568714959654981,False
4,15-16,100000.0,15810673.855540061,11160004.624786127,0.9568715532983125,False
4,15-16,177827.94100389228,15810667.945940861,11160013.012667388,0.9568715855387836,False
4,15-16,316227.7660168379,15810664.62273614,11160017.729621695,0.9568716036688887,False
4,15-16,562341.3251903491,15810662.753963044,11160020.382192308,0.9568716138641821,False
4,15-16,1000000.0,15810661.703075422,11160021.87385259,0.9568716195974124,False
4,15-16,1778279.410038923,15810661.11211812,11160022.712678041,0.9568716228214432,False
4,15-16,3162277.6601683795,15810660.77979847,11160023.18438528,0.9568716246344486,False
4,15-16,5623413.251903491,15810660.592921425,11160023.44964608,0.9568716256539763,False
4,15-16,10000000.0,15810660.48783275,11160023.598813288,0.9568716262272988,False
4,15-16,17782794.100389227,15810660.428737035,11160023.6826962,0.9568716265497018,False
4,15-16,31622776.60168379,15810660.39550508,11160023.72986704,0.9568716267310023,False
4,15-16,56234132.51903491,15810660.37681738,11160023.756393164,0.9568716268329551,False
4,15-16,100000000.0,15810660.366308512,11160023.771309892,0.9568716268902873,True
4,16-17,0.0001,21734647.032675616,16601867.423762195,0.9163964918279127,False
4,16-17,0.00017782794100389227,21706145.275565226,16583744.519272303,0.9166156151939621,False
4,16-17,0.00031622776601683794,21656405.38742739,16551847.014271922,0.9169973299446149,False
4,16-17,0.0005623413251903491,21570817.44269072,16496139.3984486,0.9176521006649996,False
4,16-17,0.001,21427039.23443366,16400133.497923994,0.9187462061448884,False
4,16-17,0.0017782794100389228,21194891.57827744,16238307.630290883,0.9204973295037474,False
4,16-17,0.0031622776601683794,20842683.086704593,15993513.551113736,0.923117664350293,False
4,16-17,0.005623413251903491,20354799.958536137,15649707.477903668,0.9266748440212361,False
4,16-17,0.01,19756334.36644437,15154812.927781392,0.930923224928683,False
4,16-17,0.01778279410038923,19124212.710619062,14501410.954536425,0.9352728553200044,False
4,16-17,0.03162277660168379,18565169.54882019,13950607.060281502,0.9390017805660877,False
4,16-17,0.05623413251903491,18163263.74470986,13436616.09728283,0.9416142186101668,False
4,16-17,0.1,17924659.403835647,12991195.133286558,0.9431381294137263,False
4,16-17,0.1778279410038923,17775286.07270599,12895859.575575002,0.9440818858734918,False
4,16-17,0.31622776601683794,17629394.65442374,12788225.4749368,0.9449960196307593,False
4,16-17,0.5623413251903491,17452204.128799174,12714599.974123409,0.9460961374318616,False
4,16-17,1.0,17255461.987165447,12563025.455095995,0.947304624823778,False
4,16-17,1.7782794100389228,17062616.85430828,12380106.913041854,0.9484758785033712,False
4,16-17,3.1622776601683795,16891918.683567077,12212061.015841039,0.949501639022959,False
4,16-17,5.623413251903491,16755255.220314156,12075554.616732856,0.9503154439844291,False
4,16-17,10.0,16656961.791001061,12024310.169127274,0.95089667542555,False
4,16-17,17.78279410038923,16592835.087052032,12056341.487993887,0.951274027926786,False
4,16-17,31.622776601683793,16553845.486740967,12077060.283275252,0.9515027500345651,False
4,16-17,56.23413251903491,16531096.121978782,12089829.017521074,0.9516359545555129,False
4,16-17,100.0,16518091.348869925,12097425.239722295,0.9517120192078256,False
4,16-17,177.82794100389228,16510725.058628824,12101841.651451489,0.9517550779318285,False
4,16-17,316.22776601683796,16506569.04185285,12104373.567617197,0.9517793629307448,False
4,16-17,562.341325190349,16504228.274041671,12105813.163199216,0.9517930381301901,False
4,16-17,1000.0,16502910.928322839,12106627.792813972,0.9518007334552099,False
4,16-17,1778.2794100389228,16502169.826173518,12107087.517374534,0.9518050623615621,False
4,16-17,3162.2776601683795,16501752.981830653,12107346.556219753,0.9518074971363326,False
4,16-17,5623.413251903491,16501518.544705814,12107492.388400726,0.9518088664492254,False
4,16-17,10000.0,16501386.702201769,12107574.447797561,0.9518096365134253,False
4,16-17,17782.794100389227,16501312.558948392,12107620.60962765,0.9518100695657945,False
4,16-17,31622.776601683792,16501270.864263019,12107646.573534176,0.9518103130932645,False
4,16-17,56234.13251903491,16501247.41734405,12107661.175757278,0.9518104500401566,False
4,16-17,100000.0,16501234.232085953,12107669.387711218,0.951810527051474,False
4,16-17,177827.94100389228,16501226.817443062,12107674.005796866,0.951810570358253,False
4,16-17,316227.7660168379,16501222.647874312,12107676.602789331,0.9518105947114864,False
4,16-17,562341.3251903491,16501220.303150754,12107678.063201975,0.9518106084063294,False
4,16-17,1000000.0,16501218.984614944,12107678.884457557,0.9518106161075096,False
4,16-17,1778279.410038923,16501218.243147487,12107679.346285155,0.9518106204382029,False
4,16-17,3162277.6601683795,16501217.826189619,12107679.605990423,0.951810622873531,False
4,16-17,5623413.251903491,16501217.591716938,12107679.752033584,0.9518106242430169,False
4,16-17,10000000.0,16501217.45986327,12107679.834159756,0.9518106250131353,False
4,16-17,17782794.100389227,16501217.385716494,12107679.880342703,0.9518106254462049,False
4,16-17,31622776.60168379,16501217.344020685,12107679.906313287,0.9518106256897377,False
4,16-17,56234132.51903491,16501217.32057342,12107679.920917625,0.9518106258266863,False
4,16-17,100000000.0,16501217.30738805,12107679.929130245,0.9518106259036981,True
4,17-18,0.0001,20219036.967636496,15619624.58755911,0.9280798174037505,False
4,17-18,0.00017782794100389227,20208848.58731955,15610360.326500535,0.9281522803561042,False
4,17-18,0.00031622776601683794,20190892.243048817,15593971.867626654,0.9282799025926288,False
4,17-18,0.0005623413251903491,20159462.43372084,15565097.059655515,0.9285030125491405,False
4,17-18,0.001,20105108.93156607,15514579.546862952,0.9288880300415018,False
4,17-18,0.0017782794100389228,20013056.39948809,15427268.087069498,0.9295377207437863,False
4,17-18,0.0031622776601683794,19862598.583192177,15281348.71058774,0.9305932066356853,False
4,17-18,0.005623413251903491,19630632.090338986,15091849.744127652,0.9322048827404239,False
4,17-18,0.01,19304064.977872275,14793095.625391671,0.934441744241759,False
4,17-18,0.01778279410038923,18900099.54090123,14474337.604033789,0.9371568375794123,False
4,17-18,0.03162277660168379,18474763.823056135,14028115.645631114,0.9399535081784399,False
4,17-18,0.05623413251903491,18096204.021199994,13470536.599519247,0.9423890792011287,False
4,17-18,0.1,17804616.537204694,12998932.10561674,0.944230712259955,False
4,17-18,0.1778279410038923,17600207.676364318,12797409.19569468,0.9455038987133039,False
4,17-18,0.31622776601683794,17453859.11798012,12671854.610737355,0.9464064184485642,False
4,17-18,0.5623413251903491,17327573.398301445,12605933.673139911,0.9471791551812061,False
4,17-18,1.0,17197375.731911715,12534553.194610594,0.947969954153538,False
4,17-18,1.7782794100389228,17061141.954177238,12417336.57368496,0.9487910298855847,False
4,17-18,3.1622776601683795,16930713.441098474,12328871.164689235,0.9495709987429585,False
4,17-18,5.623413251903491,16820598.77721863,12227509.154430758,0.9502248299849793,False
4,17-18,10.0,16739074.654611733,12220196.16302982,0.95070614976358,False
4,17-18,17.78279410038923,16685106.122996682,12256593.48702617,0.9510234944435838,False
4,17-18,31.622776601683793,16652039.911656413,12279064.88859823,0.9512174234191972,False
4,17-18,56.23413251903491,16632660.827151649,12292483.488162398,0.9513309003972561,False
4,17-18,100.0,16621552.5910893,12300309.739515385,0.9513958866699813,False
4,17-18,177.82794100389228,16615250.10900083,12304806.169036634,0.9514327386398896,False
4,17-18,316.22776601683796,16611690.754344955,12307366.158299735,0.9514535447776994,False
4,17-18,562.341325190349,16609684.875067238,12308815.934757303,0.9514652681417698,False
4,17-18,1000.0,16608555.620806769,12309634.469626699,0.9514718674469351,False
4,17-18,1778.2794100389228,16607920.212238181,12310095.80618058,0.9514755805454249,False
4,17-18,3162.2776601683795,16607562.778138844,12310355.56525922,0.9514776691989469,False
4,17-18,5623.413251903491,16607361.741573911,12310501.74327961,0.9514788439292545,False
4,17-18,10000.0,16607248.678937333,12310583.97839301,0.951479504589418,False
4,17-18,17782.794100389227,16607185.09553673,12310630.23309345,0.9514798761250349,False
4,17-18,31622.776601683792,16607149.338825487,12310656.247344134,0.9514800850608878,False
4,17-18,56234.13251903491,16607129.230989981,12310670.87728281,0.951480202556053,False
4,17-18,100000.0,16607117.92340967,12310679.104634153,0.9514802686290403,False
4,17-18,177827.94100389228,16607111.564654117,12310683.73131889,0.9514803057848014,False
4,17-18,316227.7660168379,16607107.988851758,12310686.333128138,0.9514803266790812,False
4,17-18,562341.3251903491,16607105.978026731,12310687.79624351,0.9514803384288172,False
4,17-18,1000000.0,16607104.84725559,12310688.619017074,0.9514803450361853,False
4,17-18,1778279.410038923,16607104.21137589,12310689.08169769,0.9514803487517833,False
4,17-18,3162277.6601683795,16607103.853794344,12310689.341882454,0.9514803508412183,False
4,17-18,5623413.251903491,16607103.652711425,12310689.488195213,0.9514803520161941,False
4,17-18,10000000.0,16607103.539634181,12310689.570472954,0.9514803526769315,False
4,17-18,17782794.100389227,16607103.476046165,12310689.616741138,0.9514803530484917,False
4,17-18,31622776.60168379,16607103.440287998,12310689.642759647,0.9514803532574352,False
4,17-18,56234132.51903491,16607103.420179708,12310689.657390935,0.9514803533749328,False
4,17-18,100000000.0,16607103.408871975,12310689.665618708,0.9514803534410066,True
4,18-19,0.0001,18934369.7892305,14541775.094770193,0.9367809185711038,False
4,18-19,0.00017782794100389227,18927156.104953017,14533964.686986415,0.9368290802608207,False
4,18-19,0.00031622776601683794,18914444.114442512,14520141.8223467,0.936913906365714,False
4,18-19,0.0005623413251903491,18892199.025979776,14495767.967307588,0.937062208952759,False
4,18-19,0.001,18853746.328356232,14453066.292258788,0.9373181521504583,False
4,18-19,0.0017782794100389228,18788679.106120247,14385277.27552059,0.9377500552666821,False
4,18-19,0.0031622776601683794,18682512.0376887,14293190.133838573,0.9384515651534636,False
4,18-19,0.005623413251903491,18519429.16439702,14139316.564782236,0.9395214090872057,False
4,18-19,0.01,18291680.841817338,13906768.170260893,0.9409997703433217,False
4,18-19,0.01778279410038923,18014847.978794113,13574323.34762134,0.9427721177137648,False
4,18-19,0.03162277660168379,17733035.213130265,13143762.4109378,0.9445485860220282,False
4,18-19,0.05623413251903491,17492926.737216357,12636876.245968472,0.9460400639292398,False
4,18-19,0.1,17306080.457541265,12355136.774775987,0.9471866265541484,False
4,18-19,0.1778279410038923,17146818.363856077,12175292.01744149,0.9481542016049501,False
4,18-19,0.31622776601683794,16981929.360845346,12000283.275915543,0.9491465370798344,False
4,18-19,0.5623413251903491,16796021.014078867,11942828.002621712,0.9502538711288497,False
4,18-19,1.0,16596698.5682832,11891996.809575293,0.9514275640087431,False
4,18-19,1.7782794100389228,16403654.433590766,11780422.419868436,0.952550931025406,False
4,18-19,3.1622776601683795,16236216.60696703,11639818.059590247,0.9535146457270687,False
4,18-19,5.623413251903491,16107058.193987768,11557712.394903235,0.9542512821058659,False
4,18-19,10.0,16018908.187457565,11568911.224271864,0.9547506550644786,False
4,18-19,17.78279410038923,15964860.745637074,11629171.258168243,0.9550554805357246,False
4,18-19,31.622776601683793,15933999.65152052,11668393.439647617,0.9552290738356286,False
4,18-19,56.23413251903491,15916947.989332618,11692681.663079586,0.9553248451726177,False
4,18-19,100.0,15907594.558093168,11707179.816593146,0.9553773355384515,False
4,18-19,177.82794100389228,15902443.481340092,11715627.456826773,0.9554062296058498,False
4,18-19,316.22776601683796,15899588.556328058,11720476.954650423,0.9554222397797129,False
4,18-19,562.341325190349,15897997.767482478,11723236.460300783,0.9554311595396081,False
4,18-19,1000.0,15897108.109916221,11724798.706496412,0.9554361475761235,False
4,18-19,1778.2794100389228,15896609.421581702,11725680.567991097,0.9554389434462426,False
4,18-19,3162.2776601683795,15896329.504572885,11726177.53997055,0.9554405127479106,False
4,18-19,5623.413251903491,15896172.260510102,11726457.345786493,0.9554413942948305,False
4,18-19,10000.0,15896083.88809724,11726614.799240014,0.9554418897273774,False
4,18-19,17782.794100389227,15896034.209267372,11726703.37572395,0.9554421682351327,False
4,18-19,31622.776601683792,15896006.278076572,11726753.196668353,0.955442324821636,False
4,18-19,56234.13251903491,15895990.572881347,11726781.216437655,0.9554424128672281,False
4,18-19,100000.0,15895981.741728704,11726796.974185167,0.9554424623759067,False
4,18-19,177827.94100389228,15895976.775773533,11726805.835757239,0.9554424902157348,False
4,18-19,316227.7660168379,15895973.983264506,11726810.819092762,0.9554425058709209,False
4,18-19,562341.3251903491,15895972.412937975,11726813.621462215,0.9554425146743842,False
4,18-19,1000000.0,15895971.529883757,11726815.197361104,0.9554425196249055,False
4,18-19,1778279.410038923,15895971.033307541,11726816.083557557,0.9554425224087786,False
4,18-19,3162277.6601683795,15895970.754062755,11726816.58190353,0.9554425239742625,False
4,18-19,5623413.251903491,15895970.597032027,11726816.86214441,0.9554425248545979,False
4,18-19,10000000.0,15895970.508727215,11726817.019735534,0.9554425253496466,False
4,18-19,17782794.100389227,15895970.459069787,11726817.108355574,0.9554425256280328,False
4,18-19,31622776.60168379,15895970.431145366,11726817.158190297,0.9554425257845809,False
4,18-19,56234132.51903491,15895970.41544232,11726817.186214421,0.9554425258726142,False
4,18-19,100000000.0,15895970.40661184,11726817.20197355,0.9554425259221191,True
4,19-20,0.0001,23690704.755407855,17787562.75709606,0.9005912317219521,False
4,19-20,0.00017782794100389227,23649223.273426086,17763534.38436719,0.9009390485490761,False
4,19-20,0.00031622776601683794,23577215.167973984,17721554.983958583,0.9015413796820639,False
4,19-20,0.0005623413251903491,23454408.848959375,17649156.170375187,0.902564388604009,False
4,19-20,0.001,23251035.461808152,17526932.988346685,0.9042467928728436,False
4,19-20,0.0017782794100389228,22929556.912728205,17327388.27039013,0.9068763355937408,False
4,19-20,0.0031622776601683794,22455020.875778336,17016988.38411275,0.9106909112288765,False
4,19-20,0.005623413251903491,21815428.4288724,16563302.192475436,0.9157060850293219,False
4,19-20,0.01,21041143.81732488,15954981.139460593,0.921583505920191,False
4,19-20,0.01778279410038923,20206935.947464783,15206616.770823674,0.9276781275701683,False
4,19-20,0.03162277660168379,19413580.827665184,14491589.958397396,0.9332455797629721,False
4,19-20,0.05623413251903491,18752333.53573281,13735841.967467915,0.9377155878605764,False
4,19-20,0.1,18264363.14753819,13102712.843043108,0.9409149239169684,False
4,19-20,0.1778279410038923,17927066.544929486,12856697.715092055,0.9430770769956918,False
4,19-20,0.31622776601683794,17681007.78958879,12734699.69304489,0.9446289495150588,False
4,19-20,0.5623413251903491,17473183.210894886,12710674.367975567,0.9459229747591726,False
4,19-20,1.0,17279775.323272265,12630544.437696557,0.9471134892768605,False
4,19-20,1.7782794100389228,17100279.313090548,12518775.342009401,0.9482065142734902,False
4,19-20,3.1622776601683795,16943831.836129013,12400145.745077936,0.9491498782655837,False
4,19-20,5.623413251903491,16820186.562968835,12288167.392765008,0.9498893139043729,False
4,19-20,10.0,16733162.492628079,12277844.713683723,0.9504064966165087,False
4,19-20,17.78279410038923,16678072.135684067,12326916.099039555,0.9507325110609629,False
4,19-20,31.622776601683793,16645658.285807323,12359022.68882018,0.9509238277960526,False
4,19-20,56.23413251903491,16627291.186067792,12378976.70838674,0.9510320709945448,False
4,19-20,100.0,16617023.321078084,12390914.40815537,0.9510925307329576,False
4,19-20,177.82794100389228,16611295.05021051,12397879.335055187,0.9511262439844846,False
4,19-20,316.22776601683796,16608094.068038298,12401880.69688383,0.9511450780305849,False
4,19-20,562.341325190349,16606301.585362984,12404158.57313431,0.9511556231148253,False
4,19-20,1000.0,16605296.208770579,12405448.468858896,0.9511615371958654,False
4,19-20,1778.2794100389228,16604731.709924826,12406176.693703704,0.9511648576771051,False
4,19-20,3162.2776601683795,16604414.550080951,12406587.115873909,0.951166723217418,False
4,19-20,5623.413251903491,16604236.2882341,12406818.20242666,0.9511677717413937,False
4,19-20,10000.0,16604136.07300387,12406948.243586307,0.951168361195572,False
4,19-20,17782.794100389227,16604079.726979526,12407021.40011712,0.951168692614687,False
4,19-20,31622.776601683792,16604048.04417971,12407062.548238175,0.9511688789678105,False
4,19-20,56234.13251903491,16604030.228549894,12407085.69043129,0.9511689837563183,False
4,19-20,100000.0,16604020.210375497,12407098.705161415,0.9511690426814687,False
4,19-20,177827.94100389228,16604014.576833922,12407106.024172515,0.9511690758169598,False
4,19-20,316227.7660168379,16604011.408889765,12407110.14004679,0.9511690944502398,False
4,19-20,562341.3251903491,16604009.627433043,12407112.454602037,0.9511691049284474,False
4,19-20,1000000.0,16604008.625649212,12407113.75618129,0.9511691108207592,False
4,19-20,1778279.410038923,16604008.062305689,12407114.488115994,0.9511691141342439,False
4,19-20,3162277.6601683795,16604007.745514639,12407114.899714062,0.9511691159975515,False
4,19-20,5623413.251903491,16604007.567370027,12407115.131172938,0.9511691170453659,False
4,19-20,10000000.0,16604007.467191976,12407115.261331927,0.951169117634595,False
4,19-20,17782794.100389227,16604007.410857728,12407115.33452573,0.9511691179659428,False
4,19-20,31622776.60168379,16604007.379178667,12407115.375685643,0.9511691181522733,False
4,19-20,56234132.51903491,16604007.361364212,12407115.398831569,0.9511691182570547,False
4,19-20,100000000.0,16604007.351346413,12407115.41184747,0.9511691183159776,True
4,20-21,0.0001,20433464.61605185,15553134.88264788,0.9250508369035965,False
4,20-21,0.00017782794100389227,20422298.545579713,15541042.703225117,0.9251327279573053,False
4,20-21,0.00031622776601683794,20402642.45879916,15519667.6774445,0.9252767753474852,False
4,20-21,0.0005623413251903491,20368308.413596112,15482056.711707365,0.925528055728816,False
4,20-21,0.001,20309140.70799683,15416406.74264631,0.9259600929923634,False
4,20-21,0.0017782794100389228,20209512.670458972,15303393.043152012,0.9266847280589153,False
4,20-21,0.0031622776601683794,20048120.26212174,15130165.870702205,0.927851038344132,False
4,20-21,0.005623413251903491,19802304.969415475,14877037.417029688,0.9296094664849954,False
4,20-21,0.01,19460526.438622326,14563562.630182635,0.9320183131799652,False
4,20-21,0.01778279410038923,19038978.10153051,14109267.518874947,0.9349316137143568,False
4,20-21,0.03162277660168379,18583899.286282785,13560347.996170623,0.9380050300376941,False
4,20-21,0.05623413251903491,18149660.51375747,13007542.862676764,0.9408683796828032,False
4,20-21,0.1,17776751.329426054,12497599.445098206,0.9432732944624481,False
4,20-21,0.1778279410038923,17482739.550894905,12264257.002084116,0.9451341965964044,False
4,20-21,0.31622776601683794,17255538.567944422,12167328.437278504,0.9465509728248,False
4,20-21,0.5623413251903491,17063026.936409146,12181589.329363454,0.947736929621925,False
4,20-21,1.0,16879191.882379584,12134050.98522932,0.9488570155047522,False
4,20-21,1.7782794100389228,16698807.761231588,12057986.388636967,0.9499442817179404,False
4,20-21,3.1622776601683795,16533042.840455983,11929889.192097005,0.9509331305950809,False
4,20-21,5.623413251903491,16397302.923845964,11784900.512665793,0.9517355226807005,False
4,20-21,10.0,16299712.943938224,11781258.694864767,0.9523083135866894,False
4,20-21,17.78279410038923,16237068.74433792,11831725.698766245,0.9526741932119143,False
4,20-21,31.622776601683793,16199824.903816605,11864496.68517997,0.9528910517285454,False
4,20-21,56.23413251903491,16178551.343426531,11884760.864441466,0.9530146971426541,False
4,20-21,100.0,16166589.495119007,11896845.994586743,0.9530841499979311,False
4,20-21,177.82794100389228,16159890.204879701,11903883.696089262,0.9531230249596447,False
4,20-21,316.22776601683796,16156137.46665936,11907922.446227709,0.9531447944874635,False
4,20-21,562.341325190349,16154032.927684244,11910220.164718986,0.953157000645512,False
4,20-21,1000.0,16152851.510722088,11911520.832435481,0.9531638520727156,False
4,20-21,1778.2794100389228,16152187.841525579,11912254.990498295,0.9531677006897943,False
4,20-21,3162.2776601683795,16151814.85874763,11912668.709448542,0.9531698635471838,False
4,20-21,5623.413251903491,16151605.187887218,11912901.637286449,0.9531710793673698,False
4,20-21,10000.0,16151487.304551616,11913032.709869863,0.9531717629315304,False
4,20-21,17782.794100389227,16151421.021277217,11913106.445143476,0.9531721472828238,False
4,20-21,31622.776601683792,16151383.749799628,11913147.918313688,0.9531723634051386,False
4,20-21,56234.13251903491,16151362.79125101,11913171.243168244,0.9531724849351173,False
4,20-21,100000.0,16151351.005628362,11913184.360576222,0.9531725532750126,False
4,20-21,177827.94100389228,16151344.378160166,11913191.737314587,0.9531725917049061,False
4,20-21,316227.7660168379,16151340.651284473,11913195.885647273,0.9531726133154799,False
4,20-21,562341.3251903491,16151338.555515716,11913198.21845396,0.9531726254679531,False
4,20-21,1000000.0,16151337.376980694,11913199.530296348,0.9531726323017767,False
4,20-21,1778279.410038923,16151336.714242486,11913200.268002307,0.9531726361447136,False
4,20-21,3162277.6601683795,16151336.341557642,11913200.682845738,0.9531726383057544,False
4,20-21,5623413.251903491,16151336.131981632,11913200.91612962,0.9531726395209964,False
4,20-21,10000000.0,16151336.014128398,11913201.04731487,0.9531726402043771,False
4,20-21,17782794.100389227,16151335.947854668,11913201.121085793,0.9531726405886702,False
4,20-21,31622776.60168379,16151335.910586204,11913201.162570233,0.9531726408047743,False
4,20-21,56234132.51903491,16151335.889628619,11913201.185898663,0.9531726409262983,False
4,20-21,100000000.0,16151335.87784329,11913201.199017188,0.9531726409946364,True
4,21-22,0.0001,16239342.408151126,11987225.924454326,0.9534397180188052,False
4,21-22,0.00017782794100389227,16235264.287671681,11984394.269741721,0.9534631000736942,False
4,21-22,0.00031622776601683794,16228110.748091238,11979385.881925678,0.9535041009724945,False
4,21-22,0.0005623413251903491,16215691.63858436,11970563.313548753,0.9535752388540104,False
4,21-22,0.001,16194510.769231748,11955128.948447894,0.9536964393085199,False
4,21-22,0.0017782794100389228,16159445.181572223,11928435.00370909,0.9538967422076525,False
4,21-22,0.0031622776601683794,16104092.509749776,11883091.478161456,0.9542120460756112,False
4,21-22,0.005623413251903491,16022688.733123353,11808064.041430602,0.9546737786281512,False
4,21-22,0.01,15913682.603911987,11688138.924609028,0.9552884106901742,False
4,21-22,0.01778279410038923,15782337.359801551,11504306.981465273,0.9560234284071211,False
4,21-22,0.03162277660168379,15639707.767356537,11258500.499855492,0.9568146949684938,False
4,21-22,0.05623413251903491,15502159.332063897,10961968.431746194,0.9575709687161321,False
4,21-22,0.1,15393415.664076628,10872317.412833614,0.9581641384508547,False
4,21-22,0.1778279410038923,15335839.711482381,10863591.502419978,0.9584765103028935,False
4,21-22,0.31622776601683794,15331031.392496366,10935284.404744767,0.9585025443366002,True
4,21-22,0.5623413251903491,15357750.12400005,11044098.298857033,0.9583577757931676,False
4,21-22,1.0,15390859.23904929,11204131.32460759,0.9581780328801462,False
4,21-22,1.7782794100389228,15415224.482179673,11332588.74603636,0.9580455114956402,False
4,21-22,3.1622776601683795,15425978.87749114,11441199.194326445,0.9579869521742874,False
4,21-22,5.623413251903491,15424932.592807868,11505841.647607692,0.9579926511471758,False
4,21-22,10.0,15417390.353132175,11541720.908781681,0.9580337212824447,False
4,21-22,17.78279410038923,15408518.82881426,11560565.950721629,0.9580820041289213,False
4,21-22,31.622776601683793,15401152.364768228,11570192.667904388,0.9581220746380676,False
4,21-22,56.23413251903491,15395989.882154223,11575114.47914128,0.9581501449827058,False
4,21-22,100.0,15392698.554488089,11577677.518518588,0.95816803624707,False
4,21-22,177.82794100389228,15390710.71032253,11579042.893325327,0.9581788400779065,False
4,21-22,316.22776601683796,15389546.70015048,11579784.385736918,0.9581851657656038,False
4,21-22,562.341325190349,15388876.990180206,11580192.590458,0.9581888050153639,False
4,21-22,1000.0,15388495.497235944,11580419.28523167,0.9581908780032989,False
4,21-22,1778.2794100389228,15388279.404291315,11580545.846838478,0.9581920522042274,False
4,21-22,3162.2776601683795,15388157.388540363,11580616.72454245,0.9581927152033566,False
4,21-22,5623.413251903491,15388088.616050052,11580656.48881965,0.9581930888913286,False
4,21-22,10000.0,15388049.892370818,11580678.820360301,0.9581932993028253,False
4,21-22,17782.794100389227,15388028.100594843,11580691.368946431,0.9581934177118007,False
4,21-22,31622.776601683792,15388015.841162847,11580698.422571655,0.9581934843252413,False
4,21-22,56234.13251903491,15388008.94559089,11580702.388179023,0.9581935217933302,False
4,21-22,100000.0,15388005.06742394,11580704.617907347,0.9581935428659046,False
4,21-22,177827.94100389228,15388002.88641167,11580705.871681925,0.9581935547167442,False
4,21-22,316227.7660168379,15388001.659888145,11580706.576701514,0.9581935613812329,False
4,21-22,562341.3251903491,15388000.970147409,11580706.973153783,0.9581935651290364,False
4,21-22,1000000.0,15388000.582272671,11580707.19609232,0.9581935672366084,False
4,21-22,1778279.410038923,15388000.364153093,11580707.32145893,0.9581935684217918,False
4,21-22,3162277.6601683795,15388000.241494926,11580707.39195745,0.9581935690882722,False
4,21-22,5623413.251903491,15388000.172519013,11580707.431601588,0.9581935694630626,False
4,21-22,10000000.0,15388000.133730965,11580707.453895101,0.9581935696738229,False
4,21-22,17782794.100389227,15388000.111918824,11580707.466431657,0.9581935697923422,False
4,21-22,31622776.60168379,15388000.099652944,11580707.47348147,0.9581935698589905,False
4,21-22,56234132.51903491,15388000.092755338,11580707.477445878,0.9581935698964696,False
4,21-22,100000000.0,15388000.088876523,11580707.479675226,0.9581935699175458,False
4,22-23,0.0001,21443232.006113984,16732805.979161408,0.9193987942305877,False
4,22-23,0.00017782794100389227,21423272.84924772,16711521.297009131,0.9195487700749765,False
4,22-23,0.00031622776601683794,21388229.00112462,16673991.656241795,0.9198117564825832,False
4,22-23,0.0005623413251903491,21327294.380503055,16608246.24935612,0.9202680149038223,False
4,22-23,0.001,21223111.302537292,16494360.777342238,0.9210450881177432,False
4,22-23,0.0017782794100389228,21050029.44675629,16300835.92388514,0.9223276463968798,False
4,22-23,0.0031622776601683794,20775841.72748446,16038389.071497465,0.9243379147896026,False
4,22-23,0.005623413251903491,20372946.11811042,15658473.905155646,0.9272440153002778,False
4,22-23,0.01,19843192.32753856,15094115.077452416,0.9309785413230642,False
4,22-23,0.01778279410038923,19244046.504633073,14481390.037573569,0.9350836870457072,False
4,22-23,0.03162277660168379,18680715.830309134,13981608.592367629,0.9388286482034528,False
4,22-23,0.05623413251903491,18246284.178539444,13404033.16074124,0.9416407208490056,False
4,22-23,0.1,17957126.968132872,13010638.818922676,0.9434757567637151,False
4,22-23,0.1778279410038923,17753658.673806943,12797227.923292719,0.9447494275833498,False
4,22-23,0.31622776601683794,17563611.965177383,12609962.533715077,0.9459259725650098,False
4,22-23,0.5623413251903491,17354047.000178616,12377853.993708134,0.9472086718361291,False
4,22-23,1.0,17132170.88505103,12202044.863207398,0.9485499448003544,False
4,22-23,1.7782794100389228,16920772.904704023,12062622.873379774,0.9498118204072135,False
4,22-23,3.1622776601683795,16739973.87489733,11907139.97007854,0.9508786152124786,False
4,22-23,5.623413251903491,16601028.175244596,11784674.602447623,0.9516906690218941,False
4,22-23,10.0,16505047.498928728,11796876.10268763,0.9522476656409596,False
4,22-23,17.78279410038923,16444596.495959448,11831892.652343482,0.9525968182464531,False
4,22-23,31.622776601683793,16408863.074830156,11855458.711987933,0.952802604687486,False
4,22-23,56.23413251903491,16388441.96260433,11870327.77642441,0.9529200075270018,False
4,22-23,100.0,16376931.85497697,11879295.800160132,0.9529861157618963,False
4,22-23,177.82794100389228,16370470.568717238,11884551.220444858,0.9530232057666455,False
4,22-23,316.22776601683796,16366845.009038694,11887577.797902852,0.9530440113153017,False
4,22-23,562.341325190349,16364809.563211508,11889303.072660996,0.9530556898554294,False
4,22-23,1000.0,16363666.17299217,11890280.779420462,0.9530622495150133,False
4,22-23,1778.2794100389228,16363023.615062406,11890832.986420486,0.9530659356854967,False
4,22-23,3162.2776601683795,16362662.415746322,11891144.27954485,0.9530680077187863,False
4,22-23,5623.413251903491,16362459.342933392,11891319.57507039,0.9530691726334324,False
4,22-23,10000.0,16362345.160944287,11891418.227835909,0.953069827625009,False
4,22-23,17782.794100389227,16362280.956229672,11891473.728690874,0.9530701959258098,False
4,22-23,31622.776601683792,16362244.852705546,11891504.946813192,0.953070403027674,False
4,22-23,56234.13251903491,16362224.550658375,11891522.504488628,0.9530705194867918,False
4,22-23,100000.0,16362213.134122776,11891532.378665311,0.953070584975674,False
4,22-23,177827.94100389228,16362206.714178748,11891537.931566505,0.9530706218024965,False
4,22-23,316227.7660168379,16362203.103993379,11891541.054269355,0.9530706425116512,False
4,22-23,562341.3251903491,16362201.07384154,11891542.810318578,0.9530706541572365,False
4,22-23,1000000.0,16362199.932204703,11891543.797825329,0.9530706607060214,False
4,22-23,1778279.410038923,16362199.290215597,11891544.35314362,0.9530706643886709,False
4,22-23,3162277.6601683795,16362198.92919873,11891544.66542282,0.953070666459576,False
4,22-23,5623413.251903491,16362198.726184078,11891544.841030555,0.9530706676241314,False
4,22-23,10000000.0,16362198.612020554,11891544.939782111,0.9530706682790089,False
4,22-23,17782794.100389227,16362198.547821699,11891544.995314224,0.9530706686472734,False
4,22-23,31622776.60168379,16362198.511720028,11891545.026542237,0.9530706688543639,False
4,22-23,56234132.51903491,16362198.491418576,11891545.044103047,0.9530706689708194,False
4,22-23,100000000.0,16362198.480002223,11891545.053978208,0.9530706690363071,True
4,23-24,0.0001,18686330.899709363,14225364.229556926,0.9381882659175882,False
4,23-24,0.00017782794100389227,18678420.353672806,14218178.528907595,0.9382405887703934,False
4,23-24,0.00031622776601683794,18664466.300956927,14205460.549439438,0.9383328312785112,False
4,23-24,0.0005623413251903491,18640004.05554859,14183032.613943638,0.9384943712695349,False
4,23-24,0.001,18597585.1133603,14143732.514505643,0.93877398870468,False
4,23-24,0.0017782794100389228,18525406.569792487,14075624.666036706,0.9392483114379341,False
4,23-24,0.0031622776601683794,18406488.047124863,13959794.863662295,0.9400257640916458,False
4,23-24,0.005623413251903491,18220739.16328996,13768843.991634255,0.9412301151888676,False
4,23-24,0.01,17953954.91578676,13480810.390286308,0.9429385086761414,False
4,23-24,0.01778279410038923,17614835.764726363,13106990.028255124,0.945073736762131,False
4,23-24,0.03162277660168379,17247125.221970614,12729717.773867399,0.9473429784417317,False
4,23-24,0.05623413251903491,16913973.194594957,12247752.79395531,0.9493576170125203,False
4,23-24,0.1,16660713.384770537,11915379.886974867,0.9508628408970051,False
4,23-24,0.1778279410038923,16494614.87196892,11767662.655447325,0.951837700183878,False
4,23-24,0.31622776601683794,16393048.049618663,11663139.634086529,0.9524289999879301,False
4,23-24,0.5623413251903491,16323955.822891368,11650615.712635593,0.9528291525226606,False
4,23-24,1.0,16264266.873659825,11582514.903715942,0.953173484587119,False
4,23-24,1.7782794100389228,16204489.419263138,11478085.62429134,0.9535170630461811,False
4,23-24,3.1622776601683795,16143747.420901867,11427468.61715459,0.9538648894505193,False
4,23-24,5.623413251903491,16086138.455816435,11442180.564335482,0.9541935682548914,False
4,23-24,10.0,16037442.30933846,11462882.269314628,0.9544704800161307,False
4,23-24,17.78279410038923,16000980.728623815,11474122.470101018,0.9546772699915212,False
4,23-24,31.622776601683793,15976284.411780527,11480146.629518699,0.9548170665125065,False
4,23-24,56.23413251903491,15960711.557973621,11483374.509338485,0.9549051075450739,False
4,23-24,100.0,15951337.842738833,11485120.146081919,0.9549580603913432,False
4,23-24,177.82794100389228,15945854.172379343,11486075.280512366,0.9549890236492503,False
4,23-24,316.22776601683796,15942699.869384713,11486603.05586805,0.9550068294329181,False
4,23-24,562.341325190349,15940903.10132645,11486896.706371732,0.9550169704676047,False
4,23-24,1000.0,15939885.321261818,11487060.810245745,0.9550227143541166,False
4,23-24,1778.2794100389228,15939310.625279214,11487152.761114897,0.9550259575141371,False
4,23-24,3162.2776601683795,15938986.701033132,11487204.36288319,0.9550277854520094,False
4,23-24,5623.413251903491,15938804.307516906,11487233.34695809,0.9550288147010534,False
4,23-24,10000.0,15938701.664869897,11487249.635196656,0.9550293939096999,False
4,23-24,17782.794100389227,15938643.92085434,11487258.791354546,0.9550297197553965,False
4,23-24,31622.776601683792,15938611.441473745,11487263.939166745,0.9550299030338946,False
4,23-24,56234.13251903491,15938593.174592558,11487266.833654515,0.9550300061122525,False
4,23-24,100000.0,15938582.901616596,11487268.461237114,0.9550300640816746,False
4,23-24,177827.94100389228,15938577.124459298,11487269.376460083,0.955030096681605,False
4,23-24,316227.7660168379,15938573.875649622,11487269.891117029,0.9550301150143132,False
4,23-24,562341.3251903491,15938572.048685838,11487270.180526488,0.9550301253236856,False
4,23-24,1000000.0,15938571.021301059,11487270.343272317,0.9550301311211137,False
4,23-24,1778279.410038923,15938570.443557756,11487270.434790678,0.9550301343812605,False
4,23-24,3162277.6601683795,15938570.118668072,11487270.486255128,0.9550301362145799,False
4,23-24,5623413.251903491,15938569.935968947,11487270.515195694,0.9550301372455324,False
4,23-24,10000000.0,15938569.833229594,11487270.531470146,0.9550301378252801,False
4,23-24,17782794.100389227,15938569.77545499,11487270.540621946,0.9550301381512963,False
4,23-24,31622776.60168379,15938569.742965933,11487270.545768384,0.9550301383346287,False
4,23-24,56234132.51903491,15938569.72469599,11487270.548662424,0.9550301384377242,False
4,23-24,100000000.0,15938569.714422047,11487270.550289875,0.955030138495699,True
4,24-25,0.0001,18679673.70939381,14644084.817487301,0.9377424973228057,False
4,24-25,0.00017782794100389227,18669445.617098816,14631725.066725092,0.9378106570947058,False
4,24-25,0.00031622776601683794,18651587.419732276,14610099.038097586,0.9379295742191939,False
4,24-25,0.0005623413251903491,18620816.024410233,14572704.638597738,0.9381342128928366,False
4,24-25,0.001,18568919.753633775,14509295.016766736,0.9384785726302686,False
4,24-25,0.0017782794100389228,18484223.08912322,14405013.436418986,0.9390385164845699,False
4,24-25,0.0031622776601683794,18352195.167771827,14240942.204656739,0.9399062698477187,False
4,24-25,0.005623413251903491,18157862.9721114,13997121.676424585,0.9411722019302932,False
4,24-25,0.01,17890129.745821856,13690962.046421466,0.9428942151546522,False
4,24-25,0.01778279410038923,17549381.243333194,13299613.100822328,0.9450488555649821,False
4,24-25,0.03162277660168379,17160667.515526738,12853940.566426564,0.9474561999682,False
4,24-25,0.05623413251903491,16785565.181539048,12366414.850862121,0.9497281275008371,False
4,24-25,0.1,16509803.176146803,11898061.405910045,0.9513663443068379,False
4,24-25,0.1778279410038923,16389259.902417388,11744035.259262748,0.9520739309660501,False
4,24-25,0.31622776601683794,16394458.668784432,11908681.861055627,0.9520435213009156,False
4,24-25,0.5623413251903491,16432506.748086268,12081883.569744995,0.9518206692681016,False
4,24-25,1.0,16430656.34404107,12147298.46955748,0.9518315192510473,False
4,24-25,1.7782794100389228,16380808.860319119,12100200.672176573,0.9521233439114518,False
4,24-25,3.1622776601683795,16315601.504918728,11996092.913635783,0.9525037520385478,False
4,24-25,5.623413251903491,16265914.406611128,11926024.312020134,0.952792599161398,False
4,24-25,10.0,16240782.119152348,11887298.550600931,0.9529383657464668,False
4,24-25,17.78279410038923,16233251.588198248,11886799.370245185,0.9529819987349468,True
4,24-25,31.622776601683793,16233712.52321697,11912544.597482344,0.9529793285920168,False
4,24-25,56.23413251903491,16236296.943017384,11941845.131423237,0.9529643559445496,False
4,24-25,100.0,16238700.95364008,11959362.384121563,0.9529504263447821,False
4,24-25,177.82794100389228,16240401.112876294,11969573.019655611,0.9529405738381158,False
4,24-25,316.22776601683796,16241476.946993412,11975434.798192427,0.9529343387934568,False
4,24-25,562.341325190349,16242121.648127105,11978770.18609506,0.9529306022013388,False
4,24-25,1000.0,16242497.090867113,11980658.377572494,0.952928426122584,False
4,24-25,1778.2794100389228,16242712.359585116,11981724.19726841,0.952927178395162,False
4,24-25,3162.2776601683795,16242834.735028725,11982324.827170666,0.9529264690827024,False
4,24-25,5623.413251903491,16242903.971526887,11982662.990743833,0.9529260677717938,False
4,24-25,10000.0,16242943.03915973,11982853.282247247,0.9529258413259174,False
4,24-25,17782.794100389227,16242965.050654428,11982960.33158754,0.9529257137414897,False
4,24-25,31622.776601683792,16242977.44196801,11983020.542689871,0.9529256419180925,False
4,24-25,56234.13251903491,16242984.414336368,11983054.405940792,0.9529256015043399,False
4,24-25,100000.0,16242988.336522277,11983073.449930241,0.952925578770271,False
4,24-25,177827.94100389228,16242990.542551747,11983084.15955861,0.9529255659835145,False
4,24-25,316227.7660168379,16242991.783226818,11983090.182153638,0.9529255587922182,False
4,24-25,562341.3251903491,16242992.48095191,11983093.56894832,0.9529255547480101,False
4,24-25,1000000.0,16242992.873324912,11983095.47349577,0.9529255524737072,False
4,24-25,1778279.410038923,16242993.093976693,11983096.544505564,0.9529255511947483,False
4,24-25,3162277.6601683795,16242993.218059642,11983097.146779915,0.9529255504755291,False
4,24-25,5623413.251903491,16242993.287837038,11983097.485464085,0.9529255500710799,False
4,24-25,10000000.0,16242993.327075882,11983097.675920319,0.9529255498436406,False
4,24-25,17782794.100389227,16242993.349141547,11983097.783021769,0.952925549715742,False
4,24-25,31622776.60168379,16242993.361549996,11983097.843249353,0.9529255496438191,False
4,24-25,56234132.51903491,16242993.36852779,11983097.877117822,0.952925549603374,False
4,24-25,100000000.0,16242993.372451693,11983097.896163458,0.9529255495806299,False
4,25-26,0.0001,19593593.441889513,15216614.99211167,0.9322132643682551,False
4,25-26,0.00017782794100389227,19587675.950292524,15212005.161742356,0.9322542029400508,False
4,25-26,0.00031622776601683794,19577278.118417904,15203859.111603184,0.9323261075853085,False
4,25-26,0.0005623413251903491,19559173.287529178,15189532.73486393,0.9324512177087866,False
4,25-26,0.001,19528141.888515145,15167390.791297637,0.9326653852900474,False
4,25-26,0.0017782794100389228,19476358.725495864,15138403.40582249,0.9330220168981758,False
4,25-26,0.0031622776601683794,19393661.616966214,15087261.551204404,0.9335895897686476,False
4,25-26,0.005623413251903491,19270327.615522224,14998129.10482256,0.9344315779949153,False
4,25-26,0.01,19103520.73796301,14846813.281199193,0.9355618054255864,False
4,25-26,0.01778279410038923,18903809.488250617,14601994.923269995,0.9369020573179799,False
4,25-26,0.03162277660168379,18691959.908620287,14234265.73543816,0.9383083739699456,False
4,25-26,0.05623413251903491,18484865.188061412,13733905.808849951,0.9396678071366836,False
4,25-26,0.1,18288816.58445561,13199344.561388774,0.9409407748901867,False
4,25-26,0.1778279410038923,18104096.85858282,12940067.392041365,0.9421277637294078,False
4,25-26,0.31622776601683794,17923139.563405633,12887937.295532867,0.9432788916323035,False
4,25-26,0.5623413251903491,17729709.755160652,12854111.350185148,0.9444965744573484,False
4,25-26,1.0,17512534.93432826,12802025.826290244,0.9458479920543761,False
4,25-26,1.7782794100389228,17280264.306518126,12687775.462779416,0.947274913944689,False
4,25-26,3.1622776601683795,17061283.097484414,12538516.25757149,0.9486027462943305,False
4,25-26,5.623413251903491,16886004.73846295,12370930.99564866,0.9496533765829889,False
4,25-26,10.0,16766561.083345167,12222102.087069359,0.9503631141652846,False
4,25-26,17.78279410038923,16694617.827939887,12249480.087809877,0.9507881718371701,False
4,25-26,31.622776601683793,16654263.891124768,12284385.668417268,0.9510257922360633,False
4,25-26,56.23413251903491,16632236.81284471,12305890.763336344,0.9511552540156067,False
4,25-26,100.0,16620237.730047785,12318673.02201551,0.9512257052416287,False
4,25-26,177.82794100389228,16613653.7169081,12326099.12603025,0.9512643409092707,False
4,25-26,316.22776601683796,16610011.457688542,12330354.40947834,0.9512857074850865,False
4,25-26,562.341325190349,16607983.94690063,12332773.152387137,0.9512975994366023,False
4,25-26,1000.0,16606850.64113518,12334141.615061799,0.951304245978208,False
4,25-26,1778.2794100389228,16606215.55793494,12334913.809057256,0.9513079703766063,False
4,25-26,3162.2776601683795,16605859.137038022,12335348.888439536,0.951310060518164,False
4,25-26,5623.413251903491,16605658.934011986,12335593.818874879,0.9513112345392587,False
4,25-26,10000.0,16605546.423740767,12335731.638057992,0.9513118943104453,False
4,25-26,17782.794100389227,16605483.17744392,12335809.166283093,0.951312265190926,False
4,25-26,31622.776601683792,16605447.618682584,12335852.772088345,0.9513124737092414,False
4,25-26,56234.13251903491,16605427.624814529,12335877.296117218,0.9513125909540653,False
4,25-26,100000.0,16605416.382161682,12335891.087840552,0.951312656881359,False
4,25-26,177827.94100389228,16605410.06018284,12335898.84376487,0.9513126939536356,False
4,25-26,316227.7660168379,16605406.505145442,12335903.205326468,0.9513127148004771,False
4,25-26,562341.3251903491,16605404.50602395,12335905.658039639,0.951312726523381,False
4,25-26,1000000.0,16605403.381842582,12335907.037310094,0.951312733115611,False
4,25-26,1778279.410038923,16605402.749671232,12335907.812933557,0.9513127368226808,False
4,25-26,3162277.6601683795,16605402.394175889,12335908.249099527,0.951312738907315,False
4,25-26,5623413.251903491,16605402.1942664,12335908.494373951,0.9513127400795897,False
4,25-26,10000000.0,16605402.081849104,12335908.632301982,0.9513127407388077,False
4,25-26,17782794.100389227,16605402.01863223,12335908.709864646,0.951312741109513,False
4,25-26,31622776.60168379,16605401.983082782,12335908.753481332,0.9513127413179759,False
4,25-26,56234132.51903491,16605401.963091856,12335908.778008802,0.9513127414352033,False
4,25-26,100000000.0,16605401.951850142,12335908.791801624,0.951312741501125,True
5,10-11,0.0001,25670457.095486555,19144504.786401443,0.8172072818016262,False
5,10-11,0.00017782794100389227,25631401.82311839,19135762.205649067,0.8177630637796673,False
5,10-11,0.00031622776601683794,25563641.9483177,19120292.92609821,0.8187253232648846,False
5,10-11,0.0005623413251903491,25448252.335793674,19093025.738791965,0.8203581114651682,False
5,10-11,0.001,25257951.465546373,19045281.880651247,0.8230347736239997,False
5,10-11,0.0017782794100389228,24960524.08381775,18966125.539200556,0.8271779761250084,False
5,10-11,0.0031622776601683794,24534129.81188945,18837736.112646185,0.8330320923535398,False
5,10-11,0.005623413251903491,23997218.205595545,18626222.9147457,0.8402600705504175,False
5,10-11,0.01,23429664.04048102,18293425.781902175,0.8477266824527688,False
5,10-11,0.01778279410038923,22937147.25366479,17814571.109804343,0.8540612935110548,False
5,10-11,0.03162277660168379,22569462.425933793,17448729.329125643,0.8587026174151783,False
5,10-11,0.05623413251903491,22294123.745689202,16994027.59457706,0.862129134484299,False
5,10-11,0.1,22056208.732638948,16423270.985389858,0.8650560515383225,False
5,10-11,0.1778279410038923,21828710.38099827,16051360.078269782,0.867825448706,False
5,10-11,0.31622776601683794,21601289.673631653,16097386.471555037,0.8705652024123965,False
5,10-11,0.5623413251903491,21360794.172032606,16235019.862940691,0.8734312538663231,False
5,10-11,1.0,21100194.04129497,16204271.058757944,0.8765006745399928,False
5,10-11,1.7782794100389228,20830047.86479542,16021352.762286969,0.8796427591845591,False
5,10-11,3.1622776601683795,20574223.69099727,15762850.82307266,0.8825809393030878,False
5,10-11,5.623413251903491,20358231.87739457,15527100.98560595,0.8850333701910336,False
5,10-11,10.0,20196829.368034173,15437278.058205133,0.8868490824731512,False
5,10-11,17.78279410038923,20088456.30052474,15433286.288236821,0.8880601252985465,False
5,10-11,31.622776601683793,20021063.757819217,15427660.740383225,0.8888099348960403,False
5,10-11,56.23413251903491,19981067.654110134,15423067.832629183,0.889253740217395,False
5,10-11,100.0,19957930.187705707,15419942.951461246,0.8895100732948865,False
5,10-11,177.82794100389228,19944722.856267992,15417994.509183194,0.8896562602215108,False
5,10-11,316.22776601683796,19937235.923723977,15416834.375334818,0.88973908725131,False
5,10-11,562.341325190349,19933007.231421057,15416160.843056109,0.8897858550207206,False
5,10-11,1000.0,19930623.510429155,15415775.261332303,0.8898122137190402,False
5,10-11,1778.2794100389228,19929281.243758705,15415556.24827475,0.8898270548415554,False
5,10-11,3162.2776601683795,19928525.865119033,15415432.392738074,0.8898354064435263,False
5,10-11,5623.413251903491,19928100.90588706,15415362.52290185,0.8898401047300162,False
5,10-11,10000.0,19927861.877372243,15415323.162249979,0.8898427473499394,False
5,10-11,17782.794100389227,19927727.443950914,15415301.005980503,0.8898442335872988,False
5,10-11,31622.776601683792,19927651.840854023,15415288.539585922,0.8898450694178075,False
5,10-11,56234.13251903491,19927609.324329004,15415281.52699991,0.8898455394581217,False
5,10-11,100000.0,19927585.414967436,15415277.582831746,0.8898458037869935,False
5,10-11,177827.94100389228,19927571.969567455,15415275.364641177,0.8898459524318691,False
5,10-11,316227.7660168379,19927564.408607185,15415274.117190821,0.8898460360216031,False
5,10-11,562341.3251903491,19927560.15674898,15415273.415675769,0.8898460830277475,False
5,10-11,1000000.0,19927557.765747774,15415273.021177828,0.8898461094613029,False
5,10-11,1778279.410038923,19927556.421187215,15415272.799333131,0.8898461243260016,False
5,10-11,3162277.6601683795,19927555.665084668,15415272.674579972,0.889846132685042,False
5,10-11,5623413.251903491,19927555.239896797,15415272.604425898,0.8898461373856775,False
5,10-11,10000000.0,19927555.00079603,15415272.564975297,0.8898461400290397,False
5,10-11,17782794.100389227,19927554.866339758,15415272.542790564,0.8898461415155118,False
5,10-11,31622776.60168379,19927554.79072944,15415272.530315168,0.8898461423514165,False
5,10-11,56234132.51903491,19927554.74821063,15415272.523299737,0.8898461428214802,False
5,10-11,100000000.0,19927554.724300545,15415272.51935467,0.8898461430858166,True
5,11-12,0.0001,29202155.430565342,23708492.375455875,0.7646318566047496,False
5,11-12,0.00017782794100389227,29148589.652231526,23666143.726967946,0.7654945405006071,False
5,11-12,0.00031622776601683794,29055430.19943067,23591988.473405994,0.7669911130475737,False
5,11-12,0.0005623413251903491,28896078.301928863,23463625.407639377,0.7695399370589017,False
5,11-12,0.001,28631051.52201905,23245725.190593313,0.7737479816342602,False
5,11-12,0.0017782794100389228,28210025.542020734,22887474.980793342,0.7803532285852811,False
5,11-12,0.0031622776601683794,27586778.93338042,22332315.416955356,0.7899513693842395,False
5,11-12,0.005623413251903491,26751408.785253562,21535541.871252358,0.802479952737758,False
5,11-12,0.01,25760394.855464578,20478430.280086238,0.8168432635900461,False
5,11-12,0.01778279410038923,24721248.644349985,19395632.238644782,0.831321911568596,False
5,11-12,0.03162277660168379,23728697.987098187,18322078.809691295,0.8445947512737852,False
5,11-12,0.05623413251903491,22823829.307388753,17470267.150176175,0.856221189402878,False
5,11-12,0.1,22017768.337371286,16850765.56220223,0.8661974281873311,False
5,11-12,0.1778279410038923,21327523.448955514,16241183.920981951,0.8744552022317981,False
5,11-12,0.31622776601683794,20774269.698619846,15705926.338569466,0.8808841933374677,False
5,11-12,0.5623413251903491,20358678.753794357,15370478.553115856,0.8856023654878709,False
5,11-12,1.0,20051371.68783398,15183409.972160326,0.8890298839591487,False
5,11-12,1.7782794100389228,19813062.845054347,14947698.425106665,0.8916519500312966,False
5,11-12,3.1622776601683795,19624555.227236405,14677301.743739633,0.8937038559646022,False
5,11-12,5.623413251903491,19491361.974317666,14405317.554881044,0.8951418384917886,False
5,11-12,10.0,19417564.33047999,14338446.438737553,0.8959343573550846,False
5,11-12,17.78279410038923,19389063.859910265,14405925.339310229,0.8962396215061068,False
5,11-12,31.622776601683793,19384278.281595852,14452585.31333722,0.8962908351326682,True
5,11-12,56.23413251903491,19387755.406717993,14482603.285897266,0.8962536253815331,False
5,11-12,100.0,19392387.31721676,14503031.899395203,0.8962040475614222,False
5,11-12,177.82794100389228,19396007.181419205,14517788.8222821,0.8961652939707627,False
5,11-12,316.22776601683796,19398398.90728934,14526336.527177902,0.8961396846314805,False
5,11-12,562.341325190349,19399863.325823914,14531225.276904374,0.8961240028515033,False
5,11-12,1000.0,19400725.88297447,14534000.953805152,0.8961147655724068,False
5,11-12,1778.2794100389228,19401223.51888439,14535570.329590594,0.8961094361134476,False
5,11-12,3162.2776601683795,19401507.382029388,14536455.561244657,0.8961063960043623,False
5,11-12,5623.413251903491,19401668.289452247,14536954.223045994,0.8961046727030678,False
5,11-12,10000.0,19401759.18030174,14537234.913593749,0.8961036992654712,False
5,11-12,17782.794100389227,19401810.420599613,14537392.843743142,0.8961031504817883,False
5,11-12,31622.776601683792,19401839.275852133,14537481.681688631,0.8961028414413439,False
5,11-12,56234.13251903491,19401855.515236147,14537531.647571908,0.8961026675169507,False
5,11-12,100000.0,19401864.65138821,14537559.74818426,0.8961025696683659,False
5,11-12,177827.94100389228,19401869.79031305,14537575.55118369,0.8961025146302377,False
5,11-12,316227.7660168379,19401872.680550512,14537584.438136509,0.8961024836756514,False
5,11-12,562341.3251903491,19401874.3059794,14537589.435723744,0.8961024662672255,False
5,11-12,1000000.0,19401875.220066004,14537592.24610089,0.8961024564773109,False
5,11-12,1778279.410038923,19401875.734107565,14537593.82650073,0.8961024509718991,False
5,11-12,3162277.6601683795,19401876.023178454,14537594.715227606,0.8961024478759348,False
5,11-12,5623413.251903491,19401876.185736258,14537595.214996317,0.8961024461349323,False
5,11-12,10000000.0,19401876.27714962,14537595.496037189,0.8961024451558904,False
5,11-12,17782794.100389227,19401876.32855528,14537595.654078178,0.8961024446053332,False
5,11-12,31622776.60168379,19401876.35746284,14537595.742951183,0.8961024442957316,False
5,11-12,56234132.51903491,19401876.373718772,14537595.792928157,0.8961024441216298,False
5,11-12,100000000.0,19401876.382860158,14537595.821032275,0.8961024440237251,False
5,12-13,0.0001,28589060.01921313,22376691.462356992,0.7892017752382297,False
5,12-13,0.00017782794100389227,28496024.380781457,22320864.7360517,0.7905715185421136,False
5,12-13,0.00031622776601683794,28334037.84763828,22223145.891459737,0.792945756470824,False
5,12-13,0.0005623413251903491,28056468.05383907,22054119.74223372,0.7969826322892648,False
5,12-13,0.001,27593722.88517032,21767621.882866487,0.803624278660623,False
5,12-13,0.0017782794100389228,26856988.823058452,21298057.248640973,0.8139704938369126,False
5,12-13,0.0031622776601683794,25767936.197098028,20568196.032971844,0.8287516209882997,False
5,12-13,0.005623413251903491,24329170.764959186,19518409.168016624,0.8473412121246422,False
5,12-13,0.01,22702034.722413134,18154400.346230112,0.8670780317491604,False
5,12-13,0.01778279410038923,21182121.42699876,16661208.456982045,0.8842806187140462,False
5,12-13,0.03162277660168379,20026673.172661778,15282806.78265562,0.8965608800255729,False
5,12-13,0.05623413251903491,19303552.158193804,14281389.508534627,0.9038959559505789,False
5,12-13,0.1,18913774.397289716,13773988.060542984,0.9077378426769898,False
5,12-13,0.1778279410038923,18706273.024910003,13474086.574429817,0.9097511381101245,False
5,12-13,0.31622776601683794,18557597.534615334,13521707.163831444,0.9111800140989869,False
5,12-13,0.5623413251903491,18392127.76653506,13644652.347393014,0.9127568883753228,False
5,12-13,1.0,18178414.674331307,13646468.50395569,0.9147726061554547,False
5,12-13,1.7782794100389228,17923799.91475407,13518966.920008805,0.9171433499091287,False
5,12-13,3.1622776601683795,17662733.000513446,13306500.40832778,0.919539448646838,False
5,12-13,5.623413251903491,17436242.24304697,13066578.142816603,0.9215897236528978,False
5,12-13,10.0,17269385.7597545,12862346.23346431,0.9230832407198271,False
5,12-13,17.78279410038923,17162025.363847498,12755064.516228331,0.9240366209078384,False
5,12-13,31.622776601683793,17098841.519113455,12756003.94902176,0.9245949260051557,False
5,12-13,56.23413251903491,17063267.429740418,12755851.764403662,0.9249083596850105,False
5,12-13,100.0,17043527.275809675,12755513.3964533,0.9250820032279357,False
5,12-13,177.82794100389228,17032580.47071076,12755235.073075498,0.9251782097610876,False
5,12-13,316.22776601683796,17026488.5544885,12755049.10252339,0.9252317220947915,False
5,12-13,562.341325190349,17023086.07479303,12754934.901332581,0.9252616016707149,False
5,12-13,1000.0,17021180.65139218,12754867.581784079,0.925278331930139,False
5,12-13,1778.2794100389228,17020111.767718524,12754828.734775849,0.9252877162689734,False
5,12-13,3162.2776601683795,17019511.536410842,12754806.574438544,0.9252929857832553,False
5,12-13,5623.413251903491,17019174.272596918,12754794.012802796,0.9252959465877227,False
5,12-13,10000.0,17018984.70155452,12754786.91720581,0.925297610786723,False
5,12-13,17782.794100389227,17018878.125336777,12754782.91703287,0.9252985463857979,False
5,12-13,31622.776601683792,17018818.20181395,12754780.66439809,0.9252990724329729,False
5,12-13,56234.13251903491,17018784.507091854,12754779.396644982,0.9252993682260736,False
5,12-13,100000.0,17018765.5600278,12754778.683417639,0.9252995345548577,False
5,12-13,177827.94100389228,17018754.905586097,12754778.282240042,0.9252996280859076,False
5,12-13,316227.7660168379,17018748.914240357,12754778.056609562,0.9252996806814915,False
5,12-13,562341.3251903491,17018745.545086607,12754777.929718185,0.9252997102579119,False
5,12-13,1000000.0,17018743.650480926,12754777.85835874,0.9252997268898764,False
5,12-13,1778279.410038923,17018742.585068632,12754777.81822938,0.9252997362426921,False
5,12-13,3162277.6601683795,17018741.985944122,12754777.795662649,0.9252997415021592,False
5,12-13,5623413.251903491,17018741.64903194,12754777.782972358,0.9252997444597723,False
5,12-13,10000000.0,17018741.45957237,12754777.775836037,0.9252997461229596,False
5,12-13,17782794.100389227,17018741.35303146,12754777.771822987,0.9252997470582384,False
5,12-13,31622776.60168379,17018741.293119106,12754777.769566271,0.9252997475841842,False
5,12-13,56234132.51903491,17018741.259427935,12754777.768297244,0.9252997478799451,False
5,12-13,100000000.0,17018741.24048198,12754777.767583601,0.9252997480462637,True
5,13-14,0.0001,24381007.74811742,18516684.44888922,0.8429949273909237,False
5,13-14,0.00017782794100389227,24366397.368498724,18493862.073632672,0.8431830423714705,False
5,13-14,0.00031622776601683794,24341435.811600514,18453930.604216848,0.8435041723561946,False
5,13-14,0.0005623413251903491,24300071.636056997,18384896.020319518,0.8440355971066966,False
5,13-14,0.001,24235066.709100477,18267911.500569817,0.8448689192565384,False
5,13-14,0.0017782794100389228,24141780.999424707,18075895.172811978,0.8460608830528268,False
5,13-14,0.0031622776601683794,24026901.954482898,17781957.095627137,0.8475224407595423,False
5,13-14,0.005623413251903491,23917254.298544936,17366728.01649818,0.8489109392466496,False
5,13-14,0.01,23848928.170674674,17133949.613949493,0.8497729600002488,False
5,13-14,0.01778279410038923,23821751.25845964,16987474.916801315,0.8501151456814025,False
5,13-14,0.03162277660168379,23759286.80175543,16797296.636826657,0.8509001594223394,False
5,13-14,0.05623413251903491,23547596.469267704,16506402.647498148,0.853545220716415,False
5,13-14,0.1,23138223.686169244,16170915.983273868,0.8585931624953127,False
5,13-14,0.1778279410038923,22591802.57814083,15805180.861405997,0.865193092011419,False
5,13-14,0.31622776601683794,22010130.828234218,15901700.826376136,0.8720454814323295,False
5,13-14,0.5623413251903491,21459261.57654065,15862686.363979736,0.8783702185719136,False
5,13-14,1.0,20960761.71842898,15673299.791306373,0.8839555162018607,False
5,13-14,1.7782794100389228,20519351.241417706,15390612.824959373,0.8887915903007806,False
5,13-14,3.1622776601683795,20143027.65762948,15075129.114706345,0.8928332951731197,False
5,13-14,5.623413251903491,19844427.98027444,14774263.813773025,0.8959870177307985,False
5,13-14,10.0,19629238.908247497,14515138.661533067,0.8982305796691954,False
5,13-14,17.78279410038923,19488046.261638436,14337937.70975596,0.899689364249999,False
5,13-14,31.622776601683793,19401660.593907367,14305849.496280383,0.9005766974744996,False
5,13-14,56.23413251903491,19350987.594163235,14288416.328800164,0.901095364190451,False
5,13-14,100.0,19321906.828483816,14277550.194657322,0.9013924096330611,False
5,13-14,177.82794100389228,19305391.941758096,14271063.851815844,0.9015609020333201,False
5,13-14,316.22776601683796,19296059.368221104,14267289.389555462,0.9016560534881881,False
5,13-14,562.341325190349,19290798.00960009,14265125.169182152,0.9017096760667065,False
5,13-14,1000.0,19287835.356227342,14263894.669419466,0.9017398643252235,False
5,13-14,1778.2794100389228,19286168.11838749,14263198.396801995,0.9017568507763104,False
5,13-14,3162.2776601683795,19285230.18483944,14262805.480987776,0.9017664061534414,False
5,13-14,5623.413251903491,19284702.628247086,14262584.09232952,0.9017717805327665,False
5,13-14,10000.0,19284405.92436678,14262459.458204806,0.9017748030807654,False
5,13-14,17782.794100389227,19284239.063854456,14262389.327550422,0.9017765028827543,False
5,13-14,31622.776601683792,19284145.227613684,14262349.876345308,0.9017774587826756,False
5,13-14,56234.13251903491,19284092.458455637,14262327.68692405,0.9017779963344984,False
5,13-14,100000.0,19284062.783810128,14262315.207510633,0.9017782986251978,False
5,13-14,177827.94100389228,19284046.09641457,14262308.189382775,0.9017784686167283,False
5,13-14,316227.7660168379,19284036.71236573,14262304.242660943,0.9017785642103001,False
5,13-14,562341.3251903491,19284031.43531568,14262302.023212371,0.9017786179666136,False
5,13-14,1000000.0,19284028.46780869,14262300.775110854,0.9017786481960413,False
5,13-14,1778279.410038923,19284026.799055703,14262300.073247422,0.9017786651953075,False
5,13-14,3162277.6601683795,19284025.860646587,14262299.678559216,0.9017786747547003,False
5,13-14,5623413.251903491,19284025.332940225,14262299.456609288,0.9017786801303431,False
5,13-14,10000000.0,19284025.036189105,14262299.33179754,0.9017786831532894,False
5,13-14,17782794.100389227,19284024.86931367,14262299.261610683,0.9017786848532172,False
5,13-14,31622776.60168379,19284024.77547272,14262299.222141705,0.9017786858091568,False
5,13-14,56234132.51903491,19284024.722702067,14262299.199946662,0.9017786863467212,False
5,13-14,100000000.0,19284024.693026952,14262299.187465468,0.9017786866490158,True
5,14-15,0.0001,25915972.776099745,21328987.17960871,0.816403354924686,False
5,14-15,0.00017782794100389227,25900943.320554376,21313894.997291785,0.81661623965966,False
5,14-15,0.00031622776601683794,25874426.19342526,21287185.39372175,0.8169915403719005,False
5,14-15,0.0005623413251903491,25827923.6046781,21240090.13823634,0.8176487699838656,False
5,14-15,0.001,25747236.739887018,21157587.674173042,0.8187863269080347,False
5,14-15,0.0017782794100389228,25609807.95683358,21015904.44070139,0.8207156609898703,False
5,14-15,0.0031622776601683794,25383052.160556767,20779570.789713904,0.8238764643592124,False
5,14-15,0.005623413251903491,25028216.089592475,20390731.999577925,0.828766196803697,False
5,14-15,0.01,24518005.574660216,19782905.949030276,0.8356763815229806,False
5,14-15,0.01778279410038923,23871372.86294555,18902501.557025913,0.8442297547961177,False
5,14-15,0.03162277660168379,23180026.330190387,18144099.36015025,0.8531217259002386,False
5,14-15,0.05623413251903491,22573646.800627522,17430449.855273254,0.8607057587904958,False
5,14-15,0.1,22130584.28771357,16733978.743264604,0.8661200716405774,False
5,14-15,0.1778279410038923,21833907.43560975,16373819.875101263,0.8696855305003947,False
5,14-15,0.31622776601683794,21612379.727488715,16371102.939379957,0.8723164674091286,False
5,14-15,0.5623413251903491,21401814.09288367,16529189.097183686,0.8747923439908037,False
5,14-15,1.0,21174581.089363664,16482353.541597404,0.8774370049731142,False
5,14-15,1.7782794100389228,20935954.503118914,16293430.179082159,0.8801838825506177,False
5,14-15,3.1622776601683795,20708322.25227521,16050210.732209539,0.8827751893079901,False
5,14-15,5.623413251903491,20516472.90822698,15790268.362052623,0.8849371536953565,False
5,14-15,10.0,20374797.61979444,15671647.890109897,0.8865207862500899,False
5,14-15,17.78279410038923,20281588.950630702,15678886.759924492,0.8875566790036895,False
5,14-15,31.622776601683793,20225001.228616983,15680954.358704928,0.8881832605616977,False
5,14-15,56.23413251903491,20192150.311312735,15681271.299589574,0.8885462073138709,False
5,14-15,100.0,20173466.318526845,15681128.438359972,0.8887523704409361,False
5,14-15,177.82794100389228,20162923.944241464,15680934.695654813,0.8888686130025701,False
5,14-15,316.22776601683796,20156991.218071073,15680787.47850157,0.8889340018412154,False
5,14-15,562.341325190349,20153655.04231148,15680692.129208108,0.8889707637788632,False
5,14-15,1000.0,20151779.254728857,15680634.451798318,0.8889914307566406,False
5,14-15,1778.2794100389228,20150724.560817886,15680600.718335204,0.8890030502763591,False
5,14-15,3162.2776601683795,20150131.51585648,15680581.33499094,0.8890095835613454,False
5,14-15,5623.413251903491,20149798.04056356,15680570.30363033,0.8890132572103568,False
5,14-15,10000.0,20149610.519735515,15680564.05862773,0.8890153229609937,False
5,14-15,17782.794100389227,20149505.07100901,15680560.53362953,0.8890164845876387,False
5,14-15,31622.776601683792,20149445.773469243,15680558.547208123,0.8890171378086197,False
5,14-15,56234.13251903491,20149412.428215194,15680557.428842364,0.8890175051386906,False
5,14-15,100000.0,20149393.67686533,15680556.799521875,0.889017711702592,False
5,14-15,177827.94100389228,20149383.132226877,15680556.445497053,0.8890178278617001,False
5,14-15,316227.7660168379,20149377.202547375,15680556.246372523,0.889017893182669,False
5,14-15,562341.3251903491,20149373.8680456,15680556.134383371,0.8890179299153181,False
5,14-15,1000000.0,20149371.992918096,15680556.07140307,0.8890179505715949,False
5,14-15,1778279.410038923,20149370.93845662,15680556.035985326,0.8890179621874699,False
5,14-15,3162277.6601683795,20149370.34548942,15680556.016068054,0.8890179687195554,False
5,14-15,5623413.251903491,20149370.012039486,15680556.004867615,0.8890179723928168,False
5,14-15,10000000.0,20149369.824526817,15680555.998569109,0.8890179744584432,False
5,14-15,17782794.100389227,20149369.719080675,15680555.99502716,0.8890179756200305,False
5,14-15,31622776.60168379,20149369.659783967,15680555.993035397,0.8890179762732389,False
5,14-15,56234132.51903491,20149369.62643898,15680555.991915338,0.889017976640565,False
5,14-15,100000000.0,20149369.607687715,15680555.991285482,0.8890179768471276,True
5,15-16,0.0001,23191427.764015574,17854349.26714237,0.8580821968532081,False
5,15-16,0.00017782794100389227,23180315.938075826,17844612.096781354,0.8582181598609656,False
5,15-16,0.00031622776601683794,23160726.261790242,17827347.999857023,0.8584576981609237,False
5,15-16,0.0005623413251903491,23126418.86333569,17796809.898630247,0.8588767136612054,False
5,15-16,0.001,23067028.553566325,17743017.53134499,0.8596006124868882,False
5,15-16,0.0017782794100389228,22966250.09582645,17648976.38940617,0.8608247255219603,False
5,15-16,0.0031622776601683794,22800906.414234847,17486798.80213011,0.8628214743632058,False
5,15-16,0.005623413251903491,22544120.256048646,17213856.648115356,0.8658939127197655,False
5,15-16,0.01,22177786.123715855,16805298.20123391,0.8702168566219313,False
5,15-16,0.01778279410038923,21715480.983840186,16351710.293406582,0.8755712285685213,False
5,15-16,0.03162277660168379,21220283.62726293,15806771.264127556,0.8811814425452155,False
5,15-16,0.05623413251903491,20789581.86650618,15125635.226003,0.8859557440838645,False
5,15-16,0.1,20505686.062607784,14738000.617396684,0.8890491803200679,False
5,15-16,0.1778279410038923,20387993.877272647,14648813.826542499,0.8903191277028293,False
5,15-16,0.31622776601683794,20379853.26939682,14909829.245346423,0.8904066979389101,False
5,15-16,0.5623413251903491,20386345.64219673,15164979.081117826,0.8903368609388244,False
5,15-16,1.0,20337149.164154984,15216422.170161616,0.8908655020824786,False
5,15-16,1.7782794100389228,20218077.903408647,15107070.937025102,0.8921396964945009,False
5,15-16,3.1622776601683795,20057981.211467013,14900408.129810346,0.893841115323304,False
5,15-16,5.623413251903491,19899295.581230912,14659906.231504144,0.895514190246698,False
5,15-16,10.0,19772585.7806814,14437651.691867078,0.89684059146044,False
5,15-16,17.78279410038923,19686092.850945517,14371264.33043801,0.8977411357000136,False
5,15-16,31.622776601683793,19632696.669396475,14353846.705085566,0.8982951133540715,False
5,15-16,56.23413251903491,19601471.860423088,14341913.165290674,0.898618369023246,False
5,15-16,100.0,19583657.638609078,14334394.310536454,0.8988025607200817,False
5,15-16,177.82794100389228,19573592.72670476,14329881.62221405,0.8989065537118661,False
5,15-16,316.22776601683796,19567925.37863235,14327248.128033204,0.8989650865333544,False
5,15-16,562.341325190349,19564737.564531934,14326136.740373248,0.898998003082294,False
5,15-16,1000.0,19562944.953285664,14326386.904077087,0.8990165107694349,False
5,15-16,1778.2794100389228,19561936.956765946,14326527.401047494,0.8990269170128204,False
5,15-16,3162.2776601683795,19561370.14835555,14326606.351344904,0.8990327683314943,False
5,15-16,5623.413251903491,19561051.419718344,14326650.730366994,0.8990360585801559,False
5,15-16,10000.0,19560872.18927838,14326675.680838557,0.8990379087597143,False
5,15-16,17782.794100389227,19560771.401867427,14326689.709722126,0.8990389491715597,False
5,15-16,31622.776601683792,19560714.725353565,14326697.598174747,0.8990395342315237,False
5,15-16,56234.13251903491,19560682.853939846,14326702.033997934,0.89903986323281,False
5,15-16,100000.0,19560664.931368943,14326704.52838779,0.899040048243159,False
5,15-16,177827.94100389228,19560654.85278005,14326705.931068318,0.8990401522819111,False
5,15-16,316227.7660168379,19560649.185177255,14326706.71984786,0.8990402107871337,False
5,15-16,562341.3251903491,19560645.998051334,14326707.163409404,0.8990402436870167,False
5,15-16,1000000.0,19560644.205799147,14326707.412841821,0.8990402621879738,False
5,15-16,1778279.410038923,19560643.197941814,14326707.553107796,0.8990402725918243,False
5,15-16,3162277.6601683795,19560642.63118201,14326707.63198508,0.8990402784423389,False
5,15-16,5623413.251903491,19560642.31246957,14326707.676341036,0.8990402817323249,False
5,15-16,10000000.0,19560642.133244406,14326707.701284217,0.8990402835824197,False
5,15-16,17782794.100389227,19560642.032458693,14326707.715310788,0.8990402846228045,False
5,15-16,31622776.60168379,19560641.975782715,14326707.723198509,0.8990402852078558,False
5,15-16,56234132.51903491,19560641.94391148,14326707.727634108,0.8990402855368543,False
5,15-16,100000000.0,19560641.925988954,14326707.730128413,0.899040285721864,True
5,16-17,0.0001,26918109.972992096,20707909.920233853,0.8028476743300152,False
5,16-17,0.00017782794100389227,26878053.398062687,20690085.950808268,0.8034339986303372,False
5,16-17,0.00031622776601683794,26808136.139484808,20658641.996502377,0.8044553137237443,False
5,16-17,0.0005623413251903491,26687792.16934935,20603506.648460854,0.8062070061056891,False
5,16-17,0.001,26485526.134211395,20507842.21814754,0.8091333779068296,False
5,16-17,0.0017782794100389228,26158688.684922878,20344799.573922448,0.8138149880293913,False
5,16-17,0.0031622776601683794,25662299.119905334,20074985.4598796,0.8208140704670324,False
5,16-17,0.005623413251903491,24974041.354178544,19648584.64768375,0.8302966438004997,False
5,16-17,0.01,24130343.34824531,19018372.927873973,0.8415691394021674,False
5,16-17,0.01778279410038923,23245306.96543075,18271960.017521333,0.8529776535998524,False
5,16-17,0.03162277660168379,22482545.58207261,17519595.76794487,0.862468004767693,False
5,16-17,0.05623413251903491,21976737.273654256,16711703.967139037,0.8685867333677275,False
5,16-17,0.1,21740781.468088355,16332703.63647299,0.8713934524713057,False
5,16-17,0.1778279410038923,21652321.91994624,16323992.379933234,0.8724378797493617,False
5,16-17,0.31622776601683794,21561172.679178163,16526175.5617627,0.873509609340991,False
5,16-17,0.5623413251903491,21396216.217346933,16529617.854518738,0.8754376668634065,False
5,16-17,1.0,21166597.058535647,16353665.717536915,0.8780968682328757,False
5,16-17,1.7782794100389228,20909569.311842572,16091979.481562758,0.8810394527861427,False
5,16-17,3.1622776601683795,20661305.872045536,15798411.07223684,0.8838475666553874,False
5,16-17,5.623413251903491,20450708.49705713,15522445.27403673,0.8862033453425376,False
5,16-17,10.0,20293546.889059283,15327366.463712629,0.8879456561371125,False
5,16-17,17.78279410038923,20188645.55533861,15285725.520585006,0.8891011238466999,False
5,16-17,31.622776601683793,20123968.701833367,15275614.45196846,0.8898105425347081,False
5,16-17,56.23413251903491,20085911.936959565,15268460.65692099,0.8902269106161312,False
5,16-17,100.0,20064046.97229123,15263878.891397992,0.8904657723956013,False
5,16-17,177.82794100389228,20051625.432617854,15261104.665004203,0.8906013544734094,False
5,16-17,316.22776601683796,20044605.317295883,15259477.828110445,0.8906779424460514,False
5,16-17,562.341325190349,20040647.56324773,15258541.057851154,0.8907211088835278,False
5,16-17,1000.0,20038418.96995709,15258007.185753101,0.8907454119567306,False
5,16-17,1778.2794100389228,20037164.832265288,15257704.698483175,0.8907590872880282,False
5,16-17,3162.2776601683795,20036459.298425168,15257533.874901958,0.8907667801731611,False
5,16-17,5623.413251903491,20036062.460117947,15257437.584377104,0.8907711070351214,False
5,16-17,10000.0,20035839.274091203,15257383.36354409,0.8907735404700238,False
5,16-17,17782.794100389227,20035713.758723844,15257352.84991336,0.8907749089733406,False
5,16-17,31622.776601683792,20035643.17352004,15257335.68355458,0.8907756785652626,False
5,16-17,56234.13251903491,20035603.479682233,15257326.027897567,0.8907761113467978,False
5,16-17,100000.0,20035581.157924894,15257320.597393822,0.8907763547203285,False
5,16-17,177827.94100389228,20035568.605392333,15257317.543366676,0.8907764915801404,False
5,16-17,316227.7660168379,20035561.546557352,15257315.825888108,0.8907765685423271,False
5,16-17,562341.3251903491,20035557.577074144,15257314.860055877,0.890776611821427,False
5,16-17,1000000.0,20035555.344866976,15257314.316921221,0.8907766361590792,False
5,16-17,1778279.410038923,20035554.08960378,15257314.011491852,0.8907766498451549,False
5,16-17,3162277.6601683795,20035553.383717146,15257313.839735566,0.8907766575414036,False
5,16-17,5623413.251903491,20035552.986767836,15257313.743149687,0.8907766618693229,False
5,16-17,10000000.0,20035552.763546806,15257313.688835375,0.8907766643030911,False
5,16-17,17782794.100389227,20035552.638020374,15257313.658292163,0.8907766656716998,False
5,16-17,31622776.60168379,20035552.567431685,15257313.641116446,0.8907766664413248,False
5,16-17,56234132.51903491,20035552.52773674,15257313.63145783,0.8907766668741169,False
5,16-17,100000000.0,20035552.50541464,15257313.626026396,0.8907766671174937,True
5,17-18,0.0001,25033544.697404258,19932557.113880787,0.8308945991667771,False
5,17-18,0.00017782794100389227,25017948.960049324,19919934.49410869,0.8311052366878154,False
5,17-18,0.00031622776601683794,24990473.086876873,19897604.299389835,0.8314760091184654,False
5,17-18,0.0005623413251903491,24942413.933275763,19858258.30889053,0.8321235624985088,False
5,17-18,0.001,24859405.16424859,19789413.921582237,0.8332390943108421,False
5,17-18,0.0017782794100389228,24719137.352092776,19670407.688260935,0.8351156634002903,False
5,17-18,0.0031622776601683794,24490811.98613607,19468887.385688443,0.8381475982170074,False
5,17-18,0.005623413251903491,24141462.954848137,19139026.91644878,0.8427321502783447,False
5,17-18,0.01,23656598.36107126,18640807.25599468,0.8489859437348193,False
5,17-18,0.01778279410038923,23072495.236025993,17960925.514739733,0.8563512306042016,False
5,17-18,0.03162277660168379,22485857.13725757,17322248.23190376,0.8635631531474324,False
5,17-18,0.05623413251903491,22002356.572363324,16793172.732638735,0.8693675184058697,False
5,17-18,0.1,21668828.012428407,16303301.207403727,0.8732979548727688,False
5,17-18,0.1778279410038923,21464611.279537007,16061172.716843387,0.8756748947257613,False
5,17-18,0.31622776601683794,21331297.652394567,16231714.025163276,0.8772144297703888,False
5,17-18,0.5623413251903491,21205837.267547846,16408889.526791828,0.8786545131231249,False
5,17-18,1.0,21050627.244635873,16392005.376515392,0.8804243192769063,False
5,17-18,1.7782794100389228,20863678.135322515,16232788.752462948,0.8825387743091218,False
5,17-18,3.1622776601683795,20667984.488576375,15994729.163283264,0.8847319267710793,False
5,17-18,5.623413251903491,20493622.241754916,15737369.629037388,0.8866686053792183,False
5,17-18,10.0,20360509.339141417,15566010.303592972,0.8881360743156163,False
5,17-18,17.78279410038923,20270942.08400623,15534721.719916956,0.8891181034700584,False
5,17-18,31.622776601683793,20215618.944238253,15525605.270239579,0.8897225118659503,False
5,17-18,56.23413251903491,20183071.34553272,15518720.05668205,0.8900773244531393,False
5,17-18,100.0,20164381.533313982,15514177.503378693,0.8902808101280113,False
5,17-18,177.82794100389228,20153768.55475336,15511385.720075391,0.8903962752088646,False
5,17-18,316.22776601683796,20147772.35509891,15509735.64605184,0.8904614846557404,False
5,17-18,562.341325190349,20144392.477613635,15508781.42401335,0.8904982327092397,False
5,17-18,1000.0,20142489.48940545,15508236.322378464,0.8905189204246501,False
5,17-18,1778.2794100389228,20141418.652117405,15507927.067313727,0.8905305608235272,False
5,17-18,3162.2776601683795,20140816.258005925,15507752.293732595,0.8905371087991745,False
5,17-18,5623.413251903491,20140477.439023048,15507653.736192968,0.8905407916482732,False
5,17-18,10000.0,20140286.885834157,15507598.226020822,0.8905428628705268,False
5,17-18,17782.794100389227,20140179.723208692,15507566.982749816,0.890544027668531,False
5,17-18,31622.776601683792,20140119.459125556,15507549.404631149,0.8905446827027996,False
5,17-18,56234.13251903491,20140085.569474947,15507539.516964901,0.8905450510620189,False
5,17-18,100000.0,20140066.51171341,15507533.9558474,0.8905452582076461,False
5,17-18,177827.94100389228,20140055.794680025,15507530.828324763,0.8905453746948294,False
5,17-18,316227.7660168379,20140049.76802823,15507529.069502108,0.8905454402005879,False
5,17-18,562341.3251903491,20140046.378986206,15507528.080415765,0.8905454770372468,False
5,17-18,1000000.0,20140044.47318574,15507527.524202932,0.8905454977520423,False
5,17-18,1778279.410038923,20140043.40147471,15507527.21141869,0.8905455094008343,False
5,17-18,3162277.6601683795,20140042.798807103,15507527.035526317,0.8905455159514334,False
5,17-18,5623413.251903491,20140042.459902126,15507526.93661449,0.8905455196351066,False
5,17-18,10000000.0,20140042.269321833,15507526.880992187,0.8905455217065886,False
5,17-18,17782794.100389227,20140042.162150662,15507526.849713445,0.8905455228714685,False
5,17-18,31622776.60168379,20140042.10188387,15507526.832124103,0.8905455235265286,False
5,17-18,56234132.51903491,20140042.067993373,15507526.822232895,0.8905455238948959,False
5,17-18,100000000.0,20140042.04893533,15507526.816670652,0.8905455241020442,True
5,18-19,0.0001,23495367.255559355,18868984.598344002,0.8454990161266831,False
5,18-19,0.00017782794100389227,23485500.02043326,18857407.917387065,0.8456287589309223,False
5,18-19,0.00031622776601683794,23468122.904278878,18836911.41985623,0.8458571155401189,False
5,18-19,0.0005623413251903491,23437748.42166808,18800744.908529047,0.8462558675366456,False
5,18-19,0.001,23385349.090029504,18741028.66571115,0.846942544790428,False
5,18-19,0.0017782794100389228,23297003.114659898,18641390.616148748,0.8480968117768893,False
5,18-19,0.0031622776601683794,23153796.298367217,18471324.756992046,0.8499585716088693,False
5,18-19,0.005623413251903491,22936442.8137878,18189424.909552936,0.852762341334337,False
5,18-19,0.01,22639587.618579257,17743686.009847082,0.8565489281982476,False
5,18-19,0.01778279410038923,22293510.7807151,17194383.188920997,0.8609010964282047,False
5,18-19,0.03162277660168379,21967687.162501555,16744698.938275704,0.8649372947720976,False
5,18-19,0.05623413251903491,21725876.96103823,16143387.154529247,0.8678943461102864,False
5,18-19,0.1,21569585.856703132,15786725.752624985,0.8697881866987272,False
5,18-19,0.1778279410038923,21444292.320757408,15703880.937551606,0.8712965433413284,False
5,18-19,0.31622776601683794,21291358.039226517,15818920.599895477,0.8731257464819153,False
5,18-19,0.5623413251903491,21084228.966330986,15924073.893910361,0.8755822849098788,False
5,18-19,1.0,20832683.82788149,15850089.235742215,0.8785333038101331,False
5,18-19,1.7782794100389228,20567189.377602383,15661026.15361964,0.8816095510142301,False
5,18-19,3.1622776601683795,20321876.538218923,15403891.284948539,0.8844168860286032,False
5,18-19,5.623413251903491,20123717.680376325,15195337.712003937,0.8866600007437804,False
5,18-19,10.0,19984004.44672229,15157392.748434313,0.8882283122024003,False
5,18-19,17.78279410038923,19896357.713722188,15164939.364530852,0.8892065886544082,False
5,18-19,31.622776601683793,19845482.091262892,15167638.357067697,0.8897724688277886,False
5,18-19,56.23413251903491,19817039.31993955,15168516.943715578,0.890088201120199,False
5,18-19,100.0,19801310.718248606,15168771.64110931,0.8902626038478519,False
5,18-19,177.82794100389228,19792602.974459294,15168831.050309788,0.8903590979674258,False
5,18-19,316.22776601683796,19787761.030474965,15168836.321553644,0.8904127351945922,False
5,18-19,562.341325190349,19785057.796337903,15168830.07662964,0.8904426748931632,False
5,18-19,1000.0,19783544.28063041,15168823.594970118,0.8904594360663485,False
5,18-19,1778.2794100389228,19782695.342163544,15168819.000407457,0.8904688369302033,False
5,18-19,3162.2776601683795,19782218.650796324,15168816.114495244,0.8904741154759128,False
5,18-19,5623.413251903491,19781950.812054984,15168814.395724708,0.8904770812783824,False
5,18-19,10000.0,19781800.26672149,15168813.39880133,0.8904787482627705,False
5,18-19,17782.794100389227,19781715.63153898,15168812.828569936,0.8904796854202764,False
5,18-19,31622.776601683792,19781668.04486495,15168812.504861139,0.890480212341332,False
5,18-19,56234.13251903491,19781641.287186857,15168812.321863346,0.8904805086250664,False
5,18-19,100000.0,19781626.240958657,15168812.218651542,0.8904806752295062,False
5,18-19,177827.94100389228,19781617.780070506,15168812.160514947,0.8904807689154902,False
5,18-19,316227.7660168379,19781613.022235494,15168812.127791883,0.8904808215981753,False
5,18-19,562341.3251903491,19781610.34673101,15168812.109380703,0.8904808512235686,False
5,18-19,1000000.0,19781608.84219149,15168812.099024305,0.8904808678830698,False
5,18-19,1778279.410038923,19781607.996129032,15168812.09319952,0.8904808772513699,False
5,18-19,3162277.6601683795,19781607.520353857,15168812.089923674,0.8904808825195443,False
5,18-19,5623413.251903491,19781607.252806045,15168812.088081444,0.8904808854820537,False
5,18-19,10000000.0,19781607.10235292,15168812.087045444,0.8904808871479944,False
5,18-19,17782794.100389227,19781607.017746937,15168812.086462855,0.8904808880848215,False
5,18-19,31622776.60168379,19781606.970169507,15168812.086135235,0.890480888611638,False
5,18-19,56234132.51903491,19781606.94341475,15168812.08595101,0.8904808889078886,False
5,18-19,100000000.0,19781606.92836946,15168812.08584741,0.8904808890744824,True
5,19-20,0.0001,29932371.91006232,23233497.26720314,0.7531518393506402,False
5,19-20,0.00017782794100389227,29877051.41207247,23200110.066328842,0.7540634372715792,False
5,19-20,0.00031622776601683794,29780953.07384272,23141708.02427009,0.7556429830977802,False
5,19-20,0.0005623413251903491,29616863.070684876,23040769.835989725,0.7583283289730602,False
5,19-20,0.001,29344556.521285895,22869740.575942267,0.7627519065538892,False
5,19-20,0.0017782794100389228,28912620.687916443,22588812.890690066,0.7696848283634345,False
5,19-20,0.0031622776601683794,28271523.018469725,22147640.828289554,0.7797854348231825,False
5,19-20,0.005623413251903491,27400420.858144127,21494027.03971327,0.7931468699237376,False
5,19-20,0.01,26334669.2209537,20588724.76646612,0.8089252211711707,False
5,19-20,0.01778279410038923,25172889.210874453,19465708.073673792,0.8254122536538901,False
5,19-20,0.03162277660168379,24056467.935514197,18300219.31902763,0.8405548344246487,False
5,19-20,0.05623413251903491,23120708.601536117,17384522.331004225,0.8527179194741754,False
5,19-20,0.1,22433388.349629655,16623085.507137414,0.8613444112465791,False
5,19-20,0.1778279410038923,21969631.74346414,16163040.34746551,0.8670179006638351,False
5,19-20,0.31622776601683794,21645713.09973317,16251491.626172699,0.870910349260263,False
5,19-20,0.5623413251903491,21379102.11566282,16349570.395757353,0.8740707683891323,False
5,19-20,1.0,21124973.177396975,16267553.697344178,0.8770467642602003,False
5,19-20,1.7782794100389228,20875365.14279659,16080329.332261505,0.8799351751886964,False
5,19-20,3.1622776601683795,20644005.135998197,15833037.472444238,0.8825817652450094,False
5,19-20,5.623413251903491,20451611.360092103,15590416.208764913,0.8847601477886476,False
5,19-20,10.0,20311095.496632244,15501201.783354558,0.8863382531753327,False
5,19-20,17.78279410038923,20219813.697584037,15505979.374752017,0.8873575910635085,False
5,19-20,31.622776601683793,20165131.023852024,15506936.082192281,0.8879660298118885,False
5,19-20,56.23413251903491,20133760.488554176,15506761.761314446,0.8883143371785616,False
5,19-20,100.0,20116079.42473437,15506397.385344254,0.8885104112555262,False
5,19-20,177.82794100389228,20106164.448367152,15506099.250208342,0.8886202879557419,False
5,19-20,316.22776601683796,20100606.56021689,15505900.299516056,0.8886818561801727,False
5,19-20,562.341325190349,20097488.52065519,15505778.177221963,0.8887163892132328,False
5,19-20,1000.0,20095737.79598436,15505706.19896853,0.8887357765587528,False
5,19-20,1778.2794100389228,20094754.20092679,15505664.66613201,0.8887466680485905,False
5,19-20,3162.2776601683795,20094201.383918386,15505640.974296935,0.8887527892369905,False
5,19-20,5623.413251903491,20093890.608725708,15505627.544703074,0.8887562302899936,False
5,19-20,10000.0,20093715.877926335,15505619.958879601,0.888758164970407,False
5,19-20,17782.794100389227,20093617.62942522,15505615.682354564,0.8887592528047229,False
5,19-20,31622.776601683792,20093562.383358892,15505613.274101049,0.8887598645019656,False
5,19-20,56234.13251903491,20093531.317203358,15505611.918769209,0.8887602084728966,False
5,19-20,100000.0,20093513.84773391,15505611.156271243,0.8887604018982596,False
5,19-20,177827.94100389228,20093504.024028577,15505610.72737997,0.8887605106681616,False
5,19-20,316227.7660168379,20093498.49978448,15505610.486162784,0.8887605718336016,False
5,19-20,562341.3251903491,20093495.393283665,15505610.35050567,0.8887606062293388,False
5,19-20,1000000.0,20093493.64637302,15505610.27421668,0.8887606255714462,False
5,19-20,1778279.410038923,20093492.664013974,15505610.231315168,0.8887606364483007,False
5,19-20,3162277.6601683795,20093492.111593187,15505610.207189523,0.8887606425648019,False
5,19-20,5623413.251903491,20093491.800944258,15505610.193622569,0.888760646004362,False
5,19-20,10000000.0,20093491.626253553,15505610.185993278,0.8887606479385686,False
5,19-20,17782794.100389227,20093491.52801777,15505610.181703007,0.8887606490262525,False
5,19-20,31622776.60168379,20093491.472775728,15505610.179290405,0.8887606496379022,False
5,19-20,56234132.51903491,20093491.441710852,15505610.177933693,0.888760649981858,False
5,19-20,100000000.0,20093491.424241778,15505610.177170753,0.8887606501752787,True
5,20-21,0.0001,25646964.13566871,20423427.711381257,0.8141802543257621,False
5,20-21,0.00017782794100389227,25631219.864891544,20406938.111268792,0.814408327979018,False
5,20-21,0.00031622776601683794,25603487.231758516,20377791.137604658,0.8148097260643984,False
5,20-21,0.0005623413251903491,25554992.131466236,20326508.615488816,0.8155105927566217,False
5,20-21,0.001,25471259.505225897,20237005.785525613,0.816717595651453,False
5,20-21,0.0017782794100389228,25329798.970508188,20082959.2592156,0.8187477450039445,False
5,20-21,0.0031622776601683794,25099354.476779398,19823983.469622668,0.8220307228009783,False
5,20-21,0.005623413251903491,24745195.66744781,19404913.874853916,0.8270176802428544,False
5,20-21,0.01,24246216.348389238,18772357.379930414,0.8339236144277862,False
5,20-21,0.01778279410038923,23620752.71538338,17910355.458380006,0.8423814244193367,False
5,20-21,0.03162277660168379,22937609.240659624,17058523.569010116,0.851366661672385,False
5,20-21,0.05623413251903491,22291755.260942336,16348229.583235966,0.8596189569289281,False
5,20-21,0.1,21763961.561616052,15618604.307901759,0.866187762473952,False
5,20-21,0.1778279410038923,21386476.231478617,15166406.976008523,0.8707893238321467,False
5,20-21,0.31622776601683794,21125858.288601827,15367956.417306738,0.8739192868003196,False
5,20-21,0.5623413251903491,20910772.689316552,15569157.312483927,0.876473511901174,False
5,20-21,1.0,20685727.66586385,15601576.321309306,0.8791180275393496,False
5,20-21,1.7782794100389228,20438200.722169794,15511170.68714864,0.8819936840269975,False
5,20-21,3.1622776601683795,20190303.442957755,15326191.621088667,0.8848389477430283,False
5,20-21,5.623413251903491,19975476.881917458,15110732.394739948,0.8872765571506607,False
5,20-21,10.0,19815321.829344187,15040480.347779352,0.8890768503188797,False
5,20-21,17.78279410038923,19710062.89861232,15048496.955877367,0.8902521672493247,False
5,20-21,31.622776601683793,19646493.899648283,15051076.552473811,0.8909589442376475,False
5,20-21,56.23413251903491,19609802.666528106,15051717.004815,0.8913658478693588,False
5,20-21,100.0,19589031.923339598,15051770.6660743,0.8915958570250457,False
5,20-21,177.82794100389228,19577350.19863821,15051692.83700166,0.891725109942989,False
5,20-21,316.22776601683796,19570789.91255744,15051612.675368227,0.8917976626873902,False
5,20-21,562.341325190349,19567105.45406822,15051555.658525232,0.8918383998773445,False
5,20-21,1000.0,19565035.361079093,15051519.740533244,0.8918612844809657,False
5,20-21,1778.2794100389228,19563871.906892236,15051498.308752807,0.891874145250003,False
5,20-21,3162.2776601683795,19563217.864351217,15051485.864055471,0.8918813746703366,False
5,20-21,5623.413251903491,19562850.139608413,15051478.74122883,0.89188543918777,False
5,20-21,10000.0,19562643.375439726,15051474.696264535,0.891887724549974,False
5,20-21,17782.794100389227,19562527.11063472,15051472.409106573,0.8918890096130435,False
5,20-21,31622.776601683792,19562461.732429318,15051471.118985292,0.8918897322283462,False
5,20-21,56234.13251903491,19562424.968291897,15051470.392244728,0.8918901385756721,False
5,20-21,100000.0,19562404.294529125,15051469.983172458,0.8918903670786773,False
5,20-21,177827.94100389228,19562392.66889109,15051469.75300897,0.8918904955744459,False
5,20-21,316227.7660168379,19562386.131337523,15051469.623538911,0.8918905678326374,False
5,20-21,562341.3251903491,19562382.455008302,15051469.550720025,0.8918906084663131,False
5,20-21,1000000.0,19562380.38765877,15051469.509766988,0.8918906313162792,False
5,20-21,1778279.410038923,19562379.225103434,15051469.486736165,0.8918906441657503,False
5,20-21,3162277.6601683795,19562378.57135075,15051469.473784568,0.8918906513915359,False
5,20-21,5623413.251903491,19562378.20371868,15051469.466501238,0.8918906554548929,False
5,20-21,10000000.0,19562377.996983983,15051469.46240547,0.8918906577398863,False
5,20-21,17782794.100389227,19562377.880728547,15051469.460102253,0.8918906590248322,False
5,20-21,31622776.60168379,19562377.815353308,15051469.458807047,0.8918906597474104,False
5,20-21,56234132.51903491,19562377.778590105,15051469.4580787,0.8918906601537461,False
5,20-21,100000000.0,19562377.757916637,15051469.457669115,0.8918906603822454,True
5,21-22,0.0001,18494365.93248146,14068994.114958104,0.9009446484775575,False
5,21-22,0.00017782794100389227,18489485.392984204,14068606.320744066,0.9009969216691363,False
5,21-22,0.00031622776601683794,18480946.54922463,14067898.18108818,0.9010883440742641,False
5,21-22,0.0005623413251903491,18466190.81839852,14066581.494422419,0.9012462289647567,False
5,21-22,0.001,18441230.5976221,14064064.974286787,0.9015130138229517,False
5,21-22,0.0017782794100389228,18400505.002825327,14059070.696421435,0.9019475306185082,False
5,21-22,0.0031622776601683794,18337844.3009732,14048723.285423053,0.9026142052734585,False
5,21-22,0.005623413251903491,18249697.829552293,14026521.089363996,0.9035481845026798,False
5,21-22,0.01,18140090.30615044,13978558.137284493,0.9047032827974749,False
5,21-22,0.01778279410038923,18022222.37726475,13879017.485237988,0.9059376685494341,False
5,21-22,0.03162277660168379,17912750.186537165,13691104.546865737,0.9070769215405191,False
5,21-22,0.05623413251903491,17828786.873365205,13435394.558189666,0.9079460057184559,False
5,21-22,0.1,17794377.306028157,13255251.440807717,0.9083009913338318,True
5,21-22,0.1778279410038923,17832040.94757559,13543884.54277492,0.9079123996332453,False
5,21-22,0.31622776601683794,17934327.76220523,13872316.532676551,0.9068529177026426,False
5,21-22,0.5623413251903491,18061195.85876924,14105427.372263527,0.9055304046398673,False
5,21-22,1.0,18170957.237555154,14358262.284327451,0.9043786956751184,False
5,21-22,1.7782794100389228,18242324.04126946,14534632.890829744,0.9036261114459521,False
5,21-22,3.1622776601683795,18273532.736974817,14620080.73904669,0.9032960793599057,False
5,21-22,5.623413251903491,18274703.05947931,14651062.897835378,0.9032836922205005,False
5,21-22,10.0,18260559.375333805,14654931.04686784,0.9034333412246561,False
5,21-22,17.78279410038923,18243198.93820882,14648783.566643523,0.903616867092891,False
5,21-22,31.622776601683793,18228745.098107185,14641159.403216299,0.9037695327001194,False
5,21-22,56.23413251903491,18218640.750967354,14635092.695636874,0.9038761858517201,False
5,21-22,100.0,18212214.608549673,14631003.117140954,0.9039439841455998,False
5,21-22,177.82794100389228,18208340.07412331,14628463.667587256,0.9039848504278857,False
5,21-22,316.22776601683796,18206073.691989344,14626954.72844195,0.9040087508467027,False
5,21-22,562.341325190349,18204770.554323338,14626079.631150026,0.904022491902321,False
5,21-22,1000.0,18204028.50580542,14625578.948472165,0.9040303160620289,False
5,21-22,1778.2794100389228,18203608.266847618,14625294.647975234,0.9040347469202245,False
5,21-22,3162.2776601683795,18203371.009025373,14625133.899782216,0.9040372484417081,False
5,21-22,5623.413251903491,18203237.290822145,14625043.226897184,0.9040386582816304,False
5,21-22,10000.0,18203162.00102576,14624992.14983329,0.9040394520849327,False
5,21-22,17782.794100389227,18203119.632537354,14624963.399242278,0.9040398987873935,False
5,21-22,31622.776601683792,18203095.797516562,14624947.222784748,0.9040401500860232,False
5,21-22,56234.13251903491,18203082.391104024,14624938.123306485,0.904040291433064,False
5,21-22,100000.0,18203074.851176824,14624933.005412078,0.9040403709282891,False
5,21-22,177827.94100389228,18203070.610864528,14624930.127129685,0.9040404156348842,False
5,21-22,316227.7660168379,18203068.226266947,14624928.508464374,0.9040404407762445,False
5,21-22,562341.3251903491,18203066.88527921,14624927.59819407,0.9040404549145848,False
5,21-22,1000000.0,18203066.13117692,14624927.086302662,0.9040404628652573,False
5,21-22,1778279.410038923,18203065.707111042,14624926.798442174,0.9040404673362804,False
5,21-22,3162277.6601683795,18203065.468640324,14624926.63656544,0.9040404698505314,False
5,21-22,5623413.251903491,18203065.33453808,14624926.545535186,0.9040404712644019,False
5,21-22,10000000.0,18203065.259126753,14624926.494345019,0.9040404720594807,False
5,21-22,17782794.100389227,18203065.21671982,14624926.465558646,0.9040404725065866,False
5,21-22,31622776.60168379,18203065.19287264,14624926.449370872,0.9040404727580129,False
5,21-22,56234132.51903491,18203065.179462384,14624926.440267818,0.9040404728994003,False
5,21-22,100000000.0,18203065.17192124,14624926.435148792,0.9040404729789082,False
5,22-23,0.0001,26587741.71308711,21007357.27274514,0.8084113162839666,False
5,22-23,0.00017782794100389227,26559110.15610045,20975209.258331478,0.8088237265441309,False
5,22-23,0.00031622776601683794,26508859.985631462,20918546.574237403,0.8095464580160971,False
5,22-23,0.0005623413251903491,26421547.80059608,20819349.887401883,0.8107989848764459,False
5,22-23,0.001,26272458.223664097,20647722.68649233,0.8129281799392724,False
5,22-23,0.0017782794100389228,26025340.446528837,20356683.279816523,0.8164308106317619,False
5,22-23,0.0031622776601683794,25635463.001571074,19879313.80918472,0.821889598514198,False
5,22-23,0.005623413251903491,25066686.900679737,19141226.984329082,0.8297054206208208,False
5,22-23,0.01,24328173.153922405,18497260.644683596,0.8395920281539802,False
5,22-23,0.01778279410038923,23510732.458971806,17931102.32336754,0.8501905290741117,False
5,22-23,0.03162277660168379,22769646.34782591,17474685.085710417,0.8594860242644777,False
5,22-23,0.05623413251903491,22232100.499504533,16935753.38116437,0.8660422188618118,False
5,22-23,0.1,21906331.345537685,16605507.984917376,0.8699392494152602,False
5,22-23,0.1778279410038923,21692709.352247056,16257251.856836502,0.8724634847868961,False
5,22-23,0.31622776601683794,21480771.257726017,16132956.282937888,0.8749433783381912,False
5,22-23,0.5623413251903491,21221114.710105468,15984522.78674265,0.8779484392969357,False
5,22-23,1.0,20923007.458333615,15737290.075799247,0.8813534344998837,False
5,22-23,1.7782794100389228,20620375.664483283,15433707.764667092,0.8847608364238007,False
5,22-23,3.1622776601683795,20347565.964893047,15112417.849701665,0.8877899175345491,False
5,22-23,5.623413251903491,20128961.954857334,14841328.33796856,0.8901880232672451,False
5,22-23,10.0,19973233.548920844,14777200.505007485,0.8918805788489517,False
5,22-23,17.78279410038923,19873015.460747022,14767440.78221398,0.8929628610335312,False
5,22-23,31.622776601683793,19812899.09904122,14759468.682437679,0.8936094615292486,False
5,22-23,56.23413251903491,19778207.446304895,14753921.376914103,0.8939817071369063,False
5,22-23,100.0,19758531.879418224,14750395.082366696,0.8941925384213637,False
5,22-23,177.82794100389228,19747444.50560335,14748267.966460876,0.8943112514654055,False
5,22-23,316.22776601683796,19741208.957189683,14747023.092248356,0.8943779865064138,False
5,22-23,562.341325190349,19737703.5726495,14746307.045425693,0.8944154931152862,False
5,22-23,1000.0,19735732.95866587,14745899.210996859,0.8944365751948987,False
5,22-23,1778.2794100389228,19734625.0403912,14745668.213138597,0.8944484270338868,False
5,22-23,3162.2776601683795,19734002.09640272,14745537.78626318,0.8944550906193304,False
5,22-23,5623.413251903491,19733651.817431513,14745488.96323202,0.8944588374350024,False
5,22-23,10000.0,19733454.850276195,14745546.708376464,0.8944609442968247,False
5,22-23,17782.794100389227,19733344.09045892,14745579.192398543,0.8944621290314602,False
5,22-23,31622.776601683792,19733281.806579348,14745597.463158919,0.8944627952436989,False
5,22-23,56234.13251903491,19733246.78207969,14745607.738718001,0.8944631698782425,False
5,22-23,100000.0,19733227.086451177,14745613.517454974,0.8944633805494195,False
5,22-23,177827.94100389228,19733216.010815464,14745616.767193194,0.8944634990181137,False
5,22-23,316227.7660168379,19733209.782537334,14745618.594691841,0.8944635656378251,False
5,22-23,562341.3251903491,19733206.28012216,14745619.622381398,0.8944636031008005,False
5,22-23,1000000.0,19733204.310570322,14745620.200297369,0.8944636241677666,False
5,22-23,1778279.410038923,19733203.20301024,14745620.525284564,0.8944636360145881,False
5,22-23,3162277.6601683795,19733202.580183532,14745620.708038663,0.894463642676544,False
5,22-23,5623413.251903491,19733202.229942363,14745620.810808957,0.8944636464228368,False
5,22-23,10000000.0,19733202.0329873,14745620.868600978,0.8944636485295318,False
5,22-23,17782794.100389227,19733201.92223132,14745620.901099825,0.8944636497142135,False
5,22-23,31622776.60168379,19733201.859948657,14745620.919375274,0.894463650380409,False
5,22-23,56234132.51903491,19733201.82492454,14745620.92965232,0.8944636507550382,False
5,22-23,100000000.0,19733201.805229038,14745620.935431523,0.8944636509657077,True
5,23-24,0.0001,22337434.59594231,17367003.9711739,0.8665626569142302,False
5,23-24,0.00017782794100389227,22325938.362918507,17357036.802602943,0.8666999718803521,False
5,23-24,0.00031622776601683794,22305666.36804207,17339399.17663486,0.8669419353414772,False
5,23-24,0.0005623413251903491,22270150.74345748,17308305.745119456,0.8673653145900283,False
5,23-24,0.001,22208633.830347255,17253852.742409755,0.8680970570297751,False
5,23-24,0.0017782794100389228,22104170.16039401,17159579.950852443,0.8693350133151573,False
5,23-24,0.0031622776601683794,21932687.45114219,17022590.720457144,0.8713545300459665,False
5,23-24,0.005623413251903491,21666610.823272374,16832872.110214498,0.8744569245721502,False
5,23-24,0.01,21289093.645817306,16532109.48069225,0.8787937142572116,False
5,23-24,0.01778279410038923,20819860.093228776,16085903.96810375,0.8840778541648937,False
5,23-24,0.03162277660168379,20331347.380900014,15480181.45045466,0.8894539778388788,False
5,23-24,0.05623413251903491,19919553.941468306,14741645.518945538,0.893886652235921,False
5,23-24,0.1,19643748.67644751,14355931.210233275,0.8968047906563962,False
5,23-24,0.1778279410038923,19499695.615625396,14068626.811729992,0.8983127593520884,False
5,23-24,0.31622776601683794,19440471.22192864,14383580.901113264,0.8989295094533702,False
5,23-24,0.5623413251903491,19412406.02358676,14555212.268943755,0.8992211192432527,False
5,23-24,1.0,19380702.438643474,14583197.884553527,0.8995500267249567,False
5,23-24,1.7782794100389228,19331619.47391809,14510292.4686163,0.9000581754098423,False
5,23-24,3.1622776601683795,19264552.841375265,14380325.755987188,0.9007504231323077,False
5,23-24,5.623413251903491,19188759.613180343,14273943.191746004,0.9015298492600795,False
5,23-24,10.0,19118090.674901128,14213273.039164683,0.9022538113234452,False
5,23-24,17.78279410038923,19062243.607711088,14183354.165036721,0.902824042418211,False
5,23-24,31.622776601683793,19023272.8564821,14162466.409260953,0.9032209683062853,False
5,23-24,56.23413251903491,18998287.89484926,14149050.363917265,0.9034750184385619,False
5,23-24,100.0,18983108.537373345,14140882.530180426,0.9036292009498371,False
5,23-24,177.82794100389228,18974182.169555813,14136071.464401092,0.9037198119204516,False
5,23-24,316.22776601683796,18969032.52268733,14133292.898699334,0.9037720662608631,False
5,23-24,562.341325190349,18966094.33034168,14131706.48030836,0.9038018742419418,False
5,23-24,1000.0,18964428.450583298,14130806.660868233,0.9038187725521323,False
5,23-24,1778.2794100389228,18963487.311892897,14130298.18991822,0.9038283185955138,False
5,23-24,3162.2776601683795,18962956.689142812,14130011.471245816,0.9038337005347398,False
5,23-24,5623.413251903491,18962657.859835554,14129849.98855553,0.9038367313998831,False
5,23-24,10000.0,18962489.676959064,14129759.101291068,0.9038384371674526,False
5,23-24,17782.794100389227,18962395.056840703,14129707.96665638,0.9038393968300192,False
5,23-24,31622.776601683792,18962341.834136505,14129679.203637037,0.9038399366268266,False
5,23-24,56234.13251903491,18962311.900413144,14129663.026503196,0.9038402402208119,False
5,23-24,100000.0,18962295.06605269,14129653.928641785,0.9038404109581509,False
5,23-24,177827.94100389228,18962285.598956272,14129648.812288316,0.9038405069752069,False
5,23-24,316227.7660168379,18962280.275077622,14129645.93507225,0.9038405609709552,False
5,23-24,562341.3251903491,18962277.281196658,14129644.317069752,0.9038405913354354,False
5,23-24,1000000.0,18962275.59759976,14129643.407192182,0.9038406084107763,False
5,23-24,1778279.410038923,18962274.650839247,14129642.895527918,0.9038406180129902,False
5,23-24,3162277.6601683795,18962274.118435297,14129642.607797168,0.9038406234127258,False
5,23-24,5623413.251903491,18962273.81904211,14129642.445994025,0.9038406264492246,False
5,23-24,10000000.0,18962273.650680818,14129642.355005354,0.9038406281567747,False
5,23-24,17782794.100389227,18962273.55600426,14129642.303838639,0.9038406291170011,False
5,23-24,31622776.60168379,18962273.50276371,14129642.275065478,0.9038406296569762,False
5,23-24,56234132.51903491,18962273.472824324,14129642.258885125,0.9038406299606269,False
5,23-24,100000000.0,18962273.455988187,14129642.24978626,0.9038406301313819,True
5,24-25,0.0001,23325504.417841367,19085560.461100444,0.8478646765451372,False
5,24-25,0.00017782794100389227,23311067.34976103,19069291.626213517,0.8480529432824846,False
5,24-25,0.00031622776601683794,23285845.842539296,19040800.718129735,0.8483815649218144,False
5,24-25,0.0005623413251903491,23242343.590286616,18991459.577873323,0.8489475381246995,False
5,24-25,0.001,23168852.75351304,18907565.66449578,0.8499012647992554,False
5,24-25,0.0017782794100389228,23048578.78218617,18768956.935602836,0.8514556026806196,False
5,24-25,0.0031622776601683794,22860266.31659778,18549200.704294667,0.8538729742553302,False
5,24-25,0.005623413251903491,22581275.945228774,18218708.331444815,0.8574179253768477,False
5,24-25,0.01,22193502.736114994,17750311.33113497,0.8622728134550517,False
5,24-25,0.01778279410038923,21694890.54514865,17125951.82003975,0.868391814796951,False
5,24-25,0.03162277660168379,21120924.161841717,16346603.721717255,0.8752634270107242,False
5,24-25,0.05623413251903491,20565197.767575882,15601347.298585856,0.8817411219632055,False
5,24-25,0.1,20160820.2156567,15034017.783559173,0.886346093616835,False
5,24-25,0.1778279410038923,19994010.659082387,14782117.105949666,0.8882190458553338,False
5,24-25,0.31622776601683794,20016142.739256207,15070382.003118513,0.8879714402768397,False
5,24-25,0.5623413251903491,20080592.81970336,15368939.87374392,0.8872488361227624,False
5,24-25,1.0,20075464.931990314,15544932.808820523,0.8873064142520634,False
5,24-25,1.7782794100389228,19992197.612418897,15578494.119740356,0.8882393174157197,False
5,24-25,3.1622776601683795,19886198.45404826,15514498.771647507,0.8894212918232234,False
5,24-25,5.623413251903491,19808215.41196963,15419608.176743982,0.8902868525442631,False
5,24-25,10.0,19771890.8600074,15321789.297426933,0.8906888702640833,False
5,24-25,17.78279410038923,19764304.52459651,15244380.663155915,0.8907727379940324,True
5,24-25,31.622776601683793,19768796.68795902,15222735.302442832,0.8907230805456801,False
5,24-25,56.23413251903491,19775594.376772933,15233894.852826696,0.8906479158081002,False
5,24-25,100.0,19781151.045029305,15240449.968932517,0.890586454330717,False
5,24-25,177.82794100389228,19784908.7130989,15244235.263736907,0.8905448815388723,False
5,24-25,316.22776601683796,19787239.012536854,15246397.338903595,0.8905190964088407,False
5,24-25,562.341325190349,19788621.38499571,15247624.140882304,0.8905037988049294,False
5,24-25,1000.0,19789422.106865205,15248317.567697532,0.8904949373713744,False
5,24-25,1778.2794100389228,19789879.8819471,15248708.644806832,0.89048987110228,False
5,24-25,3162.2776601683795,19790139.69809296,15248928.92481744,0.8904869956238469,False
5,24-25,5623.413251903491,19790286.56288049,15249052.912020938,0.89048537020189,False
5,24-25,10000.0,19790369.391807545,15249122.671482,0.8904844534897204,False
5,24-25,17782.794100389227,19790416.046193033,15249161.911612937,0.8904839371389192,False
5,24-25,31622.776601683792,19790442.30601668,15249183.981600236,0.8904836465058775,False
5,24-25,56234.13251903491,19790457.08063634,15249196.393617654,0.8904834829862301,False
5,24-25,100000.0,19790465.39143077,15249203.373772196,0.8904833910055905,False
5,24-25,177827.94100389228,19790470.06569783,15249207.299116762,0.8904833392726041,False
5,24-25,316227.7660168379,19790472.694472916,15249209.506536646,0.8904833101783292,False
5,24-25,562341.3251903491,19790474.172818184,15249210.747871585,0.8904832938165689,False
5,24-25,1000000.0,19790475.00417699,15249211.445929162,0.8904832846154068,False
5,24-25,1778279.410038923,19790475.471692033,15249211.83847694,0.8904832794411285,False
5,24-25,3162277.6601683795,19790475.73459749,15249212.059223145,0.890483276531391,False
5,24-25,5623413.251903491,19790475.88244085,15249212.183357973,0.890483274895117,False
5,24-25,10000000.0,19790475.965579513,15249212.253164146,0.89048327397497,False
5,24-25,17782794.100389227,19790476.012331907,15249212.292419057,0.8904832734575323,False
5,24-25,31622776.60168379,19790476.03862273,15249212.314493721,0.8904832731665555,False
5,24-25,56234132.51903491,19790476.053407148,15249212.32690722,0.8904832730029272,False
5,24-25,100000000.0,19790476.06172105,15249212.333887842,0.8904832729109121,False
5,25-26,0.0001,23618776.060480572,18552935.337451093,0.8481811658735195,False
5,25-26,0.00017782794100389227,23612146.7972645,18548977.81996123,0.8482663782288422,False
5,25-26,0.00031622776601683794,23600510.776754223,18541891.770771775,0.8484158894540663,False
5,25-26,0.0005623413251903491,23580288.428526226,18529144.860119797,0.848675551068488,False
5,25-26,0.001,23545743.50937724,18506054.78999621,0.8491186043207781,False
5,25-26,0.0017782794100389228,23488434.78291369,18463855.459607564,0.8498521804548669,False
5,25-26,0.0031622776601683794,23397843.281819552,18386137.506458577,0.8510081438713134,False
5,25-26,0.005623413251903491,23265082.71423866,18243292.619099256,0.8526941220264161,False
5,25-26,0.01,23090728.33283335,17987436.998941932,0.8548937433663866,False
5,25-26,0.01778279410038923,22891527.828228008,17811142.5385511,0.857386567186021,False
5,25-26,0.03162277660168379,22693539.82595684,17551518.686220113,0.8598428159678979,False
5,25-26,0.05623413251903491,22512501.93831267,17162035.363957047,0.8620701062932254,False
5,25-26,0.1,22347902.095293004,16626801.173858544,0.8640796778377112,False
5,25-26,0.1778279410038923,22193033.125996575,16321290.135919694,0.8659569818774575,False
5,25-26,0.31622776601683794,22031456.339919645,16526672.781737106,0.8679016821204666,False
5,25-26,0.5623413251903491,21832234.501858838,16725264.309342522,0.8702799073917791,False
5,25-26,1.0,21569797.18068503,16724152.657106273,0.8733797991596209,False
5,25-26,1.7782794100389228,21252253.773097936,16562358.2570047,0.8770804783663202,False
5,25-26,3.1622776601683795,20927161.24146426,16315497.181870112,0.8808122788775117,False
5,25-26,5.623413251903491,20652769.924936686,16054105.932120074,0.8839173031863634,False
5,25-26,10.0,20459145.431595437,15825904.854858318,0.8860837043484299,False
5,25-26,17.78279410038923,20339663.21444079,15792367.919745456,0.8874103704415133,False
5,25-26,31.622776601683793,20271457.59312739,15794785.880556384,0.8881642049598908,False
5,25-26,56.23413251903491,20233752.882966924,15795601.551291235,0.8885798449970612,False
5,25-26,100.0,20213033.112142805,15795860.83706878,0.8888079211294215,False
5,25-26,177.82794100389228,20201599.11659475,15795937.70835421,0.8889336825762141,False
5,25-26,316.22776601683796,20195251.585910294,15795957.965640988,0.8890034677546543,False
5,25-26,562.341325190349,20191710.743665412,15795961.870697232,0.8890423864830939,False
5,25-26,1000.0,20189729.127076227,15795961.658147879,0.8890641641978336,False
5,25-26,1778.2794100389228,20188617.890266374,15795960.769512167,0.8890763756139416,False
5,25-26,3162.2776601683795,20187993.994939838,15795960.025237072,0.8890832313246103,False
5,25-26,5623.413251903491,20187643.471648797,15795959.529123504,0.8890870829775552,False
5,25-26,10000.0,20187446.459260114,15795959.2255634,0.8890892477782291,False
5,25-26,17782.794100389227,20187335.703192562,15795959.047080057,0.8890904647726708,False
5,25-26,31622.776601683792,20187273.430658873,15795958.944250215,0.8890911490241459,False
5,25-26,56234.13251903491,20187238.41546192,15795958.885646185,0.8890915337706948,False
5,25-26,100000.0,20187218.725989126,15795958.852444466,0.8890917501180842,False
5,25-26,177827.94100389228,20187207.654107373,15795958.83369588,0.8890918717755257,False
5,25-26,316227.7660168379,20187201.42803271,15795958.82312816,0.8890919401873826,False
5,25-26,562341.3251903491,20187197.92688589,15795958.817177689,0.8890919786578332,False
5,25-26,1000000.0,20187195.958056554,15795958.813829042,0.8890920002912422,False
5,25-26,1778279.410038923,20187194.85090568,15795958.811945183,0.8890920124565658,False
5,25-26,3162277.6601683795,20187194.228310008,15795958.810885567,0.8890920192976185,False
5,25-26,5623413.251903491,20187193.87819905,15795958.810289612,0.8890920231446215,False
5,25-26,10000000.0,20187193.681317303,15795958.809954459,0.8890920253079491,False
5,25-26,17782794.100389227,20187193.57060259,15795958.809766,0.8890920265244773,False
5,25-26,31622776.60168379,20187193.508343145,15795958.809660006,0.8890920272085812,False
5,25-26,56234132.51903491,20187193.473332077,15795958.809600396,0.8890920275932811,False
5,25-26,100000000.0,20187193.45364392,15795958.809566883,0.8890920278096136,True
