ibge_code,municipality,state,harvest_year,growing_season_total_rainfall,growing_season_average_temperature,growing_season_observation_days,growing_season_start_date,growing_season_end_date,growing_season_max_consecutive_dry_days
3500105,Adamantina,SP,2010,1472.38,24.95,242,2009-09-01,2010-04-30,15
3500105,Adamantina,SP,2011,1267.67,24.97,242,2010-09-01,2011-04-30,16
3500105,Adamantina,SP,2012,915.18,25.76,243,2011-09-01,2012-04-30,13
3500105,Adamantina,SP,2013,1065.73,25.81,242,2012-09-01,2013-04-30,18
3500105,Adamantina,SP,2014,845.39,26.17,242,2013-09-01,2014-04-30,16
3500105,Adamantina,SP,2015,1042.1,26.0,242,2014-09-01,2015-04-30,17
3500105,Adamantina,SP,2016,1393.34,25.79,243,2015-09-01,2016-04-30,29
3500105,Adamantina,SP,2017,910.5,24.83,242,2016-09-01,2017-04-30,13
3500105,Adamantina,SP,2018,1221.35,25.37,242,2017-09-01,2018-04-30,28
3500105,Adamantina,SP,2019,970.29,26.31,242,2018-09-01,2019-04-30,14
3500105,Adamantina,SP,2020,884.76,26.94,243,2019-09-01,2020-04-30,16
3500105,Adamantina,SP,2021,538.19,27.83,242,2020-09-01,2021-04-30,26
3500105,Adamantina,SP,2022,803.83,27.05,242,2021-09-01,2022-04-30,10
3500105,Adamantina,SP,2023,1073.98,25.11,242,2022-09-01,2023-04-30,9
3500105,Adamantina,SP,2024,716.88,29.16,243,2023-09-01,2024-04-30,16
3500105,Adamantina,SP,2025,828.87,27.81,242,2024-09-01,2025-04-30,15
3500105,Adamantina,SP,2026,766.96,27.21,242,2025-09-01,2026-04-30,20
3500204,Adolfo,SP,2010,1105.87,24.68,242,2009-09-01,2010-04-30,17
3500204,Adolfo,SP,2011,1214.77,25.07,242,2010-09-01,2011-04-30,16
3500204,Adolfo,SP,2012,872.96,25.22,243,2011-09-01,2012-04-30,14
3500204,Adolfo,SP,2013,1027.94,25.45,242,2012-09-01,2013-04-30,16
3500204,Adolfo,SP,2014,828.87,25.71,242,2013-09-01,2014-04-30,16
3500204,Adolfo,SP,2015,836.03,25.94,242,2014-09-01,2015-04-30,19
3500204,Adolfo,SP,2016,1208.83,25.66,243,2015-09-01,2016-04-30,28
3500204,Adolfo,SP,2017,897.37,25.01,242,2016-09-01,2017-04-30,13
3500204,Adolfo,SP,2018,992.26,25.51,242,2017-09-01,2018-04-30,28
3500204,Adolfo,SP,2019,943.31,25.91,242,2018-09-01,2019-04-30,15
3500204,Adolfo,SP,2020,948.71,26.18,243,2019-09-01,2020-04-30,16
3500204,Adolfo,SP,2021,648.53,27.03,242,2020-09-01,2021-04-30,18
3500204,Adolfo,SP,2022,1070.52,25.65,242,2021-09-01,2022-04-30,16
3500204,Adolfo,SP,2023,1019.01,24.81,242,2022-09-01,2023-04-30,7
3500204,Adolfo,SP,2024,642.35,28.83,243,2023-09-01,2024-04-30,16
3500204,Adolfo,SP,2025,840.27,27.01,242,2024-09-01,2025-04-30,23
3500204,Adolfo,SP,2026,871.3,26.24,242,2025-09-01,2026-04-30,20
3500303,Aguaí,SP,2010,1355.16,22.51,242,2009-09-01,2010-04-30,16
3500303,Aguaí,SP,2011,1233.21,22.8,242,2010-09-01,2011-04-30,12
3500303,Aguaí,SP,2012,1121.99,22.52,243,2011-09-01,2012-04-30,20
3500303,Aguaí,SP,2013,1302.62,22.78,242,2012-09-01,2013-04-30,19
3500303,Aguaí,SP,2014,763.68,23.58,242,2013-09-01,2014-04-30,13
3500303,Aguaí,SP,2015,997.91,23.32,242,2014-09-01,2015-04-30,18
3500303,Aguaí,SP,2016,1285.36,23.54,243,2015-09-01,2016-04-30,28
3500303,Aguaí,SP,2017,920.22,22.95,242,2016-09-01,2017-04-30,16
3500303,Aguaí,SP,2018,944.36,23.32,242,2017-09-01,2018-04-30,28
3500303,Aguaí,SP,2019,1126.26,23.15,242,2018-09-01,2019-04-30,14
3500303,Aguaí,SP,2020,1037.72,23.46,243,2019-09-01,2020-04-30,19
3500303,Aguaí,SP,2021,648.85,24.27,242,2020-09-01,2021-04-30,18
3500303,Aguaí,SP,2022,1052.55,23.25,242,2021-09-01,2022-04-30,15
3500303,Aguaí,SP,2023,1255.48,22.27,242,2022-09-01,2023-04-30,7
3500303,Aguaí,SP,2024,810.97,25.54,243,2023-09-01,2024-04-30,12
3500303,Aguaí,SP,2025,827.46,24.57,242,2024-09-01,2025-04-30,18
3500303,Aguaí,SP,2026,867.53,23.54,242,2025-09-01,2026-04-30,20
3500402,Águas da Prata,SP,2010,1355.16,22.51,242,2009-09-01,2010-04-30,16
3500402,Águas da Prata,SP,2011,1233.21,22.8,242,2010-09-01,2011-04-30,12
3500402,Águas da Prata,SP,2012,1121.99,22.52,243,2011-09-01,2012-04-30,20
3500402,Águas da Prata,SP,2013,1302.62,22.78,242,2012-09-01,2013-04-30,19
3500402,Águas da Prata,SP,2014,763.68,23.58,242,2013-09-01,2014-04-30,13
3500402,Águas da Prata,SP,2015,997.91,23.32,242,2014-09-01,2015-04-30,18
3500402,Águas da Prata,SP,2016,1285.36,23.54,243,2015-09-01,2016-04-30,28
3500402,Águas da Prata,SP,2017,920.22,22.95,242,2016-09-01,2017-04-30,16
3500402,Águas da Prata,SP,2018,944.36,23.32,242,2017-09-01,2018-04-30,28
3500402,Águas da Prata,SP,2019,1126.26,23.15,242,2018-09-01,2019-04-30,14
3500402,Águas da Prata,SP,2020,1037.72,23.46,243,2019-09-01,2020-04-30,19
3500402,Águas da Prata,SP,2021,648.85,24.27,242,2020-09-01,2021-04-30,18
3500402,Águas da Prata,SP,2022,1052.55,23.25,242,2021-09-01,2022-04-30,15
3500402,Águas da Prata,SP,2023,1255.48,22.27,242,2022-09-01,2023-04-30,7
3500402,Águas da Prata,SP,2024,810.97,25.54,243,2023-09-01,2024-04-30,12
3500402,Águas da Prata,SP,2025,827.46,24.57,242,2024-09-01,2025-04-30,18
3500402,Águas da Prata,SP,2026,867.53,23.54,242,2025-09-01,2026-04-30,20
3500501,Águas de Lindóia,SP,2010,1416.36,22.42,242,2009-09-01,2010-04-30,16
3500501,Águas de Lindóia,SP,2011,1196.55,22.61,242,2010-09-01,2011-04-30,12
3500501,Águas de Lindóia,SP,2012,1116.49,22.29,243,2011-09-01,2012-04-30,20
3500501,Águas de Lindóia,SP,2013,1244.62,22.68,242,2012-09-01,2013-04-30,19
3500501,Águas de Lindóia,SP,2014,797.62,23.29,242,2013-09-01,2014-04-30,13
3500501,Águas de Lindóia,SP,2015,972.16,23.21,242,2014-09-01,2015-04-30,18
3500501,Águas de Lindóia,SP,2016,1290.4,23.44,243,2015-09-01,2016-04-30,27
3500501,Águas de Lindóia,SP,2017,1012.84,22.65,242,2016-09-01,2017-04-30,16
3500501,Águas de Lindóia,SP,2018,929.17,23.21,242,2017-09-01,2018-04-30,28
3500501,Águas de Lindóia,SP,2019,1141.59,23.02,242,2018-09-01,2019-04-30,14
3500501,Águas de Lindóia,SP,2020,984.72,23.31,243,2019-09-01,2020-04-30,19
3500501,Águas de Lindóia,SP,2021,617.74,24.24,242,2020-09-01,2021-04-30,19
3500501,Águas de Lindóia,SP,2022,950.39,23.3,242,2021-09-01,2022-04-30,16
3500501,Águas de Lindóia,SP,2023,1174.73,22.18,242,2022-09-01,2023-04-30,9
3500501,Águas de Lindóia,SP,2024,835.23,25.34,243,2023-09-01,2024-04-30,12
3500501,Águas de Lindóia,SP,2025,792.24,24.39,242,2024-09-01,2025-04-30,19
3500501,Águas de Lindóia,SP,2026,836.39,23.55,242,2025-09-01,2026-04-30,19
3500550,Águas de Santa Bárbara,SP,2010,1269.52,23.15,242,2009-09-01,2010-04-30,16
3500550,Águas de Santa Bárbara,SP,2011,969.56,23.05,242,2010-09-01,2011-04-30,15
3500550,Águas de Santa Bárbara,SP,2012,856.88,23.23,243,2011-09-01,2012-04-30,22
3500550,Águas de Santa Bárbara,SP,2013,1056.89,23.44,242,2012-09-01,2013-04-30,18
3500550,Águas de Santa Bárbara,SP,2014,809.47,23.53,242,2013-09-01,2014-04-30,12
3500550,Águas de Santa Bárbara,SP,2015,988.42,23.63,242,2014-09-01,2015-04-30,17
3500550,Águas de Santa Bárbara,SP,2016,1495.77,23.75,243,2015-09-01,2016-04-30,14
3500550,Águas de Santa Bárbara,SP,2017,982.85,22.7,242,2016-09-01,2017-04-30,17
3500550,Águas de Santa Bárbara,SP,2018,1090.44,23.28,242,2017-09-01,2018-04-30,28
3500550,Águas de Santa Bárbara,SP,2019,990.48,23.82,242,2018-09-01,2019-04-30,14
3500550,Águas de Santa Bárbara,SP,2020,751.68,24.16,243,2019-09-01,2020-04-30,18
3500550,Águas de Santa Bárbara,SP,2021,680.11,24.27,242,2020-09-01,2021-04-30,20
3500550,Águas de Santa Bárbara,SP,2022,937.5,23.85,242,2021-09-01,2022-04-30,14
3500550,Águas de Santa Bárbara,SP,2023,1045.16,22.54,242,2022-09-01,2023-04-30,9
3500550,Águas de Santa Bárbara,SP,2024,710.14,25.84,243,2023-09-01,2024-04-30,14
3500550,Águas de Santa Bárbara,SP,2025,664.42,24.99,242,2024-09-01,2025-04-30,14
3500550,Águas de Santa Bárbara,SP,2026,716.02,24.17,242,2025-09-01,2026-04-30,20
3500600,Águas de São Pedro,SP,2010,1321.42,23.34,242,2009-09-01,2010-04-30,16
3500600,Águas de São Pedro,SP,2011,1062.18,23.38,242,2010-09-01,2011-04-30,17
3500600,Águas de São Pedro,SP,2012,937.64,23.35,243,2011-09-01,2012-04-30,16
3500600,Águas de São Pedro,SP,2013,1167.92,23.69,242,2012-09-01,2013-04-30,19
3500600,Águas de São Pedro,SP,2014,713.61,24.05,242,2013-09-01,2014-04-30,12
3500600,Águas de São Pedro,SP,2015,929.95,24.2,242,2014-09-01,2015-04-30,17
3500600,Águas de São Pedro,SP,2016,1313.53,24.32,243,2015-09-01,2016-04-30,29
3500600,Águas de São Pedro,SP,2017,939.92,23.2,242,2016-09-01,2017-04-30,16
3500600,Águas de São Pedro,SP,2018,921.66,23.95,242,2017-09-01,2018-04-30,28
3500600,Águas de São Pedro,SP,2019,991.9,24.12,242,2018-09-01,2019-04-30,14
3500600,Águas de São Pedro,SP,2020,799.35,24.36,243,2019-09-01,2020-04-30,16
3500600,Águas de São Pedro,SP,2021,487.81,25.21,242,2020-09-01,2021-04-30,21
3500600,Águas de São Pedro,SP,2022,946.13,24.17,242,2021-09-01,2022-04-30,16
3500600,Águas de São Pedro,SP,2023,949.0,23.15,242,2022-09-01,2023-04-30,9
3500600,Águas de São Pedro,SP,2024,637.02,26.48,243,2023-09-01,2024-04-30,12
3500600,Águas de São Pedro,SP,2025,677.21,25.41,242,2024-09-01,2025-04-30,15
3500600,Águas de São Pedro,SP,2026,717.36,24.56,242,2025-09-01,2026-04-30,20
3500709,Agudos,SP,2010,1227.44,23.44,242,2009-09-01,2010-04-30,16
3500709,Agudos,SP,2011,1099.59,23.39,242,2010-09-01,2011-04-30,17
3500709,Agudos,SP,2012,887.15,23.34,243,2011-09-01,2012-04-30,16
3500709,Agudos,SP,2013,1177.08,23.68,242,2012-09-01,2013-04-30,18
3500709,Agudos,SP,2014,724.43,23.92,242,2013-09-01,2014-04-30,12
3500709,Agudos,SP,2015,929.0,24.02,242,2014-09-01,2015-04-30,18
3500709,Agudos,SP,2016,1333.96,24.21,243,2015-09-01,2016-04-30,19
3500709,Agudos,SP,2017,892.66,23.18,242,2016-09-01,2017-04-30,17
3500709,Agudos,SP,2018,953.87,23.88,242,2017-09-01,2018-04-30,28
3500709,Agudos,SP,2019,884.16,24.23,242,2018-09-01,2019-04-30,14
3500709,Agudos,SP,2020,606.36,24.73,243,2019-09-01,2020-04-30,16
3500709,Agudos,SP,2021,476.13,25.12,242,2020-09-01,2021-04-30,17
3500709,Agudos,SP,2022,911.19,24.14,242,2021-09-01,2022-04-30,16
3500709,Agudos,SP,2023,802.1,23.24,242,2022-09-01,2023-04-30,10
3500709,Agudos,SP,2024,565.48,26.48,243,2023-09-01,2024-04-30,12
3500709,Agudos,SP,2025,590.55,25.42,242,2024-09-01,2025-04-30,23
3500709,Agudos,SP,2026,644.7,24.51,242,2025-09-01,2026-04-30,20
3500758,Alambari,SP,2010,1510.94,22.03,242,2009-09-01,2010-04-30,13
3500758,Alambari,SP,2011,1185.79,21.61,242,2010-09-01,2011-04-30,8
3500758,Alambari,SP,2012,863.82,21.82,243,2011-09-01,2012-04-30,22
3500758,Alambari,SP,2013,1016.67,22.28,242,2012-09-01,2013-04-30,18
3500758,Alambari,SP,2014,695.8,22.76,242,2013-09-01,2014-04-30,13
3500758,Alambari,SP,2015,836.99,22.97,242,2014-09-01,2015-04-30,17
3500758,Alambari,SP,2016,1273.12,23.0,243,2015-09-01,2016-04-30,29
3500758,Alambari,SP,2017,1006.51,21.85,242,2016-09-01,2017-04-30,13
3500758,Alambari,SP,2018,997.62,22.22,242,2017-09-01,2018-04-30,28
3500758,Alambari,SP,2019,1054.59,22.75,242,2018-09-01,2019-04-30,15
3500758,Alambari,SP,2020,875.42,22.51,243,2019-09-01,2020-04-30,16
3500758,Alambari,SP,2021,616.28,23.27,242,2020-09-01,2021-04-30,20
3500758,Alambari,SP,2022,963.03,22.63,242,2021-09-01,2022-04-30,13
3500758,Alambari,SP,2023,1092.75,21.48,242,2022-09-01,2023-04-30,8
3500758,Alambari,SP,2024,754.75,24.58,243,2023-09-01,2024-04-30,12
3500758,Alambari,SP,2025,681.39,23.89,242,2024-09-01,2025-04-30,14
3500758,Alambari,SP,2026,583.02,23.37,242,2025-09-01,2026-04-30,20
3500808,Alfredo Marcondes,SP,2010,1570.07,24.33,242,2009-09-01,2010-04-30,15
3500808,Alfredo Marcondes,SP,2011,1251.02,24.48,242,2010-09-01,2011-04-30,16
3500808,Alfredo Marcondes,SP,2012,871.98,25.57,243,2011-09-01,2012-04-30,12
3500808,Alfredo Marcondes,SP,2013,1067.01,25.38,242,2012-09-01,2013-04-30,18
3500808,Alfredo Marcondes,SP,2014,945.92,25.47,242,2013-09-01,2014-04-30,16
3500808,Alfredo Marcondes,SP,2015,1057.46,25.39,242,2014-09-01,2015-04-30,17
3500808,Alfredo Marcondes,SP,2016,1495.66,25.08,243,2015-09-01,2016-04-30,29
3500808,Alfredo Marcondes,SP,2017,865.02,24.47,242,2016-09-01,2017-04-30,13
3500808,Alfredo Marcondes,SP,2018,1219.68,24.87,242,2017-09-01,2018-04-30,28
3500808,Alfredo Marcondes,SP,2019,1001.07,25.7,242,2018-09-01,2019-04-30,14
3500808,Alfredo Marcondes,SP,2020,883.99,26.4,243,2019-09-01,2020-04-30,16
3500808,Alfredo Marcondes,SP,2021,657.07,26.82,242,2020-09-01,2021-04-30,27
3500808,Alfredo Marcondes,SP,2022,829.39,26.4,242,2021-09-01,2022-04-30,10
3500808,Alfredo Marcondes,SP,2023,1164.8,24.3,242,2022-09-01,2023-04-30,9
3500808,Alfredo Marcondes,SP,2024,746.71,28.55,243,2023-09-01,2024-04-30,16
3500808,Alfredo Marcondes,SP,2025,809.03,27.24,242,2024-09-01,2025-04-30,14
3500808,Alfredo Marcondes,SP,2026,881.23,26.36,242,2025-09-01,2026-04-30,20
3500907,Altair,SP,2010,1131.4,25.01,242,2009-09-01,2010-04-30,23
3500907,Altair,SP,2011,1285.19,25.14,242,2010-09-01,2011-04-30,23
3500907,Altair,SP,2012,1091.99,25.0,243,2011-09-01,2012-04-30,16
3500907,Altair,SP,2013,1120.79,25.48,242,2012-09-01,2013-04-30,16
3500907,Altair,SP,2014,943.96,25.6,242,2013-09-01,2014-04-30,11
3500907,Altair,SP,2015,893.54,25.99,242,2014-09-01,2015-04-30,17
3500907,Altair,SP,2016,1245.12,25.9,243,2015-09-01,2016-04-30,27
3500907,Altair,SP,2017,950.83,25.34,242,2016-09-01,2017-04-30,12
3500907,Altair,SP,2018,1059.65,25.63,242,2017-09-01,2018-04-30,28
3500907,Altair,SP,2019,985.88,25.91,242,2018-09-01,2019-04-30,14
3500907,Altair,SP,2020,999.57,26.21,243,2019-09-01,2020-04-30,17
3500907,Altair,SP,2021,705.81,26.88,242,2020-09-01,2021-04-30,21
3500907,Altair,SP,2022,1057.77,25.93,242,2021-09-01,2022-04-30,25
3500907,Altair,SP,2023,1158.95,25.11,242,2022-09-01,2023-04-30,9
3500907,Altair,SP,2024,823.79,28.38,243,2023-09-01,2024-04-30,19
3500907,Altair,SP,2025,901.72,27.15,242,2024-09-01,2025-04-30,39
3500907,Altair,SP,2026,936.77,26.22,242,2025-09-01,2026-04-30,20
3501004,Altinópolis,SP,2010,1320.37,23.24,242,2009-09-01,2010-04-30,16
3501004,Altinópolis,SP,2011,1352.31,23.33,242,2010-09-01,2011-04-30,12
3501004,Altinópolis,SP,2012,1081.44,23.35,243,2011-09-01,2012-04-30,17
3501004,Altinópolis,SP,2013,1140.32,23.68,242,2012-09-01,2013-04-30,17
3501004,Altinópolis,SP,2014,774.3,24.42,242,2013-09-01,2014-04-30,11
3501004,Altinópolis,SP,2015,1026.75,24.11,242,2014-09-01,2015-04-30,21
3501004,Altinópolis,SP,2016,1299.19,24.25,243,2015-09-01,2016-04-30,26
3501004,Altinópolis,SP,2017,1005.55,23.67,242,2016-09-01,2017-04-30,10
3501004,Altinópolis,SP,2018,1131.79,23.89,242,2017-09-01,2018-04-30,26
3501004,Altinópolis,SP,2019,1272.77,23.78,242,2018-09-01,2019-04-30,13
3501004,Altinópolis,SP,2020,1092.84,24.28,243,2019-09-01,2020-04-30,15
3501004,Altinópolis,SP,2021,616.62,25.26,242,2020-09-01,2021-04-30,20
3501004,Altinópolis,SP,2022,1172.69,23.95,242,2021-09-01,2022-04-30,16
3501004,Altinópolis,SP,2023,1239.31,23.11,242,2022-09-01,2023-04-30,8
3501004,Altinópolis,SP,2024,835.36,26.41,243,2023-09-01,2024-04-30,21
3501004,Altinópolis,SP,2025,945.84,25.33,242,2024-09-01,2025-04-30,19
3501004,Altinópolis,SP,2026,936.99,24.28,242,2025-09-01,2026-04-30,22
3501103,Alto Alegre,SP,2010,1204.83,24.83,242,2009-09-01,2010-04-30,17
3501103,Alto Alegre,SP,2011,1130.19,25.01,242,2010-09-01,2011-04-30,16
3501103,Alto Alegre,SP,2012,711.59,25.7,243,2011-09-01,2012-04-30,13
3501103,Alto Alegre,SP,2013,992.6,25.53,242,2012-09-01,2013-04-30,18
3501103,Alto Alegre,SP,2014,629.95,26.09,242,2013-09-01,2014-04-30,12
3501103,Alto Alegre,SP,2015,1005.2,25.72,242,2014-09-01,2015-04-30,18
3501103,Alto Alegre,SP,2016,1372.47,25.62,243,2015-09-01,2016-04-30,30
3501103,Alto Alegre,SP,2017,954.66,24.57,242,2016-09-01,2017-04-30,13
3501103,Alto Alegre,SP,2018,1106.34,25.35,242,2017-09-01,2018-04-30,28
3501103,Alto Alegre,SP,2019,1021.8,25.82,242,2018-09-01,2019-04-30,14
3501103,Alto Alegre,SP,2020,928.34,26.33,243,2019-09-01,2020-04-30,16
3501103,Alto Alegre,SP,2021,581.98,27.22,242,2020-09-01,2021-04-30,18
3501103,Alto Alegre,SP,2022,912.03,26.26,242,2021-09-01,2022-04-30,15
3501103,Alto Alegre,SP,2023,934.91,24.96,242,2022-09-01,2023-04-30,9
3501103,Alto Alegre,SP,2024,662.85,28.84,243,2023-09-01,2024-04-30,16
3501103,Alto Alegre,SP,2025,734.19,27.52,242,2024-09-01,2025-04-30,15
3501103,Alto Alegre,SP,2026,776.7,26.63,242,2025-09-01,2026-04-30,21
3501152,Alumínio,SP,2010,1548.7,21.59,242,2009-09-01,2010-04-30,12
3501152,Alumínio,SP,2011,1208.16,21.35,242,2010-09-01,2011-04-30,8
3501152,Alumínio,SP,2012,884.05,21.48,243,2011-09-01,2012-04-30,13
3501152,Alumínio,SP,2013,1041.36,21.89,242,2012-09-01,2013-04-30,19
3501152,Alumínio,SP,2014,714.51,22.49,242,2013-09-01,2014-04-30,13
3501152,Alumínio,SP,2015,852.53,22.53,242,2014-09-01,2015-04-30,16
3501152,Alumínio,SP,2016,1261.59,22.56,243,2015-09-01,2016-04-30,26
3501152,Alumínio,SP,2017,1057.39,21.56,242,2016-09-01,2017-04-30,13
3501152,Alumínio,SP,2018,864.02,22.11,242,2017-09-01,2018-04-30,28
3501152,Alumínio,SP,2019,1159.73,22.35,242,2018-09-01,2019-04-30,8
3501152,Alumínio,SP,2020,1047.14,21.97,243,2019-09-01,2020-04-30,22
3501152,Alumínio,SP,2021,662.21,22.83,242,2020-09-01,2021-04-30,19
3501152,Alumínio,SP,2022,1011.81,22.13,242,2021-09-01,2022-04-30,14
3501152,Alumínio,SP,2023,1305.91,20.95,242,2022-09-01,2023-04-30,7
3501152,Alumínio,SP,2024,849.66,24.1,243,2023-09-01,2024-04-30,13
3501152,Alumínio,SP,2025,738.44,23.44,242,2024-09-01,2025-04-30,14
3501152,Alumínio,SP,2026,710.6,22.79,242,2025-09-01,2026-04-30,20
3501202,Álvares Florence,SP,2010,1249.82,24.85,242,2009-09-01,2010-04-30,25
3501202,Álvares Florence,SP,2011,1439.63,25.23,242,2010-09-01,2011-04-30,23
3501202,Álvares Florence,SP,2012,883.53,25.49,243,2011-09-01,2012-04-30,14
3501202,Álvares Florence,SP,2013,939.8,25.85,242,2012-09-01,2013-04-30,18
3501202,Álvares Florence,SP,2014,848.61,26.06,242,2013-09-01,2014-04-30,11
3501202,Álvares Florence,SP,2015,1107.87,25.74,242,2014-09-01,2015-04-30,17
3501202,Álvares Florence,SP,2016,1294.34,25.83,243,2015-09-01,2016-04-30,30
3501202,Álvares Florence,SP,2017,1065.05,25.08,242,2016-09-01,2017-04-30,13
3501202,Álvares Florence,SP,2018,1120.02,25.56,242,2017-09-01,2018-04-30,28
3501202,Álvares Florence,SP,2019,960.82,26.24,242,2018-09-01,2019-04-30,15
3501202,Álvares Florence,SP,2020,948.78,26.52,243,2019-09-01,2020-04-30,17
3501202,Álvares Florence,SP,2021,560.35,27.7,242,2020-09-01,2021-04-30,18
3501202,Álvares Florence,SP,2022,1037.8,26.13,242,2021-09-01,2022-04-30,16
3501202,Álvares Florence,SP,2023,1102.21,25.16,242,2022-09-01,2023-04-30,9
3501202,Álvares Florence,SP,2024,776.32,28.86,243,2023-09-01,2024-04-30,16
3501202,Álvares Florence,SP,2025,851.99,27.33,242,2024-09-01,2025-04-30,23
3501202,Álvares Florence,SP,2026,855.97,26.81,242,2025-09-01,2026-04-30,21
3501301,Álvares Machado,SP,2010,1570.07,24.33,242,2009-09-01,2010-04-30,15
3501301,Álvares Machado,SP,2011,1251.02,24.48,242,2010-09-01,2011-04-30,16
3501301,Álvares Machado,SP,2012,871.98,25.57,243,2011-09-01,2012-04-30,12
3501301,Álvares Machado,SP,2013,1067.01,25.38,242,2012-09-01,2013-04-30,18
3501301,Álvares Machado,SP,2014,945.92,25.47,242,2013-09-01,2014-04-30,16
3501301,Álvares Machado,SP,2015,1057.46,25.39,242,2014-09-01,2015-04-30,17
3501301,Álvares Machado,SP,2016,1495.66,25.08,243,2015-09-01,2016-04-30,29
3501301,Álvares Machado,SP,2017,865.02,24.47,242,2016-09-01,2017-04-30,13
3501301,Álvares Machado,SP,2018,1219.68,24.87,242,2017-09-01,2018-04-30,28
3501301,Álvares Machado,SP,2019,1001.07,25.7,242,2018-09-01,2019-04-30,14
3501301,Álvares Machado,SP,2020,883.99,26.4,243,2019-09-01,2020-04-30,16
3501301,Álvares Machado,SP,2021,657.07,26.82,242,2020-09-01,2021-04-30,27
3501301,Álvares Machado,SP,2022,829.39,26.4,242,2021-09-01,2022-04-30,10
3501301,Álvares Machado,SP,2023,1164.8,24.3,242,2022-09-01,2023-04-30,9
3501301,Álvares Machado,SP,2024,746.71,28.55,243,2023-09-01,2024-04-30,16
3501301,Álvares Machado,SP,2025,809.03,27.24,242,2024-09-01,2025-04-30,14
3501301,Álvares Machado,SP,2026,881.23,26.36,242,2025-09-01,2026-04-30,20
3501400,Álvaro de Carvalho,SP,2010,1268.54,24.07,242,2009-09-01,2010-04-30,16
3501400,Álvaro de Carvalho,SP,2011,1015.95,24.22,242,2010-09-01,2011-04-30,16
3501400,Álvaro de Carvalho,SP,2012,708.5,24.99,243,2011-09-01,2012-04-30,13
3501400,Álvaro de Carvalho,SP,2013,970.42,24.77,242,2012-09-01,2013-04-30,18
3501400,Álvaro de Carvalho,SP,2014,722.1,25.08,242,2013-09-01,2014-04-30,12
3501400,Álvaro de Carvalho,SP,2015,1036.1,24.83,242,2014-09-01,2015-04-30,17
3501400,Álvaro de Carvalho,SP,2016,1532.12,24.72,243,2015-09-01,2016-04-30,18
3501400,Álvaro de Carvalho,SP,2017,955.7,23.58,242,2016-09-01,2017-04-30,13
3501400,Álvaro de Carvalho,SP,2018,1139.51,24.42,242,2017-09-01,2018-04-30,28
3501400,Álvaro de Carvalho,SP,2019,1085.39,24.87,242,2018-09-01,2019-04-30,14
3501400,Álvaro de Carvalho,SP,2020,907.92,25.58,243,2019-09-01,2020-04-30,18
3501400,Álvaro de Carvalho,SP,2021,636.73,26.08,242,2020-09-01,2021-04-30,19
3501400,Álvaro de Carvalho,SP,2022,938.6,25.4,242,2021-09-01,2022-04-30,10
3501400,Álvaro de Carvalho,SP,2023,1082.16,23.89,242,2022-09-01,2023-04-30,9
3501400,Álvaro de Carvalho,SP,2024,773.4,27.59,243,2023-09-01,2024-04-30,12
3501400,Álvaro de Carvalho,SP,2025,773.68,26.51,242,2024-09-01,2025-04-30,14
3501400,Álvaro de Carvalho,SP,2026,865.11,25.49,242,2025-09-01,2026-04-30,21
3501509,Alvinlândia,SP,2010,1415.64,23.51,242,2009-09-01,2010-04-30,16
3501509,Alvinlândia,SP,2011,1030.23,23.6,242,2010-09-01,2011-04-30,16
3501509,Alvinlândia,SP,2012,764.12,24.32,243,2011-09-01,2012-04-30,13
3501509,Alvinlândia,SP,2013,962.4,24.23,242,2012-09-01,2013-04-30,18
3501509,Alvinlândia,SP,2014,891.27,24.22,242,2013-09-01,2014-04-30,15
3501509,Alvinlândia,SP,2015,1056.3,24.14,242,2014-09-01,2015-04-30,17
3501509,Alvinlândia,SP,2016,1698.87,24.05,243,2015-09-01,2016-04-30,13
3501509,Alvinlândia,SP,2017,974.85,23.06,242,2016-09-01,2017-04-30,12
3501509,Alvinlândia,SP,2018,1196.24,23.8,242,2017-09-01,2018-04-30,28
3501509,Alvinlândia,SP,2019,1119.78,24.18,242,2018-09-01,2019-04-30,14
3501509,Alvinlândia,SP,2020,896.41,24.94,243,2019-09-01,2020-04-30,17
3501509,Alvinlândia,SP,2021,697.17,25.19,242,2020-09-01,2021-04-30,20
3501509,Alvinlândia,SP,2022,931.0,24.71,242,2021-09-01,2022-04-30,16
3501509,Alvinlândia,SP,2023,1245.37,22.99,242,2022-09-01,2023-04-30,9
3501509,Alvinlândia,SP,2024,793.9,26.79,243,2023-09-01,2024-04-30,14
3501509,Alvinlândia,SP,2025,761.54,25.84,242,2024-09-01,2025-04-30,14
3501509,Alvinlândia,SP,2026,926.12,24.75,242,2025-09-01,2026-04-30,20
3501608,Americana,SP,2010,1382.37,22.86,242,2009-09-01,2010-04-30,16
3501608,Americana,SP,2011,1038.21,23.14,242,2010-09-01,2011-04-30,15
3501608,Americana,SP,2012,986.17,23.06,243,2011-09-01,2012-04-30,20
3501608,Americana,SP,2013,1151.87,23.29,242,2012-09-01,2013-04-30,19
3501608,Americana,SP,2014,711.25,23.97,242,2013-09-01,2014-04-30,12
3501608,Americana,SP,2015,958.89,23.78,242,2014-09-01,2015-04-30,17
3501608,Americana,SP,2016,1290.07,23.87,243,2015-09-01,2016-04-30,30
3501608,Americana,SP,2017,1001.31,23.0,242,2016-09-01,2017-04-30,16
3501608,Americana,SP,2018,915.06,23.68,242,2017-09-01,2018-04-30,28
3501608,Americana,SP,2019,1116.07,23.53,242,2018-09-01,2019-04-30,14
3501608,Americana,SP,2020,965.42,23.84,243,2019-09-01,2020-04-30,21
3501608,Americana,SP,2021,572.88,24.9,242,2020-09-01,2021-04-30,21
3501608,Americana,SP,2022,938.29,23.81,242,2021-09-01,2022-04-30,16
3501608,Americana,SP,2023,1136.16,22.62,242,2022-09-01,2023-04-30,9
3501608,Americana,SP,2024,788.72,26.01,243,2023-09-01,2024-04-30,12
3501608,Americana,SP,2025,766.93,25.02,242,2024-09-01,2025-04-30,16
3501608,Americana,SP,2026,827.65,24.15,242,2025-09-01,2026-04-30,20
3501707,Américo Brasiliense,SP,2010,1209.17,23.56,242,2009-09-01,2010-04-30,16
3501707,Américo Brasiliense,SP,2011,1191.52,23.92,242,2010-09-01,2011-04-30,12
3501707,Américo Brasiliense,SP,2012,1000.27,23.86,243,2011-09-01,2012-04-30,16
3501707,Américo Brasiliense,SP,2013,1104.44,24.11,242,2012-09-01,2013-04-30,19
3501707,Américo Brasiliense,SP,2014,726.02,24.86,242,2013-09-01,2014-04-30,11
3501707,Américo Brasiliense,SP,2015,896.63,24.61,242,2014-09-01,2015-04-30,19
3501707,Américo Brasiliense,SP,2016,1279.62,24.56,243,2015-09-01,2016-04-30,27
3501707,Américo Brasiliense,SP,2017,901.64,23.94,242,2016-09-01,2017-04-30,12
3501707,Américo Brasiliense,SP,2018,966.68,24.5,242,2017-09-01,2018-04-30,28
3501707,Américo Brasiliense,SP,2019,1053.47,24.37,242,2018-09-01,2019-04-30,14
3501707,Américo Brasiliense,SP,2020,988.92,24.73,243,2019-09-01,2020-04-30,18
3501707,Américo Brasiliense,SP,2021,501.23,25.99,242,2020-09-01,2021-04-30,19
3501707,Américo Brasiliense,SP,2022,928.43,24.68,242,2021-09-01,2022-04-30,16
3501707,Américo Brasiliense,SP,2023,1045.32,23.58,242,2022-09-01,2023-04-30,9
3501707,Américo Brasiliense,SP,2024,666.56,27.26,243,2023-09-01,2024-04-30,12
3501707,Américo Brasiliense,SP,2025,885.2,25.77,242,2024-09-01,2025-04-30,19
3501707,Américo Brasiliense,SP,2026,902.44,24.76,242,2025-09-01,2026-04-30,20
3501806,Américo de Campos,SP,2010,1249.82,24.85,242,2009-09-01,2010-04-30,25
3501806,Américo de Campos,SP,2011,1439.63,25.23,242,2010-09-01,2011-04-30,23
3501806,Américo de Campos,SP,2012,883.53,25.49,243,2011-09-01,2012-04-30,14
3501806,Américo de Campos,SP,2013,939.8,25.85,242,2012-09-01,2013-04-30,18
3501806,Américo de Campos,SP,2014,848.61,26.06,242,2013-09-01,2014-04-30,11
3501806,Américo de Campos,SP,2015,1107.87,25.74,242,2014-09-01,2015-04-30,17
3501806,Américo de Campos,SP,2016,1294.34,25.83,243,2015-09-01,2016-04-30,30
3501806,Américo de Campos,SP,2017,1065.05,25.08,242,2016-09-01,2017-04-30,13
3501806,Américo de Campos,SP,2018,1120.02,25.56,242,2017-09-01,2018-04-30,28
3501806,Américo de Campos,SP,2019,960.82,26.24,242,2018-09-01,2019-04-30,15
3501806,Américo de Campos,SP,2020,948.78,26.52,243,2019-09-01,2020-04-30,17
3501806,Américo de Campos,SP,2021,560.35,27.7,242,2020-09-01,2021-04-30,18
3501806,Américo de Campos,SP,2022,1037.8,26.13,242,2021-09-01,2022-04-30,16
3501806,Américo de Campos,SP,2023,1102.21,25.16,242,2022-09-01,2023-04-30,9
3501806,Américo de Campos,SP,2024,776.32,28.86,243,2023-09-01,2024-04-30,16
3501806,Américo de Campos,SP,2025,851.99,27.33,242,2024-09-01,2025-04-30,23
3501806,Américo de Campos,SP,2026,855.97,26.81,242,2025-09-01,2026-04-30,21
3501905,Amparo,SP,2010,1416.36,22.42,242,2009-09-01,2010-04-30,16
3501905,Amparo,SP,2011,1196.55,22.61,242,2010-09-01,2011-04-30,12
3501905,Amparo,SP,2012,1116.49,22.29,243,2011-09-01,2012-04-30,20
3501905,Amparo,SP,2013,1244.62,22.68,242,2012-09-01,2013-04-30,19
3501905,Amparo,SP,2014,797.62,23.29,242,2013-09-01,2014-04-30,13
3501905,Amparo,SP,2015,972.16,23.21,242,2014-09-01,2015-04-30,18
3501905,Amparo,SP,2016,1290.4,23.44,243,2015-09-01,2016-04-30,27
3501905,Amparo,SP,2017,1012.84,22.65,242,2016-09-01,2017-04-30,16
3501905,Amparo,SP,2018,929.17,23.21,242,2017-09-01,2018-04-30,28
3501905,Amparo,SP,2019,1141.59,23.02,242,2018-09-01,2019-04-30,14
3501905,Amparo,SP,2020,984.72,23.31,243,2019-09-01,2020-04-30,19
3501905,Amparo,SP,2021,617.74,24.24,242,2020-09-01,2021-04-30,19
3501905,Amparo,SP,2022,950.39,23.3,242,2021-09-01,2022-04-30,16
3501905,Amparo,SP,2023,1174.73,22.18,242,2022-09-01,2023-04-30,9
3501905,Amparo,SP,2024,835.23,25.34,243,2023-09-01,2024-04-30,12
3501905,Amparo,SP,2025,792.24,24.39,242,2024-09-01,2025-04-30,19
3501905,Amparo,SP,2026,836.39,23.55,242,2025-09-01,2026-04-30,19
3502002,Analândia,SP,2010,1326.05,22.99,242,2009-09-01,2010-04-30,16
3502002,Analândia,SP,2011,1088.56,23.48,242,2010-09-01,2011-04-30,13
3502002,Analândia,SP,2012,971.16,23.36,243,2011-09-01,2012-04-30,16
3502002,Analândia,SP,2013,1187.62,23.47,242,2012-09-01,2013-04-30,19
3502002,Analândia,SP,2014,724.26,24.28,242,2013-09-01,2014-04-30,13
3502002,Analândia,SP,2015,992.76,23.85,242,2014-09-01,2015-04-30,19
3502002,Analândia,SP,2016,1286.2,24.0,243,2015-09-01,2016-04-30,28
3502002,Analândia,SP,2017,905.04,23.4,242,2016-09-01,2017-04-30,16
3502002,Analândia,SP,2018,908.81,23.97,242,2017-09-01,2018-04-30,28
3502002,Analândia,SP,2019,1094.55,23.68,242,2018-09-01,2019-04-30,13
3502002,Analândia,SP,2020,1036.59,23.98,243,2019-09-01,2020-04-30,19
3502002,Analândia,SP,2021,620.13,25.04,242,2020-09-01,2021-04-30,18
3502002,Analândia,SP,2022,1086.21,23.73,242,2021-09-01,2022-04-30,15
3502002,Analândia,SP,2023,1268.02,22.7,242,2022-09-01,2023-04-30,7
3502002,Analândia,SP,2024,782.98,26.26,243,2023-09-01,2024-04-30,12
3502002,Analândia,SP,2025,785.86,25.28,242,2024-09-01,2025-04-30,18
3502002,Analândia,SP,2026,872.0,24.14,242,2025-09-01,2026-04-30,21
3502101,Andradina,SP,2010,1439.43,25.33,242,2009-09-01,2010-04-30,16
3502101,Andradina,SP,2011,1366.72,25.21,242,2010-09-01,2011-04-30,16
3502101,Andradina,SP,2012,935.9,25.64,243,2011-09-01,2012-04-30,12
3502101,Andradina,SP,2013,1019.44,26.09,242,2012-09-01,2013-04-30,18
3502101,Andradina,SP,2014,764.19,26.59,242,2013-09-01,2014-04-30,16
3502101,Andradina,SP,2015,1005.95,26.41,242,2014-09-01,2015-04-30,17
3502101,Andradina,SP,2016,1292.68,26.3,243,2015-09-01,2016-04-30,30
3502101,Andradina,SP,2017,968.89,25.16,242,2016-09-01,2017-04-30,13
3502101,Andradina,SP,2018,1203.55,25.7,242,2017-09-01,2018-04-30,28
3502101,Andradina,SP,2019,982.57,26.56,242,2018-09-01,2019-04-30,14
3502101,Andradina,SP,2020,886.29,27.14,243,2019-09-01,2020-04-30,16
3502101,Andradina,SP,2021,411.7,28.51,242,2020-09-01,2021-04-30,21
3502101,Andradina,SP,2022,761.8,27.37,242,2021-09-01,2022-04-30,10
3502101,Andradina,SP,2023,1022.18,25.52,242,2022-09-01,2023-04-30,8
3502101,Andradina,SP,2024,702.89,29.42,243,2023-09-01,2024-04-30,16
3502101,Andradina,SP,2025,781.82,28.15,242,2024-09-01,2025-04-30,15
3502101,Andradina,SP,2026,635.83,27.84,242,2025-09-01,2026-04-30,19
3502200,Angatuba,SP,2010,1510.94,22.03,242,2009-09-01,2010-04-30,13
3502200,Angatuba,SP,2011,1185.79,21.61,242,2010-09-01,2011-04-30,8
3502200,Angatuba,SP,2012,863.82,21.82,243,2011-09-01,2012-04-30,22
3502200,Angatuba,SP,2013,1016.67,22.28,242,2012-09-01,2013-04-30,18
3502200,Angatuba,SP,2014,695.8,22.76,242,2013-09-01,2014-04-30,13
3502200,Angatuba,SP,2015,836.99,22.97,242,2014-09-01,2015-04-30,17
3502200,Angatuba,SP,2016,1273.12,23.0,243,2015-09-01,2016-04-30,29
3502200,Angatuba,SP,2017,1006.51,21.85,242,2016-09-01,2017-04-30,13
3502200,Angatuba,SP,2018,997.62,22.22,242,2017-09-01,2018-04-30,28
3502200,Angatuba,SP,2019,1054.59,22.75,242,2018-09-01,2019-04-30,15
3502200,Angatuba,SP,2020,875.42,22.51,243,2019-09-01,2020-04-30,16
3502200,Angatuba,SP,2021,616.28,23.27,242,2020-09-01,2021-04-30,20
3502200,Angatuba,SP,2022,963.03,22.63,242,2021-09-01,2022-04-30,13
3502200,Angatuba,SP,2023,1092.75,21.48,242,2022-09-01,2023-04-30,8
3502200,Angatuba,SP,2024,754.75,24.58,243,2023-09-01,2024-04-30,12
3502200,Angatuba,SP,2025,681.39,23.89,242,2024-09-01,2025-04-30,14
3502200,Angatuba,SP,2026,583.02,23.37,242,2025-09-01,2026-04-30,20
3502309,Anhembi,SP,2010,1380.81,22.76,242,2009-09-01,2010-04-30,15
3502309,Anhembi,SP,2011,1103.0,22.55,242,2010-09-01,2011-04-30,16
3502309,Anhembi,SP,2012,910.59,22.75,243,2011-09-01,2012-04-30,22
3502309,Anhembi,SP,2013,1104.2,23.08,242,2012-09-01,2013-04-30,18
3502309,Anhembi,SP,2014,679.75,23.6,242,2013-09-01,2014-04-30,12
3502309,Anhembi,SP,2015,871.73,23.73,242,2014-09-01,2015-04-30,17
3502309,Anhembi,SP,2016,1291.57,23.69,243,2015-09-01,2016-04-30,19
3502309,Anhembi,SP,2017,920.81,22.65,242,2016-09-01,2017-04-30,13
3502309,Anhembi,SP,2018,964.33,23.17,242,2017-09-01,2018-04-30,28
3502309,Anhembi,SP,2019,1029.69,23.55,242,2018-09-01,2019-04-30,14
3502309,Anhembi,SP,2020,804.62,23.62,243,2019-09-01,2020-04-30,16
3502309,Anhembi,SP,2021,554.68,24.43,242,2020-09-01,2021-04-30,21
3502309,Anhembi,SP,2022,930.02,23.55,242,2021-09-01,2022-04-30,10
3502309,Anhembi,SP,2023,973.35,22.45,242,2022-09-01,2023-04-30,9
3502309,Anhembi,SP,2024,698.86,25.79,243,2023-09-01,2024-04-30,12
3502309,Anhembi,SP,2025,621.24,24.94,242,2024-09-01,2025-04-30,14
3502309,Anhembi,SP,2026,632.04,24.24,242,2025-09-01,2026-04-30,20
3502408,Anhumas,SP,2010,1718.44,24.56,242,2009-09-01,2010-04-30,15
3502408,Anhumas,SP,2011,1298.5,24.51,242,2010-09-01,2011-04-30,16
3502408,Anhumas,SP,2012,851.67,25.39,243,2011-09-01,2012-04-30,12
3502408,Anhumas,SP,2013,1011.01,25.37,242,2012-09-01,2013-04-30,18
3502408,Anhumas,SP,2014,1007.62,25.28,242,2013-09-01,2014-04-30,12
3502408,Anhumas,SP,2015,1018.59,25.32,242,2014-09-01,2015-04-30,12
3502408,Anhumas,SP,2016,1616.89,25.15,243,2015-09-01,2016-04-30,24
3502408,Anhumas,SP,2017,886.2,24.55,242,2016-09-01,2017-04-30,13
3502408,Anhumas,SP,2018,1218.25,24.97,242,2017-09-01,2018-04-30,28
3502408,Anhumas,SP,2019,1035.46,25.52,242,2018-09-01,2019-04-30,14
3502408,Anhumas,SP,2020,856.66,26.1,243,2019-09-01,2020-04-30,16
3502408,Anhumas,SP,2021,688.9,26.23,242,2020-09-01,2021-04-30,19
3502408,Anhumas,SP,2022,850.55,26.03,242,2021-09-01,2022-04-30,10
3502408,Anhumas,SP,2023,1222.81,24.08,242,2022-09-01,2023-04-30,9
3502408,Anhumas,SP,2024,746.12,28.09,243,2023-09-01,2024-04-30,16
3502408,Anhumas,SP,2025,754.96,26.91,242,2024-09-01,2025-04-30,14
3502408,Anhumas,SP,2026,932.25,26.02,242,2025-09-01,2026-04-30,20
3502507,Aparecida,SP,2010,1524.1,21.31,242,2009-09-01,2010-04-30,12
3502507,Aparecida,SP,2011,1407.82,20.75,242,2010-09-01,2011-04-30,11
3502507,Aparecida,SP,2012,1045.87,20.28,243,2011-09-01,2012-04-30,13
3502507,Aparecida,SP,2013,1144.67,21.12,242,2012-09-01,2013-04-30,16
3502507,Aparecida,SP,2014,860.5,21.35,242,2013-09-01,2014-04-30,20
3502507,Aparecida,SP,2015,789.52,21.7,242,2014-09-01,2015-04-30,15
3502507,Aparecida,SP,2016,1303.96,22.03,243,2015-09-01,2016-04-30,24
3502507,Aparecida,SP,2017,1206.04,20.77,242,2016-09-01,2017-04-30,15
3502507,Aparecida,SP,2018,1149.53,21.13,242,2017-09-01,2018-04-30,26
3502507,Aparecida,SP,2019,1383.66,21.33,242,2018-09-01,2019-04-30,8
3502507,Aparecida,SP,2020,901.62,21.04,243,2019-09-01,2020-04-30,14
3502507,Aparecida,SP,2021,982.13,21.56,242,2020-09-01,2021-04-30,19
3502507,Aparecida,SP,2022,1003.25,21.07,242,2021-09-01,2022-04-30,10
3502507,Aparecida,SP,2023,1257.81,20.46,242,2022-09-01,2023-04-30,7
3502507,Aparecida,SP,2024,986.21,22.79,243,2023-09-01,2024-04-30,10
3502507,Aparecida,SP,2025,902.17,22.15,242,2024-09-01,2025-04-30,19
3502507,Aparecida,SP,2026,754.78,21.51,242,2025-09-01,2026-04-30,17
3502606,Aparecida d'Oeste,SP,2010,1346.18,25.27,242,2009-09-01,2010-04-30,25
3502606,Aparecida d'Oeste,SP,2011,1462.0,25.57,242,2010-09-01,2011-04-30,23
3502606,Aparecida d'Oeste,SP,2012,903.31,25.89,243,2011-09-01,2012-04-30,11
3502606,Aparecida d'Oeste,SP,2013,980.99,26.22,242,2012-09-01,2013-04-30,18
3502606,Aparecida d'Oeste,SP,2014,821.59,26.6,242,2013-09-01,2014-04-30,14
3502606,Aparecida d'Oeste,SP,2015,1119.3,26.19,242,2014-09-01,2015-04-30,17
3502606,Aparecida d'Oeste,SP,2016,1259.66,26.28,243,2015-09-01,2016-04-30,30
3502606,Aparecida d'Oeste,SP,2017,1096.46,25.39,242,2016-09-01,2017-04-30,13
3502606,Aparecida d'Oeste,SP,2018,1157.68,25.87,242,2017-09-01,2018-04-30,28
3502606,Aparecida d'Oeste,SP,2019,998.87,26.61,242,2018-09-01,2019-04-30,14
3502606,Aparecida d'Oeste,SP,2020,942.26,27.01,243,2019-09-01,2020-04-30,17
3502606,Aparecida d'Oeste,SP,2021,489.72,28.4,242,2020-09-01,2021-04-30,18
3502606,Aparecida d'Oeste,SP,2022,972.46,26.75,242,2021-09-01,2022-04-30,16
3502606,Aparecida d'Oeste,SP,2023,1070.0,25.59,242,2022-09-01,2023-04-30,9
3502606,Aparecida d'Oeste,SP,2024,782.78,29.3,243,2023-09-01,2024-04-30,14
3502606,Aparecida d'Oeste,SP,2025,805.05,27.93,242,2024-09-01,2025-04-30,22
3502606,Aparecida d'Oeste,SP,2026,778.93,27.5,242,2025-09-01,2026-04-30,21
3502705,Apiaí,SP,2010,1748.26,21.02,242,2009-09-01,2010-04-30,11
3502705,Apiaí,SP,2011,1262.05,20.29,242,2010-09-01,2011-04-30,8
3502705,Apiaí,SP,2012,897.08,20.59,243,2011-09-01,2012-04-30,13
3502705,Apiaí,SP,2013,976.67,21.32,242,2012-09-01,2013-04-30,17
3502705,Apiaí,SP,2014,869.79,21.39,242,2013-09-01,2014-04-30,11
3502705,Apiaí,SP,2015,1168.1,21.49,242,2014-09-01,2015-04-30,16
3502705,Apiaí,SP,2016,1424.07,21.62,243,2015-09-01,2016-04-30,12
3502705,Apiaí,SP,2017,1097.97,20.72,242,2016-09-01,2017-04-30,11
3502705,Apiaí,SP,2018,1261.35,21.0,242,2017-09-01,2018-04-30,22
3502705,Apiaí,SP,2019,1096.88,21.76,242,2018-09-01,2019-04-30,7
3502705,Apiaí,SP,2020,801.02,21.56,243,2019-09-01,2020-04-30,16
3502705,Apiaí,SP,2021,692.27,22.01,242,2020-09-01,2021-04-30,26
3502705,Apiaí,SP,2022,882.66,21.57,242,2021-09-01,2022-04-30,11
3502705,Apiaí,SP,2023,1055.76,20.57,242,2022-09-01,2023-04-30,12
3502705,Apiaí,SP,2024,875.21,23.12,243,2023-09-01,2024-04-30,14
3502705,Apiaí,SP,2025,711.25,22.75,242,2024-09-01,2025-04-30,14
3502705,Apiaí,SP,2026,598.72,22.33,242,2025-09-01,2026-04-30,17
3502754,Araçariguama,SP,2010,1666.75,21.09,242,2009-09-01,2010-04-30,12
3502754,Araçariguama,SP,2011,1464.75,20.61,242,2010-09-01,2011-04-30,11
3502754,Araçariguama,SP,2012,924.14,20.5,243,2011-09-01,2012-04-30,13
3502754,Araçariguama,SP,2013,1098.88,21.22,242,2012-09-01,2013-04-30,16
3502754,Araçariguama,SP,2014,769.94,21.63,242,2013-09-01,2014-04-30,14
3502754,Araçariguama,SP,2015,854.33,21.79,242,2014-09-01,2015-04-30,16
3502754,Araçariguama,SP,2016,1250.66,22.01,243,2015-09-01,2016-04-30,26
3502754,Araçariguama,SP,2017,1090.54,20.97,242,2016-09-01,2017-04-30,13
3502754,Araçariguama,SP,2018,791.1,21.55,242,2017-09-01,2018-04-30,28
3502754,Araçariguama,SP,2019,1156.14,21.76,242,2018-09-01,2019-04-30,8
3502754,Araçariguama,SP,2020,1119.16,21.26,243,2019-09-01,2020-04-30,12
3502754,Araçariguama,SP,2021,691.92,21.98,242,2020-09-01,2021-04-30,19
3502754,Araçariguama,SP,2022,1015.37,21.37,242,2021-09-01,2022-04-30,12
3502754,Araçariguama,SP,2023,1308.23,20.46,242,2022-09-01,2023-04-30,7
3502754,Araçariguama,SP,2024,894.85,23.27,243,2023-09-01,2024-04-30,13
3502754,Araçariguama,SP,2025,775.9,22.58,242,2024-09-01,2025-04-30,14
3502754,Araçariguama,SP,2026,754.23,21.95,242,2025-09-01,2026-04-30,20
3502804,Araçatuba,SP,2010,1271.75,25.24,242,2009-09-01,2010-04-30,17
3502804,Araçatuba,SP,2011,1344.47,25.37,242,2010-09-01,2011-04-30,23
3502804,Araçatuba,SP,2012,839.12,25.8,243,2011-09-01,2012-04-30,11
3502804,Araçatuba,SP,2013,1020.56,25.99,242,2012-09-01,2013-04-30,18
3502804,Araçatuba,SP,2014,741.04,26.47,242,2013-09-01,2014-04-30,14
3502804,Araçatuba,SP,2015,1045.78,26.16,242,2014-09-01,2015-04-30,17
3502804,Araçatuba,SP,2016,1307.14,26.15,243,2015-09-01,2016-04-30,30
3502804,Araçatuba,SP,2017,1009.54,25.12,242,2016-09-01,2017-04-30,13
3502804,Araçatuba,SP,2018,1159.29,25.76,242,2017-09-01,2018-04-30,28
3502804,Araçatuba,SP,2019,967.35,26.46,242,2018-09-01,2019-04-30,14
3502804,Araçatuba,SP,2020,954.38,26.82,243,2019-09-01,2020-04-30,16
3502804,Araçatuba,SP,2021,520.05,28.04,242,2020-09-01,2021-04-30,18
3502804,Araçatuba,SP,2022,931.8,26.73,242,2021-09-01,2022-04-30,15
3502804,Araçatuba,SP,2023,955.06,25.48,242,2022-09-01,2023-04-30,9
3502804,Araçatuba,SP,2024,696.64,29.29,243,2023-09-01,2024-04-30,16
3502804,Araçatuba,SP,2025,783.08,27.92,242,2024-09-01,2025-04-30,15
3502804,Araçatuba,SP,2026,764.29,27.31,242,2025-09-01,2026-04-30,21
3502903,Araçoiaba da Serra,SP,2010,1548.7,21.59,242,2009-09-01,2010-04-30,12
3502903,Araçoiaba da Serra,SP,2011,1208.16,21.35,242,2010-09-01,2011-04-30,8
3502903,Araçoiaba da Serra,SP,2012,884.05,21.48,243,2011-09-01,2012-04-30,13
3502903,Araçoiaba da Serra,SP,2013,1041.36,21.89,242,2012-09-01,2013-04-30,19
3502903,Araçoiaba da Serra,SP,2014,714.51,22.49,242,2013-09-01,2014-04-30,13
3502903,Araçoiaba da Serra,SP,2015,852.53,22.53,242,2014-09-01,2015-04-30,16
3502903,Araçoiaba da Serra,SP,2016,1261.59,22.56,243,2015-09-01,2016-04-30,26
3502903,Araçoiaba da Serra,SP,2017,1057.39,21.56,242,2016-09-01,2017-04-30,13
3502903,Araçoiaba da Serra,SP,2018,864.02,22.11,242,2017-09-01,2018-04-30,28
3502903,Araçoiaba da Serra,SP,2019,1159.73,22.35,242,2018-09-01,2019-04-30,8
3502903,Araçoiaba da Serra,SP,2020,1047.14,21.97,243,2019-09-01,2020-04-30,22
3502903,Araçoiaba da Serra,SP,2021,662.21,22.83,242,2020-09-01,2021-04-30,19
3502903,Araçoiaba da Serra,SP,2022,1011.81,22.13,242,2021-09-01,2022-04-30,14
3502903,Araçoiaba da Serra,SP,2023,1305.91,20.95,242,2022-09-01,2023-04-30,7
3502903,Araçoiaba da Serra,SP,2024,849.66,24.1,243,2023-09-01,2024-04-30,13
3502903,Araçoiaba da Serra,SP,2025,738.44,23.44,242,2024-09-01,2025-04-30,14
3502903,Araçoiaba da Serra,SP,2026,710.6,22.79,242,2025-09-01,2026-04-30,20
3503000,Aramina,SP,2010,1412.45,22.82,242,2009-09-01,2010-04-30,22
3503000,Aramina,SP,2011,1618.24,22.92,242,2010-09-01,2011-04-30,12
3503000,Aramina,SP,2012,1204.62,22.46,243,2011-09-01,2012-04-30,16
3503000,Aramina,SP,2013,1125.98,23.4,242,2012-09-01,2013-04-30,16
3503000,Aramina,SP,2014,943.22,23.47,242,2013-09-01,2014-04-30,16
3503000,Aramina,SP,2015,1116.45,23.7,242,2014-09-01,2015-04-30,18
3503000,Aramina,SP,2016,1337.49,24.06,243,2015-09-01,2016-04-30,26
3503000,Aramina,SP,2017,1114.99,23.2,242,2016-09-01,2017-04-30,16
3503000,Aramina,SP,2018,1323.48,23.37,242,2017-09-01,2018-04-30,28
3503000,Aramina,SP,2019,1436.92,23.33,242,2018-09-01,2019-04-30,13
3503000,Aramina,SP,2020,1217.43,23.84,243,2019-09-01,2020-04-30,17
3503000,Aramina,SP,2021,769.63,24.5,242,2020-09-01,2021-04-30,14
3503000,Aramina,SP,2022,1230.63,23.72,242,2021-09-01,2022-04-30,13
3503000,Aramina,SP,2023,1067.18,23.2,242,2022-09-01,2023-04-30,13
3503000,Aramina,SP,2024,845.43,25.97,243,2023-09-01,2024-04-30,21
3503000,Aramina,SP,2025,1081.85,24.69,242,2024-09-01,2025-04-30,20
3503000,Aramina,SP,2026,1094.36,23.88,242,2025-09-01,2026-04-30,22
3503109,Arandu,SP,2010,1258.23,22.2,242,2009-09-01,2010-04-30,16
3503109,Arandu,SP,2011,1056.31,22.03,242,2010-09-01,2011-04-30,16
3503109,Arandu,SP,2012,883.1,22.06,243,2011-09-01,2012-04-30,22
3503109,Arandu,SP,2013,1119.2,22.36,242,2012-09-01,2013-04-30,18
3503109,Arandu,SP,2014,721.53,22.59,242,2013-09-01,2014-04-30,12
3503109,Arandu,SP,2015,948.01,22.77,242,2014-09-01,2015-04-30,18
3503109,Arandu,SP,2016,1360.49,22.93,243,2015-09-01,2016-04-30,19
3503109,Arandu,SP,2017,903.85,21.87,242,2016-09-01,2017-04-30,13
3503109,Arandu,SP,2018,1071.34,22.31,242,2017-09-01,2018-04-30,28
3503109,Arandu,SP,2019,984.79,22.79,242,2018-09-01,2019-04-30,14
3503109,Arandu,SP,2020,714.91,23.09,243,2019-09-01,2020-04-30,17
3503109,Arandu,SP,2021,616.33,23.4,242,2020-09-01,2021-04-30,16
3503109,Arandu,SP,2022,930.98,22.78,242,2021-09-01,2022-04-30,14
3503109,Arandu,SP,2023,938.68,21.72,242,2022-09-01,2023-04-30,9
3503109,Arandu,SP,2024,714.58,24.81,243,2023-09-01,2024-04-30,14
3503109,Arandu,SP,2025,633.99,24.0,242,2024-09-01,2025-04-30,15
3503109,Arandu,SP,2026,631.44,23.26,242,2025-09-01,2026-04-30,20
3503158,Arapeí,SP,2010,1540.29,21.53,242,2009-09-01,2010-04-30,11
3503158,Arapeí,SP,2011,1569.88,20.99,242,2010-09-01,2011-04-30,13
3503158,Arapeí,SP,2012,1061.06,20.56,243,2011-09-01,2012-04-30,17
3503158,Arapeí,SP,2013,1129.19,21.44,242,2012-09-01,2013-04-30,16
3503158,Arapeí,SP,2014,815.95,21.78,242,2013-09-01,2014-04-30,20
3503158,Arapeí,SP,2015,707.24,22.24,242,2014-09-01,2015-04-30,16
3503158,Arapeí,SP,2016,1260.41,22.45,243,2015-09-01,2016-04-30,24
3503158,Arapeí,SP,2017,1239.62,21.09,242,2016-09-01,2017-04-30,15
3503158,Arapeí,SP,2018,1242.49,21.4,242,2017-09-01,2018-04-30,28
3503158,Arapeí,SP,2019,1195.66,21.82,242,2018-09-01,2019-04-30,9
3503158,Arapeí,SP,2020,1174.65,21.19,243,2019-09-01,2020-04-30,16
3503158,Arapeí,SP,2021,998.62,21.85,242,2020-09-01,2021-04-30,19
3503158,Arapeí,SP,2022,1373.06,21.08,242,2021-09-01,2022-04-30,13
3503158,Arapeí,SP,2023,1317.31,20.75,242,2022-09-01,2023-04-30,7
3503158,Arapeí,SP,2024,904.79,23.23,243,2023-09-01,2024-04-30,12
3503158,Arapeí,SP,2025,945.21,22.6,242,2024-09-01,2025-04-30,20
3503158,Arapeí,SP,2026,737.56,21.94,242,2025-09-01,2026-04-30,17
3503208,Araraquara,SP,2010,1281.96,22.97,242,2009-09-01,2010-04-30,16
3503208,Araraquara,SP,2011,1109.39,23.33,242,2010-09-01,2011-04-30,12
3503208,Araraquara,SP,2012,957.52,23.23,243,2011-09-01,2012-04-30,16
3503208,Araraquara,SP,2013,1160.37,23.51,242,2012-09-01,2013-04-30,19
3503208,Araraquara,SP,2014,729.3,24.04,242,2013-09-01,2014-04-30,11
3503208,Araraquara,SP,2015,948.6,23.92,242,2014-09-01,2015-04-30,19
3503208,Araraquara,SP,2016,1302.13,24.0,243,2015-09-01,2016-04-30,28
3503208,Araraquara,SP,2017,953.32,23.05,242,2016-09-01,2017-04-30,16
3503208,Araraquara,SP,2018,913.57,23.9,242,2017-09-01,2018-04-30,28
3503208,Araraquara,SP,2019,999.31,23.85,242,2018-09-01,2019-04-30,14
3503208,Araraquara,SP,2020,878.69,24.28,243,2019-09-01,2020-04-30,18
3503208,Araraquara,SP,2021,471.48,25.33,242,2020-09-01,2021-04-30,21
3503208,Araraquara,SP,2022,930.33,24.04,242,2021-09-01,2022-04-30,16
3503208,Araraquara,SP,2023,969.43,23.01,242,2022-09-01,2023-04-30,9
3503208,Araraquara,SP,2024,617.83,26.63,243,2023-09-01,2024-04-30,12
3503208,Araraquara,SP,2025,789.62,25.2,242,2024-09-01,2025-04-30,19
3503208,Araraquara,SP,2026,801.21,24.29,242,2025-09-01,2026-04-30,21
3503307,Araras,SP,2010,1382.37,22.86,242,2009-09-01,2010-04-30,16
3503307,Araras,SP,2011,1038.21,23.14,242,2010-09-01,2011-04-30,15
3503307,Araras,SP,2012,986.17,23.06,243,2011-09-01,2012-04-30,20
3503307,Araras,SP,2013,1151.87,23.29,242,2012-09-01,2013-04-30,19
3503307,Araras,SP,2014,711.25,23.97,242,2013-09-01,2014-04-30,12
3503307,Araras,SP,2015,958.89,23.78,242,2014-09-01,2015-04-30,17
3503307,Araras,SP,2016,1290.07,23.87,243,2015-09-01,2016-04-30,30
3503307,Araras,SP,2017,1001.31,23.0,242,2016-09-01,2017-04-30,16
3503307,Araras,SP,2018,915.06,23.68,242,2017-09-01,2018-04-30,28
3503307,Araras,SP,2019,1116.07,23.53,242,2018-09-01,2019-04-30,14
3503307,Araras,SP,2020,965.42,23.84,243,2019-09-01,2020-04-30,21
3503307,Araras,SP,2021,572.88,24.9,242,2020-09-01,2021-04-30,21
3503307,Araras,SP,2022,938.29,23.81,242,2021-09-01,2022-04-30,16
3503307,Araras,SP,2023,1136.16,22.62,242,2022-09-01,2023-04-30,9
3503307,Araras,SP,2024,788.72,26.01,243,2023-09-01,2024-04-30,12
3503307,Araras,SP,2025,766.93,25.02,242,2024-09-01,2025-04-30,16
3503307,Araras,SP,2026,827.65,24.15,242,2025-09-01,2026-04-30,20
3503356,Arco-Íris,SP,2010,1367.74,24.22,242,2009-09-01,2010-04-30,15
3503356,Arco-Íris,SP,2011,1074.29,24.34,242,2010-09-01,2011-04-30,16
3503356,Arco-Íris,SP,2012,745.01,25.41,243,2011-09-01,2012-04-30,13
3503356,Arco-Íris,SP,2013,1004.34,25.07,242,2012-09-01,2013-04-30,18
3503356,Arco-Íris,SP,2014,783.29,25.34,242,2013-09-01,2014-04-30,12
3503356,Arco-Íris,SP,2015,1051.45,25.1,242,2014-09-01,2015-04-30,21
3503356,Arco-Íris,SP,2016,1556.5,24.89,243,2015-09-01,2016-04-30,18
3503356,Arco-Íris,SP,2017,924.04,23.79,242,2016-09-01,2017-04-30,12
3503356,Arco-Íris,SP,2018,1202.02,24.56,242,2017-09-01,2018-04-30,28
3503356,Arco-Íris,SP,2019,1097.67,25.08,242,2018-09-01,2019-04-30,14
3503356,Arco-Íris,SP,2020,927.79,25.95,243,2019-09-01,2020-04-30,17
3503356,Arco-Íris,SP,2021,648.32,26.43,242,2020-09-01,2021-04-30,19
3503356,Arco-Íris,SP,2022,942.05,25.83,242,2021-09-01,2022-04-30,10
3503356,Arco-Íris,SP,2023,1136.0,24.1,242,2022-09-01,2023-04-30,9
3503356,Arco-Íris,SP,2024,796.54,28.01,243,2023-09-01,2024-04-30,16
3503356,Arco-Íris,SP,2025,790.43,26.95,242,2024-09-01,2025-04-30,14
3503356,Arco-Íris,SP,2026,890.38,25.91,242,2025-09-01,2026-04-30,20
3503406,Arealva,SP,2010,1134.37,24.18,242,2009-09-01,2010-04-30,16
3503406,Arealva,SP,2011,1031.99,24.5,242,2010-09-01,2011-04-30,16
3503406,Arealva,SP,2012,726.98,24.96,243,2011-09-01,2012-04-30,16
3503406,Arealva,SP,2013,1003.89,24.81,242,2012-09-01,2013-04-30,18
3503406,Arealva,SP,2014,644.37,25.49,242,2013-09-01,2014-04-30,12
3503406,Arealva,SP,2015,924.19,25.07,242,2014-09-01,2015-04-30,24
3503406,Arealva,SP,2016,1366.53,24.96,243,2015-09-01,2016-04-30,30
3503406,Arealva,SP,2017,922.01,24.17,242,2016-09-01,2017-04-30,26
3503406,Arealva,SP,2018,891.81,25.09,242,2017-09-01,2018-04-30,28
3503406,Arealva,SP,2019,972.62,25.1,242,2018-09-01,2019-04-30,14
3503406,Arealva,SP,2020,797.71,25.76,243,2019-09-01,2020-04-30,17
3503406,Arealva,SP,2021,549.9,26.42,242,2020-09-01,2021-04-30,18
3503406,Arealva,SP,2022,949.0,25.18,242,2021-09-01,2022-04-30,16
3503406,Arealva,SP,2023,858.88,24.28,242,2022-09-01,2023-04-30,11
3503406,Arealva,SP,2024,527.69,28.25,243,2023-09-01,2024-04-30,12
3503406,Arealva,SP,2025,683.78,26.68,242,2024-09-01,2025-04-30,23
3503406,Arealva,SP,2026,722.77,25.72,242,2025-09-01,2026-04-30,21
3503505,Areias,SP,2010,1460.74,20.55,242,2009-09-01,2010-04-30,13
3503505,Areias,SP,2011,1573.48,20.15,242,2010-09-01,2011-04-30,13
3503505,Areias,SP,2012,1103.05,19.65,243,2011-09-01,2012-04-30,17
3503505,Areias,SP,2013,1175.26,20.47,242,2012-09-01,2013-04-30,19
3503505,Areias,SP,2014,826.48,20.77,242,2013-09-01,2014-04-30,20
3503505,Areias,SP,2015,723.01,21.27,242,2014-09-01,2015-04-30,16
3503505,Areias,SP,2016,1279.06,21.62,243,2015-09-01,2016-04-30,24
3503505,Areias,SP,2017,1158.3,20.26,242,2016-09-01,2017-04-30,14
3503505,Areias,SP,2018,1138.88,20.54,242,2017-09-01,2018-04-30,26
3503505,Areias,SP,2019,1267.09,20.78,242,2018-09-01,2019-04-30,9
3503505,Areias,SP,2020,1061.58,20.58,243,2019-09-01,2020-04-30,16
3503505,Areias,SP,2021,927.19,21.12,242,2020-09-01,2021-04-30,19
3503505,Areias,SP,2022,1081.46,20.58,242,2021-09-01,2022-04-30,15
3503505,Areias,SP,2023,1308.58,19.95,242,2022-09-01,2023-04-30,7
3503505,Areias,SP,2024,917.02,22.41,243,2023-09-01,2024-04-30,12
3503505,Areias,SP,2025,899.54,21.78,242,2024-09-01,2025-04-30,19
3503505,Areias,SP,2026,679.25,21.18,242,2025-09-01,2026-04-30,16
3503604,Areiópolis,SP,2010,1227.44,23.44,242,2009-09-01,2010-04-30,16
3503604,Areiópolis,SP,2011,1099.59,23.39,242,2010-09-01,2011-04-30,17
3503604,Areiópolis,SP,2012,887.15,23.34,243,2011-09-01,2012-04-30,16
3503604,Areiópolis,SP,2013,1177.08,23.68,242,2012-09-01,2013-04-30,18
3503604,Areiópolis,SP,2014,724.43,23.92,242,2013-09-01,2014-04-30,12
3503604,Areiópolis,SP,2015,929.0,24.02,242,2014-09-01,2015-04-30,18
3503604,Areiópolis,SP,2016,1333.96,24.21,243,2015-09-01,2016-04-30,19
3503604,Areiópolis,SP,2017,892.66,23.18,242,2016-09-01,2017-04-30,17
3503604,Areiópolis,SP,2018,953.87,23.88,242,2017-09-01,2018-04-30,28
3503604,Areiópolis,SP,2019,884.16,24.23,242,2018-09-01,2019-04-30,14
3503604,Areiópolis,SP,2020,606.36,24.73,243,2019-09-01,2020-04-30,16
3503604,Areiópolis,SP,2021,476.13,25.12,242,2020-09-01,2021-04-30,17
3503604,Areiópolis,SP,2022,911.19,24.14,242,2021-09-01,2022-04-30,16
3503604,Areiópolis,SP,2023,802.1,23.24,242,2022-09-01,2023-04-30,10
3503604,Areiópolis,SP,2024,565.48,26.48,243,2023-09-01,2024-04-30,12
3503604,Areiópolis,SP,2025,590.55,25.42,242,2024-09-01,2025-04-30,23
3503604,Areiópolis,SP,2026,644.7,24.51,242,2025-09-01,2026-04-30,20
3503703,Ariranha,SP,2010,1105.13,24.36,242,2009-09-01,2010-04-30,17
3503703,Ariranha,SP,2011,1208.26,24.68,242,2010-09-01,2011-04-30,16
3503703,Ariranha,SP,2012,933.34,24.79,243,2011-09-01,2012-04-30,14
3503703,Ariranha,SP,2013,1041.74,24.98,242,2012-09-01,2013-04-30,16
3503703,Ariranha,SP,2014,860.18,25.31,242,2013-09-01,2014-04-30,11
3503703,Ariranha,SP,2015,823.63,25.55,242,2014-09-01,2015-04-30,18
3503703,Ariranha,SP,2016,1206.26,25.27,243,2015-09-01,2016-04-30,28
3503703,Ariranha,SP,2017,905.05,24.75,242,2016-09-01,2017-04-30,13
3503703,Ariranha,SP,2018,963.54,25.21,242,2017-09-01,2018-04-30,28
3503703,Ariranha,SP,2019,945.9,25.45,242,2018-09-01,2019-04-30,15
3503703,Ariranha,SP,2020,920.4,25.78,243,2019-09-01,2020-04-30,22
3503703,Ariranha,SP,2021,609.43,26.65,242,2020-09-01,2021-04-30,18
3503703,Ariranha,SP,2022,1042.52,25.32,242,2021-09-01,2022-04-30,16
3503703,Ariranha,SP,2023,1038.05,24.47,242,2022-09-01,2023-04-30,11
3503703,Ariranha,SP,2024,661.64,28.29,243,2023-09-01,2024-04-30,13
3503703,Ariranha,SP,2025,869.1,26.62,242,2024-09-01,2025-04-30,39
3503703,Ariranha,SP,2026,904.03,25.7,242,2025-09-01,2026-04-30,20
3503802,Artur Nogueira,SP,2010,1416.36,22.42,242,2009-09-01,2010-04-30,16
3503802,Artur Nogueira,SP,2011,1196.55,22.61,242,2010-09-01,2011-04-30,12
3503802,Artur Nogueira,SP,2012,1116.49,22.29,243,2011-09-01,2012-04-30,20
3503802,Artur Nogueira,SP,2013,1244.62,22.68,242,2012-09-01,2013-04-30,19
3503802,Artur Nogueira,SP,2014,797.62,23.29,242,2013-09-01,2014-04-30,13
3503802,Artur Nogueira,SP,2015,972.16,23.21,242,2014-09-01,2015-04-30,18
3503802,Artur Nogueira,SP,2016,1290.4,23.44,243,2015-09-01,2016-04-30,27
3503802,Artur Nogueira,SP,2017,1012.84,22.65,242,2016-09-01,2017-04-30,16
3503802,Artur Nogueira,SP,2018,929.17,23.21,242,2017-09-01,2018-04-30,28
3503802,Artur Nogueira,SP,2019,1141.59,23.02,242,2018-09-01,2019-04-30,14
3503802,Artur Nogueira,SP,2020,984.72,23.31,243,2019-09-01,2020-04-30,19
3503802,Artur Nogueira,SP,2021,617.74,24.24,242,2020-09-01,2021-04-30,19
3503802,Artur Nogueira,SP,2022,950.39,23.3,242,2021-09-01,2022-04-30,16
3503802,Artur Nogueira,SP,2023,1174.73,22.18,242,2022-09-01,2023-04-30,9
3503802,Artur Nogueira,SP,2024,835.23,25.34,243,2023-09-01,2024-04-30,12
3503802,Artur Nogueira,SP,2025,792.24,24.39,242,2024-09-01,2025-04-30,19
3503802,Artur Nogueira,SP,2026,836.39,23.55,242,2025-09-01,2026-04-30,19
3503901,Arujá,SP,2010,1708.0,21.63,242,2009-09-01,2010-04-30,11
3503901,Arujá,SP,2011,1612.83,21.03,242,2010-09-01,2011-04-30,10
3503901,Arujá,SP,2012,913.57,20.91,243,2011-09-01,2012-04-30,13
3503901,Arujá,SP,2013,1041.98,21.64,242,2012-09-01,2013-04-30,16
3503901,Arujá,SP,2014,762.83,22.06,242,2013-09-01,2014-04-30,15
3503901,Arujá,SP,2015,814.52,22.19,242,2014-09-01,2015-04-30,16
3503901,Arujá,SP,2016,1155.68,22.52,243,2015-09-01,2016-04-30,25
3503901,Arujá,SP,2017,1111.08,21.41,242,2016-09-01,2017-04-30,14
3503901,Arujá,SP,2018,885.1,21.83,242,2017-09-01,2018-04-30,28
3503901,Arujá,SP,2019,1200.65,22.11,242,2018-09-01,2019-04-30,7
3503901,Arujá,SP,2020,994.6,21.53,243,2019-09-01,2020-04-30,13
3503901,Arujá,SP,2021,850.67,22.12,242,2020-09-01,2021-04-30,19
3503901,Arujá,SP,2022,893.62,21.72,242,2021-09-01,2022-04-30,8
3503901,Arujá,SP,2023,1193.78,20.94,242,2022-09-01,2023-04-30,7
3503901,Arujá,SP,2024,993.45,23.35,243,2023-09-01,2024-04-30,12
3503901,Arujá,SP,2025,845.8,22.73,242,2024-09-01,2025-04-30,14
3503901,Arujá,SP,2026,748.72,22.2,242,2025-09-01,2026-04-30,19
3503950,Aspásia,SP,2010,1468.55,25.4,242,2009-09-01,2010-04-30,26
3503950,Aspásia,SP,2011,1502.98,25.74,242,2010-09-01,2011-04-30,23
3503950,Aspásia,SP,2012,945.27,26.18,243,2011-09-01,2012-04-30,18
3503950,Aspásia,SP,2013,995.03,26.42,242,2012-09-01,2013-04-30,18
3503950,Aspásia,SP,2014,834.82,26.72,242,2013-09-01,2014-04-30,12
3503950,Aspásia,SP,2015,1124.29,26.27,242,2014-09-01,2015-04-30,16
3503950,Aspásia,SP,2016,1120.91,26.75,243,2015-09-01,2016-04-30,23
3503950,Aspásia,SP,2017,1130.85,25.65,242,2016-09-01,2017-04-30,13
3503950,Aspásia,SP,2018,1130.61,26.16,242,2017-09-01,2018-04-30,28
3503950,Aspásia,SP,2019,1083.96,26.57,242,2018-09-01,2019-04-30,13
3503950,Aspásia,SP,2020,917.22,27.21,243,2019-09-01,2020-04-30,17
3503950,Aspásia,SP,2021,535.28,28.32,242,2020-09-01,2021-04-30,20
3503950,Aspásia,SP,2022,1052.6,26.79,242,2021-09-01,2022-04-30,16
3503950,Aspásia,SP,2023,1222.73,25.72,242,2022-09-01,2023-04-30,9
3503950,Aspásia,SP,2024,761.74,29.44,243,2023-09-01,2024-04-30,14
3503950,Aspásia,SP,2025,751.1,28.16,242,2024-09-01,2025-04-30,39
3503950,Aspásia,SP,2026,739.06,27.73,242,2025-09-01,2026-04-30,21
3504008,Assis,SP,2010,1466.64,23.86,242,2009-09-01,2010-04-30,16
3504008,Assis,SP,2011,1056.47,24.07,242,2010-09-01,2011-04-30,16
3504008,Assis,SP,2012,766.36,25.14,243,2011-09-01,2012-04-30,12
3504008,Assis,SP,2013,971.83,24.86,242,2012-09-01,2013-04-30,18
3504008,Assis,SP,2014,901.09,24.92,242,2013-09-01,2014-04-30,12
3504008,Assis,SP,2015,1059.12,24.67,242,2014-09-01,2015-04-30,17
3504008,Assis,SP,2016,1704.91,24.44,243,2015-09-01,2016-04-30,13
3504008,Assis,SP,2017,965.7,23.72,242,2016-09-01,2017-04-30,13
3504008,Assis,SP,2018,1213.35,24.33,242,2017-09-01,2018-04-30,28
3504008,Assis,SP,2019,1116.41,24.75,242,2018-09-01,2019-04-30,14
3504008,Assis,SP,2020,896.41,25.6,243,2019-09-01,2020-04-30,17
3504008,Assis,SP,2021,689.38,25.86,242,2020-09-01,2021-04-30,20
3504008,Assis,SP,2022,913.13,25.42,242,2021-09-01,2022-04-30,10
3504008,Assis,SP,2023,1233.33,23.45,242,2022-09-01,2023-04-30,9
3504008,Assis,SP,2024,785.49,27.62,243,2023-09-01,2024-04-30,14
3504008,Assis,SP,2025,757.79,26.55,242,2024-09-01,2025-04-30,14
3504008,Assis,SP,2026,926.52,25.52,242,2025-09-01,2026-04-30,20
3504107,Atibaia,SP,2010,1513.84,20.93,242,2009-09-01,2010-04-30,12
3504107,Atibaia,SP,2011,1425.14,20.67,242,2010-09-01,2011-04-30,6
3504107,Atibaia,SP,2012,1060.67,20.38,243,2011-09-01,2012-04-30,21
3504107,Atibaia,SP,2013,1210.5,20.9,242,2012-09-01,2013-04-30,19
3504107,Atibaia,SP,2014,839.61,21.3,242,2013-09-01,2014-04-30,11
3504107,Atibaia,SP,2015,895.39,21.48,242,2014-09-01,2015-04-30,18
3504107,Atibaia,SP,2016,1225.88,21.96,243,2015-09-01,2016-04-30,25
3504107,Atibaia,SP,2017,1044.67,20.82,242,2016-09-01,2017-04-30,13
3504107,Atibaia,SP,2018,965.47,21.24,242,2017-09-01,2018-04-30,26
3504107,Atibaia,SP,2019,1231.04,21.33,242,2018-09-01,2019-04-30,8
3504107,Atibaia,SP,2020,983.55,21.17,243,2019-09-01,2020-04-30,22
3504107,Atibaia,SP,2021,823.86,21.75,242,2020-09-01,2021-04-30,19
3504107,Atibaia,SP,2022,928.95,21.27,242,2021-09-01,2022-04-30,13
3504107,Atibaia,SP,2023,1229.13,20.34,242,2022-09-01,2023-04-30,6
3504107,Atibaia,SP,2024,994.5,22.89,243,2023-09-01,2024-04-30,12
3504107,Atibaia,SP,2025,818.34,22.28,242,2024-09-01,2025-04-30,15
3504107,Atibaia,SP,2026,774.66,21.64,242,2025-09-01,2026-04-30,20
3504206,Auriflama,SP,2010,1346.18,25.27,242,2009-09-01,2010-04-30,25
3504206,Auriflama,SP,2011,1462.0,25.57,242,2010-09-01,2011-04-30,23
3504206,Auriflama,SP,2012,903.31,25.89,243,2011-09-01,2012-04-30,11
3504206,Auriflama,SP,2013,980.99,26.22,242,2012-09-01,2013-04-30,18
3504206,Auriflama,SP,2014,821.59,26.6,242,2013-09-01,2014-04-30,14
3504206,Auriflama,SP,2015,1119.3,26.19,242,2014-09-01,2015-04-30,17
3504206,Auriflama,SP,2016,1259.66,26.28,243,2015-09-01,2016-04-30,30
3504206,Auriflama,SP,2017,1096.46,25.39,242,2016-09-01,2017-04-30,13
3504206,Auriflama,SP,2018,1157.68,25.87,242,2017-09-01,2018-04-30,28
3504206,Auriflama,SP,2019,998.87,26.61,242,2018-09-01,2019-04-30,14
3504206,Auriflama,SP,2020,942.26,27.01,243,2019-09-01,2020-04-30,17
3504206,Auriflama,SP,2021,489.72,28.4,242,2020-09-01,2021-04-30,18
3504206,Auriflama,SP,2022,972.46,26.75,242,2021-09-01,2022-04-30,16
3504206,Auriflama,SP,2023,1070.0,25.59,242,2022-09-01,2023-04-30,9
3504206,Auriflama,SP,2024,782.78,29.3,243,2023-09-01,2024-04-30,14
3504206,Auriflama,SP,2025,805.05,27.93,242,2024-09-01,2025-04-30,22
3504206,Auriflama,SP,2026,778.93,27.5,242,2025-09-01,2026-04-30,21
3504305,Avaí,SP,2010,1122.86,24.13,242,2009-09-01,2010-04-30,16
3504305,Avaí,SP,2011,1000.22,24.37,242,2010-09-01,2011-04-30,16
3504305,Avaí,SP,2012,701.24,24.95,243,2011-09-01,2012-04-30,16
3504305,Avaí,SP,2013,973.65,24.73,242,2012-09-01,2013-04-30,18
3504305,Avaí,SP,2014,639.5,25.32,242,2013-09-01,2014-04-30,12
3504305,Avaí,SP,2015,936.77,24.94,242,2014-09-01,2015-04-30,22
3504305,Avaí,SP,2016,1385.93,24.77,243,2015-09-01,2016-04-30,30
3504305,Avaí,SP,2017,927.72,23.88,242,2016-09-01,2017-04-30,26
3504305,Avaí,SP,2018,915.16,24.84,242,2017-09-01,2018-04-30,28
3504305,Avaí,SP,2019,982.73,25.04,242,2018-09-01,2019-04-30,14
3504305,Avaí,SP,2020,798.9,25.65,243,2019-09-01,2020-04-30,17
3504305,Avaí,SP,2021,563.23,26.29,242,2020-09-01,2021-04-30,18
3504305,Avaí,SP,2022,940.98,25.14,242,2021-09-01,2022-04-30,16
3504305,Avaí,SP,2023,896.13,24.1,242,2022-09-01,2023-04-30,9
3504305,Avaí,SP,2024,569.16,28.02,243,2023-09-01,2024-04-30,12
3504305,Avaí,SP,2025,704.24,26.53,242,2024-09-01,2025-04-30,23
3504305,Avaí,SP,2026,755.14,25.58,242,2025-09-01,2026-04-30,21
3504404,Avanhandava,SP,2010,1204.83,24.83,242,2009-09-01,2010-04-30,17
3504404,Avanhandava,SP,2011,1130.19,25.01,242,2010-09-01,2011-04-30,16
3504404,Avanhandava,SP,2012,711.59,25.7,243,2011-09-01,2012-04-30,13
3504404,Avanhandava,SP,2013,992.6,25.53,242,2012-09-01,2013-04-30,18
3504404,Avanhandava,SP,2014,629.95,26.09,242,2013-09-01,2014-04-30,12
3504404,Avanhandava,SP,2015,1005.2,25.72,242,2014-09-01,2015-04-30,18
3504404,Avanhandava,SP,2016,1372.47,25.62,243,2015-09-01,2016-04-30,30
3504404,Avanhandava,SP,2017,954.66,24.57,242,2016-09-01,2017-04-30,13
3504404,Avanhandava,SP,2018,1106.34,25.35,242,2017-09-01,2018-04-30,28
3504404,Avanhandava,SP,2019,1021.8,25.82,242,2018-09-01,2019-04-30,14
3504404,Avanhandava,SP,2020,928.34,26.33,243,2019-09-01,2020-04-30,16
3504404,Avanhandava,SP,2021,581.98,27.22,242,2020-09-01,2021-04-30,18
3504404,Avanhandava,SP,2022,912.03,26.26,242,2021-09-01,2022-04-30,15
3504404,Avanhandava,SP,2023,934.91,24.96,242,2022-09-01,2023-04-30,9
3504404,Avanhandava,SP,2024,662.85,28.84,243,2023-09-01,2024-04-30,16
3504404,Avanhandava,SP,2025,734.19,27.52,242,2024-09-01,2025-04-30,15
3504404,Avanhandava,SP,2026,776.7,26.63,242,2025-09-01,2026-04-30,21
3504503,Avaré,SP,2010,1258.23,22.2,242,2009-09-01,2010-04-30,16
3504503,Avaré,SP,2011,1056.31,22.03,242,2010-09-01,2011-04-30,16
3504503,Avaré,SP,2012,883.1,22.06,243,2011-09-01,2012-04-30,22
3504503,Avaré,SP,2013,1119.2,22.36,242,2012-09-01,2013-04-30,18
3504503,Avaré,SP,2014,721.53,22.59,242,2013-09-01,2014-04-30,12
3504503,Avaré,SP,2015,948.01,22.77,242,2014-09-01,2015-04-30,18
3504503,Avaré,SP,2016,1360.49,22.93,243,2015-09-01,2016-04-30,19
3504503,Avaré,SP,2017,903.85,21.87,242,2016-09-01,2017-04-30,13
3504503,Avaré,SP,2018,1071.34,22.31,242,2017-09-01,2018-04-30,28
3504503,Avaré,SP,2019,984.79,22.79,242,2018-09-01,2019-04-30,14
3504503,Avaré,SP,2020,714.91,23.09,243,2019-09-01,2020-04-30,17
3504503,Avaré,SP,2021,616.33,23.4,242,2020-09-01,2021-04-30,16
3504503,Avaré,SP,2022,930.98,22.78,242,2021-09-01,2022-04-30,14
3504503,Avaré,SP,2023,938.68,21.72,242,2022-09-01,2023-04-30,9
3504503,Avaré,SP,2024,714.58,24.81,243,2023-09-01,2024-04-30,14
3504503,Avaré,SP,2025,633.99,24.0,242,2024-09-01,2025-04-30,15
3504503,Avaré,SP,2026,631.44,23.26,242,2025-09-01,2026-04-30,20
3504602,Bady Bassitt,SP,2010,1105.87,24.68,242,2009-09-01,2010-04-30,17
3504602,Bady Bassitt,SP,2011,1214.77,25.07,242,2010-09-01,2011-04-30,16
3504602,Bady Bassitt,SP,2012,872.96,25.22,243,2011-09-01,2012-04-30,14
3504602,Bady Bassitt,SP,2013,1027.94,25.45,242,2012-09-01,2013-04-30,16
3504602,Bady Bassitt,SP,2014,828.87,25.71,242,2013-09-01,2014-04-30,16
3504602,Bady Bassitt,SP,2015,836.03,25.94,242,2014-09-01,2015-04-30,19
3504602,Bady Bassitt,SP,2016,1208.83,25.66,243,2015-09-01,2016-04-30,28
3504602,Bady Bassitt,SP,2017,897.37,25.01,242,2016-09-01,2017-04-30,13
3504602,Bady Bassitt,SP,2018,992.26,25.51,242,2017-09-01,2018-04-30,28
3504602,Bady Bassitt,SP,2019,943.31,25.91,242,2018-09-01,2019-04-30,15
3504602,Bady Bassitt,SP,2020,948.71,26.18,243,2019-09-01,2020-04-30,16
3504602,Bady Bassitt,SP,2021,648.53,27.03,242,2020-09-01,2021-04-30,18
3504602,Bady Bassitt,SP,2022,1070.52,25.65,242,2021-09-01,2022-04-30,16
3504602,Bady Bassitt,SP,2023,1019.01,24.81,242,2022-09-01,2023-04-30,7
3504602,Bady Bassitt,SP,2024,642.35,28.83,243,2023-09-01,2024-04-30,16
3504602,Bady Bassitt,SP,2025,840.27,27.01,242,2024-09-01,2025-04-30,23
3504602,Bady Bassitt,SP,2026,871.3,26.24,242,2025-09-01,2026-04-30,20
3504701,Balbinos,SP,2010,1122.86,24.13,242,2009-09-01,2010-04-30,16
3504701,Balbinos,SP,2011,1000.22,24.37,242,2010-09-01,2011-04-30,16
3504701,Balbinos,SP,2012,701.24,24.95,243,2011-09-01,2012-04-30,16
3504701,Balbinos,SP,2013,973.65,24.73,242,2012-09-01,2013-04-30,18
3504701,Balbinos,SP,2014,639.5,25.32,242,2013-09-01,2014-04-30,12
3504701,Balbinos,SP,2015,936.77,24.94,242,2014-09-01,2015-04-30,22
3504701,Balbinos,SP,2016,1385.93,24.77,243,2015-09-01,2016-04-30,30
3504701,Balbinos,SP,2017,927.72,23.88,242,2016-09-01,2017-04-30,26
3504701,Balbinos,SP,2018,915.16,24.84,242,2017-09-01,2018-04-30,28
3504701,Balbinos,SP,2019,982.73,25.04,242,2018-09-01,2019-04-30,14
3504701,Balbinos,SP,2020,798.9,25.65,243,2019-09-01,2020-04-30,17
3504701,Balbinos,SP,2021,563.23,26.29,242,2020-09-01,2021-04-30,18
3504701,Balbinos,SP,2022,940.98,25.14,242,2021-09-01,2022-04-30,16
3504701,Balbinos,SP,2023,896.13,24.1,242,2022-09-01,2023-04-30,9
3504701,Balbinos,SP,2024,569.16,28.02,243,2023-09-01,2024-04-30,12
3504701,Balbinos,SP,2025,704.24,26.53,242,2024-09-01,2025-04-30,23
3504701,Balbinos,SP,2026,755.14,25.58,242,2025-09-01,2026-04-30,21
3504800,Bálsamo,SP,2010,1174.84,24.82,242,2009-09-01,2010-04-30,25
3504800,Bálsamo,SP,2011,1341.78,25.09,242,2010-09-01,2011-04-30,23
3504800,Bálsamo,SP,2012,1030.22,24.97,243,2011-09-01,2012-04-30,16
3504800,Bálsamo,SP,2013,1071.04,25.5,242,2012-09-01,2013-04-30,18
3504800,Bálsamo,SP,2014,912.54,25.57,242,2013-09-01,2014-04-30,11
3504800,Bálsamo,SP,2015,955.35,25.89,242,2014-09-01,2015-04-30,17
3504800,Bálsamo,SP,2016,1265.3,25.8,243,2015-09-01,2016-04-30,26
3504800,Bálsamo,SP,2017,1004.32,25.09,242,2016-09-01,2017-04-30,12
3504800,Bálsamo,SP,2018,1070.76,25.55,242,2017-09-01,2018-04-30,28
3504800,Bálsamo,SP,2019,985.34,25.98,242,2018-09-01,2019-04-30,14
3504800,Bálsamo,SP,2020,995.23,26.25,243,2019-09-01,2020-04-30,17
3504800,Bálsamo,SP,2021,689.18,27.06,242,2020-09-01,2021-04-30,18
3504800,Bálsamo,SP,2022,1076.68,25.9,242,2021-09-01,2022-04-30,16
3504800,Bálsamo,SP,2023,1128.03,25.07,242,2022-09-01,2023-04-30,9
3504800,Bálsamo,SP,2024,780.38,28.54,243,2023-09-01,2024-04-30,16
3504800,Bálsamo,SP,2025,887.63,27.11,242,2024-09-01,2025-04-30,39
3504800,Bálsamo,SP,2026,899.81,26.44,242,2025-09-01,2026-04-30,20
3504909,Bananal,SP,2010,1540.29,21.53,242,2009-09-01,2010-04-30,11
3504909,Bananal,SP,2011,1569.88,20.99,242,2010-09-01,2011-04-30,13
3504909,Bananal,SP,2012,1061.06,20.56,243,2011-09-01,2012-04-30,17
3504909,Bananal,SP,2013,1129.19,21.44,242,2012-09-01,2013-04-30,16
3504909,Bananal,SP,2014,815.95,21.78,242,2013-09-01,2014-04-30,20
3504909,Bananal,SP,2015,707.24,22.24,242,2014-09-01,2015-04-30,16
3504909,Bananal,SP,2016,1260.41,22.45,243,2015-09-01,2016-04-30,24
3504909,Bananal,SP,2017,1239.62,21.09,242,2016-09-01,2017-04-30,15
3504909,Bananal,SP,2018,1242.49,21.4,242,2017-09-01,2018-04-30,28
3504909,Bananal,SP,2019,1195.66,21.82,242,2018-09-01,2019-04-30,9
3504909,Bananal,SP,2020,1174.65,21.19,243,2019-09-01,2020-04-30,16
3504909,Bananal,SP,2021,998.62,21.85,242,2020-09-01,2021-04-30,19
3504909,Bananal,SP,2022,1373.06,21.08,242,2021-09-01,2022-04-30,13
3504909,Bananal,SP,2023,1317.31,20.75,242,2022-09-01,2023-04-30,7
3504909,Bananal,SP,2024,904.79,23.23,243,2023-09-01,2024-04-30,12
3504909,Bananal,SP,2025,945.21,22.6,242,2024-09-01,2025-04-30,20
3504909,Bananal,SP,2026,737.56,21.94,242,2025-09-01,2026-04-30,17
3505005,Barão de Antonina,SP,2010,1424.47,22.86,242,2009-09-01,2010-04-30,15
3505005,Barão de Antonina,SP,2011,1014.71,22.52,242,2010-09-01,2011-04-30,9
3505005,Barão de Antonina,SP,2012,848.29,22.79,243,2011-09-01,2012-04-30,13
3505005,Barão de Antonina,SP,2013,1028.64,23.09,242,2012-09-01,2013-04-30,17
3505005,Barão de Antonina,SP,2014,816.12,23.15,242,2013-09-01,2014-04-30,14
3505005,Barão de Antonina,SP,2015,1008.58,23.28,242,2014-09-01,2015-04-30,17
3505005,Barão de Antonina,SP,2016,1488.92,23.48,243,2015-09-01,2016-04-30,14
3505005,Barão de Antonina,SP,2017,1002.01,22.41,242,2016-09-01,2017-04-30,17
3505005,Barão de Antonina,SP,2018,1157.73,22.88,242,2017-09-01,2018-04-30,28
3505005,Barão de Antonina,SP,2019,999.22,23.52,242,2018-09-01,2019-04-30,14
3505005,Barão de Antonina,SP,2020,785.34,23.63,243,2019-09-01,2020-04-30,18
3505005,Barão de Antonina,SP,2021,647.32,23.86,242,2020-09-01,2021-04-30,17
3505005,Barão de Antonina,SP,2022,921.19,23.5,242,2021-09-01,2022-04-30,14
3505005,Barão de Antonina,SP,2023,1085.7,22.14,242,2022-09-01,2023-04-30,9
3505005,Barão de Antonina,SP,2024,718.47,25.29,243,2023-09-01,2024-04-30,15
3505005,Barão de Antonina,SP,2025,689.98,24.52,242,2024-09-01,2025-04-30,14
3505005,Barão de Antonina,SP,2026,623.97,23.92,242,2025-09-01,2026-04-30,20
3505104,Barbosa,SP,2010,1204.83,24.83,242,2009-09-01,2010-04-30,17
3505104,Barbosa,SP,2011,1130.19,25.01,242,2010-09-01,2011-04-30,16
3505104,Barbosa,SP,2012,711.59,25.7,243,2011-09-01,2012-04-30,13
3505104,Barbosa,SP,2013,992.6,25.53,242,2012-09-01,2013-04-30,18
3505104,Barbosa,SP,2014,629.95,26.09,242,2013-09-01,2014-04-30,12
3505104,Barbosa,SP,2015,1005.2,25.72,242,2014-09-01,2015-04-30,18
3505104,Barbosa,SP,2016,1372.47,25.62,243,2015-09-01,2016-04-30,30
3505104,Barbosa,SP,2017,954.66,24.57,242,2016-09-01,2017-04-30,13
3505104,Barbosa,SP,2018,1106.34,25.35,242,2017-09-01,2018-04-30,28
3505104,Barbosa,SP,2019,1021.8,25.82,242,2018-09-01,2019-04-30,14
3505104,Barbosa,SP,2020,928.34,26.33,243,2019-09-01,2020-04-30,16
3505104,Barbosa,SP,2021,581.98,27.22,242,2020-09-01,2021-04-30,18
3505104,Barbosa,SP,2022,912.03,26.26,242,2021-09-01,2022-04-30,15
3505104,Barbosa,SP,2023,934.91,24.96,242,2022-09-01,2023-04-30,9
3505104,Barbosa,SP,2024,662.85,28.84,243,2023-09-01,2024-04-30,16
3505104,Barbosa,SP,2025,734.19,27.52,242,2024-09-01,2025-04-30,15
3505104,Barbosa,SP,2026,776.7,26.63,242,2025-09-01,2026-04-30,21
3505203,Bariri,SP,2010,1134.37,24.18,242,2009-09-01,2010-04-30,16
3505203,Bariri,SP,2011,1031.99,24.5,242,2010-09-01,2011-04-30,16
3505203,Bariri,SP,2012,726.98,24.96,243,2011-09-01,2012-04-30,16
3505203,Bariri,SP,2013,1003.89,24.81,242,2012-09-01,2013-04-30,18
3505203,Bariri,SP,2014,644.37,25.49,242,2013-09-01,2014-04-30,12
3505203,Bariri,SP,2015,924.19,25.07,242,2014-09-01,2015-04-30,24
3505203,Bariri,SP,2016,1366.53,24.96,243,2015-09-01,2016-04-30,30
3505203,Bariri,SP,2017,922.01,24.17,242,2016-09-01,2017-04-30,26
3505203,Bariri,SP,2018,891.81,25.09,242,2017-09-01,2018-04-30,28
3505203,Bariri,SP,2019,972.62,25.1,242,2018-09-01,2019-04-30,14
3505203,Bariri,SP,2020,797.71,25.76,243,2019-09-01,2020-04-30,17
3505203,Bariri,SP,2021,549.9,26.42,242,2020-09-01,2021-04-30,18
3505203,Bariri,SP,2022,949.0,25.18,242,2021-09-01,2022-04-30,16
3505203,Bariri,SP,2023,858.88,24.28,242,2022-09-01,2023-04-30,11
3505203,Bariri,SP,2024,527.69,28.25,243,2023-09-01,2024-04-30,12
3505203,Bariri,SP,2025,683.78,26.68,242,2024-09-01,2025-04-30,23
3505203,Bariri,SP,2026,722.77,25.72,242,2025-09-01,2026-04-30,21
3505302,Barra Bonita,SP,2010,1227.44,23.44,242,2009-09-01,2010-04-30,16
3505302,Barra Bonita,SP,2011,1099.59,23.39,242,2010-09-01,2011-04-30,17
3505302,Barra Bonita,SP,2012,887.15,23.34,243,2011-09-01,2012-04-30,16
3505302,Barra Bonita,SP,2013,1177.08,23.68,242,2012-09-01,2013-04-30,18
3505302,Barra Bonita,SP,2014,724.43,23.92,242,2013-09-01,2014-04-30,12
3505302,Barra Bonita,SP,2015,929.0,24.02,242,2014-09-01,2015-04-30,18
3505302,Barra Bonita,SP,2016,1333.96,24.21,243,2015-09-01,2016-04-30,19
3505302,Barra Bonita,SP,2017,892.66,23.18,242,2016-09-01,2017-04-30,17
3505302,Barra Bonita,SP,2018,953.87,23.88,242,2017-09-01,2018-04-30,28
3505302,Barra Bonita,SP,2019,884.16,24.23,242,2018-09-01,2019-04-30,14
3505302,Barra Bonita,SP,2020,606.36,24.73,243,2019-09-01,2020-04-30,16
3505302,Barra Bonita,SP,2021,476.13,25.12,242,2020-09-01,2021-04-30,17
3505302,Barra Bonita,SP,2022,911.19,24.14,242,2021-09-01,2022-04-30,16
3505302,Barra Bonita,SP,2023,802.1,23.24,242,2022-09-01,2023-04-30,10
3505302,Barra Bonita,SP,2024,565.48,26.48,243,2023-09-01,2024-04-30,12
3505302,Barra Bonita,SP,2025,590.55,25.42,242,2024-09-01,2025-04-30,23
3505302,Barra Bonita,SP,2026,644.7,24.51,242,2025-09-01,2026-04-30,20
3505351,Barra do Chapéu,SP,2010,1748.26,21.02,242,2009-09-01,2010-04-30,11
3505351,Barra do Chapéu,SP,2011,1262.05,20.29,242,2010-09-01,2011-04-30,8
3505351,Barra do Chapéu,SP,2012,897.08,20.59,243,2011-09-01,2012-04-30,13
3505351,Barra do Chapéu,SP,2013,976.67,21.32,242,2012-09-01,2013-04-30,17
3505351,Barra do Chapéu,SP,2014,869.79,21.39,242,2013-09-01,2014-04-30,11
3505351,Barra do Chapéu,SP,2015,1168.1,21.49,242,2014-09-01,2015-04-30,16
3505351,Barra do Chapéu,SP,2016,1424.07,21.62,243,2015-09-01,2016-04-30,12
3505351,Barra do Chapéu,SP,2017,1097.97,20.72,242,2016-09-01,2017-04-30,11
3505351,Barra do Chapéu,SP,2018,1261.35,21.0,242,2017-09-01,2018-04-30,22
3505351,Barra do Chapéu,SP,2019,1096.88,21.76,242,2018-09-01,2019-04-30,7
3505351,Barra do Chapéu,SP,2020,801.02,21.56,243,2019-09-01,2020-04-30,16
3505351,Barra do Chapéu,SP,2021,692.27,22.01,242,2020-09-01,2021-04-30,26
3505351,Barra do Chapéu,SP,2022,882.66,21.57,242,2021-09-01,2022-04-30,11
3505351,Barra do Chapéu,SP,2023,1055.76,20.57,242,2022-09-01,2023-04-30,12
3505351,Barra do Chapéu,SP,2024,875.21,23.12,243,2023-09-01,2024-04-30,14
3505351,Barra do Chapéu,SP,2025,711.25,22.75,242,2024-09-01,2025-04-30,14
3505351,Barra do Chapéu,SP,2026,598.72,22.33,242,2025-09-01,2026-04-30,17
3505401,Barra do Turvo,SP,2010,1808.59,20.52,242,2009-09-01,2010-04-30,15
3505401,Barra do Turvo,SP,2011,1386.88,19.73,242,2010-09-01,2011-04-30,10
3505401,Barra do Turvo,SP,2012,934.73,19.45,243,2011-09-01,2012-04-30,14
3505401,Barra do Turvo,SP,2013,969.07,20.64,242,2012-09-01,2013-04-30,17
3505401,Barra do Turvo,SP,2014,918.6,20.62,242,2013-09-01,2014-04-30,11
3505401,Barra do Turvo,SP,2015,1170.65,20.82,242,2014-09-01,2015-04-30,16
3505401,Barra do Turvo,SP,2016,1331.82,21.11,243,2015-09-01,2016-04-30,13
3505401,Barra do Turvo,SP,2017,1019.71,20.21,242,2016-09-01,2017-04-30,11
3505401,Barra do Turvo,SP,2018,1237.86,20.57,242,2017-09-01,2018-04-30,22
3505401,Barra do Turvo,SP,2019,1087.06,21.25,242,2018-09-01,2019-04-30,8
3505401,Barra do Turvo,SP,2020,703.48,20.95,243,2019-09-01,2020-04-30,16
3505401,Barra do Turvo,SP,2021,740.01,21.17,242,2020-09-01,2021-04-30,25
3505401,Barra do Turvo,SP,2022,884.56,20.87,242,2021-09-01,2022-04-30,10
3505401,Barra do Turvo,SP,2023,1013.45,20.01,242,2022-09-01,2023-04-30,12
3505401,Barra do Turvo,SP,2024,1058.4,22.12,243,2023-09-01,2024-04-30,13
3505401,Barra do Turvo,SP,2025,842.02,21.75,242,2024-09-01,2025-04-30,9
3505401,Barra do Turvo,SP,2026,683.69,21.37,242,2025-09-01,2026-04-30,18
3505500,Barretos,SP,2010,1131.4,25.01,242,2009-09-01,2010-04-30,23
3505500,Barretos,SP,2011,1285.19,25.14,242,2010-09-01,2011-04-30,23
3505500,Barretos,SP,2012,1091.99,25.0,243,2011-09-01,2012-04-30,16
3505500,Barretos,SP,2013,1120.79,25.48,242,2012-09-01,2013-04-30,16
3505500,Barretos,SP,2014,943.96,25.6,242,2013-09-01,2014-04-30,11
3505500,Barretos,SP,2015,893.54,25.99,242,2014-09-01,2015-04-30,17
3505500,Barretos,SP,2016,1245.12,25.9,243,2015-09-01,2016-04-30,27
3505500,Barretos,SP,2017,950.83,25.34,242,2016-09-01,2017-04-30,12
3505500,Barretos,SP,2018,1059.65,25.63,242,2017-09-01,2018-04-30,28
3505500,Barretos,SP,2019,985.88,25.91,242,2018-09-01,2019-04-30,14
3505500,Barretos,SP,2020,999.57,26.21,243,2019-09-01,2020-04-30,17
3505500,Barretos,SP,2021,705.81,26.88,242,2020-09-01,2021-04-30,21
3505500,Barretos,SP,2022,1057.77,25.93,242,2021-09-01,2022-04-30,25
3505500,Barretos,SP,2023,1158.95,25.11,242,2022-09-01,2023-04-30,9
3505500,Barretos,SP,2024,823.79,28.38,243,2023-09-01,2024-04-30,19
3505500,Barretos,SP,2025,901.72,27.15,242,2024-09-01,2025-04-30,39
3505500,Barretos,SP,2026,936.77,26.22,242,2025-09-01,2026-04-30,20
3505609,Barrinha,SP,2010,1229.92,24.15,242,2009-09-01,2010-04-30,17
3505609,Barrinha,SP,2011,1293.38,24.29,242,2010-09-01,2011-04-30,12
3505609,Barrinha,SP,2012,1054.26,24.32,243,2011-09-01,2012-04-30,16
3505609,Barrinha,SP,2013,1120.66,24.65,242,2012-09-01,2013-04-30,19
3505609,Barrinha,SP,2014,802.92,25.21,242,2013-09-01,2014-04-30,11
3505609,Barrinha,SP,2015,933.1,25.15,242,2014-09-01,2015-04-30,21
3505609,Barrinha,SP,2016,1331.84,25.12,243,2015-09-01,2016-04-30,25
3505609,Barrinha,SP,2017,940.59,24.62,242,2016-09-01,2017-04-30,12
3505609,Barrinha,SP,2018,1081.33,24.93,242,2017-09-01,2018-04-30,27
3505609,Barrinha,SP,2019,1134.11,24.87,242,2018-09-01,2019-04-30,16
3505609,Barrinha,SP,2020,1073.79,25.24,243,2019-09-01,2020-04-30,18
3505609,Barrinha,SP,2021,570.11,26.39,242,2020-09-01,2021-04-30,20
3505609,Barrinha,SP,2022,1065.97,25.06,242,2021-09-01,2022-04-30,15
3505609,Barrinha,SP,2023,1257.48,24.04,242,2022-09-01,2023-04-30,9
3505609,Barrinha,SP,2024,800.27,27.54,243,2023-09-01,2024-04-30,12
3505609,Barrinha,SP,2025,971.9,26.3,242,2024-09-01,2025-04-30,19
3505609,Barrinha,SP,2026,1029.38,25.17,242,2025-09-01,2026-04-30,22
3505708,Barueri,SP,2010,1666.75,21.09,242,2009-09-01,2010-04-30,12
3505708,Barueri,SP,2011,1464.75,20.61,242,2010-09-01,2011-04-30,11
3505708,Barueri,SP,2012,924.14,20.5,243,2011-09-01,2012-04-30,13
3505708,Barueri,SP,2013,1098.88,21.22,242,2012-09-01,2013-04-30,16
3505708,Barueri,SP,2014,769.94,21.63,242,2013-09-01,2014-04-30,14
3505708,Barueri,SP,2015,854.33,21.79,242,2014-09-01,2015-04-30,16
3505708,Barueri,SP,2016,1250.66,22.01,243,2015-09-01,2016-04-30,26
3505708,Barueri,SP,2017,1090.54,20.97,242,2016-09-01,2017-04-30,13
3505708,Barueri,SP,2018,791.1,21.55,242,2017-09-01,2018-04-30,28
3505708,Barueri,SP,2019,1156.14,21.76,242,2018-09-01,2019-04-30,8
3505708,Barueri,SP,2020,1119.16,21.26,243,2019-09-01,2020-04-30,12
3505708,Barueri,SP,2021,691.92,21.98,242,2020-09-01,2021-04-30,19
3505708,Barueri,SP,2022,1015.37,21.37,242,2021-09-01,2022-04-30,12
3505708,Barueri,SP,2023,1308.23,20.46,242,2022-09-01,2023-04-30,7
3505708,Barueri,SP,2024,894.85,23.27,243,2023-09-01,2024-04-30,13
3505708,Barueri,SP,2025,775.9,22.58,242,2024-09-01,2025-04-30,14
3505708,Barueri,SP,2026,754.23,21.95,242,2025-09-01,2026-04-30,20
3505807,Bastos,SP,2010,1367.74,24.22,242,2009-09-01,2010-04-30,15
3505807,Bastos,SP,2011,1074.29,24.34,242,2010-09-01,2011-04-30,16
3505807,Bastos,SP,2012,745.01,25.41,243,2011-09-01,2012-04-30,13
3505807,Bastos,SP,2013,1004.34,25.07,242,2012-09-01,2013-04-30,18
3505807,Bastos,SP,2014,783.29,25.34,242,2013-09-01,2014-04-30,12
3505807,Bastos,SP,2015,1051.45,25.1,242,2014-09-01,2015-04-30,21
3505807,Bastos,SP,2016,1556.5,24.89,243,2015-09-01,2016-04-30,18
3505807,Bastos,SP,2017,924.04,23.79,242,2016-09-01,2017-04-30,12
3505807,Bastos,SP,2018,1202.02,24.56,242,2017-09-01,2018-04-30,28
3505807,Bastos,SP,2019,1097.67,25.08,242,2018-09-01,2019-04-30,14
3505807,Bastos,SP,2020,927.79,25.95,243,2019-09-01,2020-04-30,17
3505807,Bastos,SP,2021,648.32,26.43,242,2020-09-01,2021-04-30,19
3505807,Bastos,SP,2022,942.05,25.83,242,2021-09-01,2022-04-30,10
3505807,Bastos,SP,2023,1136.0,24.1,242,2022-09-01,2023-04-30,9
3505807,Bastos,SP,2024,796.54,28.01,243,2023-09-01,2024-04-30,16
3505807,Bastos,SP,2025,790.43,26.95,242,2024-09-01,2025-04-30,14
3505807,Bastos,SP,2026,890.38,25.91,242,2025-09-01,2026-04-30,20
3505906,Batatais,SP,2010,1320.37,23.24,242,2009-09-01,2010-04-30,16
3505906,Batatais,SP,2011,1352.31,23.33,242,2010-09-01,2011-04-30,12
3505906,Batatais,SP,2012,1081.44,23.35,243,2011-09-01,2012-04-30,17
3505906,Batatais,SP,2013,1140.32,23.68,242,2012-09-01,2013-04-30,17
3505906,Batatais,SP,2014,774.3,24.42,242,2013-09-01,2014-04-30,11
3505906,Batatais,SP,2015,1026.75,24.11,242,2014-09-01,2015-04-30,21
3505906,Batatais,SP,2016,1299.19,24.25,243,2015-09-01,2016-04-30,26
3505906,Batatais,SP,2017,1005.55,23.67,242,2016-09-01,2017-04-30,10
3505906,Batatais,SP,2018,1131.79,23.89,242,2017-09-01,2018-04-30,26
3505906,Batatais,SP,2019,1272.77,23.78,242,2018-09-01,2019-04-30,13
3505906,Batatais,SP,2020,1092.84,24.28,243,2019-09-01,2020-04-30,15
3505906,Batatais,SP,2021,616.62,25.26,242,2020-09-01,2021-04-30,20
3505906,Batatais,SP,2022,1172.69,23.95,242,2021-09-01,2022-04-30,16
3505906,Batatais,SP,2023,1239.31,23.11,242,2022-09-01,2023-04-30,8
3505906,Batatais,SP,2024,835.36,26.41,243,2023-09-01,2024-04-30,21
3505906,Batatais,SP,2025,945.84,25.33,242,2024-09-01,2025-04-30,19
3505906,Batatais,SP,2026,936.99,24.28,242,2025-09-01,2026-04-30,22
3506003,Bauru,SP,2010,1172.45,23.51,242,2009-09-01,2010-04-30,16
3506003,Bauru,SP,2011,966.96,23.52,242,2010-09-01,2011-04-30,16
3506003,Bauru,SP,2012,797.35,23.82,243,2011-09-01,2012-04-30,16
3506003,Bauru,SP,2013,1026.73,23.89,242,2012-09-01,2013-04-30,18
3506003,Bauru,SP,2014,741.38,24.14,242,2013-09-01,2014-04-30,12
3506003,Bauru,SP,2015,975.27,24.1,242,2014-09-01,2015-04-30,18
3506003,Bauru,SP,2016,1463.2,24.06,243,2015-09-01,2016-04-30,29
3506003,Bauru,SP,2017,957.46,23.01,242,2016-09-01,2017-04-30,13
3506003,Bauru,SP,2018,1007.72,23.81,242,2017-09-01,2018-04-30,28
3506003,Bauru,SP,2019,987.54,24.24,242,2018-09-01,2019-04-30,14
3506003,Bauru,SP,2020,772.47,24.74,243,2019-09-01,2020-04-30,17
3506003,Bauru,SP,2021,629.64,24.96,242,2020-09-01,2021-04-30,16
3506003,Bauru,SP,2022,940.53,24.29,242,2021-09-01,2022-04-30,10
3506003,Bauru,SP,2023,971.35,23.11,242,2022-09-01,2023-04-30,9
3506003,Bauru,SP,2024,667.7,26.55,243,2023-09-01,2024-04-30,12
3506003,Bauru,SP,2025,686.26,25.51,242,2024-09-01,2025-04-30,23
3506003,Bauru,SP,2026,766.53,24.56,242,2025-09-01,2026-04-30,20
3506102,Bebedouro,SP,2010,1105.13,24.36,242,2009-09-01,2010-04-30,17
3506102,Bebedouro,SP,2011,1208.26,24.68,242,2010-09-01,2011-04-30,16
3506102,Bebedouro,SP,2012,933.34,24.79,243,2011-09-01,2012-04-30,14
3506102,Bebedouro,SP,2013,1041.74,24.98,242,2012-09-01,2013-04-30,16
3506102,Bebedouro,SP,2014,860.18,25.31,242,2013-09-01,2014-04-30,11
3506102,Bebedouro,SP,2015,823.63,25.55,242,2014-09-01,2015-04-30,18
3506102,Bebedouro,SP,2016,1206.26,25.27,243,2015-09-01,2016-04-30,28
3506102,Bebedouro,SP,2017,905.05,24.75,242,2016-09-01,2017-04-30,13
3506102,Bebedouro,SP,2018,963.54,25.21,242,2017-09-01,2018-04-30,28
3506102,Bebedouro,SP,2019,945.9,25.45,242,2018-09-01,2019-04-30,15
3506102,Bebedouro,SP,2020,920.4,25.78,243,2019-09-01,2020-04-30,22
3506102,Bebedouro,SP,2021,609.43,26.65,242,2020-09-01,2021-04-30,18
3506102,Bebedouro,SP,2022,1042.52,25.32,242,2021-09-01,2022-04-30,16
3506102,Bebedouro,SP,2023,1038.05,24.47,242,2022-09-01,2023-04-30,11
3506102,Bebedouro,SP,2024,661.64,28.29,243,2023-09-01,2024-04-30,13
3506102,Bebedouro,SP,2025,869.1,26.62,242,2024-09-01,2025-04-30,39
3506102,Bebedouro,SP,2026,904.03,25.7,242,2025-09-01,2026-04-30,20
3506201,Bento de Abreu,SP,2010,1236.56,24.7,242,2009-09-01,2010-04-30,16
3506201,Bento de Abreu,SP,2011,1144.95,24.82,242,2010-09-01,2011-04-30,16
3506201,Bento de Abreu,SP,2012,714.46,25.67,243,2011-09-01,2012-04-30,13
3506201,Bento de Abreu,SP,2013,1011.71,25.44,242,2012-09-01,2013-04-30,18
3506201,Bento de Abreu,SP,2014,630.14,26.07,242,2013-09-01,2014-04-30,16
3506201,Bento de Abreu,SP,2015,1003.11,25.6,242,2014-09-01,2015-04-30,18
3506201,Bento de Abreu,SP,2016,1362.3,25.55,243,2015-09-01,2016-04-30,30
3506201,Bento de Abreu,SP,2017,910.1,24.47,242,2016-09-01,2017-04-30,13
3506201,Bento de Abreu,SP,2018,1122.52,25.2,242,2017-09-01,2018-04-30,28
3506201,Bento de Abreu,SP,2019,1014.26,25.71,242,2018-09-01,2019-04-30,14
3506201,Bento de Abreu,SP,2020,930.46,26.29,243,2019-09-01,2020-04-30,16
3506201,Bento de Abreu,SP,2021,617.0,27.07,242,2020-09-01,2021-04-30,18
3506201,Bento de Abreu,SP,2022,907.11,26.21,242,2021-09-01,2022-04-30,14
3506201,Bento de Abreu,SP,2023,922.6,24.9,242,2022-09-01,2023-04-30,8
3506201,Bento de Abreu,SP,2024,630.16,28.93,243,2023-09-01,2024-04-30,16
3506201,Bento de Abreu,SP,2025,709.3,27.58,242,2024-09-01,2025-04-30,15
3506201,Bento de Abreu,SP,2026,750.02,26.74,242,2025-09-01,2026-04-30,21
3506300,Bernardino de Campos,SP,2010,1269.52,23.15,242,2009-09-01,2010-04-30,16
3506300,Bernardino de Campos,SP,2011,969.56,23.05,242,2010-09-01,2011-04-30,15
3506300,Bernardino de Campos,SP,2012,856.88,23.23,243,2011-09-01,2012-04-30,22
3506300,Bernardino de Campos,SP,2013,1056.89,23.44,242,2012-09-01,2013-04-30,18
3506300,Bernardino de Campos,SP,2014,809.47,23.53,242,2013-09-01,2014-04-30,12
3506300,Bernardino de Campos,SP,2015,988.42,23.63,242,2014-09-01,2015-04-30,17
3506300,Bernardino de Campos,SP,2016,1495.77,23.75,243,2015-09-01,2016-04-30,14
3506300,Bernardino de Campos,SP,2017,982.85,22.7,242,2016-09-01,2017-04-30,17
3506300,Bernardino de Campos,SP,2018,1090.44,23.28,242,2017-09-01,2018-04-30,28
3506300,Bernardino de Campos,SP,2019,990.48,23.82,242,2018-09-01,2019-04-30,14
3506300,Bernardino de Campos,SP,2020,751.68,24.16,243,2019-09-01,2020-04-30,18
3506300,Bernardino de Campos,SP,2021,680.11,24.27,242,2020-09-01,2021-04-30,20
3506300,Bernardino de Campos,SP,2022,937.5,23.85,242,2021-09-01,2022-04-30,14
3506300,Bernardino de Campos,SP,2023,1045.16,22.54,242,2022-09-01,2023-04-30,9
3506300,Bernardino de Campos,SP,2024,710.14,25.84,243,2023-09-01,2024-04-30,14
3506300,Bernardino de Campos,SP,2025,664.42,24.99,242,2024-09-01,2025-04-30,14
3506300,Bernardino de Campos,SP,2026,716.02,24.17,242,2025-09-01,2026-04-30,20
3506359,Bertioga,SP,2010,1817.02,24.28,242,2009-09-01,2010-04-30,11
3506359,Bertioga,SP,2011,1702.96,23.34,242,2010-09-01,2011-04-30,6
3506359,Bertioga,SP,2012,760.36,22.85,243,2011-09-01,2012-04-30,13
3506359,Bertioga,SP,2013,906.25,23.77,242,2012-09-01,2013-04-30,16
3506359,Bertioga,SP,2014,731.37,23.91,242,2013-09-01,2014-04-30,15
3506359,Bertioga,SP,2015,705.47,24.2,242,2014-09-01,2015-04-30,14
3506359,Bertioga,SP,2016,1221.89,24.48,243,2015-09-01,2016-04-30,25
3506359,Bertioga,SP,2017,982.71,23.76,242,2016-09-01,2017-04-30,11
3506359,Bertioga,SP,2018,803.52,23.93,242,2017-09-01,2018-04-30,27
3506359,Bertioga,SP,2019,994.81,24.52,242,2018-09-01,2019-04-30,8
3506359,Bertioga,SP,2020,949.7,23.41,243,2019-09-01,2020-04-30,13
3506359,Bertioga,SP,2021,1079.4,23.98,242,2020-09-01,2021-04-30,19
3506359,Bertioga,SP,2022,884.17,23.5,242,2021-09-01,2022-04-30,12
3506359,Bertioga,SP,2023,1233.21,23.34,242,2022-09-01,2023-04-30,11
3506359,Bertioga,SP,2024,1098.21,24.82,243,2023-09-01,2024-04-30,12
3506359,Bertioga,SP,2025,1026.79,24.21,242,2024-09-01,2025-04-30,18
3506359,Bertioga,SP,2026,688.76,23.9,242,2025-09-01,2026-04-30,22
3506409,Bilac,SP,2010,1236.56,24.7,242,2009-09-01,2010-04-30,16
3506409,Bilac,SP,2011,1144.95,24.82,242,2010-09-01,2011-04-30,16
3506409,Bilac,SP,2012,714.46,25.67,243,2011-09-01,2012-04-30,13
3506409,Bilac,SP,2013,1011.71,25.44,242,2012-09-01,2013-04-30,18
3506409,Bilac,SP,2014,630.14,26.07,242,2013-09-01,2014-04-30,16
3506409,Bilac,SP,2015,1003.11,25.6,242,2014-09-01,2015-04-30,18
3506409,Bilac,SP,2016,1362.3,25.55,243,2015-09-01,2016-04-30,30
3506409,Bilac,SP,2017,910.1,24.47,242,2016-09-01,2017-04-30,13
3506409,Bilac,SP,2018,1122.52,25.2,242,2017-09-01,2018-04-30,28
3506409,Bilac,SP,2019,1014.26,25.71,242,2018-09-01,2019-04-30,14
3506409,Bilac,SP,2020,930.46,26.29,243,2019-09-01,2020-04-30,16
3506409,Bilac,SP,2021,617.0,27.07,242,2020-09-01,2021-04-30,18
3506409,Bilac,SP,2022,907.11,26.21,242,2021-09-01,2022-04-30,14
3506409,Bilac,SP,2023,922.6,24.9,242,2022-09-01,2023-04-30,8
3506409,Bilac,SP,2024,630.16,28.93,243,2023-09-01,2024-04-30,16
3506409,Bilac,SP,2025,709.3,27.58,242,2024-09-01,2025-04-30,15
3506409,Bilac,SP,2026,750.02,26.74,242,2025-09-01,2026-04-30,21
3506508,Birigui,SP,2010,1236.56,24.7,242,2009-09-01,2010-04-30,16
3506508,Birigui,SP,2011,1144.95,24.82,242,2010-09-01,2011-04-30,16
3506508,Birigui,SP,2012,714.46,25.67,243,2011-09-01,2012-04-30,13
3506508,Birigui,SP,2013,1011.71,25.44,242,2012-09-01,2013-04-30,18
3506508,Birigui,SP,2014,630.14,26.07,242,2013-09-01,2014-04-30,16
3506508,Birigui,SP,2015,1003.11,25.6,242,2014-09-01,2015-04-30,18
3506508,Birigui,SP,2016,1362.3,25.55,243,2015-09-01,2016-04-30,30
3506508,Birigui,SP,2017,910.1,24.47,242,2016-09-01,2017-04-30,13
3506508,Birigui,SP,2018,1122.52,25.2,242,2017-09-01,2018-04-30,28
3506508,Birigui,SP,2019,1014.26,25.71,242,2018-09-01,2019-04-30,14
3506508,Birigui,SP,2020,930.46,26.29,243,2019-09-01,2020-04-30,16
3506508,Birigui,SP,2021,617.0,27.07,242,2020-09-01,2021-04-30,18
3506508,Birigui,SP,2022,907.11,26.21,242,2021-09-01,2022-04-30,14
3506508,Birigui,SP,2023,922.6,24.9,242,2022-09-01,2023-04-30,8
3506508,Birigui,SP,2024,630.16,28.93,243,2023-09-01,2024-04-30,16
3506508,Birigui,SP,2025,709.3,27.58,242,2024-09-01,2025-04-30,15
3506508,Birigui,SP,2026,750.02,26.74,242,2025-09-01,2026-04-30,21
3506607,Biritiba-Mirim,SP,2010,1708.0,21.63,242,2009-09-01,2010-04-30,11
3506607,Biritiba-Mirim,SP,2011,1612.83,21.03,242,2010-09-01,2011-04-30,10
3506607,Biritiba-Mirim,SP,2012,913.57,20.91,243,2011-09-01,2012-04-30,13
3506607,Biritiba-Mirim,SP,2013,1041.98,21.64,242,2012-09-01,2013-04-30,16
3506607,Biritiba-Mirim,SP,2014,762.83,22.06,242,2013-09-01,2014-04-30,15
3506607,Biritiba-Mirim,SP,2015,814.52,22.19,242,2014-09-01,2015-04-30,16
3506607,Biritiba-Mirim,SP,2016,1155.68,22.52,243,2015-09-01,2016-04-30,25
3506607,Biritiba-Mirim,SP,2017,1111.08,21.41,242,2016-09-01,2017-04-30,14
3506607,Biritiba-Mirim,SP,2018,885.1,21.83,242,2017-09-01,2018-04-30,28
3506607,Biritiba-Mirim,SP,2019,1200.65,22.11,242,2018-09-01,2019-04-30,7
3506607,Biritiba-Mirim,SP,2020,994.6,21.53,243,2019-09-01,2020-04-30,13
3506607,Biritiba-Mirim,SP,2021,850.67,22.12,242,2020-09-01,2021-04-30,19
3506607,Biritiba-Mirim,SP,2022,893.62,21.72,242,2021-09-01,2022-04-30,8
3506607,Biritiba-Mirim,SP,2023,1193.78,20.94,242,2022-09-01,2023-04-30,7
3506607,Biritiba-Mirim,SP,2024,993.45,23.35,243,2023-09-01,2024-04-30,12
3506607,Biritiba-Mirim,SP,2025,845.8,22.73,242,2024-09-01,2025-04-30,14
3506607,Biritiba-Mirim,SP,2026,748.72,22.2,242,2025-09-01,2026-04-30,19
3506706,Boa Esperança do Sul,SP,2010,1281.96,22.97,242,2009-09-01,2010-04-30,16
3506706,Boa Esperança do Sul,SP,2011,1109.39,23.33,242,2010-09-01,2011-04-30,12
3506706,Boa Esperança do Sul,SP,2012,957.52,23.23,243,2011-09-01,2012-04-30,16
3506706,Boa Esperança do Sul,SP,2013,1160.37,23.51,242,2012-09-01,2013-04-30,19
3506706,Boa Esperança do Sul,SP,2014,729.3,24.04,242,2013-09-01,2014-04-30,11
3506706,Boa Esperança do Sul,SP,2015,948.6,23.92,242,2014-09-01,2015-04-30,19
3506706,Boa Esperança do Sul,SP,2016,1302.13,24.0,243,2015-09-01,2016-04-30,28
3506706,Boa Esperança do Sul,SP,2017,953.32,23.05,242,2016-09-01,2017-04-30,16
3506706,Boa Esperança do Sul,SP,2018,913.57,23.9,242,2017-09-01,2018-04-30,28
3506706,Boa Esperança do Sul,SP,2019,999.31,23.85,242,2018-09-01,2019-04-30,14
3506706,Boa Esperança do Sul,SP,2020,878.69,24.28,243,2019-09-01,2020-04-30,18
3506706,Boa Esperança do Sul,SP,2021,471.48,25.33,242,2020-09-01,2021-04-30,21
3506706,Boa Esperança do Sul,SP,2022,930.33,24.04,242,2021-09-01,2022-04-30,16
3506706,Boa Esperança do Sul,SP,2023,969.43,23.01,242,2022-09-01,2023-04-30,9
3506706,Boa Esperança do Sul,SP,2024,617.83,26.63,243,2023-09-01,2024-04-30,12
3506706,Boa Esperança do Sul,SP,2025,789.62,25.2,242,2024-09-01,2025-04-30,19
3506706,Boa Esperança do Sul,SP,2026,801.21,24.29,242,2025-09-01,2026-04-30,21
3506805,Bocaina,SP,2010,1134.37,24.18,242,2009-09-01,2010-04-30,16
3506805,Bocaina,SP,2011,1031.99,24.5,242,2010-09-01,2011-04-30,16
3506805,Bocaina,SP,2012,726.98,24.96,243,2011-09-01,2012-04-30,16
3506805,Bocaina,SP,2013,1003.89,24.81,242,2012-09-01,2013-04-30,18
3506805,Bocaina,SP,2014,644.37,25.49,242,2013-09-01,2014-04-30,12
3506805,Bocaina,SP,2015,924.19,25.07,242,2014-09-01,2015-04-30,24
3506805,Bocaina,SP,2016,1366.53,24.96,243,2015-09-01,2016-04-30,30
3506805,Bocaina,SP,2017,922.01,24.17,242,2016-09-01,2017-04-30,26
3506805,Bocaina,SP,2018,891.81,25.09,242,2017-09-01,2018-04-30,28
3506805,Bocaina,SP,2019,972.62,25.1,242,2018-09-01,2019-04-30,14
3506805,Bocaina,SP,2020,797.71,25.76,243,2019-09-01,2020-04-30,17
3506805,Bocaina,SP,2021,549.9,26.42,242,2020-09-01,2021-04-30,18
3506805,Bocaina,SP,2022,949.0,25.18,242,2021-09-01,2022-04-30,16
3506805,Bocaina,SP,2023,858.88,24.28,242,2022-09-01,2023-04-30,11
3506805,Bocaina,SP,2024,527.69,28.25,243,2023-09-01,2024-04-30,12
3506805,Bocaina,SP,2025,683.78,26.68,242,2024-09-01,2025-04-30,23
3506805,Bocaina,SP,2026,722.77,25.72,242,2025-09-01,2026-04-30,21
3506904,Bofete,SP,2010,1380.81,22.76,242,2009-09-01,2010-04-30,15
3506904,Bofete,SP,2011,1103.0,22.55,242,2010-09-01,2011-04-30,16
3506904,Bofete,SP,2012,910.59,22.75,243,2011-09-01,2012-04-30,22
3506904,Bofete,SP,2013,1104.2,23.08,242,2012-09-01,2013-04-30,18
3506904,Bofete,SP,2014,679.75,23.6,242,2013-09-01,2014-04-30,12
3506904,Bofete,SP,2015,871.73,23.73,242,2014-09-01,2015-04-30,17
3506904,Bofete,SP,2016,1291.57,23.69,243,2015-09-01,2016-04-30,19
3506904,Bofete,SP,2017,920.81,22.65,242,2016-09-01,2017-04-30,13
3506904,Bofete,SP,2018,964.33,23.17,242,2017-09-01,2018-04-30,28
3506904,Bofete,SP,2019,1029.69,23.55,242,2018-09-01,2019-04-30,14
3506904,Bofete,SP,2020,804.62,23.62,243,2019-09-01,2020-04-30,16
3506904,Bofete,SP,2021,554.68,24.43,242,2020-09-01,2021-04-30,21
3506904,Bofete,SP,2022,930.02,23.55,242,2021-09-01,2022-04-30,10
3506904,Bofete,SP,2023,973.35,22.45,242,2022-09-01,2023-04-30,9
3506904,Bofete,SP,2024,698.86,25.79,243,2023-09-01,2024-04-30,12
3506904,Bofete,SP,2025,621.24,24.94,242,2024-09-01,2025-04-30,14
3506904,Bofete,SP,2026,632.04,24.24,242,2025-09-01,2026-04-30,20
3507001,Boituva,SP,2010,1548.7,21.59,242,2009-09-01,2010-04-30,12
3507001,Boituva,SP,2011,1208.16,21.35,242,2010-09-01,2011-04-30,8
3507001,Boituva,SP,2012,884.05,21.48,243,2011-09-01,2012-04-30,13
3507001,Boituva,SP,2013,1041.36,21.89,242,2012-09-01,2013-04-30,19
3507001,Boituva,SP,2014,714.51,22.49,242,2013-09-01,2014-04-30,13
3507001,Boituva,SP,2015,852.53,22.53,242,2014-09-01,2015-04-30,16
3507001,Boituva,SP,2016,1261.59,22.56,243,2015-09-01,2016-04-30,26
3507001,Boituva,SP,2017,1057.39,21.56,242,2016-09-01,2017-04-30,13
3507001,Boituva,SP,2018,864.02,22.11,242,2017-09-01,2018-04-30,28
3507001,Boituva,SP,2019,1159.73,22.35,242,2018-09-01,2019-04-30,8
3507001,Boituva,SP,2020,1047.14,21.97,243,2019-09-01,2020-04-30,22
3507001,Boituva,SP,2021,662.21,22.83,242,2020-09-01,2021-04-30,19
3507001,Boituva,SP,2022,1011.81,22.13,242,2021-09-01,2022-04-30,14
3507001,Boituva,SP,2023,1305.91,20.95,242,2022-09-01,2023-04-30,7
3507001,Boituva,SP,2024,849.66,24.1,243,2023-09-01,2024-04-30,13
3507001,Boituva,SP,2025,738.44,23.44,242,2024-09-01,2025-04-30,14
3507001,Boituva,SP,2026,710.6,22.79,242,2025-09-01,2026-04-30,20
3507100,Bom Jesus dos Perdões,SP,2010,1513.84,20.93,242,2009-09-01,2010-04-30,12
3507100,Bom Jesus dos Perdões,SP,2011,1425.14,20.67,242,2010-09-01,2011-04-30,6
3507100,Bom Jesus dos Perdões,SP,2012,1060.67,20.38,243,2011-09-01,2012-04-30,21
3507100,Bom Jesus dos Perdões,SP,2013,1210.5,20.9,242,2012-09-01,2013-04-30,19
3507100,Bom Jesus dos Perdões,SP,2014,839.61,21.3,242,2013-09-01,2014-04-30,11
3507100,Bom Jesus dos Perdões,SP,2015,895.39,21.48,242,2014-09-01,2015-04-30,18
3507100,Bom Jesus dos Perdões,SP,2016,1225.88,21.96,243,2015-09-01,2016-04-30,25
3507100,Bom Jesus dos Perdões,SP,2017,1044.67,20.82,242,2016-09-01,2017-04-30,13
3507100,Bom Jesus dos Perdões,SP,2018,965.47,21.24,242,2017-09-01,2018-04-30,26
3507100,Bom Jesus dos Perdões,SP,2019,1231.04,21.33,242,2018-09-01,2019-04-30,8
3507100,Bom Jesus dos Perdões,SP,2020,983.55,21.17,243,2019-09-01,2020-04-30,22
3507100,Bom Jesus dos Perdões,SP,2021,823.86,21.75,242,2020-09-01,2021-04-30,19
3507100,Bom Jesus dos Perdões,SP,2022,928.95,21.27,242,2021-09-01,2022-04-30,13
3507100,Bom Jesus dos Perdões,SP,2023,1229.13,20.34,242,2022-09-01,2023-04-30,6
3507100,Bom Jesus dos Perdões,SP,2024,994.5,22.89,243,2023-09-01,2024-04-30,12
3507100,Bom Jesus dos Perdões,SP,2025,818.34,22.28,242,2024-09-01,2025-04-30,15
3507100,Bom Jesus dos Perdões,SP,2026,774.66,21.64,242,2025-09-01,2026-04-30,20
3507159,Bom Sucesso de Itararé,SP,2010,1689.98,20.26,242,2009-09-01,2010-04-30,16
3507159,Bom Sucesso de Itararé,SP,2011,1234.09,19.49,242,2010-09-01,2011-04-30,9
3507159,Bom Sucesso de Itararé,SP,2012,913.63,19.77,243,2011-09-01,2012-04-30,13
3507159,Bom Sucesso de Itararé,SP,2013,982.69,20.6,242,2012-09-01,2013-04-30,17
3507159,Bom Sucesso de Itararé,SP,2014,850.41,20.6,242,2013-09-01,2014-04-30,11
3507159,Bom Sucesso de Itararé,SP,2015,1128.94,20.67,242,2014-09-01,2015-04-30,16
3507159,Bom Sucesso de Itararé,SP,2016,1414.9,20.8,243,2015-09-01,2016-04-30,11
3507159,Bom Sucesso de Itararé,SP,2017,1031.79,19.96,242,2016-09-01,2017-04-30,11
3507159,Bom Sucesso de Itararé,SP,2018,1253.65,20.31,242,2017-09-01,2018-04-30,22
3507159,Bom Sucesso de Itararé,SP,2019,1066.68,21.12,242,2018-09-01,2019-04-30,7
3507159,Bom Sucesso de Itararé,SP,2020,777.79,21.12,243,2019-09-01,2020-04-30,16
3507159,Bom Sucesso de Itararé,SP,2021,658.49,21.41,242,2020-09-01,2021-04-30,26
3507159,Bom Sucesso de Itararé,SP,2022,868.21,21.06,242,2021-09-01,2022-04-30,11
3507159,Bom Sucesso de Itararé,SP,2023,1050.29,19.71,242,2022-09-01,2023-04-30,12
3507159,Bom Sucesso de Itararé,SP,2024,878.93,22.41,243,2023-09-01,2024-04-30,15
3507159,Bom Sucesso de Itararé,SP,2025,754.0,22.07,242,2024-09-01,2025-04-30,14
3507159,Bom Sucesso de Itararé,SP,2026,616.04,21.56,242,2025-09-01,2026-04-30,17
3507209,Borá,SP,2010,1466.64,23.86,242,2009-09-01,2010-04-30,16
3507209,Borá,SP,2011,1056.47,24.07,242,2010-09-01,2011-04-30,16
3507209,Borá,SP,2012,766.36,25.14,243,2011-09-01,2012-04-30,12
3507209,Borá,SP,2013,971.83,24.86,242,2012-09-01,2013-04-30,18
3507209,Borá,SP,2014,901.09,24.92,242,2013-09-01,2014-04-30,12
3507209,Borá,SP,2015,1059.12,24.67,242,2014-09-01,2015-04-30,17
3507209,Borá,SP,2016,1704.91,24.44,243,2015-09-01,2016-04-30,13
3507209,Borá,SP,2017,965.7,23.72,242,2016-09-01,2017-04-30,13
3507209,Borá,SP,2018,1213.35,24.33,242,2017-09-01,2018-04-30,28
3507209,Borá,SP,2019,1116.41,24.75,242,2018-09-01,2019-04-30,14
3507209,Borá,SP,2020,896.41,25.6,243,2019-09-01,2020-04-30,17
3507209,Borá,SP,2021,689.38,25.86,242,2020-09-01,2021-04-30,20
3507209,Borá,SP,2022,913.13,25.42,242,2021-09-01,2022-04-30,10
3507209,Borá,SP,2023,1233.33,23.45,242,2022-09-01,2023-04-30,9
3507209,Borá,SP,2024,785.49,27.62,243,2023-09-01,2024-04-30,14
3507209,Borá,SP,2025,757.79,26.55,242,2024-09-01,2025-04-30,14
3507209,Borá,SP,2026,926.52,25.52,242,2025-09-01,2026-04-30,20
3507308,Boracéia,SP,2010,1134.37,24.18,242,2009-09-01,2010-04-30,16
3507308,Boracéia,SP,2011,1031.99,24.5,242,2010-09-01,2011-04-30,16
3507308,Boracéia,SP,2012,726.98,24.96,243,2011-09-01,2012-04-30,16
3507308,Boracéia,SP,2013,1003.89,24.81,242,2012-09-01,2013-04-30,18
3507308,Boracéia,SP,2014,644.37,25.49,242,2013-09-01,2014-04-30,12
3507308,Boracéia,SP,2015,924.19,25.07,242,2014-09-01,2015-04-30,24
3507308,Boracéia,SP,2016,1366.53,24.96,243,2015-09-01,2016-04-30,30
3507308,Boracéia,SP,2017,922.01,24.17,242,2016-09-01,2017-04-30,26
3507308,Boracéia,SP,2018,891.81,25.09,242,2017-09-01,2018-04-30,28
3507308,Boracéia,SP,2019,972.62,25.1,242,2018-09-01,2019-04-30,14
3507308,Boracéia,SP,2020,797.71,25.76,243,2019-09-01,2020-04-30,17
3507308,Boracéia,SP,2021,549.9,26.42,242,2020-09-01,2021-04-30,18
3507308,Boracéia,SP,2022,949.0,25.18,242,2021-09-01,2022-04-30,16
3507308,Boracéia,SP,2023,858.88,24.28,242,2022-09-01,2023-04-30,11
3507308,Boracéia,SP,2024,527.69,28.25,243,2023-09-01,2024-04-30,12
3507308,Boracéia,SP,2025,683.78,26.68,242,2024-09-01,2025-04-30,23
3507308,Boracéia,SP,2026,722.77,25.72,242,2025-09-01,2026-04-30,21
3507407,Borborema,SP,2010,1120.92,25.11,242,2009-09-01,2010-04-30,16
3507407,Borborema,SP,2011,1120.39,25.4,242,2010-09-01,2011-04-30,16
3507407,Borborema,SP,2012,784.6,25.73,243,2011-09-01,2012-04-30,14
3507407,Borborema,SP,2013,996.32,25.75,242,2012-09-01,2013-04-30,17
3507407,Borborema,SP,2014,702.95,26.26,242,2013-09-01,2014-04-30,12
3507407,Borborema,SP,2015,857.69,26.11,242,2014-09-01,2015-04-30,23
3507407,Borborema,SP,2016,1254.18,25.96,243,2015-09-01,2016-04-30,29
3507407,Borborema,SP,2017,869.65,25.19,242,2016-09-01,2017-04-30,13
3507407,Borborema,SP,2018,874.81,26.05,242,2017-09-01,2018-04-30,28
3507407,Borborema,SP,2019,938.73,26.2,242,2018-09-01,2019-04-30,14
3507407,Borborema,SP,2020,822.81,26.63,243,2019-09-01,2020-04-30,16
3507407,Borborema,SP,2021,538.96,27.46,242,2020-09-01,2021-04-30,18
3507407,Borborema,SP,2022,969.66,26.16,242,2021-09-01,2022-04-30,16
3507407,Borborema,SP,2023,894.55,25.17,242,2022-09-01,2023-04-30,9
3507407,Borborema,SP,2024,505.18,29.24,243,2023-09-01,2024-04-30,15
3507407,Borborema,SP,2025,742.29,27.48,242,2024-09-01,2025-04-30,23
3507407,Borborema,SP,2026,784.83,26.62,242,2025-09-01,2026-04-30,20
3507456,Borebi,SP,2010,1227.44,23.44,242,2009-09-01,2010-04-30,16
3507456,Borebi,SP,2011,1099.59,23.39,242,2010-09-01,2011-04-30,17
3507456,Borebi,SP,2012,887.15,23.34,243,2011-09-01,2012-04-30,16
3507456,Borebi,SP,2013,1177.08,23.68,242,2012-09-01,2013-04-30,18
3507456,Borebi,SP,2014,724.43,23.92,242,2013-09-01,2014-04-30,12
3507456,Borebi,SP,2015,929.0,24.02,242,2014-09-01,2015-04-30,18
3507456,Borebi,SP,2016,1333.96,24.21,243,2015-09-01,2016-04-30,19
3507456,Borebi,SP,2017,892.66,23.18,242,2016-09-01,2017-04-30,17
3507456,Borebi,SP,2018,953.87,23.88,242,2017-09-01,2018-04-30,28
3507456,Borebi,SP,2019,884.16,24.23,242,2018-09-01,2019-04-30,14
3507456,Borebi,SP,2020,606.36,24.73,243,2019-09-01,2020-04-30,16
3507456,Borebi,SP,2021,476.13,25.12,242,2020-09-01,2021-04-30,17
3507456,Borebi,SP,2022,911.19,24.14,242,2021-09-01,2022-04-30,16
3507456,Borebi,SP,2023,802.1,23.24,242,2022-09-01,2023-04-30,10
3507456,Borebi,SP,2024,565.48,26.48,243,2023-09-01,2024-04-30,12
3507456,Borebi,SP,2025,590.55,25.42,242,2024-09-01,2025-04-30,23
3507456,Borebi,SP,2026,644.7,24.51,242,2025-09-01,2026-04-30,20
3507506,Botucatu,SP,2010,1258.23,22.2,242,2009-09-01,2010-04-30,16
3507506,Botucatu,SP,2011,1056.31,22.03,242,2010-09-01,2011-04-30,16
3507506,Botucatu,SP,2012,883.1,22.06,243,2011-09-01,2012-04-30,22
3507506,Botucatu,SP,2013,1119.2,22.36,242,2012-09-01,2013-04-30,18
3507506,Botucatu,SP,2014,721.53,22.59,242,2013-09-01,2014-04-30,12
3507506,Botucatu,SP,2015,948.01,22.77,242,2014-09-01,2015-04-30,18
3507506,Botucatu,SP,2016,1360.49,22.93,243,2015-09-01,2016-04-30,19
3507506,Botucatu,SP,2017,903.85,21.87,242,2016-09-01,2017-04-30,13
3507506,Botucatu,SP,2018,1071.34,22.31,242,2017-09-01,2018-04-30,28
3507506,Botucatu,SP,2019,984.79,22.79,242,2018-09-01,2019-04-30,14
3507506,Botucatu,SP,2020,714.91,23.09,243,2019-09-01,2020-04-30,17
3507506,Botucatu,SP,2021,616.33,23.4,242,2020-09-01,2021-04-30,16
3507506,Botucatu,SP,2022,930.98,22.78,242,2021-09-01,2022-04-30,14
3507506,Botucatu,SP,2023,938.68,21.72,242,2022-09-01,2023-04-30,9
3507506,Botucatu,SP,2024,714.58,24.81,243,2023-09-01,2024-04-30,14
3507506,Botucatu,SP,2025,633.99,24.0,242,2024-09-01,2025-04-30,15
3507506,Botucatu,SP,2026,631.44,23.26,242,2025-09-01,2026-04-30,20
3507605,Bragança Paulista,SP,2010,1513.84,20.93,242,2009-09-01,2010-04-30,12
3507605,Bragança Paulista,SP,2011,1425.14,20.67,242,2010-09-01,2011-04-30,6
3507605,Bragança Paulista,SP,2012,1060.67,20.38,243,2011-09-01,2012-04-30,21
3507605,Bragança Paulista,SP,2013,1210.5,20.9,242,2012-09-01,2013-04-30,19
3507605,Bragança Paulista,SP,2014,839.61,21.3,242,2013-09-01,2014-04-30,11
3507605,Bragança Paulista,SP,2015,895.39,21.48,242,2014-09-01,2015-04-30,18
3507605,Bragança Paulista,SP,2016,1225.88,21.96,243,2015-09-01,2016-04-30,25
3507605,Bragança Paulista,SP,2017,1044.67,20.82,242,2016-09-01,2017-04-30,13
3507605,Bragança Paulista,SP,2018,965.47,21.24,242,2017-09-01,2018-04-30,26
3507605,Bragança Paulista,SP,2019,1231.04,21.33,242,2018-09-01,2019-04-30,8
3507605,Bragança Paulista,SP,2020,983.55,21.17,243,2019-09-01,2020-04-30,22
3507605,Bragança Paulista,SP,2021,823.86,21.75,242,2020-09-01,2021-04-30,19
3507605,Bragança Paulista,SP,2022,928.95,21.27,242,2021-09-01,2022-04-30,13
3507605,Bragança Paulista,SP,2023,1229.13,20.34,242,2022-09-01,2023-04-30,6
3507605,Bragança Paulista,SP,2024,994.5,22.89,243,2023-09-01,2024-04-30,12
3507605,Bragança Paulista,SP,2025,818.34,22.28,242,2024-09-01,2025-04-30,15
3507605,Bragança Paulista,SP,2026,774.66,21.64,242,2025-09-01,2026-04-30,20
3507704,Braúna,SP,2010,1236.56,24.7,242,2009-09-01,2010-04-30,16
3507704,Braúna,SP,2011,1144.95,24.82,242,2010-09-01,2011-04-30,16
3507704,Braúna,SP,2012,714.46,25.67,243,2011-09-01,2012-04-30,13
3507704,Braúna,SP,2013,1011.71,25.44,242,2012-09-01,2013-04-30,18
3507704,Braúna,SP,2014,630.14,26.07,242,2013-09-01,2014-04-30,16
3507704,Braúna,SP,2015,1003.11,25.6,242,2014-09-01,2015-04-30,18
3507704,Braúna,SP,2016,1362.3,25.55,243,2015-09-01,2016-04-30,30
3507704,Braúna,SP,2017,910.1,24.47,242,2016-09-01,2017-04-30,13
3507704,Braúna,SP,2018,1122.52,25.2,242,2017-09-01,2018-04-30,28
3507704,Braúna,SP,2019,1014.26,25.71,242,2018-09-01,2019-04-30,14
3507704,Braúna,SP,2020,930.46,26.29,243,2019-09-01,2020-04-30,16
3507704,Braúna,SP,2021,617.0,27.07,242,2020-09-01,2021-04-30,18
3507704,Braúna,SP,2022,907.11,26.21,242,2021-09-01,2022-04-30,14
3507704,Braúna,SP,2023,922.6,24.9,242,2022-09-01,2023-04-30,8
3507704,Braúna,SP,2024,630.16,28.93,243,2023-09-01,2024-04-30,16
3507704,Braúna,SP,2025,709.3,27.58,242,2024-09-01,2025-04-30,15
3507704,Braúna,SP,2026,750.02,26.74,242,2025-09-01,2026-04-30,21
3507753,Brejo Alegre,SP,2010,1213.08,24.98,242,2009-09-01,2010-04-30,20
3507753,Brejo Alegre,SP,2011,1317.8,25.27,242,2010-09-01,2011-04-30,23
3507753,Brejo Alegre,SP,2012,782.57,25.64,243,2011-09-01,2012-04-30,11
3507753,Brejo Alegre,SP,2013,997.46,25.82,242,2012-09-01,2013-04-30,18
3507753,Brejo Alegre,SP,2014,719.34,26.28,242,2013-09-01,2014-04-30,15
3507753,Brejo Alegre,SP,2015,1010.96,26.0,242,2014-09-01,2015-04-30,17
3507753,Brejo Alegre,SP,2016,1271.01,25.94,243,2015-09-01,2016-04-30,30
3507753,Brejo Alegre,SP,2017,988.89,25.06,242,2016-09-01,2017-04-30,13
3507753,Brejo Alegre,SP,2018,1095.81,25.67,242,2017-09-01,2018-04-30,28
3507753,Brejo Alegre,SP,2019,959.29,26.28,242,2018-09-01,2019-04-30,14
3507753,Brejo Alegre,SP,2020,949.44,26.59,243,2019-09-01,2020-04-30,16
3507753,Brejo Alegre,SP,2021,580.34,27.65,242,2020-09-01,2021-04-30,16
3507753,Brejo Alegre,SP,2022,1001.93,26.26,242,2021-09-01,2022-04-30,16
3507753,Brejo Alegre,SP,2023,949.41,25.25,242,2022-09-01,2023-04-30,7
3507753,Brejo Alegre,SP,2024,653.88,29.17,243,2023-09-01,2024-04-30,16
3507753,Brejo Alegre,SP,2025,774.18,27.61,242,2024-09-01,2025-04-30,23
3507753,Brejo Alegre,SP,2026,768.97,26.99,242,2025-09-01,2026-04-30,21
3507803,Brodowski,SP,2010,1320.37,23.24,242,2009-09-01,2010-04-30,16
3507803,Brodowski,SP,2011,1352.31,23.33,242,2010-09-01,2011-04-30,12
3507803,Brodowski,SP,2012,1081.44,23.35,243,2011-09-01,2012-04-30,17
3507803,Brodowski,SP,2013,1140.32,23.68,242,2012-09-01,2013-04-30,17
3507803,Brodowski,SP,2014,774.3,24.42,242,2013-09-01,2014-04-30,11
3507803,Brodowski,SP,2015,1026.75,24.11,242,2014-09-01,2015-04-30,21
3507803,Brodowski,SP,2016,1299.19,24.25,243,2015-09-01,2016-04-30,26
3507803,Brodowski,SP,2017,1005.55,23.67,242,2016-09-01,2017-04-30,10
3507803,Brodowski,SP,2018,1131.79,23.89,242,2017-09-01,2018-04-30,26
3507803,Brodowski,SP,2019,1272.77,23.78,242,2018-09-01,2019-04-30,13
3507803,Brodowski,SP,2020,1092.84,24.28,243,2019-09-01,2020-04-30,15
3507803,Brodowski,SP,2021,616.62,25.26,242,2020-09-01,2021-04-30,20
3507803,Brodowski,SP,2022,1172.69,23.95,242,2021-09-01,2022-04-30,16
3507803,Brodowski,SP,2023,1239.31,23.11,242,2022-09-01,2023-04-30,8
3507803,Brodowski,SP,2024,835.36,26.41,243,2023-09-01,2024-04-30,21
3507803,Brodowski,SP,2025,945.84,25.33,242,2024-09-01,2025-04-30,19
3507803,Brodowski,SP,2026,936.99,24.28,242,2025-09-01,2026-04-30,22
3507902,Brotas,SP,2010,1321.42,23.34,242,2009-09-01,2010-04-30,16
3507902,Brotas,SP,2011,1062.18,23.38,242,2010-09-01,2011-04-30,17
3507902,Brotas,SP,2012,937.64,23.35,243,2011-09-01,2012-04-30,16
3507902,Brotas,SP,2013,1167.92,23.69,242,2012-09-01,2013-04-30,19
3507902,Brotas,SP,2014,713.61,24.05,242,2013-09-01,2014-04-30,12
3507902,Brotas,SP,2015,929.95,24.2,242,2014-09-01,2015-04-30,17
3507902,Brotas,SP,2016,1313.53,24.32,243,2015-09-01,2016-04-30,29
3507902,Brotas,SP,2017,939.92,23.2,242,2016-09-01,2017-04-30,16
3507902,Brotas,SP,2018,921.66,23.95,242,2017-09-01,2018-04-30,28
3507902,Brotas,SP,2019,991.9,24.12,242,2018-09-01,2019-04-30,14
3507902,Brotas,SP,2020,799.35,24.36,243,2019-09-01,2020-04-30,16
3507902,Brotas,SP,2021,487.81,25.21,242,2020-09-01,2021-04-30,21
3507902,Brotas,SP,2022,946.13,24.17,242,2021-09-01,2022-04-30,16
3507902,Brotas,SP,2023,949.0,23.15,242,2022-09-01,2023-04-30,9
3507902,Brotas,SP,2024,637.02,26.48,243,2023-09-01,2024-04-30,12
3507902,Brotas,SP,2025,677.21,25.41,242,2024-09-01,2025-04-30,15
3507902,Brotas,SP,2026,717.36,24.56,242,2025-09-01,2026-04-30,20
3508009,Buri,SP,2010,1602.13,20.95,242,2009-09-01,2010-04-30,11
3508009,Buri,SP,2011,1098.47,20.46,242,2010-09-01,2011-04-30,8
3508009,Buri,SP,2012,847.67,20.78,243,2011-09-01,2012-04-30,13
3508009,Buri,SP,2013,985.93,21.13,242,2012-09-01,2013-04-30,17
3508009,Buri,SP,2014,831.58,21.28,242,2013-09-01,2014-04-30,12
3508009,Buri,SP,2015,1121.26,21.34,242,2014-09-01,2015-04-30,18
3508009,Buri,SP,2016,1483.4,21.58,243,2015-09-01,2016-04-30,14
3508009,Buri,SP,2017,1014.3,20.68,242,2016-09-01,2017-04-30,11
3508009,Buri,SP,2018,1209.2,20.98,242,2017-09-01,2018-04-30,28
3508009,Buri,SP,2019,1043.12,21.61,242,2018-09-01,2019-04-30,7
3508009,Buri,SP,2020,817.75,21.47,243,2019-09-01,2020-04-30,16
3508009,Buri,SP,2021,631.48,21.98,242,2020-09-01,2021-04-30,17
3508009,Buri,SP,2022,908.39,21.46,242,2021-09-01,2022-04-30,12
3508009,Buri,SP,2023,1141.31,20.25,242,2022-09-01,2023-04-30,8
3508009,Buri,SP,2024,770.58,23.2,243,2023-09-01,2024-04-30,13
3508009,Buri,SP,2025,712.52,22.56,242,2024-09-01,2025-04-30,14
3508009,Buri,SP,2026,602.59,21.97,242,2025-09-01,2026-04-30,20
3508108,Buritama,SP,2010,1213.08,24.98,242,2009-09-01,2010-04-30,20
3508108,Buritama,SP,2011,1317.8,25.27,242,2010-09-01,2011-04-30,23
3508108,Buritama,SP,2012,782.57,25.64,243,2011-09-01,2012-04-30,11
3508108,Buritama,SP,2013,997.46,25.82,242,2012-09-01,2013-04-30,18
3508108,Buritama,SP,2014,719.34,26.28,242,2013-09-01,2014-04-30,15
3508108,Buritama,SP,2015,1010.96,26.0,242,2014-09-01,2015-04-30,17
3508108,Buritama,SP,2016,1271.01,25.94,243,2015-09-01,2016-04-30,30
3508108,Buritama,SP,2017,988.89,25.06,242,2016-09-01,2017-04-30,13
3508108,Buritama,SP,2018,1095.81,25.67,242,2017-09-01,2018-04-30,28
3508108,Buritama,SP,2019,959.29,26.28,242,2018-09-01,2019-04-30,14
3508108,Buritama,SP,2020,949.44,26.59,243,2019-09-01,2020-04-30,16
3508108,Buritama,SP,2021,580.34,27.65,242,2020-09-01,2021-04-30,16
3508108,Buritama,SP,2022,1001.93,26.26,242,2021-09-01,2022-04-30,16
3508108,Buritama,SP,2023,949.41,25.25,242,2022-09-01,2023-04-30,7
3508108,Buritama,SP,2024,653.88,29.17,243,2023-09-01,2024-04-30,16
3508108,Buritama,SP,2025,774.18,27.61,242,2024-09-01,2025-04-30,23
3508108,Buritama,SP,2026,768.97,26.99,242,2025-09-01,2026-04-30,21
3508207,Buritizal,SP,2010,1412.45,22.82,242,2009-09-01,2010-04-30,22
3508207,Buritizal,SP,2011,1618.24,22.92,242,2010-09-01,2011-04-30,12
3508207,Buritizal,SP,2012,1204.62,22.46,243,2011-09-01,2012-04-30,16
3508207,Buritizal,SP,2013,1125.98,23.4,242,2012-09-01,2013-04-30,16
3508207,Buritizal,SP,2014,943.22,23.47,242,2013-09-01,2014-04-30,16
3508207,Buritizal,SP,2015,1116.45,23.7,242,2014-09-01,2015-04-30,18
3508207,Buritizal,SP,2016,1337.49,24.06,243,2015-09-01,2016-04-30,26
3508207,Buritizal,SP,2017,1114.99,23.2,242,2016-09-01,2017-04-30,16
3508207,Buritizal,SP,2018,1323.48,23.37,242,2017-09-01,2018-04-30,28
3508207,Buritizal,SP,2019,1436.92,23.33,242,2018-09-01,2019-04-30,13
3508207,Buritizal,SP,2020,1217.43,23.84,243,2019-09-01,2020-04-30,17
3508207,Buritizal,SP,2021,769.63,24.5,242,2020-09-01,2021-04-30,14
3508207,Buritizal,SP,2022,1230.63,23.72,242,2021-09-01,2022-04-30,13
3508207,Buritizal,SP,2023,1067.18,23.2,242,2022-09-01,2023-04-30,13
3508207,Buritizal,SP,2024,845.43,25.97,243,2023-09-01,2024-04-30,21
3508207,Buritizal,SP,2025,1081.85,24.69,242,2024-09-01,2025-04-30,20
3508207,Buritizal,SP,2026,1094.36,23.88,242,2025-09-01,2026-04-30,22
3508306,Cabrália Paulista,SP,2010,1172.45,23.51,242,2009-09-01,2010-04-30,16
3508306,Cabrália Paulista,SP,2011,966.96,23.52,242,2010-09-01,2011-04-30,16
3508306,Cabrália Paulista,SP,2012,797.35,23.82,243,2011-09-01,2012-04-30,16
3508306,Cabrália Paulista,SP,2013,1026.73,23.89,242,2012-09-01,2013-04-30,18
3508306,Cabrália Paulista,SP,2014,741.38,24.14,242,2013-09-01,2014-04-30,12
3508306,Cabrália Paulista,SP,2015,975.27,24.1,242,2014-09-01,2015-04-30,18
3508306,Cabrália Paulista,SP,2016,1463.2,24.06,243,2015-09-01,2016-04-30,29
3508306,Cabrália Paulista,SP,2017,957.46,23.01,242,2016-09-01,2017-04-30,13
3508306,Cabrália Paulista,SP,2018,1007.72,23.81,242,2017-09-01,2018-04-30,28
3508306,Cabrália Paulista,SP,2019,987.54,24.24,242,2018-09-01,2019-04-30,14
3508306,Cabrália Paulista,SP,2020,772.47,24.74,243,2019-09-01,2020-04-30,17
3508306,Cabrália Paulista,SP,2021,629.64,24.96,242,2020-09-01,2021-04-30,16
3508306,Cabrália Paulista,SP,2022,940.53,24.29,242,2021-09-01,2022-04-30,10
3508306,Cabrália Paulista,SP,2023,971.35,23.11,242,2022-09-01,2023-04-30,9
3508306,Cabrália Paulista,SP,2024,667.7,26.55,243,2023-09-01,2024-04-30,12
3508306,Cabrália Paulista,SP,2025,686.26,25.51,242,2024-09-01,2025-04-30,23
3508306,Cabrália Paulista,SP,2026,766.53,24.56,242,2025-09-01,2026-04-30,20
3508405,Cabreúva,SP,2010,1666.75,21.09,242,2009-09-01,2010-04-30,12
3508405,Cabreúva,SP,2011,1464.75,20.61,242,2010-09-01,2011-04-30,11
3508405,Cabreúva,SP,2012,924.14,20.5,243,2011-09-01,2012-04-30,13
3508405,Cabreúva,SP,2013,1098.88,21.22,242,2012-09-01,2013-04-30,16
3508405,Cabreúva,SP,2014,769.94,21.63,242,2013-09-01,2014-04-30,14
3508405,Cabreúva,SP,2015,854.33,21.79,242,2014-09-01,2015-04-30,16
3508405,Cabreúva,SP,2016,1250.66,22.01,243,2015-09-01,2016-04-30,26
3508405,Cabreúva,SP,2017,1090.54,20.97,242,2016-09-01,2017-04-30,13
3508405,Cabreúva,SP,2018,791.1,21.55,242,2017-09-01,2018-04-30,28
3508405,Cabreúva,SP,2019,1156.14,21.76,242,2018-09-01,2019-04-30,8
3508405,Cabreúva,SP,2020,1119.16,21.26,243,2019-09-01,2020-04-30,12
3508405,Cabreúva,SP,2021,691.92,21.98,242,2020-09-01,2021-04-30,19
3508405,Cabreúva,SP,2022,1015.37,21.37,242,2021-09-01,2022-04-30,12
3508405,Cabreúva,SP,2023,1308.23,20.46,242,2022-09-01,2023-04-30,7
3508405,Cabreúva,SP,2024,894.85,23.27,243,2023-09-01,2024-04-30,13
3508405,Cabreúva,SP,2025,775.9,22.58,242,2024-09-01,2025-04-30,14
3508405,Cabreúva,SP,2026,754.23,21.95,242,2025-09-01,2026-04-30,20
3508504,Caçapava,SP,2010,1388.99,21.31,242,2009-09-01,2010-04-30,12
3508504,Caçapava,SP,2011,1373.86,20.91,242,2010-09-01,2011-04-30,10
3508504,Caçapava,SP,2012,1005.59,20.67,243,2011-09-01,2012-04-30,19
3508504,Caçapava,SP,2013,1177.64,21.17,242,2012-09-01,2013-04-30,19
3508504,Caçapava,SP,2014,844.45,21.67,242,2013-09-01,2014-04-30,11
3508504,Caçapava,SP,2015,823.55,21.91,242,2014-09-01,2015-04-30,16
3508504,Caçapava,SP,2016,1194.48,22.26,243,2015-09-01,2016-04-30,24
3508504,Caçapava,SP,2017,1150.2,20.94,242,2016-09-01,2017-04-30,10
3508504,Caçapava,SP,2018,1064.87,21.39,242,2017-09-01,2018-04-30,26
3508504,Caçapava,SP,2019,1292.1,21.43,242,2018-09-01,2019-04-30,8
3508504,Caçapava,SP,2020,817.58,21.55,243,2019-09-01,2020-04-30,14
3508504,Caçapava,SP,2021,875.69,21.95,242,2020-09-01,2021-04-30,19
3508504,Caçapava,SP,2022,839.7,21.61,242,2021-09-01,2022-04-30,8
3508504,Caçapava,SP,2023,1201.13,20.55,242,2022-09-01,2023-04-30,7
3508504,Caçapava,SP,2024,951.5,23.24,243,2023-09-01,2024-04-30,12
3508504,Caçapava,SP,2025,819.37,22.59,242,2024-09-01,2025-04-30,19
3508504,Caçapava,SP,2026,700.87,22.0,242,2025-09-01,2026-04-30,17
3508603,Cachoeira Paulista,SP,2010,1460.74,20.55,242,2009-09-01,2010-04-30,13
3508603,Cachoeira Paulista,SP,2011,1573.48,20.15,242,2010-09-01,2011-04-30,13
3508603,Cachoeira Paulista,SP,2012,1103.05,19.65,243,2011-09-01,2012-04-30,17
3508603,Cachoeira Paulista,SP,2013,1175.26,20.47,242,2012-09-01,2013-04-30,19
3508603,Cachoeira Paulista,SP,2014,826.48,20.77,242,2013-09-01,2014-04-30,20
3508603,Cachoeira Paulista,SP,2015,723.01,21.27,242,2014-09-01,2015-04-30,16
3508603,Cachoeira Paulista,SP,2016,1279.06,21.62,243,2015-09-01,2016-04-30,24
3508603,Cachoeira Paulista,SP,2017,1158.3,20.26,242,2016-09-01,2017-04-30,14
3508603,Cachoeira Paulista,SP,2018,1138.88,20.54,242,2017-09-01,2018-04-30,26
3508603,Cachoeira Paulista,SP,2019,1267.09,20.78,242,2018-09-01,2019-04-30,9
3508603,Cachoeira Paulista,SP,2020,1061.58,20.58,243,2019-09-01,2020-04-30,16
3508603,Cachoeira Paulista,SP,2021,927.19,21.12,242,2020-09-01,2021-04-30,19
3508603,Cachoeira Paulista,SP,2022,1081.46,20.58,242,2021-09-01,2022-04-30,15
3508603,Cachoeira Paulista,SP,2023,1308.58,19.95,242,2022-09-01,2023-04-30,7
3508603,Cachoeira Paulista,SP,2024,917.02,22.41,243,2023-09-01,2024-04-30,12
3508603,Cachoeira Paulista,SP,2025,899.54,21.78,242,2024-09-01,2025-04-30,19
3508603,Cachoeira Paulista,SP,2026,679.25,21.18,242,2025-09-01,2026-04-30,16
3508702,Caconde,SP,2010,1278.91,22.23,242,2009-09-01,2010-04-30,16
3508702,Caconde,SP,2011,1309.44,22.4,242,2010-09-01,2011-04-30,12
3508702,Caconde,SP,2012,1054.93,22.18,243,2011-09-01,2012-04-30,20
3508702,Caconde,SP,2013,1275.59,22.5,242,2012-09-01,2013-04-30,19
3508702,Caconde,SP,2014,700.34,23.3,242,2013-09-01,2014-04-30,13
3508702,Caconde,SP,2015,1010.26,23.01,242,2014-09-01,2015-04-30,18
3508702,Caconde,SP,2016,1298.81,23.21,243,2015-09-01,2016-04-30,26
3508702,Caconde,SP,2017,906.53,22.64,242,2016-09-01,2017-04-30,20
3508702,Caconde,SP,2018,994.84,22.86,242,2017-09-01,2018-04-30,26
3508702,Caconde,SP,2019,1186.24,22.81,242,2018-09-01,2019-04-30,13
3508702,Caconde,SP,2020,1067.18,23.14,243,2019-09-01,2020-04-30,18
3508702,Caconde,SP,2021,650.57,23.85,242,2020-09-01,2021-04-30,18
3508702,Caconde,SP,2022,1145.97,22.81,242,2021-09-01,2022-04-30,16
3508702,Caconde,SP,2023,1312.42,22.01,242,2022-09-01,2023-04-30,7
3508702,Caconde,SP,2024,813.84,25.11,243,2023-09-01,2024-04-30,12
3508702,Caconde,SP,2025,874.58,24.13,242,2024-09-01,2025-04-30,18
3508702,Caconde,SP,2026,918.9,23.06,242,2025-09-01,2026-04-30,21
3508801,Cafelândia,SP,2010,1122.86,24.13,242,2009-09-01,2010-04-30,16
3508801,Cafelândia,SP,2011,1000.22,24.37,242,2010-09-01,2011-04-30,16
3508801,Cafelândia,SP,2012,701.24,24.95,243,2011-09-01,2012-04-30,16
3508801,Cafelândia,SP,2013,973.65,24.73,242,2012-09-01,2013-04-30,18
3508801,Cafelândia,SP,2014,639.5,25.32,242,2013-09-01,2014-04-30,12
3508801,Cafelândia,SP,2015,936.77,24.94,242,2014-09-01,2015-04-30,22
3508801,Cafelândia,SP,2016,1385.93,24.77,243,2015-09-01,2016-04-30,30
3508801,Cafelândia,SP,2017,927.72,23.88,242,2016-09-01,2017-04-30,26
3508801,Cafelândia,SP,2018,915.16,24.84,242,2017-09-01,2018-04-30,28
3508801,Cafelândia,SP,2019,982.73,25.04,242,2018-09-01,2019-04-30,14
3508801,Cafelândia,SP,2020,798.9,25.65,243,2019-09-01,2020-04-30,17
3508801,Cafelândia,SP,2021,563.23,26.29,242,2020-09-01,2021-04-30,18
3508801,Cafelândia,SP,2022,940.98,25.14,242,2021-09-01,2022-04-30,16
3508801,Cafelândia,SP,2023,896.13,24.1,242,2022-09-01,2023-04-30,9
3508801,Cafelândia,SP,2024,569.16,28.02,243,2023-09-01,2024-04-30,12
3508801,Cafelândia,SP,2025,704.24,26.53,242,2024-09-01,2025-04-30,23
3508801,Cafelândia,SP,2026,755.14,25.58,242,2025-09-01,2026-04-30,21
3508900,Caiabu,SP,2010,1570.07,24.33,242,2009-09-01,2010-04-30,15
3508900,Caiabu,SP,2011,1251.02,24.48,242,2010-09-01,2011-04-30,16
3508900,Caiabu,SP,2012,871.98,25.57,243,2011-09-01,2012-04-30,12
3508900,Caiabu,SP,2013,1067.01,25.38,242,2012-09-01,2013-04-30,18
3508900,Caiabu,SP,2014,945.92,25.47,242,2013-09-01,2014-04-30,16
3508900,Caiabu,SP,2015,1057.46,25.39,242,2014-09-01,2015-04-30,17
3508900,Caiabu,SP,2016,1495.66,25.08,243,2015-09-01,2016-04-30,29
3508900,Caiabu,SP,2017,865.02,24.47,242,2016-09-01,2017-04-30,13
3508900,Caiabu,SP,2018,1219.68,24.87,242,2017-09-01,2018-04-30,28
3508900,Caiabu,SP,2019,1001.07,25.7,242,2018-09-01,2019-04-30,14
3508900,Caiabu,SP,2020,883.99,26.4,243,2019-09-01,2020-04-30,16
3508900,Caiabu,SP,2021,657.07,26.82,242,2020-09-01,2021-04-30,27
3508900,Caiabu,SP,2022,829.39,26.4,242,2021-09-01,2022-04-30,10
3508900,Caiabu,SP,2023,1164.8,24.3,242,2022-09-01,2023-04-30,9
3508900,Caiabu,SP,2024,746.71,28.55,243,2023-09-01,2024-04-30,16
3508900,Caiabu,SP,2025,809.03,27.24,242,2024-09-01,2025-04-30,14
3508900,Caiabu,SP,2026,881.23,26.36,242,2025-09-01,2026-04-30,20
3509007,Caieiras,SP,2010,1666.75,21.09,242,2009-09-01,2010-04-30,12
3509007,Caieiras,SP,2011,1464.75,20.61,242,2010-09-01,2011-04-30,11
3509007,Caieiras,SP,2012,924.14,20.5,243,2011-09-01,2012-04-30,13
3509007,Caieiras,SP,2013,1098.88,21.22,242,2012-09-01,2013-04-30,16
3509007,Caieiras,SP,2014,769.94,21.63,242,2013-09-01,2014-04-30,14
3509007,Caieiras,SP,2015,854.33,21.79,242,2014-09-01,2015-04-30,16
3509007,Caieiras,SP,2016,1250.66,22.01,243,2015-09-01,2016-04-30,26
3509007,Caieiras,SP,2017,1090.54,20.97,242,2016-09-01,2017-04-30,13
3509007,Caieiras,SP,2018,791.1,21.55,242,2017-09-01,2018-04-30,28
3509007,Caieiras,SP,2019,1156.14,21.76,242,2018-09-01,2019-04-30,8
3509007,Caieiras,SP,2020,1119.16,21.26,243,2019-09-01,2020-04-30,12
3509007,Caieiras,SP,2021,691.92,21.98,242,2020-09-01,2021-04-30,19
3509007,Caieiras,SP,2022,1015.37,21.37,242,2021-09-01,2022-04-30,12
3509007,Caieiras,SP,2023,1308.23,20.46,242,2022-09-01,2023-04-30,7
3509007,Caieiras,SP,2024,894.85,23.27,243,2023-09-01,2024-04-30,13
3509007,Caieiras,SP,2025,775.9,22.58,242,2024-09-01,2025-04-30,14
3509007,Caieiras,SP,2026,754.23,21.95,242,2025-09-01,2026-04-30,20
3509106,Caiuá,SP,2010,1605.86,24.63,242,2009-09-01,2010-04-30,15
3509106,Caiuá,SP,2011,1293.98,24.78,242,2010-09-01,2011-04-30,16
3509106,Caiuá,SP,2012,870.19,25.95,243,2011-09-01,2012-04-30,13
3509106,Caiuá,SP,2013,1054.78,25.78,242,2012-09-01,2013-04-30,18
3509106,Caiuá,SP,2014,966.62,25.77,242,2013-09-01,2014-04-30,16
3509106,Caiuá,SP,2015,1034.6,25.84,242,2014-09-01,2015-04-30,17
3509106,Caiuá,SP,2016,1419.83,25.41,243,2015-09-01,2016-04-30,29
3509106,Caiuá,SP,2017,845.76,25.1,242,2016-09-01,2017-04-30,13
3509106,Caiuá,SP,2018,1153.3,25.34,242,2017-09-01,2018-04-30,28
3509106,Caiuá,SP,2019,932.28,26.29,242,2018-09-01,2019-04-30,14
3509106,Caiuá,SP,2020,845.55,26.83,243,2019-09-01,2020-04-30,16
3509106,Caiuá,SP,2021,696.68,27.08,242,2020-09-01,2021-04-30,27
3509106,Caiuá,SP,2022,787.16,26.85,242,2021-09-01,2022-04-30,10
3509106,Caiuá,SP,2023,1127.53,24.71,242,2022-09-01,2023-04-30,9
3509106,Caiuá,SP,2024,710.01,28.95,243,2023-09-01,2024-04-30,14
3509106,Caiuá,SP,2025,802.21,27.63,242,2024-09-01,2025-04-30,14
3509106,Caiuá,SP,2026,845.02,26.84,242,2025-09-01,2026-04-30,20
3509205,Cajamar,SP,2010,1666.75,21.09,242,2009-09-01,2010-04-30,12
3509205,Cajamar,SP,2011,1464.75,20.61,242,2010-09-01,2011-04-30,11
3509205,Cajamar,SP,2012,924.14,20.5,243,2011-09-01,2012-04-30,13
3509205,Cajamar,SP,2013,1098.88,21.22,242,2012-09-01,2013-04-30,16
3509205,Cajamar,SP,2014,769.94,21.63,242,2013-09-01,2014-04-30,14
3509205,Cajamar,SP,2015,854.33,21.79,242,2014-09-01,2015-04-30,16
3509205,Cajamar,SP,2016,1250.66,22.01,243,2015-09-01,2016-04-30,26
3509205,Cajamar,SP,2017,1090.54,20.97,242,2016-09-01,2017-04-30,13
3509205,Cajamar,SP,2018,791.1,21.55,242,2017-09-01,2018-04-30,28
3509205,Cajamar,SP,2019,1156.14,21.76,242,2018-09-01,2019-04-30,8
3509205,Cajamar,SP,2020,1119.16,21.26,243,2019-09-01,2020-04-30,12
3509205,Cajamar,SP,2021,691.92,21.98,242,2020-09-01,2021-04-30,19
3509205,Cajamar,SP,2022,1015.37,21.37,242,2021-09-01,2022-04-30,12
3509205,Cajamar,SP,2023,1308.23,20.46,242,2022-09-01,2023-04-30,7
3509205,Cajamar,SP,2024,894.85,23.27,243,2023-09-01,2024-04-30,13
3509205,Cajamar,SP,2025,775.9,22.58,242,2024-09-01,2025-04-30,14
3509205,Cajamar,SP,2026,754.23,21.95,242,2025-09-01,2026-04-30,20
3509254,Cajati,SP,2010,1876.26,22.5,242,2009-09-01,2010-04-30,10
3509254,Cajati,SP,2011,1204.64,21.72,242,2010-09-01,2011-04-30,8
3509254,Cajati,SP,2012,939.16,21.75,243,2011-09-01,2012-04-30,11
3509254,Cajati,SP,2013,1032.74,22.41,242,2012-09-01,2013-04-30,13
3509254,Cajati,SP,2014,1007.78,22.5,242,2013-09-01,2014-04-30,17
3509254,Cajati,SP,2015,1277.87,22.88,242,2014-09-01,2015-04-30,13
3509254,Cajati,SP,2016,1586.0,22.91,243,2015-09-01,2016-04-30,12
3509254,Cajati,SP,2017,1064.28,22.07,242,2016-09-01,2017-04-30,11
3509254,Cajati,SP,2018,1252.89,22.47,242,2017-09-01,2018-04-30,27
3509254,Cajati,SP,2019,1381.46,22.91,242,2018-09-01,2019-04-30,8
3509254,Cajati,SP,2020,968.42,22.04,243,2019-09-01,2020-04-30,13
3509254,Cajati,SP,2021,906.46,22.92,242,2020-09-01,2021-04-30,13
3509254,Cajati,SP,2022,1132.03,22.3,242,2021-09-01,2022-04-30,12
3509254,Cajati,SP,2023,1315.95,21.65,242,2022-09-01,2023-04-30,10
3509254,Cajati,SP,2024,1083.38,23.93,243,2023-09-01,2024-04-30,11
3509254,Cajati,SP,2025,855.92,23.51,242,2024-09-01,2025-04-30,8
3509254,Cajati,SP,2026,790.32,23.21,242,2025-09-01,2026-04-30,18
3509304,Cajobi,SP,2010,1105.13,24.36,242,2009-09-01,2010-04-30,17
3509304,Cajobi,SP,2011,1208.26,24.68,242,2010-09-01,2011-04-30,16
3509304,Cajobi,SP,2012,933.34,24.79,243,2011-09-01,2012-04-30,14
3509304,Cajobi,SP,2013,1041.74,24.98,242,2012-09-01,2013-04-30,16
3509304,Cajobi,SP,2014,860.18,25.31,242,2013-09-01,2014-04-30,11
3509304,Cajobi,SP,2015,823.63,25.55,242,2014-09-01,2015-04-30,18
3509304,Cajobi,SP,2016,1206.26,25.27,243,2015-09-01,2016-04-30,28
3509304,Cajobi,SP,2017,905.05,24.75,242,2016-09-01,2017-04-30,13
3509304,Cajobi,SP,2018,963.54,25.21,242,2017-09-01,2018-04-30,28
3509304,Cajobi,SP,2019,945.9,25.45,242,2018-09-01,2019-04-30,15
3509304,Cajobi,SP,2020,920.4,25.78,243,2019-09-01,2020-04-30,22
3509304,Cajobi,SP,2021,609.43,26.65,242,2020-09-01,2021-04-30,18
3509304,Cajobi,SP,2022,1042.52,25.32,242,2021-09-01,2022-04-30,16
3509304,Cajobi,SP,2023,1038.05,24.47,242,2022-09-01,2023-04-30,11
3509304,Cajobi,SP,2024,661.64,28.29,243,2023-09-01,2024-04-30,13
3509304,Cajobi,SP,2025,869.1,26.62,242,2024-09-01,2025-04-30,39
3509304,Cajobi,SP,2026,904.03,25.7,242,2025-09-01,2026-04-30,20
3509403,Cajuru,SP,2010,1260.0,23.29,242,2009-09-01,2010-04-30,16
3509403,Cajuru,SP,2011,1226.22,23.59,242,2010-09-01,2011-04-30,12
3509403,Cajuru,SP,2012,1031.95,23.56,243,2011-09-01,2012-04-30,16
3509403,Cajuru,SP,2013,1126.35,23.72,242,2012-09-01,2013-04-30,19
3509403,Cajuru,SP,2014,677.89,24.75,242,2013-09-01,2014-04-30,13
3509403,Cajuru,SP,2015,942.08,24.25,242,2014-09-01,2015-04-30,21
3509403,Cajuru,SP,2016,1265.35,24.26,243,2015-09-01,2016-04-30,26
3509403,Cajuru,SP,2017,905.3,23.76,242,2016-09-01,2017-04-30,20
3509403,Cajuru,SP,2018,967.72,24.16,242,2017-09-01,2018-04-30,28
3509403,Cajuru,SP,2019,1155.06,23.93,242,2018-09-01,2019-04-30,13
3509403,Cajuru,SP,2020,1041.62,24.36,243,2019-09-01,2020-04-30,18
3509403,Cajuru,SP,2021,620.79,25.36,242,2020-09-01,2021-04-30,18
3509403,Cajuru,SP,2022,1082.44,24.05,242,2021-09-01,2022-04-30,16
3509403,Cajuru,SP,2023,1239.22,23.07,242,2022-09-01,2023-04-30,7
3509403,Cajuru,SP,2024,787.75,26.55,243,2023-09-01,2024-04-30,12
3509403,Cajuru,SP,2025,875.21,25.48,242,2024-09-01,2025-04-30,18
3509403,Cajuru,SP,2026,913.03,24.35,242,2025-09-01,2026-04-30,21
3509452,Campina do Monte Alegre,SP,2010,1410.92,22.4,242,2009-09-01,2010-04-30,15
3509452,Campina do Monte Alegre,SP,2011,1042.77,22.06,242,2010-09-01,2011-04-30,9
3509452,Campina do Monte Alegre,SP,2012,857.03,22.2,243,2011-09-01,2012-04-30,22
3509452,Campina do Monte Alegre,SP,2013,1031.72,22.54,242,2012-09-01,2013-04-30,17
3509452,Campina do Monte Alegre,SP,2014,768.91,22.76,242,2013-09-01,2014-04-30,15
3509452,Campina do Monte Alegre,SP,2015,1022.38,22.82,242,2014-09-01,2015-04-30,17
3509452,Campina do Monte Alegre,SP,2016,1436.38,23.1,243,2015-09-01,2016-04-30,14
3509452,Campina do Monte Alegre,SP,2017,1001.32,22.05,242,2016-09-01,2017-04-30,13
3509452,Campina do Monte Alegre,SP,2018,1153.22,22.45,242,2017-09-01,2018-04-30,28
3509452,Campina do Monte Alegre,SP,2019,1003.82,23.02,242,2018-09-01,2019-04-30,13
3509452,Campina do Monte Alegre,SP,2020,785.66,22.95,243,2019-09-01,2020-04-30,18
3509452,Campina do Monte Alegre,SP,2021,652.07,23.34,242,2020-09-01,2021-04-30,20
3509452,Campina do Monte Alegre,SP,2022,962.98,22.84,242,2021-09-01,2022-04-30,14
3509452,Campina do Monte Alegre,SP,2023,1070.93,21.71,242,2022-09-01,2023-04-30,8
3509452,Campina do Monte Alegre,SP,2024,721.29,24.77,243,2023-09-01,2024-04-30,14
3509452,Campina do Monte Alegre,SP,2025,715.11,23.9,242,2024-09-01,2025-04-30,14
3509452,Campina do Monte Alegre,SP,2026,639.66,23.32,242,2025-09-01,2026-04-30,20
3509502,Campinas,SP,2010,1513.4,21.84,242,2009-09-01,2010-04-30,13
3509502,Campinas,SP,2011,1274.32,21.71,242,2010-09-01,2011-04-30,12
3509502,Campinas,SP,2012,1030.92,21.56,243,2011-09-01,2012-04-30,31
3509502,Campinas,SP,2013,1179.99,22.01,242,2012-09-01,2013-04-30,19
3509502,Campinas,SP,2014,781.34,22.55,242,2013-09-01,2014-04-30,13
3509502,Campinas,SP,2015,937.23,22.55,242,2014-09-01,2015-04-30,19
3509502,Campinas,SP,2016,1240.18,22.84,243,2015-09-01,2016-04-30,26
3509502,Campinas,SP,2017,1048.05,21.92,242,2016-09-01,2017-04-30,16
3509502,Campinas,SP,2018,853.84,22.5,242,2017-09-01,2018-04-30,28
3509502,Campinas,SP,2019,1187.6,22.44,242,2018-09-01,2019-04-30,14
3509502,Campinas,SP,2020,1046.12,22.37,243,2019-09-01,2020-04-30,23
3509502,Campinas,SP,2021,662.36,23.22,242,2020-09-01,2021-04-30,20
3509502,Campinas,SP,2022,906.05,22.51,242,2021-09-01,2022-04-30,19
3509502,Campinas,SP,2023,1127.19,21.45,242,2022-09-01,2023-04-30,8
3509502,Campinas,SP,2024,838.83,24.49,243,2023-09-01,2024-04-30,12
3509502,Campinas,SP,2025,769.91,23.58,242,2024-09-01,2025-04-30,15
3509502,Campinas,SP,2026,775.0,22.96,242,2025-09-01,2026-04-30,20
3509601,Campo Limpo Paulista,SP,2010,1513.4,21.84,242,2009-09-01,2010-04-30,13
3509601,Campo Limpo Paulista,SP,2011,1274.32,21.71,242,2010-09-01,2011-04-30,12
3509601,Campo Limpo Paulista,SP,2012,1030.92,21.56,243,2011-09-01,2012-04-30,31
3509601,Campo Limpo Paulista,SP,2013,1179.99,22.01,242,2012-09-01,2013-04-30,19
3509601,Campo Limpo Paulista,SP,2014,781.34,22.55,242,2013-09-01,2014-04-30,13
3509601,Campo Limpo Paulista,SP,2015,937.23,22.55,242,2014-09-01,2015-04-30,19
3509601,Campo Limpo Paulista,SP,2016,1240.18,22.84,243,2015-09-01,2016-04-30,26
3509601,Campo Limpo Paulista,SP,2017,1048.05,21.92,242,2016-09-01,2017-04-30,16
3509601,Campo Limpo Paulista,SP,2018,853.84,22.5,242,2017-09-01,2018-04-30,28
3509601,Campo Limpo Paulista,SP,2019,1187.6,22.44,242,2018-09-01,2019-04-30,14
3509601,Campo Limpo Paulista,SP,2020,1046.12,22.37,243,2019-09-01,2020-04-30,23
3509601,Campo Limpo Paulista,SP,2021,662.36,23.22,242,2020-09-01,2021-04-30,20
3509601,Campo Limpo Paulista,SP,2022,906.05,22.51,242,2021-09-01,2022-04-30,19
3509601,Campo Limpo Paulista,SP,2023,1127.19,21.45,242,2022-09-01,2023-04-30,8
3509601,Campo Limpo Paulista,SP,2024,838.83,24.49,243,2023-09-01,2024-04-30,12
3509601,Campo Limpo Paulista,SP,2025,769.91,23.58,242,2024-09-01,2025-04-30,15
3509601,Campo Limpo Paulista,SP,2026,775.0,22.96,242,2025-09-01,2026-04-30,20
3509700,Campos do Jordão,SP,2010,1308.44,20.27,242,2009-09-01,2010-04-30,14
3509700,Campos do Jordão,SP,2011,1448.24,20.04,242,2010-09-01,2011-04-30,9
3509700,Campos do Jordão,SP,2012,1145.28,19.46,243,2011-09-01,2012-04-30,21
3509700,Campos do Jordão,SP,2013,1242.29,20.02,242,2012-09-01,2013-04-30,19
3509700,Campos do Jordão,SP,2014,858.18,20.29,242,2013-09-01,2014-04-30,11
3509700,Campos do Jordão,SP,2015,801.55,20.82,242,2014-09-01,2015-04-30,15
3509700,Campos do Jordão,SP,2016,1279.45,21.38,243,2015-09-01,2016-04-30,25
3509700,Campos do Jordão,SP,2017,1068.36,20.0,242,2016-09-01,2017-04-30,13
3509700,Campos do Jordão,SP,2018,1091.3,20.31,242,2017-09-01,2018-04-30,26
3509700,Campos do Jordão,SP,2019,1280.08,20.58,242,2018-09-01,2019-04-30,9
3509700,Campos do Jordão,SP,2020,1012.28,20.43,243,2019-09-01,2020-04-30,18
3509700,Campos do Jordão,SP,2021,899.98,20.91,242,2020-09-01,2021-04-30,19
3509700,Campos do Jordão,SP,2022,1016.12,20.5,242,2021-09-01,2022-04-30,15
3509700,Campos do Jordão,SP,2023,1292.0,19.73,242,2022-09-01,2023-04-30,7
3509700,Campos do Jordão,SP,2024,964.9,22.09,243,2023-09-01,2024-04-30,12
3509700,Campos do Jordão,SP,2025,895.61,21.39,242,2024-09-01,2025-04-30,19
3509700,Campos do Jordão,SP,2026,689.62,20.89,242,2025-09-01,2026-04-30,16
3509809,Campos Novos Paulista,SP,2010,1415.64,23.51,242,2009-09-01,2010-04-30,16
3509809,Campos Novos Paulista,SP,2011,1030.23,23.6,242,2010-09-01,2011-04-30,16
3509809,Campos Novos Paulista,SP,2012,764.12,24.32,243,2011-09-01,2012-04-30,13
3509809,Campos Novos Paulista,SP,2013,962.4,24.23,242,2012-09-01,2013-04-30,18
3509809,Campos Novos Paulista,SP,2014,891.27,24.22,242,2013-09-01,2014-04-30,15
3509809,Campos Novos Paulista,SP,2015,1056.3,24.14,242,2014-09-01,2015-04-30,17
3509809,Campos Novos Paulista,SP,2016,1698.87,24.05,243,2015-09-01,2016-04-30,13
3509809,Campos Novos Paulista,SP,2017,974.85,23.06,242,2016-09-01,2017-04-30,12
3509809,Campos Novos Paulista,SP,2018,1196.24,23.8,242,2017-09-01,2018-04-30,28
3509809,Campos Novos Paulista,SP,2019,1119.78,24.18,242,2018-09-01,2019-04-30,14
3509809,Campos Novos Paulista,SP,2020,896.41,24.94,243,2019-09-01,2020-04-30,17
3509809,Campos Novos Paulista,SP,2021,697.17,25.19,242,2020-09-01,2021-04-30,20
3509809,Campos Novos Paulista,SP,2022,931.0,24.71,242,2021-09-01,2022-04-30,16
3509809,Campos Novos Paulista,SP,2023,1245.37,22.99,242,2022-09-01,2023-04-30,9
3509809,Campos Novos Paulista,SP,2024,793.9,26.79,243,2023-09-01,2024-04-30,14
3509809,Campos Novos Paulista,SP,2025,761.54,25.84,242,2024-09-01,2025-04-30,14
3509809,Campos Novos Paulista,SP,2026,926.12,24.75,242,2025-09-01,2026-04-30,20
3509908,Cananéia,SP,2010,2190.68,22.9,242,2009-09-01,2010-04-30,9
3509908,Cananéia,SP,2011,1394.9,22.07,242,2010-09-01,2011-04-30,9
3509908,Cananéia,SP,2012,996.1,21.84,243,2011-09-01,2012-04-30,10
3509908,Cananéia,SP,2013,1085.37,22.66,242,2012-09-01,2013-04-30,10
3509908,Cananéia,SP,2014,1129.39,22.61,242,2013-09-01,2014-04-30,17
3509908,Cananéia,SP,2015,1444.43,22.99,242,2014-09-01,2015-04-30,10
3509908,Cananéia,SP,2016,1611.29,23.1,243,2015-09-01,2016-04-30,10
3509908,Cananéia,SP,2017,1180.42,22.3,242,2016-09-01,2017-04-30,11
3509908,Cananéia,SP,2018,1320.88,22.62,242,2017-09-01,2018-04-30,22
3509908,Cananéia,SP,2019,1441.67,23.06,242,2018-09-01,2019-04-30,8
3509908,Cananéia,SP,2020,951.99,22.21,243,2019-09-01,2020-04-30,12
3509908,Cananéia,SP,2021,1115.86,22.83,242,2020-09-01,2021-04-30,12
3509908,Cananéia,SP,2022,1198.25,22.27,242,2021-09-01,2022-04-30,7
3509908,Cananéia,SP,2023,1400.83,22.0,242,2022-09-01,2023-04-30,10
3509908,Cananéia,SP,2024,1258.87,23.67,243,2023-09-01,2024-04-30,11
3509908,Cananéia,SP,2025,924.64,23.35,242,2024-09-01,2025-04-30,9
3509908,Cananéia,SP,2026,830.5,23.12,242,2025-09-01,2026-04-30,15
3509957,Canas,SP,2010,1460.74,20.55,242,2009-09-01,2010-04-30,13
3509957,Canas,SP,2011,1573.48,20.15,242,2010-09-01,2011-04-30,13
3509957,Canas,SP,2012,1103.05,19.65,243,2011-09-01,2012-04-30,17
3509957,Canas,SP,2013,1175.26,20.47,242,2012-09-01,2013-04-30,19
3509957,Canas,SP,2014,826.48,20.77,242,2013-09-01,2014-04-30,20
3509957,Canas,SP,2015,723.01,21.27,242,2014-09-01,2015-04-30,16
3509957,Canas,SP,2016,1279.06,21.62,243,2015-09-01,2016-04-30,24
3509957,Canas,SP,2017,1158.3,20.26,242,2016-09-01,2017-04-30,14
3509957,Canas,SP,2018,1138.88,20.54,242,2017-09-01,2018-04-30,26
3509957,Canas,SP,2019,1267.09,20.78,242,2018-09-01,2019-04-30,9
3509957,Canas,SP,2020,1061.58,20.58,243,2019-09-01,2020-04-30,16
3509957,Canas,SP,2021,927.19,21.12,242,2020-09-01,2021-04-30,19
3509957,Canas,SP,2022,1081.46,20.58,242,2021-09-01,2022-04-30,15
3509957,Canas,SP,2023,1308.58,19.95,242,2022-09-01,2023-04-30,7
3509957,Canas,SP,2024,917.02,22.41,243,2023-09-01,2024-04-30,12
3509957,Canas,SP,2025,899.54,21.78,242,2024-09-01,2025-04-30,19
3509957,Canas,SP,2026,679.25,21.18,242,2025-09-01,2026-04-30,16
3510005,Cândido Mota,SP,2010,1466.64,23.86,242,2009-09-01,2010-04-30,16
3510005,Cândido Mota,SP,2011,1056.47,24.07,242,2010-09-01,2011-04-30,16
3510005,Cândido Mota,SP,2012,766.36,25.14,243,2011-09-01,2012-04-30,12
3510005,Cândido Mota,SP,2013,971.83,24.86,242,2012-09-01,2013-04-30,18
3510005,Cândido Mota,SP,2014,901.09,24.92,242,2013-09-01,2014-04-30,12
3510005,Cândido Mota,SP,2015,1059.12,24.67,242,2014-09-01,2015-04-30,17
3510005,Cândido Mota,SP,2016,1704.91,24.44,243,2015-09-01,2016-04-30,13
3510005,Cândido Mota,SP,2017,965.7,23.72,242,2016-09-01,2017-04-30,13
3510005,Cândido Mota,SP,2018,1213.35,24.33,242,2017-09-01,2018-04-30,28
3510005,Cândido Mota,SP,2019,1116.41,24.75,242,2018-09-01,2019-04-30,14
3510005,Cândido Mota,SP,2020,896.41,25.6,243,2019-09-01,2020-04-30,17
3510005,Cândido Mota,SP,2021,689.38,25.86,242,2020-09-01,2021-04-30,20
3510005,Cândido Mota,SP,2022,913.13,25.42,242,2021-09-01,2022-04-30,10
3510005,Cândido Mota,SP,2023,1233.33,23.45,242,2022-09-01,2023-04-30,9
3510005,Cândido Mota,SP,2024,785.49,27.62,243,2023-09-01,2024-04-30,14
3510005,Cândido Mota,SP,2025,757.79,26.55,242,2024-09-01,2025-04-30,14
3510005,Cândido Mota,SP,2026,926.52,25.52,242,2025-09-01,2026-04-30,20
3510104,Cândido Rodrigues,SP,2010,1142.99,24.23,242,2009-09-01,2010-04-30,16
3510104,Cândido Rodrigues,SP,2011,1139.84,24.66,242,2010-09-01,2011-04-30,16
3510104,Cândido Rodrigues,SP,2012,801.14,24.97,243,2011-09-01,2012-04-30,15
3510104,Cândido Rodrigues,SP,2013,1018.28,24.98,242,2012-09-01,2013-04-30,17
3510104,Cândido Rodrigues,SP,2014,731.94,25.56,242,2013-09-01,2014-04-30,12
3510104,Cândido Rodrigues,SP,2015,852.83,25.39,242,2014-09-01,2015-04-30,23
3510104,Cândido Rodrigues,SP,2016,1258.73,25.17,243,2015-09-01,2016-04-30,29
3510104,Cândido Rodrigues,SP,2017,903.42,24.47,242,2016-09-01,2017-04-30,13
3510104,Cândido Rodrigues,SP,2018,864.99,25.34,242,2017-09-01,2018-04-30,28
3510104,Cândido Rodrigues,SP,2019,927.8,25.38,242,2018-09-01,2019-04-30,14
3510104,Cândido Rodrigues,SP,2020,827.25,25.89,243,2019-09-01,2020-04-30,16
3510104,Cândido Rodrigues,SP,2021,562.57,26.69,242,2020-09-01,2021-04-30,18
3510104,Cândido Rodrigues,SP,2022,1029.54,25.22,242,2021-09-01,2022-04-30,16
3510104,Cândido Rodrigues,SP,2023,890.75,24.45,242,2022-09-01,2023-04-30,8
3510104,Cândido Rodrigues,SP,2024,480.59,28.67,243,2023-09-01,2024-04-30,15
3510104,Cândido Rodrigues,SP,2025,744.25,26.78,242,2024-09-01,2025-04-30,23
3510104,Cândido Rodrigues,SP,2026,771.45,25.88,242,2025-09-01,2026-04-30,20
3510153,Canitar,SP,2010,1392.71,23.68,242,2009-09-01,2010-04-30,16
3510153,Canitar,SP,2011,927.56,23.84,242,2010-09-01,2011-04-30,15
3510153,Canitar,SP,2012,819.47,24.48,243,2011-09-01,2012-04-30,13
3510153,Canitar,SP,2013,943.07,24.5,242,2012-09-01,2013-04-30,17
3510153,Canitar,SP,2014,976.22,24.29,242,2013-09-01,2014-04-30,13
3510153,Canitar,SP,2015,1044.2,24.28,242,2014-09-01,2015-04-30,17
3510153,Canitar,SP,2016,1729.39,24.18,243,2015-09-01,2016-04-30,24
3510153,Canitar,SP,2017,1038.49,23.35,242,2016-09-01,2017-04-30,13
3510153,Canitar,SP,2018,1143.58,24.02,242,2017-09-01,2018-04-30,28
3510153,Canitar,SP,2019,1028.09,24.56,242,2018-09-01,2019-04-30,14
3510153,Canitar,SP,2020,824.95,25.21,243,2019-09-01,2020-04-30,17
3510153,Canitar,SP,2021,728.1,25.17,242,2020-09-01,2021-04-30,20
3510153,Canitar,SP,2022,927.7,24.89,242,2021-09-01,2022-04-30,14
3510153,Canitar,SP,2023,1189.14,23.1,242,2022-09-01,2023-04-30,9
3510153,Canitar,SP,2024,731.89,27.04,243,2023-09-01,2024-04-30,14
3510153,Canitar,SP,2025,681.24,26.11,242,2024-09-01,2025-04-30,14
3510153,Canitar,SP,2026,814.67,25.17,242,2025-09-01,2026-04-30,20
3510203,Capão Bonito,SP,2010,1658.18,21.44,242,2009-09-01,2010-04-30,11
3510203,Capão Bonito,SP,2011,1199.1,20.83,242,2010-09-01,2011-04-30,8
3510203,Capão Bonito,SP,2012,895.61,21.03,243,2011-09-01,2012-04-30,13
3510203,Capão Bonito,SP,2013,1020.75,21.52,242,2012-09-01,2013-04-30,18
3510203,Capão Bonito,SP,2014,812.4,21.95,242,2013-09-01,2014-04-30,12
3510203,Capão Bonito,SP,2015,982.82,22.13,242,2014-09-01,2015-04-30,16
3510203,Capão Bonito,SP,2016,1397.18,22.16,243,2015-09-01,2016-04-30,13
3510203,Capão Bonito,SP,2017,1010.54,21.28,242,2016-09-01,2017-04-30,11
3510203,Capão Bonito,SP,2018,1126.21,21.64,242,2017-09-01,2018-04-30,28
3510203,Capão Bonito,SP,2019,1159.64,22.08,242,2018-09-01,2019-04-30,8
3510203,Capão Bonito,SP,2020,898.84,21.52,243,2019-09-01,2020-04-30,16
3510203,Capão Bonito,SP,2021,718.52,22.35,242,2020-09-01,2021-04-30,19
3510203,Capão Bonito,SP,2022,1043.24,21.61,242,2021-09-01,2022-04-30,12
3510203,Capão Bonito,SP,2023,1201.69,20.79,242,2022-09-01,2023-04-30,8
3510203,Capão Bonito,SP,2024,876.65,23.51,243,2023-09-01,2024-04-30,11
3510203,Capão Bonito,SP,2025,793.68,22.86,242,2024-09-01,2025-04-30,14
3510203,Capão Bonito,SP,2026,664.9,22.44,242,2025-09-01,2026-04-30,19
3510302,Capela do Alto,SP,2010,1548.7,21.59,242,2009-09-01,2010-04-30,12
3510302,Capela do Alto,SP,2011,1208.16,21.35,242,2010-09-01,2011-04-30,8
3510302,Capela do Alto,SP,2012,884.05,21.48,243,2011-09-01,2012-04-30,13
3510302,Capela do Alto,SP,2013,1041.36,21.89,242,2012-09-01,2013-04-30,19
3510302,Capela do Alto,SP,2014,714.51,22.49,242,2013-09-01,2014-04-30,13
3510302,Capela do Alto,SP,2015,852.53,22.53,242,2014-09-01,2015-04-30,16
3510302,Capela do Alto,SP,2016,1261.59,22.56,243,2015-09-01,2016-04-30,26
3510302,Capela do Alto,SP,2017,1057.39,21.56,242,2016-09-01,2017-04-30,13
3510302,Capela do Alto,SP,2018,864.02,22.11,242,2017-09-01,2018-04-30,28
3510302,Capela do Alto,SP,2019,1159.73,22.35,242,2018-09-01,2019-04-30,8
3510302,Capela do Alto,SP,2020,1047.14,21.97,243,2019-09-01,2020-04-30,22
3510302,Capela do Alto,SP,2021,662.21,22.83,242,2020-09-01,2021-04-30,19
3510302,Capela do Alto,SP,2022,1011.81,22.13,242,2021-09-01,2022-04-30,14
3510302,Capela do Alto,SP,2023,1305.91,20.95,242,2022-09-01,2023-04-30,7
3510302,Capela do Alto,SP,2024,849.66,24.1,243,2023-09-01,2024-04-30,13
3510302,Capela do Alto,SP,2025,738.44,23.44,242,2024-09-01,2025-04-30,14
3510302,Capela do Alto,SP,2026,710.6,22.79,242,2025-09-01,2026-04-30,20
3510401,Capivari,SP,2010,1443.1,22.87,242,2009-09-01,2010-04-30,14
3510401,Capivari,SP,2011,1109.65,22.87,242,2010-09-01,2011-04-30,14
3510401,Capivari,SP,2012,925.98,23.0,243,2011-09-01,2012-04-30,22
3510401,Capivari,SP,2013,1093.02,23.28,242,2012-09-01,2013-04-30,19
3510401,Capivari,SP,2014,688.23,23.98,242,2013-09-01,2014-04-30,12
3510401,Capivari,SP,2015,885.74,23.87,242,2014-09-01,2015-04-30,17
3510401,Capivari,SP,2016,1259.92,23.88,243,2015-09-01,2016-04-30,27
3510401,Capivari,SP,2017,1009.69,22.97,242,2016-09-01,2017-04-30,16
3510401,Capivari,SP,2018,877.03,23.6,242,2017-09-01,2018-04-30,28
3510401,Capivari,SP,2019,1143.22,23.61,242,2018-09-01,2019-04-30,14
3510401,Capivari,SP,2020,999.25,23.59,243,2019-09-01,2020-04-30,16
3510401,Capivari,SP,2021,590.56,24.63,242,2020-09-01,2021-04-30,21
3510401,Capivari,SP,2022,921.43,23.75,242,2021-09-01,2022-04-30,14
3510401,Capivari,SP,2023,1143.79,22.48,242,2022-09-01,2023-04-30,9
3510401,Capivari,SP,2024,780.23,25.89,243,2023-09-01,2024-04-30,12
3510401,Capivari,SP,2025,698.98,25.04,242,2024-09-01,2025-04-30,17
3510401,Capivari,SP,2026,733.68,24.31,242,2025-09-01,2026-04-30,20
3510500,Caraguatatuba,SP,2010,1554.35,22.36,242,2009-09-01,2010-04-30,12
3510500,Caraguatatuba,SP,2011,1500.86,21.68,242,2010-09-01,2011-04-30,10
3510500,Caraguatatuba,SP,2012,864.16,21.56,243,2011-09-01,2012-04-30,13
3510500,Caraguatatuba,SP,2013,986.72,22.14,242,2012-09-01,2013-04-30,19
3510500,Caraguatatuba,SP,2014,757.83,22.57,242,2013-09-01,2014-04-30,18
3510500,Caraguatatuba,SP,2015,842.74,22.65,242,2014-09-01,2015-04-30,16
3510500,Caraguatatuba,SP,2016,1302.59,22.96,243,2015-09-01,2016-04-30,25
3510500,Caraguatatuba,SP,2017,1240.01,21.83,242,2016-09-01,2017-04-30,14
3510500,Caraguatatuba,SP,2018,1054.42,22.17,242,2017-09-01,2018-04-30,27
3510500,Caraguatatuba,SP,2019,1406.33,22.44,242,2018-09-01,2019-04-30,8
3510500,Caraguatatuba,SP,2020,951.33,21.9,243,2019-09-01,2020-04-30,14
3510500,Caraguatatuba,SP,2021,1035.97,22.53,242,2020-09-01,2021-04-30,19
3510500,Caraguatatuba,SP,2022,990.24,22.07,242,2021-09-01,2022-04-30,8
3510500,Caraguatatuba,SP,2023,1236.48,21.46,242,2022-09-01,2023-04-30,7
3510500,Caraguatatuba,SP,2024,1041.19,23.72,243,2023-09-01,2024-04-30,9
3510500,Caraguatatuba,SP,2025,969.76,23.03,242,2024-09-01,2025-04-30,14
3510500,Caraguatatuba,SP,2026,759.21,22.52,242,2025-09-01,2026-04-30,16
3510609,Carapicuíba,SP,2010,1666.75,21.09,242,2009-09-01,2010-04-30,12
3510609,Carapicuíba,SP,2011,1464.75,20.61,242,2010-09-01,2011-04-30,11
3510609,Carapicuíba,SP,2012,924.14,20.5,243,2011-09-01,2012-04-30,13
3510609,Carapicuíba,SP,2013,1098.88,21.22,242,2012-09-01,2013-04-30,16
3510609,Carapicuíba,SP,2014,769.94,21.63,242,2013-09-01,2014-04-30,14
3510609,Carapicuíba,SP,2015,854.33,21.79,242,2014-09-01,2015-04-30,16
3510609,Carapicuíba,SP,2016,1250.66,22.01,243,2015-09-01,2016-04-30,26
3510609,Carapicuíba,SP,2017,1090.54,20.97,242,2016-09-01,2017-04-30,13
3510609,Carapicuíba,SP,2018,791.1,21.55,242,2017-09-01,2018-04-30,28
3510609,Carapicuíba,SP,2019,1156.14,21.76,242,2018-09-01,2019-04-30,8
3510609,Carapicuíba,SP,2020,1119.16,21.26,243,2019-09-01,2020-04-30,12
3510609,Carapicuíba,SP,2021,691.92,21.98,242,2020-09-01,2021-04-30,19
3510609,Carapicuíba,SP,2022,1015.37,21.37,242,2021-09-01,2022-04-30,12
3510609,Carapicuíba,SP,2023,1308.23,20.46,242,2022-09-01,2023-04-30,7
3510609,Carapicuíba,SP,2024,894.85,23.27,243,2023-09-01,2024-04-30,13
3510609,Carapicuíba,SP,2025,775.9,22.58,242,2024-09-01,2025-04-30,14
3510609,Carapicuíba,SP,2026,754.23,21.95,242,2025-09-01,2026-04-30,20
3510708,Cardoso,SP,2010,1446.71,25.41,242,2009-09-01,2010-04-30,26
3510708,Cardoso,SP,2011,1497.34,25.68,242,2010-09-01,2011-04-30,23
3510708,Cardoso,SP,2012,971.5,25.9,243,2011-09-01,2012-04-30,18
3510708,Cardoso,SP,2013,992.16,26.35,242,2012-09-01,2013-04-30,18
3510708,Cardoso,SP,2014,848.28,26.56,242,2013-09-01,2014-04-30,11
3510708,Cardoso,SP,2015,1131.65,26.31,242,2014-09-01,2015-04-30,16
3510708,Cardoso,SP,2016,1142.76,26.64,243,2015-09-01,2016-04-30,23
3510708,Cardoso,SP,2017,1143.73,25.72,242,2016-09-01,2017-04-30,13
3510708,Cardoso,SP,2018,1127.18,26.16,242,2017-09-01,2018-04-30,28
3510708,Cardoso,SP,2019,1075.6,26.52,242,2018-09-01,2019-04-30,14
3510708,Cardoso,SP,2020,928.6,27.11,243,2019-09-01,2020-04-30,17
3510708,Cardoso,SP,2021,558.34,28.07,242,2020-09-01,2021-04-30,20
3510708,Cardoso,SP,2022,1060.07,26.75,242,2021-09-01,2022-04-30,16
3510708,Cardoso,SP,2023,1267.64,25.78,242,2022-09-01,2023-04-30,9
3510708,Cardoso,SP,2024,770.88,29.31,243,2023-09-01,2024-04-30,16
3510708,Cardoso,SP,2025,758.24,28.03,242,2024-09-01,2025-04-30,39
3510708,Cardoso,SP,2026,780.0,27.51,242,2025-09-01,2026-04-30,21
3510807,Casa Branca,SP,2010,1355.16,22.51,242,2009-09-01,2010-04-30,16
3510807,Casa Branca,SP,2011,1233.21,22.8,242,2010-09-01,2011-04-30,12
3510807,Casa Branca,SP,2012,1121.99,22.52,243,2011-09-01,2012-04-30,20
3510807,Casa Branca,SP,2013,1302.62,22.78,242,2012-09-01,2013-04-30,19
3510807,Casa Branca,SP,2014,763.68,23.58,242,2013-09-01,2014-04-30,13
3510807,Casa Branca,SP,2015,997.91,23.32,242,2014-09-01,2015-04-30,18
3510807,Casa Branca,SP,2016,1285.36,23.54,243,2015-09-01,2016-04-30,28
3510807,Casa Branca,SP,2017,920.22,22.95,242,2016-09-01,2017-04-30,16
3510807,Casa Branca,SP,2018,944.36,23.32,242,2017-09-01,2018-04-30,28
3510807,Casa Branca,SP,2019,1126.26,23.15,242,2018-09-01,2019-04-30,14
3510807,Casa Branca,SP,2020,1037.72,23.46,243,2019-09-01,2020-04-30,19
3510807,Casa Branca,SP,2021,648.85,24.27,242,2020-09-01,2021-04-30,18
3510807,Casa Branca,SP,2022,1052.55,23.25,242,2021-09-01,2022-04-30,15
3510807,Casa Branca,SP,2023,1255.48,22.27,242,2022-09-01,2023-04-30,7
3510807,Casa Branca,SP,2024,810.97,25.54,243,2023-09-01,2024-04-30,12
3510807,Casa Branca,SP,2025,827.46,24.57,242,2024-09-01,2025-04-30,18
3510807,Casa Branca,SP,2026,867.53,23.54,242,2025-09-01,2026-04-30,20
3510906,Cássia dos Coqueiros,SP,2010,1278.91,22.23,242,2009-09-01,2010-04-30,16
3510906,Cássia dos Coqueiros,SP,2011,1309.44,22.4,242,2010-09-01,2011-04-30,12
3510906,Cássia dos Coqueiros,SP,2012,1054.93,22.18,243,2011-09-01,2012-04-30,20
3510906,Cássia dos Coqueiros,SP,2013,1275.59,22.5,242,2012-09-01,2013-04-30,19
3510906,Cássia dos Coqueiros,SP,2014,700.34,23.3,242,2013-09-01,2014-04-30,13
3510906,Cássia dos Coqueiros,SP,2015,1010.26,23.01,242,2014-09-01,2015-04-30,18
3510906,Cássia dos Coqueiros,SP,2016,1298.81,23.21,243,2015-09-01,2016-04-30,26
3510906,Cássia dos Coqueiros,SP,2017,906.53,22.64,242,2016-09-01,2017-04-30,20
3510906,Cássia dos Coqueiros,SP,2018,994.84,22.86,242,2017-09-01,2018-04-30,26
3510906,Cássia dos Coqueiros,SP,2019,1186.24,22.81,242,2018-09-01,2019-04-30,13
3510906,Cássia dos Coqueiros,SP,2020,1067.18,23.14,243,2019-09-01,2020-04-30,18
3510906,Cássia dos Coqueiros,SP,2021,650.57,23.85,242,2020-09-01,2021-04-30,18
3510906,Cássia dos Coqueiros,SP,2022,1145.97,22.81,242,2021-09-01,2022-04-30,16
3510906,Cássia dos Coqueiros,SP,2023,1312.42,22.01,242,2022-09-01,2023-04-30,7
3510906,Cássia dos Coqueiros,SP,2024,813.84,25.11,243,2023-09-01,2024-04-30,12
3510906,Cássia dos Coqueiros,SP,2025,874.58,24.13,242,2024-09-01,2025-04-30,18
3510906,Cássia dos Coqueiros,SP,2026,918.9,23.06,242,2025-09-01,2026-04-30,21
3511003,Castilho,SP,2010,1439.43,25.33,242,2009-09-01,2010-04-30,16
3511003,Castilho,SP,2011,1366.72,25.21,242,2010-09-01,2011-04-30,16
3511003,Castilho,SP,2012,935.9,25.64,243,2011-09-01,2012-04-30,12
3511003,Castilho,SP,2013,1019.44,26.09,242,2012-09-01,2013-04-30,18
3511003,Castilho,SP,2014,764.19,26.59,242,2013-09-01,2014-04-30,16
3511003,Castilho,SP,2015,1005.95,26.41,242,2014-09-01,2015-04-30,17
3511003,Castilho,SP,2016,1292.68,26.3,243,2015-09-01,2016-04-30,30
3511003,Castilho,SP,2017,968.89,25.16,242,2016-09-01,2017-04-30,13
3511003,Castilho,SP,2018,1203.55,25.7,242,2017-09-01,2018-04-30,28
3511003,Castilho,SP,2019,982.57,26.56,242,2018-09-01,2019-04-30,14
3511003,Castilho,SP,2020,886.29,27.14,243,2019-09-01,2020-04-30,16
3511003,Castilho,SP,2021,411.7,28.51,242,2020-09-01,2021-04-30,21
3511003,Castilho,SP,2022,761.8,27.37,242,2021-09-01,2022-04-30,10
3511003,Castilho,SP,2023,1022.18,25.52,242,2022-09-01,2023-04-30,8
3511003,Castilho,SP,2024,702.89,29.42,243,2023-09-01,2024-04-30,16
3511003,Castilho,SP,2025,781.82,28.15,242,2024-09-01,2025-04-30,15
3511003,Castilho,SP,2026,635.83,27.84,242,2025-09-01,2026-04-30,19
3511102,Catanduva,SP,2010,1105.13,24.36,242,2009-09-01,2010-04-30,17
3511102,Catanduva,SP,2011,1208.26,24.68,242,2010-09-01,2011-04-30,16
3511102,Catanduva,SP,2012,933.34,24.79,243,2011-09-01,2012-04-30,14
3511102,Catanduva,SP,2013,1041.74,24.98,242,2012-09-01,2013-04-30,16
3511102,Catanduva,SP,2014,860.18,25.31,242,2013-09-01,2014-04-30,11
3511102,Catanduva,SP,2015,823.63,25.55,242,2014-09-01,2015-04-30,18
3511102,Catanduva,SP,2016,1206.26,25.27,243,2015-09-01,2016-04-30,28
3511102,Catanduva,SP,2017,905.05,24.75,242,2016-09-01,2017-04-30,13
3511102,Catanduva,SP,2018,963.54,25.21,242,2017-09-01,2018-04-30,28
3511102,Catanduva,SP,2019,945.9,25.45,242,2018-09-01,2019-04-30,15
3511102,Catanduva,SP,2020,920.4,25.78,243,2019-09-01,2020-04-30,22
3511102,Catanduva,SP,2021,609.43,26.65,242,2020-09-01,2021-04-30,18
3511102,Catanduva,SP,2022,1042.52,25.32,242,2021-09-01,2022-04-30,16
3511102,Catanduva,SP,2023,1038.05,24.47,242,2022-09-01,2023-04-30,11
3511102,Catanduva,SP,2024,661.64,28.29,243,2023-09-01,2024-04-30,13
3511102,Catanduva,SP,2025,869.1,26.62,242,2024-09-01,2025-04-30,39
3511102,Catanduva,SP,2026,904.03,25.7,242,2025-09-01,2026-04-30,20
3511201,Catiguá,SP,2010,1105.13,24.36,242,2009-09-01,2010-04-30,17
3511201,Catiguá,SP,2011,1208.26,24.68,242,2010-09-01,2011-04-30,16
3511201,Catiguá,SP,2012,933.34,24.79,243,2011-09-01,2012-04-30,14
3511201,Catiguá,SP,2013,1041.74,24.98,242,2012-09-01,2013-04-30,16
3511201,Catiguá,SP,2014,860.18,25.31,242,2013-09-01,2014-04-30,11
3511201,Catiguá,SP,2015,823.63,25.55,242,2014-09-01,2015-04-30,18
3511201,Catiguá,SP,2016,1206.26,25.27,243,2015-09-01,2016-04-30,28
3511201,Catiguá,SP,2017,905.05,24.75,242,2016-09-01,2017-04-30,13
3511201,Catiguá,SP,2018,963.54,25.21,242,2017-09-01,2018-04-30,28
3511201,Catiguá,SP,2019,945.9,25.45,242,2018-09-01,2019-04-30,15
3511201,Catiguá,SP,2020,920.4,25.78,243,2019-09-01,2020-04-30,22
3511201,Catiguá,SP,2021,609.43,26.65,242,2020-09-01,2021-04-30,18
3511201,Catiguá,SP,2022,1042.52,25.32,242,2021-09-01,2022-04-30,16
3511201,Catiguá,SP,2023,1038.05,24.47,242,2022-09-01,2023-04-30,11
3511201,Catiguá,SP,2024,661.64,28.29,243,2023-09-01,2024-04-30,13
3511201,Catiguá,SP,2025,869.1,26.62,242,2024-09-01,2025-04-30,39
3511201,Catiguá,SP,2026,904.03,25.7,242,2025-09-01,2026-04-30,20
3511300,Cedral,SP,2010,1105.87,24.68,242,2009-09-01,2010-04-30,17
3511300,Cedral,SP,2011,1214.77,25.07,242,2010-09-01,2011-04-30,16
3511300,Cedral,SP,2012,872.96,25.22,243,2011-09-01,2012-04-30,14
3511300,Cedral,SP,2013,1027.94,25.45,242,2012-09-01,2013-04-30,16
3511300,Cedral,SP,2014,828.87,25.71,242,2013-09-01,2014-04-30,16
3511300,Cedral,SP,2015,836.03,25.94,242,2014-09-01,2015-04-30,19
3511300,Cedral,SP,2016,1208.83,25.66,243,2015-09-01,2016-04-30,28
3511300,Cedral,SP,2017,897.37,25.01,242,2016-09-01,2017-04-30,13
3511300,Cedral,SP,2018,992.26,25.51,242,2017-09-01,2018-04-30,28
3511300,Cedral,SP,2019,943.31,25.91,242,2018-09-01,2019-04-30,15
3511300,Cedral,SP,2020,948.71,26.18,243,2019-09-01,2020-04-30,16
3511300,Cedral,SP,2021,648.53,27.03,242,2020-09-01,2021-04-30,18
3511300,Cedral,SP,2022,1070.52,25.65,242,2021-09-01,2022-04-30,16
3511300,Cedral,SP,2023,1019.01,24.81,242,2022-09-01,2023-04-30,7
3511300,Cedral,SP,2024,642.35,28.83,243,2023-09-01,2024-04-30,16
3511300,Cedral,SP,2025,840.27,27.01,242,2024-09-01,2025-04-30,23
3511300,Cedral,SP,2026,871.3,26.24,242,2025-09-01,2026-04-30,20
3511409,Cerqueira César,SP,2010,1269.52,23.15,242,2009-09-01,2010-04-30,16
3511409,Cerqueira César,SP,2011,969.56,23.05,242,2010-09-01,2011-04-30,15
3511409,Cerqueira César,SP,2012,856.88,23.23,243,2011-09-01,2012-04-30,22
3511409,Cerqueira César,SP,2013,1056.89,23.44,242,2012-09-01,2013-04-30,18
3511409,Cerqueira César,SP,2014,809.47,23.53,242,2013-09-01,2014-04-30,12
3511409,Cerqueira César,SP,2015,988.42,23.63,242,2014-09-01,2015-04-30,17
3511409,Cerqueira César,SP,2016,1495.77,23.75,243,2015-09-01,2016-04-30,14
3511409,Cerqueira César,SP,2017,982.85,22.7,242,2016-09-01,2017-04-30,17
3511409,Cerqueira César,SP,2018,1090.44,23.28,242,2017-09-01,2018-04-30,28
3511409,Cerqueira César,SP,2019,990.48,23.82,242,2018-09-01,2019-04-30,14
3511409,Cerqueira César,SP,2020,751.68,24.16,243,2019-09-01,2020-04-30,18
3511409,Cerqueira César,SP,2021,680.11,24.27,242,2020-09-01,2021-04-30,20
3511409,Cerqueira César,SP,2022,937.5,23.85,242,2021-09-01,2022-04-30,14
3511409,Cerqueira César,SP,2023,1045.16,22.54,242,2022-09-01,2023-04-30,9
3511409,Cerqueira César,SP,2024,710.14,25.84,243,2023-09-01,2024-04-30,14
3511409,Cerqueira César,SP,2025,664.42,24.99,242,2024-09-01,2025-04-30,14
3511409,Cerqueira César,SP,2026,716.02,24.17,242,2025-09-01,2026-04-30,20
3511508,Cerquilho,SP,2010,1443.1,22.87,242,2009-09-01,2010-04-30,14
3511508,Cerquilho,SP,2011,1109.65,22.87,242,2010-09-01,2011-04-30,14
3511508,Cerquilho,SP,2012,925.98,23.0,243,2011-09-01,2012-04-30,22
3511508,Cerquilho,SP,2013,1093.02,23.28,242,2012-09-01,2013-04-30,19
3511508,Cerquilho,SP,2014,688.23,23.98,242,2013-09-01,2014-04-30,12
3511508,Cerquilho,SP,2015,885.74,23.87,242,2014-09-01,2015-04-30,17
3511508,Cerquilho,SP,2016,1259.92,23.88,243,2015-09-01,2016-04-30,27
3511508,Cerquilho,SP,2017,1009.69,22.97,242,2016-09-01,2017-04-30,16
3511508,Cerquilho,SP,2018,877.03,23.6,242,2017-09-01,2018-04-30,28
3511508,Cerquilho,SP,2019,1143.22,23.61,242,2018-09-01,2019-04-30,14
3511508,Cerquilho,SP,2020,999.25,23.59,243,2019-09-01,2020-04-30,16
3511508,Cerquilho,SP,2021,590.56,24.63,242,2020-09-01,2021-04-30,21
3511508,Cerquilho,SP,2022,921.43,23.75,242,2021-09-01,2022-04-30,14
3511508,Cerquilho,SP,2023,1143.79,22.48,242,2022-09-01,2023-04-30,9
3511508,Cerquilho,SP,2024,780.23,25.89,243,2023-09-01,2024-04-30,12
3511508,Cerquilho,SP,2025,698.98,25.04,242,2024-09-01,2025-04-30,17
3511508,Cerquilho,SP,2026,733.68,24.31,242,2025-09-01,2026-04-30,20
3511607,Cesário Lange,SP,2010,1380.81,22.76,242,2009-09-01,2010-04-30,15
3511607,Cesário Lange,SP,2011,1103.0,22.55,242,2010-09-01,2011-04-30,16
3511607,Cesário Lange,SP,2012,910.59,22.75,243,2011-09-01,2012-04-30,22
3511607,Cesário Lange,SP,2013,1104.2,23.08,242,2012-09-01,2013-04-30,18
3511607,Cesário Lange,SP,2014,679.75,23.6,242,2013-09-01,2014-04-30,12
3511607,Cesário Lange,SP,2015,871.73,23.73,242,2014-09-01,2015-04-30,17
3511607,Cesário Lange,SP,2016,1291.57,23.69,243,2015-09-01,2016-04-30,19
3511607,Cesário Lange,SP,2017,920.81,22.65,242,2016-09-01,2017-04-30,13
3511607,Cesário Lange,SP,2018,964.33,23.17,242,2017-09-01,2018-04-30,28
3511607,Cesário Lange,SP,2019,1029.69,23.55,242,2018-09-01,2019-04-30,14
3511607,Cesário Lange,SP,2020,804.62,23.62,243,2019-09-01,2020-04-30,16
3511607,Cesário Lange,SP,2021,554.68,24.43,242,2020-09-01,2021-04-30,21
3511607,Cesário Lange,SP,2022,930.02,23.55,242,2021-09-01,2022-04-30,10
3511607,Cesário Lange,SP,2023,973.35,22.45,242,2022-09-01,2023-04-30,9
3511607,Cesário Lange,SP,2024,698.86,25.79,243,2023-09-01,2024-04-30,12
3511607,Cesário Lange,SP,2025,621.24,24.94,242,2024-09-01,2025-04-30,14
3511607,Cesário Lange,SP,2026,632.04,24.24,242,2025-09-01,2026-04-30,20
3511706,Charqueada,SP,2010,1382.37,22.86,242,2009-09-01,2010-04-30,16
3511706,Charqueada,SP,2011,1038.21,23.14,242,2010-09-01,2011-04-30,15
3511706,Charqueada,SP,2012,986.17,23.06,243,2011-09-01,2012-04-30,20
3511706,Charqueada,SP,2013,1151.87,23.29,242,2012-09-01,2013-04-30,19
3511706,Charqueada,SP,2014,711.25,23.97,242,2013-09-01,2014-04-30,12
3511706,Charqueada,SP,2015,958.89,23.78,242,2014-09-01,2015-04-30,17
3511706,Charqueada,SP,2016,1290.07,23.87,243,2015-09-01,2016-04-30,30
3511706,Charqueada,SP,2017,1001.31,23.0,242,2016-09-01,2017-04-30,16
3511706,Charqueada,SP,2018,915.06,23.68,242,2017-09-01,2018-04-30,28
3511706,Charqueada,SP,2019,1116.07,23.53,242,2018-09-01,2019-04-30,14
3511706,Charqueada,SP,2020,965.42,23.84,243,2019-09-01,2020-04-30,21
3511706,Charqueada,SP,2021,572.88,24.9,242,2020-09-01,2021-04-30,21
3511706,Charqueada,SP,2022,938.29,23.81,242,2021-09-01,2022-04-30,16
3511706,Charqueada,SP,2023,1136.16,22.62,242,2022-09-01,2023-04-30,9
3511706,Charqueada,SP,2024,788.72,26.01,243,2023-09-01,2024-04-30,12
3511706,Charqueada,SP,2025,766.93,25.02,242,2024-09-01,2025-04-30,16
3511706,Charqueada,SP,2026,827.65,24.15,242,2025-09-01,2026-04-30,20
3511904,Clementina,SP,2010,1236.56,24.7,242,2009-09-01,2010-04-30,16
3511904,Clementina,SP,2011,1144.95,24.82,242,2010-09-01,2011-04-30,16
3511904,Clementina,SP,2012,714.46,25.67,243,2011-09-01,2012-04-30,13
3511904,Clementina,SP,2013,1011.71,25.44,242,2012-09-01,2013-04-30,18
3511904,Clementina,SP,2014,630.14,26.07,242,2013-09-01,2014-04-30,16
3511904,Clementina,SP,2015,1003.11,25.6,242,2014-09-01,2015-04-30,18
3511904,Clementina,SP,2016,1362.3,25.55,243,2015-09-01,2016-04-30,30
3511904,Clementina,SP,2017,910.1,24.47,242,2016-09-01,2017-04-30,13
3511904,Clementina,SP,2018,1122.52,25.2,242,2017-09-01,2018-04-30,28
3511904,Clementina,SP,2019,1014.26,25.71,242,2018-09-01,2019-04-30,14
3511904,Clementina,SP,2020,930.46,26.29,243,2019-09-01,2020-04-30,16
3511904,Clementina,SP,2021,617.0,27.07,242,2020-09-01,2021-04-30,18
3511904,Clementina,SP,2022,907.11,26.21,242,2021-09-01,2022-04-30,14
3511904,Clementina,SP,2023,922.6,24.9,242,2022-09-01,2023-04-30,8
3511904,Clementina,SP,2024,630.16,28.93,243,2023-09-01,2024-04-30,16
3511904,Clementina,SP,2025,709.3,27.58,242,2024-09-01,2025-04-30,15
3511904,Clementina,SP,2026,750.02,26.74,242,2025-09-01,2026-04-30,21
3512001,Colina,SP,2010,1131.4,25.01,242,2009-09-01,2010-04-30,23
3512001,Colina,SP,2011,1285.19,25.14,242,2010-09-01,2011-04-30,23
3512001,Colina,SP,2012,1091.99,25.0,243,2011-09-01,2012-04-30,16
3512001,Colina,SP,2013,1120.79,25.48,242,2012-09-01,2013-04-30,16
3512001,Colina,SP,2014,943.96,25.6,242,2013-09-01,2014-04-30,11
3512001,Colina,SP,2015,893.54,25.99,242,2014-09-01,2015-04-30,17
3512001,Colina,SP,2016,1245.12,25.9,243,2015-09-01,2016-04-30,27
3512001,Colina,SP,2017,950.83,25.34,242,2016-09-01,2017-04-30,12
3512001,Colina,SP,2018,1059.65,25.63,242,2017-09-01,2018-04-30,28
3512001,Colina,SP,2019,985.88,25.91,242,2018-09-01,2019-04-30,14
3512001,Colina,SP,2020,999.57,26.21,243,2019-09-01,2020-04-30,17
3512001,Colina,SP,2021,705.81,26.88,242,2020-09-01,2021-04-30,21
3512001,Colina,SP,2022,1057.77,25.93,242,2021-09-01,2022-04-30,25
3512001,Colina,SP,2023,1158.95,25.11,242,2022-09-01,2023-04-30,9
3512001,Colina,SP,2024,823.79,28.38,243,2023-09-01,2024-04-30,19
3512001,Colina,SP,2025,901.72,27.15,242,2024-09-01,2025-04-30,39
3512001,Colina,SP,2026,936.77,26.22,242,2025-09-01,2026-04-30,20
3512100,Colômbia,SP,2010,1251.86,24.95,242,2009-09-01,2010-04-30,26
3512100,Colômbia,SP,2011,1435.32,25.06,242,2010-09-01,2011-04-30,18
3512100,Colômbia,SP,2012,1251.12,24.6,243,2011-09-01,2012-04-30,16
3512100,Colômbia,SP,2013,1222.55,25.4,242,2012-09-01,2013-04-30,19
3512100,Colômbia,SP,2014,966.14,25.45,242,2013-09-01,2014-04-30,11
3512100,Colômbia,SP,2015,977.8,26.04,242,2014-09-01,2015-04-30,17
3512100,Colômbia,SP,2016,1254.93,26.11,243,2015-09-01,2016-04-30,27
3512100,Colômbia,SP,2017,979.83,25.35,242,2016-09-01,2017-04-30,12
3512100,Colômbia,SP,2018,1135.68,25.67,242,2017-09-01,2018-04-30,28
3512100,Colômbia,SP,2019,1122.29,25.82,242,2018-09-01,2019-04-30,13
3512100,Colômbia,SP,2020,1061.64,26.28,243,2019-09-01,2020-04-30,17
3512100,Colômbia,SP,2021,780.18,26.83,242,2020-09-01,2021-04-30,20
3512100,Colômbia,SP,2022,1126.02,26.08,242,2021-09-01,2022-04-30,25
3512100,Colômbia,SP,2023,1227.09,25.27,242,2022-09-01,2023-04-30,9
3512100,Colômbia,SP,2024,864.95,28.33,243,2023-09-01,2024-04-30,19
3512100,Colômbia,SP,2025,894.31,27.32,242,2024-09-01,2025-04-30,38
3512100,Colômbia,SP,2026,894.94,26.63,242,2025-09-01,2026-04-30,21
3512209,Conchal,SP,2010,1416.36,22.42,242,2009-09-01,2010-04-30,16
3512209,Conchal,SP,2011,1196.55,22.61,242,2010-09-01,2011-04-30,12
3512209,Conchal,SP,2012,1116.49,22.29,243,2011-09-01,2012-04-30,20
3512209,Conchal,SP,2013,1244.62,22.68,242,2012-09-01,2013-04-30,19
3512209,Conchal,SP,2014,797.62,23.29,242,2013-09-01,2014-04-30,13
3512209,Conchal,SP,2015,972.16,23.21,242,2014-09-01,2015-04-30,18
3512209,Conchal,SP,2016,1290.4,23.44,243,2015-09-01,2016-04-30,27
3512209,Conchal,SP,2017,1012.84,22.65,242,2016-09-01,2017-04-30,16
3512209,Conchal,SP,2018,929.17,23.21,242,2017-09-01,2018-04-30,28
3512209,Conchal,SP,2019,1141.59,23.02,242,2018-09-01,2019-04-30,14
3512209,Conchal,SP,2020,984.72,23.31,243,2019-09-01,2020-04-30,19
3512209,Conchal,SP,2021,617.74,24.24,242,2020-09-01,2021-04-30,19
3512209,Conchal,SP,2022,950.39,23.3,242,2021-09-01,2022-04-30,16
3512209,Conchal,SP,2023,1174.73,22.18,242,2022-09-01,2023-04-30,9
3512209,Conchal,SP,2024,835.23,25.34,243,2023-09-01,2024-04-30,12
3512209,Conchal,SP,2025,792.24,24.39,242,2024-09-01,2025-04-30,19
3512209,Conchal,SP,2026,836.39,23.55,242,2025-09-01,2026-04-30,19
3512308,Conchas,SP,2010,1380.81,22.76,242,2009-09-01,2010-04-30,15
3512308,Conchas,SP,2011,1103.0,22.55,242,2010-09-01,2011-04-30,16
3512308,Conchas,SP,2012,910.59,22.75,243,2011-09-01,2012-04-30,22
3512308,Conchas,SP,2013,1104.2,23.08,242,2012-09-01,2013-04-30,18
3512308,Conchas,SP,2014,679.75,23.6,242,2013-09-01,2014-04-30,12
3512308,Conchas,SP,2015,871.73,23.73,242,2014-09-01,2015-04-30,17
3512308,Conchas,SP,2016,1291.57,23.69,243,2015-09-01,2016-04-30,19
3512308,Conchas,SP,2017,920.81,22.65,242,2016-09-01,2017-04-30,13
3512308,Conchas,SP,2018,964.33,23.17,242,2017-09-01,2018-04-30,28
3512308,Conchas,SP,2019,1029.69,23.55,242,2018-09-01,2019-04-30,14
3512308,Conchas,SP,2020,804.62,23.62,243,2019-09-01,2020-04-30,16
3512308,Conchas,SP,2021,554.68,24.43,242,2020-09-01,2021-04-30,21
3512308,Conchas,SP,2022,930.02,23.55,242,2021-09-01,2022-04-30,10
3512308,Conchas,SP,2023,973.35,22.45,242,2022-09-01,2023-04-30,9
3512308,Conchas,SP,2024,698.86,25.79,243,2023-09-01,2024-04-30,12
3512308,Conchas,SP,2025,621.24,24.94,242,2024-09-01,2025-04-30,14
3512308,Conchas,SP,2026,632.04,24.24,242,2025-09-01,2026-04-30,20
3512407,Cordeirópolis,SP,2010,1382.37,22.86,242,2009-09-01,2010-04-30,16
3512407,Cordeirópolis,SP,2011,1038.21,23.14,242,2010-09-01,2011-04-30,15
3512407,Cordeirópolis,SP,2012,986.17,23.06,243,2011-09-01,2012-04-30,20
3512407,Cordeirópolis,SP,2013,1151.87,23.29,242,2012-09-01,2013-04-30,19
3512407,Cordeirópolis,SP,2014,711.25,23.97,242,2013-09-01,2014-04-30,12
3512407,Cordeirópolis,SP,2015,958.89,23.78,242,2014-09-01,2015-04-30,17
3512407,Cordeirópolis,SP,2016,1290.07,23.87,243,2015-09-01,2016-04-30,30
3512407,Cordeirópolis,SP,2017,1001.31,23.0,242,2016-09-01,2017-04-30,16
3512407,Cordeirópolis,SP,2018,915.06,23.68,242,2017-09-01,2018-04-30,28
3512407,Cordeirópolis,SP,2019,1116.07,23.53,242,2018-09-01,2019-04-30,14
3512407,Cordeirópolis,SP,2020,965.42,23.84,243,2019-09-01,2020-04-30,21
3512407,Cordeirópolis,SP,2021,572.88,24.9,242,2020-09-01,2021-04-30,21
3512407,Cordeirópolis,SP,2022,938.29,23.81,242,2021-09-01,2022-04-30,16
3512407,Cordeirópolis,SP,2023,1136.16,22.62,242,2022-09-01,2023-04-30,9
3512407,Cordeirópolis,SP,2024,788.72,26.01,243,2023-09-01,2024-04-30,12
3512407,Cordeirópolis,SP,2025,766.93,25.02,242,2024-09-01,2025-04-30,16
3512407,Cordeirópolis,SP,2026,827.65,24.15,242,2025-09-01,2026-04-30,20
3512506,Coroados,SP,2010,1204.83,24.83,242,2009-09-01,2010-04-30,17
3512506,Coroados,SP,2011,1130.19,25.01,242,2010-09-01,2011-04-30,16
3512506,Coroados,SP,2012,711.59,25.7,243,2011-09-01,2012-04-30,13
3512506,Coroados,SP,2013,992.6,25.53,242,2012-09-01,2013-04-30,18
3512506,Coroados,SP,2014,629.95,26.09,242,2013-09-01,2014-04-30,12
3512506,Coroados,SP,2015,1005.2,25.72,242,2014-09-01,2015-04-30,18
3512506,Coroados,SP,2016,1372.47,25.62,243,2015-09-01,2016-04-30,30
3512506,Coroados,SP,2017,954.66,24.57,242,2016-09-01,2017-04-30,13
3512506,Coroados,SP,2018,1106.34,25.35,242,2017-09-01,2018-04-30,28
3512506,Coroados,SP,2019,1021.8,25.82,242,2018-09-01,2019-04-30,14
3512506,Coroados,SP,2020,928.34,26.33,243,2019-09-01,2020-04-30,16
3512506,Coroados,SP,2021,581.98,27.22,242,2020-09-01,2021-04-30,18
3512506,Coroados,SP,2022,912.03,26.26,242,2021-09-01,2022-04-30,15
3512506,Coroados,SP,2023,934.91,24.96,242,2022-09-01,2023-04-30,9
3512506,Coroados,SP,2024,662.85,28.84,243,2023-09-01,2024-04-30,16
3512506,Coroados,SP,2025,734.19,27.52,242,2024-09-01,2025-04-30,15
3512506,Coroados,SP,2026,776.7,26.63,242,2025-09-01,2026-04-30,21
3512605,Coronel Macedo,SP,2010,1424.47,22.86,242,2009-09-01,2010-04-30,15
3512605,Coronel Macedo,SP,2011,1014.71,22.52,242,2010-09-01,2011-04-30,9
3512605,Coronel Macedo,SP,2012,848.29,22.79,243,2011-09-01,2012-04-30,13
3512605,Coronel Macedo,SP,2013,1028.64,23.09,242,2012-09-01,2013-04-30,17
3512605,Coronel Macedo,SP,2014,816.12,23.15,242,2013-09-01,2014-04-30,14
3512605,Coronel Macedo,SP,2015,1008.58,23.28,242,2014-09-01,2015-04-30,17
3512605,Coronel Macedo,SP,2016,1488.92,23.48,243,2015-09-01,2016-04-30,14
3512605,Coronel Macedo,SP,2017,1002.01,22.41,242,2016-09-01,2017-04-30,17
3512605,Coronel Macedo,SP,2018,1157.73,22.88,242,2017-09-01,2018-04-30,28
3512605,Coronel Macedo,SP,2019,999.22,23.52,242,2018-09-01,2019-04-30,14
3512605,Coronel Macedo,SP,2020,785.34,23.63,243,2019-09-01,2020-04-30,18
3512605,Coronel Macedo,SP,2021,647.32,23.86,242,2020-09-01,2021-04-30,17
3512605,Coronel Macedo,SP,2022,921.19,23.5,242,2021-09-01,2022-04-30,14
3512605,Coronel Macedo,SP,2023,1085.7,22.14,242,2022-09-01,2023-04-30,9
3512605,Coronel Macedo,SP,2024,718.47,25.29,243,2023-09-01,2024-04-30,15
3512605,Coronel Macedo,SP,2025,689.98,24.52,242,2024-09-01,2025-04-30,14
3512605,Coronel Macedo,SP,2026,623.97,23.92,242,2025-09-01,2026-04-30,20
3512704,Corumbataí,SP,2010,1326.05,22.99,242,2009-09-01,2010-04-30,16
3512704,Corumbataí,SP,2011,1088.56,23.48,242,2010-09-01,2011-04-30,13
3512704,Corumbataí,SP,2012,971.16,23.36,243,2011-09-01,2012-04-30,16
3512704,Corumbataí,SP,2013,1187.62,23.47,242,2012-09-01,2013-04-30,19
3512704,Corumbataí,SP,2014,724.26,24.28,242,2013-09-01,2014-04-30,13
3512704,Corumbataí,SP,2015,992.76,23.85,242,2014-09-01,2015-04-30,19
3512704,Corumbataí,SP,2016,1286.2,24.0,243,2015-09-01,2016-04-30,28
3512704,Corumbataí,SP,2017,905.04,23.4,242,2016-09-01,2017-04-30,16
3512704,Corumbataí,SP,2018,908.81,23.97,242,2017-09-01,2018-04-30,28
3512704,Corumbataí,SP,2019,1094.55,23.68,242,2018-09-01,2019-04-30,13
3512704,Corumbataí,SP,2020,1036.59,23.98,243,2019-09-01,2020-04-30,19
3512704,Corumbataí,SP,2021,620.13,25.04,242,2020-09-01,2021-04-30,18
3512704,Corumbataí,SP,2022,1086.21,23.73,242,2021-09-01,2022-04-30,15
3512704,Corumbataí,SP,2023,1268.02,22.7,242,2022-09-01,2023-04-30,7
3512704,Corumbataí,SP,2024,782.98,26.26,243,2023-09-01,2024-04-30,12
3512704,Corumbataí,SP,2025,785.86,25.28,242,2024-09-01,2025-04-30,18
3512704,Corumbataí,SP,2026,872.0,24.14,242,2025-09-01,2026-04-30,21
3512803,Cosmópolis,SP,2010,1382.37,22.86,242,2009-09-01,2010-04-30,16
3512803,Cosmópolis,SP,2011,1038.21,23.14,242,2010-09-01,2011-04-30,15
3512803,Cosmópolis,SP,2012,986.17,23.06,243,2011-09-01,2012-04-30,20
3512803,Cosmópolis,SP,2013,1151.87,23.29,242,2012-09-01,2013-04-30,19
3512803,Cosmópolis,SP,2014,711.25,23.97,242,2013-09-01,2014-04-30,12
3512803,Cosmópolis,SP,2015,958.89,23.78,242,2014-09-01,2015-04-30,17
3512803,Cosmópolis,SP,2016,1290.07,23.87,243,2015-09-01,2016-04-30,30
3512803,Cosmópolis,SP,2017,1001.31,23.0,242,2016-09-01,2017-04-30,16
3512803,Cosmópolis,SP,2018,915.06,23.68,242,2017-09-01,2018-04-30,28
3512803,Cosmópolis,SP,2019,1116.07,23.53,242,2018-09-01,2019-04-30,14
3512803,Cosmópolis,SP,2020,965.42,23.84,243,2019-09-01,2020-04-30,21
3512803,Cosmópolis,SP,2021,572.88,24.9,242,2020-09-01,2021-04-30,21
3512803,Cosmópolis,SP,2022,938.29,23.81,242,2021-09-01,2022-04-30,16
3512803,Cosmópolis,SP,2023,1136.16,22.62,242,2022-09-01,2023-04-30,9
3512803,Cosmópolis,SP,2024,788.72,26.01,243,2023-09-01,2024-04-30,12
3512803,Cosmópolis,SP,2025,766.93,25.02,242,2024-09-01,2025-04-30,16
3512803,Cosmópolis,SP,2026,827.65,24.15,242,2025-09-01,2026-04-30,20
3512902,Cosmorama,SP,2010,1249.82,24.85,242,2009-09-01,2010-04-30,25
3512902,Cosmorama,SP,2011,1439.63,25.23,242,2010-09-01,2011-04-30,23
3512902,Cosmorama,SP,2012,883.53,25.49,243,2011-09-01,2012-04-30,14
3512902,Cosmorama,SP,2013,939.8,25.85,242,2012-09-01,2013-04-30,18
3512902,Cosmorama,SP,2014,848.61,26.06,242,2013-09-01,2014-04-30,11
3512902,Cosmorama,SP,2015,1107.87,25.74,242,2014-09-01,2015-04-30,17
3512902,Cosmorama,SP,2016,1294.34,25.83,243,2015-09-01,2016-04-30,30
3512902,Cosmorama,SP,2017,1065.05,25.08,242,2016-09-01,2017-04-30,13
3512902,Cosmorama,SP,2018,1120.02,25.56,242,2017-09-01,2018-04-30,28
3512902,Cosmorama,SP,2019,960.82,26.24,242,2018-09-01,2019-04-30,15
3512902,Cosmorama,SP,2020,948.78,26.52,243,2019-09-01,2020-04-30,17
3512902,Cosmorama,SP,2021,560.35,27.7,242,2020-09-01,2021-04-30,18
3512902,Cosmorama,SP,2022,1037.8,26.13,242,2021-09-01,2022-04-30,16
3512902,Cosmorama,SP,2023,1102.21,25.16,242,2022-09-01,2023-04-30,9
3512902,Cosmorama,SP,2024,776.32,28.86,243,2023-09-01,2024-04-30,16
3512902,Cosmorama,SP,2025,851.99,27.33,242,2024-09-01,2025-04-30,23
3512902,Cosmorama,SP,2026,855.97,26.81,242,2025-09-01,2026-04-30,21
3513009,Cotia,SP,2010,1666.75,21.09,242,2009-09-01,2010-04-30,12
3513009,Cotia,SP,2011,1464.75,20.61,242,2010-09-01,2011-04-30,11
3513009,Cotia,SP,2012,924.14,20.5,243,2011-09-01,2012-04-30,13
3513009,Cotia,SP,2013,1098.88,21.22,242,2012-09-01,2013-04-30,16
3513009,Cotia,SP,2014,769.94,21.63,242,2013-09-01,2014-04-30,14
3513009,Cotia,SP,2015,854.33,21.79,242,2014-09-01,2015-04-30,16
3513009,Cotia,SP,2016,1250.66,22.01,243,2015-09-01,2016-04-30,26
3513009,Cotia,SP,2017,1090.54,20.97,242,2016-09-01,2017-04-30,13
3513009,Cotia,SP,2018,791.1,21.55,242,2017-09-01,2018-04-30,28
3513009,Cotia,SP,2019,1156.14,21.76,242,2018-09-01,2019-04-30,8
3513009,Cotia,SP,2020,1119.16,21.26,243,2019-09-01,2020-04-30,12
3513009,Cotia,SP,2021,691.92,21.98,242,2020-09-01,2021-04-30,19
3513009,Cotia,SP,2022,1015.37,21.37,242,2021-09-01,2022-04-30,12
3513009,Cotia,SP,2023,1308.23,20.46,242,2022-09-01,2023-04-30,7
3513009,Cotia,SP,2024,894.85,23.27,243,2023-09-01,2024-04-30,13
3513009,Cotia,SP,2025,775.9,22.58,242,2024-09-01,2025-04-30,14
3513009,Cotia,SP,2026,754.23,21.95,242,2025-09-01,2026-04-30,20
3513108,Cravinhos,SP,2010,1260.0,23.29,242,2009-09-01,2010-04-30,16
3513108,Cravinhos,SP,2011,1226.22,23.59,242,2010-09-01,2011-04-30,12
3513108,Cravinhos,SP,2012,1031.95,23.56,243,2011-09-01,2012-04-30,16
3513108,Cravinhos,SP,2013,1126.35,23.72,242,2012-09-01,2013-04-30,19
3513108,Cravinhos,SP,2014,677.89,24.75,242,2013-09-01,2014-04-30,13
3513108,Cravinhos,SP,2015,942.08,24.25,242,2014-09-01,2015-04-30,21
3513108,Cravinhos,SP,2016,1265.35,24.26,243,2015-09-01,2016-04-30,26
3513108,Cravinhos,SP,2017,905.3,23.76,242,2016-09-01,2017-04-30,20
3513108,Cravinhos,SP,2018,967.72,24.16,242,2017-09-01,2018-04-30,28
3513108,Cravinhos,SP,2019,1155.06,23.93,242,2018-09-01,2019-04-30,13
3513108,Cravinhos,SP,2020,1041.62,24.36,243,2019-09-01,2020-04-30,18
3513108,Cravinhos,SP,2021,620.79,25.36,242,2020-09-01,2021-04-30,18
3513108,Cravinhos,SP,2022,1082.44,24.05,242,2021-09-01,2022-04-30,16
3513108,Cravinhos,SP,2023,1239.22,23.07,242,2022-09-01,2023-04-30,7
3513108,Cravinhos,SP,2024,787.75,26.55,243,2023-09-01,2024-04-30,12
3513108,Cravinhos,SP,2025,875.21,25.48,242,2024-09-01,2025-04-30,18
3513108,Cravinhos,SP,2026,913.03,24.35,242,2025-09-01,2026-04-30,21
3513207,Cristais Paulista,SP,2010,1426.48,23.07,242,2009-09-01,2010-04-30,23
3513207,Cristais Paulista,SP,2011,1495.03,23.14,242,2010-09-01,2011-04-30,12
3513207,Cristais Paulista,SP,2012,1154.69,22.96,243,2011-09-01,2012-04-30,16
3513207,Cristais Paulista,SP,2013,1156.17,23.6,242,2012-09-01,2013-04-30,17
3513207,Cristais Paulista,SP,2014,887.77,24.0,242,2013-09-01,2014-04-30,16
3513207,Cristais Paulista,SP,2015,1114.81,23.89,242,2014-09-01,2015-04-30,21
3513207,Cristais Paulista,SP,2016,1355.03,24.18,243,2015-09-01,2016-04-30,26
3513207,Cristais Paulista,SP,2017,1098.57,23.47,242,2016-09-01,2017-04-30,16
3513207,Cristais Paulista,SP,2018,1251.4,23.65,242,2017-09-01,2018-04-30,26
3513207,Cristais Paulista,SP,2019,1363.28,23.6,242,2018-09-01,2019-04-30,14
3513207,Cristais Paulista,SP,2020,1188.87,24.08,243,2019-09-01,2020-04-30,15
3513207,Cristais Paulista,SP,2021,695.47,24.91,242,2020-09-01,2021-04-30,20
3513207,Cristais Paulista,SP,2022,1234.55,23.82,242,2021-09-01,2022-04-30,18
3513207,Cristais Paulista,SP,2023,1162.94,23.22,242,2022-09-01,2023-04-30,9
3513207,Cristais Paulista,SP,2024,845.1,26.29,243,2023-09-01,2024-04-30,21
3513207,Cristais Paulista,SP,2025,1052.52,24.99,242,2024-09-01,2025-04-30,18
3513207,Cristais Paulista,SP,2026,1054.42,24.02,242,2025-09-01,2026-04-30,22
3513306,Cruzália,SP,2010,1466.64,23.86,242,2009-09-01,2010-04-30,16
3513306,Cruzália,SP,2011,1056.47,24.07,242,2010-09-01,2011-04-30,16
3513306,Cruzália,SP,2012,766.36,25.14,243,2011-09-01,2012-04-30,12
3513306,Cruzália,SP,2013,971.83,24.86,242,2012-09-01,2013-04-30,18
3513306,Cruzália,SP,2014,901.09,24.92,242,2013-09-01,2014-04-30,12
3513306,Cruzália,SP,2015,1059.12,24.67,242,2014-09-01,2015-04-30,17
3513306,Cruzália,SP,2016,1704.91,24.44,243,2015-09-01,2016-04-30,13
3513306,Cruzália,SP,2017,965.7,23.72,242,2016-09-01,2017-04-30,13
3513306,Cruzália,SP,2018,1213.35,24.33,242,2017-09-01,2018-04-30,28
3513306,Cruzália,SP,2019,1116.41,24.75,242,2018-09-01,2019-04-30,14
3513306,Cruzália,SP,2020,896.41,25.6,243,2019-09-01,2020-04-30,17
3513306,Cruzália,SP,2021,689.38,25.86,242,2020-09-01,2021-04-30,20
3513306,Cruzália,SP,2022,913.13,25.42,242,2021-09-01,2022-04-30,10
3513306,Cruzália,SP,2023,1233.33,23.45,242,2022-09-01,2023-04-30,9
3513306,Cruzália,SP,2024,785.49,27.62,243,2023-09-01,2024-04-30,14
3513306,Cruzália,SP,2025,757.79,26.55,242,2024-09-01,2025-04-30,14
3513306,Cruzália,SP,2026,926.52,25.52,242,2025-09-01,2026-04-30,20
3513405,Cruzeiro,SP,2010,1460.74,20.55,242,2009-09-01,2010-04-30,13
3513405,Cruzeiro,SP,2011,1573.48,20.15,242,2010-09-01,2011-04-30,13
3513405,Cruzeiro,SP,2012,1103.05,19.65,243,2011-09-01,2012-04-30,17
3513405,Cruzeiro,SP,2013,1175.26,20.47,242,2012-09-01,2013-04-30,19
3513405,Cruzeiro,SP,2014,826.48,20.77,242,2013-09-01,2014-04-30,20
3513405,Cruzeiro,SP,2015,723.01,21.27,242,2014-09-01,2015-04-30,16
3513405,Cruzeiro,SP,2016,1279.06,21.62,243,2015-09-01,2016-04-30,24
3513405,Cruzeiro,SP,2017,1158.3,20.26,242,2016-09-01,2017-04-30,14
3513405,Cruzeiro,SP,2018,1138.88,20.54,242,2017-09-01,2018-04-30,26
3513405,Cruzeiro,SP,2019,1267.09,20.78,242,2018-09-01,2019-04-30,9
3513405,Cruzeiro,SP,2020,1061.58,20.58,243,2019-09-01,2020-04-30,16
3513405,Cruzeiro,SP,2021,927.19,21.12,242,2020-09-01,2021-04-30,19
3513405,Cruzeiro,SP,2022,1081.46,20.58,242,2021-09-01,2022-04-30,15
3513405,Cruzeiro,SP,2023,1308.58,19.95,242,2022-09-01,2023-04-30,7
3513405,Cruzeiro,SP,2024,917.02,22.41,243,2023-09-01,2024-04-30,12
3513405,Cruzeiro,SP,2025,899.54,21.78,242,2024-09-01,2025-04-30,19
3513405,Cruzeiro,SP,2026,679.25,21.18,242,2025-09-01,2026-04-30,16
3513504,Cubatão,SP,2010,1817.02,24.28,242,2009-09-01,2010-04-30,11
3513504,Cubatão,SP,2011,1702.96,23.34,242,2010-09-01,2011-04-30,6
3513504,Cubatão,SP,2012,760.36,22.85,243,2011-09-01,2012-04-30,13
3513504,Cubatão,SP,2013,906.25,23.77,242,2012-09-01,2013-04-30,16
3513504,Cubatão,SP,2014,731.37,23.91,242,2013-09-01,2014-04-30,15
3513504,Cubatão,SP,2015,705.47,24.2,242,2014-09-01,2015-04-30,14
3513504,Cubatão,SP,2016,1221.89,24.48,243,2015-09-01,2016-04-30,25
3513504,Cubatão,SP,2017,982.71,23.76,242,2016-09-01,2017-04-30,11
3513504,Cubatão,SP,2018,803.52,23.93,242,2017-09-01,2018-04-30,27
3513504,Cubatão,SP,2019,994.81,24.52,242,2018-09-01,2019-04-30,8
3513504,Cubatão,SP,2020,949.7,23.41,243,2019-09-01,2020-04-30,13
3513504,Cubatão,SP,2021,1079.4,23.98,242,2020-09-01,2021-04-30,19
3513504,Cubatão,SP,2022,884.17,23.5,242,2021-09-01,2022-04-30,12
3513504,Cubatão,SP,2023,1233.21,23.34,242,2022-09-01,2023-04-30,11
3513504,Cubatão,SP,2024,1098.21,24.82,243,2023-09-01,2024-04-30,12
3513504,Cubatão,SP,2025,1026.79,24.21,242,2024-09-01,2025-04-30,18
3513504,Cubatão,SP,2026,688.76,23.9,242,2025-09-01,2026-04-30,22
3513603,Cunha,SP,2010,1524.1,21.31,242,2009-09-01,2010-04-30,12
3513603,Cunha,SP,2011,1407.82,20.75,242,2010-09-01,2011-04-30,11
3513603,Cunha,SP,2012,1045.87,20.28,243,2011-09-01,2012-04-30,13
3513603,Cunha,SP,2013,1144.67,21.12,242,2012-09-01,2013-04-30,16
3513603,Cunha,SP,2014,860.5,21.35,242,2013-09-01,2014-04-30,20
3513603,Cunha,SP,2015,789.52,21.7,242,2014-09-01,2015-04-30,15
3513603,Cunha,SP,2016,1303.96,22.03,243,2015-09-01,2016-04-30,24
3513603,Cunha,SP,2017,1206.04,20.77,242,2016-09-01,2017-04-30,15
3513603,Cunha,SP,2018,1149.53,21.13,242,2017-09-01,2018-04-30,26
3513603,Cunha,SP,2019,1383.66,21.33,242,2018-09-01,2019-04-30,8
3513603,Cunha,SP,2020,901.62,21.04,243,2019-09-01,2020-04-30,14
3513603,Cunha,SP,2021,982.13,21.56,242,2020-09-01,2021-04-30,19
3513603,Cunha,SP,2022,1003.25,21.07,242,2021-09-01,2022-04-30,10
3513603,Cunha,SP,2023,1257.81,20.46,242,2022-09-01,2023-04-30,7
3513603,Cunha,SP,2024,986.21,22.79,243,2023-09-01,2024-04-30,10
3513603,Cunha,SP,2025,902.17,22.15,242,2024-09-01,2025-04-30,19
3513603,Cunha,SP,2026,754.78,21.51,242,2025-09-01,2026-04-30,17
3513702,Descalvado,SP,2010,1326.05,22.99,242,2009-09-01,2010-04-30,16
3513702,Descalvado,SP,2011,1088.56,23.48,242,2010-09-01,2011-04-30,13
3513702,Descalvado,SP,2012,971.16,23.36,243,2011-09-01,2012-04-30,16
3513702,Descalvado,SP,2013,1187.62,23.47,242,2012-09-01,2013-04-30,19
3513702,Descalvado,SP,2014,724.26,24.28,242,2013-09-01,2014-04-30,13
3513702,Descalvado,SP,2015,992.76,23.85,242,2014-09-01,2015-04-30,19
3513702,Descalvado,SP,2016,1286.2,24.0,243,2015-09-01,2016-04-30,28
3513702,Descalvado,SP,2017,905.04,23.4,242,2016-09-01,2017-04-30,16
3513702,Descalvado,SP,2018,908.81,23.97,242,2017-09-01,2018-04-30,28
3513702,Descalvado,SP,2019,1094.55,23.68,242,2018-09-01,2019-04-30,13
3513702,Descalvado,SP,2020,1036.59,23.98,243,2019-09-01,2020-04-30,19
3513702,Descalvado,SP,2021,620.13,25.04,242,2020-09-01,2021-04-30,18
3513702,Descalvado,SP,2022,1086.21,23.73,242,2021-09-01,2022-04-30,15
3513702,Descalvado,SP,2023,1268.02,22.7,242,2022-09-01,2023-04-30,7
3513702,Descalvado,SP,2024,782.98,26.26,243,2023-09-01,2024-04-30,12
3513702,Descalvado,SP,2025,785.86,25.28,242,2024-09-01,2025-04-30,18
3513702,Descalvado,SP,2026,872.0,24.14,242,2025-09-01,2026-04-30,21
3513850,Dirce Reis,SP,2010,1346.18,25.27,242,2009-09-01,2010-04-30,25
3513850,Dirce Reis,SP,2011,1462.0,25.57,242,2010-09-01,2011-04-30,23
3513850,Dirce Reis,SP,2012,903.31,25.89,243,2011-09-01,2012-04-30,11
3513850,Dirce Reis,SP,2013,980.99,26.22,242,2012-09-01,2013-04-30,18
3513850,Dirce Reis,SP,2014,821.59,26.6,242,2013-09-01,2014-04-30,14
3513850,Dirce Reis,SP,2015,1119.3,26.19,242,2014-09-01,2015-04-30,17
3513850,Dirce Reis,SP,2016,1259.66,26.28,243,2015-09-01,2016-04-30,30
3513850,Dirce Reis,SP,2017,1096.46,25.39,242,2016-09-01,2017-04-30,13
3513850,Dirce Reis,SP,2018,1157.68,25.87,242,2017-09-01,2018-04-30,28
3513850,Dirce Reis,SP,2019,998.87,26.61,242,2018-09-01,2019-04-30,14
3513850,Dirce Reis,SP,2020,942.26,27.01,243,2019-09-01,2020-04-30,17
3513850,Dirce Reis,SP,2021,489.72,28.4,242,2020-09-01,2021-04-30,18
3513850,Dirce Reis,SP,2022,972.46,26.75,242,2021-09-01,2022-04-30,16
3513850,Dirce Reis,SP,2023,1070.0,25.59,242,2022-09-01,2023-04-30,9
3513850,Dirce Reis,SP,2024,782.78,29.3,243,2023-09-01,2024-04-30,14
3513850,Dirce Reis,SP,2025,805.05,27.93,242,2024-09-01,2025-04-30,22
3513850,Dirce Reis,SP,2026,778.93,27.5,242,2025-09-01,2026-04-30,21
3513900,Divinolândia,SP,2010,1278.91,22.23,242,2009-09-01,2010-04-30,16
3513900,Divinolândia,SP,2011,1309.44,22.4,242,2010-09-01,2011-04-30,12
3513900,Divinolândia,SP,2012,1054.93,22.18,243,2011-09-01,2012-04-30,20
3513900,Divinolândia,SP,2013,1275.59,22.5,242,2012-09-01,2013-04-30,19
3513900,Divinolândia,SP,2014,700.34,23.3,242,2013-09-01,2014-04-30,13
3513900,Divinolândia,SP,2015,1010.26,23.01,242,2014-09-01,2015-04-30,18
3513900,Divinolândia,SP,2016,1298.81,23.21,243,2015-09-01,2016-04-30,26
3513900,Divinolândia,SP,2017,906.53,22.64,242,2016-09-01,2017-04-30,20
3513900,Divinolândia,SP,2018,994.84,22.86,242,2017-09-01,2018-04-30,26
3513900,Divinolândia,SP,2019,1186.24,22.81,242,2018-09-01,2019-04-30,13
3513900,Divinolândia,SP,2020,1067.18,23.14,243,2019-09-01,2020-04-30,18
3513900,Divinolândia,SP,2021,650.57,23.85,242,2020-09-01,2021-04-30,18
3513900,Divinolândia,SP,2022,1145.97,22.81,242,2021-09-01,2022-04-30,16
3513900,Divinolândia,SP,2023,1312.42,22.01,242,2022-09-01,2023-04-30,7
3513900,Divinolândia,SP,2024,813.84,25.11,243,2023-09-01,2024-04-30,12
3513900,Divinolândia,SP,2025,874.58,24.13,242,2024-09-01,2025-04-30,18
3513900,Divinolândia,SP,2026,918.9,23.06,242,2025-09-01,2026-04-30,21
3514007,Dobrada,SP,2010,1209.17,23.56,242,2009-09-01,2010-04-30,16
3514007,Dobrada,SP,2011,1191.52,23.92,242,2010-09-01,2011-04-30,12
3514007,Dobrada,SP,2012,1000.27,23.86,243,2011-09-01,2012-04-30,16
3514007,Dobrada,SP,2013,1104.44,24.11,242,2012-09-01,2013-04-30,19
3514007,Dobrada,SP,2014,726.02,24.86,242,2013-09-01,2014-04-30,11
3514007,Dobrada,SP,2015,896.63,24.61,242,2014-09-01,2015-04-30,19
3514007,Dobrada,SP,2016,1279.62,24.56,243,2015-09-01,2016-04-30,27
3514007,Dobrada,SP,2017,901.64,23.94,242,2016-09-01,2017-04-30,12
3514007,Dobrada,SP,2018,966.68,24.5,242,2017-09-01,2018-04-30,28
3514007,Dobrada,SP,2019,1053.47,24.37,242,2018-09-01,2019-04-30,14
3514007,Dobrada,SP,2020,988.92,24.73,243,2019-09-01,2020-04-30,18
3514007,Dobrada,SP,2021,501.23,25.99,242,2020-09-01,2021-04-30,19
3514007,Dobrada,SP,2022,928.43,24.68,242,2021-09-01,2022-04-30,16
3514007,Dobrada,SP,2023,1045.32,23.58,242,2022-09-01,2023-04-30,9
3514007,Dobrada,SP,2024,666.56,27.26,243,2023-09-01,2024-04-30,12
3514007,Dobrada,SP,2025,885.2,25.77,242,2024-09-01,2025-04-30,19
3514007,Dobrada,SP,2026,902.44,24.76,242,2025-09-01,2026-04-30,20
3514106,Dois Córregos,SP,2010,1321.42,23.34,242,2009-09-01,2010-04-30,16
3514106,Dois Córregos,SP,2011,1062.18,23.38,242,2010-09-01,2011-04-30,17
3514106,Dois Córregos,SP,2012,937.64,23.35,243,2011-09-01,2012-04-30,16
3514106,Dois Córregos,SP,2013,1167.92,23.69,242,2012-09-01,2013-04-30,19
3514106,Dois Córregos,SP,2014,713.61,24.05,242,2013-09-01,2014-04-30,12
3514106,Dois Córregos,SP,2015,929.95,24.2,242,2014-09-01,2015-04-30,17
3514106,Dois Córregos,SP,2016,1313.53,24.32,243,2015-09-01,2016-04-30,29
3514106,Dois Córregos,SP,2017,939.92,23.2,242,2016-09-01,2017-04-30,16
3514106,Dois Córregos,SP,2018,921.66,23.95,242,2017-09-01,2018-04-30,28
3514106,Dois Córregos,SP,2019,991.9,24.12,242,2018-09-01,2019-04-30,14
3514106,Dois Córregos,SP,2020,799.35,24.36,243,2019-09-01,2020-04-30,16
3514106,Dois Córregos,SP,2021,487.81,25.21,242,2020-09-01,2021-04-30,21
3514106,Dois Córregos,SP,2022,946.13,24.17,242,2021-09-01,2022-04-30,16
3514106,Dois Córregos,SP,2023,949.0,23.15,242,2022-09-01,2023-04-30,9
3514106,Dois Córregos,SP,2024,637.02,26.48,243,2023-09-01,2024-04-30,12
3514106,Dois Córregos,SP,2025,677.21,25.41,242,2024-09-01,2025-04-30,15
3514106,Dois Córregos,SP,2026,717.36,24.56,242,2025-09-01,2026-04-30,20
3514205,Dolcinópolis,SP,2010,1468.55,25.4,242,2009-09-01,2010-04-30,26
3514205,Dolcinópolis,SP,2011,1502.98,25.74,242,2010-09-01,2011-04-30,23
3514205,Dolcinópolis,SP,2012,945.27,26.18,243,2011-09-01,2012-04-30,18
3514205,Dolcinópolis,SP,2013,995.03,26.42,242,2012-09-01,2013-04-30,18
3514205,Dolcinópolis,SP,2014,834.82,26.72,242,2013-09-01,2014-04-30,12
3514205,Dolcinópolis,SP,2015,1124.29,26.27,242,2014-09-01,2015-04-30,16
3514205,Dolcinópolis,SP,2016,1120.91,26.75,243,2015-09-01,2016-04-30,23
3514205,Dolcinópolis,SP,2017,1130.85,25.65,242,2016-09-01,2017-04-30,13
3514205,Dolcinópolis,SP,2018,1130.61,26.16,242,2017-09-01,2018-04-30,28
3514205,Dolcinópolis,SP,2019,1083.96,26.57,242,2018-09-01,2019-04-30,13
3514205,Dolcinópolis,SP,2020,917.22,27.21,243,2019-09-01,2020-04-30,17
3514205,Dolcinópolis,SP,2021,535.28,28.32,242,2020-09-01,2021-04-30,20
3514205,Dolcinópolis,SP,2022,1052.6,26.79,242,2021-09-01,2022-04-30,16
3514205,Dolcinópolis,SP,2023,1222.73,25.72,242,2022-09-01,2023-04-30,9
3514205,Dolcinópolis,SP,2024,761.74,29.44,243,2023-09-01,2024-04-30,14
3514205,Dolcinópolis,SP,2025,751.1,28.16,242,2024-09-01,2025-04-30,39
3514205,Dolcinópolis,SP,2026,739.06,27.73,242,2025-09-01,2026-04-30,21
3514304,Dourado,SP,2010,1281.96,22.97,242,2009-09-01,2010-04-30,16
3514304,Dourado,SP,2011,1109.39,23.33,242,2010-09-01,2011-04-30,12
3514304,Dourado,SP,2012,957.52,23.23,243,2011-09-01,2012-04-30,16
3514304,Dourado,SP,2013,1160.37,23.51,242,2012-09-01,2013-04-30,19
3514304,Dourado,SP,2014,729.3,24.04,242,2013-09-01,2014-04-30,11
3514304,Dourado,SP,2015,948.6,23.92,242,2014-09-01,2015-04-30,19
3514304,Dourado,SP,2016,1302.13,24.0,243,2015-09-01,2016-04-30,28
3514304,Dourado,SP,2017,953.32,23.05,242,2016-09-01,2017-04-30,16
3514304,Dourado,SP,2018,913.57,23.9,242,2017-09-01,2018-04-30,28
3514304,Dourado,SP,2019,999.31,23.85,242,2018-09-01,2019-04-30,14
3514304,Dourado,SP,2020,878.69,24.28,243,2019-09-01,2020-04-30,18
3514304,Dourado,SP,2021,471.48,25.33,242,2020-09-01,2021-04-30,21
3514304,Dourado,SP,2022,930.33,24.04,242,2021-09-01,2022-04-30,16
3514304,Dourado,SP,2023,969.43,23.01,242,2022-09-01,2023-04-30,9
3514304,Dourado,SP,2024,617.83,26.63,243,2023-09-01,2024-04-30,12
3514304,Dourado,SP,2025,789.62,25.2,242,2024-09-01,2025-04-30,19
3514304,Dourado,SP,2026,801.21,24.29,242,2025-09-01,2026-04-30,21
3514403,Dracena,SP,2010,1472.38,24.95,242,2009-09-01,2010-04-30,15
3514403,Dracena,SP,2011,1267.67,24.97,242,2010-09-01,2011-04-30,16
3514403,Dracena,SP,2012,915.18,25.76,243,2011-09-01,2012-04-30,13
3514403,Dracena,SP,2013,1065.73,25.81,242,2012-09-01,2013-04-30,18
3514403,Dracena,SP,2014,845.39,26.17,242,2013-09-01,2014-04-30,16
3514403,Dracena,SP,2015,1042.1,26.0,242,2014-09-01,2015-04-30,17
3514403,Dracena,SP,2016,1393.34,25.79,243,2015-09-01,2016-04-30,29
3514403,Dracena,SP,2017,910.5,24.83,242,2016-09-01,2017-04-30,13
3514403,Dracena,SP,2018,1221.35,25.37,242,2017-09-01,2018-04-30,28
3514403,Dracena,SP,2019,970.29,26.31,242,2018-09-01,2019-04-30,14
3514403,Dracena,SP,2020,884.76,26.94,243,2019-09-01,2020-04-30,16
3514403,Dracena,SP,2021,538.19,27.83,242,2020-09-01,2021-04-30,26
3514403,Dracena,SP,2022,803.83,27.05,242,2021-09-01,2022-04-30,10
3514403,Dracena,SP,2023,1073.98,25.11,242,2022-09-01,2023-04-30,9
3514403,Dracena,SP,2024,716.88,29.16,243,2023-09-01,2024-04-30,16
3514403,Dracena,SP,2025,828.87,27.81,242,2024-09-01,2025-04-30,15
3514403,Dracena,SP,2026,766.96,27.21,242,2025-09-01,2026-04-30,20
3514502,Duartina,SP,2010,1172.45,23.51,242,2009-09-01,2010-04-30,16
3514502,Duartina,SP,2011,966.96,23.52,242,2010-09-01,2011-04-30,16
3514502,Duartina,SP,2012,797.35,23.82,243,2011-09-01,2012-04-30,16
3514502,Duartina,SP,2013,1026.73,23.89,242,2012-09-01,2013-04-30,18
3514502,Duartina,SP,2014,741.38,24.14,242,2013-09-01,2014-04-30,12
3514502,Duartina,SP,2015,975.27,24.1,242,2014-09-01,2015-04-30,18
3514502,Duartina,SP,2016,1463.2,24.06,243,2015-09-01,2016-04-30,29
3514502,Duartina,SP,2017,957.46,23.01,242,2016-09-01,2017-04-30,13
3514502,Duartina,SP,2018,1007.72,23.81,242,2017-09-01,2018-04-30,28
3514502,Duartina,SP,2019,987.54,24.24,242,2018-09-01,2019-04-30,14
3514502,Duartina,SP,2020,772.47,24.74,243,2019-09-01,2020-04-30,17
3514502,Duartina,SP,2021,629.64,24.96,242,2020-09-01,2021-04-30,16
3514502,Duartina,SP,2022,940.53,24.29,242,2021-09-01,2022-04-30,10
3514502,Duartina,SP,2023,971.35,23.11,242,2022-09-01,2023-04-30,9
3514502,Duartina,SP,2024,667.7,26.55,243,2023-09-01,2024-04-30,12
3514502,Duartina,SP,2025,686.26,25.51,242,2024-09-01,2025-04-30,23
3514502,Duartina,SP,2026,766.53,24.56,242,2025-09-01,2026-04-30,20
3514601,Dumont,SP,2010,1229.92,24.15,242,2009-09-01,2010-04-30,17
3514601,Dumont,SP,2011,1293.38,24.29,242,2010-09-01,2011-04-30,12
3514601,Dumont,SP,2012,1054.26,24.32,243,2011-09-01,2012-04-30,16
3514601,Dumont,SP,2013,1120.66,24.65,242,2012-09-01,2013-04-30,19
3514601,Dumont,SP,2014,802.92,25.21,242,2013-09-01,2014-04-30,11
3514601,Dumont,SP,2015,933.1,25.15,242,2014-09-01,2015-04-30,21
3514601,Dumont,SP,2016,1331.84,25.12,243,2015-09-01,2016-04-30,25
3514601,Dumont,SP,2017,940.59,24.62,242,2016-09-01,2017-04-30,12
3514601,Dumont,SP,2018,1081.33,24.93,242,2017-09-01,2018-04-30,27
3514601,Dumont,SP,2019,1134.11,24.87,242,2018-09-01,2019-04-30,16
3514601,Dumont,SP,2020,1073.79,25.24,243,2019-09-01,2020-04-30,18
3514601,Dumont,SP,2021,570.11,26.39,242,2020-09-01,2021-04-30,20
3514601,Dumont,SP,2022,1065.97,25.06,242,2021-09-01,2022-04-30,15
3514601,Dumont,SP,2023,1257.48,24.04,242,2022-09-01,2023-04-30,9
3514601,Dumont,SP,2024,800.27,27.54,243,2023-09-01,2024-04-30,12
3514601,Dumont,SP,2025,971.9,26.3,242,2024-09-01,2025-04-30,19
3514601,Dumont,SP,2026,1029.38,25.17,242,2025-09-01,2026-04-30,22
3514700,Echaporã,SP,2010,1415.64,23.51,242,2009-09-01,2010-04-30,16
3514700,Echaporã,SP,2011,1030.23,23.6,242,2010-09-01,2011-04-30,16
3514700,Echaporã,SP,2012,764.12,24.32,243,2011-09-01,2012-04-30,13
3514700,Echaporã,SP,2013,962.4,24.23,242,2012-09-01,2013-04-30,18
3514700,Echaporã,SP,2014,891.27,24.22,242,2013-09-01,2014-04-30,15
3514700,Echaporã,SP,2015,1056.3,24.14,242,2014-09-01,2015-04-30,17
3514700,Echaporã,SP,2016,1698.87,24.05,243,2015-09-01,2016-04-30,13
3514700,Echaporã,SP,2017,974.85,23.06,242,2016-09-01,2017-04-30,12
3514700,Echaporã,SP,2018,1196.24,23.8,242,2017-09-01,2018-04-30,28
3514700,Echaporã,SP,2019,1119.78,24.18,242,2018-09-01,2019-04-30,14
3514700,Echaporã,SP,2020,896.41,24.94,243,2019-09-01,2020-04-30,17
3514700,Echaporã,SP,2021,697.17,25.19,242,2020-09-01,2021-04-30,20
3514700,Echaporã,SP,2022,931.0,24.71,242,2021-09-01,2022-04-30,16
3514700,Echaporã,SP,2023,1245.37,22.99,242,2022-09-01,2023-04-30,9
3514700,Echaporã,SP,2024,793.9,26.79,243,2023-09-01,2024-04-30,14
3514700,Echaporã,SP,2025,761.54,25.84,242,2024-09-01,2025-04-30,14
3514700,Echaporã,SP,2026,926.12,24.75,242,2025-09-01,2026-04-30,20
3514809,Eldorado,SP,2010,1876.26,22.5,242,2009-09-01,2010-04-30,10
3514809,Eldorado,SP,2011,1204.64,21.72,242,2010-09-01,2011-04-30,8
3514809,Eldorado,SP,2012,939.16,21.75,243,2011-09-01,2012-04-30,11
3514809,Eldorado,SP,2013,1032.74,22.41,242,2012-09-01,2013-04-30,13
3514809,Eldorado,SP,2014,1007.78,22.5,242,2013-09-01,2014-04-30,17
3514809,Eldorado,SP,2015,1277.87,22.88,242,2014-09-01,2015-04-30,13
3514809,Eldorado,SP,2016,1586.0,22.91,243,2015-09-01,2016-04-30,12
3514809,Eldorado,SP,2017,1064.28,22.07,242,2016-09-01,2017-04-30,11
3514809,Eldorado,SP,2018,1252.89,22.47,242,2017-09-01,2018-04-30,27
3514809,Eldorado,SP,2019,1381.46,22.91,242,2018-09-01,2019-04-30,8
3514809,Eldorado,SP,2020,968.42,22.04,243,2019-09-01,2020-04-30,13
3514809,Eldorado,SP,2021,906.46,22.92,242,2020-09-01,2021-04-30,13
3514809,Eldorado,SP,2022,1132.03,22.3,242,2021-09-01,2022-04-30,12
3514809,Eldorado,SP,2023,1315.95,21.65,242,2022-09-01,2023-04-30,10
3514809,Eldorado,SP,2024,1083.38,23.93,243,2023-09-01,2024-04-30,11
3514809,Eldorado,SP,2025,855.92,23.51,242,2024-09-01,2025-04-30,8
3514809,Eldorado,SP,2026,790.32,23.21,242,2025-09-01,2026-04-30,18
3514908,Elias Fausto,SP,2010,1443.1,22.87,242,2009-09-01,2010-04-30,14
3514908,Elias Fausto,SP,2011,1109.65,22.87,242,2010-09-01,2011-04-30,14
3514908,Elias Fausto,SP,2012,925.98,23.0,243,2011-09-01,2012-04-30,22
3514908,Elias Fausto,SP,2013,1093.02,23.28,242,2012-09-01,2013-04-30,19
3514908,Elias Fausto,SP,2014,688.23,23.98,242,2013-09-01,2014-04-30,12
3514908,Elias Fausto,SP,2015,885.74,23.87,242,2014-09-01,2015-04-30,17
3514908,Elias Fausto,SP,2016,1259.92,23.88,243,2015-09-01,2016-04-30,27
3514908,Elias Fausto,SP,2017,1009.69,22.97,242,2016-09-01,2017-04-30,16
3514908,Elias Fausto,SP,2018,877.03,23.6,242,2017-09-01,2018-04-30,28
3514908,Elias Fausto,SP,2019,1143.22,23.61,242,2018-09-01,2019-04-30,14
3514908,Elias Fausto,SP,2020,999.25,23.59,243,2019-09-01,2020-04-30,16
3514908,Elias Fausto,SP,2021,590.56,24.63,242,2020-09-01,2021-04-30,21
3514908,Elias Fausto,SP,2022,921.43,23.75,242,2021-09-01,2022-04-30,14
3514908,Elias Fausto,SP,2023,1143.79,22.48,242,2022-09-01,2023-04-30,9
3514908,Elias Fausto,SP,2024,780.23,25.89,243,2023-09-01,2024-04-30,12
3514908,Elias Fausto,SP,2025,698.98,25.04,242,2024-09-01,2025-04-30,17
3514908,Elias Fausto,SP,2026,733.68,24.31,242,2025-09-01,2026-04-30,20
3514924,Elisiário,SP,2010,1105.87,24.68,242,2009-09-01,2010-04-30,17
3514924,Elisiário,SP,2011,1214.77,25.07,242,2010-09-01,2011-04-30,16
3514924,Elisiário,SP,2012,872.96,25.22,243,2011-09-01,2012-04-30,14
3514924,Elisiário,SP,2013,1027.94,25.45,242,2012-09-01,2013-04-30,16
3514924,Elisiário,SP,2014,828.87,25.71,242,2013-09-01,2014-04-30,16
3514924,Elisiário,SP,2015,836.03,25.94,242,2014-09-01,2015-04-30,19
3514924,Elisiário,SP,2016,1208.83,25.66,243,2015-09-01,2016-04-30,28
3514924,Elisiário,SP,2017,897.37,25.01,242,2016-09-01,2017-04-30,13
3514924,Elisiário,SP,2018,992.26,25.51,242,2017-09-01,2018-04-30,28
3514924,Elisiário,SP,2019,943.31,25.91,242,2018-09-01,2019-04-30,15
3514924,Elisiário,SP,2020,948.71,26.18,243,2019-09-01,2020-04-30,16
3514924,Elisiário,SP,2021,648.53,27.03,242,2020-09-01,2021-04-30,18
3514924,Elisiário,SP,2022,1070.52,25.65,242,2021-09-01,2022-04-30,16
3514924,Elisiário,SP,2023,1019.01,24.81,242,2022-09-01,2023-04-30,7
3514924,Elisiário,SP,2024,642.35,28.83,243,2023-09-01,2024-04-30,16
3514924,Elisiário,SP,2025,840.27,27.01,242,2024-09-01,2025-04-30,23
3514924,Elisiário,SP,2026,871.3,26.24,242,2025-09-01,2026-04-30,20
3514957,Embaúba,SP,2010,1105.13,24.36,242,2009-09-01,2010-04-30,17
3514957,Embaúba,SP,2011,1208.26,24.68,242,2010-09-01,2011-04-30,16
3514957,Embaúba,SP,2012,933.34,24.79,243,2011-09-01,2012-04-30,14
3514957,Embaúba,SP,2013,1041.74,24.98,242,2012-09-01,2013-04-30,16
3514957,Embaúba,SP,2014,860.18,25.31,242,2013-09-01,2014-04-30,11
3514957,Embaúba,SP,2015,823.63,25.55,242,2014-09-01,2015-04-30,18
3514957,Embaúba,SP,2016,1206.26,25.27,243,2015-09-01,2016-04-30,28
3514957,Embaúba,SP,2017,905.05,24.75,242,2016-09-01,2017-04-30,13
3514957,Embaúba,SP,2018,963.54,25.21,242,2017-09-01,2018-04-30,28
3514957,Embaúba,SP,2019,945.9,25.45,242,2018-09-01,2019-04-30,15
3514957,Embaúba,SP,2020,920.4,25.78,243,2019-09-01,2020-04-30,22
3514957,Embaúba,SP,2021,609.43,26.65,242,2020-09-01,2021-04-30,18
3514957,Embaúba,SP,2022,1042.52,25.32,242,2021-09-01,2022-04-30,16
3514957,Embaúba,SP,2023,1038.05,24.47,242,2022-09-01,2023-04-30,11
3514957,Embaúba,SP,2024,661.64,28.29,243,2023-09-01,2024-04-30,13
3514957,Embaúba,SP,2025,869.1,26.62,242,2024-09-01,2025-04-30,39
3514957,Embaúba,SP,2026,904.03,25.7,242,2025-09-01,2026-04-30,20
3515004,Embu das Artes,SP,2010,1666.75,21.09,242,2009-09-01,2010-04-30,12
3515004,Embu das Artes,SP,2011,1464.75,20.61,242,2010-09-01,2011-04-30,11
3515004,Embu das Artes,SP,2012,924.14,20.5,243,2011-09-01,2012-04-30,13
3515004,Embu das Artes,SP,2013,1098.88,21.22,242,2012-09-01,2013-04-30,16
3515004,Embu das Artes,SP,2014,769.94,21.63,242,2013-09-01,2014-04-30,14
3515004,Embu das Artes,SP,2015,854.33,21.79,242,2014-09-01,2015-04-30,16
3515004,Embu das Artes,SP,2016,1250.66,22.01,243,2015-09-01,2016-04-30,26
3515004,Embu das Artes,SP,2017,1090.54,20.97,242,2016-09-01,2017-04-30,13
3515004,Embu das Artes,SP,2018,791.1,21.55,242,2017-09-01,2018-04-30,28
3515004,Embu das Artes,SP,2019,1156.14,21.76,242,2018-09-01,2019-04-30,8
3515004,Embu das Artes,SP,2020,1119.16,21.26,243,2019-09-01,2020-04-30,12
3515004,Embu das Artes,SP,2021,691.92,21.98,242,2020-09-01,2021-04-30,19
3515004,Embu das Artes,SP,2022,1015.37,21.37,242,2021-09-01,2022-04-30,12
3515004,Embu das Artes,SP,2023,1308.23,20.46,242,2022-09-01,2023-04-30,7
3515004,Embu das Artes,SP,2024,894.85,23.27,243,2023-09-01,2024-04-30,13
3515004,Embu das Artes,SP,2025,775.9,22.58,242,2024-09-01,2025-04-30,14
3515004,Embu das Artes,SP,2026,754.23,21.95,242,2025-09-01,2026-04-30,20
3515103,Embu-Guaçu,SP,2010,1778.05,22.2,242,2009-09-01,2010-04-30,11
3515103,Embu-Guaçu,SP,2011,1565.84,21.4,242,2010-09-01,2011-04-30,6
3515103,Embu-Guaçu,SP,2012,827.45,21.1,243,2011-09-01,2012-04-30,13
3515103,Embu-Guaçu,SP,2013,1013.04,21.99,242,2012-09-01,2013-04-30,16
3515103,Embu-Guaçu,SP,2014,784.49,22.19,242,2013-09-01,2014-04-30,13
3515103,Embu-Guaçu,SP,2015,787.93,22.66,242,2014-09-01,2015-04-30,14
3515103,Embu-Guaçu,SP,2016,1353.6,22.76,243,2015-09-01,2016-04-30,25
3515103,Embu-Guaçu,SP,2017,1093.38,21.79,242,2016-09-01,2017-04-30,12
3515103,Embu-Guaçu,SP,2018,852.22,22.13,242,2017-09-01,2018-04-30,27
3515103,Embu-Guaçu,SP,2019,1140.62,22.63,242,2018-09-01,2019-04-30,8
3515103,Embu-Guaçu,SP,2020,1062.26,21.75,243,2019-09-01,2020-04-30,12
3515103,Embu-Guaçu,SP,2021,807.26,22.4,242,2020-09-01,2021-04-30,14
3515103,Embu-Guaçu,SP,2022,1044.54,21.9,242,2021-09-01,2022-04-30,12
3515103,Embu-Guaçu,SP,2023,1362.27,21.31,242,2022-09-01,2023-04-30,7
3515103,Embu-Guaçu,SP,2024,1000.2,23.45,243,2023-09-01,2024-04-30,11
3515103,Embu-Guaçu,SP,2025,858.95,22.95,242,2024-09-01,2025-04-30,14
3515103,Embu-Guaçu,SP,2026,725.15,22.5,242,2025-09-01,2026-04-30,20
3515129,Emilianópolis,SP,2010,1570.07,24.33,242,2009-09-01,2010-04-30,15
3515129,Emilianópolis,SP,2011,1251.02,24.48,242,2010-09-01,2011-04-30,16
3515129,Emilianópolis,SP,2012,871.98,25.57,243,2011-09-01,2012-04-30,12
3515129,Emilianópolis,SP,2013,1067.01,25.38,242,2012-09-01,2013-04-30,18
3515129,Emilianópolis,SP,2014,945.92,25.47,242,2013-09-01,2014-04-30,16
3515129,Emilianópolis,SP,2015,1057.46,25.39,242,2014-09-01,2015-04-30,17
3515129,Emilianópolis,SP,2016,1495.66,25.08,243,2015-09-01,2016-04-30,29
3515129,Emilianópolis,SP,2017,865.02,24.47,242,2016-09-01,2017-04-30,13
3515129,Emilianópolis,SP,2018,1219.68,24.87,242,2017-09-01,2018-04-30,28
3515129,Emilianópolis,SP,2019,1001.07,25.7,242,2018-09-01,2019-04-30,14
3515129,Emilianópolis,SP,2020,883.99,26.4,243,2019-09-01,2020-04-30,16
3515129,Emilianópolis,SP,2021,657.07,26.82,242,2020-09-01,2021-04-30,27
3515129,Emilianópolis,SP,2022,829.39,26.4,242,2021-09-01,2022-04-30,10
3515129,Emilianópolis,SP,2023,1164.8,24.3,242,2022-09-01,2023-04-30,9
3515129,Emilianópolis,SP,2024,746.71,28.55,243,2023-09-01,2024-04-30,16
3515129,Emilianópolis,SP,2025,809.03,27.24,242,2024-09-01,2025-04-30,14
3515129,Emilianópolis,SP,2026,881.23,26.36,242,2025-09-01,2026-04-30,20
3515152,Engenheiro Coelho,SP,2010,1382.37,22.86,242,2009-09-01,2010-04-30,16
3515152,Engenheiro Coelho,SP,2011,1038.21,23.14,242,2010-09-01,2011-04-30,15
3515152,Engenheiro Coelho,SP,2012,986.17,23.06,243,2011-09-01,2012-04-30,20
3515152,Engenheiro Coelho,SP,2013,1151.87,23.29,242,2012-09-01,2013-04-30,19
3515152,Engenheiro Coelho,SP,2014,711.25,23.97,242,2013-09-01,2014-04-30,12
3515152,Engenheiro Coelho,SP,2015,958.89,23.78,242,2014-09-01,2015-04-30,17
3515152,Engenheiro Coelho,SP,2016,1290.07,23.87,243,2015-09-01,2016-04-30,30
3515152,Engenheiro Coelho,SP,2017,1001.31,23.0,242,2016-09-01,2017-04-30,16
3515152,Engenheiro Coelho,SP,2018,915.06,23.68,242,2017-09-01,2018-04-30,28
3515152,Engenheiro Coelho,SP,2019,1116.07,23.53,242,2018-09-01,2019-04-30,14
3515152,Engenheiro Coelho,SP,2020,965.42,23.84,243,2019-09-01,2020-04-30,21
3515152,Engenheiro Coelho,SP,2021,572.88,24.9,242,2020-09-01,2021-04-30,21
3515152,Engenheiro Coelho,SP,2022,938.29,23.81,242,2021-09-01,2022-04-30,16
3515152,Engenheiro Coelho,SP,2023,1136.16,22.62,242,2022-09-01,2023-04-30,9
3515152,Engenheiro Coelho,SP,2024,788.72,26.01,243,2023-09-01,2024-04-30,12
3515152,Engenheiro Coelho,SP,2025,766.93,25.02,242,2024-09-01,2025-04-30,16
3515152,Engenheiro Coelho,SP,2026,827.65,24.15,242,2025-09-01,2026-04-30,20
3515186,Espírito Santo do Pinhal,SP,2010,1355.16,22.51,242,2009-09-01,2010-04-30,16
3515186,Espírito Santo do Pinhal,SP,2011,1233.21,22.8,242,2010-09-01,2011-04-30,12
3515186,Espírito Santo do Pinhal,SP,2012,1121.99,22.52,243,2011-09-01,2012-04-30,20
3515186,Espírito Santo do Pinhal,SP,2013,1302.62,22.78,242,2012-09-01,2013-04-30,19
3515186,Espírito Santo do Pinhal,SP,2014,763.68,23.58,242,2013-09-01,2014-04-30,13
3515186,Espírito Santo do Pinhal,SP,2015,997.91,23.32,242,2014-09-01,2015-04-30,18
3515186,Espírito Santo do Pinhal,SP,2016,1285.36,23.54,243,2015-09-01,2016-04-30,28
3515186,Espírito Santo do Pinhal,SP,2017,920.22,22.95,242,2016-09-01,2017-04-30,16
3515186,Espírito Santo do Pinhal,SP,2018,944.36,23.32,242,2017-09-01,2018-04-30,28
3515186,Espírito Santo do Pinhal,SP,2019,1126.26,23.15,242,2018-09-01,2019-04-30,14
3515186,Espírito Santo do Pinhal,SP,2020,1037.72,23.46,243,2019-09-01,2020-04-30,19
3515186,Espírito Santo do Pinhal,SP,2021,648.85,24.27,242,2020-09-01,2021-04-30,18
3515186,Espírito Santo do Pinhal,SP,2022,1052.55,23.25,242,2021-09-01,2022-04-30,15
3515186,Espírito Santo do Pinhal,SP,2023,1255.48,22.27,242,2022-09-01,2023-04-30,7
3515186,Espírito Santo do Pinhal,SP,2024,810.97,25.54,243,2023-09-01,2024-04-30,12
3515186,Espírito Santo do Pinhal,SP,2025,827.46,24.57,242,2024-09-01,2025-04-30,18
3515186,Espírito Santo do Pinhal,SP,2026,867.53,23.54,242,2025-09-01,2026-04-30,20
3515194,Espírito Santo do Turvo,SP,2010,1172.45,23.51,242,2009-09-01,2010-04-30,16
3515194,Espírito Santo do Turvo,SP,2011,966.96,23.52,242,2010-09-01,2011-04-30,16
3515194,Espírito Santo do Turvo,SP,2012,797.35,23.82,243,2011-09-01,2012-04-30,16
3515194,Espírito Santo do Turvo,SP,2013,1026.73,23.89,242,2012-09-01,2013-04-30,18
3515194,Espírito Santo do Turvo,SP,2014,741.38,24.14,242,2013-09-01,2014-04-30,12
3515194,Espírito Santo do Turvo,SP,2015,975.27,24.1,242,2014-09-01,2015-04-30,18
3515194,Espírito Santo do Turvo,SP,2016,1463.2,24.06,243,2015-09-01,2016-04-30,29
3515194,Espírito Santo do Turvo,SP,2017,957.46,23.01,242,2016-09-01,2017-04-30,13
3515194,Espírito Santo do Turvo,SP,2018,1007.72,23.81,242,2017-09-01,2018-04-30,28
3515194,Espírito Santo do Turvo,SP,2019,987.54,24.24,242,2018-09-01,2019-04-30,14
3515194,Espírito Santo do Turvo,SP,2020,772.47,24.74,243,2019-09-01,2020-04-30,17
3515194,Espírito Santo do Turvo,SP,2021,629.64,24.96,242,2020-09-01,2021-04-30,16
3515194,Espírito Santo do Turvo,SP,2022,940.53,24.29,242,2021-09-01,2022-04-30,10
3515194,Espírito Santo do Turvo,SP,2023,971.35,23.11,242,2022-09-01,2023-04-30,9
3515194,Espírito Santo do Turvo,SP,2024,667.7,26.55,243,2023-09-01,2024-04-30,12
3515194,Espírito Santo do Turvo,SP,2025,686.26,25.51,242,2024-09-01,2025-04-30,23
3515194,Espírito Santo do Turvo,SP,2026,766.53,24.56,242,2025-09-01,2026-04-30,20
3515202,Estrela d'Oeste,SP,2010,1346.18,25.27,242,2009-09-01,2010-04-30,25
3515202,Estrela d'Oeste,SP,2011,1462.0,25.57,242,2010-09-01,2011-04-30,23
3515202,Estrela d'Oeste,SP,2012,903.31,25.89,243,2011-09-01,2012-04-30,11
3515202,Estrela d'Oeste,SP,2013,980.99,26.22,242,2012-09-01,2013-04-30,18
3515202,Estrela d'Oeste,SP,2014,821.59,26.6,242,2013-09-01,2014-04-30,14
3515202,Estrela d'Oeste,SP,2015,1119.3,26.19,242,2014-09-01,2015-04-30,17
3515202,Estrela d'Oeste,SP,2016,1259.66,26.28,243,2015-09-01,2016-04-30,30
3515202,Estrela d'Oeste,SP,2017,1096.46,25.39,242,2016-09-01,2017-04-30,13
3515202,Estrela d'Oeste,SP,2018,1157.68,25.87,242,2017-09-01,2018-04-30,28
3515202,Estrela d'Oeste,SP,2019,998.87,26.61,242,2018-09-01,2019-04-30,14
3515202,Estrela d'Oeste,SP,2020,942.26,27.01,243,2019-09-01,2020-04-30,17
3515202,Estrela d'Oeste,SP,2021,489.72,28.4,242,2020-09-01,2021-04-30,18
3515202,Estrela d'Oeste,SP,2022,972.46,26.75,242,2021-09-01,2022-04-30,16
3515202,Estrela d'Oeste,SP,2023,1070.0,25.59,242,2022-09-01,2023-04-30,9
3515202,Estrela d'Oeste,SP,2024,782.78,29.3,243,2023-09-01,2024-04-30,14
3515202,Estrela d'Oeste,SP,2025,805.05,27.93,242,2024-09-01,2025-04-30,22
3515202,Estrela d'Oeste,SP,2026,778.93,27.5,242,2025-09-01,2026-04-30,21
3515301,Estrela do Norte,SP,2010,1734.99,24.52,242,2009-09-01,2010-04-30,15
3515301,Estrela do Norte,SP,2011,1344.58,24.46,242,2010-09-01,2011-04-30,16
3515301,Estrela do Norte,SP,2012,857.33,25.43,243,2011-09-01,2012-04-30,12
3515301,Estrela do Norte,SP,2013,1030.35,25.38,242,2012-09-01,2013-04-30,18
3515301,Estrela do Norte,SP,2014,1022.57,25.2,242,2013-09-01,2014-04-30,12
3515301,Estrela do Norte,SP,2015,1000.34,25.44,242,2014-09-01,2015-04-30,12
3515301,Estrela do Norte,SP,2016,1562.58,25.16,243,2015-09-01,2016-04-30,24
3515301,Estrela do Norte,SP,2017,884.19,24.52,242,2016-09-01,2017-04-30,13
3515301,Estrela do Norte,SP,2018,1179.8,25.01,242,2017-09-01,2018-04-30,28
3515301,Estrela do Norte,SP,2019,1004.53,25.66,242,2018-09-01,2019-04-30,11
3515301,Estrela do Norte,SP,2020,839.85,26.28,243,2019-09-01,2020-04-30,16
3515301,Estrela do Norte,SP,2021,700.22,26.21,242,2020-09-01,2021-04-30,19
3515301,Estrela do Norte,SP,2022,842.76,26.21,242,2021-09-01,2022-04-30,10
3515301,Estrela do Norte,SP,2023,1164.78,24.19,242,2022-09-01,2023-04-30,9
3515301,Estrela do Norte,SP,2024,750.1,28.17,243,2023-09-01,2024-04-30,16
3515301,Estrela do Norte,SP,2025,752.36,27.04,242,2024-09-01,2025-04-30,14
3515301,Estrela do Norte,SP,2026,904.81,26.09,242,2025-09-01,2026-04-30,20
3515350,Euclides da Cunha Paulista,SP,2010,1639.24,25.12,242,2009-09-01,2010-04-30,15
3515350,Euclides da Cunha Paulista,SP,2011,1523.03,24.7,242,2010-09-01,2011-04-30,9
3515350,Euclides da Cunha Paulista,SP,2012,821.13,25.56,243,2011-09-01,2012-04-30,13
3515350,Euclides da Cunha Paulista,SP,2013,1067.62,25.73,242,2012-09-01,2013-04-30,18
3515350,Euclides da Cunha Paulista,SP,2014,969.63,25.43,242,2013-09-01,2014-04-30,9
3515350,Euclides da Cunha Paulista,SP,2015,762.5,26.23,242,2014-09-01,2015-04-30,12
3515350,Euclides da Cunha Paulista,SP,2016,1236.05,25.8,243,2015-09-01,2016-04-30,30
3515350,Euclides da Cunha Paulista,SP,2017,850.73,24.97,242,2016-09-01,2017-04-30,13
3515350,Euclides da Cunha Paulista,SP,2018,1014.24,25.46,242,2017-09-01,2018-04-30,28
3515350,Euclides da Cunha Paulista,SP,2019,923.1,26.16,242,2018-09-01,2019-04-30,14
3515350,Euclides da Cunha Paulista,SP,2020,857.59,26.61,243,2019-09-01,2020-04-30,15
3515350,Euclides da Cunha Paulista,SP,2021,646.47,26.49,242,2020-09-01,2021-04-30,24
3515350,Euclides da Cunha Paulista,SP,2022,791.19,26.72,242,2021-09-01,2022-04-30,10
3515350,Euclides da Cunha Paulista,SP,2023,952.81,24.83,242,2022-09-01,2023-04-30,9
3515350,Euclides da Cunha Paulista,SP,2024,669.15,28.49,243,2023-09-01,2024-04-30,17
3515350,Euclides da Cunha Paulista,SP,2025,691.16,27.46,242,2024-09-01,2025-04-30,14
3515350,Euclides da Cunha Paulista,SP,2026,742.55,26.73,242,2025-09-01,2026-04-30,15
3515400,Fartura,SP,2010,1424.47,22.86,242,2009-09-01,2010-04-30,15
3515400,Fartura,SP,2011,1014.71,22.52,242,2010-09-01,2011-04-30,9
3515400,Fartura,SP,2012,848.29,22.79,243,2011-09-01,2012-04-30,13
3515400,Fartura,SP,2013,1028.64,23.09,242,2012-09-01,2013-04-30,17
3515400,Fartura,SP,2014,816.12,23.15,242,2013-09-01,2014-04-30,14
3515400,Fartura,SP,2015,1008.58,23.28,242,2014-09-01,2015-04-30,17
3515400,Fartura,SP,2016,1488.92,23.48,243,2015-09-01,2016-04-30,14
3515400,Fartura,SP,2017,1002.01,22.41,242,2016-09-01,2017-04-30,17
3515400,Fartura,SP,2018,1157.73,22.88,242,2017-09-01,2018-04-30,28
3515400,Fartura,SP,2019,999.22,23.52,242,2018-09-01,2019-04-30,14
3515400,Fartura,SP,2020,785.34,23.63,243,2019-09-01,2020-04-30,18
3515400,Fartura,SP,2021,647.32,23.86,242,2020-09-01,2021-04-30,17
3515400,Fartura,SP,2022,921.19,23.5,242,2021-09-01,2022-04-30,14
3515400,Fartura,SP,2023,1085.7,22.14,242,2022-09-01,2023-04-30,9
3515400,Fartura,SP,2024,718.47,25.29,243,2023-09-01,2024-04-30,15
3515400,Fartura,SP,2025,689.98,24.52,242,2024-09-01,2025-04-30,14
3515400,Fartura,SP,2026,623.97,23.92,242,2025-09-01,2026-04-30,20
3515509,Fernandópolis,SP,2010,1249.82,24.85,242,2009-09-01,2010-04-30,25
3515509,Fernandópolis,SP,2011,1439.63,25.23,242,2010-09-01,2011-04-30,23
3515509,Fernandópolis,SP,2012,883.53,25.49,243,2011-09-01,2012-04-30,14
3515509,Fernandópolis,SP,2013,939.8,25.85,242,2012-09-01,2013-04-30,18
3515509,Fernandópolis,SP,2014,848.61,26.06,242,2013-09-01,2014-04-30,11
3515509,Fernandópolis,SP,2015,1107.87,25.74,242,2014-09-01,2015-04-30,17
3515509,Fernandópolis,SP,2016,1294.34,25.83,243,2015-09-01,2016-04-30,30
3515509,Fernandópolis,SP,2017,1065.05,25.08,242,2016-09-01,2017-04-30,13
3515509,Fernandópolis,SP,2018,1120.02,25.56,242,2017-09-01,2018-04-30,28
3515509,Fernandópolis,SP,2019,960.82,26.24,242,2018-09-01,2019-04-30,15
3515509,Fernandópolis,SP,2020,948.78,26.52,243,2019-09-01,2020-04-30,17
3515509,Fernandópolis,SP,2021,560.35,27.7,242,2020-09-01,2021-04-30,18
3515509,Fernandópolis,SP,2022,1037.8,26.13,242,2021-09-01,2022-04-30,16
3515509,Fernandópolis,SP,2023,1102.21,25.16,242,2022-09-01,2023-04-30,9
3515509,Fernandópolis,SP,2024,776.32,28.86,243,2023-09-01,2024-04-30,16
3515509,Fernandópolis,SP,2025,851.99,27.33,242,2024-09-01,2025-04-30,23
3515509,Fernandópolis,SP,2026,855.97,26.81,242,2025-09-01,2026-04-30,21
3515608,Fernando Prestes,SP,2010,1142.99,24.23,242,2009-09-01,2010-04-30,16
3515608,Fernando Prestes,SP,2011,1139.84,24.66,242,2010-09-01,2011-04-30,16
3515608,Fernando Prestes,SP,2012,801.14,24.97,243,2011-09-01,2012-04-30,15
3515608,Fernando Prestes,SP,2013,1018.28,24.98,242,2012-09-01,2013-04-30,17
3515608,Fernando Prestes,SP,2014,731.94,25.56,242,2013-09-01,2014-04-30,12
3515608,Fernando Prestes,SP,2015,852.83,25.39,242,2014-09-01,2015-04-30,23
3515608,Fernando Prestes,SP,2016,1258.73,25.17,243,2015-09-01,2016-04-30,29
3515608,Fernando Prestes,SP,2017,903.42,24.47,242,2016-09-01,2017-04-30,13
3515608,Fernando Prestes,SP,2018,864.99,25.34,242,2017-09-01,2018-04-30,28
3515608,Fernando Prestes,SP,2019,927.8,25.38,242,2018-09-01,2019-04-30,14
3515608,Fernando Prestes,SP,2020,827.25,25.89,243,2019-09-01,2020-04-30,16
3515608,Fernando Prestes,SP,2021,562.57,26.69,242,2020-09-01,2021-04-30,18
3515608,Fernando Prestes,SP,2022,1029.54,25.22,242,2021-09-01,2022-04-30,16
3515608,Fernando Prestes,SP,2023,890.75,24.45,242,2022-09-01,2023-04-30,8
3515608,Fernando Prestes,SP,2024,480.59,28.67,243,2023-09-01,2024-04-30,15
3515608,Fernando Prestes,SP,2025,744.25,26.78,242,2024-09-01,2025-04-30,23
3515608,Fernando Prestes,SP,2026,771.45,25.88,242,2025-09-01,2026-04-30,20
3515657,Fernão,SP,2010,1172.45,23.51,242,2009-09-01,2010-04-30,16
3515657,Fernão,SP,2011,966.96,23.52,242,2010-09-01,2011-04-30,16
3515657,Fernão,SP,2012,797.35,23.82,243,2011-09-01,2012-04-30,16
3515657,Fernão,SP,2013,1026.73,23.89,242,2012-09-01,2013-04-30,18
3515657,Fernão,SP,2014,741.38,24.14,242,2013-09-01,2014-04-30,12
3515657,Fernão,SP,2015,975.27,24.1,242,2014-09-01,2015-04-30,18
3515657,Fernão,SP,2016,1463.2,24.06,243,2015-09-01,2016-04-30,29
3515657,Fernão,SP,2017,957.46,23.01,242,2016-09-01,2017-04-30,13
3515657,Fernão,SP,2018,1007.72,23.81,242,2017-09-01,2018-04-30,28
3515657,Fernão,SP,2019,987.54,24.24,242,2018-09-01,2019-04-30,14
3515657,Fernão,SP,2020,772.47,24.74,243,2019-09-01,2020-04-30,17
3515657,Fernão,SP,2021,629.64,24.96,242,2020-09-01,2021-04-30,16
3515657,Fernão,SP,2022,940.53,24.29,242,2021-09-01,2022-04-30,10
3515657,Fernão,SP,2023,971.35,23.11,242,2022-09-01,2023-04-30,9
3515657,Fernão,SP,2024,667.7,26.55,243,2023-09-01,2024-04-30,12
3515657,Fernão,SP,2025,686.26,25.51,242,2024-09-01,2025-04-30,23
3515657,Fernão,SP,2026,766.53,24.56,242,2025-09-01,2026-04-30,20
3515707,Ferraz de Vasconcelos,SP,2010,1708.0,21.63,242,2009-09-01,2010-04-30,11
3515707,Ferraz de Vasconcelos,SP,2011,1612.83,21.03,242,2010-09-01,2011-04-30,10
3515707,Ferraz de Vasconcelos,SP,2012,913.57,20.91,243,2011-09-01,2012-04-30,13
3515707,Ferraz de Vasconcelos,SP,2013,1041.98,21.64,242,2012-09-01,2013-04-30,16
3515707,Ferraz de Vasconcelos,SP,2014,762.83,22.06,242,2013-09-01,2014-04-30,15
3515707,Ferraz de Vasconcelos,SP,2015,814.52,22.19,242,2014-09-01,2015-04-30,16
3515707,Ferraz de Vasconcelos,SP,2016,1155.68,22.52,243,2015-09-01,2016-04-30,25
3515707,Ferraz de Vasconcelos,SP,2017,1111.08,21.41,242,2016-09-01,2017-04-30,14
3515707,Ferraz de Vasconcelos,SP,2018,885.1,21.83,242,2017-09-01,2018-04-30,28
3515707,Ferraz de Vasconcelos,SP,2019,1200.65,22.11,242,2018-09-01,2019-04-30,7
3515707,Ferraz de Vasconcelos,SP,2020,994.6,21.53,243,2019-09-01,2020-04-30,13
3515707,Ferraz de Vasconcelos,SP,2021,850.67,22.12,242,2020-09-01,2021-04-30,19
3515707,Ferraz de Vasconcelos,SP,2022,893.62,21.72,242,2021-09-01,2022-04-30,8
3515707,Ferraz de Vasconcelos,SP,2023,1193.78,20.94,242,2022-09-01,2023-04-30,7
3515707,Ferraz de Vasconcelos,SP,2024,993.45,23.35,243,2023-09-01,2024-04-30,12
3515707,Ferraz de Vasconcelos,SP,2025,845.8,22.73,242,2024-09-01,2025-04-30,14
3515707,Ferraz de Vasconcelos,SP,2026,748.72,22.2,242,2025-09-01,2026-04-30,19
3515806,Flora Rica,SP,2010,1472.38,24.95,242,2009-09-01,2010-04-30,15
3515806,Flora Rica,SP,2011,1267.67,24.97,242,2010-09-01,2011-04-30,16
3515806,Flora Rica,SP,2012,915.18,25.76,243,2011-09-01,2012-04-30,13
3515806,Flora Rica,SP,2013,1065.73,25.81,242,2012-09-01,2013-04-30,18
3515806,Flora Rica,SP,2014,845.39,26.17,242,2013-09-01,2014-04-30,16
3515806,Flora Rica,SP,2015,1042.1,26.0,242,2014-09-01,2015-04-30,17
3515806,Flora Rica,SP,2016,1393.34,25.79,243,2015-09-01,2016-04-30,29
3515806,Flora Rica,SP,2017,910.5,24.83,242,2016-09-01,2017-04-30,13
3515806,Flora Rica,SP,2018,1221.35,25.37,242,2017-09-01,2018-04-30,28
3515806,Flora Rica,SP,2019,970.29,26.31,242,2018-09-01,2019-04-30,14
3515806,Flora Rica,SP,2020,884.76,26.94,243,2019-09-01,2020-04-30,16
3515806,Flora Rica,SP,2021,538.19,27.83,242,2020-09-01,2021-04-30,26
3515806,Flora Rica,SP,2022,803.83,27.05,242,2021-09-01,2022-04-30,10
3515806,Flora Rica,SP,2023,1073.98,25.11,242,2022-09-01,2023-04-30,9
3515806,Flora Rica,SP,2024,716.88,29.16,243,2023-09-01,2024-04-30,16
3515806,Flora Rica,SP,2025,828.87,27.81,242,2024-09-01,2025-04-30,15
3515806,Flora Rica,SP,2026,766.96,27.21,242,2025-09-01,2026-04-30,20
3515905,Floreal,SP,2010,1249.82,24.85,242,2009-09-01,2010-04-30,25
3515905,Floreal,SP,2011,1439.63,25.23,242,2010-09-01,2011-04-30,23
3515905,Floreal,SP,2012,883.53,25.49,243,2011-09-01,2012-04-30,14
3515905,Floreal,SP,2013,939.8,25.85,242,2012-09-01,2013-04-30,18
3515905,Floreal,SP,2014,848.61,26.06,242,2013-09-01,2014-04-30,11
3515905,Floreal,SP,2015,1107.87,25.74,242,2014-09-01,2015-04-30,17
3515905,Floreal,SP,2016,1294.34,25.83,243,2015-09-01,2016-04-30,30
3515905,Floreal,SP,2017,1065.05,25.08,242,2016-09-01,2017-04-30,13
3515905,Floreal,SP,2018,1120.02,25.56,242,2017-09-01,2018-04-30,28
3515905,Floreal,SP,2019,960.82,26.24,242,2018-09-01,2019-04-30,15
3515905,Floreal,SP,2020,948.78,26.52,243,2019-09-01,2020-04-30,17
3515905,Floreal,SP,2021,560.35,27.7,242,2020-09-01,2021-04-30,18
3515905,Floreal,SP,2022,1037.8,26.13,242,2021-09-01,2022-04-30,16
3515905,Floreal,SP,2023,1102.21,25.16,242,2022-09-01,2023-04-30,9
3515905,Floreal,SP,2024,776.32,28.86,243,2023-09-01,2024-04-30,16
3515905,Floreal,SP,2025,851.99,27.33,242,2024-09-01,2025-04-30,23
3515905,Floreal,SP,2026,855.97,26.81,242,2025-09-01,2026-04-30,21
3516002,Flórida Paulista,SP,2010,1472.38,24.95,242,2009-09-01,2010-04-30,15
3516002,Flórida Paulista,SP,2011,1267.67,24.97,242,2010-09-01,2011-04-30,16
3516002,Flórida Paulista,SP,2012,915.18,25.76,243,2011-09-01,2012-04-30,13
3516002,Flórida Paulista,SP,2013,1065.73,25.81,242,2012-09-01,2013-04-30,18
3516002,Flórida Paulista,SP,2014,845.39,26.17,242,2013-09-01,2014-04-30,16
3516002,Flórida Paulista,SP,2015,1042.1,26.0,242,2014-09-01,2015-04-30,17
3516002,Flórida Paulista,SP,2016,1393.34,25.79,243,2015-09-01,2016-04-30,29
3516002,Flórida Paulista,SP,2017,910.5,24.83,242,2016-09-01,2017-04-30,13
3516002,Flórida Paulista,SP,2018,1221.35,25.37,242,2017-09-01,2018-04-30,28
3516002,Flórida Paulista,SP,2019,970.29,26.31,242,2018-09-01,2019-04-30,14
3516002,Flórida Paulista,SP,2020,884.76,26.94,243,2019-09-01,2020-04-30,16
3516002,Flórida Paulista,SP,2021,538.19,27.83,242,2020-09-01,2021-04-30,26
3516002,Flórida Paulista,SP,2022,803.83,27.05,242,2021-09-01,2022-04-30,10
3516002,Flórida Paulista,SP,2023,1073.98,25.11,242,2022-09-01,2023-04-30,9
3516002,Flórida Paulista,SP,2024,716.88,29.16,243,2023-09-01,2024-04-30,16
3516002,Flórida Paulista,SP,2025,828.87,27.81,242,2024-09-01,2025-04-30,15
3516002,Flórida Paulista,SP,2026,766.96,27.21,242,2025-09-01,2026-04-30,20
3516101,Florínia,SP,2010,1581.51,23.7,242,2009-09-01,2010-04-30,16
3516101,Florínia,SP,2011,1055.38,23.82,242,2010-09-01,2011-04-30,16
3516101,Florínia,SP,2012,840.5,24.69,243,2011-09-01,2012-04-30,14
3516101,Florínia,SP,2013,989.74,24.59,242,2012-09-01,2013-04-30,17
3516101,Florínia,SP,2014,1005.53,24.44,242,2013-09-01,2014-04-30,12
3516101,Florínia,SP,2015,1049.52,24.42,242,2014-09-01,2015-04-30,17
3516101,Florínia,SP,2016,1778.39,24.18,243,2015-09-01,2016-04-30,13
3516101,Florínia,SP,2017,1004.88,23.51,242,2016-09-01,2017-04-30,13
3516101,Florínia,SP,2018,1224.57,24.09,242,2017-09-01,2018-04-30,28
3516101,Florínia,SP,2019,1071.21,24.66,242,2018-09-01,2019-04-30,14
3516101,Florínia,SP,2020,864.61,25.42,243,2019-09-01,2020-04-30,17
3516101,Florínia,SP,2021,704.69,25.42,242,2020-09-01,2021-04-30,20
3516101,Florínia,SP,2022,912.43,25.19,242,2021-09-01,2022-04-30,15
3516101,Florínia,SP,2023,1168.23,23.23,242,2022-09-01,2023-04-30,9
3516101,Florínia,SP,2024,749.62,27.27,243,2023-09-01,2024-04-30,14
3516101,Florínia,SP,2025,702.87,26.31,242,2024-09-01,2025-04-30,14
3516101,Florínia,SP,2026,844.85,25.42,242,2025-09-01,2026-04-30,20
3516200,Franca,SP,2010,1426.48,23.07,242,2009-09-01,2010-04-30,23
3516200,Franca,SP,2011,1495.03,23.14,242,2010-09-01,2011-04-30,12
3516200,Franca,SP,2012,1154.69,22.96,243,2011-09-01,2012-04-30,16
3516200,Franca,SP,2013,1156.17,23.6,242,2012-09-01,2013-04-30,17
3516200,Franca,SP,2014,887.77,24.0,242,2013-09-01,2014-04-30,16
3516200,Franca,SP,2015,1114.81,23.89,242,2014-09-01,2015-04-30,21
3516200,Franca,SP,2016,1355.03,24.18,243,2015-09-01,2016-04-30,26
3516200,Franca,SP,2017,1098.57,23.47,242,2016-09-01,2017-04-30,16
3516200,Franca,SP,2018,1251.4,23.65,242,2017-09-01,2018-04-30,26
3516200,Franca,SP,2019,1363.28,23.6,242,2018-09-01,2019-04-30,14
3516200,Franca,SP,2020,1188.87,24.08,243,2019-09-01,2020-04-30,15
3516200,Franca,SP,2021,695.47,24.91,242,2020-09-01,2021-04-30,20
3516200,Franca,SP,2022,1234.55,23.82,242,2021-09-01,2022-04-30,18
3516200,Franca,SP,2023,1162.94,23.22,242,2022-09-01,2023-04-30,9
3516200,Franca,SP,2024,845.1,26.29,243,2023-09-01,2024-04-30,21
3516200,Franca,SP,2025,1052.52,24.99,242,2024-09-01,2025-04-30,18
3516200,Franca,SP,2026,1054.42,24.02,242,2025-09-01,2026-04-30,22
3516309,Francisco Morato,SP,2010,1666.75,21.09,242,2009-09-01,2010-04-30,12
3516309,Francisco Morato,SP,2011,1464.75,20.61,242,2010-09-01,2011-04-30,11
3516309,Francisco Morato,SP,2012,924.14,20.5,243,2011-09-01,2012-04-30,13
3516309,Francisco Morato,SP,2013,1098.88,21.22,242,2012-09-01,2013-04-30,16
3516309,Francisco Morato,SP,2014,769.94,21.63,242,2013-09-01,2014-04-30,14
3516309,Francisco Morato,SP,2015,854.33,21.79,242,2014-09-01,2015-04-30,16
3516309,Francisco Morato,SP,2016,1250.66,22.01,243,2015-09-01,2016-04-30,26
3516309,Francisco Morato,SP,2017,1090.54,20.97,242,2016-09-01,2017-04-30,13
3516309,Francisco Morato,SP,2018,791.1,21.55,242,2017-09-01,2018-04-30,28
3516309,Francisco Morato,SP,2019,1156.14,21.76,242,2018-09-01,2019-04-30,8
3516309,Francisco Morato,SP,2020,1119.16,21.26,243,2019-09-01,2020-04-30,12
3516309,Francisco Morato,SP,2021,691.92,21.98,242,2020-09-01,2021-04-30,19
3516309,Francisco Morato,SP,2022,1015.37,21.37,242,2021-09-01,2022-04-30,12
3516309,Francisco Morato,SP,2023,1308.23,20.46,242,2022-09-01,2023-04-30,7
3516309,Francisco Morato,SP,2024,894.85,23.27,243,2023-09-01,2024-04-30,13
3516309,Francisco Morato,SP,2025,775.9,22.58,242,2024-09-01,2025-04-30,14
3516309,Francisco Morato,SP,2026,754.23,21.95,242,2025-09-01,2026-04-30,20
3516408,Franco da Rocha,SP,2010,1666.75,21.09,242,2009-09-01,2010-04-30,12
3516408,Franco da Rocha,SP,2011,1464.75,20.61,242,2010-09-01,2011-04-30,11
3516408,Franco da Rocha,SP,2012,924.14,20.5,243,2011-09-01,2012-04-30,13
3516408,Franco da Rocha,SP,2013,1098.88,21.22,242,2012-09-01,2013-04-30,16
3516408,Franco da Rocha,SP,2014,769.94,21.63,242,2013-09-01,2014-04-30,14
3516408,Franco da Rocha,SP,2015,854.33,21.79,242,2014-09-01,2015-04-30,16
3516408,Franco da Rocha,SP,2016,1250.66,22.01,243,2015-09-01,2016-04-30,26
3516408,Franco da Rocha,SP,2017,1090.54,20.97,242,2016-09-01,2017-04-30,13
3516408,Franco da Rocha,SP,2018,791.1,21.55,242,2017-09-01,2018-04-30,28
3516408,Franco da Rocha,SP,2019,1156.14,21.76,242,2018-09-01,2019-04-30,8
3516408,Franco da Rocha,SP,2020,1119.16,21.26,243,2019-09-01,2020-04-30,12
3516408,Franco da Rocha,SP,2021,691.92,21.98,242,2020-09-01,2021-04-30,19
3516408,Franco da Rocha,SP,2022,1015.37,21.37,242,2021-09-01,2022-04-30,12
3516408,Franco da Rocha,SP,2023,1308.23,20.46,242,2022-09-01,2023-04-30,7
3516408,Franco da Rocha,SP,2024,894.85,23.27,243,2023-09-01,2024-04-30,13
3516408,Franco da Rocha,SP,2025,775.9,22.58,242,2024-09-01,2025-04-30,14
3516408,Franco da Rocha,SP,2026,754.23,21.95,242,2025-09-01,2026-04-30,20
3516507,Gabriel Monteiro,SP,2010,1236.56,24.7,242,2009-09-01,2010-04-30,16
3516507,Gabriel Monteiro,SP,2011,1144.95,24.82,242,2010-09-01,2011-04-30,16
3516507,Gabriel Monteiro,SP,2012,714.46,25.67,243,2011-09-01,2012-04-30,13
3516507,Gabriel Monteiro,SP,2013,1011.71,25.44,242,2012-09-01,2013-04-30,18
3516507,Gabriel Monteiro,SP,2014,630.14,26.07,242,2013-09-01,2014-04-30,16
3516507,Gabriel Monteiro,SP,2015,1003.11,25.6,242,2014-09-01,2015-04-30,18
3516507,Gabriel Monteiro,SP,2016,1362.3,25.55,243,2015-09-01,2016-04-30,30
3516507,Gabriel Monteiro,SP,2017,910.1,24.47,242,2016-09-01,2017-04-30,13
3516507,Gabriel Monteiro,SP,2018,1122.52,25.2,242,2017-09-01,2018-04-30,28
3516507,Gabriel Monteiro,SP,2019,1014.26,25.71,242,2018-09-01,2019-04-30,14
3516507,Gabriel Monteiro,SP,2020,930.46,26.29,243,2019-09-01,2020-04-30,16
3516507,Gabriel Monteiro,SP,2021,617.0,27.07,242,2020-09-01,2021-04-30,18
3516507,Gabriel Monteiro,SP,2022,907.11,26.21,242,2021-09-01,2022-04-30,14
3516507,Gabriel Monteiro,SP,2023,922.6,24.9,242,2022-09-01,2023-04-30,8
3516507,Gabriel Monteiro,SP,2024,630.16,28.93,243,2023-09-01,2024-04-30,16
3516507,Gabriel Monteiro,SP,2025,709.3,27.58,242,2024-09-01,2025-04-30,15
3516507,Gabriel Monteiro,SP,2026,750.02,26.74,242,2025-09-01,2026-04-30,21
3516606,Gália,SP,2010,1172.45,23.51,242,2009-09-01,2010-04-30,16
3516606,Gália,SP,2011,966.96,23.52,242,2010-09-01,2011-04-30,16
3516606,Gália,SP,2012,797.35,23.82,243,2011-09-01,2012-04-30,16
3516606,Gália,SP,2013,1026.73,23.89,242,2012-09-01,2013-04-30,18
3516606,Gália,SP,2014,741.38,24.14,242,2013-09-01,2014-04-30,12
3516606,Gália,SP,2015,975.27,24.1,242,2014-09-01,2015-04-30,18
3516606,Gália,SP,2016,1463.2,24.06,243,2015-09-01,2016-04-30,29
3516606,Gália,SP,2017,957.46,23.01,242,2016-09-01,2017-04-30,13
3516606,Gália,SP,2018,1007.72,23.81,242,2017-09-01,2018-04-30,28
3516606,Gália,SP,2019,987.54,24.24,242,2018-09-01,2019-04-30,14
3516606,Gália,SP,2020,772.47,24.74,243,2019-09-01,2020-04-30,17
3516606,Gália,SP,2021,629.64,24.96,242,2020-09-01,2021-04-30,16
3516606,Gália,SP,2022,940.53,24.29,242,2021-09-01,2022-04-30,10
3516606,Gália,SP,2023,971.35,23.11,242,2022-09-01,2023-04-30,9
3516606,Gália,SP,2024,667.7,26.55,243,2023-09-01,2024-04-30,12
3516606,Gália,SP,2025,686.26,25.51,242,2024-09-01,2025-04-30,23
3516606,Gália,SP,2026,766.53,24.56,242,2025-09-01,2026-04-30,20
3516705,Garça,SP,2010,1122.86,24.13,242,2009-09-01,2010-04-30,16
3516705,Garça,SP,2011,1000.22,24.37,242,2010-09-01,2011-04-30,16
3516705,Garça,SP,2012,701.24,24.95,243,2011-09-01,2012-04-30,16
3516705,Garça,SP,2013,973.65,24.73,242,2012-09-01,2013-04-30,18
3516705,Garça,SP,2014,639.5,25.32,242,2013-09-01,2014-04-30,12
3516705,Garça,SP,2015,936.77,24.94,242,2014-09-01,2015-04-30,22
3516705,Garça,SP,2016,1385.93,24.77,243,2015-09-01,2016-04-30,30
3516705,Garça,SP,2017,927.72,23.88,242,2016-09-01,2017-04-30,26
3516705,Garça,SP,2018,915.16,24.84,242,2017-09-01,2018-04-30,28
3516705,Garça,SP,2019,982.73,25.04,242,2018-09-01,2019-04-30,14
3516705,Garça,SP,2020,798.9,25.65,243,2019-09-01,2020-04-30,17
3516705,Garça,SP,2021,563.23,26.29,242,2020-09-01,2021-04-30,18
3516705,Garça,SP,2022,940.98,25.14,242,2021-09-01,2022-04-30,16
3516705,Garça,SP,2023,896.13,24.1,242,2022-09-01,2023-04-30,9
3516705,Garça,SP,2024,569.16,28.02,243,2023-09-01,2024-04-30,12
3516705,Garça,SP,2025,704.24,26.53,242,2024-09-01,2025-04-30,23
3516705,Garça,SP,2026,755.14,25.58,242,2025-09-01,2026-04-30,21
3516804,Gastão Vidigal,SP,2010,1213.08,24.98,242,2009-09-01,2010-04-30,20
3516804,Gastão Vidigal,SP,2011,1317.8,25.27,242,2010-09-01,2011-04-30,23
3516804,Gastão Vidigal,SP,2012,782.57,25.64,243,2011-09-01,2012-04-30,11
3516804,Gastão Vidigal,SP,2013,997.46,25.82,242,2012-09-01,2013-04-30,18
3516804,Gastão Vidigal,SP,2014,719.34,26.28,242,2013-09-01,2014-04-30,15
3516804,Gastão Vidigal,SP,2015,1010.96,26.0,242,2014-09-01,2015-04-30,17
3516804,Gastão Vidigal,SP,2016,1271.01,25.94,243,2015-09-01,2016-04-30,30
3516804,Gastão Vidigal,SP,2017,988.89,25.06,242,2016-09-01,2017-04-30,13
3516804,Gastão Vidigal,SP,2018,1095.81,25.67,242,2017-09-01,2018-04-30,28
3516804,Gastão Vidigal,SP,2019,959.29,26.28,242,2018-09-01,2019-04-30,14
3516804,Gastão Vidigal,SP,2020,949.44,26.59,243,2019-09-01,2020-04-30,16
3516804,Gastão Vidigal,SP,2021,580.34,27.65,242,2020-09-01,2021-04-30,16
3516804,Gastão Vidigal,SP,2022,1001.93,26.26,242,2021-09-01,2022-04-30,16
3516804,Gastão Vidigal,SP,2023,949.41,25.25,242,2022-09-01,2023-04-30,7
3516804,Gastão Vidigal,SP,2024,653.88,29.17,243,2023-09-01,2024-04-30,16
3516804,Gastão Vidigal,SP,2025,774.18,27.61,242,2024-09-01,2025-04-30,23
3516804,Gastão Vidigal,SP,2026,768.97,26.99,242,2025-09-01,2026-04-30,21
3516853,Gavião Peixoto,SP,2010,1134.37,24.18,242,2009-09-01,2010-04-30,16
3516853,Gavião Peixoto,SP,2011,1031.99,24.5,242,2010-09-01,2011-04-30,16
3516853,Gavião Peixoto,SP,2012,726.98,24.96,243,2011-09-01,2012-04-30,16
3516853,Gavião Peixoto,SP,2013,1003.89,24.81,242,2012-09-01,2013-04-30,18
3516853,Gavião Peixoto,SP,2014,644.37,25.49,242,2013-09-01,2014-04-30,12
3516853,Gavião Peixoto,SP,2015,924.19,25.07,242,2014-09-01,2015-04-30,24
3516853,Gavião Peixoto,SP,2016,1366.53,24.96,243,2015-09-01,2016-04-30,30
3516853,Gavião Peixoto,SP,2017,922.01,24.17,242,2016-09-01,2017-04-30,26
3516853,Gavião Peixoto,SP,2018,891.81,25.09,242,2017-09-01,2018-04-30,28
3516853,Gavião Peixoto,SP,2019,972.62,25.1,242,2018-09-01,2019-04-30,14
3516853,Gavião Peixoto,SP,2020,797.71,25.76,243,2019-09-01,2020-04-30,17
3516853,Gavião Peixoto,SP,2021,549.9,26.42,242,2020-09-01,2021-04-30,18
3516853,Gavião Peixoto,SP,2022,949.0,25.18,242,2021-09-01,2022-04-30,16
3516853,Gavião Peixoto,SP,2023,858.88,24.28,242,2022-09-01,2023-04-30,11
3516853,Gavião Peixoto,SP,2024,527.69,28.25,243,2023-09-01,2024-04-30,12
3516853,Gavião Peixoto,SP,2025,683.78,26.68,242,2024-09-01,2025-04-30,23
3516853,Gavião Peixoto,SP,2026,722.77,25.72,242,2025-09-01,2026-04-30,21
3516903,General Salgado,SP,2010,1346.18,25.27,242,2009-09-01,2010-04-30,25
3516903,General Salgado,SP,2011,1462.0,25.57,242,2010-09-01,2011-04-30,23
3516903,General Salgado,SP,2012,903.31,25.89,243,2011-09-01,2012-04-30,11
3516903,General Salgado,SP,2013,980.99,26.22,242,2012-09-01,2013-04-30,18
3516903,General Salgado,SP,2014,821.59,26.6,242,2013-09-01,2014-04-30,14
3516903,General Salgado,SP,2015,1119.3,26.19,242,2014-09-01,2015-04-30,17
3516903,General Salgado,SP,2016,1259.66,26.28,243,2015-09-01,2016-04-30,30
3516903,General Salgado,SP,2017,1096.46,25.39,242,2016-09-01,2017-04-30,13
3516903,General Salgado,SP,2018,1157.68,25.87,242,2017-09-01,2018-04-30,28
3516903,General Salgado,SP,2019,998.87,26.61,242,2018-09-01,2019-04-30,14
3516903,General Salgado,SP,2020,942.26,27.01,243,2019-09-01,2020-04-30,17
3516903,General Salgado,SP,2021,489.72,28.4,242,2020-09-01,2021-04-30,18
3516903,General Salgado,SP,2022,972.46,26.75,242,2021-09-01,2022-04-30,16
3516903,General Salgado,SP,2023,1070.0,25.59,242,2022-09-01,2023-04-30,9
3516903,General Salgado,SP,2024,782.78,29.3,243,2023-09-01,2024-04-30,14
3516903,General Salgado,SP,2025,805.05,27.93,242,2024-09-01,2025-04-30,22
3516903,General Salgado,SP,2026,778.93,27.5,242,2025-09-01,2026-04-30,21
3517000,Getulina,SP,2010,1268.54,24.07,242,2009-09-01,2010-04-30,16
3517000,Getulina,SP,2011,1015.95,24.22,242,2010-09-01,2011-04-30,16
3517000,Getulina,SP,2012,708.5,24.99,243,2011-09-01,2012-04-30,13
3517000,Getulina,SP,2013,970.42,24.77,242,2012-09-01,2013-04-30,18
3517000,Getulina,SP,2014,722.1,25.08,242,2013-09-01,2014-04-30,12
3517000,Getulina,SP,2015,1036.1,24.83,242,2014-09-01,2015-04-30,17
3517000,Getulina,SP,2016,1532.12,24.72,243,2015-09-01,2016-04-30,18
3517000,Getulina,SP,2017,955.7,23.58,242,2016-09-01,2017-04-30,13
3517000,Getulina,SP,2018,1139.51,24.42,242,2017-09-01,2018-04-30,28
3517000,Getulina,SP,2019,1085.39,24.87,242,2018-09-01,2019-04-30,14
3517000,Getulina,SP,2020,907.92,25.58,243,2019-09-01,2020-04-30,18
3517000,Getulina,SP,2021,636.73,26.08,242,2020-09-01,2021-04-30,19
3517000,Getulina,SP,2022,938.6,25.4,242,2021-09-01,2022-04-30,10
3517000,Getulina,SP,2023,1082.16,23.89,242,2022-09-01,2023-04-30,9
3517000,Getulina,SP,2024,773.4,27.59,243,2023-09-01,2024-04-30,12
3517000,Getulina,SP,2025,773.68,26.51,242,2024-09-01,2025-04-30,14
3517000,Getulina,SP,2026,865.11,25.49,242,2025-09-01,2026-04-30,21
3517109,Glicério,SP,2010,1204.83,24.83,242,2009-09-01,2010-04-30,17
3517109,Glicério,SP,2011,1130.19,25.01,242,2010-09-01,2011-04-30,16
3517109,Glicério,SP,2012,711.59,25.7,243,2011-09-01,2012-04-30,13
3517109,Glicério,SP,2013,992.6,25.53,242,2012-09-01,2013-04-30,18
3517109,Glicério,SP,2014,629.95,26.09,242,2013-09-01,2014-04-30,12
3517109,Glicério,SP,2015,1005.2,25.72,242,2014-09-01,2015-04-30,18
3517109,Glicério,SP,2016,1372.47,25.62,243,2015-09-01,2016-04-30,30
3517109,Glicério,SP,2017,954.66,24.57,242,2016-09-01,2017-04-30,13
3517109,Glicério,SP,2018,1106.34,25.35,242,2017-09-01,2018-04-30,28
3517109,Glicério,SP,2019,1021.8,25.82,242,2018-09-01,2019-04-30,14
3517109,Glicério,SP,2020,928.34,26.33,243,2019-09-01,2020-04-30,16
3517109,Glicério,SP,2021,581.98,27.22,242,2020-09-01,2021-04-30,18
3517109,Glicério,SP,2022,912.03,26.26,242,2021-09-01,2022-04-30,15
3517109,Glicério,SP,2023,934.91,24.96,242,2022-09-01,2023-04-30,9
3517109,Glicério,SP,2024,662.85,28.84,243,2023-09-01,2024-04-30,16
3517109,Glicério,SP,2025,734.19,27.52,242,2024-09-01,2025-04-30,15
3517109,Glicério,SP,2026,776.7,26.63,242,2025-09-01,2026-04-30,21
3517208,Guaiçara,SP,2010,1204.83,24.83,242,2009-09-01,2010-04-30,17
3517208,Guaiçara,SP,2011,1130.19,25.01,242,2010-09-01,2011-04-30,16
3517208,Guaiçara,SP,2012,711.59,25.7,243,2011-09-01,2012-04-30,13
3517208,Guaiçara,SP,2013,992.6,25.53,242,2012-09-01,2013-04-30,18
3517208,Guaiçara,SP,2014,629.95,26.09,242,2013-09-01,2014-04-30,12
3517208,Guaiçara,SP,2015,1005.2,25.72,242,2014-09-01,2015-04-30,18
3517208,Guaiçara,SP,2016,1372.47,25.62,243,2015-09-01,2016-04-30,30
3517208,Guaiçara,SP,2017,954.66,24.57,242,2016-09-01,2017-04-30,13
3517208,Guaiçara,SP,2018,1106.34,25.35,242,2017-09-01,2018-04-30,28
3517208,Guaiçara,SP,2019,1021.8,25.82,242,2018-09-01,2019-04-30,14
3517208,Guaiçara,SP,2020,928.34,26.33,243,2019-09-01,2020-04-30,16
3517208,Guaiçara,SP,2021,581.98,27.22,242,2020-09-01,2021-04-30,18
3517208,Guaiçara,SP,2022,912.03,26.26,242,2021-09-01,2022-04-30,15
3517208,Guaiçara,SP,2023,934.91,24.96,242,2022-09-01,2023-04-30,9
3517208,Guaiçara,SP,2024,662.85,28.84,243,2023-09-01,2024-04-30,16
3517208,Guaiçara,SP,2025,734.19,27.52,242,2024-09-01,2025-04-30,15
3517208,Guaiçara,SP,2026,776.7,26.63,242,2025-09-01,2026-04-30,21
3517307,Guaimbê,SP,2010,1268.54,24.07,242,2009-09-01,2010-04-30,16
3517307,Guaimbê,SP,2011,1015.95,24.22,242,2010-09-01,2011-04-30,16
3517307,Guaimbê,SP,2012,708.5,24.99,243,2011-09-01,2012-04-30,13
3517307,Guaimbê,SP,2013,970.42,24.77,242,2012-09-01,2013-04-30,18
3517307,Guaimbê,SP,2014,722.1,25.08,242,2013-09-01,2014-04-30,12
3517307,Guaimbê,SP,2015,1036.1,24.83,242,2014-09-01,2015-04-30,17
3517307,Guaimbê,SP,2016,1532.12,24.72,243,2015-09-01,2016-04-30,18
3517307,Guaimbê,SP,2017,955.7,23.58,242,2016-09-01,2017-04-30,13
3517307,Guaimbê,SP,2018,1139.51,24.42,242,2017-09-01,2018-04-30,28
3517307,Guaimbê,SP,2019,1085.39,24.87,242,2018-09-01,2019-04-30,14
3517307,Guaimbê,SP,2020,907.92,25.58,243,2019-09-01,2020-04-30,18
3517307,Guaimbê,SP,2021,636.73,26.08,242,2020-09-01,2021-04-30,19
3517307,Guaimbê,SP,2022,938.6,25.4,242,2021-09-01,2022-04-30,10
3517307,Guaimbê,SP,2023,1082.16,23.89,242,2022-09-01,2023-04-30,9
3517307,Guaimbê,SP,2024,773.4,27.59,243,2023-09-01,2024-04-30,12
3517307,Guaimbê,SP,2025,773.68,26.51,242,2024-09-01,2025-04-30,14
3517307,Guaimbê,SP,2026,865.11,25.49,242,2025-09-01,2026-04-30,21
3517406,Guaíra,SP,2010,1319.76,24.37,242,2009-09-01,2010-04-30,23
3517406,Guaíra,SP,2011,1400.91,24.42,242,2010-09-01,2011-04-30,12
3517406,Guaíra,SP,2012,1141.16,24.36,243,2011-09-01,2012-04-30,16
3517406,Guaíra,SP,2013,1143.4,24.9,242,2012-09-01,2013-04-30,17
3517406,Guaíra,SP,2014,920.97,25.12,242,2013-09-01,2014-04-30,16
3517406,Guaíra,SP,2015,1023.46,25.26,242,2014-09-01,2015-04-30,21
3517406,Guaíra,SP,2016,1402.35,25.4,243,2015-09-01,2016-04-30,26
3517406,Guaíra,SP,2017,1017.56,24.81,242,2016-09-01,2017-04-30,13
3517406,Guaíra,SP,2018,1204.45,25.02,242,2017-09-01,2018-04-30,26
3517406,Guaíra,SP,2019,1198.84,25.07,242,2018-09-01,2019-04-30,15
3517406,Guaíra,SP,2020,1139.3,25.43,243,2019-09-01,2020-04-30,18
3517406,Guaíra,SP,2021,688.06,26.25,242,2020-09-01,2021-04-30,20
3517406,Guaíra,SP,2022,1186.08,25.19,242,2021-09-01,2022-04-30,18
3517406,Guaíra,SP,2023,1255.58,24.44,242,2022-09-01,2023-04-30,9
3517406,Guaíra,SP,2024,833.84,27.73,243,2023-09-01,2024-04-30,13
3517406,Guaíra,SP,2025,1001.6,26.48,242,2024-09-01,2025-04-30,39
3517406,Guaíra,SP,2026,1008.7,25.48,242,2025-09-01,2026-04-30,22
3517505,Guapiaçu,SP,2010,1105.87,24.68,242,2009-09-01,2010-04-30,17
3517505,Guapiaçu,SP,2011,1214.77,25.07,242,2010-09-01,2011-04-30,16
3517505,Guapiaçu,SP,2012,872.96,25.22,243,2011-09-01,2012-04-30,14
3517505,Guapiaçu,SP,2013,1027.94,25.45,242,2012-09-01,2013-04-30,16
3517505,Guapiaçu,SP,2014,828.87,25.71,242,2013-09-01,2014-04-30,16
3517505,Guapiaçu,SP,2015,836.03,25.94,242,2014-09-01,2015-04-30,19
3517505,Guapiaçu,SP,2016,1208.83,25.66,243,2015-09-01,2016-04-30,28
3517505,Guapiaçu,SP,2017,897.37,25.01,242,2016-09-01,2017-04-30,13
3517505,Guapiaçu,SP,2018,992.26,25.51,242,2017-09-01,2018-04-30,28
3517505,Guapiaçu,SP,2019,943.31,25.91,242,2018-09-01,2019-04-30,15
3517505,Guapiaçu,SP,2020,948.71,26.18,243,2019-09-01,2020-04-30,16
3517505,Guapiaçu,SP,2021,648.53,27.03,242,2020-09-01,2021-04-30,18
3517505,Guapiaçu,SP,2022,1070.52,25.65,242,2021-09-01,2022-04-30,16
3517505,Guapiaçu,SP,2023,1019.01,24.81,242,2022-09-01,2023-04-30,7
3517505,Guapiaçu,SP,2024,642.35,28.83,243,2023-09-01,2024-04-30,16
3517505,Guapiaçu,SP,2025,840.27,27.01,242,2024-09-01,2025-04-30,23
3517505,Guapiaçu,SP,2026,871.3,26.24,242,2025-09-01,2026-04-30,20
3517604,Guapiara,SP,2010,1602.13,20.95,242,2009-09-01,2010-04-30,11
3517604,Guapiara,SP,2011,1098.47,20.46,242,2010-09-01,2011-04-30,8
3517604,Guapiara,SP,2012,847.67,20.78,243,2011-09-01,2012-04-30,13
3517604,Guapiara,SP,2013,985.93,21.13,242,2012-09-01,2013-04-30,17
3517604,Guapiara,SP,2014,831.58,21.28,242,2013-09-01,2014-04-30,12
3517604,Guapiara,SP,2015,1121.26,21.34,242,2014-09-01,2015-04-30,18
3517604,Guapiara,SP,2016,1483.4,21.58,243,2015-09-01,2016-04-30,14
3517604,Guapiara,SP,2017,1014.3,20.68,242,2016-09-01,2017-04-30,11
3517604,Guapiara,SP,2018,1209.2,20.98,242,2017-09-01,2018-04-30,28
3517604,Guapiara,SP,2019,1043.12,21.61,242,2018-09-01,2019-04-30,7
3517604,Guapiara,SP,2020,817.75,21.47,243,2019-09-01,2020-04-30,16
3517604,Guapiara,SP,2021,631.48,21.98,242,2020-09-01,2021-04-30,17
3517604,Guapiara,SP,2022,908.39,21.46,242,2021-09-01,2022-04-30,12
3517604,Guapiara,SP,2023,1141.31,20.25,242,2022-09-01,2023-04-30,8
3517604,Guapiara,SP,2024,770.58,23.2,243,2023-09-01,2024-04-30,13
3517604,Guapiara,SP,2025,712.52,22.56,242,2024-09-01,2025-04-30,14
3517604,Guapiara,SP,2026,602.59,21.97,242,2025-09-01,2026-04-30,20
3517703,Guará,SP,2010,1319.76,24.37,242,2009-09-01,2010-04-30,23
3517703,Guará,SP,2011,1400.91,24.42,242,2010-09-01,2011-04-30,12
3517703,Guará,SP,2012,1141.16,24.36,243,2011-09-01,2012-04-30,16
3517703,Guará,SP,2013,1143.4,24.9,242,2012-09-01,2013-04-30,17
3517703,Guará,SP,2014,920.97,25.12,242,2013-09-01,2014-04-30,16
3517703,Guará,SP,2015,1023.46,25.26,242,2014-09-01,2015-04-30,21
3517703,Guará,SP,2016,1402.35,25.4,243,2015-09-01,2016-04-30,26
3517703,Guará,SP,2017,1017.56,24.81,242,2016-09-01,2017-04-30,13
3517703,Guará,SP,2018,1204.45,25.02,242,2017-09-01,2018-04-30,26
3517703,Guará,SP,2019,1198.84,25.07,242,2018-09-01,2019-04-30,15
3517703,Guará,SP,2020,1139.3,25.43,243,2019-09-01,2020-04-30,18
3517703,Guará,SP,2021,688.06,26.25,242,2020-09-01,2021-04-30,20
3517703,Guará,SP,2022,1186.08,25.19,242,2021-09-01,2022-04-30,18
3517703,Guará,SP,2023,1255.58,24.44,242,2022-09-01,2023-04-30,9
3517703,Guará,SP,2024,833.84,27.73,243,2023-09-01,2024-04-30,13
3517703,Guará,SP,2025,1001.6,26.48,242,2024-09-01,2025-04-30,39
3517703,Guará,SP,2026,1008.7,25.48,242,2025-09-01,2026-04-30,22
3517802,Guaraçaí,SP,2010,1439.43,25.33,242,2009-09-01,2010-04-30,16
3517802,Guaraçaí,SP,2011,1366.72,25.21,242,2010-09-01,2011-04-30,16
3517802,Guaraçaí,SP,2012,935.9,25.64,243,2011-09-01,2012-04-30,12
3517802,Guaraçaí,SP,2013,1019.44,26.09,242,2012-09-01,2013-04-30,18
3517802,Guaraçaí,SP,2014,764.19,26.59,242,2013-09-01,2014-04-30,16
3517802,Guaraçaí,SP,2015,1005.95,26.41,242,2014-09-01,2015-04-30,17
3517802,Guaraçaí,SP,2016,1292.68,26.3,243,2015-09-01,2016-04-30,30
3517802,Guaraçaí,SP,2017,968.89,25.16,242,2016-09-01,2017-04-30,13
3517802,Guaraçaí,SP,2018,1203.55,25.7,242,2017-09-01,2018-04-30,28
3517802,Guaraçaí,SP,2019,982.57,26.56,242,2018-09-01,2019-04-30,14
3517802,Guaraçaí,SP,2020,886.29,27.14,243,2019-09-01,2020-04-30,16
3517802,Guaraçaí,SP,2021,411.7,28.51,242,2020-09-01,2021-04-30,21
3517802,Guaraçaí,SP,2022,761.8,27.37,242,2021-09-01,2022-04-30,10
3517802,Guaraçaí,SP,2023,1022.18,25.52,242,2022-09-01,2023-04-30,8
3517802,Guaraçaí,SP,2024,702.89,29.42,243,2023-09-01,2024-04-30,16
3517802,Guaraçaí,SP,2025,781.82,28.15,242,2024-09-01,2025-04-30,15
3517802,Guaraçaí,SP,2026,635.83,27.84,242,2025-09-01,2026-04-30,19
3517901,Guaraci,SP,2010,1131.4,25.01,242,2009-09-01,2010-04-30,23
3517901,Guaraci,SP,2011,1285.19,25.14,242,2010-09-01,2011-04-30,23
3517901,Guaraci,SP,2012,1091.99,25.0,243,2011-09-01,2012-04-30,16
3517901,Guaraci,SP,2013,1120.79,25.48,242,2012-09-01,2013-04-30,16
3517901,Guaraci,SP,2014,943.96,25.6,242,2013-09-01,2014-04-30,11
3517901,Guaraci,SP,2015,893.54,25.99,242,2014-09-01,2015-04-30,17
3517901,Guaraci,SP,2016,1245.12,25.9,243,2015-09-01,2016-04-30,27
3517901,Guaraci,SP,2017,950.83,25.34,242,2016-09-01,2017-04-30,12
3517901,Guaraci,SP,2018,1059.65,25.63,242,2017-09-01,2018-04-30,28
3517901,Guaraci,SP,2019,985.88,25.91,242,2018-09-01,2019-04-30,14
3517901,Guaraci,SP,2020,999.57,26.21,243,2019-09-01,2020-04-30,17
3517901,Guaraci,SP,2021,705.81,26.88,242,2020-09-01,2021-04-30,21
3517901,Guaraci,SP,2022,1057.77,25.93,242,2021-09-01,2022-04-30,25
3517901,Guaraci,SP,2023,1158.95,25.11,242,2022-09-01,2023-04-30,9
3517901,Guaraci,SP,2024,823.79,28.38,243,2023-09-01,2024-04-30,19
3517901,Guaraci,SP,2025,901.72,27.15,242,2024-09-01,2025-04-30,39
3517901,Guaraci,SP,2026,936.77,26.22,242,2025-09-01,2026-04-30,20
3518008,Guarani d'Oeste,SP,2010,1468.55,25.4,242,2009-09-01,2010-04-30,26
3518008,Guarani d'Oeste,SP,2011,1502.98,25.74,242,2010-09-01,2011-04-30,23
3518008,Guarani d'Oeste,SP,2012,945.27,26.18,243,2011-09-01,2012-04-30,18
3518008,Guarani d'Oeste,SP,2013,995.03,26.42,242,2012-09-01,2013-04-30,18
3518008,Guarani d'Oeste,SP,2014,834.82,26.72,242,2013-09-01,2014-04-30,12
3518008,Guarani d'Oeste,SP,2015,1124.29,26.27,242,2014-09-01,2015-04-30,16
3518008,Guarani d'Oeste,SP,2016,1120.91,26.75,243,2015-09-01,2016-04-30,23
3518008,Guarani d'Oeste,SP,2017,1130.85,25.65,242,2016-09-01,2017-04-30,13
3518008,Guarani d'Oeste,SP,2018,1130.61,26.16,242,2017-09-01,2018-04-30,28
3518008,Guarani d'Oeste,SP,2019,1083.96,26.57,242,2018-09-01,2019-04-30,13
3518008,Guarani d'Oeste,SP,2020,917.22,27.21,243,2019-09-01,2020-04-30,17
3518008,Guarani d'Oeste,SP,2021,535.28,28.32,242,2020-09-01,2021-04-30,20
3518008,Guarani d'Oeste,SP,2022,1052.6,26.79,242,2021-09-01,2022-04-30,16
3518008,Guarani d'Oeste,SP,2023,1222.73,25.72,242,2022-09-01,2023-04-30,9
3518008,Guarani d'Oeste,SP,2024,761.74,29.44,243,2023-09-01,2024-04-30,14
3518008,Guarani d'Oeste,SP,2025,751.1,28.16,242,2024-09-01,2025-04-30,39
3518008,Guarani d'Oeste,SP,2026,739.06,27.73,242,2025-09-01,2026-04-30,21
3518107,Guarantã,SP,2010,1122.86,24.13,242,2009-09-01,2010-04-30,16
3518107,Guarantã,SP,2011,1000.22,24.37,242,2010-09-01,2011-04-30,16
3518107,Guarantã,SP,2012,701.24,24.95,243,2011-09-01,2012-04-30,16
3518107,Guarantã,SP,2013,973.65,24.73,242,2012-09-01,2013-04-30,18
3518107,Guarantã,SP,2014,639.5,25.32,242,2013-09-01,2014-04-30,12
3518107,Guarantã,SP,2015,936.77,24.94,242,2014-09-01,2015-04-30,22
3518107,Guarantã,SP,2016,1385.93,24.77,243,2015-09-01,2016-04-30,30
3518107,Guarantã,SP,2017,927.72,23.88,242,2016-09-01,2017-04-30,26
3518107,Guarantã,SP,2018,915.16,24.84,242,2017-09-01,2018-04-30,28
3518107,Guarantã,SP,2019,982.73,25.04,242,2018-09-01,2019-04-30,14
3518107,Guarantã,SP,2020,798.9,25.65,243,2019-09-01,2020-04-30,17
3518107,Guarantã,SP,2021,563.23,26.29,242,2020-09-01,2021-04-30,18
3518107,Guarantã,SP,2022,940.98,25.14,242,2021-09-01,2022-04-30,16
3518107,Guarantã,SP,2023,896.13,24.1,242,2022-09-01,2023-04-30,9
3518107,Guarantã,SP,2024,569.16,28.02,243,2023-09-01,2024-04-30,12
3518107,Guarantã,SP,2025,704.24,26.53,242,2024-09-01,2025-04-30,23
3518107,Guarantã,SP,2026,755.14,25.58,242,2025-09-01,2026-04-30,21
3518206,Guararapes,SP,2010,1236.56,24.7,242,2009-09-01,2010-04-30,16
3518206,Guararapes,SP,2011,1144.95,24.82,242,2010-09-01,2011-04-30,16
3518206,Guararapes,SP,2012,714.46,25.67,243,2011-09-01,2012-04-30,13
3518206,Guararapes,SP,2013,1011.71,25.44,242,2012-09-01,2013-04-30,18
3518206,Guararapes,SP,2014,630.14,26.07,242,2013-09-01,2014-04-30,16
3518206,Guararapes,SP,2015,1003.11,25.6,242,2014-09-01,2015-04-30,18
3518206,Guararapes,SP,2016,1362.3,25.55,243,2015-09-01,2016-04-30,30
3518206,Guararapes,SP,2017,910.1,24.47,242,2016-09-01,2017-04-30,13
3518206,Guararapes,SP,2018,1122.52,25.2,242,2017-09-01,2018-04-30,28
3518206,Guararapes,SP,2019,1014.26,25.71,242,2018-09-01,2019-04-30,14
3518206,Guararapes,SP,2020,930.46,26.29,243,2019-09-01,2020-04-30,16
3518206,Guararapes,SP,2021,617.0,27.07,242,2020-09-01,2021-04-30,18
3518206,Guararapes,SP,2022,907.11,26.21,242,2021-09-01,2022-04-30,14
3518206,Guararapes,SP,2023,922.6,24.9,242,2022-09-01,2023-04-30,8
3518206,Guararapes,SP,2024,630.16,28.93,243,2023-09-01,2024-04-30,16
3518206,Guararapes,SP,2025,709.3,27.58,242,2024-09-01,2025-04-30,15
3518206,Guararapes,SP,2026,750.02,26.74,242,2025-09-01,2026-04-30,21
3518305,Guararema,SP,2010,1708.0,21.63,242,2009-09-01,2010-04-30,11
3518305,Guararema,SP,2011,1612.83,21.03,242,2010-09-01,2011-04-30,10
3518305,Guararema,SP,2012,913.57,20.91,243,2011-09-01,2012-04-30,13
3518305,Guararema,SP,2013,1041.98,21.64,242,2012-09-01,2013-04-30,16
3518305,Guararema,SP,2014,762.83,22.06,242,2013-09-01,2014-04-30,15
3518305,Guararema,SP,2015,814.52,22.19,242,2014-09-01,2015-04-30,16
3518305,Guararema,SP,2016,1155.68,22.52,243,2015-09-01,2016-04-30,25
3518305,Guararema,SP,2017,1111.08,21.41,242,2016-09-01,2017-04-30,14
3518305,Guararema,SP,2018,885.1,21.83,242,2017-09-01,2018-04-30,28
3518305,Guararema,SP,2019,1200.65,22.11,242,2018-09-01,2019-04-30,7
3518305,Guararema,SP,2020,994.6,21.53,243,2019-09-01,2020-04-30,13
3518305,Guararema,SP,2021,850.67,22.12,242,2020-09-01,2021-04-30,19
3518305,Guararema,SP,2022,893.62,21.72,242,2021-09-01,2022-04-30,8
3518305,Guararema,SP,2023,1193.78,20.94,242,2022-09-01,2023-04-30,7
3518305,Guararema,SP,2024,993.45,23.35,243,2023-09-01,2024-04-30,12
3518305,Guararema,SP,2025,845.8,22.73,242,2024-09-01,2025-04-30,14
3518305,Guararema,SP,2026,748.72,22.2,242,2025-09-01,2026-04-30,19
3518404,Guaratinguetá,SP,2010,1524.1,21.31,242,2009-09-01,2010-04-30,12
3518404,Guaratinguetá,SP,2011,1407.82,20.75,242,2010-09-01,2011-04-30,11
3518404,Guaratinguetá,SP,2012,1045.87,20.28,243,2011-09-01,2012-04-30,13
3518404,Guaratinguetá,SP,2013,1144.67,21.12,242,2012-09-01,2013-04-30,16
3518404,Guaratinguetá,SP,2014,860.5,21.35,242,2013-09-01,2014-04-30,20
3518404,Guaratinguetá,SP,2015,789.52,21.7,242,2014-09-01,2015-04-30,15
3518404,Guaratinguetá,SP,2016,1303.96,22.03,243,2015-09-01,2016-04-30,24
3518404,Guaratinguetá,SP,2017,1206.04,20.77,242,2016-09-01,2017-04-30,15
3518404,Guaratinguetá,SP,2018,1149.53,21.13,242,2017-09-01,2018-04-30,26
3518404,Guaratinguetá,SP,2019,1383.66,21.33,242,2018-09-01,2019-04-30,8
3518404,Guaratinguetá,SP,2020,901.62,21.04,243,2019-09-01,2020-04-30,14
3518404,Guaratinguetá,SP,2021,982.13,21.56,242,2020-09-01,2021-04-30,19
3518404,Guaratinguetá,SP,2022,1003.25,21.07,242,2021-09-01,2022-04-30,10
3518404,Guaratinguetá,SP,2023,1257.81,20.46,242,2022-09-01,2023-04-30,7
3518404,Guaratinguetá,SP,2024,986.21,22.79,243,2023-09-01,2024-04-30,10
3518404,Guaratinguetá,SP,2025,902.17,22.15,242,2024-09-01,2025-04-30,19
3518404,Guaratinguetá,SP,2026,754.78,21.51,242,2025-09-01,2026-04-30,17
3518503,Guareí,SP,2010,1510.94,22.03,242,2009-09-01,2010-04-30,13
3518503,Guareí,SP,2011,1185.79,21.61,242,2010-09-01,2011-04-30,8
3518503,Guareí,SP,2012,863.82,21.82,243,2011-09-01,2012-04-30,22
3518503,Guareí,SP,2013,1016.67,22.28,242,2012-09-01,2013-04-30,18
3518503,Guareí,SP,2014,695.8,22.76,242,2013-09-01,2014-04-30,13
3518503,Guareí,SP,2015,836.99,22.97,242,2014-09-01,2015-04-30,17
3518503,Guareí,SP,2016,1273.12,23.0,243,2015-09-01,2016-04-30,29
3518503,Guareí,SP,2017,1006.51,21.85,242,2016-09-01,2017-04-30,13
3518503,Guareí,SP,2018,997.62,22.22,242,2017-09-01,2018-04-30,28
3518503,Guareí,SP,2019,1054.59,22.75,242,2018-09-01,2019-04-30,15
3518503,Guareí,SP,2020,875.42,22.51,243,2019-09-01,2020-04-30,16
3518503,Guareí,SP,2021,616.28,23.27,242,2020-09-01,2021-04-30,20
3518503,Guareí,SP,2022,963.03,22.63,242,2021-09-01,2022-04-30,13
3518503,Guareí,SP,2023,1092.75,21.48,242,2022-09-01,2023-04-30,8
3518503,Guareí,SP,2024,754.75,24.58,243,2023-09-01,2024-04-30,12
3518503,Guareí,SP,2025,681.39,23.89,242,2024-09-01,2025-04-30,14
3518503,Guareí,SP,2026,583.02,23.37,242,2025-09-01,2026-04-30,20
3518602,Guariba,SP,2010,1209.17,23.56,242,2009-09-01,2010-04-30,16
3518602,Guariba,SP,2011,1191.52,23.92,242,2010-09-01,2011-04-30,12
3518602,Guariba,SP,2012,1000.27,23.86,243,2011-09-01,2012-04-30,16
3518602,Guariba,SP,2013,1104.44,24.11,242,2012-09-01,2013-04-30,19
3518602,Guariba,SP,2014,726.02,24.86,242,2013-09-01,2014-04-30,11
3518602,Guariba,SP,2015,896.63,24.61,242,2014-09-01,2015-04-30,19
3518602,Guariba,SP,2016,1279.62,24.56,243,2015-09-01,2016-04-30,27
3518602,Guariba,SP,2017,901.64,23.94,242,2016-09-01,2017-04-30,12
3518602,Guariba,SP,2018,966.68,24.5,242,2017-09-01,2018-04-30,28
3518602,Guariba,SP,2019,1053.47,24.37,242,2018-09-01,2019-04-30,14
3518602,Guariba,SP,2020,988.92,24.73,243,2019-09-01,2020-04-30,18
3518602,Guariba,SP,2021,501.23,25.99,242,2020-09-01,2021-04-30,19
3518602,Guariba,SP,2022,928.43,24.68,242,2021-09-01,2022-04-30,16
3518602,Guariba,SP,2023,1045.32,23.58,242,2022-09-01,2023-04-30,9
3518602,Guariba,SP,2024,666.56,27.26,243,2023-09-01,2024-04-30,12
3518602,Guariba,SP,2025,885.2,25.77,242,2024-09-01,2025-04-30,19
3518602,Guariba,SP,2026,902.44,24.76,242,2025-09-01,2026-04-30,20
3518701,Guarujá,SP,2010,1817.02,24.28,242,2009-09-01,2010-04-30,11
3518701,Guarujá,SP,2011,1702.96,23.34,242,2010-09-01,2011-04-30,6
3518701,Guarujá,SP,2012,760.36,22.85,243,2011-09-01,2012-04-30,13
3518701,Guarujá,SP,2013,906.25,23.77,242,2012-09-01,2013-04-30,16
3518701,Guarujá,SP,2014,731.37,23.91,242,2013-09-01,2014-04-30,15
3518701,Guarujá,SP,2015,705.47,24.2,242,2014-09-01,2015-04-30,14
3518701,Guarujá,SP,2016,1221.89,24.48,243,2015-09-01,2016-04-30,25
3518701,Guarujá,SP,2017,982.71,23.76,242,2016-09-01,2017-04-30,11
3518701,Guarujá,SP,2018,803.52,23.93,242,2017-09-01,2018-04-30,27
3518701,Guarujá,SP,2019,994.81,24.52,242,2018-09-01,2019-04-30,8
3518701,Guarujá,SP,2020,949.7,23.41,243,2019-09-01,2020-04-30,13
3518701,Guarujá,SP,2021,1079.4,23.98,242,2020-09-01,2021-04-30,19
3518701,Guarujá,SP,2022,884.17,23.5,242,2021-09-01,2022-04-30,12
3518701,Guarujá,SP,2023,1233.21,23.34,242,2022-09-01,2023-04-30,11
3518701,Guarujá,SP,2024,1098.21,24.82,243,2023-09-01,2024-04-30,12
3518701,Guarujá,SP,2025,1026.79,24.21,242,2024-09-01,2025-04-30,18
3518701,Guarujá,SP,2026,688.76,23.9,242,2025-09-01,2026-04-30,22
3518800,Guarulhos,SP,2010,1708.0,21.63,242,2009-09-01,2010-04-30,11
3518800,Guarulhos,SP,2011,1612.83,21.03,242,2010-09-01,2011-04-30,10
3518800,Guarulhos,SP,2012,913.57,20.91,243,2011-09-01,2012-04-30,13
3518800,Guarulhos,SP,2013,1041.98,21.64,242,2012-09-01,2013-04-30,16
3518800,Guarulhos,SP,2014,762.83,22.06,242,2013-09-01,2014-04-30,15
3518800,Guarulhos,SP,2015,814.52,22.19,242,2014-09-01,2015-04-30,16
3518800,Guarulhos,SP,2016,1155.68,22.52,243,2015-09-01,2016-04-30,25
3518800,Guarulhos,SP,2017,1111.08,21.41,242,2016-09-01,2017-04-30,14
3518800,Guarulhos,SP,2018,885.1,21.83,242,2017-09-01,2018-04-30,28
3518800,Guarulhos,SP,2019,1200.65,22.11,242,2018-09-01,2019-04-30,7
3518800,Guarulhos,SP,2020,994.6,21.53,243,2019-09-01,2020-04-30,13
3518800,Guarulhos,SP,2021,850.67,22.12,242,2020-09-01,2021-04-30,19
3518800,Guarulhos,SP,2022,893.62,21.72,242,2021-09-01,2022-04-30,8
3518800,Guarulhos,SP,2023,1193.78,20.94,242,2022-09-01,2023-04-30,7
3518800,Guarulhos,SP,2024,993.45,23.35,243,2023-09-01,2024-04-30,12
3518800,Guarulhos,SP,2025,845.8,22.73,242,2024-09-01,2025-04-30,14
3518800,Guarulhos,SP,2026,748.72,22.2,242,2025-09-01,2026-04-30,19
3518859,Guatapará,SP,2010,1209.17,23.56,242,2009-09-01,2010-04-30,16
3518859,Guatapará,SP,2011,1191.52,23.92,242,2010-09-01,2011-04-30,12
3518859,Guatapará,SP,2012,1000.27,23.86,243,2011-09-01,2012-04-30,16
3518859,Guatapará,SP,2013,1104.44,24.11,242,2012-09-01,2013-04-30,19
3518859,Guatapará,SP,2014,726.02,24.86,242,2013-09-01,2014-04-30,11
3518859,Guatapará,SP,2015,896.63,24.61,242,2014-09-01,2015-04-30,19
3518859,Guatapará,SP,2016,1279.62,24.56,243,2015-09-01,2016-04-30,27
3518859,Guatapará,SP,2017,901.64,23.94,242,2016-09-01,2017-04-30,12
3518859,Guatapará,SP,2018,966.68,24.5,242,2017-09-01,2018-04-30,28
3518859,Guatapará,SP,2019,1053.47,24.37,242,2018-09-01,2019-04-30,14
3518859,Guatapará,SP,2020,988.92,24.73,243,2019-09-01,2020-04-30,18
3518859,Guatapará,SP,2021,501.23,25.99,242,2020-09-01,2021-04-30,19
3518859,Guatapará,SP,2022,928.43,24.68,242,2021-09-01,2022-04-30,16
3518859,Guatapará,SP,2023,1045.32,23.58,242,2022-09-01,2023-04-30,9
3518859,Guatapará,SP,2024,666.56,27.26,243,2023-09-01,2024-04-30,12
3518859,Guatapará,SP,2025,885.2,25.77,242,2024-09-01,2025-04-30,19
3518859,Guatapará,SP,2026,902.44,24.76,242,2025-09-01,2026-04-30,20
3518909,Guzolândia,SP,2010,1346.18,25.27,242,2009-09-01,2010-04-30,25
3518909,Guzolândia,SP,2011,1462.0,25.57,242,2010-09-01,2011-04-30,23
3518909,Guzolândia,SP,2012,903.31,25.89,243,2011-09-01,2012-04-30,11
3518909,Guzolândia,SP,2013,980.99,26.22,242,2012-09-01,2013-04-30,18
3518909,Guzolândia,SP,2014,821.59,26.6,242,2013-09-01,2014-04-30,14
3518909,Guzolândia,SP,2015,1119.3,26.19,242,2014-09-01,2015-04-30,17
3518909,Guzolândia,SP,2016,1259.66,26.28,243,2015-09-01,2016-04-30,30
3518909,Guzolândia,SP,2017,1096.46,25.39,242,2016-09-01,2017-04-30,13
3518909,Guzolândia,SP,2018,1157.68,25.87,242,2017-09-01,2018-04-30,28
3518909,Guzolândia,SP,2019,998.87,26.61,242,2018-09-01,2019-04-30,14
3518909,Guzolândia,SP,2020,942.26,27.01,243,2019-09-01,2020-04-30,17
3518909,Guzolândia,SP,2021,489.72,28.4,242,2020-09-01,2021-04-30,18
3518909,Guzolândia,SP,2022,972.46,26.75,242,2021-09-01,2022-04-30,16
3518909,Guzolândia,SP,2023,1070.0,25.59,242,2022-09-01,2023-04-30,9
3518909,Guzolândia,SP,2024,782.78,29.3,243,2023-09-01,2024-04-30,14
3518909,Guzolândia,SP,2025,805.05,27.93,242,2024-09-01,2025-04-30,22
3518909,Guzolândia,SP,2026,778.93,27.5,242,2025-09-01,2026-04-30,21
3519006,Herculândia,SP,2010,1367.74,24.22,242,2009-09-01,2010-04-30,15
3519006,Herculândia,SP,2011,1074.29,24.34,242,2010-09-01,2011-04-30,16
3519006,Herculândia,SP,2012,745.01,25.41,243,2011-09-01,2012-04-30,13
3519006,Herculândia,SP,2013,1004.34,25.07,242,2012-09-01,2013-04-30,18
3519006,Herculândia,SP,2014,783.29,25.34,242,2013-09-01,2014-04-30,12
3519006,Herculândia,SP,2015,1051.45,25.1,242,2014-09-01,2015-04-30,21
3519006,Herculândia,SP,2016,1556.5,24.89,243,2015-09-01,2016-04-30,18
3519006,Herculândia,SP,2017,924.04,23.79,242,2016-09-01,2017-04-30,12
3519006,Herculândia,SP,2018,1202.02,24.56,242,2017-09-01,2018-04-30,28
3519006,Herculândia,SP,2019,1097.67,25.08,242,2018-09-01,2019-04-30,14
3519006,Herculândia,SP,2020,927.79,25.95,243,2019-09-01,2020-04-30,17
3519006,Herculândia,SP,2021,648.32,26.43,242,2020-09-01,2021-04-30,19
3519006,Herculândia,SP,2022,942.05,25.83,242,2021-09-01,2022-04-30,10
3519006,Herculândia,SP,2023,1136.0,24.1,242,2022-09-01,2023-04-30,9
3519006,Herculândia,SP,2024,796.54,28.01,243,2023-09-01,2024-04-30,16
3519006,Herculândia,SP,2025,790.43,26.95,242,2024-09-01,2025-04-30,14
3519006,Herculândia,SP,2026,890.38,25.91,242,2025-09-01,2026-04-30,20
3519055,Holambra,SP,2010,1416.36,22.42,242,2009-09-01,2010-04-30,16
3519055,Holambra,SP,2011,1196.55,22.61,242,2010-09-01,2011-04-30,12
3519055,Holambra,SP,2012,1116.49,22.29,243,2011-09-01,2012-04-30,20
3519055,Holambra,SP,2013,1244.62,22.68,242,2012-09-01,2013-04-30,19
3519055,Holambra,SP,2014,797.62,23.29,242,2013-09-01,2014-04-30,13
3519055,Holambra,SP,2015,972.16,23.21,242,2014-09-01,2015-04-30,18
3519055,Holambra,SP,2016,1290.4,23.44,243,2015-09-01,2016-04-30,27
3519055,Holambra,SP,2017,1012.84,22.65,242,2016-09-01,2017-04-30,16
3519055,Holambra,SP,2018,929.17,23.21,242,2017-09-01,2018-04-30,28
3519055,Holambra,SP,2019,1141.59,23.02,242,2018-09-01,2019-04-30,14
3519055,Holambra,SP,2020,984.72,23.31,243,2019-09-01,2020-04-30,19
3519055,Holambra,SP,2021,617.74,24.24,242,2020-09-01,2021-04-30,19
3519055,Holambra,SP,2022,950.39,23.3,242,2021-09-01,2022-04-30,16
3519055,Holambra,SP,2023,1174.73,22.18,242,2022-09-01,2023-04-30,9
3519055,Holambra,SP,2024,835.23,25.34,243,2023-09-01,2024-04-30,12
3519055,Holambra,SP,2025,792.24,24.39,242,2024-09-01,2025-04-30,19
3519055,Holambra,SP,2026,836.39,23.55,242,2025-09-01,2026-04-30,19
3519071,Hortolândia,SP,2010,1443.1,22.87,242,2009-09-01,2010-04-30,14
3519071,Hortolândia,SP,2011,1109.65,22.87,242,2010-09-01,2011-04-30,14
3519071,Hortolândia,SP,2012,925.98,23.0,243,2011-09-01,2012-04-30,22
3519071,Hortolândia,SP,2013,1093.02,23.28,242,2012-09-01,2013-04-30,19
3519071,Hortolândia,SP,2014,688.23,23.98,242,2013-09-01,2014-04-30,12
3519071,Hortolândia,SP,2015,885.74,23.87,242,2014-09-01,2015-04-30,17
3519071,Hortolândia,SP,2016,1259.92,23.88,243,2015-09-01,2016-04-30,27
3519071,Hortolândia,SP,2017,1009.69,22.97,242,2016-09-01,2017-04-30,16
3519071,Hortolândia,SP,2018,877.03,23.6,242,2017-09-01,2018-04-30,28
3519071,Hortolândia,SP,2019,1143.22,23.61,242,2018-09-01,2019-04-30,14
3519071,Hortolândia,SP,2020,999.25,23.59,243,2019-09-01,2020-04-30,16
3519071,Hortolândia,SP,2021,590.56,24.63,242,2020-09-01,2021-04-30,21
3519071,Hortolândia,SP,2022,921.43,23.75,242,2021-09-01,2022-04-30,14
3519071,Hortolândia,SP,2023,1143.79,22.48,242,2022-09-01,2023-04-30,9
3519071,Hortolândia,SP,2024,780.23,25.89,243,2023-09-01,2024-04-30,12
3519071,Hortolândia,SP,2025,698.98,25.04,242,2024-09-01,2025-04-30,17
3519071,Hortolândia,SP,2026,733.68,24.31,242,2025-09-01,2026-04-30,20
3519105,Iacanga,SP,2010,1134.37,24.18,242,2009-09-01,2010-04-30,16
3519105,Iacanga,SP,2011,1031.99,24.5,242,2010-09-01,2011-04-30,16
3519105,Iacanga,SP,2012,726.98,24.96,243,2011-09-01,2012-04-30,16
3519105,Iacanga,SP,2013,1003.89,24.81,242,2012-09-01,2013-04-30,18
3519105,Iacanga,SP,2014,644.37,25.49,242,2013-09-01,2014-04-30,12
3519105,Iacanga,SP,2015,924.19,25.07,242,2014-09-01,2015-04-30,24
3519105,Iacanga,SP,2016,1366.53,24.96,243,2015-09-01,2016-04-30,30
3519105,Iacanga,SP,2017,922.01,24.17,242,2016-09-01,2017-04-30,26
3519105,Iacanga,SP,2018,891.81,25.09,242,2017-09-01,2018-04-30,28
3519105,Iacanga,SP,2019,972.62,25.1,242,2018-09-01,2019-04-30,14
3519105,Iacanga,SP,2020,797.71,25.76,243,2019-09-01,2020-04-30,17
3519105,Iacanga,SP,2021,549.9,26.42,242,2020-09-01,2021-04-30,18
3519105,Iacanga,SP,2022,949.0,25.18,242,2021-09-01,2022-04-30,16
3519105,Iacanga,SP,2023,858.88,24.28,242,2022-09-01,2023-04-30,11
3519105,Iacanga,SP,2024,527.69,28.25,243,2023-09-01,2024-04-30,12
3519105,Iacanga,SP,2025,683.78,26.68,242,2024-09-01,2025-04-30,23
3519105,Iacanga,SP,2026,722.77,25.72,242,2025-09-01,2026-04-30,21
3519204,Iacri,SP,2010,1367.74,24.22,242,2009-09-01,2010-04-30,15
3519204,Iacri,SP,2011,1074.29,24.34,242,2010-09-01,2011-04-30,16
3519204,Iacri,SP,2012,745.01,25.41,243,2011-09-01,2012-04-30,13
3519204,Iacri,SP,2013,1004.34,25.07,242,2012-09-01,2013-04-30,18
3519204,Iacri,SP,2014,783.29,25.34,242,2013-09-01,2014-04-30,12
3519204,Iacri,SP,2015,1051.45,25.1,242,2014-09-01,2015-04-30,21
3519204,Iacri,SP,2016,1556.5,24.89,243,2015-09-01,2016-04-30,18
3519204,Iacri,SP,2017,924.04,23.79,242,2016-09-01,2017-04-30,12
3519204,Iacri,SP,2018,1202.02,24.56,242,2017-09-01,2018-04-30,28
3519204,Iacri,SP,2019,1097.67,25.08,242,2018-09-01,2019-04-30,14
3519204,Iacri,SP,2020,927.79,25.95,243,2019-09-01,2020-04-30,17
3519204,Iacri,SP,2021,648.32,26.43,242,2020-09-01,2021-04-30,19
3519204,Iacri,SP,2022,942.05,25.83,242,2021-09-01,2022-04-30,10
3519204,Iacri,SP,2023,1136.0,24.1,242,2022-09-01,2023-04-30,9
3519204,Iacri,SP,2024,796.54,28.01,243,2023-09-01,2024-04-30,16
3519204,Iacri,SP,2025,790.43,26.95,242,2024-09-01,2025-04-30,14
3519204,Iacri,SP,2026,890.38,25.91,242,2025-09-01,2026-04-30,20
3519253,Iaras,SP,2010,1269.52,23.15,242,2009-09-01,2010-04-30,16
3519253,Iaras,SP,2011,969.56,23.05,242,2010-09-01,2011-04-30,15
3519253,Iaras,SP,2012,856.88,23.23,243,2011-09-01,2012-04-30,22
3519253,Iaras,SP,2013,1056.89,23.44,242,2012-09-01,2013-04-30,18
3519253,Iaras,SP,2014,809.47,23.53,242,2013-09-01,2014-04-30,12
3519253,Iaras,SP,2015,988.42,23.63,242,2014-09-01,2015-04-30,17
3519253,Iaras,SP,2016,1495.77,23.75,243,2015-09-01,2016-04-30,14
3519253,Iaras,SP,2017,982.85,22.7,242,2016-09-01,2017-04-30,17
3519253,Iaras,SP,2018,1090.44,23.28,242,2017-09-01,2018-04-30,28
3519253,Iaras,SP,2019,990.48,23.82,242,2018-09-01,2019-04-30,14
3519253,Iaras,SP,2020,751.68,24.16,243,2019-09-01,2020-04-30,18
3519253,Iaras,SP,2021,680.11,24.27,242,2020-09-01,2021-04-30,20
3519253,Iaras,SP,2022,937.5,23.85,242,2021-09-01,2022-04-30,14
3519253,Iaras,SP,2023,1045.16,22.54,242,2022-09-01,2023-04-30,9
3519253,Iaras,SP,2024,710.14,25.84,243,2023-09-01,2024-04-30,14
3519253,Iaras,SP,2025,664.42,24.99,242,2024-09-01,2025-04-30,14
3519253,Iaras,SP,2026,716.02,24.17,242,2025-09-01,2026-04-30,20
3519303,Ibaté,SP,2010,1281.96,22.97,242,2009-09-01,2010-04-30,16
3519303,Ibaté,SP,2011,1109.39,23.33,242,2010-09-01,2011-04-30,12
3519303,Ibaté,SP,2012,957.52,23.23,243,2011-09-01,2012-04-30,16
3519303,Ibaté,SP,2013,1160.37,23.51,242,2012-09-01,2013-04-30,19
3519303,Ibaté,SP,2014,729.3,24.04,242,2013-09-01,2014-04-30,11
3519303,Ibaté,SP,2015,948.6,23.92,242,2014-09-01,2015-04-30,19
3519303,Ibaté,SP,2016,1302.13,24.0,243,2015-09-01,2016-04-30,28
3519303,Ibaté,SP,2017,953.32,23.05,242,2016-09-01,2017-04-30,16
3519303,Ibaté,SP,2018,913.57,23.9,242,2017-09-01,2018-04-30,28
3519303,Ibaté,SP,2019,999.31,23.85,242,2018-09-01,2019-04-30,14
3519303,Ibaté,SP,2020,878.69,24.28,243,2019-09-01,2020-04-30,18
3519303,Ibaté,SP,2021,471.48,25.33,242,2020-09-01,2021-04-30,21
3519303,Ibaté,SP,2022,930.33,24.04,242,2021-09-01,2022-04-30,16
3519303,Ibaté,SP,2023,969.43,23.01,242,2022-09-01,2023-04-30,9
3519303,Ibaté,SP,2024,617.83,26.63,243,2023-09-01,2024-04-30,12
3519303,Ibaté,SP,2025,789.62,25.2,242,2024-09-01,2025-04-30,19
3519303,Ibaté,SP,2026,801.21,24.29,242,2025-09-01,2026-04-30,21
3519402,Ibirá,SP,2010,1105.87,24.68,242,2009-09-01,2010-04-30,17
3519402,Ibirá,SP,2011,1214.77,25.07,242,2010-09-01,2011-04-30,16
3519402,Ibirá,SP,2012,872.96,25.22,243,2011-09-01,2012-04-30,14
3519402,Ibirá,SP,2013,1027.94,25.45,242,2012-09-01,2013-04-30,16
3519402,Ibirá,SP,2014,828.87,25.71,242,2013-09-01,2014-04-30,16
3519402,Ibirá,SP,2015,836.03,25.94,242,2014-09-01,2015-04-30,19
3519402,Ibirá,SP,2016,1208.83,25.66,243,2015-09-01,2016-04-30,28
3519402,Ibirá,SP,2017,897.37,25.01,242,2016-09-01,2017-04-30,13
3519402,Ibirá,SP,2018,992.26,25.51,242,2017-09-01,2018-04-30,28
3519402,Ibirá,SP,2019,943.31,25.91,242,2018-09-01,2019-04-30,15
3519402,Ibirá,SP,2020,948.71,26.18,243,2019-09-01,2020-04-30,16
3519402,Ibirá,SP,2021,648.53,27.03,242,2020-09-01,2021-04-30,18
3519402,Ibirá,SP,2022,1070.52,25.65,242,2021-09-01,2022-04-30,16
3519402,Ibirá,SP,2023,1019.01,24.81,242,2022-09-01,2023-04-30,7
3519402,Ibirá,SP,2024,642.35,28.83,243,2023-09-01,2024-04-30,16
3519402,Ibirá,SP,2025,840.27,27.01,242,2024-09-01,2025-04-30,23
3519402,Ibirá,SP,2026,871.3,26.24,242,2025-09-01,2026-04-30,20
3519501,Ibirarema,SP,2010,1392.71,23.68,242,2009-09-01,2010-04-30,16
3519501,Ibirarema,SP,2011,927.56,23.84,242,2010-09-01,2011-04-30,15
3519501,Ibirarema,SP,2012,819.47,24.48,243,2011-09-01,2012-04-30,13
3519501,Ibirarema,SP,2013,943.07,24.5,242,2012-09-01,2013-04-30,17
3519501,Ibirarema,SP,2014,976.22,24.29,242,2013-09-01,2014-04-30,13
3519501,Ibirarema,SP,2015,1044.2,24.28,242,2014-09-01,2015-04-30,17
3519501,Ibirarema,SP,2016,1729.39,24.18,243,2015-09-01,2016-04-30,24
3519501,Ibirarema,SP,2017,1038.49,23.35,242,2016-09-01,2017-04-30,13
3519501,Ibirarema,SP,2018,1143.58,24.02,242,2017-09-01,2018-04-30,28
3519501,Ibirarema,SP,2019,1028.09,24.56,242,2018-09-01,2019-04-30,14
3519501,Ibirarema,SP,2020,824.95,25.21,243,2019-09-01,2020-04-30,17
3519501,Ibirarema,SP,2021,728.1,25.17,242,2020-09-01,2021-04-30,20
3519501,Ibirarema,SP,2022,927.7,24.89,242,2021-09-01,2022-04-30,14
3519501,Ibirarema,SP,2023,1189.14,23.1,242,2022-09-01,2023-04-30,9
3519501,Ibirarema,SP,2024,731.89,27.04,243,2023-09-01,2024-04-30,14
3519501,Ibirarema,SP,2025,681.24,26.11,242,2024-09-01,2025-04-30,14
3519501,Ibirarema,SP,2026,814.67,25.17,242,2025-09-01,2026-04-30,20
3519600,Ibitinga,SP,2010,1134.37,24.18,242,2009-09-01,2010-04-30,16
3519600,Ibitinga,SP,2011,1031.99,24.5,242,2010-09-01,2011-04-30,16
3519600,Ibitinga,SP,2012,726.98,24.96,243,2011-09-01,2012-04-30,16
3519600,Ibitinga,SP,2013,1003.89,24.81,242,2012-09-01,2013-04-30,18
3519600,Ibitinga,SP,2014,644.37,25.49,242,2013-09-01,2014-04-30,12
3519600,Ibitinga,SP,2015,924.19,25.07,242,2014-09-01,2015-04-30,24
3519600,Ibitinga,SP,2016,1366.53,24.96,243,2015-09-01,2016-04-30,30
3519600,Ibitinga,SP,2017,922.01,24.17,242,2016-09-01,2017-04-30,26
3519600,Ibitinga,SP,2018,891.81,25.09,242,2017-09-01,2018-04-30,28
3519600,Ibitinga,SP,2019,972.62,25.1,242,2018-09-01,2019-04-30,14
3519600,Ibitinga,SP,2020,797.71,25.76,243,2019-09-01,2020-04-30,17
3519600,Ibitinga,SP,2021,549.9,26.42,242,2020-09-01,2021-04-30,18
3519600,Ibitinga,SP,2022,949.0,25.18,242,2021-09-01,2022-04-30,16
3519600,Ibitinga,SP,2023,858.88,24.28,242,2022-09-01,2023-04-30,11
3519600,Ibitinga,SP,2024,527.69,28.25,243,2023-09-01,2024-04-30,12
3519600,Ibitinga,SP,2025,683.78,26.68,242,2024-09-01,2025-04-30,23
3519600,Ibitinga,SP,2026,722.77,25.72,242,2025-09-01,2026-04-30,21
3519709,Ibiúna,SP,2010,1548.7,21.59,242,2009-09-01,2010-04-30,12
3519709,Ibiúna,SP,2011,1208.16,21.35,242,2010-09-01,2011-04-30,8
3519709,Ibiúna,SP,2012,884.05,21.48,243,2011-09-01,2012-04-30,13
3519709,Ibiúna,SP,2013,1041.36,21.89,242,2012-09-01,2013-04-30,19
3519709,Ibiúna,SP,2014,714.51,22.49,242,2013-09-01,2014-04-30,13
3519709,Ibiúna,SP,2015,852.53,22.53,242,2014-09-01,2015-04-30,16
3519709,Ibiúna,SP,2016,1261.59,22.56,243,2015-09-01,2016-04-30,26
3519709,Ibiúna,SP,2017,1057.39,21.56,242,2016-09-01,2017-04-30,13
3519709,Ibiúna,SP,2018,864.02,22.11,242,2017-09-01,2018-04-30,28
3519709,Ibiúna,SP,2019,1159.73,22.35,242,2018-09-01,2019-04-30,8
3519709,Ibiúna,SP,2020,1047.14,21.97,243,2019-09-01,2020-04-30,22
3519709,Ibiúna,SP,2021,662.21,22.83,242,2020-09-01,2021-04-30,19
3519709,Ibiúna,SP,2022,1011.81,22.13,242,2021-09-01,2022-04-30,14
3519709,Ibiúna,SP,2023,1305.91,20.95,242,2022-09-01,2023-04-30,7
3519709,Ibiúna,SP,2024,849.66,24.1,243,2023-09-01,2024-04-30,13
3519709,Ibiúna,SP,2025,738.44,23.44,242,2024-09-01,2025-04-30,14
3519709,Ibiúna,SP,2026,710.6,22.79,242,2025-09-01,2026-04-30,20
3519808,Icém,SP,2010,1174.84,24.82,242,2009-09-01,2010-04-30,25
3519808,Icém,SP,2011,1341.78,25.09,242,2010-09-01,2011-04-30,23
3519808,Icém,SP,2012,1030.22,24.97,243,2011-09-01,2012-04-30,16
3519808,Icém,SP,2013,1071.04,25.5,242,2012-09-01,2013-04-30,18
3519808,Icém,SP,2014,912.54,25.57,242,2013-09-01,2014-04-30,11
3519808,Icém,SP,2015,955.35,25.89,242,2014-09-01,2015-04-30,17
3519808,Icém,SP,2016,1265.3,25.8,243,2015-09-01,2016-04-30,26
3519808,Icém,SP,2017,1004.32,25.09,242,2016-09-01,2017-04-30,12
3519808,Icém,SP,2018,1070.76,25.55,242,2017-09-01,2018-04-30,28
3519808,Icém,SP,2019,985.34,25.98,242,2018-09-01,2019-04-30,14
3519808,Icém,SP,2020,995.23,26.25,243,2019-09-01,2020-04-30,17
3519808,Icém,SP,2021,689.18,27.06,242,2020-09-01,2021-04-30,18
3519808,Icém,SP,2022,1076.68,25.9,242,2021-09-01,2022-04-30,16
3519808,Icém,SP,2023,1128.03,25.07,242,2022-09-01,2023-04-30,9
3519808,Icém,SP,2024,780.38,28.54,243,2023-09-01,2024-04-30,16
3519808,Icém,SP,2025,887.63,27.11,242,2024-09-01,2025-04-30,39
3519808,Icém,SP,2026,899.81,26.44,242,2025-09-01,2026-04-30,20
3519907,Iepê,SP,2010,1718.44,24.56,242,2009-09-01,2010-04-30,15
3519907,Iepê,SP,2011,1298.5,24.51,242,2010-09-01,2011-04-30,16
3519907,Iepê,SP,2012,851.67,25.39,243,2011-09-01,2012-04-30,12
3519907,Iepê,SP,2013,1011.01,25.37,242,2012-09-01,2013-04-30,18
3519907,Iepê,SP,2014,1007.62,25.28,242,2013-09-01,2014-04-30,12
3519907,Iepê,SP,2015,1018.59,25.32,242,2014-09-01,2015-04-30,12
3519907,Iepê,SP,2016,1616.89,25.15,243,2015-09-01,2016-04-30,24
3519907,Iepê,SP,2017,886.2,24.55,242,2016-09-01,2017-04-30,13
3519907,Iepê,SP,2018,1218.25,24.97,242,2017-09-01,2018-04-30,28
3519907,Iepê,SP,2019,1035.46,25.52,242,2018-09-01,2019-04-30,14
3519907,Iepê,SP,2020,856.66,26.1,243,2019-09-01,2020-04-30,16
3519907,Iepê,SP,2021,688.9,26.23,242,2020-09-01,2021-04-30,19
3519907,Iepê,SP,2022,850.55,26.03,242,2021-09-01,2022-04-30,10
3519907,Iepê,SP,2023,1222.81,24.08,242,2022-09-01,2023-04-30,9
3519907,Iepê,SP,2024,746.12,28.09,243,2023-09-01,2024-04-30,16
3519907,Iepê,SP,2025,754.96,26.91,242,2024-09-01,2025-04-30,14
3519907,Iepê,SP,2026,932.25,26.02,242,2025-09-01,2026-04-30,20
3520004,Igaraçu do Tietê,SP,2010,1227.44,23.44,242,2009-09-01,2010-04-30,16
3520004,Igaraçu do Tietê,SP,2011,1099.59,23.39,242,2010-09-01,2011-04-30,17
3520004,Igaraçu do Tietê,SP,2012,887.15,23.34,243,2011-09-01,2012-04-30,16
3520004,Igaraçu do Tietê,SP,2013,1177.08,23.68,242,2012-09-01,2013-04-30,18
3520004,Igaraçu do Tietê,SP,2014,724.43,23.92,242,2013-09-01,2014-04-30,12
3520004,Igaraçu do Tietê,SP,2015,929.0,24.02,242,2014-09-01,2015-04-30,18
3520004,Igaraçu do Tietê,SP,2016,1333.96,24.21,243,2015-09-01,2016-04-30,19
3520004,Igaraçu do Tietê,SP,2017,892.66,23.18,242,2016-09-01,2017-04-30,17
3520004,Igaraçu do Tietê,SP,2018,953.87,23.88,242,2017-09-01,2018-04-30,28
3520004,Igaraçu do Tietê,SP,2019,884.16,24.23,242,2018-09-01,2019-04-30,14
3520004,Igaraçu do Tietê,SP,2020,606.36,24.73,243,2019-09-01,2020-04-30,16
3520004,Igaraçu do Tietê,SP,2021,476.13,25.12,242,2020-09-01,2021-04-30,17
3520004,Igaraçu do Tietê,SP,2022,911.19,24.14,242,2021-09-01,2022-04-30,16
3520004,Igaraçu do Tietê,SP,2023,802.1,23.24,242,2022-09-01,2023-04-30,10
3520004,Igaraçu do Tietê,SP,2024,565.48,26.48,243,2023-09-01,2024-04-30,12
3520004,Igaraçu do Tietê,SP,2025,590.55,25.42,242,2024-09-01,2025-04-30,23
3520004,Igaraçu do Tietê,SP,2026,644.7,24.51,242,2025-09-01,2026-04-30,20
3520103,Igarapava,SP,2010,1412.45,22.82,242,2009-09-01,2010-04-30,22
3520103,Igarapava,SP,2011,1618.24,22.92,242,2010-09-01,2011-04-30,12
3520103,Igarapava,SP,2012,1204.62,22.46,243,2011-09-01,2012-04-30,16
3520103,Igarapava,SP,2013,1125.98,23.4,242,2012-09-01,2013-04-30,16
3520103,Igarapava,SP,2014,943.22,23.47,242,2013-09-01,2014-04-30,16
3520103,Igarapava,SP,2015,1116.45,23.7,242,2014-09-01,2015-04-30,18
3520103,Igarapava,SP,2016,1337.49,24.06,243,2015-09-01,2016-04-30,26
3520103,Igarapava,SP,2017,1114.99,23.2,242,2016-09-01,2017-04-30,16
3520103,Igarapava,SP,2018,1323.48,23.37,242,2017-09-01,2018-04-30,28
3520103,Igarapava,SP,2019,1436.92,23.33,242,2018-09-01,2019-04-30,13
3520103,Igarapava,SP,2020,1217.43,23.84,243,2019-09-01,2020-04-30,17
3520103,Igarapava,SP,2021,769.63,24.5,242,2020-09-01,2021-04-30,14
3520103,Igarapava,SP,2022,1230.63,23.72,242,2021-09-01,2022-04-30,13
3520103,Igarapava,SP,2023,1067.18,23.2,242,2022-09-01,2023-04-30,13
3520103,Igarapava,SP,2024,845.43,25.97,243,2023-09-01,2024-04-30,21
3520103,Igarapava,SP,2025,1081.85,24.69,242,2024-09-01,2025-04-30,20
3520103,Igarapava,SP,2026,1094.36,23.88,242,2025-09-01,2026-04-30,22
3520202,Igaratá,SP,2010,1513.84,20.93,242,2009-09-01,2010-04-30,12
3520202,Igaratá,SP,2011,1425.14,20.67,242,2010-09-01,2011-04-30,6
3520202,Igaratá,SP,2012,1060.67,20.38,243,2011-09-01,2012-04-30,21
3520202,Igaratá,SP,2013,1210.5,20.9,242,2012-09-01,2013-04-30,19
3520202,Igaratá,SP,2014,839.61,21.3,242,2013-09-01,2014-04-30,11
3520202,Igaratá,SP,2015,895.39,21.48,242,2014-09-01,2015-04-30,18
3520202,Igaratá,SP,2016,1225.88,21.96,243,2015-09-01,2016-04-30,25
3520202,Igaratá,SP,2017,1044.67,20.82,242,2016-09-01,2017-04-30,13
3520202,Igaratá,SP,2018,965.47,21.24,242,2017-09-01,2018-04-30,26
3520202,Igaratá,SP,2019,1231.04,21.33,242,2018-09-01,2019-04-30,8
3520202,Igaratá,SP,2020,983.55,21.17,243,2019-09-01,2020-04-30,22
3520202,Igaratá,SP,2021,823.86,21.75,242,2020-09-01,2021-04-30,19
3520202,Igaratá,SP,2022,928.95,21.27,242,2021-09-01,2022-04-30,13
3520202,Igaratá,SP,2023,1229.13,20.34,242,2022-09-01,2023-04-30,6
3520202,Igaratá,SP,2024,994.5,22.89,243,2023-09-01,2024-04-30,12
3520202,Igaratá,SP,2025,818.34,22.28,242,2024-09-01,2025-04-30,15
3520202,Igaratá,SP,2026,774.66,21.64,242,2025-09-01,2026-04-30,20
3520301,Iguape,SP,2010,1808.0,23.95,242,2009-09-01,2010-04-30,10
3520301,Iguape,SP,2011,1146.77,23.12,242,2010-09-01,2011-04-30,9
3520301,Iguape,SP,2012,967.0,22.99,243,2011-09-01,2012-04-30,11
3520301,Iguape,SP,2013,1078.95,23.63,242,2012-09-01,2013-04-30,13
3520301,Iguape,SP,2014,1033.99,23.68,242,2013-09-01,2014-04-30,17
3520301,Iguape,SP,2015,1047.05,24.1,242,2014-09-01,2015-04-30,13
3520301,Iguape,SP,2016,1526.1,24.27,243,2015-09-01,2016-04-30,12
3520301,Iguape,SP,2017,920.5,23.83,242,2016-09-01,2017-04-30,11
3520301,Iguape,SP,2018,891.15,24.21,242,2017-09-01,2018-04-30,27
3520301,Iguape,SP,2019,1166.76,24.59,242,2018-09-01,2019-04-30,8
3520301,Iguape,SP,2020,904.62,23.72,243,2019-09-01,2020-04-30,10
3520301,Iguape,SP,2021,962.53,24.12,242,2020-09-01,2021-04-30,14
3520301,Iguape,SP,2022,869.85,23.92,242,2021-09-01,2022-04-30,12
3520301,Iguape,SP,2023,1286.79,23.25,242,2022-09-01,2023-04-30,10
3520301,Iguape,SP,2024,1129.11,24.96,243,2023-09-01,2024-04-30,11
3520301,Iguape,SP,2025,920.77,24.59,242,2024-09-01,2025-04-30,14
3520301,Iguape,SP,2026,728.2,24.4,242,2025-09-01,2026-04-30,19
3520400,Ilhabela,SP,2010,1570.31,24.42,242,2009-09-01,2010-04-30,11
3520400,Ilhabela,SP,2011,1462.61,23.51,242,2010-09-01,2011-04-30,10
3520400,Ilhabela,SP,2012,726.51,22.9,243,2011-09-01,2012-04-30,13
3520400,Ilhabela,SP,2013,790.97,23.74,242,2012-09-01,2013-04-30,19
3520400,Ilhabela,SP,2014,647.21,23.87,242,2013-09-01,2014-04-30,19
3520400,Ilhabela,SP,2015,744.93,24.07,242,2014-09-01,2015-04-30,16
3520400,Ilhabela,SP,2016,1296.39,24.38,243,2015-09-01,2016-04-30,21
3520400,Ilhabela,SP,2017,993.69,23.77,242,2016-09-01,2017-04-30,14
3520400,Ilhabela,SP,2018,829.39,23.8,242,2017-09-01,2018-04-30,28
3520400,Ilhabela,SP,2019,1176.8,24.44,242,2018-09-01,2019-04-30,14
3520400,Ilhabela,SP,2020,958.36,23.38,243,2019-09-01,2020-04-30,16
3520400,Ilhabela,SP,2021,1120.33,23.97,242,2020-09-01,2021-04-30,19
3520400,Ilhabela,SP,2022,951.58,23.39,242,2021-09-01,2022-04-30,21
3520400,Ilhabela,SP,2023,1209.42,23.4,242,2022-09-01,2023-04-30,12
3520400,Ilhabela,SP,2024,1032.03,24.69,243,2023-09-01,2024-04-30,12
3520400,Ilhabela,SP,2025,1030.93,24.06,242,2024-09-01,2025-04-30,18
3520400,Ilhabela,SP,2026,688.27,23.75,242,2025-09-01,2026-04-30,17
3520442,Ilha Solteira,SP,2010,1492.54,25.9,242,2009-09-01,2010-04-30,19
3520442,Ilha Solteira,SP,2011,1500.37,25.85,242,2010-09-01,2011-04-30,23
3520442,Ilha Solteira,SP,2012,873.61,26.26,243,2011-09-01,2012-04-30,12
3520442,Ilha Solteira,SP,2013,1000.99,26.68,242,2012-09-01,2013-04-30,18
3520442,Ilha Solteira,SP,2014,778.13,27.12,242,2013-09-01,2014-04-30,14
3520442,Ilha Solteira,SP,2015,1035.79,26.94,242,2014-09-01,2015-04-30,17
3520442,Ilha Solteira,SP,2016,1169.26,27.03,243,2015-09-01,2016-04-30,29
3520442,Ilha Solteira,SP,2017,1057.63,25.88,242,2016-09-01,2017-04-30,13
3520442,Ilha Solteira,SP,2018,1134.09,26.36,242,2017-09-01,2018-04-30,28
3520442,Ilha Solteira,SP,2019,1055.08,27.03,242,2018-09-01,2019-04-30,13
3520442,Ilha Solteira,SP,2020,882.49,27.65,243,2019-09-01,2020-04-30,16
3520442,Ilha Solteira,SP,2021,403.25,28.94,242,2020-09-01,2021-04-30,21
3520442,Ilha Solteira,SP,2022,837.66,27.61,242,2021-09-01,2022-04-30,14
3520442,Ilha Solteira,SP,2023,1010.79,26.1,242,2022-09-01,2023-04-30,8
3520442,Ilha Solteira,SP,2024,728.0,29.87,243,2023-09-01,2024-04-30,14
3520442,Ilha Solteira,SP,2025,722.96,28.64,242,2024-09-01,2025-04-30,15
3520442,Ilha Solteira,SP,2026,583.02,28.4,242,2025-09-01,2026-04-30,20
3520509,Indaiatuba,SP,2010,1443.1,22.87,242,2009-09-01,2010-04-30,14
3520509,Indaiatuba,SP,2011,1109.65,22.87,242,2010-09-01,2011-04-30,14
3520509,Indaiatuba,SP,2012,925.98,23.0,243,2011-09-01,2012-04-30,22
3520509,Indaiatuba,SP,2013,1093.02,23.28,242,2012-09-01,2013-04-30,19
3520509,Indaiatuba,SP,2014,688.23,23.98,242,2013-09-01,2014-04-30,12
3520509,Indaiatuba,SP,2015,885.74,23.87,242,2014-09-01,2015-04-30,17
3520509,Indaiatuba,SP,2016,1259.92,23.88,243,2015-09-01,2016-04-30,27
3520509,Indaiatuba,SP,2017,1009.69,22.97,242,2016-09-01,2017-04-30,16
3520509,Indaiatuba,SP,2018,877.03,23.6,242,2017-09-01,2018-04-30,28
3520509,Indaiatuba,SP,2019,1143.22,23.61,242,2018-09-01,2019-04-30,14
3520509,Indaiatuba,SP,2020,999.25,23.59,243,2019-09-01,2020-04-30,16
3520509,Indaiatuba,SP,2021,590.56,24.63,242,2020-09-01,2021-04-30,21
3520509,Indaiatuba,SP,2022,921.43,23.75,242,2021-09-01,2022-04-30,14
3520509,Indaiatuba,SP,2023,1143.79,22.48,242,2022-09-01,2023-04-30,9
3520509,Indaiatuba,SP,2024,780.23,25.89,243,2023-09-01,2024-04-30,12
3520509,Indaiatuba,SP,2025,698.98,25.04,242,2024-09-01,2025-04-30,17
3520509,Indaiatuba,SP,2026,733.68,24.31,242,2025-09-01,2026-04-30,20
3520608,Indiana,SP,2010,1570.07,24.33,242,2009-09-01,2010-04-30,15
3520608,Indiana,SP,2011,1251.02,24.48,242,2010-09-01,2011-04-30,16
3520608,Indiana,SP,2012,871.98,25.57,243,2011-09-01,2012-04-30,12
3520608,Indiana,SP,2013,1067.01,25.38,242,2012-09-01,2013-04-30,18
3520608,Indiana,SP,2014,945.92,25.47,242,2013-09-01,2014-04-30,16
3520608,Indiana,SP,2015,1057.46,25.39,242,2014-09-01,2015-04-30,17
3520608,Indiana,SP,2016,1495.66,25.08,243,2015-09-01,2016-04-30,29
3520608,Indiana,SP,2017,865.02,24.47,242,2016-09-01,2017-04-30,13
3520608,Indiana,SP,2018,1219.68,24.87,242,2017-09-01,2018-04-30,28
3520608,Indiana,SP,2019,1001.07,25.7,242,2018-09-01,2019-04-30,14
3520608,Indiana,SP,2020,883.99,26.4,243,2019-09-01,2020-04-30,16
3520608,Indiana,SP,2021,657.07,26.82,242,2020-09-01,2021-04-30,27
3520608,Indiana,SP,2022,829.39,26.4,242,2021-09-01,2022-04-30,10
3520608,Indiana,SP,2023,1164.8,24.3,242,2022-09-01,2023-04-30,9
3520608,Indiana,SP,2024,746.71,28.55,243,2023-09-01,2024-04-30,16
3520608,Indiana,SP,2025,809.03,27.24,242,2024-09-01,2025-04-30,14
3520608,Indiana,SP,2026,881.23,26.36,242,2025-09-01,2026-04-30,20
3520707,Indiaporã,SP,2010,1446.71,25.41,242,2009-09-01,2010-04-30,26
3520707,Indiaporã,SP,2011,1497.34,25.68,242,2010-09-01,2011-04-30,23
3520707,Indiaporã,SP,2012,971.5,25.9,243,2011-09-01,2012-04-30,18
3520707,Indiaporã,SP,2013,992.16,26.35,242,2012-09-01,2013-04-30,18
3520707,Indiaporã,SP,2014,848.28,26.56,242,2013-09-01,2014-04-30,11
3520707,Indiaporã,SP,2015,1131.65,26.31,242,2014-09-01,2015-04-30,16
3520707,Indiaporã,SP,2016,1142.76,26.64,243,2015-09-01,2016-04-30,23
3520707,Indiaporã,SP,2017,1143.73,25.72,242,2016-09-01,2017-04-30,13
3520707,Indiaporã,SP,2018,1127.18,26.16,242,2017-09-01,2018-04-30,28
3520707,Indiaporã,SP,2019,1075.6,26.52,242,2018-09-01,2019-04-30,14
3520707,Indiaporã,SP,2020,928.6,27.11,243,2019-09-01,2020-04-30,17
3520707,Indiaporã,SP,2021,558.34,28.07,242,2020-09-01,2021-04-30,20
3520707,Indiaporã,SP,2022,1060.07,26.75,242,2021-09-01,2022-04-30,16
3520707,Indiaporã,SP,2023,1267.64,25.78,242,2022-09-01,2023-04-30,9
3520707,Indiaporã,SP,2024,770.88,29.31,243,2023-09-01,2024-04-30,16
3520707,Indiaporã,SP,2025,758.24,28.03,242,2024-09-01,2025-04-30,39
3520707,Indiaporã,SP,2026,780.0,27.51,242,2025-09-01,2026-04-30,21
3520806,Inúbia Paulista,SP,2010,1570.07,24.33,242,2009-09-01,2010-04-30,15
3520806,Inúbia Paulista,SP,2011,1251.02,24.48,242,2010-09-01,2011-04-30,16
3520806,Inúbia Paulista,SP,2012,871.98,25.57,243,2011-09-01,2012-04-30,12
3520806,Inúbia Paulista,SP,2013,1067.01,25.38,242,2012-09-01,2013-04-30,18
3520806,Inúbia Paulista,SP,2014,945.92,25.47,242,2013-09-01,2014-04-30,16
3520806,Inúbia Paulista,SP,2015,1057.46,25.39,242,2014-09-01,2015-04-30,17
3520806,Inúbia Paulista,SP,2016,1495.66,25.08,243,2015-09-01,2016-04-30,29
3520806,Inúbia Paulista,SP,2017,865.02,24.47,242,2016-09-01,2017-04-30,13
3520806,Inúbia Paulista,SP,2018,1219.68,24.87,242,2017-09-01,2018-04-30,28
3520806,Inúbia Paulista,SP,2019,1001.07,25.7,242,2018-09-01,2019-04-30,14
3520806,Inúbia Paulista,SP,2020,883.99,26.4,243,2019-09-01,2020-04-30,16
3520806,Inúbia Paulista,SP,2021,657.07,26.82,242,2020-09-01,2021-04-30,27
3520806,Inúbia Paulista,SP,2022,829.39,26.4,242,2021-09-01,2022-04-30,10
3520806,Inúbia Paulista,SP,2023,1164.8,24.3,242,2022-09-01,2023-04-30,9
3520806,Inúbia Paulista,SP,2024,746.71,28.55,243,2023-09-01,2024-04-30,16
3520806,Inúbia Paulista,SP,2025,809.03,27.24,242,2024-09-01,2025-04-30,14
3520806,Inúbia Paulista,SP,2026,881.23,26.36,242,2025-09-01,2026-04-30,20
3520905,Ipaussu,SP,2010,1269.52,23.15,242,2009-09-01,2010-04-30,16
3520905,Ipaussu,SP,2011,969.56,23.05,242,2010-09-01,2011-04-30,15
3520905,Ipaussu,SP,2012,856.88,23.23,243,2011-09-01,2012-04-30,22
3520905,Ipaussu,SP,2013,1056.89,23.44,242,2012-09-01,2013-04-30,18
3520905,Ipaussu,SP,2014,809.47,23.53,242,2013-09-01,2014-04-30,12
3520905,Ipaussu,SP,2015,988.42,23.63,242,2014-09-01,2015-04-30,17
3520905,Ipaussu,SP,2016,1495.77,23.75,243,2015-09-01,2016-04-30,14
3520905,Ipaussu,SP,2017,982.85,22.7,242,2016-09-01,2017-04-30,17
3520905,Ipaussu,SP,2018,1090.44,23.28,242,2017-09-01,2018-04-30,28
3520905,Ipaussu,SP,2019,990.48,23.82,242,2018-09-01,2019-04-30,14
3520905,Ipaussu,SP,2020,751.68,24.16,243,2019-09-01,2020-04-30,18
3520905,Ipaussu,SP,2021,680.11,24.27,242,2020-09-01,2021-04-30,20
3520905,Ipaussu,SP,2022,937.5,23.85,242,2021-09-01,2022-04-30,14
3520905,Ipaussu,SP,2023,1045.16,22.54,242,2022-09-01,2023-04-30,9
3520905,Ipaussu,SP,2024,710.14,25.84,243,2023-09-01,2024-04-30,14
3520905,Ipaussu,SP,2025,664.42,24.99,242,2024-09-01,2025-04-30,14
3520905,Ipaussu,SP,2026,716.02,24.17,242,2025-09-01,2026-04-30,20
3521002,Iperó,SP,2010,1548.7,21.59,242,2009-09-01,2010-04-30,12
3521002,Iperó,SP,2011,1208.16,21.35,242,2010-09-01,2011-04-30,8
3521002,Iperó,SP,2012,884.05,21.48,243,2011-09-01,2012-04-30,13
3521002,Iperó,SP,2013,1041.36,21.89,242,2012-09-01,2013-04-30,19
3521002,Iperó,SP,2014,714.51,22.49,242,2013-09-01,2014-04-30,13
3521002,Iperó,SP,2015,852.53,22.53,242,2014-09-01,2015-04-30,16
3521002,Iperó,SP,2016,1261.59,22.56,243,2015-09-01,2016-04-30,26
3521002,Iperó,SP,2017,1057.39,21.56,242,2016-09-01,2017-04-30,13
3521002,Iperó,SP,2018,864.02,22.11,242,2017-09-01,2018-04-30,28
3521002,Iperó,SP,2019,1159.73,22.35,242,2018-09-01,2019-04-30,8
3521002,Iperó,SP,2020,1047.14,21.97,243,2019-09-01,2020-04-30,22
3521002,Iperó,SP,2021,662.21,22.83,242,2020-09-01,2021-04-30,19
3521002,Iperó,SP,2022,1011.81,22.13,242,2021-09-01,2022-04-30,14
3521002,Iperó,SP,2023,1305.91,20.95,242,2022-09-01,2023-04-30,7
3521002,Iperó,SP,2024,849.66,24.1,243,2023-09-01,2024-04-30,13
3521002,Iperó,SP,2025,738.44,23.44,242,2024-09-01,2025-04-30,14
3521002,Iperó,SP,2026,710.6,22.79,242,2025-09-01,2026-04-30,20
3521101,Ipeúna,SP,2010,1382.37,22.86,242,2009-09-01,2010-04-30,16
3521101,Ipeúna,SP,2011,1038.21,23.14,242,2010-09-01,2011-04-30,15
3521101,Ipeúna,SP,2012,986.17,23.06,243,2011-09-01,2012-04-30,20
3521101,Ipeúna,SP,2013,1151.87,23.29,242,2012-09-01,2013-04-30,19
3521101,Ipeúna,SP,2014,711.25,23.97,242,2013-09-01,2014-04-30,12
3521101,Ipeúna,SP,2015,958.89,23.78,242,2014-09-01,2015-04-30,17
3521101,Ipeúna,SP,2016,1290.07,23.87,243,2015-09-01,2016-04-30,30
3521101,Ipeúna,SP,2017,1001.31,23.0,242,2016-09-01,2017-04-30,16
3521101,Ipeúna,SP,2018,915.06,23.68,242,2017-09-01,2018-04-30,28
3521101,Ipeúna,SP,2019,1116.07,23.53,242,2018-09-01,2019-04-30,14
3521101,Ipeúna,SP,2020,965.42,23.84,243,2019-09-01,2020-04-30,21
3521101,Ipeúna,SP,2021,572.88,24.9,242,2020-09-01,2021-04-30,21
3521101,Ipeúna,SP,2022,938.29,23.81,242,2021-09-01,2022-04-30,16
3521101,Ipeúna,SP,2023,1136.16,22.62,242,2022-09-01,2023-04-30,9
3521101,Ipeúna,SP,2024,788.72,26.01,243,2023-09-01,2024-04-30,12
3521101,Ipeúna,SP,2025,766.93,25.02,242,2024-09-01,2025-04-30,16
3521101,Ipeúna,SP,2026,827.65,24.15,242,2025-09-01,2026-04-30,20
3521150,Ipiguá,SP,2010,1174.84,24.82,242,2009-09-01,2010-04-30,25
3521150,Ipiguá,SP,2011,1341.78,25.09,242,2010-09-01,2011-04-30,23
3521150,Ipiguá,SP,2012,1030.22,24.97,243,2011-09-01,2012-04-30,16
3521150,Ipiguá,SP,2013,1071.04,25.5,242,2012-09-01,2013-04-30,18
3521150,Ipiguá,SP,2014,912.54,25.57,242,2013-09-01,2014-04-30,11
3521150,Ipiguá,SP,2015,955.35,25.89,242,2014-09-01,2015-04-30,17
3521150,Ipiguá,SP,2016,1265.3,25.8,243,2015-09-01,2016-04-30,26
3521150,Ipiguá,SP,2017,1004.32,25.09,242,2016-09-01,2017-04-30,12
3521150,Ipiguá,SP,2018,1070.76,25.55,242,2017-09-01,2018-04-30,28
3521150,Ipiguá,SP,2019,985.34,25.98,242,2018-09-01,2019-04-30,14
3521150,Ipiguá,SP,2020,995.23,26.25,243,2019-09-01,2020-04-30,17
3521150,Ipiguá,SP,2021,689.18,27.06,242,2020-09-01,2021-04-30,18
3521150,Ipiguá,SP,2022,1076.68,25.9,242,2021-09-01,2022-04-30,16
3521150,Ipiguá,SP,2023,1128.03,25.07,242,2022-09-01,2023-04-30,9
3521150,Ipiguá,SP,2024,780.38,28.54,243,2023-09-01,2024-04-30,16
3521150,Ipiguá,SP,2025,887.63,27.11,242,2024-09-01,2025-04-30,39
3521150,Ipiguá,SP,2026,899.81,26.44,242,2025-09-01,2026-04-30,20
3521200,Iporanga,SP,2010,1748.26,21.02,242,2009-09-01,2010-04-30,11
3521200,Iporanga,SP,2011,1262.05,20.29,242,2010-09-01,2011-04-30,8
3521200,Iporanga,SP,2012,897.08,20.59,243,2011-09-01,2012-04-30,13
3521200,Iporanga,SP,2013,976.67,21.32,242,2012-09-01,2013-04-30,17
3521200,Iporanga,SP,2014,869.79,21.39,242,2013-09-01,2014-04-30,11
3521200,Iporanga,SP,2015,1168.1,21.49,242,2014-09-01,2015-04-30,16
3521200,Iporanga,SP,2016,1424.07,21.62,243,2015-09-01,2016-04-30,12
3521200,Iporanga,SP,2017,1097.97,20.72,242,2016-09-01,2017-04-30,11
3521200,Iporanga,SP,2018,1261.35,21.0,242,2017-09-01,2018-04-30,22
3521200,Iporanga,SP,2019,1096.88,21.76,242,2018-09-01,2019-04-30,7
3521200,Iporanga,SP,2020,801.02,21.56,243,2019-09-01,2020-04-30,16
3521200,Iporanga,SP,2021,692.27,22.01,242,2020-09-01,2021-04-30,26
3521200,Iporanga,SP,2022,882.66,21.57,242,2021-09-01,2022-04-30,11
3521200,Iporanga,SP,2023,1055.76,20.57,242,2022-09-01,2023-04-30,12
3521200,Iporanga,SP,2024,875.21,23.12,243,2023-09-01,2024-04-30,14
3521200,Iporanga,SP,2025,711.25,22.75,242,2024-09-01,2025-04-30,14
3521200,Iporanga,SP,2026,598.72,22.33,242,2025-09-01,2026-04-30,17
3521309,Ipuã,SP,2010,1319.76,24.37,242,2009-09-01,2010-04-30,23
3521309,Ipuã,SP,2011,1400.91,24.42,242,2010-09-01,2011-04-30,12
3521309,Ipuã,SP,2012,1141.16,24.36,243,2011-09-01,2012-04-30,16
3521309,Ipuã,SP,2013,1143.4,24.9,242,2012-09-01,2013-04-30,17
3521309,Ipuã,SP,2014,920.97,25.12,242,2013-09-01,2014-04-30,16
3521309,Ipuã,SP,2015,1023.46,25.26,242,2014-09-01,2015-04-30,21
3521309,Ipuã,SP,2016,1402.35,25.4,243,2015-09-01,2016-04-30,26
3521309,Ipuã,SP,2017,1017.56,24.81,242,2016-09-01,2017-04-30,13
3521309,Ipuã,SP,2018,1204.45,25.02,242,2017-09-01,2018-04-30,26
3521309,Ipuã,SP,2019,1198.84,25.07,242,2018-09-01,2019-04-30,15
3521309,Ipuã,SP,2020,1139.3,25.43,243,2019-09-01,2020-04-30,18
3521309,Ipuã,SP,2021,688.06,26.25,242,2020-09-01,2021-04-30,20
3521309,Ipuã,SP,2022,1186.08,25.19,242,2021-09-01,2022-04-30,18
3521309,Ipuã,SP,2023,1255.58,24.44,242,2022-09-01,2023-04-30,9
3521309,Ipuã,SP,2024,833.84,27.73,243,2023-09-01,2024-04-30,13
3521309,Ipuã,SP,2025,1001.6,26.48,242,2024-09-01,2025-04-30,39
3521309,Ipuã,SP,2026,1008.7,25.48,242,2025-09-01,2026-04-30,22
3521408,Iracemápolis,SP,2010,1382.37,22.86,242,2009-09-01,2010-04-30,16
3521408,Iracemápolis,SP,2011,1038.21,23.14,242,2010-09-01,2011-04-30,15
3521408,Iracemápolis,SP,2012,986.17,23.06,243,2011-09-01,2012-04-30,20
3521408,Iracemápolis,SP,2013,1151.87,23.29,242,2012-09-01,2013-04-30,19
3521408,Iracemápolis,SP,2014,711.25,23.97,242,2013-09-01,2014-04-30,12
3521408,Iracemápolis,SP,2015,958.89,23.78,242,2014-09-01,2015-04-30,17
3521408,Iracemápolis,SP,2016,1290.07,23.87,243,2015-09-01,2016-04-30,30
3521408,Iracemápolis,SP,2017,1001.31,23.0,242,2016-09-01,2017-04-30,16
3521408,Iracemápolis,SP,2018,915.06,23.68,242,2017-09-01,2018-04-30,28
3521408,Iracemápolis,SP,2019,1116.07,23.53,242,2018-09-01,2019-04-30,14
3521408,Iracemápolis,SP,2020,965.42,23.84,243,2019-09-01,2020-04-30,21
3521408,Iracemápolis,SP,2021,572.88,24.9,242,2020-09-01,2021-04-30,21
3521408,Iracemápolis,SP,2022,938.29,23.81,242,2021-09-01,2022-04-30,16
3521408,Iracemápolis,SP,2023,1136.16,22.62,242,2022-09-01,2023-04-30,9
3521408,Iracemápolis,SP,2024,788.72,26.01,243,2023-09-01,2024-04-30,12
3521408,Iracemápolis,SP,2025,766.93,25.02,242,2024-09-01,2025-04-30,16
3521408,Iracemápolis,SP,2026,827.65,24.15,242,2025-09-01,2026-04-30,20
3521507,Irapuã,SP,2010,1120.92,25.11,242,2009-09-01,2010-04-30,16
3521507,Irapuã,SP,2011,1120.39,25.4,242,2010-09-01,2011-04-30,16
3521507,Irapuã,SP,2012,784.6,25.73,243,2011-09-01,2012-04-30,14
3521507,Irapuã,SP,2013,996.32,25.75,242,2012-09-01,2013-04-30,17
3521507,Irapuã,SP,2014,702.95,26.26,242,2013-09-01,2014-04-30,12
3521507,Irapuã,SP,2015,857.69,26.11,242,2014-09-01,2015-04-30,23
3521507,Irapuã,SP,2016,1254.18,25.96,243,2015-09-01,2016-04-30,29
3521507,Irapuã,SP,2017,869.65,25.19,242,2016-09-01,2017-04-30,13
3521507,Irapuã,SP,2018,874.81,26.05,242,2017-09-01,2018-04-30,28
3521507,Irapuã,SP,2019,938.73,26.2,242,2018-09-01,2019-04-30,14
3521507,Irapuã,SP,2020,822.81,26.63,243,2019-09-01,2020-04-30,16
3521507,Irapuã,SP,2021,538.96,27.46,242,2020-09-01,2021-04-30,18
3521507,Irapuã,SP,2022,969.66,26.16,242,2021-09-01,2022-04-30,16
3521507,Irapuã,SP,2023,894.55,25.17,242,2022-09-01,2023-04-30,9
3521507,Irapuã,SP,2024,505.18,29.24,243,2023-09-01,2024-04-30,15
3521507,Irapuã,SP,2025,742.29,27.48,242,2024-09-01,2025-04-30,23
3521507,Irapuã,SP,2026,784.83,26.62,242,2025-09-01,2026-04-30,20
3521606,Irapuru,SP,2010,1472.38,24.95,242,2009-09-01,2010-04-30,15
3521606,Irapuru,SP,2011,1267.67,24.97,242,2010-09-01,2011-04-30,16
3521606,Irapuru,SP,2012,915.18,25.76,243,2011-09-01,2012-04-30,13
3521606,Irapuru,SP,2013,1065.73,25.81,242,2012-09-01,2013-04-30,18
3521606,Irapuru,SP,2014,845.39,26.17,242,2013-09-01,2014-04-30,16
3521606,Irapuru,SP,2015,1042.1,26.0,242,2014-09-01,2015-04-30,17
3521606,Irapuru,SP,2016,1393.34,25.79,243,2015-09-01,2016-04-30,29
3521606,Irapuru,SP,2017,910.5,24.83,242,2016-09-01,2017-04-30,13
3521606,Irapuru,SP,2018,1221.35,25.37,242,2017-09-01,2018-04-30,28
3521606,Irapuru,SP,2019,970.29,26.31,242,2018-09-01,2019-04-30,14
3521606,Irapuru,SP,2020,884.76,26.94,243,2019-09-01,2020-04-30,16
3521606,Irapuru,SP,2021,538.19,27.83,242,2020-09-01,2021-04-30,26
3521606,Irapuru,SP,2022,803.83,27.05,242,2021-09-01,2022-04-30,10
3521606,Irapuru,SP,2023,1073.98,25.11,242,2022-09-01,2023-04-30,9
3521606,Irapuru,SP,2024,716.88,29.16,243,2023-09-01,2024-04-30,16
3521606,Irapuru,SP,2025,828.87,27.81,242,2024-09-01,2025-04-30,15
3521606,Irapuru,SP,2026,766.96,27.21,242,2025-09-01,2026-04-30,20
3521705,Itaberá,SP,2010,1607.18,21.74,242,2009-09-01,2010-04-30,11
3521705,Itaberá,SP,2011,1100.31,21.09,242,2010-09-01,2011-04-30,8
3521705,Itaberá,SP,2012,855.17,21.44,243,2011-09-01,2012-04-30,13
3521705,Itaberá,SP,2013,977.53,21.94,242,2012-09-01,2013-04-30,17
3521705,Itaberá,SP,2014,819.59,21.98,242,2013-09-01,2014-04-30,12
3521705,Itaberá,SP,2015,1085.31,22.09,242,2014-09-01,2015-04-30,18
3521705,Itaberá,SP,2016,1481.96,22.29,243,2015-09-01,2016-04-30,12
3521705,Itaberá,SP,2017,980.69,21.28,242,2016-09-01,2017-04-30,11
3521705,Itaberá,SP,2018,1222.31,21.7,242,2017-09-01,2018-04-30,28
3521705,Itaberá,SP,2019,1025.26,22.37,242,2018-09-01,2019-04-30,7
3521705,Itaberá,SP,2020,827.28,22.38,243,2019-09-01,2020-04-30,16
3521705,Itaberá,SP,2021,601.6,22.86,242,2020-09-01,2021-04-30,21
3521705,Itaberá,SP,2022,890.11,22.34,242,2021-09-01,2022-04-30,14
3521705,Itaberá,SP,2023,1102.08,20.87,242,2022-09-01,2023-04-30,8
3521705,Itaberá,SP,2024,752.9,23.99,243,2023-09-01,2024-04-30,14
3521705,Itaberá,SP,2025,722.66,23.41,242,2024-09-01,2025-04-30,14
3521705,Itaberá,SP,2026,582.21,22.85,242,2025-09-01,2026-04-30,20
3521804,Itaí,SP,2010,1424.47,22.86,242,2009-09-01,2010-04-30,15
3521804,Itaí,SP,2011,1014.71,22.52,242,2010-09-01,2011-04-30,9
3521804,Itaí,SP,2012,848.29,22.79,243,2011-09-01,2012-04-30,13
3521804,Itaí,SP,2013,1028.64,23.09,242,2012-09-01,2013-04-30,17
3521804,Itaí,SP,2014,816.12,23.15,242,2013-09-01,2014-04-30,14
3521804,Itaí,SP,2015,1008.58,23.28,242,2014-09-01,2015-04-30,17
3521804,Itaí,SP,2016,1488.92,23.48,243,2015-09-01,2016-04-30,14
3521804,Itaí,SP,2017,1002.01,22.41,242,2016-09-01,2017-04-30,17
3521804,Itaí,SP,2018,1157.73,22.88,242,2017-09-01,2018-04-30,28
3521804,Itaí,SP,2019,999.22,23.52,242,2018-09-01,2019-04-30,14
3521804,Itaí,SP,2020,785.34,23.63,243,2019-09-01,2020-04-30,18
3521804,Itaí,SP,2021,647.32,23.86,242,2020-09-01,2021-04-30,17
3521804,Itaí,SP,2022,921.19,23.5,242,2021-09-01,2022-04-30,14
3521804,Itaí,SP,2023,1085.7,22.14,242,2022-09-01,2023-04-30,9
3521804,Itaí,SP,2024,718.47,25.29,243,2023-09-01,2024-04-30,15
3521804,Itaí,SP,2025,689.98,24.52,242,2024-09-01,2025-04-30,14
3521804,Itaí,SP,2026,623.97,23.92,242,2025-09-01,2026-04-30,20
3521903,Itajobi,SP,2010,1120.92,25.11,242,2009-09-01,2010-04-30,16
3521903,Itajobi,SP,2011,1120.39,25.4,242,2010-09-01,2011-04-30,16
3521903,Itajobi,SP,2012,784.6,25.73,243,2011-09-01,2012-04-30,14
3521903,Itajobi,SP,2013,996.32,25.75,242,2012-09-01,2013-04-30,17
3521903,Itajobi,SP,2014,702.95,26.26,242,2013-09-01,2014-04-30,12
3521903,Itajobi,SP,2015,857.69,26.11,242,2014-09-01,2015-04-30,23
3521903,Itajobi,SP,2016,1254.18,25.96,243,2015-09-01,2016-04-30,29
3521903,Itajobi,SP,2017,869.65,25.19,242,2016-09-01,2017-04-30,13
3521903,Itajobi,SP,2018,874.81,26.05,242,2017-09-01,2018-04-30,28
3521903,Itajobi,SP,2019,938.73,26.2,242,2018-09-01,2019-04-30,14
3521903,Itajobi,SP,2020,822.81,26.63,243,2019-09-01,2020-04-30,16
3521903,Itajobi,SP,2021,538.96,27.46,242,2020-09-01,2021-04-30,18
3521903,Itajobi,SP,2022,969.66,26.16,242,2021-09-01,2022-04-30,16
3521903,Itajobi,SP,2023,894.55,25.17,242,2022-09-01,2023-04-30,9
3521903,Itajobi,SP,2024,505.18,29.24,243,2023-09-01,2024-04-30,15
3521903,Itajobi,SP,2025,742.29,27.48,242,2024-09-01,2025-04-30,23
3521903,Itajobi,SP,2026,784.83,26.62,242,2025-09-01,2026-04-30,20
3522000,Itaju,SP,2010,1134.37,24.18,242,2009-09-01,2010-04-30,16
3522000,Itaju,SP,2011,1031.99,24.5,242,2010-09-01,2011-04-30,16
3522000,Itaju,SP,2012,726.98,24.96,243,2011-09-01,2012-04-30,16
3522000,Itaju,SP,2013,1003.89,24.81,242,2012-09-01,2013-04-30,18
3522000,Itaju,SP,2014,644.37,25.49,242,2013-09-01,2014-04-30,12
3522000,Itaju,SP,2015,924.19,25.07,242,2014-09-01,2015-04-30,24
3522000,Itaju,SP,2016,1366.53,24.96,243,2015-09-01,2016-04-30,30
3522000,Itaju,SP,2017,922.01,24.17,242,2016-09-01,2017-04-30,26
3522000,Itaju,SP,2018,891.81,25.09,242,2017-09-01,2018-04-30,28
3522000,Itaju,SP,2019,972.62,25.1,242,2018-09-01,2019-04-30,14
3522000,Itaju,SP,2020,797.71,25.76,243,2019-09-01,2020-04-30,17
3522000,Itaju,SP,2021,549.9,26.42,242,2020-09-01,2021-04-30,18
3522000,Itaju,SP,2022,949.0,25.18,242,2021-09-01,2022-04-30,16
3522000,Itaju,SP,2023,858.88,24.28,242,2022-09-01,2023-04-30,11
3522000,Itaju,SP,2024,527.69,28.25,243,2023-09-01,2024-04-30,12
3522000,Itaju,SP,2025,683.78,26.68,242,2024-09-01,2025-04-30,23
3522000,Itaju,SP,2026,722.77,25.72,242,2025-09-01,2026-04-30,21
3522109,Itanhaém,SP,2010,1778.05,22.2,242,2009-09-01,2010-04-30,11
3522109,Itanhaém,SP,2011,1565.84,21.4,242,2010-09-01,2011-04-30,6
3522109,Itanhaém,SP,2012,827.45,21.1,243,2011-09-01,2012-04-30,13
3522109,Itanhaém,SP,2013,1013.04,21.99,242,2012-09-01,2013-04-30,16
3522109,Itanhaém,SP,2014,784.49,22.19,242,2013-09-01,2014-04-30,13
3522109,Itanhaém,SP,2015,787.93,22.66,242,2014-09-01,2015-04-30,14
3522109,Itanhaém,SP,2016,1353.6,22.76,243,2015-09-01,2016-04-30,25
3522109,Itanhaém,SP,2017,1093.38,21.79,242,2016-09-01,2017-04-30,12
3522109,Itanhaém,SP,2018,852.22,22.13,242,2017-09-01,2018-04-30,27
3522109,Itanhaém,SP,2019,1140.62,22.63,242,2018-09-01,2019-04-30,8
3522109,Itanhaém,SP,2020,1062.26,21.75,243,2019-09-01,2020-04-30,12
3522109,Itanhaém,SP,2021,807.26,22.4,242,2020-09-01,2021-04-30,14
3522109,Itanhaém,SP,2022,1044.54,21.9,242,2021-09-01,2022-04-30,12
3522109,Itanhaém,SP,2023,1362.27,21.31,242,2022-09-01,2023-04-30,7
3522109,Itanhaém,SP,2024,1000.2,23.45,243,2023-09-01,2024-04-30,11
3522109,Itanhaém,SP,2025,858.95,22.95,242,2024-09-01,2025-04-30,14
3522109,Itanhaém,SP,2026,725.15,22.5,242,2025-09-01,2026-04-30,20
3522158,Itaóca,SP,2010,1748.26,21.02,242,2009-09-01,2010-04-30,11
3522158,Itaóca,SP,2011,1262.05,20.29,242,2010-09-01,2011-04-30,8
3522158,Itaóca,SP,2012,897.08,20.59,243,2011-09-01,2012-04-30,13
3522158,Itaóca,SP,2013,976.67,21.32,242,2012-09-01,2013-04-30,17
3522158,Itaóca,SP,2014,869.79,21.39,242,2013-09-01,2014-04-30,11
3522158,Itaóca,SP,2015,1168.1,21.49,242,2014-09-01,2015-04-30,16
3522158,Itaóca,SP,2016,1424.07,21.62,243,2015-09-01,2016-04-30,12
3522158,Itaóca,SP,2017,1097.97,20.72,242,2016-09-01,2017-04-30,11
3522158,Itaóca,SP,2018,1261.35,21.0,242,2017-09-01,2018-04-30,22
3522158,Itaóca,SP,2019,1096.88,21.76,242,2018-09-01,2019-04-30,7
3522158,Itaóca,SP,2020,801.02,21.56,243,2019-09-01,2020-04-30,16
3522158,Itaóca,SP,2021,692.27,22.01,242,2020-09-01,2021-04-30,26
3522158,Itaóca,SP,2022,882.66,21.57,242,2021-09-01,2022-04-30,11
3522158,Itaóca,SP,2023,1055.76,20.57,242,2022-09-01,2023-04-30,12
3522158,Itaóca,SP,2024,875.21,23.12,243,2023-09-01,2024-04-30,14
3522158,Itaóca,SP,2025,711.25,22.75,242,2024-09-01,2025-04-30,14
3522158,Itaóca,SP,2026,598.72,22.33,242,2025-09-01,2026-04-30,17
3522208,Itapecerica da Serra,SP,2010,1666.75,21.09,242,2009-09-01,2010-04-30,12
3522208,Itapecerica da Serra,SP,2011,1464.75,20.61,242,2010-09-01,2011-04-30,11
3522208,Itapecerica da Serra,SP,2012,924.14,20.5,243,2011-09-01,2012-04-30,13
3522208,Itapecerica da Serra,SP,2013,1098.88,21.22,242,2012-09-01,2013-04-30,16
3522208,Itapecerica da Serra,SP,2014,769.94,21.63,242,2013-09-01,2014-04-30,14
3522208,Itapecerica da Serra,SP,2015,854.33,21.79,242,2014-09-01,2015-04-30,16
3522208,Itapecerica da Serra,SP,2016,1250.66,22.01,243,2015-09-01,2016-04-30,26
3522208,Itapecerica da Serra,SP,2017,1090.54,20.97,242,2016-09-01,2017-04-30,13
3522208,Itapecerica da Serra,SP,2018,791.1,21.55,242,2017-09-01,2018-04-30,28
3522208,Itapecerica da Serra,SP,2019,1156.14,21.76,242,2018-09-01,2019-04-30,8
3522208,Itapecerica da Serra,SP,2020,1119.16,21.26,243,2019-09-01,2020-04-30,12
3522208,Itapecerica da Serra,SP,2021,691.92,21.98,242,2020-09-01,2021-04-30,19
3522208,Itapecerica da Serra,SP,2022,1015.37,21.37,242,2021-09-01,2022-04-30,12
3522208,Itapecerica da Serra,SP,2023,1308.23,20.46,242,2022-09-01,2023-04-30,7
3522208,Itapecerica da Serra,SP,2024,894.85,23.27,243,2023-09-01,2024-04-30,13
3522208,Itapecerica da Serra,SP,2025,775.9,22.58,242,2024-09-01,2025-04-30,14
3522208,Itapecerica da Serra,SP,2026,754.23,21.95,242,2025-09-01,2026-04-30,20
3522307,Itapetininga,SP,2010,1510.94,22.03,242,2009-09-01,2010-04-30,13
3522307,Itapetininga,SP,2011,1185.79,21.61,242,2010-09-01,2011-04-30,8
3522307,Itapetininga,SP,2012,863.82,21.82,243,2011-09-01,2012-04-30,22
3522307,Itapetininga,SP,2013,1016.67,22.28,242,2012-09-01,2013-04-30,18
3522307,Itapetininga,SP,2014,695.8,22.76,242,2013-09-01,2014-04-30,13
3522307,Itapetininga,SP,2015,836.99,22.97,242,2014-09-01,2015-04-30,17
3522307,Itapetininga,SP,2016,1273.12,23.0,243,2015-09-01,2016-04-30,29
3522307,Itapetininga,SP,2017,1006.51,21.85,242,2016-09-01,2017-04-30,13
3522307,Itapetininga,SP,2018,997.62,22.22,242,2017-09-01,2018-04-30,28
3522307,Itapetininga,SP,2019,1054.59,22.75,242,2018-09-01,2019-04-30,15
3522307,Itapetininga,SP,2020,875.42,22.51,243,2019-09-01,2020-04-30,16
3522307,Itapetininga,SP,2021,616.28,23.27,242,2020-09-01,2021-04-30,20
3522307,Itapetininga,SP,2022,963.03,22.63,242,2021-09-01,2022-04-30,13
3522307,Itapetininga,SP,2023,1092.75,21.48,242,2022-09-01,2023-04-30,8
3522307,Itapetininga,SP,2024,754.75,24.58,243,2023-09-01,2024-04-30,12
3522307,Itapetininga,SP,2025,681.39,23.89,242,2024-09-01,2025-04-30,14
3522307,Itapetininga,SP,2026,583.02,23.37,242,2025-09-01,2026-04-30,20
3522406,Itapeva,SP,2010,1602.13,20.95,242,2009-09-01,2010-04-30,11
3522406,Itapeva,SP,2011,1098.47,20.46,242,2010-09-01,2011-04-30,8
3522406,Itapeva,SP,2012,847.67,20.78,243,2011-09-01,2012-04-30,13
3522406,Itapeva,SP,2013,985.93,21.13,242,2012-09-01,2013-04-30,17
3522406,Itapeva,SP,2014,831.58,21.28,242,2013-09-01,2014-04-30,12
3522406,Itapeva,SP,2015,1121.26,21.34,242,2014-09-01,2015-04-30,18
3522406,Itapeva,SP,2016,1483.4,21.58,243,2015-09-01,2016-04-30,14
3522406,Itapeva,SP,2017,1014.3,20.68,242,2016-09-01,2017-04-30,11
3522406,Itapeva,SP,2018,1209.2,20.98,242,2017-09-01,2018-04-30,28
3522406,Itapeva,SP,2019,1043.12,21.61,242,2018-09-01,2019-04-30,7
3522406,Itapeva,SP,2020,817.75,21.47,243,2019-09-01,2020-04-30,16
3522406,Itapeva,SP,2021,631.48,21.98,242,2020-09-01,2021-04-30,17
3522406,Itapeva,SP,2022,908.39,21.46,242,2021-09-01,2022-04-30,12
3522406,Itapeva,SP,2023,1141.31,20.25,242,2022-09-01,2023-04-30,8
3522406,Itapeva,SP,2024,770.58,23.2,243,2023-09-01,2024-04-30,13
3522406,Itapeva,SP,2025,712.52,22.56,242,2024-09-01,2025-04-30,14
3522406,Itapeva,SP,2026,602.59,21.97,242,2025-09-01,2026-04-30,20
3522505,Itapevi,SP,2010,1666.75,21.09,242,2009-09-01,2010-04-30,12
3522505,Itapevi,SP,2011,1464.75,20.61,242,2010-09-01,2011-04-30,11
3522505,Itapevi,SP,2012,924.14,20.5,243,2011-09-01,2012-04-30,13
3522505,Itapevi,SP,2013,1098.88,21.22,242,2012-09-01,2013-04-30,16
3522505,Itapevi,SP,2014,769.94,21.63,242,2013-09-01,2014-04-30,14
3522505,Itapevi,SP,2015,854.33,21.79,242,2014-09-01,2015-04-30,16
3522505,Itapevi,SP,2016,1250.66,22.01,243,2015-09-01,2016-04-30,26
3522505,Itapevi,SP,2017,1090.54,20.97,242,2016-09-01,2017-04-30,13
3522505,Itapevi,SP,2018,791.1,21.55,242,2017-09-01,2018-04-30,28
3522505,Itapevi,SP,2019,1156.14,21.76,242,2018-09-01,2019-04-30,8
3522505,Itapevi,SP,2020,1119.16,21.26,243,2019-09-01,2020-04-30,12
3522505,Itapevi,SP,2021,691.92,21.98,242,2020-09-01,2021-04-30,19
3522505,Itapevi,SP,2022,1015.37,21.37,242,2021-09-01,2022-04-30,12
3522505,Itapevi,SP,2023,1308.23,20.46,242,2022-09-01,2023-04-30,7
3522505,Itapevi,SP,2024,894.85,23.27,243,2023-09-01,2024-04-30,13
3522505,Itapevi,SP,2025,775.9,22.58,242,2024-09-01,2025-04-30,14
3522505,Itapevi,SP,2026,754.23,21.95,242,2025-09-01,2026-04-30,20
3522604,Itapira,SP,2010,1416.36,22.42,242,2009-09-01,2010-04-30,16
3522604,Itapira,SP,2011,1196.55,22.61,242,2010-09-01,2011-04-30,12
3522604,Itapira,SP,2012,1116.49,22.29,243,2011-09-01,2012-04-30,20
3522604,Itapira,SP,2013,1244.62,22.68,242,2012-09-01,2013-04-30,19
3522604,Itapira,SP,2014,797.62,23.29,242,2013-09-01,2014-04-30,13
3522604,Itapira,SP,2015,972.16,23.21,242,2014-09-01,2015-04-30,18
3522604,Itapira,SP,2016,1290.4,23.44,243,2015-09-01,2016-04-30,27
3522604,Itapira,SP,2017,1012.84,22.65,242,2016-09-01,2017-04-30,16
3522604,Itapira,SP,2018,929.17,23.21,242,2017-09-01,2018-04-30,28
3522604,Itapira,SP,2019,1141.59,23.02,242,2018-09-01,2019-04-30,14
3522604,Itapira,SP,2020,984.72,23.31,243,2019-09-01,2020-04-30,19
3522604,Itapira,SP,2021,617.74,24.24,242,2020-09-01,2021-04-30,19
3522604,Itapira,SP,2022,950.39,23.3,242,2021-09-01,2022-04-30,16
3522604,Itapira,SP,2023,1174.73,22.18,242,2022-09-01,2023-04-30,9
3522604,Itapira,SP,2024,835.23,25.34,243,2023-09-01,2024-04-30,12
3522604,Itapira,SP,2025,792.24,24.39,242,2024-09-01,2025-04-30,19
3522604,Itapira,SP,2026,836.39,23.55,242,2025-09-01,2026-04-30,19
3522653,Itapirapuã Paulista,SP,2010,1689.98,20.26,242,2009-09-01,2010-04-30,16
3522653,Itapirapuã Paulista,SP,2011,1234.09,19.49,242,2010-09-01,2011-04-30,9
3522653,Itapirapuã Paulista,SP,2012,913.63,19.77,243,2011-09-01,2012-04-30,13
3522653,Itapirapuã Paulista,SP,2013,982.69,20.6,242,2012-09-01,2013-04-30,17
3522653,Itapirapuã Paulista,SP,2014,850.41,20.6,242,2013-09-01,2014-04-30,11
3522653,Itapirapuã Paulista,SP,2015,1128.94,20.67,242,2014-09-01,2015-04-30,16
3522653,Itapirapuã Paulista,SP,2016,1414.9,20.8,243,2015-09-01,2016-04-30,11
3522653,Itapirapuã Paulista,SP,2017,1031.79,19.96,242,2016-09-01,2017-04-30,11
3522653,Itapirapuã Paulista,SP,2018,1253.65,20.31,242,2017-09-01,2018-04-30,22
3522653,Itapirapuã Paulista,SP,2019,1066.68,21.12,242,2018-09-01,2019-04-30,7
3522653,Itapirapuã Paulista,SP,2020,777.79,21.12,243,2019-09-01,2020-04-30,16
3522653,Itapirapuã Paulista,SP,2021,658.49,21.41,242,2020-09-01,2021-04-30,26
3522653,Itapirapuã Paulista,SP,2022,868.21,21.06,242,2021-09-01,2022-04-30,11
3522653,Itapirapuã Paulista,SP,2023,1050.29,19.71,242,2022-09-01,2023-04-30,12
3522653,Itapirapuã Paulista,SP,2024,878.93,22.41,243,2023-09-01,2024-04-30,15
3522653,Itapirapuã Paulista,SP,2025,754.0,22.07,242,2024-09-01,2025-04-30,14
3522653,Itapirapuã Paulista,SP,2026,616.04,21.56,242,2025-09-01,2026-04-30,17
3522703,Itápolis,SP,2010,1142.99,24.23,242,2009-09-01,2010-04-30,16
3522703,Itápolis,SP,2011,1139.84,24.66,242,2010-09-01,2011-04-30,16
3522703,Itápolis,SP,2012,801.14,24.97,243,2011-09-01,2012-04-30,15
3522703,Itápolis,SP,2013,1018.28,24.98,242,2012-09-01,2013-04-30,17
3522703,Itápolis,SP,2014,731.94,25.56,242,2013-09-01,2014-04-30,12
3522703,Itápolis,SP,2015,852.83,25.39,242,2014-09-01,2015-04-30,23
3522703,Itápolis,SP,2016,1258.73,25.17,243,2015-09-01,2016-04-30,29
3522703,Itápolis,SP,2017,903.42,24.47,242,2016-09-01,2017-04-30,13
3522703,Itápolis,SP,2018,864.99,25.34,242,2017-09-01,2018-04-30,28
3522703,Itápolis,SP,2019,927.8,25.38,242,2018-09-01,2019-04-30,14
3522703,Itápolis,SP,2020,827.25,25.89,243,2019-09-01,2020-04-30,16
3522703,Itápolis,SP,2021,562.57,26.69,242,2020-09-01,2021-04-30,18
3522703,Itápolis,SP,2022,1029.54,25.22,242,2021-09-01,2022-04-30,16
3522703,Itápolis,SP,2023,890.75,24.45,242,2022-09-01,2023-04-30,8
3522703,Itápolis,SP,2024,480.59,28.67,243,2023-09-01,2024-04-30,15
3522703,Itápolis,SP,2025,744.25,26.78,242,2024-09-01,2025-04-30,23
3522703,Itápolis,SP,2026,771.45,25.88,242,2025-09-01,2026-04-30,20
3522802,Itaporanga,SP,2010,1424.47,22.86,242,2009-09-01,2010-04-30,15
3522802,Itaporanga,SP,2011,1014.71,22.52,242,2010-09-01,2011-04-30,9
3522802,Itaporanga,SP,2012,848.29,22.79,243,2011-09-01,2012-04-30,13
3522802,Itaporanga,SP,2013,1028.64,23.09,242,2012-09-01,2013-04-30,17
3522802,Itaporanga,SP,2014,816.12,23.15,242,2013-09-01,2014-04-30,14
3522802,Itaporanga,SP,2015,1008.58,23.28,242,2014-09-01,2015-04-30,17
3522802,Itaporanga,SP,2016,1488.92,23.48,243,2015-09-01,2016-04-30,14
3522802,Itaporanga,SP,2017,1002.01,22.41,242,2016-09-01,2017-04-30,17
3522802,Itaporanga,SP,2018,1157.73,22.88,242,2017-09-01,2018-04-30,28
3522802,Itaporanga,SP,2019,999.22,23.52,242,2018-09-01,2019-04-30,14
3522802,Itaporanga,SP,2020,785.34,23.63,243,2019-09-01,2020-04-30,18
3522802,Itaporanga,SP,2021,647.32,23.86,242,2020-09-01,2021-04-30,17
3522802,Itaporanga,SP,2022,921.19,23.5,242,2021-09-01,2022-04-30,14
3522802,Itaporanga,SP,2023,1085.7,22.14,242,2022-09-01,2023-04-30,9
3522802,Itaporanga,SP,2024,718.47,25.29,243,2023-09-01,2024-04-30,15
3522802,Itaporanga,SP,2025,689.98,24.52,242,2024-09-01,2025-04-30,14
3522802,Itaporanga,SP,2026,623.97,23.92,242,2025-09-01,2026-04-30,20
3522901,Itapuí,SP,2010,1134.37,24.18,242,2009-09-01,2010-04-30,16
3522901,Itapuí,SP,2011,1031.99,24.5,242,2010-09-01,2011-04-30,16
3522901,Itapuí,SP,2012,726.98,24.96,243,2011-09-01,2012-04-30,16
3522901,Itapuí,SP,2013,1003.89,24.81,242,2012-09-01,2013-04-30,18
3522901,Itapuí,SP,2014,644.37,25.49,242,2013-09-01,2014-04-30,12
3522901,Itapuí,SP,2015,924.19,25.07,242,2014-09-01,2015-04-30,24
3522901,Itapuí,SP,2016,1366.53,24.96,243,2015-09-01,2016-04-30,30
3522901,Itapuí,SP,2017,922.01,24.17,242,2016-09-01,2017-04-30,26
3522901,Itapuí,SP,2018,891.81,25.09,242,2017-09-01,2018-04-30,28
3522901,Itapuí,SP,2019,972.62,25.1,242,2018-09-01,2019-04-30,14
3522901,Itapuí,SP,2020,797.71,25.76,243,2019-09-01,2020-04-30,17
3522901,Itapuí,SP,2021,549.9,26.42,242,2020-09-01,2021-04-30,18
3522901,Itapuí,SP,2022,949.0,25.18,242,2021-09-01,2022-04-30,16
3522901,Itapuí,SP,2023,858.88,24.28,242,2022-09-01,2023-04-30,11
3522901,Itapuí,SP,2024,527.69,28.25,243,2023-09-01,2024-04-30,12
3522901,Itapuí,SP,2025,683.78,26.68,242,2024-09-01,2025-04-30,23
3522901,Itapuí,SP,2026,722.77,25.72,242,2025-09-01,2026-04-30,21
3523008,Itapura,SP,2010,1492.54,25.9,242,2009-09-01,2010-04-30,19
3523008,Itapura,SP,2011,1500.37,25.85,242,2010-09-01,2011-04-30,23
3523008,Itapura,SP,2012,873.61,26.26,243,2011-09-01,2012-04-30,12
3523008,Itapura,SP,2013,1000.99,26.68,242,2012-09-01,2013-04-30,18
3523008,Itapura,SP,2014,778.13,27.12,242,2013-09-01,2014-04-30,14
3523008,Itapura,SP,2015,1035.79,26.94,242,2014-09-01,2015-04-30,17
3523008,Itapura,SP,2016,1169.26,27.03,243,2015-09-01,2016-04-30,29
3523008,Itapura,SP,2017,1057.63,25.88,242,2016-09-01,2017-04-30,13
3523008,Itapura,SP,2018,1134.09,26.36,242,2017-09-01,2018-04-30,28
3523008,Itapura,SP,2019,1055.08,27.03,242,2018-09-01,2019-04-30,13
3523008,Itapura,SP,2020,882.49,27.65,243,2019-09-01,2020-04-30,16
3523008,Itapura,SP,2021,403.25,28.94,242,2020-09-01,2021-04-30,21
3523008,Itapura,SP,2022,837.66,27.61,242,2021-09-01,2022-04-30,14
3523008,Itapura,SP,2023,1010.79,26.1,242,2022-09-01,2023-04-30,8
3523008,Itapura,SP,2024,728.0,29.87,243,2023-09-01,2024-04-30,14
3523008,Itapura,SP,2025,722.96,28.64,242,2024-09-01,2025-04-30,15
3523008,Itapura,SP,2026,583.02,28.4,242,2025-09-01,2026-04-30,20
3523107,Itaquaquecetuba,SP,2010,1708.0,21.63,242,2009-09-01,2010-04-30,11
3523107,Itaquaquecetuba,SP,2011,1612.83,21.03,242,2010-09-01,2011-04-30,10
3523107,Itaquaquecetuba,SP,2012,913.57,20.91,243,2011-09-01,2012-04-30,13
3523107,Itaquaquecetuba,SP,2013,1041.98,21.64,242,2012-09-01,2013-04-30,16
3523107,Itaquaquecetuba,SP,2014,762.83,22.06,242,2013-09-01,2014-04-30,15
3523107,Itaquaquecetuba,SP,2015,814.52,22.19,242,2014-09-01,2015-04-30,16
3523107,Itaquaquecetuba,SP,2016,1155.68,22.52,243,2015-09-01,2016-04-30,25
3523107,Itaquaquecetuba,SP,2017,1111.08,21.41,242,2016-09-01,2017-04-30,14
3523107,Itaquaquecetuba,SP,2018,885.1,21.83,242,2017-09-01,2018-04-30,28
3523107,Itaquaquecetuba,SP,2019,1200.65,22.11,242,2018-09-01,2019-04-30,7
3523107,Itaquaquecetuba,SP,2020,994.6,21.53,243,2019-09-01,2020-04-30,13
3523107,Itaquaquecetuba,SP,2021,850.67,22.12,242,2020-09-01,2021-04-30,19
3523107,Itaquaquecetuba,SP,2022,893.62,21.72,242,2021-09-01,2022-04-30,8
3523107,Itaquaquecetuba,SP,2023,1193.78,20.94,242,2022-09-01,2023-04-30,7
3523107,Itaquaquecetuba,SP,2024,993.45,23.35,243,2023-09-01,2024-04-30,12
3523107,Itaquaquecetuba,SP,2025,845.8,22.73,242,2024-09-01,2025-04-30,14
3523107,Itaquaquecetuba,SP,2026,748.72,22.2,242,2025-09-01,2026-04-30,19
3523206,Itararé,SP,2010,1607.18,21.74,242,2009-09-01,2010-04-30,11
3523206,Itararé,SP,2011,1100.31,21.09,242,2010-09-01,2011-04-30,8
3523206,Itararé,SP,2012,855.17,21.44,243,2011-09-01,2012-04-30,13
3523206,Itararé,SP,2013,977.53,21.94,242,2012-09-01,2013-04-30,17
3523206,Itararé,SP,2014,819.59,21.98,242,2013-09-01,2014-04-30,12
3523206,Itararé,SP,2015,1085.31,22.09,242,2014-09-01,2015-04-30,18
3523206,Itararé,SP,2016,1481.96,22.29,243,2015-09-01,2016-04-30,12
3523206,Itararé,SP,2017,980.69,21.28,242,2016-09-01,2017-04-30,11
3523206,Itararé,SP,2018,1222.31,21.7,242,2017-09-01,2018-04-30,28
3523206,Itararé,SP,2019,1025.26,22.37,242,2018-09-01,2019-04-30,7
3523206,Itararé,SP,2020,827.28,22.38,243,2019-09-01,2020-04-30,16
3523206,Itararé,SP,2021,601.6,22.86,242,2020-09-01,2021-04-30,21
3523206,Itararé,SP,2022,890.11,22.34,242,2021-09-01,2022-04-30,14
3523206,Itararé,SP,2023,1102.08,20.87,242,2022-09-01,2023-04-30,8
3523206,Itararé,SP,2024,752.9,23.99,243,2023-09-01,2024-04-30,14
3523206,Itararé,SP,2025,722.66,23.41,242,2024-09-01,2025-04-30,14
3523206,Itararé,SP,2026,582.21,22.85,242,2025-09-01,2026-04-30,20
3523305,Itariri,SP,2010,1684.12,24.54,242,2009-09-01,2010-04-30,10
3523305,Itariri,SP,2011,1378.77,23.56,242,2010-09-01,2011-04-30,5
3523305,Itariri,SP,2012,791.9,23.03,243,2011-09-01,2012-04-30,12
3523305,Itariri,SP,2013,960.32,23.88,242,2012-09-01,2013-04-30,15
3523305,Itariri,SP,2014,801.88,23.93,242,2013-09-01,2014-04-30,14
3523305,Itariri,SP,2015,846.83,24.32,242,2014-09-01,2015-04-30,13
3523305,Itariri,SP,2016,1428.86,24.56,243,2015-09-01,2016-04-30,12
3523305,Itariri,SP,2017,923.06,24.0,242,2016-09-01,2017-04-30,11
3523305,Itariri,SP,2018,897.75,24.11,242,2017-09-01,2018-04-30,28
3523305,Itariri,SP,2019,1166.55,24.62,242,2018-09-01,2019-04-30,8
3523305,Itariri,SP,2020,905.64,23.64,243,2019-09-01,2020-04-30,11
3523305,Itariri,SP,2021,914.69,24.26,242,2020-09-01,2021-04-30,13
3523305,Itariri,SP,2022,888.55,23.75,242,2021-09-01,2022-04-30,8
3523305,Itariri,SP,2023,1269.97,23.59,242,2022-09-01,2023-04-30,11
3523305,Itariri,SP,2024,1072.76,24.81,243,2023-09-01,2024-04-30,11
3523305,Itariri,SP,2025,849.33,24.35,242,2024-09-01,2025-04-30,10
3523305,Itariri,SP,2026,704.45,24.06,242,2025-09-01,2026-04-30,19
3523404,Itatiba,SP,2010,1513.4,21.84,242,2009-09-01,2010-04-30,13
3523404,Itatiba,SP,2011,1274.32,21.71,242,2010-09-01,2011-04-30,12
3523404,Itatiba,SP,2012,1030.92,21.56,243,2011-09-01,2012-04-30,31
3523404,Itatiba,SP,2013,1179.99,22.01,242,2012-09-01,2013-04-30,19
3523404,Itatiba,SP,2014,781.34,22.55,242,2013-09-01,2014-04-30,13
3523404,Itatiba,SP,2015,937.23,22.55,242,2014-09-01,2015-04-30,19
3523404,Itatiba,SP,2016,1240.18,22.84,243,2015-09-01,2016-04-30,26
3523404,Itatiba,SP,2017,1048.05,21.92,242,2016-09-01,2017-04-30,16
3523404,Itatiba,SP,2018,853.84,22.5,242,2017-09-01,2018-04-30,28
3523404,Itatiba,SP,2019,1187.6,22.44,242,2018-09-01,2019-04-30,14
3523404,Itatiba,SP,2020,1046.12,22.37,243,2019-09-01,2020-04-30,23
3523404,Itatiba,SP,2021,662.36,23.22,242,2020-09-01,2021-04-30,20
3523404,Itatiba,SP,2022,906.05,22.51,242,2021-09-01,2022-04-30,19
3523404,Itatiba,SP,2023,1127.19,21.45,242,2022-09-01,2023-04-30,8
3523404,Itatiba,SP,2024,838.83,24.49,243,2023-09-01,2024-04-30,12
3523404,Itatiba,SP,2025,769.91,23.58,242,2024-09-01,2025-04-30,15
3523404,Itatiba,SP,2026,775.0,22.96,242,2025-09-01,2026-04-30,20
3523503,Itatinga,SP,2010,1258.23,22.2,242,2009-09-01,2010-04-30,16
3523503,Itatinga,SP,2011,1056.31,22.03,242,2010-09-01,2011-04-30,16
3523503,Itatinga,SP,2012,883.1,22.06,243,2011-09-01,2012-04-30,22
3523503,Itatinga,SP,2013,1119.2,22.36,242,2012-09-01,2013-04-30,18
3523503,Itatinga,SP,2014,721.53,22.59,242,2013-09-01,2014-04-30,12
3523503,Itatinga,SP,2015,948.01,22.77,242,2014-09-01,2015-04-30,18
3523503,Itatinga,SP,2016,1360.49,22.93,243,2015-09-01,2016-04-30,19
3523503,Itatinga,SP,2017,903.85,21.87,242,2016-09-01,2017-04-30,13
3523503,Itatinga,SP,2018,1071.34,22.31,242,2017-09-01,2018-04-30,28
3523503,Itatinga,SP,2019,984.79,22.79,242,2018-09-01,2019-04-30,14
3523503,Itatinga,SP,2020,714.91,23.09,243,2019-09-01,2020-04-30,17
3523503,Itatinga,SP,2021,616.33,23.4,242,2020-09-01,2021-04-30,16
3523503,Itatinga,SP,2022,930.98,22.78,242,2021-09-01,2022-04-30,14
3523503,Itatinga,SP,2023,938.68,21.72,242,2022-09-01,2023-04-30,9
3523503,Itatinga,SP,2024,714.58,24.81,243,2023-09-01,2024-04-30,14
3523503,Itatinga,SP,2025,633.99,24.0,242,2024-09-01,2025-04-30,15
3523503,Itatinga,SP,2026,631.44,23.26,242,2025-09-01,2026-04-30,20
3523602,Itirapina,SP,2010,1321.42,23.34,242,2009-09-01,2010-04-30,16
3523602,Itirapina,SP,2011,1062.18,23.38,242,2010-09-01,2011-04-30,17
3523602,Itirapina,SP,2012,937.64,23.35,243,2011-09-01,2012-04-30,16
3523602,Itirapina,SP,2013,1167.92,23.69,242,2012-09-01,2013-04-30,19
3523602,Itirapina,SP,2014,713.61,24.05,242,2013-09-01,2014-04-30,12
3523602,Itirapina,SP,2015,929.95,24.2,242,2014-09-01,2015-04-30,17
3523602,Itirapina,SP,2016,1313.53,24.32,243,2015-09-01,2016-04-30,29
3523602,Itirapina,SP,2017,939.92,23.2,242,2016-09-01,2017-04-30,16
3523602,Itirapina,SP,2018,921.66,23.95,242,2017-09-01,2018-04-30,28
3523602,Itirapina,SP,2019,991.9,24.12,242,2018-09-01,2019-04-30,14
3523602,Itirapina,SP,2020,799.35,24.36,243,2019-09-01,2020-04-30,16
3523602,Itirapina,SP,2021,487.81,25.21,242,2020-09-01,2021-04-30,21
3523602,Itirapina,SP,2022,946.13,24.17,242,2021-09-01,2022-04-30,16
3523602,Itirapina,SP,2023,949.0,23.15,242,2022-09-01,2023-04-30,9
3523602,Itirapina,SP,2024,637.02,26.48,243,2023-09-01,2024-04-30,12
3523602,Itirapina,SP,2025,677.21,25.41,242,2024-09-01,2025-04-30,15
3523602,Itirapina,SP,2026,717.36,24.56,242,2025-09-01,2026-04-30,20
3523701,Itirapuã,SP,2010,1426.48,23.07,242,2009-09-01,2010-04-30,23
3523701,Itirapuã,SP,2011,1495.03,23.14,242,2010-09-01,2011-04-30,12
3523701,Itirapuã,SP,2012,1154.69,22.96,243,2011-09-01,2012-04-30,16
3523701,Itirapuã,SP,2013,1156.17,23.6,242,2012-09-01,2013-04-30,17
3523701,Itirapuã,SP,2014,887.77,24.0,242,2013-09-01,2014-04-30,16
3523701,Itirapuã,SP,2015,1114.81,23.89,242,2014-09-01,2015-04-30,21
3523701,Itirapuã,SP,2016,1355.03,24.18,243,2015-09-01,2016-04-30,26
3523701,Itirapuã,SP,2017,1098.57,23.47,242,2016-09-01,2017-04-30,16
3523701,Itirapuã,SP,2018,1251.4,23.65,242,2017-09-01,2018-04-30,26
3523701,Itirapuã,SP,2019,1363.28,23.6,242,2018-09-01,2019-04-30,14
3523701,Itirapuã,SP,2020,1188.87,24.08,243,2019-09-01,2020-04-30,15
3523701,Itirapuã,SP,2021,695.47,24.91,242,2020-09-01,2021-04-30,20
3523701,Itirapuã,SP,2022,1234.55,23.82,242,2021-09-01,2022-04-30,18
3523701,Itirapuã,SP,2023,1162.94,23.22,242,2022-09-01,2023-04-30,9
3523701,Itirapuã,SP,2024,845.1,26.29,243,2023-09-01,2024-04-30,21
3523701,Itirapuã,SP,2025,1052.52,24.99,242,2024-09-01,2025-04-30,18
3523701,Itirapuã,SP,2026,1054.42,24.02,242,2025-09-01,2026-04-30,22
3523800,Itobi,SP,2010,1278.91,22.23,242,2009-09-01,2010-04-30,16
3523800,Itobi,SP,2011,1309.44,22.4,242,2010-09-01,2011-04-30,12
3523800,Itobi,SP,2012,1054.93,22.18,243,2011-09-01,2012-04-30,20
3523800,Itobi,SP,2013,1275.59,22.5,242,2012-09-01,2013-04-30,19
3523800,Itobi,SP,2014,700.34,23.3,242,2013-09-01,2014-04-30,13
3523800,Itobi,SP,2015,1010.26,23.01,242,2014-09-01,2015-04-30,18
3523800,Itobi,SP,2016,1298.81,23.21,243,2015-09-01,2016-04-30,26
3523800,Itobi,SP,2017,906.53,22.64,242,2016-09-01,2017-04-30,20
3523800,Itobi,SP,2018,994.84,22.86,242,2017-09-01,2018-04-30,26
3523800,Itobi,SP,2019,1186.24,22.81,242,2018-09-01,2019-04-30,13
3523800,Itobi,SP,2020,1067.18,23.14,243,2019-09-01,2020-04-30,18
3523800,Itobi,SP,2021,650.57,23.85,242,2020-09-01,2021-04-30,18
3523800,Itobi,SP,2022,1145.97,22.81,242,2021-09-01,2022-04-30,16
3523800,Itobi,SP,2023,1312.42,22.01,242,2022-09-01,2023-04-30,7
3523800,Itobi,SP,2024,813.84,25.11,243,2023-09-01,2024-04-30,12
3523800,Itobi,SP,2025,874.58,24.13,242,2024-09-01,2025-04-30,18
3523800,Itobi,SP,2026,918.9,23.06,242,2025-09-01,2026-04-30,21
3523909,Itu,SP,2010,1548.7,21.59,242,2009-09-01,2010-04-30,12
3523909,Itu,SP,2011,1208.16,21.35,242,2010-09-01,2011-04-30,8
3523909,Itu,SP,2012,884.05,21.48,243,2011-09-01,2012-04-30,13
3523909,Itu,SP,2013,1041.36,21.89,242,2012-09-01,2013-04-30,19
3523909,Itu,SP,2014,714.51,22.49,242,2013-09-01,2014-04-30,13
3523909,Itu,SP,2015,852.53,22.53,242,2014-09-01,2015-04-30,16
3523909,Itu,SP,2016,1261.59,22.56,243,2015-09-01,2016-04-30,26
3523909,Itu,SP,2017,1057.39,21.56,242,2016-09-01,2017-04-30,13
3523909,Itu,SP,2018,864.02,22.11,242,2017-09-01,2018-04-30,28
3523909,Itu,SP,2019,1159.73,22.35,242,2018-09-01,2019-04-30,8
3523909,Itu,SP,2020,1047.14,21.97,243,2019-09-01,2020-04-30,22
3523909,Itu,SP,2021,662.21,22.83,242,2020-09-01,2021-04-30,19
3523909,Itu,SP,2022,1011.81,22.13,242,2021-09-01,2022-04-30,14
3523909,Itu,SP,2023,1305.91,20.95,242,2022-09-01,2023-04-30,7
3523909,Itu,SP,2024,849.66,24.1,243,2023-09-01,2024-04-30,13
3523909,Itu,SP,2025,738.44,23.44,242,2024-09-01,2025-04-30,14
3523909,Itu,SP,2026,710.6,22.79,242,2025-09-01,2026-04-30,20
3524006,Itupeva,SP,2010,1513.4,21.84,242,2009-09-01,2010-04-30,13
3524006,Itupeva,SP,2011,1274.32,21.71,242,2010-09-01,2011-04-30,12
3524006,Itupeva,SP,2012,1030.92,21.56,243,2011-09-01,2012-04-30,31
3524006,Itupeva,SP,2013,1179.99,22.01,242,2012-09-01,2013-04-30,19
3524006,Itupeva,SP,2014,781.34,22.55,242,2013-09-01,2014-04-30,13
3524006,Itupeva,SP,2015,937.23,22.55,242,2014-09-01,2015-04-30,19
3524006,Itupeva,SP,2016,1240.18,22.84,243,2015-09-01,2016-04-30,26
3524006,Itupeva,SP,2017,1048.05,21.92,242,2016-09-01,2017-04-30,16
3524006,Itupeva,SP,2018,853.84,22.5,242,2017-09-01,2018-04-30,28
3524006,Itupeva,SP,2019,1187.6,22.44,242,2018-09-01,2019-04-30,14
3524006,Itupeva,SP,2020,1046.12,22.37,243,2019-09-01,2020-04-30,23
3524006,Itupeva,SP,2021,662.36,23.22,242,2020-09-01,2021-04-30,20
3524006,Itupeva,SP,2022,906.05,22.51,242,2021-09-01,2022-04-30,19
3524006,Itupeva,SP,2023,1127.19,21.45,242,2022-09-01,2023-04-30,8
3524006,Itupeva,SP,2024,838.83,24.49,243,2023-09-01,2024-04-30,12
3524006,Itupeva,SP,2025,769.91,23.58,242,2024-09-01,2025-04-30,15
3524006,Itupeva,SP,2026,775.0,22.96,242,2025-09-01,2026-04-30,20
3524105,Ituverava,SP,2010,1426.48,23.07,242,2009-09-01,2010-04-30,23
3524105,Ituverava,SP,2011,1495.03,23.14,242,2010-09-01,2011-04-30,12
3524105,Ituverava,SP,2012,1154.69,22.96,243,2011-09-01,2012-04-30,16
3524105,Ituverava,SP,2013,1156.17,23.6,242,2012-09-01,2013-04-30,17
3524105,Ituverava,SP,2014,887.77,24.0,242,2013-09-01,2014-04-30,16
3524105,Ituverava,SP,2015,1114.81,23.89,242,2014-09-01,2015-04-30,21
3524105,Ituverava,SP,2016,1355.03,24.18,243,2015-09-01,2016-04-30,26
3524105,Ituverava,SP,2017,1098.57,23.47,242,2016-09-01,2017-04-30,16
3524105,Ituverava,SP,2018,1251.4,23.65,242,2017-09-01,2018-04-30,26
3524105,Ituverava,SP,2019,1363.28,23.6,242,2018-09-01,2019-04-30,14
3524105,Ituverava,SP,2020,1188.87,24.08,243,2019-09-01,2020-04-30,15
3524105,Ituverava,SP,2021,695.47,24.91,242,2020-09-01,2021-04-30,20
3524105,Ituverava,SP,2022,1234.55,23.82,242,2021-09-01,2022-04-30,18
3524105,Ituverava,SP,2023,1162.94,23.22,242,2022-09-01,2023-04-30,9
3524105,Ituverava,SP,2024,845.1,26.29,243,2023-09-01,2024-04-30,21
3524105,Ituverava,SP,2025,1052.52,24.99,242,2024-09-01,2025-04-30,18
3524105,Ituverava,SP,2026,1054.42,24.02,242,2025-09-01,2026-04-30,22
3524204,Jaborandi,SP,2010,1319.76,24.37,242,2009-09-01,2010-04-30,23
3524204,Jaborandi,SP,2011,1400.91,24.42,242,2010-09-01,2011-04-30,12
3524204,Jaborandi,SP,2012,1141.16,24.36,243,2011-09-01,2012-04-30,16
3524204,Jaborandi,SP,2013,1143.4,24.9,242,2012-09-01,2013-04-30,17
3524204,Jaborandi,SP,2014,920.97,25.12,242,2013-09-01,2014-04-30,16
3524204,Jaborandi,SP,2015,1023.46,25.26,242,2014-09-01,2015-04-30,21
3524204,Jaborandi,SP,2016,1402.35,25.4,243,2015-09-01,2016-04-30,26
3524204,Jaborandi,SP,2017,1017.56,24.81,242,2016-09-01,2017-04-30,13
3524204,Jaborandi,SP,2018,1204.45,25.02,242,2017-09-01,2018-04-30,26
3524204,Jaborandi,SP,2019,1198.84,25.07,242,2018-09-01,2019-04-30,15
3524204,Jaborandi,SP,2020,1139.3,25.43,243,2019-09-01,2020-04-30,18
3524204,Jaborandi,SP,2021,688.06,26.25,242,2020-09-01,2021-04-30,20
3524204,Jaborandi,SP,2022,1186.08,25.19,242,2021-09-01,2022-04-30,18
3524204,Jaborandi,SP,2023,1255.58,24.44,242,2022-09-01,2023-04-30,9
3524204,Jaborandi,SP,2024,833.84,27.73,243,2023-09-01,2024-04-30,13
3524204,Jaborandi,SP,2025,1001.6,26.48,242,2024-09-01,2025-04-30,39
3524204,Jaborandi,SP,2026,1008.7,25.48,242,2025-09-01,2026-04-30,22
3524303,Jaboticabal,SP,2010,1209.17,23.56,242,2009-09-01,2010-04-30,16
3524303,Jaboticabal,SP,2011,1191.52,23.92,242,2010-09-01,2011-04-30,12
3524303,Jaboticabal,SP,2012,1000.27,23.86,243,2011-09-01,2012-04-30,16
3524303,Jaboticabal,SP,2013,1104.44,24.11,242,2012-09-01,2013-04-30,19
3524303,Jaboticabal,SP,2014,726.02,24.86,242,2013-09-01,2014-04-30,11
3524303,Jaboticabal,SP,2015,896.63,24.61,242,2014-09-01,2015-04-30,19
3524303,Jaboticabal,SP,2016,1279.62,24.56,243,2015-09-01,2016-04-30,27
3524303,Jaboticabal,SP,2017,901.64,23.94,242,2016-09-01,2017-04-30,12
3524303,Jaboticabal,SP,2018,966.68,24.5,242,2017-09-01,2018-04-30,28
3524303,Jaboticabal,SP,2019,1053.47,24.37,242,2018-09-01,2019-04-30,14
3524303,Jaboticabal,SP,2020,988.92,24.73,243,2019-09-01,2020-04-30,18
3524303,Jaboticabal,SP,2021,501.23,25.99,242,2020-09-01,2021-04-30,19
3524303,Jaboticabal,SP,2022,928.43,24.68,242,2021-09-01,2022-04-30,16
3524303,Jaboticabal,SP,2023,1045.32,23.58,242,2022-09-01,2023-04-30,9
3524303,Jaboticabal,SP,2024,666.56,27.26,243,2023-09-01,2024-04-30,12
3524303,Jaboticabal,SP,2025,885.2,25.77,242,2024-09-01,2025-04-30,19
3524303,Jaboticabal,SP,2026,902.44,24.76,242,2025-09-01,2026-04-30,20
3524402,Jacareí,SP,2010,1708.0,21.63,242,2009-09-01,2010-04-30,11
3524402,Jacareí,SP,2011,1612.83,21.03,242,2010-09-01,2011-04-30,10
3524402,Jacareí,SP,2012,913.57,20.91,243,2011-09-01,2012-04-30,13
3524402,Jacareí,SP,2013,1041.98,21.64,242,2012-09-01,2013-04-30,16
3524402,Jacareí,SP,2014,762.83,22.06,242,2013-09-01,2014-04-30,15
3524402,Jacareí,SP,2015,814.52,22.19,242,2014-09-01,2015-04-30,16
3524402,Jacareí,SP,2016,1155.68,22.52,243,2015-09-01,2016-04-30,25
3524402,Jacareí,SP,2017,1111.08,21.41,242,2016-09-01,2017-04-30,14
3524402,Jacareí,SP,2018,885.1,21.83,242,2017-09-01,2018-04-30,28
3524402,Jacareí,SP,2019,1200.65,22.11,242,2018-09-01,2019-04-30,7
3524402,Jacareí,SP,2020,994.6,21.53,243,2019-09-01,2020-04-30,13
3524402,Jacareí,SP,2021,850.67,22.12,242,2020-09-01,2021-04-30,19
3524402,Jacareí,SP,2022,893.62,21.72,242,2021-09-01,2022-04-30,8
3524402,Jacareí,SP,2023,1193.78,20.94,242,2022-09-01,2023-04-30,7
3524402,Jacareí,SP,2024,993.45,23.35,243,2023-09-01,2024-04-30,12
3524402,Jacareí,SP,2025,845.8,22.73,242,2024-09-01,2025-04-30,14
3524402,Jacareí,SP,2026,748.72,22.2,242,2025-09-01,2026-04-30,19
3524501,Jaci,SP,2010,1105.87,24.68,242,2009-09-01,2010-04-30,17
3524501,Jaci,SP,2011,1214.77,25.07,242,2010-09-01,2011-04-30,16
3524501,Jaci,SP,2012,872.96,25.22,243,2011-09-01,2012-04-30,14
3524501,Jaci,SP,2013,1027.94,25.45,242,2012-09-01,2013-04-30,16
3524501,Jaci,SP,2014,828.87,25.71,242,2013-09-01,2014-04-30,16
3524501,Jaci,SP,2015,836.03,25.94,242,2014-09-01,2015-04-30,19
3524501,Jaci,SP,2016,1208.83,25.66,243,2015-09-01,2016-04-30,28
3524501,Jaci,SP,2017,897.37,25.01,242,2016-09-01,2017-04-30,13
3524501,Jaci,SP,2018,992.26,25.51,242,2017-09-01,2018-04-30,28
3524501,Jaci,SP,2019,943.31,25.91,242,2018-09-01,2019-04-30,15
3524501,Jaci,SP,2020,948.71,26.18,243,2019-09-01,2020-04-30,16
3524501,Jaci,SP,2021,648.53,27.03,242,2020-09-01,2021-04-30,18
3524501,Jaci,SP,2022,1070.52,25.65,242,2021-09-01,2022-04-30,16
3524501,Jaci,SP,2023,1019.01,24.81,242,2022-09-01,2023-04-30,7
3524501,Jaci,SP,2024,642.35,28.83,243,2023-09-01,2024-04-30,16
3524501,Jaci,SP,2025,840.27,27.01,242,2024-09-01,2025-04-30,23
3524501,Jaci,SP,2026,871.3,26.24,242,2025-09-01,2026-04-30,20
3524600,Jacupiranga,SP,2010,1876.26,22.5,242,2009-09-01,2010-04-30,10
3524600,Jacupiranga,SP,2011,1204.64,21.72,242,2010-09-01,2011-04-30,8
3524600,Jacupiranga,SP,2012,939.16,21.75,243,2011-09-01,2012-04-30,11
3524600,Jacupiranga,SP,2013,1032.74,22.41,242,2012-09-01,2013-04-30,13
3524600,Jacupiranga,SP,2014,1007.78,22.5,242,2013-09-01,2014-04-30,17
3524600,Jacupiranga,SP,2015,1277.87,22.88,242,2014-09-01,2015-04-30,13
3524600,Jacupiranga,SP,2016,1586.0,22.91,243,2015-09-01,2016-04-30,12
3524600,Jacupiranga,SP,2017,1064.28,22.07,242,2016-09-01,2017-04-30,11
3524600,Jacupiranga,SP,2018,1252.89,22.47,242,2017-09-01,2018-04-30,27
3524600,Jacupiranga,SP,2019,1381.46,22.91,242,2018-09-01,2019-04-30,8
3524600,Jacupiranga,SP,2020,968.42,22.04,243,2019-09-01,2020-04-30,13
3524600,Jacupiranga,SP,2021,906.46,22.92,242,2020-09-01,2021-04-30,13
3524600,Jacupiranga,SP,2022,1132.03,22.3,242,2021-09-01,2022-04-30,12
3524600,Jacupiranga,SP,2023,1315.95,21.65,242,2022-09-01,2023-04-30,10
3524600,Jacupiranga,SP,2024,1083.38,23.93,243,2023-09-01,2024-04-30,11
3524600,Jacupiranga,SP,2025,855.92,23.51,242,2024-09-01,2025-04-30,8
3524600,Jacupiranga,SP,2026,790.32,23.21,242,2025-09-01,2026-04-30,18
3524709,Jaguariúna,SP,2010,1416.36,22.42,242,2009-09-01,2010-04-30,16
3524709,Jaguariúna,SP,2011,1196.55,22.61,242,2010-09-01,2011-04-30,12
3524709,Jaguariúna,SP,2012,1116.49,22.29,243,2011-09-01,2012-04-30,20
3524709,Jaguariúna,SP,2013,1244.62,22.68,242,2012-09-01,2013-04-30,19
3524709,Jaguariúna,SP,2014,797.62,23.29,242,2013-09-01,2014-04-30,13
3524709,Jaguariúna,SP,2015,972.16,23.21,242,2014-09-01,2015-04-30,18
3524709,Jaguariúna,SP,2016,1290.4,23.44,243,2015-09-01,2016-04-30,27
3524709,Jaguariúna,SP,2017,1012.84,22.65,242,2016-09-01,2017-04-30,16
3524709,Jaguariúna,SP,2018,929.17,23.21,242,2017-09-01,2018-04-30,28
3524709,Jaguariúna,SP,2019,1141.59,23.02,242,2018-09-01,2019-04-30,14
3524709,Jaguariúna,SP,2020,984.72,23.31,243,2019-09-01,2020-04-30,19
3524709,Jaguariúna,SP,2021,617.74,24.24,242,2020-09-01,2021-04-30,19
3524709,Jaguariúna,SP,2022,950.39,23.3,242,2021-09-01,2022-04-30,16
3524709,Jaguariúna,SP,2023,1174.73,22.18,242,2022-09-01,2023-04-30,9
3524709,Jaguariúna,SP,2024,835.23,25.34,243,2023-09-01,2024-04-30,12
3524709,Jaguariúna,SP,2025,792.24,24.39,242,2024-09-01,2025-04-30,19
3524709,Jaguariúna,SP,2026,836.39,23.55,242,2025-09-01,2026-04-30,19
3524808,Jales,SP,2010,1346.18,25.27,242,2009-09-01,2010-04-30,25
3524808,Jales,SP,2011,1462.0,25.57,242,2010-09-01,2011-04-30,23
3524808,Jales,SP,2012,903.31,25.89,243,2011-09-01,2012-04-30,11
3524808,Jales,SP,2013,980.99,26.22,242,2012-09-01,2013-04-30,18
3524808,Jales,SP,2014,821.59,26.6,242,2013-09-01,2014-04-30,14
3524808,Jales,SP,2015,1119.3,26.19,242,2014-09-01,2015-04-30,17
3524808,Jales,SP,2016,1259.66,26.28,243,2015-09-01,2016-04-30,30
3524808,Jales,SP,2017,1096.46,25.39,242,2016-09-01,2017-04-30,13
3524808,Jales,SP,2018,1157.68,25.87,242,2017-09-01,2018-04-30,28
3524808,Jales,SP,2019,998.87,26.61,242,2018-09-01,2019-04-30,14
3524808,Jales,SP,2020,942.26,27.01,243,2019-09-01,2020-04-30,17
3524808,Jales,SP,2021,489.72,28.4,242,2020-09-01,2021-04-30,18
3524808,Jales,SP,2022,972.46,26.75,242,2021-09-01,2022-04-30,16
3524808,Jales,SP,2023,1070.0,25.59,242,2022-09-01,2023-04-30,9
3524808,Jales,SP,2024,782.78,29.3,243,2023-09-01,2024-04-30,14
3524808,Jales,SP,2025,805.05,27.93,242,2024-09-01,2025-04-30,22
3524808,Jales,SP,2026,778.93,27.5,242,2025-09-01,2026-04-30,21
3524907,Jambeiro,SP,2010,1554.35,22.36,242,2009-09-01,2010-04-30,12
3524907,Jambeiro,SP,2011,1500.86,21.68,242,2010-09-01,2011-04-30,10
3524907,Jambeiro,SP,2012,864.16,21.56,243,2011-09-01,2012-04-30,13
3524907,Jambeiro,SP,2013,986.72,22.14,242,2012-09-01,2013-04-30,19
3524907,Jambeiro,SP,2014,757.83,22.57,242,2013-09-01,2014-04-30,18
3524907,Jambeiro,SP,2015,842.74,22.65,242,2014-09-01,2015-04-30,16
3524907,Jambeiro,SP,2016,1302.59,22.96,243,2015-09-01,2016-04-30,25
3524907,Jambeiro,SP,2017,1240.01,21.83,242,2016-09-01,2017-04-30,14
3524907,Jambeiro,SP,2018,1054.42,22.17,242,2017-09-01,2018-04-30,27
3524907,Jambeiro,SP,2019,1406.33,22.44,242,2018-09-01,2019-04-30,8
3524907,Jambeiro,SP,2020,951.33,21.9,243,2019-09-01,2020-04-30,14
3524907,Jambeiro,SP,2021,1035.97,22.53,242,2020-09-01,2021-04-30,19
3524907,Jambeiro,SP,2022,990.24,22.07,242,2021-09-01,2022-04-30,8
3524907,Jambeiro,SP,2023,1236.48,21.46,242,2022-09-01,2023-04-30,7
3524907,Jambeiro,SP,2024,1041.19,23.72,243,2023-09-01,2024-04-30,9
3524907,Jambeiro,SP,2025,969.76,23.03,242,2024-09-01,2025-04-30,14
3524907,Jambeiro,SP,2026,759.21,22.52,242,2025-09-01,2026-04-30,16
3525003,Jandira,SP,2010,1666.75,21.09,242,2009-09-01,2010-04-30,12
3525003,Jandira,SP,2011,1464.75,20.61,242,2010-09-01,2011-04-30,11
3525003,Jandira,SP,2012,924.14,20.5,243,2011-09-01,2012-04-30,13
3525003,Jandira,SP,2013,1098.88,21.22,242,2012-09-01,2013-04-30,16
3525003,Jandira,SP,2014,769.94,21.63,242,2013-09-01,2014-04-30,14
3525003,Jandira,SP,2015,854.33,21.79,242,2014-09-01,2015-04-30,16
3525003,Jandira,SP,2016,1250.66,22.01,243,2015-09-01,2016-04-30,26
3525003,Jandira,SP,2017,1090.54,20.97,242,2016-09-01,2017-04-30,13
3525003,Jandira,SP,2018,791.1,21.55,242,2017-09-01,2018-04-30,28
3525003,Jandira,SP,2019,1156.14,21.76,242,2018-09-01,2019-04-30,8
3525003,Jandira,SP,2020,1119.16,21.26,243,2019-09-01,2020-04-30,12
3525003,Jandira,SP,2021,691.92,21.98,242,2020-09-01,2021-04-30,19
3525003,Jandira,SP,2022,1015.37,21.37,242,2021-09-01,2022-04-30,12
3525003,Jandira,SP,2023,1308.23,20.46,242,2022-09-01,2023-04-30,7
3525003,Jandira,SP,2024,894.85,23.27,243,2023-09-01,2024-04-30,13
3525003,Jandira,SP,2025,775.9,22.58,242,2024-09-01,2025-04-30,14
3525003,Jandira,SP,2026,754.23,21.95,242,2025-09-01,2026-04-30,20
3525102,Jardinópolis,SP,2010,1320.37,23.24,242,2009-09-01,2010-04-30,16
3525102,Jardinópolis,SP,2011,1352.31,23.33,242,2010-09-01,2011-04-30,12
3525102,Jardinópolis,SP,2012,1081.44,23.35,243,2011-09-01,2012-04-30,17
3525102,Jardinópolis,SP,2013,1140.32,23.68,242,2012-09-01,2013-04-30,17
3525102,Jardinópolis,SP,2014,774.3,24.42,242,2013-09-01,2014-04-30,11
3525102,Jardinópolis,SP,2015,1026.75,24.11,242,2014-09-01,2015-04-30,21
3525102,Jardinópolis,SP,2016,1299.19,24.25,243,2015-09-01,2016-04-30,26
3525102,Jardinópolis,SP,2017,1005.55,23.67,242,2016-09-01,2017-04-30,10
3525102,Jardinópolis,SP,2018,1131.79,23.89,242,2017-09-01,2018-04-30,26
3525102,Jardinópolis,SP,2019,1272.77,23.78,242,2018-09-01,2019-04-30,13
3525102,Jardinópolis,SP,2020,1092.84,24.28,243,2019-09-01,2020-04-30,15
3525102,Jardinópolis,SP,2021,616.62,25.26,242,2020-09-01,2021-04-30,20
3525102,Jardinópolis,SP,2022,1172.69,23.95,242,2021-09-01,2022-04-30,16
3525102,Jardinópolis,SP,2023,1239.31,23.11,242,2022-09-01,2023-04-30,8
3525102,Jardinópolis,SP,2024,835.36,26.41,243,2023-09-01,2024-04-30,21
3525102,Jardinópolis,SP,2025,945.84,25.33,242,2024-09-01,2025-04-30,19
3525102,Jardinópolis,SP,2026,936.99,24.28,242,2025-09-01,2026-04-30,22
3525201,Jarinu,SP,2010,1513.4,21.84,242,2009-09-01,2010-04-30,13
3525201,Jarinu,SP,2011,1274.32,21.71,242,2010-09-01,2011-04-30,12
3525201,Jarinu,SP,2012,1030.92,21.56,243,2011-09-01,2012-04-30,31
3525201,Jarinu,SP,2013,1179.99,22.01,242,2012-09-01,2013-04-30,19
3525201,Jarinu,SP,2014,781.34,22.55,242,2013-09-01,2014-04-30,13
3525201,Jarinu,SP,2015,937.23,22.55,242,2014-09-01,2015-04-30,19
3525201,Jarinu,SP,2016,1240.18,22.84,243,2015-09-01,2016-04-30,26
3525201,Jarinu,SP,2017,1048.05,21.92,242,2016-09-01,2017-04-30,16
3525201,Jarinu,SP,2018,853.84,22.5,242,2017-09-01,2018-04-30,28
3525201,Jarinu,SP,2019,1187.6,22.44,242,2018-09-01,2019-04-30,14
3525201,Jarinu,SP,2020,1046.12,22.37,243,2019-09-01,2020-04-30,23
3525201,Jarinu,SP,2021,662.36,23.22,242,2020-09-01,2021-04-30,20
3525201,Jarinu,SP,2022,906.05,22.51,242,2021-09-01,2022-04-30,19
3525201,Jarinu,SP,2023,1127.19,21.45,242,2022-09-01,2023-04-30,8
3525201,Jarinu,SP,2024,838.83,24.49,243,2023-09-01,2024-04-30,12
3525201,Jarinu,SP,2025,769.91,23.58,242,2024-09-01,2025-04-30,15
3525201,Jarinu,SP,2026,775.0,22.96,242,2025-09-01,2026-04-30,20
3525300,Jaú,SP,2010,1227.44,23.44,242,2009-09-01,2010-04-30,16
3525300,Jaú,SP,2011,1099.59,23.39,242,2010-09-01,2011-04-30,17
3525300,Jaú,SP,2012,887.15,23.34,243,2011-09-01,2012-04-30,16
3525300,Jaú,SP,2013,1177.08,23.68,242,2012-09-01,2013-04-30,18
3525300,Jaú,SP,2014,724.43,23.92,242,2013-09-01,2014-04-30,12
3525300,Jaú,SP,2015,929.0,24.02,242,2014-09-01,2015-04-30,18
3525300,Jaú,SP,2016,1333.96,24.21,243,2015-09-01,2016-04-30,19
3525300,Jaú,SP,2017,892.66,23.18,242,2016-09-01,2017-04-30,17
3525300,Jaú,SP,2018,953.87,23.88,242,2017-09-01,2018-04-30,28
3525300,Jaú,SP,2019,884.16,24.23,242,2018-09-01,2019-04-30,14
3525300,Jaú,SP,2020,606.36,24.73,243,2019-09-01,2020-04-30,16
3525300,Jaú,SP,2021,476.13,25.12,242,2020-09-01,2021-04-30,17
3525300,Jaú,SP,2022,911.19,24.14,242,2021-09-01,2022-04-30,16
3525300,Jaú,SP,2023,802.1,23.24,242,2022-09-01,2023-04-30,10
3525300,Jaú,SP,2024,565.48,26.48,243,2023-09-01,2024-04-30,12
3525300,Jaú,SP,2025,590.55,25.42,242,2024-09-01,2025-04-30,23
3525300,Jaú,SP,2026,644.7,24.51,242,2025-09-01,2026-04-30,20
3525409,Jeriquara,SP,2010,1426.48,23.07,242,2009-09-01,2010-04-30,23
3525409,Jeriquara,SP,2011,1495.03,23.14,242,2010-09-01,2011-04-30,12
3525409,Jeriquara,SP,2012,1154.69,22.96,243,2011-09-01,2012-04-30,16
3525409,Jeriquara,SP,2013,1156.17,23.6,242,2012-09-01,2013-04-30,17
3525409,Jeriquara,SP,2014,887.77,24.0,242,2013-09-01,2014-04-30,16
3525409,Jeriquara,SP,2015,1114.81,23.89,242,2014-09-01,2015-04-30,21
3525409,Jeriquara,SP,2016,1355.03,24.18,243,2015-09-01,2016-04-30,26
3525409,Jeriquara,SP,2017,1098.57,23.47,242,2016-09-01,2017-04-30,16
3525409,Jeriquara,SP,2018,1251.4,23.65,242,2017-09-01,2018-04-30,26
3525409,Jeriquara,SP,2019,1363.28,23.6,242,2018-09-01,2019-04-30,14
3525409,Jeriquara,SP,2020,1188.87,24.08,243,2019-09-01,2020-04-30,15
3525409,Jeriquara,SP,2021,695.47,24.91,242,2020-09-01,2021-04-30,20
3525409,Jeriquara,SP,2022,1234.55,23.82,242,2021-09-01,2022-04-30,18
3525409,Jeriquara,SP,2023,1162.94,23.22,242,2022-09-01,2023-04-30,9
3525409,Jeriquara,SP,2024,845.1,26.29,243,2023-09-01,2024-04-30,21
3525409,Jeriquara,SP,2025,1052.52,24.99,242,2024-09-01,2025-04-30,18
3525409,Jeriquara,SP,2026,1054.42,24.02,242,2025-09-01,2026-04-30,22
3525508,Joanópolis,SP,2010,1513.84,20.93,242,2009-09-01,2010-04-30,12
3525508,Joanópolis,SP,2011,1425.14,20.67,242,2010-09-01,2011-04-30,6
3525508,Joanópolis,SP,2012,1060.67,20.38,243,2011-09-01,2012-04-30,21
3525508,Joanópolis,SP,2013,1210.5,20.9,242,2012-09-01,2013-04-30,19
3525508,Joanópolis,SP,2014,839.61,21.3,242,2013-09-01,2014-04-30,11
3525508,Joanópolis,SP,2015,895.39,21.48,242,2014-09-01,2015-04-30,18
3525508,Joanópolis,SP,2016,1225.88,21.96,243,2015-09-01,2016-04-30,25
3525508,Joanópolis,SP,2017,1044.67,20.82,242,2016-09-01,2017-04-30,13
3525508,Joanópolis,SP,2018,965.47,21.24,242,2017-09-01,2018-04-30,26
3525508,Joanópolis,SP,2019,1231.04,21.33,242,2018-09-01,2019-04-30,8
3525508,Joanópolis,SP,2020,983.55,21.17,243,2019-09-01,2020-04-30,22
3525508,Joanópolis,SP,2021,823.86,21.75,242,2020-09-01,2021-04-30,19
3525508,Joanópolis,SP,2022,928.95,21.27,242,2021-09-01,2022-04-30,13
3525508,Joanópolis,SP,2023,1229.13,20.34,242,2022-09-01,2023-04-30,6
3525508,Joanópolis,SP,2024,994.5,22.89,243,2023-09-01,2024-04-30,12
3525508,Joanópolis,SP,2025,818.34,22.28,242,2024-09-01,2025-04-30,15
3525508,Joanópolis,SP,2026,774.66,21.64,242,2025-09-01,2026-04-30,20
3525607,João Ramalho,SP,2010,1367.74,24.22,242,2009-09-01,2010-04-30,15
3525607,João Ramalho,SP,2011,1074.29,24.34,242,2010-09-01,2011-04-30,16
3525607,João Ramalho,SP,2012,745.01,25.41,243,2011-09-01,2012-04-30,13
3525607,João Ramalho,SP,2013,1004.34,25.07,242,2012-09-01,2013-04-30,18
3525607,João Ramalho,SP,2014,783.29,25.34,242,2013-09-01,2014-04-30,12
3525607,João Ramalho,SP,2015,1051.45,25.1,242,2014-09-01,2015-04-30,21
3525607,João Ramalho,SP,2016,1556.5,24.89,243,2015-09-01,2016-04-30,18
3525607,João Ramalho,SP,2017,924.04,23.79,242,2016-09-01,2017-04-30,12
3525607,João Ramalho,SP,2018,1202.02,24.56,242,2017-09-01,2018-04-30,28
3525607,João Ramalho,SP,2019,1097.67,25.08,242,2018-09-01,2019-04-30,14
3525607,João Ramalho,SP,2020,927.79,25.95,243,2019-09-01,2020-04-30,17
3525607,João Ramalho,SP,2021,648.32,26.43,242,2020-09-01,2021-04-30,19
3525607,João Ramalho,SP,2022,942.05,25.83,242,2021-09-01,2022-04-30,10
3525607,João Ramalho,SP,2023,1136.0,24.1,242,2022-09-01,2023-04-30,9
3525607,João Ramalho,SP,2024,796.54,28.01,243,2023-09-01,2024-04-30,16
3525607,João Ramalho,SP,2025,790.43,26.95,242,2024-09-01,2025-04-30,14
3525607,João Ramalho,SP,2026,890.38,25.91,242,2025-09-01,2026-04-30,20
3525706,José Bonifácio,SP,2010,1213.08,24.98,242,2009-09-01,2010-04-30,20
3525706,José Bonifácio,SP,2011,1317.8,25.27,242,2010-09-01,2011-04-30,23
3525706,José Bonifácio,SP,2012,782.57,25.64,243,2011-09-01,2012-04-30,11
3525706,José Bonifácio,SP,2013,997.46,25.82,242,2012-09-01,2013-04-30,18
3525706,José Bonifácio,SP,2014,719.34,26.28,242,2013-09-01,2014-04-30,15
3525706,José Bonifácio,SP,2015,1010.96,26.0,242,2014-09-01,2015-04-30,17
3525706,José Bonifácio,SP,2016,1271.01,25.94,243,2015-09-01,2016-04-30,30
3525706,José Bonifácio,SP,2017,988.89,25.06,242,2016-09-01,2017-04-30,13
3525706,José Bonifácio,SP,2018,1095.81,25.67,242,2017-09-01,2018-04-30,28
3525706,José Bonifácio,SP,2019,959.29,26.28,242,2018-09-01,2019-04-30,14
3525706,José Bonifácio,SP,2020,949.44,26.59,243,2019-09-01,2020-04-30,16
3525706,José Bonifácio,SP,2021,580.34,27.65,242,2020-09-01,2021-04-30,16
3525706,José Bonifácio,SP,2022,1001.93,26.26,242,2021-09-01,2022-04-30,16
3525706,José Bonifácio,SP,2023,949.41,25.25,242,2022-09-01,2023-04-30,7
3525706,José Bonifácio,SP,2024,653.88,29.17,243,2023-09-01,2024-04-30,16
3525706,José Bonifácio,SP,2025,774.18,27.61,242,2024-09-01,2025-04-30,23
3525706,José Bonifácio,SP,2026,768.97,26.99,242,2025-09-01,2026-04-30,21
3525805,Júlio Mesquita,SP,2010,1268.54,24.07,242,2009-09-01,2010-04-30,16
3525805,Júlio Mesquita,SP,2011,1015.95,24.22,242,2010-09-01,2011-04-30,16
3525805,Júlio Mesquita,SP,2012,708.5,24.99,243,2011-09-01,2012-04-30,13
3525805,Júlio Mesquita,SP,2013,970.42,24.77,242,2012-09-01,2013-04-30,18
3525805,Júlio Mesquita,SP,2014,722.1,25.08,242,2013-09-01,2014-04-30,12
3525805,Júlio Mesquita,SP,2015,1036.1,24.83,242,2014-09-01,2015-04-30,17
3525805,Júlio Mesquita,SP,2016,1532.12,24.72,243,2015-09-01,2016-04-30,18
3525805,Júlio Mesquita,SP,2017,955.7,23.58,242,2016-09-01,2017-04-30,13
3525805,Júlio Mesquita,SP,2018,1139.51,24.42,242,2017-09-01,2018-04-30,28
3525805,Júlio Mesquita,SP,2019,1085.39,24.87,242,2018-09-01,2019-04-30,14
3525805,Júlio Mesquita,SP,2020,907.92,25.58,243,2019-09-01,2020-04-30,18
3525805,Júlio Mesquita,SP,2021,636.73,26.08,242,2020-09-01,2021-04-30,19
3525805,Júlio Mesquita,SP,2022,938.6,25.4,242,2021-09-01,2022-04-30,10
3525805,Júlio Mesquita,SP,2023,1082.16,23.89,242,2022-09-01,2023-04-30,9
3525805,Júlio Mesquita,SP,2024,773.4,27.59,243,2023-09-01,2024-04-30,12
3525805,Júlio Mesquita,SP,2025,773.68,26.51,242,2024-09-01,2025-04-30,14
3525805,Júlio Mesquita,SP,2026,865.11,25.49,242,2025-09-01,2026-04-30,21
3525854,Jumirim,SP,2010,1443.1,22.87,242,2009-09-01,2010-04-30,14
3525854,Jumirim,SP,2011,1109.65,22.87,242,2010-09-01,2011-04-30,14
3525854,Jumirim,SP,2012,925.98,23.0,243,2011-09-01,2012-04-30,22
3525854,Jumirim,SP,2013,1093.02,23.28,242,2012-09-01,2013-04-30,19
3525854,Jumirim,SP,2014,688.23,23.98,242,2013-09-01,2014-04-30,12
3525854,Jumirim,SP,2015,885.74,23.87,242,2014-09-01,2015-04-30,17
3525854,Jumirim,SP,2016,1259.92,23.88,243,2015-09-01,2016-04-30,27
3525854,Jumirim,SP,2017,1009.69,22.97,242,2016-09-01,2017-04-30,16
3525854,Jumirim,SP,2018,877.03,23.6,242,2017-09-01,2018-04-30,28
3525854,Jumirim,SP,2019,1143.22,23.61,242,2018-09-01,2019-04-30,14
3525854,Jumirim,SP,2020,999.25,23.59,243,2019-09-01,2020-04-30,16
3525854,Jumirim,SP,2021,590.56,24.63,242,2020-09-01,2021-04-30,21
3525854,Jumirim,SP,2022,921.43,23.75,242,2021-09-01,2022-04-30,14
3525854,Jumirim,SP,2023,1143.79,22.48,242,2022-09-01,2023-04-30,9
3525854,Jumirim,SP,2024,780.23,25.89,243,2023-09-01,2024-04-30,12
3525854,Jumirim,SP,2025,698.98,25.04,242,2024-09-01,2025-04-30,17
3525854,Jumirim,SP,2026,733.68,24.31,242,2025-09-01,2026-04-30,20
3525904,Jundiaí,SP,2010,1513.4,21.84,242,2009-09-01,2010-04-30,13
3525904,Jundiaí,SP,2011,1274.32,21.71,242,2010-09-01,2011-04-30,12
3525904,Jundiaí,SP,2012,1030.92,21.56,243,2011-09-01,2012-04-30,31
3525904,Jundiaí,SP,2013,1179.99,22.01,242,2012-09-01,2013-04-30,19
3525904,Jundiaí,SP,2014,781.34,22.55,242,2013-09-01,2014-04-30,13
3525904,Jundiaí,SP,2015,937.23,22.55,242,2014-09-01,2015-04-30,19
3525904,Jundiaí,SP,2016,1240.18,22.84,243,2015-09-01,2016-04-30,26
3525904,Jundiaí,SP,2017,1048.05,21.92,242,2016-09-01,2017-04-30,16
3525904,Jundiaí,SP,2018,853.84,22.5,242,2017-09-01,2018-04-30,28
3525904,Jundiaí,SP,2019,1187.6,22.44,242,2018-09-01,2019-04-30,14
3525904,Jundiaí,SP,2020,1046.12,22.37,243,2019-09-01,2020-04-30,23
3525904,Jundiaí,SP,2021,662.36,23.22,242,2020-09-01,2021-04-30,20
3525904,Jundiaí,SP,2022,906.05,22.51,242,2021-09-01,2022-04-30,19
3525904,Jundiaí,SP,2023,1127.19,21.45,242,2022-09-01,2023-04-30,8
3525904,Jundiaí,SP,2024,838.83,24.49,243,2023-09-01,2024-04-30,12
3525904,Jundiaí,SP,2025,769.91,23.58,242,2024-09-01,2025-04-30,15
3525904,Jundiaí,SP,2026,775.0,22.96,242,2025-09-01,2026-04-30,20
3526001,Junqueirópolis,SP,2010,1472.38,24.95,242,2009-09-01,2010-04-30,15
3526001,Junqueirópolis,SP,2011,1267.67,24.97,242,2010-09-01,2011-04-30,16
3526001,Junqueirópolis,SP,2012,915.18,25.76,243,2011-09-01,2012-04-30,13
3526001,Junqueirópolis,SP,2013,1065.73,25.81,242,2012-09-01,2013-04-30,18
3526001,Junqueirópolis,SP,2014,845.39,26.17,242,2013-09-01,2014-04-30,16
3526001,Junqueirópolis,SP,2015,1042.1,26.0,242,2014-09-01,2015-04-30,17
3526001,Junqueirópolis,SP,2016,1393.34,25.79,243,2015-09-01,2016-04-30,29
3526001,Junqueirópolis,SP,2017,910.5,24.83,242,2016-09-01,2017-04-30,13
3526001,Junqueirópolis,SP,2018,1221.35,25.37,242,2017-09-01,2018-04-30,28
3526001,Junqueirópolis,SP,2019,970.29,26.31,242,2018-09-01,2019-04-30,14
3526001,Junqueirópolis,SP,2020,884.76,26.94,243,2019-09-01,2020-04-30,16
3526001,Junqueirópolis,SP,2021,538.19,27.83,242,2020-09-01,2021-04-30,26
3526001,Junqueirópolis,SP,2022,803.83,27.05,242,2021-09-01,2022-04-30,10
3526001,Junqueirópolis,SP,2023,1073.98,25.11,242,2022-09-01,2023-04-30,9
3526001,Junqueirópolis,SP,2024,716.88,29.16,243,2023-09-01,2024-04-30,16
3526001,Junqueirópolis,SP,2025,828.87,27.81,242,2024-09-01,2025-04-30,15
3526001,Junqueirópolis,SP,2026,766.96,27.21,242,2025-09-01,2026-04-30,20
3526100,Juquiá,SP,2010,1808.0,23.95,242,2009-09-01,2010-04-30,10
3526100,Juquiá,SP,2011,1146.77,23.12,242,2010-09-01,2011-04-30,9
3526100,Juquiá,SP,2012,967.0,22.99,243,2011-09-01,2012-04-30,11
3526100,Juquiá,SP,2013,1078.95,23.63,242,2012-09-01,2013-04-30,13
3526100,Juquiá,SP,2014,1033.99,23.68,242,2013-09-01,2014-04-30,17
3526100,Juquiá,SP,2015,1047.05,24.1,242,2014-09-01,2015-04-30,13
3526100,Juquiá,SP,2016,1526.1,24.27,243,2015-09-01,2016-04-30,12
3526100,Juquiá,SP,2017,920.5,23.83,242,2016-09-01,2017-04-30,11
3526100,Juquiá,SP,2018,891.15,24.21,242,2017-09-01,2018-04-30,27
3526100,Juquiá,SP,2019,1166.76,24.59,242,2018-09-01,2019-04-30,8
3526100,Juquiá,SP,2020,904.62,23.72,243,2019-09-01,2020-04-30,10
3526100,Juquiá,SP,2021,962.53,24.12,242,2020-09-01,2021-04-30,14
3526100,Juquiá,SP,2022,869.85,23.92,242,2021-09-01,2022-04-30,12
3526100,Juquiá,SP,2023,1286.79,23.25,242,2022-09-01,2023-04-30,10
3526100,Juquiá,SP,2024,1129.11,24.96,243,2023-09-01,2024-04-30,11
3526100,Juquiá,SP,2025,920.77,24.59,242,2024-09-01,2025-04-30,14
3526100,Juquiá,SP,2026,728.2,24.4,242,2025-09-01,2026-04-30,19
3526209,Juquitiba,SP,2010,1778.05,22.2,242,2009-09-01,2010-04-30,11
3526209,Juquitiba,SP,2011,1565.84,21.4,242,2010-09-01,2011-04-30,6
3526209,Juquitiba,SP,2012,827.45,21.1,243,2011-09-01,2012-04-30,13
3526209,Juquitiba,SP,2013,1013.04,21.99,242,2012-09-01,2013-04-30,16
3526209,Juquitiba,SP,2014,784.49,22.19,242,2013-09-01,2014-04-30,13
3526209,Juquitiba,SP,2015,787.93,22.66,242,2014-09-01,2015-04-30,14
3526209,Juquitiba,SP,2016,1353.6,22.76,243,2015-09-01,2016-04-30,25
3526209,Juquitiba,SP,2017,1093.38,21.79,242,2016-09-01,2017-04-30,12
3526209,Juquitiba,SP,2018,852.22,22.13,242,2017-09-01,2018-04-30,27
3526209,Juquitiba,SP,2019,1140.62,22.63,242,2018-09-01,2019-04-30,8
3526209,Juquitiba,SP,2020,1062.26,21.75,243,2019-09-01,2020-04-30,12
3526209,Juquitiba,SP,2021,807.26,22.4,242,2020-09-01,2021-04-30,14
3526209,Juquitiba,SP,2022,1044.54,21.9,242,2021-09-01,2022-04-30,12
3526209,Juquitiba,SP,2023,1362.27,21.31,242,2022-09-01,2023-04-30,7
3526209,Juquitiba,SP,2024,1000.2,23.45,243,2023-09-01,2024-04-30,11
3526209,Juquitiba,SP,2025,858.95,22.95,242,2024-09-01,2025-04-30,14
3526209,Juquitiba,SP,2026,725.15,22.5,242,2025-09-01,2026-04-30,20
3526308,Lagoinha,SP,2010,1524.1,21.31,242,2009-09-01,2010-04-30,12
3526308,Lagoinha,SP,2011,1407.82,20.75,242,2010-09-01,2011-04-30,11
3526308,Lagoinha,SP,2012,1045.87,20.28,243,2011-09-01,2012-04-30,13
3526308,Lagoinha,SP,2013,1144.67,21.12,242,2012-09-01,2013-04-30,16
3526308,Lagoinha,SP,2014,860.5,21.35,242,2013-09-01,2014-04-30,20
3526308,Lagoinha,SP,2015,789.52,21.7,242,2014-09-01,2015-04-30,15
3526308,Lagoinha,SP,2016,1303.96,22.03,243,2015-09-01,2016-04-30,24
3526308,Lagoinha,SP,2017,1206.04,20.77,242,2016-09-01,2017-04-30,15
3526308,Lagoinha,SP,2018,1149.53,21.13,242,2017-09-01,2018-04-30,26
3526308,Lagoinha,SP,2019,1383.66,21.33,242,2018-09-01,2019-04-30,8
3526308,Lagoinha,SP,2020,901.62,21.04,243,2019-09-01,2020-04-30,14
3526308,Lagoinha,SP,2021,982.13,21.56,242,2020-09-01,2021-04-30,19
3526308,Lagoinha,SP,2022,1003.25,21.07,242,2021-09-01,2022-04-30,10
3526308,Lagoinha,SP,2023,1257.81,20.46,242,2022-09-01,2023-04-30,7
3526308,Lagoinha,SP,2024,986.21,22.79,243,2023-09-01,2024-04-30,10
3526308,Lagoinha,SP,2025,902.17,22.15,242,2024-09-01,2025-04-30,19
3526308,Lagoinha,SP,2026,754.78,21.51,242,2025-09-01,2026-04-30,17
3526407,Laranjal Paulista,SP,2010,1380.81,22.76,242,2009-09-01,2010-04-30,15
3526407,Laranjal Paulista,SP,2011,1103.0,22.55,242,2010-09-01,2011-04-30,16
3526407,Laranjal Paulista,SP,2012,910.59,22.75,243,2011-09-01,2012-04-30,22
3526407,Laranjal Paulista,SP,2013,1104.2,23.08,242,2012-09-01,2013-04-30,18
3526407,Laranjal Paulista,SP,2014,679.75,23.6,242,2013-09-01,2014-04-30,12
3526407,Laranjal Paulista,SP,2015,871.73,23.73,242,2014-09-01,2015-04-30,17
3526407,Laranjal Paulista,SP,2016,1291.57,23.69,243,2015-09-01,2016-04-30,19
3526407,Laranjal Paulista,SP,2017,920.81,22.65,242,2016-09-01,2017-04-30,13
3526407,Laranjal Paulista,SP,2018,964.33,23.17,242,2017-09-01,2018-04-30,28
3526407,Laranjal Paulista,SP,2019,1029.69,23.55,242,2018-09-01,2019-04-30,14
3526407,Laranjal Paulista,SP,2020,804.62,23.62,243,2019-09-01,2020-04-30,16
3526407,Laranjal Paulista,SP,2021,554.68,24.43,242,2020-09-01,2021-04-30,21
3526407,Laranjal Paulista,SP,2022,930.02,23.55,242,2021-09-01,2022-04-30,10
3526407,Laranjal Paulista,SP,2023,973.35,22.45,242,2022-09-01,2023-04-30,9
3526407,Laranjal Paulista,SP,2024,698.86,25.79,243,2023-09-01,2024-04-30,12
3526407,Laranjal Paulista,SP,2025,621.24,24.94,242,2024-09-01,2025-04-30,14
3526407,Laranjal Paulista,SP,2026,632.04,24.24,242,2025-09-01,2026-04-30,20
3526506,Lavínia,SP,2010,1439.43,25.33,242,2009-09-01,2010-04-30,16
3526506,Lavínia,SP,2011,1366.72,25.21,242,2010-09-01,2011-04-30,16
3526506,Lavínia,SP,2012,935.9,25.64,243,2011-09-01,2012-04-30,12
3526506,Lavínia,SP,2013,1019.44,26.09,242,2012-09-01,2013-04-30,18
3526506,Lavínia,SP,2014,764.19,26.59,242,2013-09-01,2014-04-30,16
3526506,Lavínia,SP,2015,1005.95,26.41,242,2014-09-01,2015-04-30,17
3526506,Lavínia,SP,2016,1292.68,26.3,243,2015-09-01,2016-04-30,30
3526506,Lavínia,SP,2017,968.89,25.16,242,2016-09-01,2017-04-30,13
3526506,Lavínia,SP,2018,1203.55,25.7,242,2017-09-01,2018-04-30,28
3526506,Lavínia,SP,2019,982.57,26.56,242,2018-09-01,2019-04-30,14
3526506,Lavínia,SP,2020,886.29,27.14,243,2019-09-01,2020-04-30,16
3526506,Lavínia,SP,2021,411.7,28.51,242,2020-09-01,2021-04-30,21
3526506,Lavínia,SP,2022,761.8,27.37,242,2021-09-01,2022-04-30,10
3526506,Lavínia,SP,2023,1022.18,25.52,242,2022-09-01,2023-04-30,8
3526506,Lavínia,SP,2024,702.89,29.42,243,2023-09-01,2024-04-30,16
3526506,Lavínia,SP,2025,781.82,28.15,242,2024-09-01,2025-04-30,15
3526506,Lavínia,SP,2026,635.83,27.84,242,2025-09-01,2026-04-30,19
3526605,Lavrinhas,SP,2010,1460.74,20.55,242,2009-09-01,2010-04-30,13
3526605,Lavrinhas,SP,2011,1573.48,20.15,242,2010-09-01,2011-04-30,13
3526605,Lavrinhas,SP,2012,1103.05,19.65,243,2011-09-01,2012-04-30,17
3526605,Lavrinhas,SP,2013,1175.26,20.47,242,2012-09-01,2013-04-30,19
3526605,Lavrinhas,SP,2014,826.48,20.77,242,2013-09-01,2014-04-30,20
3526605,Lavrinhas,SP,2015,723.01,21.27,242,2014-09-01,2015-04-30,16
3526605,Lavrinhas,SP,2016,1279.06,21.62,243,2015-09-01,2016-04-30,24
3526605,Lavrinhas,SP,2017,1158.3,20.26,242,2016-09-01,2017-04-30,14
3526605,Lavrinhas,SP,2018,1138.88,20.54,242,2017-09-01,2018-04-30,26
3526605,Lavrinhas,SP,2019,1267.09,20.78,242,2018-09-01,2019-04-30,9
3526605,Lavrinhas,SP,2020,1061.58,20.58,243,2019-09-01,2020-04-30,16
3526605,Lavrinhas,SP,2021,927.19,21.12,242,2020-09-01,2021-04-30,19
3526605,Lavrinhas,SP,2022,1081.46,20.58,242,2021-09-01,2022-04-30,15
3526605,Lavrinhas,SP,2023,1308.58,19.95,242,2022-09-01,2023-04-30,7
3526605,Lavrinhas,SP,2024,917.02,22.41,243,2023-09-01,2024-04-30,12
3526605,Lavrinhas,SP,2025,899.54,21.78,242,2024-09-01,2025-04-30,19
3526605,Lavrinhas,SP,2026,679.25,21.18,242,2025-09-01,2026-04-30,16
3526704,Leme,SP,2010,1326.05,22.99,242,2009-09-01,2010-04-30,16
3526704,Leme,SP,2011,1088.56,23.48,242,2010-09-01,2011-04-30,13
3526704,Leme,SP,2012,971.16,23.36,243,2011-09-01,2012-04-30,16
3526704,Leme,SP,2013,1187.62,23.47,242,2012-09-01,2013-04-30,19
3526704,Leme,SP,2014,724.26,24.28,242,2013-09-01,2014-04-30,13
3526704,Leme,SP,2015,992.76,23.85,242,2014-09-01,2015-04-30,19
3526704,Leme,SP,2016,1286.2,24.0,243,2015-09-01,2016-04-30,28
3526704,Leme,SP,2017,905.04,23.4,242,2016-09-01,2017-04-30,16
3526704,Leme,SP,2018,908.81,23.97,242,2017-09-01,2018-04-30,28
3526704,Leme,SP,2019,1094.55,23.68,242,2018-09-01,2019-04-30,13
3526704,Leme,SP,2020,1036.59,23.98,243,2019-09-01,2020-04-30,19
3526704,Leme,SP,2021,620.13,25.04,242,2020-09-01,2021-04-30,18
3526704,Leme,SP,2022,1086.21,23.73,242,2021-09-01,2022-04-30,15
3526704,Leme,SP,2023,1268.02,22.7,242,2022-09-01,2023-04-30,7
3526704,Leme,SP,2024,782.98,26.26,243,2023-09-01,2024-04-30,12
3526704,Leme,SP,2025,785.86,25.28,242,2024-09-01,2025-04-30,18
3526704,Leme,SP,2026,872.0,24.14,242,2025-09-01,2026-04-30,21
3526803,Lençóis Paulista,SP,2010,1227.44,23.44,242,2009-09-01,2010-04-30,16
3526803,Lençóis Paulista,SP,2011,1099.59,23.39,242,2010-09-01,2011-04-30,17
3526803,Lençóis Paulista,SP,2012,887.15,23.34,243,2011-09-01,2012-04-30,16
3526803,Lençóis Paulista,SP,2013,1177.08,23.68,242,2012-09-01,2013-04-30,18
3526803,Lençóis Paulista,SP,2014,724.43,23.92,242,2013-09-01,2014-04-30,12
3526803,Lençóis Paulista,SP,2015,929.0,24.02,242,2014-09-01,2015-04-30,18
3526803,Lençóis Paulista,SP,2016,1333.96,24.21,243,2015-09-01,2016-04-30,19
3526803,Lençóis Paulista,SP,2017,892.66,23.18,242,2016-09-01,2017-04-30,17
3526803,Lençóis Paulista,SP,2018,953.87,23.88,242,2017-09-01,2018-04-30,28
3526803,Lençóis Paulista,SP,2019,884.16,24.23,242,2018-09-01,2019-04-30,14
3526803,Lençóis Paulista,SP,2020,606.36,24.73,243,2019-09-01,2020-04-30,16
3526803,Lençóis Paulista,SP,2021,476.13,25.12,242,2020-09-01,2021-04-30,17
3526803,Lençóis Paulista,SP,2022,911.19,24.14,242,2021-09-01,2022-04-30,16
3526803,Lençóis Paulista,SP,2023,802.1,23.24,242,2022-09-01,2023-04-30,10
3526803,Lençóis Paulista,SP,2024,565.48,26.48,243,2023-09-01,2024-04-30,12
3526803,Lençóis Paulista,SP,2025,590.55,25.42,242,2024-09-01,2025-04-30,23
3526803,Lençóis Paulista,SP,2026,644.7,24.51,242,2025-09-01,2026-04-30,20
3526902,Limeira,SP,2010,1382.37,22.86,242,2009-09-01,2010-04-30,16
3526902,Limeira,SP,2011,1038.21,23.14,242,2010-09-01,2011-04-30,15
3526902,Limeira,SP,2012,986.17,23.06,243,2011-09-01,2012-04-30,20
3526902,Limeira,SP,2013,1151.87,23.29,242,2012-09-01,2013-04-30,19
3526902,Limeira,SP,2014,711.25,23.97,242,2013-09-01,2014-04-30,12
3526902,Limeira,SP,2015,958.89,23.78,242,2014-09-01,2015-04-30,17
3526902,Limeira,SP,2016,1290.07,23.87,243,2015-09-01,2016-04-30,30
3526902,Limeira,SP,2017,1001.31,23.0,242,2016-09-01,2017-04-30,16
3526902,Limeira,SP,2018,915.06,23.68,242,2017-09-01,2018-04-30,28
3526902,Limeira,SP,2019,1116.07,23.53,242,2018-09-01,2019-04-30,14
3526902,Limeira,SP,2020,965.42,23.84,243,2019-09-01,2020-04-30,21
3526902,Limeira,SP,2021,572.88,24.9,242,2020-09-01,2021-04-30,21
3526902,Limeira,SP,2022,938.29,23.81,242,2021-09-01,2022-04-30,16
3526902,Limeira,SP,2023,1136.16,22.62,242,2022-09-01,2023-04-30,9
3526902,Limeira,SP,2024,788.72,26.01,243,2023-09-01,2024-04-30,12
3526902,Limeira,SP,2025,766.93,25.02,242,2024-09-01,2025-04-30,16
3526902,Limeira,SP,2026,827.65,24.15,242,2025-09-01,2026-04-30,20
3527009,Lindóia,SP,2010,1416.36,22.42,242,2009-09-01,2010-04-30,16
3527009,Lindóia,SP,2011,1196.55,22.61,242,2010-09-01,2011-04-30,12
3527009,Lindóia,SP,2012,1116.49,22.29,243,2011-09-01,2012-04-30,20
3527009,Lindóia,SP,2013,1244.62,22.68,242,2012-09-01,2013-04-30,19
3527009,Lindóia,SP,2014,797.62,23.29,242,2013-09-01,2014-04-30,13
3527009,Lindóia,SP,2015,972.16,23.21,242,2014-09-01,2015-04-30,18
3527009,Lindóia,SP,2016,1290.4,23.44,243,2015-09-01,2016-04-30,27
3527009,Lindóia,SP,2017,1012.84,22.65,242,2016-09-01,2017-04-30,16
3527009,Lindóia,SP,2018,929.17,23.21,242,2017-09-01,2018-04-30,28
3527009,Lindóia,SP,2019,1141.59,23.02,242,2018-09-01,2019-04-30,14
3527009,Lindóia,SP,2020,984.72,23.31,243,2019-09-01,2020-04-30,19
3527009,Lindóia,SP,2021,617.74,24.24,242,2020-09-01,2021-04-30,19
3527009,Lindóia,SP,2022,950.39,23.3,242,2021-09-01,2022-04-30,16
3527009,Lindóia,SP,2023,1174.73,22.18,242,2022-09-01,2023-04-30,9
3527009,Lindóia,SP,2024,835.23,25.34,243,2023-09-01,2024-04-30,12
3527009,Lindóia,SP,2025,792.24,24.39,242,2024-09-01,2025-04-30,19
3527009,Lindóia,SP,2026,836.39,23.55,242,2025-09-01,2026-04-30,19
3527108,Lins,SP,2010,1204.83,24.83,242,2009-09-01,2010-04-30,17
3527108,Lins,SP,2011,1130.19,25.01,242,2010-09-01,2011-04-30,16
3527108,Lins,SP,2012,711.59,25.7,243,2011-09-01,2012-04-30,13
3527108,Lins,SP,2013,992.6,25.53,242,2012-09-01,2013-04-30,18
3527108,Lins,SP,2014,629.95,26.09,242,2013-09-01,2014-04-30,12
3527108,Lins,SP,2015,1005.2,25.72,242,2014-09-01,2015-04-30,18
3527108,Lins,SP,2016,1372.47,25.62,243,2015-09-01,2016-04-30,30
3527108,Lins,SP,2017,954.66,24.57,242,2016-09-01,2017-04-30,13
3527108,Lins,SP,2018,1106.34,25.35,242,2017-09-01,2018-04-30,28
3527108,Lins,SP,2019,1021.8,25.82,242,2018-09-01,2019-04-30,14
3527108,Lins,SP,2020,928.34,26.33,243,2019-09-01,2020-04-30,16
3527108,Lins,SP,2021,581.98,27.22,242,2020-09-01,2021-04-30,18
3527108,Lins,SP,2022,912.03,26.26,242,2021-09-01,2022-04-30,15
3527108,Lins,SP,2023,934.91,24.96,242,2022-09-01,2023-04-30,9
3527108,Lins,SP,2024,662.85,28.84,243,2023-09-01,2024-04-30,16
3527108,Lins,SP,2025,734.19,27.52,242,2024-09-01,2025-04-30,15
3527108,Lins,SP,2026,776.7,26.63,242,2025-09-01,2026-04-30,21
3527207,Lorena,SP,2010,1460.74,20.55,242,2009-09-01,2010-04-30,13
3527207,Lorena,SP,2011,1573.48,20.15,242,2010-09-01,2011-04-30,13
3527207,Lorena,SP,2012,1103.05,19.65,243,2011-09-01,2012-04-30,17
3527207,Lorena,SP,2013,1175.26,20.47,242,2012-09-01,2013-04-30,19
3527207,Lorena,SP,2014,826.48,20.77,242,2013-09-01,2014-04-30,20
3527207,Lorena,SP,2015,723.01,21.27,242,2014-09-01,2015-04-30,16
3527207,Lorena,SP,2016,1279.06,21.62,243,2015-09-01,2016-04-30,24
3527207,Lorena,SP,2017,1158.3,20.26,242,2016-09-01,2017-04-30,14
3527207,Lorena,SP,2018,1138.88,20.54,242,2017-09-01,2018-04-30,26
3527207,Lorena,SP,2019,1267.09,20.78,242,2018-09-01,2019-04-30,9
3527207,Lorena,SP,2020,1061.58,20.58,243,2019-09-01,2020-04-30,16
3527207,Lorena,SP,2021,927.19,21.12,242,2020-09-01,2021-04-30,19
3527207,Lorena,SP,2022,1081.46,20.58,242,2021-09-01,2022-04-30,15
3527207,Lorena,SP,2023,1308.58,19.95,242,2022-09-01,2023-04-30,7
3527207,Lorena,SP,2024,917.02,22.41,243,2023-09-01,2024-04-30,12
3527207,Lorena,SP,2025,899.54,21.78,242,2024-09-01,2025-04-30,19
3527207,Lorena,SP,2026,679.25,21.18,242,2025-09-01,2026-04-30,16
3527256,Lourdes,SP,2010,1213.08,24.98,242,2009-09-01,2010-04-30,20
3527256,Lourdes,SP,2011,1317.8,25.27,242,2010-09-01,2011-04-30,23
3527256,Lourdes,SP,2012,782.57,25.64,243,2011-09-01,2012-04-30,11
3527256,Lourdes,SP,2013,997.46,25.82,242,2012-09-01,2013-04-30,18
3527256,Lourdes,SP,2014,719.34,26.28,242,2013-09-01,2014-04-30,15
3527256,Lourdes,SP,2015,1010.96,26.0,242,2014-09-01,2015-04-30,17
3527256,Lourdes,SP,2016,1271.01,25.94,243,2015-09-01,2016-04-30,30
3527256,Lourdes,SP,2017,988.89,25.06,242,2016-09-01,2017-04-30,13
3527256,Lourdes,SP,2018,1095.81,25.67,242,2017-09-01,2018-04-30,28
3527256,Lourdes,SP,2019,959.29,26.28,242,2018-09-01,2019-04-30,14
3527256,Lourdes,SP,2020,949.44,26.59,243,2019-09-01,2020-04-30,16
3527256,Lourdes,SP,2021,580.34,27.65,242,2020-09-01,2021-04-30,16
3527256,Lourdes,SP,2022,1001.93,26.26,242,2021-09-01,2022-04-30,16
3527256,Lourdes,SP,2023,949.41,25.25,242,2022-09-01,2023-04-30,7
3527256,Lourdes,SP,2024,653.88,29.17,243,2023-09-01,2024-04-30,16
3527256,Lourdes,SP,2025,774.18,27.61,242,2024-09-01,2025-04-30,23
3527256,Lourdes,SP,2026,768.97,26.99,242,2025-09-01,2026-04-30,21
3527306,Louveira,SP,2010,1513.4,21.84,242,2009-09-01,2010-04-30,13
3527306,Louveira,SP,2011,1274.32,21.71,242,2010-09-01,2011-04-30,12
3527306,Louveira,SP,2012,1030.92,21.56,243,2011-09-01,2012-04-30,31
3527306,Louveira,SP,2013,1179.99,22.01,242,2012-09-01,2013-04-30,19
3527306,Louveira,SP,2014,781.34,22.55,242,2013-09-01,2014-04-30,13
3527306,Louveira,SP,2015,937.23,22.55,242,2014-09-01,2015-04-30,19
3527306,Louveira,SP,2016,1240.18,22.84,243,2015-09-01,2016-04-30,26
3527306,Louveira,SP,2017,1048.05,21.92,242,2016-09-01,2017-04-30,16
3527306,Louveira,SP,2018,853.84,22.5,242,2017-09-01,2018-04-30,28
3527306,Louveira,SP,2019,1187.6,22.44,242,2018-09-01,2019-04-30,14
3527306,Louveira,SP,2020,1046.12,22.37,243,2019-09-01,2020-04-30,23
3527306,Louveira,SP,2021,662.36,23.22,242,2020-09-01,2021-04-30,20
3527306,Louveira,SP,2022,906.05,22.51,242,2021-09-01,2022-04-30,19
3527306,Louveira,SP,2023,1127.19,21.45,242,2022-09-01,2023-04-30,8
3527306,Louveira,SP,2024,838.83,24.49,243,2023-09-01,2024-04-30,12
3527306,Louveira,SP,2025,769.91,23.58,242,2024-09-01,2025-04-30,15
3527306,Louveira,SP,2026,775.0,22.96,242,2025-09-01,2026-04-30,20
3527405,Lucélia,SP,2010,1472.38,24.95,242,2009-09-01,2010-04-30,15
3527405,Lucélia,SP,2011,1267.67,24.97,242,2010-09-01,2011-04-30,16
3527405,Lucélia,SP,2012,915.18,25.76,243,2011-09-01,2012-04-30,13
3527405,Lucélia,SP,2013,1065.73,25.81,242,2012-09-01,2013-04-30,18
3527405,Lucélia,SP,2014,845.39,26.17,242,2013-09-01,2014-04-30,16
3527405,Lucélia,SP,2015,1042.1,26.0,242,2014-09-01,2015-04-30,17
3527405,Lucélia,SP,2016,1393.34,25.79,243,2015-09-01,2016-04-30,29
3527405,Lucélia,SP,2017,910.5,24.83,242,2016-09-01,2017-04-30,13
3527405,Lucélia,SP,2018,1221.35,25.37,242,2017-09-01,2018-04-30,28
3527405,Lucélia,SP,2019,970.29,26.31,242,2018-09-01,2019-04-30,14
3527405,Lucélia,SP,2020,884.76,26.94,243,2019-09-01,2020-04-30,16
3527405,Lucélia,SP,2021,538.19,27.83,242,2020-09-01,2021-04-30,26
3527405,Lucélia,SP,2022,803.83,27.05,242,2021-09-01,2022-04-30,10
3527405,Lucélia,SP,2023,1073.98,25.11,242,2022-09-01,2023-04-30,9
3527405,Lucélia,SP,2024,716.88,29.16,243,2023-09-01,2024-04-30,16
3527405,Lucélia,SP,2025,828.87,27.81,242,2024-09-01,2025-04-30,15
3527405,Lucélia,SP,2026,766.96,27.21,242,2025-09-01,2026-04-30,20
3527504,Lucianópolis,SP,2010,1172.45,23.51,242,2009-09-01,2010-04-30,16
3527504,Lucianópolis,SP,2011,966.96,23.52,242,2010-09-01,2011-04-30,16
3527504,Lucianópolis,SP,2012,797.35,23.82,243,2011-09-01,2012-04-30,16
3527504,Lucianópolis,SP,2013,1026.73,23.89,242,2012-09-01,2013-04-30,18
3527504,Lucianópolis,SP,2014,741.38,24.14,242,2013-09-01,2014-04-30,12
3527504,Lucianópolis,SP,2015,975.27,24.1,242,2014-09-01,2015-04-30,18
3527504,Lucianópolis,SP,2016,1463.2,24.06,243,2015-09-01,2016-04-30,29
3527504,Lucianópolis,SP,2017,957.46,23.01,242,2016-09-01,2017-04-30,13
3527504,Lucianópolis,SP,2018,1007.72,23.81,242,2017-09-01,2018-04-30,28
3527504,Lucianópolis,SP,2019,987.54,24.24,242,2018-09-01,2019-04-30,14
3527504,Lucianópolis,SP,2020,772.47,24.74,243,2019-09-01,2020-04-30,17
3527504,Lucianópolis,SP,2021,629.64,24.96,242,2020-09-01,2021-04-30,16
3527504,Lucianópolis,SP,2022,940.53,24.29,242,2021-09-01,2022-04-30,10
3527504,Lucianópolis,SP,2023,971.35,23.11,242,2022-09-01,2023-04-30,9
3527504,Lucianópolis,SP,2024,667.7,26.55,243,2023-09-01,2024-04-30,12
3527504,Lucianópolis,SP,2025,686.26,25.51,242,2024-09-01,2025-04-30,23
3527504,Lucianópolis,SP,2026,766.53,24.56,242,2025-09-01,2026-04-30,20
3527603,Luís Antônio,SP,2010,1260.0,23.29,242,2009-09-01,2010-04-30,16
3527603,Luís Antônio,SP,2011,1226.22,23.59,242,2010-09-01,2011-04-30,12
3527603,Luís Antônio,SP,2012,1031.95,23.56,243,2011-09-01,2012-04-30,16
3527603,Luís Antônio,SP,2013,1126.35,23.72,242,2012-09-01,2013-04-30,19
3527603,Luís Antônio,SP,2014,677.89,24.75,242,2013-09-01,2014-04-30,13
3527603,Luís Antônio,SP,2015,942.08,24.25,242,2014-09-01,2015-04-30,21
3527603,Luís Antônio,SP,2016,1265.35,24.26,243,2015-09-01,2016-04-30,26
3527603,Luís Antônio,SP,2017,905.3,23.76,242,2016-09-01,2017-04-30,20
3527603,Luís Antônio,SP,2018,967.72,24.16,242,2017-09-01,2018-04-30,28
3527603,Luís Antônio,SP,2019,1155.06,23.93,242,2018-09-01,2019-04-30,13
3527603,Luís Antônio,SP,2020,1041.62,24.36,243,2019-09-01,2020-04-30,18
3527603,Luís Antônio,SP,2021,620.79,25.36,242,2020-09-01,2021-04-30,18
3527603,Luís Antônio,SP,2022,1082.44,24.05,242,2021-09-01,2022-04-30,16
3527603,Luís Antônio,SP,2023,1239.22,23.07,242,2022-09-01,2023-04-30,7
3527603,Luís Antônio,SP,2024,787.75,26.55,243,2023-09-01,2024-04-30,12
3527603,Luís Antônio,SP,2025,875.21,25.48,242,2024-09-01,2025-04-30,18
3527603,Luís Antônio,SP,2026,913.03,24.35,242,2025-09-01,2026-04-30,21
3527702,Luiziânia,SP,2010,1236.56,24.7,242,2009-09-01,2010-04-30,16
3527702,Luiziânia,SP,2011,1144.95,24.82,242,2010-09-01,2011-04-30,16
3527702,Luiziânia,SP,2012,714.46,25.67,243,2011-09-01,2012-04-30,13
3527702,Luiziânia,SP,2013,1011.71,25.44,242,2012-09-01,2013-04-30,18
3527702,Luiziânia,SP,2014,630.14,26.07,242,2013-09-01,2014-04-30,16
3527702,Luiziânia,SP,2015,1003.11,25.6,242,2014-09-01,2015-04-30,18
3527702,Luiziânia,SP,2016,1362.3,25.55,243,2015-09-01,2016-04-30,30
3527702,Luiziânia,SP,2017,910.1,24.47,242,2016-09-01,2017-04-30,13
3527702,Luiziânia,SP,2018,1122.52,25.2,242,2017-09-01,2018-04-30,28
3527702,Luiziânia,SP,2019,1014.26,25.71,242,2018-09-01,2019-04-30,14
3527702,Luiziânia,SP,2020,930.46,26.29,243,2019-09-01,2020-04-30,16
3527702,Luiziânia,SP,2021,617.0,27.07,242,2020-09-01,2021-04-30,18
3527702,Luiziânia,SP,2022,907.11,26.21,242,2021-09-01,2022-04-30,14
3527702,Luiziânia,SP,2023,922.6,24.9,242,2022-09-01,2023-04-30,8
3527702,Luiziânia,SP,2024,630.16,28.93,243,2023-09-01,2024-04-30,16
3527702,Luiziânia,SP,2025,709.3,27.58,242,2024-09-01,2025-04-30,15
3527702,Luiziânia,SP,2026,750.02,26.74,242,2025-09-01,2026-04-30,21
3527801,Lupércio,SP,2010,1415.64,23.51,242,2009-09-01,2010-04-30,16
3527801,Lupércio,SP,2011,1030.23,23.6,242,2010-09-01,2011-04-30,16
3527801,Lupércio,SP,2012,764.12,24.32,243,2011-09-01,2012-04-30,13
3527801,Lupércio,SP,2013,962.4,24.23,242,2012-09-01,2013-04-30,18
3527801,Lupércio,SP,2014,891.27,24.22,242,2013-09-01,2014-04-30,15
3527801,Lupércio,SP,2015,1056.3,24.14,242,2014-09-01,2015-04-30,17
3527801,Lupércio,SP,2016,1698.87,24.05,243,2015-09-01,2016-04-30,13
3527801,Lupércio,SP,2017,974.85,23.06,242,2016-09-01,2017-04-30,12
3527801,Lupércio,SP,2018,1196.24,23.8,242,2017-09-01,2018-04-30,28
3527801,Lupércio,SP,2019,1119.78,24.18,242,2018-09-01,2019-04-30,14
3527801,Lupércio,SP,2020,896.41,24.94,243,2019-09-01,2020-04-30,17
3527801,Lupércio,SP,2021,697.17,25.19,242,2020-09-01,2021-04-30,20
3527801,Lupércio,SP,2022,931.0,24.71,242,2021-09-01,2022-04-30,16
3527801,Lupércio,SP,2023,1245.37,22.99,242,2022-09-01,2023-04-30,9
3527801,Lupércio,SP,2024,793.9,26.79,243,2023-09-01,2024-04-30,14
3527801,Lupércio,SP,2025,761.54,25.84,242,2024-09-01,2025-04-30,14
3527801,Lupércio,SP,2026,926.12,24.75,242,2025-09-01,2026-04-30,20
3527900,Lutécia,SP,2010,1466.64,23.86,242,2009-09-01,2010-04-30,16
3527900,Lutécia,SP,2011,1056.47,24.07,242,2010-09-01,2011-04-30,16
3527900,Lutécia,SP,2012,766.36,25.14,243,2011-09-01,2012-04-30,12
3527900,Lutécia,SP,2013,971.83,24.86,242,2012-09-01,2013-04-30,18
3527900,Lutécia,SP,2014,901.09,24.92,242,2013-09-01,2014-04-30,12
3527900,Lutécia,SP,2015,1059.12,24.67,242,2014-09-01,2015-04-30,17
3527900,Lutécia,SP,2016,1704.91,24.44,243,2015-09-01,2016-04-30,13
3527900,Lutécia,SP,2017,965.7,23.72,242,2016-09-01,2017-04-30,13
3527900,Lutécia,SP,2018,1213.35,24.33,242,2017-09-01,2018-04-30,28
3527900,Lutécia,SP,2019,1116.41,24.75,242,2018-09-01,2019-04-30,14
3527900,Lutécia,SP,2020,896.41,25.6,243,2019-09-01,2020-04-30,17
3527900,Lutécia,SP,2021,689.38,25.86,242,2020-09-01,2021-04-30,20
3527900,Lutécia,SP,2022,913.13,25.42,242,2021-09-01,2022-04-30,10
3527900,Lutécia,SP,2023,1233.33,23.45,242,2022-09-01,2023-04-30,9
3527900,Lutécia,SP,2024,785.49,27.62,243,2023-09-01,2024-04-30,14
3527900,Lutécia,SP,2025,757.79,26.55,242,2024-09-01,2025-04-30,14
3527900,Lutécia,SP,2026,926.52,25.52,242,2025-09-01,2026-04-30,20
3528007,Macatuba,SP,2010,1227.44,23.44,242,2009-09-01,2010-04-30,16
3528007,Macatuba,SP,2011,1099.59,23.39,242,2010-09-01,2011-04-30,17
3528007,Macatuba,SP,2012,887.15,23.34,243,2011-09-01,2012-04-30,16
3528007,Macatuba,SP,2013,1177.08,23.68,242,2012-09-01,2013-04-30,18
3528007,Macatuba,SP,2014,724.43,23.92,242,2013-09-01,2014-04-30,12
3528007,Macatuba,SP,2015,929.0,24.02,242,2014-09-01,2015-04-30,18
3528007,Macatuba,SP,2016,1333.96,24.21,243,2015-09-01,2016-04-30,19
3528007,Macatuba,SP,2017,892.66,23.18,242,2016-09-01,2017-04-30,17
3528007,Macatuba,SP,2018,953.87,23.88,242,2017-09-01,2018-04-30,28
3528007,Macatuba,SP,2019,884.16,24.23,242,2018-09-01,2019-04-30,14
3528007,Macatuba,SP,2020,606.36,24.73,243,2019-09-01,2020-04-30,16
3528007,Macatuba,SP,2021,476.13,25.12,242,2020-09-01,2021-04-30,17
3528007,Macatuba,SP,2022,911.19,24.14,242,2021-09-01,2022-04-30,16
3528007,Macatuba,SP,2023,802.1,23.24,242,2022-09-01,2023-04-30,10
3528007,Macatuba,SP,2024,565.48,26.48,243,2023-09-01,2024-04-30,12
3528007,Macatuba,SP,2025,590.55,25.42,242,2024-09-01,2025-04-30,23
3528007,Macatuba,SP,2026,644.7,24.51,242,2025-09-01,2026-04-30,20
3528106,Macaubal,SP,2010,1213.08,24.98,242,2009-09-01,2010-04-30,20
3528106,Macaubal,SP,2011,1317.8,25.27,242,2010-09-01,2011-04-30,23
3528106,Macaubal,SP,2012,782.57,25.64,243,2011-09-01,2012-04-30,11
3528106,Macaubal,SP,2013,997.46,25.82,242,2012-09-01,2013-04-30,18
3528106,Macaubal,SP,2014,719.34,26.28,242,2013-09-01,2014-04-30,15
3528106,Macaubal,SP,2015,1010.96,26.0,242,2014-09-01,2015-04-30,17
3528106,Macaubal,SP,2016,1271.01,25.94,243,2015-09-01,2016-04-30,30
3528106,Macaubal,SP,2017,988.89,25.06,242,2016-09-01,2017-04-30,13
3528106,Macaubal,SP,2018,1095.81,25.67,242,2017-09-01,2018-04-30,28
3528106,Macaubal,SP,2019,959.29,26.28,242,2018-09-01,2019-04-30,14
3528106,Macaubal,SP,2020,949.44,26.59,243,2019-09-01,2020-04-30,16
3528106,Macaubal,SP,2021,580.34,27.65,242,2020-09-01,2021-04-30,16
3528106,Macaubal,SP,2022,1001.93,26.26,242,2021-09-01,2022-04-30,16
3528106,Macaubal,SP,2023,949.41,25.25,242,2022-09-01,2023-04-30,7
3528106,Macaubal,SP,2024,653.88,29.17,243,2023-09-01,2024-04-30,16
3528106,Macaubal,SP,2025,774.18,27.61,242,2024-09-01,2025-04-30,23
3528106,Macaubal,SP,2026,768.97,26.99,242,2025-09-01,2026-04-30,21
3528205,Macedônia,SP,2010,1446.71,25.41,242,2009-09-01,2010-04-30,26
3528205,Macedônia,SP,2011,1497.34,25.68,242,2010-09-01,2011-04-30,23
3528205,Macedônia,SP,2012,971.5,25.9,243,2011-09-01,2012-04-30,18
3528205,Macedônia,SP,2013,992.16,26.35,242,2012-09-01,2013-04-30,18
3528205,Macedônia,SP,2014,848.28,26.56,242,2013-09-01,2014-04-30,11
3528205,Macedônia,SP,2015,1131.65,26.31,242,2014-09-01,2015-04-30,16
3528205,Macedônia,SP,2016,1142.76,26.64,243,2015-09-01,2016-04-30,23
3528205,Macedônia,SP,2017,1143.73,25.72,242,2016-09-01,2017-04-30,13
3528205,Macedônia,SP,2018,1127.18,26.16,242,2017-09-01,2018-04-30,28
3528205,Macedônia,SP,2019,1075.6,26.52,242,2018-09-01,2019-04-30,14
3528205,Macedônia,SP,2020,928.6,27.11,243,2019-09-01,2020-04-30,17
3528205,Macedônia,SP,2021,558.34,28.07,242,2020-09-01,2021-04-30,20
3528205,Macedônia,SP,2022,1060.07,26.75,242,2021-09-01,2022-04-30,16
3528205,Macedônia,SP,2023,1267.64,25.78,242,2022-09-01,2023-04-30,9
3528205,Macedônia,SP,2024,770.88,29.31,243,2023-09-01,2024-04-30,16
3528205,Macedônia,SP,2025,758.24,28.03,242,2024-09-01,2025-04-30,39
3528205,Macedônia,SP,2026,780.0,27.51,242,2025-09-01,2026-04-30,21
3528304,Magda,SP,2010,1249.82,24.85,242,2009-09-01,2010-04-30,25
3528304,Magda,SP,2011,1439.63,25.23,242,2010-09-01,2011-04-30,23
3528304,Magda,SP,2012,883.53,25.49,243,2011-09-01,2012-04-30,14
3528304,Magda,SP,2013,939.8,25.85,242,2012-09-01,2013-04-30,18
3528304,Magda,SP,2014,848.61,26.06,242,2013-09-01,2014-04-30,11
3528304,Magda,SP,2015,1107.87,25.74,242,2014-09-01,2015-04-30,17
3528304,Magda,SP,2016,1294.34,25.83,243,2015-09-01,2016-04-30,30
3528304,Magda,SP,2017,1065.05,25.08,242,2016-09-01,2017-04-30,13
3528304,Magda,SP,2018,1120.02,25.56,242,2017-09-01,2018-04-30,28
3528304,Magda,SP,2019,960.82,26.24,242,2018-09-01,2019-04-30,15
3528304,Magda,SP,2020,948.78,26.52,243,2019-09-01,2020-04-30,17
3528304,Magda,SP,2021,560.35,27.7,242,2020-09-01,2021-04-30,18
3528304,Magda,SP,2022,1037.8,26.13,242,2021-09-01,2022-04-30,16
3528304,Magda,SP,2023,1102.21,25.16,242,2022-09-01,2023-04-30,9
3528304,Magda,SP,2024,776.32,28.86,243,2023-09-01,2024-04-30,16
3528304,Magda,SP,2025,851.99,27.33,242,2024-09-01,2025-04-30,23
3528304,Magda,SP,2026,855.97,26.81,242,2025-09-01,2026-04-30,21
3528403,Mairinque,SP,2010,1666.75,21.09,242,2009-09-01,2010-04-30,12
3528403,Mairinque,SP,2011,1464.75,20.61,242,2010-09-01,2011-04-30,11
3528403,Mairinque,SP,2012,924.14,20.5,243,2011-09-01,2012-04-30,13
3528403,Mairinque,SP,2013,1098.88,21.22,242,2012-09-01,2013-04-30,16
3528403,Mairinque,SP,2014,769.94,21.63,242,2013-09-01,2014-04-30,14
3528403,Mairinque,SP,2015,854.33,21.79,242,2014-09-01,2015-04-30,16
3528403,Mairinque,SP,2016,1250.66,22.01,243,2015-09-01,2016-04-30,26
3528403,Mairinque,SP,2017,1090.54,20.97,242,2016-09-01,2017-04-30,13
3528403,Mairinque,SP,2018,791.1,21.55,242,2017-09-01,2018-04-30,28
3528403,Mairinque,SP,2019,1156.14,21.76,242,2018-09-01,2019-04-30,8
3528403,Mairinque,SP,2020,1119.16,21.26,243,2019-09-01,2020-04-30,12
3528403,Mairinque,SP,2021,691.92,21.98,242,2020-09-01,2021-04-30,19
3528403,Mairinque,SP,2022,1015.37,21.37,242,2021-09-01,2022-04-30,12
3528403,Mairinque,SP,2023,1308.23,20.46,242,2022-09-01,2023-04-30,7
3528403,Mairinque,SP,2024,894.85,23.27,243,2023-09-01,2024-04-30,13
3528403,Mairinque,SP,2025,775.9,22.58,242,2024-09-01,2025-04-30,14
3528403,Mairinque,SP,2026,754.23,21.95,242,2025-09-01,2026-04-30,20
3528502,Mairiporã,SP,2010,1666.75,21.09,242,2009-09-01,2010-04-30,12
3528502,Mairiporã,SP,2011,1464.75,20.61,242,2010-09-01,2011-04-30,11
3528502,Mairiporã,SP,2012,924.14,20.5,243,2011-09-01,2012-04-30,13
3528502,Mairiporã,SP,2013,1098.88,21.22,242,2012-09-01,2013-04-30,16
3528502,Mairiporã,SP,2014,769.94,21.63,242,2013-09-01,2014-04-30,14
3528502,Mairiporã,SP,2015,854.33,21.79,242,2014-09-01,2015-04-30,16
3528502,Mairiporã,SP,2016,1250.66,22.01,243,2015-09-01,2016-04-30,26
3528502,Mairiporã,SP,2017,1090.54,20.97,242,2016-09-01,2017-04-30,13
3528502,Mairiporã,SP,2018,791.1,21.55,242,2017-09-01,2018-04-30,28
3528502,Mairiporã,SP,2019,1156.14,21.76,242,2018-09-01,2019-04-30,8
3528502,Mairiporã,SP,2020,1119.16,21.26,243,2019-09-01,2020-04-30,12
3528502,Mairiporã,SP,2021,691.92,21.98,242,2020-09-01,2021-04-30,19
3528502,Mairiporã,SP,2022,1015.37,21.37,242,2021-09-01,2022-04-30,12
3528502,Mairiporã,SP,2023,1308.23,20.46,242,2022-09-01,2023-04-30,7
3528502,Mairiporã,SP,2024,894.85,23.27,243,2023-09-01,2024-04-30,13
3528502,Mairiporã,SP,2025,775.9,22.58,242,2024-09-01,2025-04-30,14
3528502,Mairiporã,SP,2026,754.23,21.95,242,2025-09-01,2026-04-30,20
3528601,Manduri,SP,2010,1269.52,23.15,242,2009-09-01,2010-04-30,16
3528601,Manduri,SP,2011,969.56,23.05,242,2010-09-01,2011-04-30,15
3528601,Manduri,SP,2012,856.88,23.23,243,2011-09-01,2012-04-30,22
3528601,Manduri,SP,2013,1056.89,23.44,242,2012-09-01,2013-04-30,18
3528601,Manduri,SP,2014,809.47,23.53,242,2013-09-01,2014-04-30,12
3528601,Manduri,SP,2015,988.42,23.63,242,2014-09-01,2015-04-30,17
3528601,Manduri,SP,2016,1495.77,23.75,243,2015-09-01,2016-04-30,14
3528601,Manduri,SP,2017,982.85,22.7,242,2016-09-01,2017-04-30,17
3528601,Manduri,SP,2018,1090.44,23.28,242,2017-09-01,2018-04-30,28
3528601,Manduri,SP,2019,990.48,23.82,242,2018-09-01,2019-04-30,14
3528601,Manduri,SP,2020,751.68,24.16,243,2019-09-01,2020-04-30,18
3528601,Manduri,SP,2021,680.11,24.27,242,2020-09-01,2021-04-30,20
3528601,Manduri,SP,2022,937.5,23.85,242,2021-09-01,2022-04-30,14
3528601,Manduri,SP,2023,1045.16,22.54,242,2022-09-01,2023-04-30,9
3528601,Manduri,SP,2024,710.14,25.84,243,2023-09-01,2024-04-30,14
3528601,Manduri,SP,2025,664.42,24.99,242,2024-09-01,2025-04-30,14
3528601,Manduri,SP,2026,716.02,24.17,242,2025-09-01,2026-04-30,20
3528700,Marabá Paulista,SP,2010,1605.86,24.63,242,2009-09-01,2010-04-30,15
3528700,Marabá Paulista,SP,2011,1293.98,24.78,242,2010-09-01,2011-04-30,16
3528700,Marabá Paulista,SP,2012,870.19,25.95,243,2011-09-01,2012-04-30,13
3528700,Marabá Paulista,SP,2013,1054.78,25.78,242,2012-09-01,2013-04-30,18
3528700,Marabá Paulista,SP,2014,966.62,25.77,242,2013-09-01,2014-04-30,16
3528700,Marabá Paulista,SP,2015,1034.6,25.84,242,2014-09-01,2015-04-30,17
3528700,Marabá Paulista,SP,2016,1419.83,25.41,243,2015-09-01,2016-04-30,29
3528700,Marabá Paulista,SP,2017,845.76,25.1,242,2016-09-01,2017-04-30,13
3528700,Marabá Paulista,SP,2018,1153.3,25.34,242,2017-09-01,2018-04-30,28
3528700,Marabá Paulista,SP,2019,932.28,26.29,242,2018-09-01,2019-04-30,14
3528700,Marabá Paulista,SP,2020,845.55,26.83,243,2019-09-01,2020-04-30,16
3528700,Marabá Paulista,SP,2021,696.68,27.08,242,2020-09-01,2021-04-30,27
3528700,Marabá Paulista,SP,2022,787.16,26.85,242,2021-09-01,2022-04-30,10
3528700,Marabá Paulista,SP,2023,1127.53,24.71,242,2022-09-01,2023-04-30,9
3528700,Marabá Paulista,SP,2024,710.01,28.95,243,2023-09-01,2024-04-30,14
3528700,Marabá Paulista,SP,2025,802.21,27.63,242,2024-09-01,2025-04-30,14
3528700,Marabá Paulista,SP,2026,845.02,26.84,242,2025-09-01,2026-04-30,20
3528809,Maracaí,SP,2010,1466.64,23.86,242,2009-09-01,2010-04-30,16
3528809,Maracaí,SP,2011,1056.47,24.07,242,2010-09-01,2011-04-30,16
3528809,Maracaí,SP,2012,766.36,25.14,243,2011-09-01,2012-04-30,12
3528809,Maracaí,SP,2013,971.83,24.86,242,2012-09-01,2013-04-30,18
3528809,Maracaí,SP,2014,901.09,24.92,242,2013-09-01,2014-04-30,12
3528809,Maracaí,SP,2015,1059.12,24.67,242,2014-09-01,2015-04-30,17
3528809,Maracaí,SP,2016,1704.91,24.44,243,2015-09-01,2016-04-30,13
3528809,Maracaí,SP,2017,965.7,23.72,242,2016-09-01,2017-04-30,13
3528809,Maracaí,SP,2018,1213.35,24.33,242,2017-09-01,2018-04-30,28
3528809,Maracaí,SP,2019,1116.41,24.75,242,2018-09-01,2019-04-30,14
3528809,Maracaí,SP,2020,896.41,25.6,243,2019-09-01,2020-04-30,17
3528809,Maracaí,SP,2021,689.38,25.86,242,2020-09-01,2021-04-30,20
3528809,Maracaí,SP,2022,913.13,25.42,242,2021-09-01,2022-04-30,10
3528809,Maracaí,SP,2023,1233.33,23.45,242,2022-09-01,2023-04-30,9
3528809,Maracaí,SP,2024,785.49,27.62,243,2023-09-01,2024-04-30,14
3528809,Maracaí,SP,2025,757.79,26.55,242,2024-09-01,2025-04-30,14
3528809,Maracaí,SP,2026,926.52,25.52,242,2025-09-01,2026-04-30,20
3528858,Marapoama,SP,2010,1120.92,25.11,242,2009-09-01,2010-04-30,16
3528858,Marapoama,SP,2011,1120.39,25.4,242,2010-09-01,2011-04-30,16
3528858,Marapoama,SP,2012,784.6,25.73,243,2011-09-01,2012-04-30,14
3528858,Marapoama,SP,2013,996.32,25.75,242,2012-09-01,2013-04-30,17
3528858,Marapoama,SP,2014,702.95,26.26,242,2013-09-01,2014-04-30,12
3528858,Marapoama,SP,2015,857.69,26.11,242,2014-09-01,2015-04-30,23
3528858,Marapoama,SP,2016,1254.18,25.96,243,2015-09-01,2016-04-30,29
3528858,Marapoama,SP,2017,869.65,25.19,242,2016-09-01,2017-04-30,13
3528858,Marapoama,SP,2018,874.81,26.05,242,2017-09-01,2018-04-30,28
3528858,Marapoama,SP,2019,938.73,26.2,242,2018-09-01,2019-04-30,14
3528858,Marapoama,SP,2020,822.81,26.63,243,2019-09-01,2020-04-30,16
3528858,Marapoama,SP,2021,538.96,27.46,242,2020-09-01,2021-04-30,18
3528858,Marapoama,SP,2022,969.66,26.16,242,2021-09-01,2022-04-30,16
3528858,Marapoama,SP,2023,894.55,25.17,242,2022-09-01,2023-04-30,9
3528858,Marapoama,SP,2024,505.18,29.24,243,2023-09-01,2024-04-30,15
3528858,Marapoama,SP,2025,742.29,27.48,242,2024-09-01,2025-04-30,23
3528858,Marapoama,SP,2026,784.83,26.62,242,2025-09-01,2026-04-30,20
3528908,Mariápolis,SP,2010,1570.07,24.33,242,2009-09-01,2010-04-30,15
3528908,Mariápolis,SP,2011,1251.02,24.48,242,2010-09-01,2011-04-30,16
3528908,Mariápolis,SP,2012,871.98,25.57,243,2011-09-01,2012-04-30,12
3528908,Mariápolis,SP,2013,1067.01,25.38,242,2012-09-01,2013-04-30,18
3528908,Mariápolis,SP,2014,945.92,25.47,242,2013-09-01,2014-04-30,16
3528908,Mariápolis,SP,2015,1057.46,25.39,242,2014-09-01,2015-04-30,17
3528908,Mariápolis,SP,2016,1495.66,25.08,243,2015-09-01,2016-04-30,29
3528908,Mariápolis,SP,2017,865.02,24.47,242,2016-09-01,2017-04-30,13
3528908,Mariápolis,SP,2018,1219.68,24.87,242,2017-09-01,2018-04-30,28
3528908,Mariápolis,SP,2019,1001.07,25.7,242,2018-09-01,2019-04-30,14
3528908,Mariápolis,SP,2020,883.99,26.4,243,2019-09-01,2020-04-30,16
3528908,Mariápolis,SP,2021,657.07,26.82,242,2020-09-01,2021-04-30,27
3528908,Mariápolis,SP,2022,829.39,26.4,242,2021-09-01,2022-04-30,10
3528908,Mariápolis,SP,2023,1164.8,24.3,242,2022-09-01,2023-04-30,9
3528908,Mariápolis,SP,2024,746.71,28.55,243,2023-09-01,2024-04-30,16
3528908,Mariápolis,SP,2025,809.03,27.24,242,2024-09-01,2025-04-30,14
3528908,Mariápolis,SP,2026,881.23,26.36,242,2025-09-01,2026-04-30,20
3529005,Marília,SP,2010,1268.54,24.07,242,2009-09-01,2010-04-30,16
3529005,Marília,SP,2011,1015.95,24.22,242,2010-09-01,2011-04-30,16
3529005,Marília,SP,2012,708.5,24.99,243,2011-09-01,2012-04-30,13
3529005,Marília,SP,2013,970.42,24.77,242,2012-09-01,2013-04-30,18
3529005,Marília,SP,2014,722.1,25.08,242,2013-09-01,2014-04-30,12
3529005,Marília,SP,2015,1036.1,24.83,242,2014-09-01,2015-04-30,17
3529005,Marília,SP,2016,1532.12,24.72,243,2015-09-01,2016-04-30,18
3529005,Marília,SP,2017,955.7,23.58,242,2016-09-01,2017-04-30,13
3529005,Marília,SP,2018,1139.51,24.42,242,2017-09-01,2018-04-30,28
3529005,Marília,SP,2019,1085.39,24.87,242,2018-09-01,2019-04-30,14
3529005,Marília,SP,2020,907.92,25.58,243,2019-09-01,2020-04-30,18
3529005,Marília,SP,2021,636.73,26.08,242,2020-09-01,2021-04-30,19
3529005,Marília,SP,2022,938.6,25.4,242,2021-09-01,2022-04-30,10
3529005,Marília,SP,2023,1082.16,23.89,242,2022-09-01,2023-04-30,9
3529005,Marília,SP,2024,773.4,27.59,243,2023-09-01,2024-04-30,12
3529005,Marília,SP,2025,773.68,26.51,242,2024-09-01,2025-04-30,14
3529005,Marília,SP,2026,865.11,25.49,242,2025-09-01,2026-04-30,21
3529104,Marinópolis,SP,2010,1346.18,25.27,242,2009-09-01,2010-04-30,25
3529104,Marinópolis,SP,2011,1462.0,25.57,242,2010-09-01,2011-04-30,23
3529104,Marinópolis,SP,2012,903.31,25.89,243,2011-09-01,2012-04-30,11
3529104,Marinópolis,SP,2013,980.99,26.22,242,2012-09-01,2013-04-30,18
3529104,Marinópolis,SP,2014,821.59,26.6,242,2013-09-01,2014-04-30,14
3529104,Marinópolis,SP,2015,1119.3,26.19,242,2014-09-01,2015-04-30,17
3529104,Marinópolis,SP,2016,1259.66,26.28,243,2015-09-01,2016-04-30,30
3529104,Marinópolis,SP,2017,1096.46,25.39,242,2016-09-01,2017-04-30,13
3529104,Marinópolis,SP,2018,1157.68,25.87,242,2017-09-01,2018-04-30,28
3529104,Marinópolis,SP,2019,998.87,26.61,242,2018-09-01,2019-04-30,14
3529104,Marinópolis,SP,2020,942.26,27.01,243,2019-09-01,2020-04-30,17
3529104,Marinópolis,SP,2021,489.72,28.4,242,2020-09-01,2021-04-30,18
3529104,Marinópolis,SP,2022,972.46,26.75,242,2021-09-01,2022-04-30,16
3529104,Marinópolis,SP,2023,1070.0,25.59,242,2022-09-01,2023-04-30,9
3529104,Marinópolis,SP,2024,782.78,29.3,243,2023-09-01,2024-04-30,14
3529104,Marinópolis,SP,2025,805.05,27.93,242,2024-09-01,2025-04-30,22
3529104,Marinópolis,SP,2026,778.93,27.5,242,2025-09-01,2026-04-30,21
3529203,Martinópolis,SP,2010,1570.07,24.33,242,2009-09-01,2010-04-30,15
3529203,Martinópolis,SP,2011,1251.02,24.48,242,2010-09-01,2011-04-30,16
3529203,Martinópolis,SP,2012,871.98,25.57,243,2011-09-01,2012-04-30,12
3529203,Martinópolis,SP,2013,1067.01,25.38,242,2012-09-01,2013-04-30,18
3529203,Martinópolis,SP,2014,945.92,25.47,242,2013-09-01,2014-04-30,16
3529203,Martinópolis,SP,2015,1057.46,25.39,242,2014-09-01,2015-04-30,17
3529203,Martinópolis,SP,2016,1495.66,25.08,243,2015-09-01,2016-04-30,29
3529203,Martinópolis,SP,2017,865.02,24.47,242,2016-09-01,2017-04-30,13
3529203,Martinópolis,SP,2018,1219.68,24.87,242,2017-09-01,2018-04-30,28
3529203,Martinópolis,SP,2019,1001.07,25.7,242,2018-09-01,2019-04-30,14
3529203,Martinópolis,SP,2020,883.99,26.4,243,2019-09-01,2020-04-30,16
3529203,Martinópolis,SP,2021,657.07,26.82,242,2020-09-01,2021-04-30,27
3529203,Martinópolis,SP,2022,829.39,26.4,242,2021-09-01,2022-04-30,10
3529203,Martinópolis,SP,2023,1164.8,24.3,242,2022-09-01,2023-04-30,9
3529203,Martinópolis,SP,2024,746.71,28.55,243,2023-09-01,2024-04-30,16
3529203,Martinópolis,SP,2025,809.03,27.24,242,2024-09-01,2025-04-30,14
3529203,Martinópolis,SP,2026,881.23,26.36,242,2025-09-01,2026-04-30,20
3529302,Matão,SP,2010,1209.17,23.56,242,2009-09-01,2010-04-30,16
3529302,Matão,SP,2011,1191.52,23.92,242,2010-09-01,2011-04-30,12
3529302,Matão,SP,2012,1000.27,23.86,243,2011-09-01,2012-04-30,16
3529302,Matão,SP,2013,1104.44,24.11,242,2012-09-01,2013-04-30,19
3529302,Matão,SP,2014,726.02,24.86,242,2013-09-01,2014-04-30,11
3529302,Matão,SP,2015,896.63,24.61,242,2014-09-01,2015-04-30,19
3529302,Matão,SP,2016,1279.62,24.56,243,2015-09-01,2016-04-30,27
3529302,Matão,SP,2017,901.64,23.94,242,2016-09-01,2017-04-30,12
3529302,Matão,SP,2018,966.68,24.5,242,2017-09-01,2018-04-30,28
3529302,Matão,SP,2019,1053.47,24.37,242,2018-09-01,2019-04-30,14
3529302,Matão,SP,2020,988.92,24.73,243,2019-09-01,2020-04-30,18
3529302,Matão,SP,2021,501.23,25.99,242,2020-09-01,2021-04-30,19
3529302,Matão,SP,2022,928.43,24.68,242,2021-09-01,2022-04-30,16
3529302,Matão,SP,2023,1045.32,23.58,242,2022-09-01,2023-04-30,9
3529302,Matão,SP,2024,666.56,27.26,243,2023-09-01,2024-04-30,12
3529302,Matão,SP,2025,885.2,25.77,242,2024-09-01,2025-04-30,19
3529302,Matão,SP,2026,902.44,24.76,242,2025-09-01,2026-04-30,20
3529401,Mauá,SP,2010,1708.0,21.63,242,2009-09-01,2010-04-30,11
3529401,Mauá,SP,2011,1612.83,21.03,242,2010-09-01,2011-04-30,10
3529401,Mauá,SP,2012,913.57,20.91,243,2011-09-01,2012-04-30,13
3529401,Mauá,SP,2013,1041.98,21.64,242,2012-09-01,2013-04-30,16
3529401,Mauá,SP,2014,762.83,22.06,242,2013-09-01,2014-04-30,15
3529401,Mauá,SP,2015,814.52,22.19,242,2014-09-01,2015-04-30,16
3529401,Mauá,SP,2016,1155.68,22.52,243,2015-09-01,2016-04-30,25
3529401,Mauá,SP,2017,1111.08,21.41,242,2016-09-01,2017-04-30,14
3529401,Mauá,SP,2018,885.1,21.83,242,2017-09-01,2018-04-30,28
3529401,Mauá,SP,2019,1200.65,22.11,242,2018-09-01,2019-04-30,7
3529401,Mauá,SP,2020,994.6,21.53,243,2019-09-01,2020-04-30,13
3529401,Mauá,SP,2021,850.67,22.12,242,2020-09-01,2021-04-30,19
3529401,Mauá,SP,2022,893.62,21.72,242,2021-09-01,2022-04-30,8
3529401,Mauá,SP,2023,1193.78,20.94,242,2022-09-01,2023-04-30,7
3529401,Mauá,SP,2024,993.45,23.35,243,2023-09-01,2024-04-30,12
3529401,Mauá,SP,2025,845.8,22.73,242,2024-09-01,2025-04-30,14
3529401,Mauá,SP,2026,748.72,22.2,242,2025-09-01,2026-04-30,19
3529500,Mendonça,SP,2010,1105.87,24.68,242,2009-09-01,2010-04-30,17
3529500,Mendonça,SP,2011,1214.77,25.07,242,2010-09-01,2011-04-30,16
3529500,Mendonça,SP,2012,872.96,25.22,243,2011-09-01,2012-04-30,14
3529500,Mendonça,SP,2013,1027.94,25.45,242,2012-09-01,2013-04-30,16
3529500,Mendonça,SP,2014,828.87,25.71,242,2013-09-01,2014-04-30,16
3529500,Mendonça,SP,2015,836.03,25.94,242,2014-09-01,2015-04-30,19
3529500,Mendonça,SP,2016,1208.83,25.66,243,2015-09-01,2016-04-30,28
3529500,Mendonça,SP,2017,897.37,25.01,242,2016-09-01,2017-04-30,13
3529500,Mendonça,SP,2018,992.26,25.51,242,2017-09-01,2018-04-30,28
3529500,Mendonça,SP,2019,943.31,25.91,242,2018-09-01,2019-04-30,15
3529500,Mendonça,SP,2020,948.71,26.18,243,2019-09-01,2020-04-30,16
3529500,Mendonça,SP,2021,648.53,27.03,242,2020-09-01,2021-04-30,18
3529500,Mendonça,SP,2022,1070.52,25.65,242,2021-09-01,2022-04-30,16
3529500,Mendonça,SP,2023,1019.01,24.81,242,2022-09-01,2023-04-30,7
3529500,Mendonça,SP,2024,642.35,28.83,243,2023-09-01,2024-04-30,16
3529500,Mendonça,SP,2025,840.27,27.01,242,2024-09-01,2025-04-30,23
3529500,Mendonça,SP,2026,871.3,26.24,242,2025-09-01,2026-04-30,20
3529609,Meridiano,SP,2010,1249.82,24.85,242,2009-09-01,2010-04-30,25
3529609,Meridiano,SP,2011,1439.63,25.23,242,2010-09-01,2011-04-30,23
3529609,Meridiano,SP,2012,883.53,25.49,243,2011-09-01,2012-04-30,14
3529609,Meridiano,SP,2013,939.8,25.85,242,2012-09-01,2013-04-30,18
3529609,Meridiano,SP,2014,848.61,26.06,242,2013-09-01,2014-04-30,11
3529609,Meridiano,SP,2015,1107.87,25.74,242,2014-09-01,2015-04-30,17
3529609,Meridiano,SP,2016,1294.34,25.83,243,2015-09-01,2016-04-30,30
3529609,Meridiano,SP,2017,1065.05,25.08,242,2016-09-01,2017-04-30,13
3529609,Meridiano,SP,2018,1120.02,25.56,242,2017-09-01,2018-04-30,28
3529609,Meridiano,SP,2019,960.82,26.24,242,2018-09-01,2019-04-30,15
3529609,Meridiano,SP,2020,948.78,26.52,243,2019-09-01,2020-04-30,17
3529609,Meridiano,SP,2021,560.35,27.7,242,2020-09-01,2021-04-30,18
3529609,Meridiano,SP,2022,1037.8,26.13,242,2021-09-01,2022-04-30,16
3529609,Meridiano,SP,2023,1102.21,25.16,242,2022-09-01,2023-04-30,9
3529609,Meridiano,SP,2024,776.32,28.86,243,2023-09-01,2024-04-30,16
3529609,Meridiano,SP,2025,851.99,27.33,242,2024-09-01,2025-04-30,23
3529609,Meridiano,SP,2026,855.97,26.81,242,2025-09-01,2026-04-30,21
3529658,Mesópolis,SP,2010,1468.55,25.4,242,2009-09-01,2010-04-30,26
3529658,Mesópolis,SP,2011,1502.98,25.74,242,2010-09-01,2011-04-30,23
3529658,Mesópolis,SP,2012,945.27,26.18,243,2011-09-01,2012-04-30,18
3529658,Mesópolis,SP,2013,995.03,26.42,242,2012-09-01,2013-04-30,18
3529658,Mesópolis,SP,2014,834.82,26.72,242,2013-09-01,2014-04-30,12
3529658,Mesópolis,SP,2015,1124.29,26.27,242,2014-09-01,2015-04-30,16
3529658,Mesópolis,SP,2016,1120.91,26.75,243,2015-09-01,2016-04-30,23
3529658,Mesópolis,SP,2017,1130.85,25.65,242,2016-09-01,2017-04-30,13
3529658,Mesópolis,SP,2018,1130.61,26.16,242,2017-09-01,2018-04-30,28
3529658,Mesópolis,SP,2019,1083.96,26.57,242,2018-09-01,2019-04-30,13
3529658,Mesópolis,SP,2020,917.22,27.21,243,2019-09-01,2020-04-30,17
3529658,Mesópolis,SP,2021,535.28,28.32,242,2020-09-01,2021-04-30,20
3529658,Mesópolis,SP,2022,1052.6,26.79,242,2021-09-01,2022-04-30,16
3529658,Mesópolis,SP,2023,1222.73,25.72,242,2022-09-01,2023-04-30,9
3529658,Mesópolis,SP,2024,761.74,29.44,243,2023-09-01,2024-04-30,14
3529658,Mesópolis,SP,2025,751.1,28.16,242,2024-09-01,2025-04-30,39
3529658,Mesópolis,SP,2026,739.06,27.73,242,2025-09-01,2026-04-30,21
3529708,Miguelópolis,SP,2010,1344.13,24.52,242,2009-09-01,2010-04-30,24
3529708,Miguelópolis,SP,2011,1553.42,24.59,242,2010-09-01,2011-04-30,12
3529708,Miguelópolis,SP,2012,1196.8,24.24,243,2011-09-01,2012-04-30,17
3529708,Miguelópolis,SP,2013,1152.32,25.09,242,2012-09-01,2013-04-30,16
3529708,Miguelópolis,SP,2014,957.18,25.16,242,2013-09-01,2014-04-30,16
3529708,Miguelópolis,SP,2015,1041.48,25.47,242,2014-09-01,2015-04-30,21
3529708,Miguelópolis,SP,2016,1333.48,25.71,243,2015-09-01,2016-04-30,26
3529708,Miguelópolis,SP,2017,1020.02,24.96,242,2016-09-01,2017-04-30,12
3529708,Miguelópolis,SP,2018,1262.29,25.15,242,2017-09-01,2018-04-30,28
3529708,Miguelópolis,SP,2019,1294.79,25.18,242,2018-09-01,2019-04-30,13
3529708,Miguelópolis,SP,2020,1125.41,25.67,243,2019-09-01,2020-04-30,17
3529708,Miguelópolis,SP,2021,761.34,26.27,242,2020-09-01,2021-04-30,22
3529708,Miguelópolis,SP,2022,1171.18,25.56,242,2021-09-01,2022-04-30,18
3529708,Miguelópolis,SP,2023,1186.49,24.83,242,2022-09-01,2023-04-30,13
3529708,Miguelópolis,SP,2024,855.75,27.81,243,2023-09-01,2024-04-30,18
3529708,Miguelópolis,SP,2025,951.7,26.72,242,2024-09-01,2025-04-30,38
3529708,Miguelópolis,SP,2026,939.48,25.91,242,2025-09-01,2026-04-30,22
3529807,Mineiros do Tietê,SP,2010,1227.44,23.44,242,2009-09-01,2010-04-30,16
3529807,Mineiros do Tietê,SP,2011,1099.59,23.39,242,2010-09-01,2011-04-30,17
3529807,Mineiros do Tietê,SP,2012,887.15,23.34,243,2011-09-01,2012-04-30,16
3529807,Mineiros do Tietê,SP,2013,1177.08,23.68,242,2012-09-01,2013-04-30,18
3529807,Mineiros do Tietê,SP,2014,724.43,23.92,242,2013-09-01,2014-04-30,12
3529807,Mineiros do Tietê,SP,2015,929.0,24.02,242,2014-09-01,2015-04-30,18
3529807,Mineiros do Tietê,SP,2016,1333.96,24.21,243,2015-09-01,2016-04-30,19
3529807,Mineiros do Tietê,SP,2017,892.66,23.18,242,2016-09-01,2017-04-30,17
3529807,Mineiros do Tietê,SP,2018,953.87,23.88,242,2017-09-01,2018-04-30,28
3529807,Mineiros do Tietê,SP,2019,884.16,24.23,242,2018-09-01,2019-04-30,14
3529807,Mineiros do Tietê,SP,2020,606.36,24.73,243,2019-09-01,2020-04-30,16
3529807,Mineiros do Tietê,SP,2021,476.13,25.12,242,2020-09-01,2021-04-30,17
3529807,Mineiros do Tietê,SP,2022,911.19,24.14,242,2021-09-01,2022-04-30,16
3529807,Mineiros do Tietê,SP,2023,802.1,23.24,242,2022-09-01,2023-04-30,10
3529807,Mineiros do Tietê,SP,2024,565.48,26.48,243,2023-09-01,2024-04-30,12
3529807,Mineiros do Tietê,SP,2025,590.55,25.42,242,2024-09-01,2025-04-30,23
3529807,Mineiros do Tietê,SP,2026,644.7,24.51,242,2025-09-01,2026-04-30,20
3529906,Miracatu,SP,2010,1808.0,23.95,242,2009-09-01,2010-04-30,10
3529906,Miracatu,SP,2011,1146.77,23.12,242,2010-09-01,2011-04-30,9
3529906,Miracatu,SP,2012,967.0,22.99,243,2011-09-01,2012-04-30,11
3529906,Miracatu,SP,2013,1078.95,23.63,242,2012-09-01,2013-04-30,13
3529906,Miracatu,SP,2014,1033.99,23.68,242,2013-09-01,2014-04-30,17
3529906,Miracatu,SP,2015,1047.05,24.1,242,2014-09-01,2015-04-30,13
3529906,Miracatu,SP,2016,1526.1,24.27,243,2015-09-01,2016-04-30,12
3529906,Miracatu,SP,2017,920.5,23.83,242,2016-09-01,2017-04-30,11
3529906,Miracatu,SP,2018,891.15,24.21,242,2017-09-01,2018-04-30,27
3529906,Miracatu,SP,2019,1166.76,24.59,242,2018-09-01,2019-04-30,8
3529906,Miracatu,SP,2020,904.62,23.72,243,2019-09-01,2020-04-30,10
3529906,Miracatu,SP,2021,962.53,24.12,242,2020-09-01,2021-04-30,14
3529906,Miracatu,SP,2022,869.85,23.92,242,2021-09-01,2022-04-30,12
3529906,Miracatu,SP,2023,1286.79,23.25,242,2022-09-01,2023-04-30,10
3529906,Miracatu,SP,2024,1129.11,24.96,243,2023-09-01,2024-04-30,11
3529906,Miracatu,SP,2025,920.77,24.59,242,2024-09-01,2025-04-30,14
3529906,Miracatu,SP,2026,728.2,24.4,242,2025-09-01,2026-04-30,19
3530003,Mira Estrela,SP,2010,1446.71,25.41,242,2009-09-01,2010-04-30,26
3530003,Mira Estrela,SP,2011,1497.34,25.68,242,2010-09-01,2011-04-30,23
3530003,Mira Estrela,SP,2012,971.5,25.9,243,2011-09-01,2012-04-30,18
3530003,Mira Estrela,SP,2013,992.16,26.35,242,2012-09-01,2013-04-30,18
3530003,Mira Estrela,SP,2014,848.28,26.56,242,2013-09-01,2014-04-30,11
3530003,Mira Estrela,SP,2015,1131.65,26.31,242,2014-09-01,2015-04-30,16
3530003,Mira Estrela,SP,2016,1142.76,26.64,243,2015-09-01,2016-04-30,23
3530003,Mira Estrela,SP,2017,1143.73,25.72,242,2016-09-01,2017-04-30,13
3530003,Mira Estrela,SP,2018,1127.18,26.16,242,2017-09-01,2018-04-30,28
3530003,Mira Estrela,SP,2019,1075.6,26.52,242,2018-09-01,2019-04-30,14
3530003,Mira Estrela,SP,2020,928.6,27.11,243,2019-09-01,2020-04-30,17
3530003,Mira Estrela,SP,2021,558.34,28.07,242,2020-09-01,2021-04-30,20
3530003,Mira Estrela,SP,2022,1060.07,26.75,242,2021-09-01,2022-04-30,16
3530003,Mira Estrela,SP,2023,1267.64,25.78,242,2022-09-01,2023-04-30,9
3530003,Mira Estrela,SP,2024,770.88,29.31,243,2023-09-01,2024-04-30,16
3530003,Mira Estrela,SP,2025,758.24,28.03,242,2024-09-01,2025-04-30,39
3530003,Mira Estrela,SP,2026,780.0,27.51,242,2025-09-01,2026-04-30,21
3530102,Mirandópolis,SP,2010,1439.43,25.33,242,2009-09-01,2010-04-30,16
3530102,Mirandópolis,SP,2011,1366.72,25.21,242,2010-09-01,2011-04-30,16
3530102,Mirandópolis,SP,2012,935.9,25.64,243,2011-09-01,2012-04-30,12
3530102,Mirandópolis,SP,2013,1019.44,26.09,242,2012-09-01,2013-04-30,18
3530102,Mirandópolis,SP,2014,764.19,26.59,242,2013-09-01,2014-04-30,16
3530102,Mirandópolis,SP,2015,1005.95,26.41,242,2014-09-01,2015-04-30,17
3530102,Mirandópolis,SP,2016,1292.68,26.3,243,2015-09-01,2016-04-30,30
3530102,Mirandópolis,SP,2017,968.89,25.16,242,2016-09-01,2017-04-30,13
3530102,Mirandópolis,SP,2018,1203.55,25.7,242,2017-09-01,2018-04-30,28
3530102,Mirandópolis,SP,2019,982.57,26.56,242,2018-09-01,2019-04-30,14
3530102,Mirandópolis,SP,2020,886.29,27.14,243,2019-09-01,2020-04-30,16
3530102,Mirandópolis,SP,2021,411.7,28.51,242,2020-09-01,2021-04-30,21
3530102,Mirandópolis,SP,2022,761.8,27.37,242,2021-09-01,2022-04-30,10
3530102,Mirandópolis,SP,2023,1022.18,25.52,242,2022-09-01,2023-04-30,8
3530102,Mirandópolis,SP,2024,702.89,29.42,243,2023-09-01,2024-04-30,16
3530102,Mirandópolis,SP,2025,781.82,28.15,242,2024-09-01,2025-04-30,15
3530102,Mirandópolis,SP,2026,635.83,27.84,242,2025-09-01,2026-04-30,19
3530201,Mirante do Paranapanema,SP,2010,1734.99,24.52,242,2009-09-01,2010-04-30,15
3530201,Mirante do Paranapanema,SP,2011,1344.58,24.46,242,2010-09-01,2011-04-30,16
3530201,Mirante do Paranapanema,SP,2012,857.33,25.43,243,2011-09-01,2012-04-30,12
3530201,Mirante do Paranapanema,SP,2013,1030.35,25.38,242,2012-09-01,2013-04-30,18
3530201,Mirante do Paranapanema,SP,2014,1022.57,25.2,242,2013-09-01,2014-04-30,12
3530201,Mirante do Paranapanema,SP,2015,1000.34,25.44,242,2014-09-01,2015-04-30,12
3530201,Mirante do Paranapanema,SP,2016,1562.58,25.16,243,2015-09-01,2016-04-30,24
3530201,Mirante do Paranapanema,SP,2017,884.19,24.52,242,2016-09-01,2017-04-30,13
3530201,Mirante do Paranapanema,SP,2018,1179.8,25.01,242,2017-09-01,2018-04-30,28
3530201,Mirante do Paranapanema,SP,2019,1004.53,25.66,242,2018-09-01,2019-04-30,11
3530201,Mirante do Paranapanema,SP,2020,839.85,26.28,243,2019-09-01,2020-04-30,16
3530201,Mirante do Paranapanema,SP,2021,700.22,26.21,242,2020-09-01,2021-04-30,19
3530201,Mirante do Paranapanema,SP,2022,842.76,26.21,242,2021-09-01,2022-04-30,10
3530201,Mirante do Paranapanema,SP,2023,1164.78,24.19,242,2022-09-01,2023-04-30,9
3530201,Mirante do Paranapanema,SP,2024,750.1,28.17,243,2023-09-01,2024-04-30,16
3530201,Mirante do Paranapanema,SP,2025,752.36,27.04,242,2024-09-01,2025-04-30,14
3530201,Mirante do Paranapanema,SP,2026,904.81,26.09,242,2025-09-01,2026-04-30,20
3530300,Mirassol,SP,2010,1105.87,24.68,242,2009-09-01,2010-04-30,17
3530300,Mirassol,SP,2011,1214.77,25.07,242,2010-09-01,2011-04-30,16
3530300,Mirassol,SP,2012,872.96,25.22,243,2011-09-01,2012-04-30,14
3530300,Mirassol,SP,2013,1027.94,25.45,242,2012-09-01,2013-04-30,16
3530300,Mirassol,SP,2014,828.87,25.71,242,2013-09-01,2014-04-30,16
3530300,Mirassol,SP,2015,836.03,25.94,242,2014-09-01,2015-04-30,19
3530300,Mirassol,SP,2016,1208.83,25.66,243,2015-09-01,2016-04-30,28
3530300,Mirassol,SP,2017,897.37,25.01,242,2016-09-01,2017-04-30,13
3530300,Mirassol,SP,2018,992.26,25.51,242,2017-09-01,2018-04-30,28
3530300,Mirassol,SP,2019,943.31,25.91,242,2018-09-01,2019-04-30,15
3530300,Mirassol,SP,2020,948.71,26.18,243,2019-09-01,2020-04-30,16
3530300,Mirassol,SP,2021,648.53,27.03,242,2020-09-01,2021-04-30,18
3530300,Mirassol,SP,2022,1070.52,25.65,242,2021-09-01,2022-04-30,16
3530300,Mirassol,SP,2023,1019.01,24.81,242,2022-09-01,2023-04-30,7
3530300,Mirassol,SP,2024,642.35,28.83,243,2023-09-01,2024-04-30,16
3530300,Mirassol,SP,2025,840.27,27.01,242,2024-09-01,2025-04-30,23
3530300,Mirassol,SP,2026,871.3,26.24,242,2025-09-01,2026-04-30,20
3530409,Mirassolândia,SP,2010,1174.84,24.82,242,2009-09-01,2010-04-30,25
3530409,Mirassolândia,SP,2011,1341.78,25.09,242,2010-09-01,2011-04-30,23
3530409,Mirassolândia,SP,2012,1030.22,24.97,243,2011-09-01,2012-04-30,16
3530409,Mirassolândia,SP,2013,1071.04,25.5,242,2012-09-01,2013-04-30,18
3530409,Mirassolândia,SP,2014,912.54,25.57,242,2013-09-01,2014-04-30,11
3530409,Mirassolândia,SP,2015,955.35,25.89,242,2014-09-01,2015-04-30,17
3530409,Mirassolândia,SP,2016,1265.3,25.8,243,2015-09-01,2016-04-30,26
3530409,Mirassolândia,SP,2017,1004.32,25.09,242,2016-09-01,2017-04-30,12
3530409,Mirassolândia,SP,2018,1070.76,25.55,242,2017-09-01,2018-04-30,28
3530409,Mirassolândia,SP,2019,985.34,25.98,242,2018-09-01,2019-04-30,14
3530409,Mirassolândia,SP,2020,995.23,26.25,243,2019-09-01,2020-04-30,17
3530409,Mirassolândia,SP,2021,689.18,27.06,242,2020-09-01,2021-04-30,18
3530409,Mirassolândia,SP,2022,1076.68,25.9,242,2021-09-01,2022-04-30,16
3530409,Mirassolândia,SP,2023,1128.03,25.07,242,2022-09-01,2023-04-30,9
3530409,Mirassolândia,SP,2024,780.38,28.54,243,2023-09-01,2024-04-30,16
3530409,Mirassolândia,SP,2025,887.63,27.11,242,2024-09-01,2025-04-30,39
3530409,Mirassolândia,SP,2026,899.81,26.44,242,2025-09-01,2026-04-30,20
3530508,Mococa,SP,2010,1278.91,22.23,242,2009-09-01,2010-04-30,16
3530508,Mococa,SP,2011,1309.44,22.4,242,2010-09-01,2011-04-30,12
3530508,Mococa,SP,2012,1054.93,22.18,243,2011-09-01,2012-04-30,20
3530508,Mococa,SP,2013,1275.59,22.5,242,2012-09-01,2013-04-30,19
3530508,Mococa,SP,2014,700.34,23.3,242,2013-09-01,2014-04-30,13
3530508,Mococa,SP,2015,1010.26,23.01,242,2014-09-01,2015-04-30,18
3530508,Mococa,SP,2016,1298.81,23.21,243,2015-09-01,2016-04-30,26
3530508,Mococa,SP,2017,906.53,22.64,242,2016-09-01,2017-04-30,20
3530508,Mococa,SP,2018,994.84,22.86,242,2017-09-01,2018-04-30,26
3530508,Mococa,SP,2019,1186.24,22.81,242,2018-09-01,2019-04-30,13
3530508,Mococa,SP,2020,1067.18,23.14,243,2019-09-01,2020-04-30,18
3530508,Mococa,SP,2021,650.57,23.85,242,2020-09-01,2021-04-30,18
3530508,Mococa,SP,2022,1145.97,22.81,242,2021-09-01,2022-04-30,16
3530508,Mococa,SP,2023,1312.42,22.01,242,2022-09-01,2023-04-30,7
3530508,Mococa,SP,2024,813.84,25.11,243,2023-09-01,2024-04-30,12
3530508,Mococa,SP,2025,874.58,24.13,242,2024-09-01,2025-04-30,18
3530508,Mococa,SP,2026,918.9,23.06,242,2025-09-01,2026-04-30,21
3530607,Mogi das Cruzes,SP,2010,1708.0,21.63,242,2009-09-01,2010-04-30,11
3530607,Mogi das Cruzes,SP,2011,1612.83,21.03,242,2010-09-01,2011-04-30,10
3530607,Mogi das Cruzes,SP,2012,913.57,20.91,243,2011-09-01,2012-04-30,13
3530607,Mogi das Cruzes,SP,2013,1041.98,21.64,242,2012-09-01,2013-04-30,16
3530607,Mogi das Cruzes,SP,2014,762.83,22.06,242,2013-09-01,2014-04-30,15
3530607,Mogi das Cruzes,SP,2015,814.52,22.19,242,2014-09-01,2015-04-30,16
3530607,Mogi das Cruzes,SP,2016,1155.68,22.52,243,2015-09-01,2016-04-30,25
3530607,Mogi das Cruzes,SP,2017,1111.08,21.41,242,2016-09-01,2017-04-30,14
3530607,Mogi das Cruzes,SP,2018,885.1,21.83,242,2017-09-01,2018-04-30,28
3530607,Mogi das Cruzes,SP,2019,1200.65,22.11,242,2018-09-01,2019-04-30,7
3530607,Mogi das Cruzes,SP,2020,994.6,21.53,243,2019-09-01,2020-04-30,13
3530607,Mogi das Cruzes,SP,2021,850.67,22.12,242,2020-09-01,2021-04-30,19
3530607,Mogi das Cruzes,SP,2022,893.62,21.72,242,2021-09-01,2022-04-30,8
3530607,Mogi das Cruzes,SP,2023,1193.78,20.94,242,2022-09-01,2023-04-30,7
3530607,Mogi das Cruzes,SP,2024,993.45,23.35,243,2023-09-01,2024-04-30,12
3530607,Mogi das Cruzes,SP,2025,845.8,22.73,242,2024-09-01,2025-04-30,14
3530607,Mogi das Cruzes,SP,2026,748.72,22.2,242,2025-09-01,2026-04-30,19
3530706,Mogi Guaçu,SP,2010,1416.36,22.42,242,2009-09-01,2010-04-30,16
3530706,Mogi Guaçu,SP,2011,1196.55,22.61,242,2010-09-01,2011-04-30,12
3530706,Mogi Guaçu,SP,2012,1116.49,22.29,243,2011-09-01,2012-04-30,20
3530706,Mogi Guaçu,SP,2013,1244.62,22.68,242,2012-09-01,2013-04-30,19
3530706,Mogi Guaçu,SP,2014,797.62,23.29,242,2013-09-01,2014-04-30,13
3530706,Mogi Guaçu,SP,2015,972.16,23.21,242,2014-09-01,2015-04-30,18
3530706,Mogi Guaçu,SP,2016,1290.4,23.44,243,2015-09-01,2016-04-30,27
3530706,Mogi Guaçu,SP,2017,1012.84,22.65,242,2016-09-01,2017-04-30,16
3530706,Mogi Guaçu,SP,2018,929.17,23.21,242,2017-09-01,2018-04-30,28
3530706,Mogi Guaçu,SP,2019,1141.59,23.02,242,2018-09-01,2019-04-30,14
3530706,Mogi Guaçu,SP,2020,984.72,23.31,243,2019-09-01,2020-04-30,19
3530706,Mogi Guaçu,SP,2021,617.74,24.24,242,2020-09-01,2021-04-30,19
3530706,Mogi Guaçu,SP,2022,950.39,23.3,242,2021-09-01,2022-04-30,16
3530706,Mogi Guaçu,SP,2023,1174.73,22.18,242,2022-09-01,2023-04-30,9
3530706,Mogi Guaçu,SP,2024,835.23,25.34,243,2023-09-01,2024-04-30,12
3530706,Mogi Guaçu,SP,2025,792.24,24.39,242,2024-09-01,2025-04-30,19
3530706,Mogi Guaçu,SP,2026,836.39,23.55,242,2025-09-01,2026-04-30,19
3530805,Mogi Mirim,SP,2010,1416.36,22.42,242,2009-09-01,2010-04-30,16
3530805,Mogi Mirim,SP,2011,1196.55,22.61,242,2010-09-01,2011-04-30,12
3530805,Mogi Mirim,SP,2012,1116.49,22.29,243,2011-09-01,2012-04-30,20
3530805,Mogi Mirim,SP,2013,1244.62,22.68,242,2012-09-01,2013-04-30,19
3530805,Mogi Mirim,SP,2014,797.62,23.29,242,2013-09-01,2014-04-30,13
3530805,Mogi Mirim,SP,2015,972.16,23.21,242,2014-09-01,2015-04-30,18
3530805,Mogi Mirim,SP,2016,1290.4,23.44,243,2015-09-01,2016-04-30,27
3530805,Mogi Mirim,SP,2017,1012.84,22.65,242,2016-09-01,2017-04-30,16
3530805,Mogi Mirim,SP,2018,929.17,23.21,242,2017-09-01,2018-04-30,28
3530805,Mogi Mirim,SP,2019,1141.59,23.02,242,2018-09-01,2019-04-30,14
3530805,Mogi Mirim,SP,2020,984.72,23.31,243,2019-09-01,2020-04-30,19
3530805,Mogi Mirim,SP,2021,617.74,24.24,242,2020-09-01,2021-04-30,19
3530805,Mogi Mirim,SP,2022,950.39,23.3,242,2021-09-01,2022-04-30,16
3530805,Mogi Mirim,SP,2023,1174.73,22.18,242,2022-09-01,2023-04-30,9
3530805,Mogi Mirim,SP,2024,835.23,25.34,243,2023-09-01,2024-04-30,12
3530805,Mogi Mirim,SP,2025,792.24,24.39,242,2024-09-01,2025-04-30,19
3530805,Mogi Mirim,SP,2026,836.39,23.55,242,2025-09-01,2026-04-30,19
3530904,Mombuca,SP,2010,1443.1,22.87,242,2009-09-01,2010-04-30,14
3530904,Mombuca,SP,2011,1109.65,22.87,242,2010-09-01,2011-04-30,14
3530904,Mombuca,SP,2012,925.98,23.0,243,2011-09-01,2012-04-30,22
3530904,Mombuca,SP,2013,1093.02,23.28,242,2012-09-01,2013-04-30,19
3530904,Mombuca,SP,2014,688.23,23.98,242,2013-09-01,2014-04-30,12
3530904,Mombuca,SP,2015,885.74,23.87,242,2014-09-01,2015-04-30,17
3530904,Mombuca,SP,2016,1259.92,23.88,243,2015-09-01,2016-04-30,27
3530904,Mombuca,SP,2017,1009.69,22.97,242,2016-09-01,2017-04-30,16
3530904,Mombuca,SP,2018,877.03,23.6,242,2017-09-01,2018-04-30,28
3530904,Mombuca,SP,2019,1143.22,23.61,242,2018-09-01,2019-04-30,14
3530904,Mombuca,SP,2020,999.25,23.59,243,2019-09-01,2020-04-30,16
3530904,Mombuca,SP,2021,590.56,24.63,242,2020-09-01,2021-04-30,21
3530904,Mombuca,SP,2022,921.43,23.75,242,2021-09-01,2022-04-30,14
3530904,Mombuca,SP,2023,1143.79,22.48,242,2022-09-01,2023-04-30,9
3530904,Mombuca,SP,2024,780.23,25.89,243,2023-09-01,2024-04-30,12
3530904,Mombuca,SP,2025,698.98,25.04,242,2024-09-01,2025-04-30,17
3530904,Mombuca,SP,2026,733.68,24.31,242,2025-09-01,2026-04-30,20
3531001,Monções,SP,2010,1213.08,24.98,242,2009-09-01,2010-04-30,20
3531001,Monções,SP,2011,1317.8,25.27,242,2010-09-01,2011-04-30,23
3531001,Monções,SP,2012,782.57,25.64,243,2011-09-01,2012-04-30,11
3531001,Monções,SP,2013,997.46,25.82,242,2012-09-01,2013-04-30,18
3531001,Monções,SP,2014,719.34,26.28,242,2013-09-01,2014-04-30,15
3531001,Monções,SP,2015,1010.96,26.0,242,2014-09-01,2015-04-30,17
3531001,Monções,SP,2016,1271.01,25.94,243,2015-09-01,2016-04-30,30
3531001,Monções,SP,2017,988.89,25.06,242,2016-09-01,2017-04-30,13
3531001,Monções,SP,2018,1095.81,25.67,242,2017-09-01,2018-04-30,28
3531001,Monções,SP,2019,959.29,26.28,242,2018-09-01,2019-04-30,14
3531001,Monções,SP,2020,949.44,26.59,243,2019-09-01,2020-04-30,16
3531001,Monções,SP,2021,580.34,27.65,242,2020-09-01,2021-04-30,16
3531001,Monções,SP,2022,1001.93,26.26,242,2021-09-01,2022-04-30,16
3531001,Monções,SP,2023,949.41,25.25,242,2022-09-01,2023-04-30,7
3531001,Monções,SP,2024,653.88,29.17,243,2023-09-01,2024-04-30,16
3531001,Monções,SP,2025,774.18,27.61,242,2024-09-01,2025-04-30,23
3531001,Monções,SP,2026,768.97,26.99,242,2025-09-01,2026-04-30,21
3531100,Mongaguá,SP,2010,1778.05,22.2,242,2009-09-01,2010-04-30,11
3531100,Mongaguá,SP,2011,1565.84,21.4,242,2010-09-01,2011-04-30,6
3531100,Mongaguá,SP,2012,827.45,21.1,243,2011-09-01,2012-04-30,13
3531100,Mongaguá,SP,2013,1013.04,21.99,242,2012-09-01,2013-04-30,16
3531100,Mongaguá,SP,2014,784.49,22.19,242,2013-09-01,2014-04-30,13
3531100,Mongaguá,SP,2015,787.93,22.66,242,2014-09-01,2015-04-30,14
3531100,Mongaguá,SP,2016,1353.6,22.76,243,2015-09-01,2016-04-30,25
3531100,Mongaguá,SP,2017,1093.38,21.79,242,2016-09-01,2017-04-30,12
3531100,Mongaguá,SP,2018,852.22,22.13,242,2017-09-01,2018-04-30,27
3531100,Mongaguá,SP,2019,1140.62,22.63,242,2018-09-01,2019-04-30,8
3531100,Mongaguá,SP,2020,1062.26,21.75,243,2019-09-01,2020-04-30,12
3531100,Mongaguá,SP,2021,807.26,22.4,242,2020-09-01,2021-04-30,14
3531100,Mongaguá,SP,2022,1044.54,21.9,242,2021-09-01,2022-04-30,12
3531100,Mongaguá,SP,2023,1362.27,21.31,242,2022-09-01,2023-04-30,7
3531100,Mongaguá,SP,2024,1000.2,23.45,243,2023-09-01,2024-04-30,11
3531100,Mongaguá,SP,2025,858.95,22.95,242,2024-09-01,2025-04-30,14
3531100,Mongaguá,SP,2026,725.15,22.5,242,2025-09-01,2026-04-30,20
3531209,Monte Alegre do Sul,SP,2010,1416.36,22.42,242,2009-09-01,2010-04-30,16
3531209,Monte Alegre do Sul,SP,2011,1196.55,22.61,242,2010-09-01,2011-04-30,12
3531209,Monte Alegre do Sul,SP,2012,1116.49,22.29,243,2011-09-01,2012-04-30,20
3531209,Monte Alegre do Sul,SP,2013,1244.62,22.68,242,2012-09-01,2013-04-30,19
3531209,Monte Alegre do Sul,SP,2014,797.62,23.29,242,2013-09-01,2014-04-30,13
3531209,Monte Alegre do Sul,SP,2015,972.16,23.21,242,2014-09-01,2015-04-30,18
3531209,Monte Alegre do Sul,SP,2016,1290.4,23.44,243,2015-09-01,2016-04-30,27
3531209,Monte Alegre do Sul,SP,2017,1012.84,22.65,242,2016-09-01,2017-04-30,16
3531209,Monte Alegre do Sul,SP,2018,929.17,23.21,242,2017-09-01,2018-04-30,28
3531209,Monte Alegre do Sul,SP,2019,1141.59,23.02,242,2018-09-01,2019-04-30,14
3531209,Monte Alegre do Sul,SP,2020,984.72,23.31,243,2019-09-01,2020-04-30,19
3531209,Monte Alegre do Sul,SP,2021,617.74,24.24,242,2020-09-01,2021-04-30,19
3531209,Monte Alegre do Sul,SP,2022,950.39,23.3,242,2021-09-01,2022-04-30,16
3531209,Monte Alegre do Sul,SP,2023,1174.73,22.18,242,2022-09-01,2023-04-30,9
3531209,Monte Alegre do Sul,SP,2024,835.23,25.34,243,2023-09-01,2024-04-30,12
3531209,Monte Alegre do Sul,SP,2025,792.24,24.39,242,2024-09-01,2025-04-30,19
3531209,Monte Alegre do Sul,SP,2026,836.39,23.55,242,2025-09-01,2026-04-30,19
3531308,Monte Alto,SP,2010,1142.99,24.23,242,2009-09-01,2010-04-30,16
3531308,Monte Alto,SP,2011,1139.84,24.66,242,2010-09-01,2011-04-30,16
3531308,Monte Alto,SP,2012,801.14,24.97,243,2011-09-01,2012-04-30,15
3531308,Monte Alto,SP,2013,1018.28,24.98,242,2012-09-01,2013-04-30,17
3531308,Monte Alto,SP,2014,731.94,25.56,242,2013-09-01,2014-04-30,12
3531308,Monte Alto,SP,2015,852.83,25.39,242,2014-09-01,2015-04-30,23
3531308,Monte Alto,SP,2016,1258.73,25.17,243,2015-09-01,2016-04-30,29
3531308,Monte Alto,SP,2017,903.42,24.47,242,2016-09-01,2017-04-30,13
3531308,Monte Alto,SP,2018,864.99,25.34,242,2017-09-01,2018-04-30,28
3531308,Monte Alto,SP,2019,927.8,25.38,242,2018-09-01,2019-04-30,14
3531308,Monte Alto,SP,2020,827.25,25.89,243,2019-09-01,2020-04-30,16
3531308,Monte Alto,SP,2021,562.57,26.69,242,2020-09-01,2021-04-30,18
3531308,Monte Alto,SP,2022,1029.54,25.22,242,2021-09-01,2022-04-30,16
3531308,Monte Alto,SP,2023,890.75,24.45,242,2022-09-01,2023-04-30,8
3531308,Monte Alto,SP,2024,480.59,28.67,243,2023-09-01,2024-04-30,15
3531308,Monte Alto,SP,2025,744.25,26.78,242,2024-09-01,2025-04-30,23
3531308,Monte Alto,SP,2026,771.45,25.88,242,2025-09-01,2026-04-30,20
3531407,Monte Aprazível,SP,2010,1213.08,24.98,242,2009-09-01,2010-04-30,20
3531407,Monte Aprazível,SP,2011,1317.8,25.27,242,2010-09-01,2011-04-30,23
3531407,Monte Aprazível,SP,2012,782.57,25.64,243,2011-09-01,2012-04-30,11
3531407,Monte Aprazível,SP,2013,997.46,25.82,242,2012-09-01,2013-04-30,18
3531407,Monte Aprazível,SP,2014,719.34,26.28,242,2013-09-01,2014-04-30,15
3531407,Monte Aprazível,SP,2015,1010.96,26.0,242,2014-09-01,2015-04-30,17
3531407,Monte Aprazível,SP,2016,1271.01,25.94,243,2015-09-01,2016-04-30,30
3531407,Monte Aprazível,SP,2017,988.89,25.06,242,2016-09-01,2017-04-30,13
3531407,Monte Aprazível,SP,2018,1095.81,25.67,242,2017-09-01,2018-04-30,28
3531407,Monte Aprazível,SP,2019,959.29,26.28,242,2018-09-01,2019-04-30,14
3531407,Monte Aprazível,SP,2020,949.44,26.59,243,2019-09-01,2020-04-30,16
3531407,Monte Aprazível,SP,2021,580.34,27.65,242,2020-09-01,2021-04-30,16
3531407,Monte Aprazível,SP,2022,1001.93,26.26,242,2021-09-01,2022-04-30,16
3531407,Monte Aprazível,SP,2023,949.41,25.25,242,2022-09-01,2023-04-30,7
3531407,Monte Aprazível,SP,2024,653.88,29.17,243,2023-09-01,2024-04-30,16
3531407,Monte Aprazível,SP,2025,774.18,27.61,242,2024-09-01,2025-04-30,23
3531407,Monte Aprazível,SP,2026,768.97,26.99,242,2025-09-01,2026-04-30,21
3531506,Monte Azul Paulista,SP,2010,1105.13,24.36,242,2009-09-01,2010-04-30,17
3531506,Monte Azul Paulista,SP,2011,1208.26,24.68,242,2010-09-01,2011-04-30,16
3531506,Monte Azul Paulista,SP,2012,933.34,24.79,243,2011-09-01,2012-04-30,14
3531506,Monte Azul Paulista,SP,2013,1041.74,24.98,242,2012-09-01,2013-04-30,16
3531506,Monte Azul Paulista,SP,2014,860.18,25.31,242,2013-09-01,2014-04-30,11
3531506,Monte Azul Paulista,SP,2015,823.63,25.55,242,2014-09-01,2015-04-30,18
3531506,Monte Azul Paulista,SP,2016,1206.26,25.27,243,2015-09-01,2016-04-30,28
3531506,Monte Azul Paulista,SP,2017,905.05,24.75,242,2016-09-01,2017-04-30,13
3531506,Monte Azul Paulista,SP,2018,963.54,25.21,242,2017-09-01,2018-04-30,28
3531506,Monte Azul Paulista,SP,2019,945.9,25.45,242,2018-09-01,2019-04-30,15
3531506,Monte Azul Paulista,SP,2020,920.4,25.78,243,2019-09-01,2020-04-30,22
3531506,Monte Azul Paulista,SP,2021,609.43,26.65,242,2020-09-01,2021-04-30,18
3531506,Monte Azul Paulista,SP,2022,1042.52,25.32,242,2021-09-01,2022-04-30,16
3531506,Monte Azul Paulista,SP,2023,1038.05,24.47,242,2022-09-01,2023-04-30,11
3531506,Monte Azul Paulista,SP,2024,661.64,28.29,243,2023-09-01,2024-04-30,13
3531506,Monte Azul Paulista,SP,2025,869.1,26.62,242,2024-09-01,2025-04-30,39
3531506,Monte Azul Paulista,SP,2026,904.03,25.7,242,2025-09-01,2026-04-30,20
3531605,Monte Castelo,SP,2010,1498.03,25.3,242,2009-09-01,2010-04-30,15
3531605,Monte Castelo,SP,2011,1289.37,25.42,242,2010-09-01,2011-04-30,16
3531605,Monte Castelo,SP,2012,930.04,26.18,243,2011-09-01,2012-04-30,13
3531605,Monte Castelo,SP,2013,1060.39,26.21,242,2012-09-01,2013-04-30,18
3531605,Monte Castelo,SP,2014,866.54,26.53,242,2013-09-01,2014-04-30,16
3531605,Monte Castelo,SP,2015,1037.64,26.4,242,2014-09-01,2015-04-30,17
3531605,Monte Castelo,SP,2016,1393.9,26.15,243,2015-09-01,2016-04-30,29
3531605,Monte Castelo,SP,2017,902.04,25.37,242,2016-09-01,2017-04-30,13
3531605,Monte Castelo,SP,2018,1233.07,25.7,242,2017-09-01,2018-04-30,28
3531605,Monte Castelo,SP,2019,951.35,26.8,242,2018-09-01,2019-04-30,14
3531605,Monte Castelo,SP,2020,894.14,27.27,243,2019-09-01,2020-04-30,16
3531605,Monte Castelo,SP,2021,554.29,28.19,242,2020-09-01,2021-04-30,20
3531605,Monte Castelo,SP,2022,800.72,27.44,242,2021-09-01,2022-04-30,10
3531605,Monte Castelo,SP,2023,1030.28,25.49,242,2022-09-01,2023-04-30,9
3531605,Monte Castelo,SP,2024,720.41,29.56,243,2023-09-01,2024-04-30,15
3531605,Monte Castelo,SP,2025,831.58,28.19,242,2024-09-01,2025-04-30,15
3531605,Monte Castelo,SP,2026,756.64,27.64,242,2025-09-01,2026-04-30,20
3531704,Monteiro Lobato,SP,2010,1388.99,21.31,242,2009-09-01,2010-04-30,12
3531704,Monteiro Lobato,SP,2011,1373.86,20.91,242,2010-09-01,2011-04-30,10
3531704,Monteiro Lobato,SP,2012,1005.59,20.67,243,2011-09-01,2012-04-30,19
3531704,Monteiro Lobato,SP,2013,1177.64,21.17,242,2012-09-01,2013-04-30,19
3531704,Monteiro Lobato,SP,2014,844.45,21.67,242,2013-09-01,2014-04-30,11
3531704,Monteiro Lobato,SP,2015,823.55,21.91,242,2014-09-01,2015-04-30,16
3531704,Monteiro Lobato,SP,2016,1194.48,22.26,243,2015-09-01,2016-04-30,24
3531704,Monteiro Lobato,SP,2017,1150.2,20.94,242,2016-09-01,2017-04-30,10
3531704,Monteiro Lobato,SP,2018,1064.87,21.39,242,2017-09-01,2018-04-30,26
3531704,Monteiro Lobato,SP,2019,1292.1,21.43,242,2018-09-01,2019-04-30,8
3531704,Monteiro Lobato,SP,2020,817.58,21.55,243,2019-09-01,2020-04-30,14
3531704,Monteiro Lobato,SP,2021,875.69,21.95,242,2020-09-01,2021-04-30,19
3531704,Monteiro Lobato,SP,2022,839.7,21.61,242,2021-09-01,2022-04-30,8
3531704,Monteiro Lobato,SP,2023,1201.13,20.55,242,2022-09-01,2023-04-30,7
3531704,Monteiro Lobato,SP,2024,951.5,23.24,243,2023-09-01,2024-04-30,12
3531704,Monteiro Lobato,SP,2025,819.37,22.59,242,2024-09-01,2025-04-30,19
3531704,Monteiro Lobato,SP,2026,700.87,22.0,242,2025-09-01,2026-04-30,17
3531803,Monte Mor,SP,2010,1443.1,22.87,242,2009-09-01,2010-04-30,14
3531803,Monte Mor,SP,2011,1109.65,22.87,242,2010-09-01,2011-04-30,14
3531803,Monte Mor,SP,2012,925.98,23.0,243,2011-09-01,2012-04-30,22
3531803,Monte Mor,SP,2013,1093.02,23.28,242,2012-09-01,2013-04-30,19
3531803,Monte Mor,SP,2014,688.23,23.98,242,2013-09-01,2014-04-30,12
3531803,Monte Mor,SP,2015,885.74,23.87,242,2014-09-01,2015-04-30,17
3531803,Monte Mor,SP,2016,1259.92,23.88,243,2015-09-01,2016-04-30,27
3531803,Monte Mor,SP,2017,1009.69,22.97,242,2016-09-01,2017-04-30,16
3531803,Monte Mor,SP,2018,877.03,23.6,242,2017-09-01,2018-04-30,28
3531803,Monte Mor,SP,2019,1143.22,23.61,242,2018-09-01,2019-04-30,14
3531803,Monte Mor,SP,2020,999.25,23.59,243,2019-09-01,2020-04-30,16
3531803,Monte Mor,SP,2021,590.56,24.63,242,2020-09-01,2021-04-30,21
3531803,Monte Mor,SP,2022,921.43,23.75,242,2021-09-01,2022-04-30,14
3531803,Monte Mor,SP,2023,1143.79,22.48,242,2022-09-01,2023-04-30,9
3531803,Monte Mor,SP,2024,780.23,25.89,243,2023-09-01,2024-04-30,12
3531803,Monte Mor,SP,2025,698.98,25.04,242,2024-09-01,2025-04-30,17
3531803,Monte Mor,SP,2026,733.68,24.31,242,2025-09-01,2026-04-30,20
3531902,Morro Agudo,SP,2010,1319.76,24.37,242,2009-09-01,2010-04-30,23
3531902,Morro Agudo,SP,2011,1400.91,24.42,242,2010-09-01,2011-04-30,12
3531902,Morro Agudo,SP,2012,1141.16,24.36,243,2011-09-01,2012-04-30,16
3531902,Morro Agudo,SP,2013,1143.4,24.9,242,2012-09-01,2013-04-30,17
3531902,Morro Agudo,SP,2014,920.97,25.12,242,2013-09-01,2014-04-30,16
3531902,Morro Agudo,SP,2015,1023.46,25.26,242,2014-09-01,2015-04-30,21
3531902,Morro Agudo,SP,2016,1402.35,25.4,243,2015-09-01,2016-04-30,26
3531902,Morro Agudo,SP,2017,1017.56,24.81,242,2016-09-01,2017-04-30,13
3531902,Morro Agudo,SP,2018,1204.45,25.02,242,2017-09-01,2018-04-30,26
3531902,Morro Agudo,SP,2019,1198.84,25.07,242,2018-09-01,2019-04-30,15
3531902,Morro Agudo,SP,2020,1139.3,25.43,243,2019-09-01,2020-04-30,18
3531902,Morro Agudo,SP,2021,688.06,26.25,242,2020-09-01,2021-04-30,20
3531902,Morro Agudo,SP,2022,1186.08,25.19,242,2021-09-01,2022-04-30,18
3531902,Morro Agudo,SP,2023,1255.58,24.44,242,2022-09-01,2023-04-30,9
3531902,Morro Agudo,SP,2024,833.84,27.73,243,2023-09-01,2024-04-30,13
3531902,Morro Agudo,SP,2025,1001.6,26.48,242,2024-09-01,2025-04-30,39
3531902,Morro Agudo,SP,2026,1008.7,25.48,242,2025-09-01,2026-04-30,22
3532009,Morungaba,SP,2010,1513.4,21.84,242,2009-09-01,2010-04-30,13
3532009,Morungaba,SP,2011,1274.32,21.71,242,2010-09-01,2011-04-30,12
3532009,Morungaba,SP,2012,1030.92,21.56,243,2011-09-01,2012-04-30,31
3532009,Morungaba,SP,2013,1179.99,22.01,242,2012-09-01,2013-04-30,19
3532009,Morungaba,SP,2014,781.34,22.55,242,2013-09-01,2014-04-30,13
3532009,Morungaba,SP,2015,937.23,22.55,242,2014-09-01,2015-04-30,19
3532009,Morungaba,SP,2016,1240.18,22.84,243,2015-09-01,2016-04-30,26
3532009,Morungaba,SP,2017,1048.05,21.92,242,2016-09-01,2017-04-30,16
3532009,Morungaba,SP,2018,853.84,22.5,242,2017-09-01,2018-04-30,28
3532009,Morungaba,SP,2019,1187.6,22.44,242,2018-09-01,2019-04-30,14
3532009,Morungaba,SP,2020,1046.12,22.37,243,2019-09-01,2020-04-30,23
3532009,Morungaba,SP,2021,662.36,23.22,242,2020-09-01,2021-04-30,20
3532009,Morungaba,SP,2022,906.05,22.51,242,2021-09-01,2022-04-30,19
3532009,Morungaba,SP,2023,1127.19,21.45,242,2022-09-01,2023-04-30,8
3532009,Morungaba,SP,2024,838.83,24.49,243,2023-09-01,2024-04-30,12
3532009,Morungaba,SP,2025,769.91,23.58,242,2024-09-01,2025-04-30,15
3532009,Morungaba,SP,2026,775.0,22.96,242,2025-09-01,2026-04-30,20
3532058,Motuca,SP,2010,1209.17,23.56,242,2009-09-01,2010-04-30,16
3532058,Motuca,SP,2011,1191.52,23.92,242,2010-09-01,2011-04-30,12
3532058,Motuca,SP,2012,1000.27,23.86,243,2011-09-01,2012-04-30,16
3532058,Motuca,SP,2013,1104.44,24.11,242,2012-09-01,2013-04-30,19
3532058,Motuca,SP,2014,726.02,24.86,242,2013-09-01,2014-04-30,11
3532058,Motuca,SP,2015,896.63,24.61,242,2014-09-01,2015-04-30,19
3532058,Motuca,SP,2016,1279.62,24.56,243,2015-09-01,2016-04-30,27
3532058,Motuca,SP,2017,901.64,23.94,242,2016-09-01,2017-04-30,12
3532058,Motuca,SP,2018,966.68,24.5,242,2017-09-01,2018-04-30,28
3532058,Motuca,SP,2019,1053.47,24.37,242,2018-09-01,2019-04-30,14
3532058,Motuca,SP,2020,988.92,24.73,243,2019-09-01,2020-04-30,18
3532058,Motuca,SP,2021,501.23,25.99,242,2020-09-01,2021-04-30,19
3532058,Motuca,SP,2022,928.43,24.68,242,2021-09-01,2022-04-30,16
3532058,Motuca,SP,2023,1045.32,23.58,242,2022-09-01,2023-04-30,9
3532058,Motuca,SP,2024,666.56,27.26,243,2023-09-01,2024-04-30,12
3532058,Motuca,SP,2025,885.2,25.77,242,2024-09-01,2025-04-30,19
3532058,Motuca,SP,2026,902.44,24.76,242,2025-09-01,2026-04-30,20
3532108,Murutinga do Sul,SP,2010,1439.43,25.33,242,2009-09-01,2010-04-30,16
3532108,Murutinga do Sul,SP,2011,1366.72,25.21,242,2010-09-01,2011-04-30,16
3532108,Murutinga do Sul,SP,2012,935.9,25.64,243,2011-09-01,2012-04-30,12
3532108,Murutinga do Sul,SP,2013,1019.44,26.09,242,2012-09-01,2013-04-30,18
3532108,Murutinga do Sul,SP,2014,764.19,26.59,242,2013-09-01,2014-04-30,16
3532108,Murutinga do Sul,SP,2015,1005.95,26.41,242,2014-09-01,2015-04-30,17
3532108,Murutinga do Sul,SP,2016,1292.68,26.3,243,2015-09-01,2016-04-30,30
3532108,Murutinga do Sul,SP,2017,968.89,25.16,242,2016-09-01,2017-04-30,13
3532108,Murutinga do Sul,SP,2018,1203.55,25.7,242,2017-09-01,2018-04-30,28
3532108,Murutinga do Sul,SP,2019,982.57,26.56,242,2018-09-01,2019-04-30,14
3532108,Murutinga do Sul,SP,2020,886.29,27.14,243,2019-09-01,2020-04-30,16
3532108,Murutinga do Sul,SP,2021,411.7,28.51,242,2020-09-01,2021-04-30,21
3532108,Murutinga do Sul,SP,2022,761.8,27.37,242,2021-09-01,2022-04-30,10
3532108,Murutinga do Sul,SP,2023,1022.18,25.52,242,2022-09-01,2023-04-30,8
3532108,Murutinga do Sul,SP,2024,702.89,29.42,243,2023-09-01,2024-04-30,16
3532108,Murutinga do Sul,SP,2025,781.82,28.15,242,2024-09-01,2025-04-30,15
3532108,Murutinga do Sul,SP,2026,635.83,27.84,242,2025-09-01,2026-04-30,19
3532157,Nantes,SP,2010,1718.44,24.56,242,2009-09-01,2010-04-30,15
3532157,Nantes,SP,2011,1298.5,24.51,242,2010-09-01,2011-04-30,16
3532157,Nantes,SP,2012,851.67,25.39,243,2011-09-01,2012-04-30,12
3532157,Nantes,SP,2013,1011.01,25.37,242,2012-09-01,2013-04-30,18
3532157,Nantes,SP,2014,1007.62,25.28,242,2013-09-01,2014-04-30,12
3532157,Nantes,SP,2015,1018.59,25.32,242,2014-09-01,2015-04-30,12
3532157,Nantes,SP,2016,1616.89,25.15,243,2015-09-01,2016-04-30,24
3532157,Nantes,SP,2017,886.2,24.55,242,2016-09-01,2017-04-30,13
3532157,Nantes,SP,2018,1218.25,24.97,242,2017-09-01,2018-04-30,28
3532157,Nantes,SP,2019,1035.46,25.52,242,2018-09-01,2019-04-30,14
3532157,Nantes,SP,2020,856.66,26.1,243,2019-09-01,2020-04-30,16
3532157,Nantes,SP,2021,688.9,26.23,242,2020-09-01,2021-04-30,19
3532157,Nantes,SP,2022,850.55,26.03,242,2021-09-01,2022-04-30,10
3532157,Nantes,SP,2023,1222.81,24.08,242,2022-09-01,2023-04-30,9
3532157,Nantes,SP,2024,746.12,28.09,243,2023-09-01,2024-04-30,16
3532157,Nantes,SP,2025,754.96,26.91,242,2024-09-01,2025-04-30,14
3532157,Nantes,SP,2026,932.25,26.02,242,2025-09-01,2026-04-30,20
3532207,Narandiba,SP,2010,1718.44,24.56,242,2009-09-01,2010-04-30,15
3532207,Narandiba,SP,2011,1298.5,24.51,242,2010-09-01,2011-04-30,16
3532207,Narandiba,SP,2012,851.67,25.39,243,2011-09-01,2012-04-30,12
3532207,Narandiba,SP,2013,1011.01,25.37,242,2012-09-01,2013-04-30,18
3532207,Narandiba,SP,2014,1007.62,25.28,242,2013-09-01,2014-04-30,12
3532207,Narandiba,SP,2015,1018.59,25.32,242,2014-09-01,2015-04-30,12
3532207,Narandiba,SP,2016,1616.89,25.15,243,2015-09-01,2016-04-30,24
3532207,Narandiba,SP,2017,886.2,24.55,242,2016-09-01,2017-04-30,13
3532207,Narandiba,SP,2018,1218.25,24.97,242,2017-09-01,2018-04-30,28
3532207,Narandiba,SP,2019,1035.46,25.52,242,2018-09-01,2019-04-30,14
3532207,Narandiba,SP,2020,856.66,26.1,243,2019-09-01,2020-04-30,16
3532207,Narandiba,SP,2021,688.9,26.23,242,2020-09-01,2021-04-30,19
3532207,Narandiba,SP,2022,850.55,26.03,242,2021-09-01,2022-04-30,10
3532207,Narandiba,SP,2023,1222.81,24.08,242,2022-09-01,2023-04-30,9
3532207,Narandiba,SP,2024,746.12,28.09,243,2023-09-01,2024-04-30,16
3532207,Narandiba,SP,2025,754.96,26.91,242,2024-09-01,2025-04-30,14
3532207,Narandiba,SP,2026,932.25,26.02,242,2025-09-01,2026-04-30,20
3532306,Natividade da Serra,SP,2010,1554.35,22.36,242,2009-09-01,2010-04-30,12
3532306,Natividade da Serra,SP,2011,1500.86,21.68,242,2010-09-01,2011-04-30,10
3532306,Natividade da Serra,SP,2012,864.16,21.56,243,2011-09-01,2012-04-30,13
3532306,Natividade da Serra,SP,2013,986.72,22.14,242,2012-09-01,2013-04-30,19
3532306,Natividade da Serra,SP,2014,757.83,22.57,242,2013-09-01,2014-04-30,18
3532306,Natividade da Serra,SP,2015,842.74,22.65,242,2014-09-01,2015-04-30,16
3532306,Natividade da Serra,SP,2016,1302.59,22.96,243,2015-09-01,2016-04-30,25
3532306,Natividade da Serra,SP,2017,1240.01,21.83,242,2016-09-01,2017-04-30,14
3532306,Natividade da Serra,SP,2018,1054.42,22.17,242,2017-09-01,2018-04-30,27
3532306,Natividade da Serra,SP,2019,1406.33,22.44,242,2018-09-01,2019-04-30,8
3532306,Natividade da Serra,SP,2020,951.33,21.9,243,2019-09-01,2020-04-30,14
3532306,Natividade da Serra,SP,2021,1035.97,22.53,242,2020-09-01,2021-04-30,19
3532306,Natividade da Serra,SP,2022,990.24,22.07,242,2021-09-01,2022-04-30,8
3532306,Natividade da Serra,SP,2023,1236.48,21.46,242,2022-09-01,2023-04-30,7
3532306,Natividade da Serra,SP,2024,1041.19,23.72,243,2023-09-01,2024-04-30,9
3532306,Natividade da Serra,SP,2025,969.76,23.03,242,2024-09-01,2025-04-30,14
3532306,Natividade da Serra,SP,2026,759.21,22.52,242,2025-09-01,2026-04-30,16
3532405,Nazaré Paulista,SP,2010,1513.84,20.93,242,2009-09-01,2010-04-30,12
3532405,Nazaré Paulista,SP,2011,1425.14,20.67,242,2010-09-01,2011-04-30,6
3532405,Nazaré Paulista,SP,2012,1060.67,20.38,243,2011-09-01,2012-04-30,21
3532405,Nazaré Paulista,SP,2013,1210.5,20.9,242,2012-09-01,2013-04-30,19
3532405,Nazaré Paulista,SP,2014,839.61,21.3,242,2013-09-01,2014-04-30,11
3532405,Nazaré Paulista,SP,2015,895.39,21.48,242,2014-09-01,2015-04-30,18
3532405,Nazaré Paulista,SP,2016,1225.88,21.96,243,2015-09-01,2016-04-30,25
3532405,Nazaré Paulista,SP,2017,1044.67,20.82,242,2016-09-01,2017-04-30,13
3532405,Nazaré Paulista,SP,2018,965.47,21.24,242,2017-09-01,2018-04-30,26
3532405,Nazaré Paulista,SP,2019,1231.04,21.33,242,2018-09-01,2019-04-30,8
3532405,Nazaré Paulista,SP,2020,983.55,21.17,243,2019-09-01,2020-04-30,22
3532405,Nazaré Paulista,SP,2021,823.86,21.75,242,2020-09-01,2021-04-30,19
3532405,Nazaré Paulista,SP,2022,928.95,21.27,242,2021-09-01,2022-04-30,13
3532405,Nazaré Paulista,SP,2023,1229.13,20.34,242,2022-09-01,2023-04-30,6
3532405,Nazaré Paulista,SP,2024,994.5,22.89,243,2023-09-01,2024-04-30,12
3532405,Nazaré Paulista,SP,2025,818.34,22.28,242,2024-09-01,2025-04-30,15
3532405,Nazaré Paulista,SP,2026,774.66,21.64,242,2025-09-01,2026-04-30,20
3532504,Neves Paulista,SP,2010,1105.87,24.68,242,2009-09-01,2010-04-30,17
3532504,Neves Paulista,SP,2011,1214.77,25.07,242,2010-09-01,2011-04-30,16
3532504,Neves Paulista,SP,2012,872.96,25.22,243,2011-09-01,2012-04-30,14
3532504,Neves Paulista,SP,2013,1027.94,25.45,242,2012-09-01,2013-04-30,16
3532504,Neves Paulista,SP,2014,828.87,25.71,242,2013-09-01,2014-04-30,16
3532504,Neves Paulista,SP,2015,836.03,25.94,242,2014-09-01,2015-04-30,19
3532504,Neves Paulista,SP,2016,1208.83,25.66,243,2015-09-01,2016-04-30,28
3532504,Neves Paulista,SP,2017,897.37,25.01,242,2016-09-01,2017-04-30,13
3532504,Neves Paulista,SP,2018,992.26,25.51,242,2017-09-01,2018-04-30,28
3532504,Neves Paulista,SP,2019,943.31,25.91,242,2018-09-01,2019-04-30,15
3532504,Neves Paulista,SP,2020,948.71,26.18,243,2019-09-01,2020-04-30,16
3532504,Neves Paulista,SP,2021,648.53,27.03,242,2020-09-01,2021-04-30,18
3532504,Neves Paulista,SP,2022,1070.52,25.65,242,2021-09-01,2022-04-30,16
3532504,Neves Paulista,SP,2023,1019.01,24.81,242,2022-09-01,2023-04-30,7
3532504,Neves Paulista,SP,2024,642.35,28.83,243,2023-09-01,2024-04-30,16
3532504,Neves Paulista,SP,2025,840.27,27.01,242,2024-09-01,2025-04-30,23
3532504,Neves Paulista,SP,2026,871.3,26.24,242,2025-09-01,2026-04-30,20
3532603,Nhandeara,SP,2010,1249.82,24.85,242,2009-09-01,2010-04-30,25
3532603,Nhandeara,SP,2011,1439.63,25.23,242,2010-09-01,2011-04-30,23
3532603,Nhandeara,SP,2012,883.53,25.49,243,2011-09-01,2012-04-30,14
3532603,Nhandeara,SP,2013,939.8,25.85,242,2012-09-01,2013-04-30,18
3532603,Nhandeara,SP,2014,848.61,26.06,242,2013-09-01,2014-04-30,11
3532603,Nhandeara,SP,2015,1107.87,25.74,242,2014-09-01,2015-04-30,17
3532603,Nhandeara,SP,2016,1294.34,25.83,243,2015-09-01,2016-04-30,30
3532603,Nhandeara,SP,2017,1065.05,25.08,242,2016-09-01,2017-04-30,13
3532603,Nhandeara,SP,2018,1120.02,25.56,242,2017-09-01,2018-04-30,28
3532603,Nhandeara,SP,2019,960.82,26.24,242,2018-09-01,2019-04-30,15
3532603,Nhandeara,SP,2020,948.78,26.52,243,2019-09-01,2020-04-30,17
3532603,Nhandeara,SP,2021,560.35,27.7,242,2020-09-01,2021-04-30,18
3532603,Nhandeara,SP,2022,1037.8,26.13,242,2021-09-01,2022-04-30,16
3532603,Nhandeara,SP,2023,1102.21,25.16,242,2022-09-01,2023-04-30,9
3532603,Nhandeara,SP,2024,776.32,28.86,243,2023-09-01,2024-04-30,16
3532603,Nhandeara,SP,2025,851.99,27.33,242,2024-09-01,2025-04-30,23
3532603,Nhandeara,SP,2026,855.97,26.81,242,2025-09-01,2026-04-30,21
3532702,Nipoã,SP,2010,1213.08,24.98,242,2009-09-01,2010-04-30,20
3532702,Nipoã,SP,2011,1317.8,25.27,242,2010-09-01,2011-04-30,23
3532702,Nipoã,SP,2012,782.57,25.64,243,2011-09-01,2012-04-30,11
3532702,Nipoã,SP,2013,997.46,25.82,242,2012-09-01,2013-04-30,18
3532702,Nipoã,SP,2014,719.34,26.28,242,2013-09-01,2014-04-30,15
3532702,Nipoã,SP,2015,1010.96,26.0,242,2014-09-01,2015-04-30,17
3532702,Nipoã,SP,2016,1271.01,25.94,243,2015-09-01,2016-04-30,30
3532702,Nipoã,SP,2017,988.89,25.06,242,2016-09-01,2017-04-30,13
3532702,Nipoã,SP,2018,1095.81,25.67,242,2017-09-01,2018-04-30,28
3532702,Nipoã,SP,2019,959.29,26.28,242,2018-09-01,2019-04-30,14
3532702,Nipoã,SP,2020,949.44,26.59,243,2019-09-01,2020-04-30,16
3532702,Nipoã,SP,2021,580.34,27.65,242,2020-09-01,2021-04-30,16
3532702,Nipoã,SP,2022,1001.93,26.26,242,2021-09-01,2022-04-30,16
3532702,Nipoã,SP,2023,949.41,25.25,242,2022-09-01,2023-04-30,7
3532702,Nipoã,SP,2024,653.88,29.17,243,2023-09-01,2024-04-30,16
3532702,Nipoã,SP,2025,774.18,27.61,242,2024-09-01,2025-04-30,23
3532702,Nipoã,SP,2026,768.97,26.99,242,2025-09-01,2026-04-30,21
3532801,Nova Aliança,SP,2010,1105.87,24.68,242,2009-09-01,2010-04-30,17
3532801,Nova Aliança,SP,2011,1214.77,25.07,242,2010-09-01,2011-04-30,16
3532801,Nova Aliança,SP,2012,872.96,25.22,243,2011-09-01,2012-04-30,14
3532801,Nova Aliança,SP,2013,1027.94,25.45,242,2012-09-01,2013-04-30,16
3532801,Nova Aliança,SP,2014,828.87,25.71,242,2013-09-01,2014-04-30,16
3532801,Nova Aliança,SP,2015,836.03,25.94,242,2014-09-01,2015-04-30,19
3532801,Nova Aliança,SP,2016,1208.83,25.66,243,2015-09-01,2016-04-30,28
3532801,Nova Aliança,SP,2017,897.37,25.01,242,2016-09-01,2017-04-30,13
3532801,Nova Aliança,SP,2018,992.26,25.51,242,2017-09-01,2018-04-30,28
3532801,Nova Aliança,SP,2019,943.31,25.91,242,2018-09-01,2019-04-30,15
3532801,Nova Aliança,SP,2020,948.71,26.18,243,2019-09-01,2020-04-30,16
3532801,Nova Aliança,SP,2021,648.53,27.03,242,2020-09-01,2021-04-30,18
3532801,Nova Aliança,SP,2022,1070.52,25.65,242,2021-09-01,2022-04-30,16
3532801,Nova Aliança,SP,2023,1019.01,24.81,242,2022-09-01,2023-04-30,7
3532801,Nova Aliança,SP,2024,642.35,28.83,243,2023-09-01,2024-04-30,16
3532801,Nova Aliança,SP,2025,840.27,27.01,242,2024-09-01,2025-04-30,23
3532801,Nova Aliança,SP,2026,871.3,26.24,242,2025-09-01,2026-04-30,20
3532827,Nova Campina,SP,2010,1602.13,20.95,242,2009-09-01,2010-04-30,11
3532827,Nova Campina,SP,2011,1098.47,20.46,242,2010-09-01,2011-04-30,8
3532827,Nova Campina,SP,2012,847.67,20.78,243,2011-09-01,2012-04-30,13
3532827,Nova Campina,SP,2013,985.93,21.13,242,2012-09-01,2013-04-30,17
3532827,Nova Campina,SP,2014,831.58,21.28,242,2013-09-01,2014-04-30,12
3532827,Nova Campina,SP,2015,1121.26,21.34,242,2014-09-01,2015-04-30,18
3532827,Nova Campina,SP,2016,1483.4,21.58,243,2015-09-01,2016-04-30,14
3532827,Nova Campina,SP,2017,1014.3,20.68,242,2016-09-01,2017-04-30,11
3532827,Nova Campina,SP,2018,1209.2,20.98,242,2017-09-01,2018-04-30,28
3532827,Nova Campina,SP,2019,1043.12,21.61,242,2018-09-01,2019-04-30,7
3532827,Nova Campina,SP,2020,817.75,21.47,243,2019-09-01,2020-04-30,16
3532827,Nova Campina,SP,2021,631.48,21.98,242,2020-09-01,2021-04-30,17
3532827,Nova Campina,SP,2022,908.39,21.46,242,2021-09-01,2022-04-30,12
3532827,Nova Campina,SP,2023,1141.31,20.25,242,2022-09-01,2023-04-30,8
3532827,Nova Campina,SP,2024,770.58,23.2,243,2023-09-01,2024-04-30,13
3532827,Nova Campina,SP,2025,712.52,22.56,242,2024-09-01,2025-04-30,14
3532827,Nova Campina,SP,2026,602.59,21.97,242,2025-09-01,2026-04-30,20
3532843,Nova Canaã Paulista,SP,2010,1492.54,25.9,242,2009-09-01,2010-04-30,19
3532843,Nova Canaã Paulista,SP,2011,1500.37,25.85,242,2010-09-01,2011-04-30,23
3532843,Nova Canaã Paulista,SP,2012,873.61,26.26,243,2011-09-01,2012-04-30,12
3532843,Nova Canaã Paulista,SP,2013,1000.99,26.68,242,2012-09-01,2013-04-30,18
3532843,Nova Canaã Paulista,SP,2014,778.13,27.12,242,2013-09-01,2014-04-30,14
3532843,Nova Canaã Paulista,SP,2015,1035.79,26.94,242,2014-09-01,2015-04-30,17
3532843,Nova Canaã Paulista,SP,2016,1169.26,27.03,243,2015-09-01,2016-04-30,29
3532843,Nova Canaã Paulista,SP,2017,1057.63,25.88,242,2016-09-01,2017-04-30,13
3532843,Nova Canaã Paulista,SP,2018,1134.09,26.36,242,2017-09-01,2018-04-30,28
3532843,Nova Canaã Paulista,SP,2019,1055.08,27.03,242,2018-09-01,2019-04-30,13
3532843,Nova Canaã Paulista,SP,2020,882.49,27.65,243,2019-09-01,2020-04-30,16
3532843,Nova Canaã Paulista,SP,2021,403.25,28.94,242,2020-09-01,2021-04-30,21
3532843,Nova Canaã Paulista,SP,2022,837.66,27.61,242,2021-09-01,2022-04-30,14
3532843,Nova Canaã Paulista,SP,2023,1010.79,26.1,242,2022-09-01,2023-04-30,8
3532843,Nova Canaã Paulista,SP,2024,728.0,29.87,243,2023-09-01,2024-04-30,14
3532843,Nova Canaã Paulista,SP,2025,722.96,28.64,242,2024-09-01,2025-04-30,15
3532843,Nova Canaã Paulista,SP,2026,583.02,28.4,242,2025-09-01,2026-04-30,20
3532868,Nova Castilho,SP,2010,1271.75,25.24,242,2009-09-01,2010-04-30,17
3532868,Nova Castilho,SP,2011,1344.47,25.37,242,2010-09-01,2011-04-30,23
3532868,Nova Castilho,SP,2012,839.12,25.8,243,2011-09-01,2012-04-30,11
3532868,Nova Castilho,SP,2013,1020.56,25.99,242,2012-09-01,2013-04-30,18
3532868,Nova Castilho,SP,2014,741.04,26.47,242,2013-09-01,2014-04-30,14
3532868,Nova Castilho,SP,2015,1045.78,26.16,242,2014-09-01,2015-04-30,17
3532868,Nova Castilho,SP,2016,1307.14,26.15,243,2015-09-01,2016-04-30,30
3532868,Nova Castilho,SP,2017,1009.54,25.12,242,2016-09-01,2017-04-30,13
3532868,Nova Castilho,SP,2018,1159.29,25.76,242,2017-09-01,2018-04-30,28
3532868,Nova Castilho,SP,2019,967.35,26.46,242,2018-09-01,2019-04-30,14
3532868,Nova Castilho,SP,2020,954.38,26.82,243,2019-09-01,2020-04-30,16
3532868,Nova Castilho,SP,2021,520.05,28.04,242,2020-09-01,2021-04-30,18
3532868,Nova Castilho,SP,2022,931.8,26.73,242,2021-09-01,2022-04-30,15
3532868,Nova Castilho,SP,2023,955.06,25.48,242,2022-09-01,2023-04-30,9
3532868,Nova Castilho,SP,2024,696.64,29.29,243,2023-09-01,2024-04-30,16
3532868,Nova Castilho,SP,2025,783.08,27.92,242,2024-09-01,2025-04-30,15
3532868,Nova Castilho,SP,2026,764.29,27.31,242,2025-09-01,2026-04-30,21
3532900,Nova Europa,SP,2010,1134.37,24.18,242,2009-09-01,2010-04-30,16
3532900,Nova Europa,SP,2011,1031.99,24.5,242,2010-09-01,2011-04-30,16
3532900,Nova Europa,SP,2012,726.98,24.96,243,2011-09-01,2012-04-30,16
3532900,Nova Europa,SP,2013,1003.89,24.81,242,2012-09-01,2013-04-30,18
3532900,Nova Europa,SP,2014,644.37,25.49,242,2013-09-01,2014-04-30,12
3532900,Nova Europa,SP,2015,924.19,25.07,242,2014-09-01,2015-04-30,24
3532900,Nova Europa,SP,2016,1366.53,24.96,243,2015-09-01,2016-04-30,30
3532900,Nova Europa,SP,2017,922.01,24.17,242,2016-09-01,2017-04-30,26
3532900,Nova Europa,SP,2018,891.81,25.09,242,2017-09-01,2018-04-30,28
3532900,Nova Europa,SP,2019,972.62,25.1,242,2018-09-01,2019-04-30,14
3532900,Nova Europa,SP,2020,797.71,25.76,243,2019-09-01,2020-04-30,17
3532900,Nova Europa,SP,2021,549.9,26.42,242,2020-09-01,2021-04-30,18
3532900,Nova Europa,SP,2022,949.0,25.18,242,2021-09-01,2022-04-30,16
3532900,Nova Europa,SP,2023,858.88,24.28,242,2022-09-01,2023-04-30,11
3532900,Nova Europa,SP,2024,527.69,28.25,243,2023-09-01,2024-04-30,12
3532900,Nova Europa,SP,2025,683.78,26.68,242,2024-09-01,2025-04-30,23
3532900,Nova Europa,SP,2026,722.77,25.72,242,2025-09-01,2026-04-30,21
3533007,Nova Granada,SP,2010,1174.84,24.82,242,2009-09-01,2010-04-30,25
3533007,Nova Granada,SP,2011,1341.78,25.09,242,2010-09-01,2011-04-30,23
3533007,Nova Granada,SP,2012,1030.22,24.97,243,2011-09-01,2012-04-30,16
3533007,Nova Granada,SP,2013,1071.04,25.5,242,2012-09-01,2013-04-30,18
3533007,Nova Granada,SP,2014,912.54,25.57,242,2013-09-01,2014-04-30,11
3533007,Nova Granada,SP,2015,955.35,25.89,242,2014-09-01,2015-04-30,17
3533007,Nova Granada,SP,2016,1265.3,25.8,243,2015-09-01,2016-04-30,26
3533007,Nova Granada,SP,2017,1004.32,25.09,242,2016-09-01,2017-04-30,12
3533007,Nova Granada,SP,2018,1070.76,25.55,242,2017-09-01,2018-04-30,28
3533007,Nova Granada,SP,2019,985.34,25.98,242,2018-09-01,2019-04-30,14
3533007,Nova Granada,SP,2020,995.23,26.25,243,2019-09-01,2020-04-30,17
3533007,Nova Granada,SP,2021,689.18,27.06,242,2020-09-01,2021-04-30,18
3533007,Nova Granada,SP,2022,1076.68,25.9,242,2021-09-01,2022-04-30,16
3533007,Nova Granada,SP,2023,1128.03,25.07,242,2022-09-01,2023-04-30,9
3533007,Nova Granada,SP,2024,780.38,28.54,243,2023-09-01,2024-04-30,16
3533007,Nova Granada,SP,2025,887.63,27.11,242,2024-09-01,2025-04-30,39
3533007,Nova Granada,SP,2026,899.81,26.44,242,2025-09-01,2026-04-30,20
3533106,Nova Guataporanga,SP,2010,1498.03,25.3,242,2009-09-01,2010-04-30,15
3533106,Nova Guataporanga,SP,2011,1289.37,25.42,242,2010-09-01,2011-04-30,16
3533106,Nova Guataporanga,SP,2012,930.04,26.18,243,2011-09-01,2012-04-30,13
3533106,Nova Guataporanga,SP,2013,1060.39,26.21,242,2012-09-01,2013-04-30,18
3533106,Nova Guataporanga,SP,2014,866.54,26.53,242,2013-09-01,2014-04-30,16
3533106,Nova Guataporanga,SP,2015,1037.64,26.4,242,2014-09-01,2015-04-30,17
3533106,Nova Guataporanga,SP,2016,1393.9,26.15,243,2015-09-01,2016-04-30,29
3533106,Nova Guataporanga,SP,2017,902.04,25.37,242,2016-09-01,2017-04-30,13
3533106,Nova Guataporanga,SP,2018,1233.07,25.7,242,2017-09-01,2018-04-30,28
3533106,Nova Guataporanga,SP,2019,951.35,26.8,242,2018-09-01,2019-04-30,14
3533106,Nova Guataporanga,SP,2020,894.14,27.27,243,2019-09-01,2020-04-30,16
3533106,Nova Guataporanga,SP,2021,554.29,28.19,242,2020-09-01,2021-04-30,20
3533106,Nova Guataporanga,SP,2022,800.72,27.44,242,2021-09-01,2022-04-30,10
3533106,Nova Guataporanga,SP,2023,1030.28,25.49,242,2022-09-01,2023-04-30,9
3533106,Nova Guataporanga,SP,2024,720.41,29.56,243,2023-09-01,2024-04-30,15
3533106,Nova Guataporanga,SP,2025,831.58,28.19,242,2024-09-01,2025-04-30,15
3533106,Nova Guataporanga,SP,2026,756.64,27.64,242,2025-09-01,2026-04-30,20
3533205,Nova Independência,SP,2010,1439.43,25.33,242,2009-09-01,2010-04-30,16
3533205,Nova Independência,SP,2011,1366.72,25.21,242,2010-09-01,2011-04-30,16
3533205,Nova Independência,SP,2012,935.9,25.64,243,2011-09-01,2012-04-30,12
3533205,Nova Independência,SP,2013,1019.44,26.09,242,2012-09-01,2013-04-30,18
3533205,Nova Independência,SP,2014,764.19,26.59,242,2013-09-01,2014-04-30,16
3533205,Nova Independência,SP,2015,1005.95,26.41,242,2014-09-01,2015-04-30,17
3533205,Nova Independência,SP,2016,1292.68,26.3,243,2015-09-01,2016-04-30,30
3533205,Nova Independência,SP,2017,968.89,25.16,242,2016-09-01,2017-04-30,13
3533205,Nova Independência,SP,2018,1203.55,25.7,242,2017-09-01,2018-04-30,28
3533205,Nova Independência,SP,2019,982.57,26.56,242,2018-09-01,2019-04-30,14
3533205,Nova Independência,SP,2020,886.29,27.14,243,2019-09-01,2020-04-30,16
3533205,Nova Independência,SP,2021,411.7,28.51,242,2020-09-01,2021-04-30,21
3533205,Nova Independência,SP,2022,761.8,27.37,242,2021-09-01,2022-04-30,10
3533205,Nova Independência,SP,2023,1022.18,25.52,242,2022-09-01,2023-04-30,8
3533205,Nova Independência,SP,2024,702.89,29.42,243,2023-09-01,2024-04-30,16
3533205,Nova Independência,SP,2025,781.82,28.15,242,2024-09-01,2025-04-30,15
3533205,Nova Independência,SP,2026,635.83,27.84,242,2025-09-01,2026-04-30,19
3533254,Novais,SP,2010,1105.13,24.36,242,2009-09-01,2010-04-30,17
3533254,Novais,SP,2011,1208.26,24.68,242,2010-09-01,2011-04-30,16
3533254,Novais,SP,2012,933.34,24.79,243,2011-09-01,2012-04-30,14
3533254,Novais,SP,2013,1041.74,24.98,242,2012-09-01,2013-04-30,16
3533254,Novais,SP,2014,860.18,25.31,242,2013-09-01,2014-04-30,11
3533254,Novais,SP,2015,823.63,25.55,242,2014-09-01,2015-04-30,18
3533254,Novais,SP,2016,1206.26,25.27,243,2015-09-01,2016-04-30,28
3533254,Novais,SP,2017,905.05,24.75,242,2016-09-01,2017-04-30,13
3533254,Novais,SP,2018,963.54,25.21,242,2017-09-01,2018-04-30,28
3533254,Novais,SP,2019,945.9,25.45,242,2018-09-01,2019-04-30,15
3533254,Novais,SP,2020,920.4,25.78,243,2019-09-01,2020-04-30,22
3533254,Novais,SP,2021,609.43,26.65,242,2020-09-01,2021-04-30,18
3533254,Novais,SP,2022,1042.52,25.32,242,2021-09-01,2022-04-30,16
3533254,Novais,SP,2023,1038.05,24.47,242,2022-09-01,2023-04-30,11
3533254,Novais,SP,2024,661.64,28.29,243,2023-09-01,2024-04-30,13
3533254,Novais,SP,2025,869.1,26.62,242,2024-09-01,2025-04-30,39
3533254,Novais,SP,2026,904.03,25.7,242,2025-09-01,2026-04-30,20
3533304,Nova Luzitânia,SP,2010,1213.08,24.98,242,2009-09-01,2010-04-30,20
3533304,Nova Luzitânia,SP,2011,1317.8,25.27,242,2010-09-01,2011-04-30,23
3533304,Nova Luzitânia,SP,2012,782.57,25.64,243,2011-09-01,2012-04-30,11
3533304,Nova Luzitânia,SP,2013,997.46,25.82,242,2012-09-01,2013-04-30,18
3533304,Nova Luzitânia,SP,2014,719.34,26.28,242,2013-09-01,2014-04-30,15
3533304,Nova Luzitânia,SP,2015,1010.96,26.0,242,2014-09-01,2015-04-30,17
3533304,Nova Luzitânia,SP,2016,1271.01,25.94,243,2015-09-01,2016-04-30,30
3533304,Nova Luzitânia,SP,2017,988.89,25.06,242,2016-09-01,2017-04-30,13
3533304,Nova Luzitânia,SP,2018,1095.81,25.67,242,2017-09-01,2018-04-30,28
3533304,Nova Luzitânia,SP,2019,959.29,26.28,242,2018-09-01,2019-04-30,14
3533304,Nova Luzitânia,SP,2020,949.44,26.59,243,2019-09-01,2020-04-30,16
3533304,Nova Luzitânia,SP,2021,580.34,27.65,242,2020-09-01,2021-04-30,16
3533304,Nova Luzitânia,SP,2022,1001.93,26.26,242,2021-09-01,2022-04-30,16
3533304,Nova Luzitânia,SP,2023,949.41,25.25,242,2022-09-01,2023-04-30,7
3533304,Nova Luzitânia,SP,2024,653.88,29.17,243,2023-09-01,2024-04-30,16
3533304,Nova Luzitânia,SP,2025,774.18,27.61,242,2024-09-01,2025-04-30,23
3533304,Nova Luzitânia,SP,2026,768.97,26.99,242,2025-09-01,2026-04-30,21
3533403,Nova Odessa,SP,2010,1443.1,22.87,242,2009-09-01,2010-04-30,14
3533403,Nova Odessa,SP,2011,1109.65,22.87,242,2010-09-01,2011-04-30,14
3533403,Nova Odessa,SP,2012,925.98,23.0,243,2011-09-01,2012-04-30,22
3533403,Nova Odessa,SP,2013,1093.02,23.28,242,2012-09-01,2013-04-30,19
3533403,Nova Odessa,SP,2014,688.23,23.98,242,2013-09-01,2014-04-30,12
3533403,Nova Odessa,SP,2015,885.74,23.87,242,2014-09-01,2015-04-30,17
3533403,Nova Odessa,SP,2016,1259.92,23.88,243,2015-09-01,2016-04-30,27
3533403,Nova Odessa,SP,2017,1009.69,22.97,242,2016-09-01,2017-04-30,16
3533403,Nova Odessa,SP,2018,877.03,23.6,242,2017-09-01,2018-04-30,28
3533403,Nova Odessa,SP,2019,1143.22,23.61,242,2018-09-01,2019-04-30,14
3533403,Nova Odessa,SP,2020,999.25,23.59,243,2019-09-01,2020-04-30,16
3533403,Nova Odessa,SP,2021,590.56,24.63,242,2020-09-01,2021-04-30,21
3533403,Nova Odessa,SP,2022,921.43,23.75,242,2021-09-01,2022-04-30,14
3533403,Nova Odessa,SP,2023,1143.79,22.48,242,2022-09-01,2023-04-30,9
3533403,Nova Odessa,SP,2024,780.23,25.89,243,2023-09-01,2024-04-30,12
3533403,Nova Odessa,SP,2025,698.98,25.04,242,2024-09-01,2025-04-30,17
3533403,Nova Odessa,SP,2026,733.68,24.31,242,2025-09-01,2026-04-30,20
3533502,Novo Horizonte,SP,2010,1120.92,25.11,242,2009-09-01,2010-04-30,16
3533502,Novo Horizonte,SP,2011,1120.39,25.4,242,2010-09-01,2011-04-30,16
3533502,Novo Horizonte,SP,2012,784.6,25.73,243,2011-09-01,2012-04-30,14
3533502,Novo Horizonte,SP,2013,996.32,25.75,242,2012-09-01,2013-04-30,17
3533502,Novo Horizonte,SP,2014,702.95,26.26,242,2013-09-01,2014-04-30,12
3533502,Novo Horizonte,SP,2015,857.69,26.11,242,2014-09-01,2015-04-30,23
3533502,Novo Horizonte,SP,2016,1254.18,25.96,243,2015-09-01,2016-04-30,29
3533502,Novo Horizonte,SP,2017,869.65,25.19,242,2016-09-01,2017-04-30,13
3533502,Novo Horizonte,SP,2018,874.81,26.05,242,2017-09-01,2018-04-30,28
3533502,Novo Horizonte,SP,2019,938.73,26.2,242,2018-09-01,2019-04-30,14
3533502,Novo Horizonte,SP,2020,822.81,26.63,243,2019-09-01,2020-04-30,16
3533502,Novo Horizonte,SP,2021,538.96,27.46,242,2020-09-01,2021-04-30,18
3533502,Novo Horizonte,SP,2022,969.66,26.16,242,2021-09-01,2022-04-30,16
3533502,Novo Horizonte,SP,2023,894.55,25.17,242,2022-09-01,2023-04-30,9
3533502,Novo Horizonte,SP,2024,505.18,29.24,243,2023-09-01,2024-04-30,15
3533502,Novo Horizonte,SP,2025,742.29,27.48,242,2024-09-01,2025-04-30,23
3533502,Novo Horizonte,SP,2026,784.83,26.62,242,2025-09-01,2026-04-30,20
3533601,Nuporanga,SP,2010,1426.48,23.07,242,2009-09-01,2010-04-30,23
3533601,Nuporanga,SP,2011,1495.03,23.14,242,2010-09-01,2011-04-30,12
3533601,Nuporanga,SP,2012,1154.69,22.96,243,2011-09-01,2012-04-30,16
3533601,Nuporanga,SP,2013,1156.17,23.6,242,2012-09-01,2013-04-30,17
3533601,Nuporanga,SP,2014,887.77,24.0,242,2013-09-01,2014-04-30,16
3533601,Nuporanga,SP,2015,1114.81,23.89,242,2014-09-01,2015-04-30,21
3533601,Nuporanga,SP,2016,1355.03,24.18,243,2015-09-01,2016-04-30,26
3533601,Nuporanga,SP,2017,1098.57,23.47,242,2016-09-01,2017-04-30,16
3533601,Nuporanga,SP,2018,1251.4,23.65,242,2017-09-01,2018-04-30,26
3533601,Nuporanga,SP,2019,1363.28,23.6,242,2018-09-01,2019-04-30,14
3533601,Nuporanga,SP,2020,1188.87,24.08,243,2019-09-01,2020-04-30,15
3533601,Nuporanga,SP,2021,695.47,24.91,242,2020-09-01,2021-04-30,20
3533601,Nuporanga,SP,2022,1234.55,23.82,242,2021-09-01,2022-04-30,18
3533601,Nuporanga,SP,2023,1162.94,23.22,242,2022-09-01,2023-04-30,9
3533601,Nuporanga,SP,2024,845.1,26.29,243,2023-09-01,2024-04-30,21
3533601,Nuporanga,SP,2025,1052.52,24.99,242,2024-09-01,2025-04-30,18
3533601,Nuporanga,SP,2026,1054.42,24.02,242,2025-09-01,2026-04-30,22
3533700,Ocauçu,SP,2010,1415.64,23.51,242,2009-09-01,2010-04-30,16
3533700,Ocauçu,SP,2011,1030.23,23.6,242,2010-09-01,2011-04-30,16
3533700,Ocauçu,SP,2012,764.12,24.32,243,2011-09-01,2012-04-30,13
3533700,Ocauçu,SP,2013,962.4,24.23,242,2012-09-01,2013-04-30,18
3533700,Ocauçu,SP,2014,891.27,24.22,242,2013-09-01,2014-04-30,15
3533700,Ocauçu,SP,2015,1056.3,24.14,242,2014-09-01,2015-04-30,17
3533700,Ocauçu,SP,2016,1698.87,24.05,243,2015-09-01,2016-04-30,13
3533700,Ocauçu,SP,2017,974.85,23.06,242,2016-09-01,2017-04-30,12
3533700,Ocauçu,SP,2018,1196.24,23.8,242,2017-09-01,2018-04-30,28
3533700,Ocauçu,SP,2019,1119.78,24.18,242,2018-09-01,2019-04-30,14
3533700,Ocauçu,SP,2020,896.41,24.94,243,2019-09-01,2020-04-30,17
3533700,Ocauçu,SP,2021,697.17,25.19,242,2020-09-01,2021-04-30,20
3533700,Ocauçu,SP,2022,931.0,24.71,242,2021-09-01,2022-04-30,16
3533700,Ocauçu,SP,2023,1245.37,22.99,242,2022-09-01,2023-04-30,9
3533700,Ocauçu,SP,2024,793.9,26.79,243,2023-09-01,2024-04-30,14
3533700,Ocauçu,SP,2025,761.54,25.84,242,2024-09-01,2025-04-30,14
3533700,Ocauçu,SP,2026,926.12,24.75,242,2025-09-01,2026-04-30,20
3533809,Óleo,SP,2010,1269.52,23.15,242,2009-09-01,2010-04-30,16
3533809,Óleo,SP,2011,969.56,23.05,242,2010-09-01,2011-04-30,15
3533809,Óleo,SP,2012,856.88,23.23,243,2011-09-01,2012-04-30,22
3533809,Óleo,SP,2013,1056.89,23.44,242,2012-09-01,2013-04-30,18
3533809,Óleo,SP,2014,809.47,23.53,242,2013-09-01,2014-04-30,12
3533809,Óleo,SP,2015,988.42,23.63,242,2014-09-01,2015-04-30,17
3533809,Óleo,SP,2016,1495.77,23.75,243,2015-09-01,2016-04-30,14
3533809,Óleo,SP,2017,982.85,22.7,242,2016-09-01,2017-04-30,17
3533809,Óleo,SP,2018,1090.44,23.28,242,2017-09-01,2018-04-30,28
3533809,Óleo,SP,2019,990.48,23.82,242,2018-09-01,2019-04-30,14
3533809,Óleo,SP,2020,751.68,24.16,243,2019-09-01,2020-04-30,18
3533809,Óleo,SP,2021,680.11,24.27,242,2020-09-01,2021-04-30,20
3533809,Óleo,SP,2022,937.5,23.85,242,2021-09-01,2022-04-30,14
3533809,Óleo,SP,2023,1045.16,22.54,242,2022-09-01,2023-04-30,9
3533809,Óleo,SP,2024,710.14,25.84,243,2023-09-01,2024-04-30,14
3533809,Óleo,SP,2025,664.42,24.99,242,2024-09-01,2025-04-30,14
3533809,Óleo,SP,2026,716.02,24.17,242,2025-09-01,2026-04-30,20
3533908,Olímpia,SP,2010,1131.4,25.01,242,2009-09-01,2010-04-30,23
3533908,Olímpia,SP,2011,1285.19,25.14,242,2010-09-01,2011-04-30,23
3533908,Olímpia,SP,2012,1091.99,25.0,243,2011-09-01,2012-04-30,16
3533908,Olímpia,SP,2013,1120.79,25.48,242,2012-09-01,2013-04-30,16
3533908,Olímpia,SP,2014,943.96,25.6,242,2013-09-01,2014-04-30,11
3533908,Olímpia,SP,2015,893.54,25.99,242,2014-09-01,2015-04-30,17
3533908,Olímpia,SP,2016,1245.12,25.9,243,2015-09-01,2016-04-30,27
3533908,Olímpia,SP,2017,950.83,25.34,242,2016-09-01,2017-04-30,12
3533908,Olímpia,SP,2018,1059.65,25.63,242,2017-09-01,2018-04-30,28
3533908,Olímpia,SP,2019,985.88,25.91,242,2018-09-01,2019-04-30,14
3533908,Olímpia,SP,2020,999.57,26.21,243,2019-09-01,2020-04-30,17
3533908,Olímpia,SP,2021,705.81,26.88,242,2020-09-01,2021-04-30,21
3533908,Olímpia,SP,2022,1057.77,25.93,242,2021-09-01,2022-04-30,25
3533908,Olímpia,SP,2023,1158.95,25.11,242,2022-09-01,2023-04-30,9
3533908,Olímpia,SP,2024,823.79,28.38,243,2023-09-01,2024-04-30,19
3533908,Olímpia,SP,2025,901.72,27.15,242,2024-09-01,2025-04-30,39
3533908,Olímpia,SP,2026,936.77,26.22,242,2025-09-01,2026-04-30,20
3534005,Onda Verde,SP,2010,1174.84,24.82,242,2009-09-01,2010-04-30,25
3534005,Onda Verde,SP,2011,1341.78,25.09,242,2010-09-01,2011-04-30,23
3534005,Onda Verde,SP,2012,1030.22,24.97,243,2011-09-01,2012-04-30,16
3534005,Onda Verde,SP,2013,1071.04,25.5,242,2012-09-01,2013-04-30,18
3534005,Onda Verde,SP,2014,912.54,25.57,242,2013-09-01,2014-04-30,11
3534005,Onda Verde,SP,2015,955.35,25.89,242,2014-09-01,2015-04-30,17
3534005,Onda Verde,SP,2016,1265.3,25.8,243,2015-09-01,2016-04-30,26
3534005,Onda Verde,SP,2017,1004.32,25.09,242,2016-09-01,2017-04-30,12
3534005,Onda Verde,SP,2018,1070.76,25.55,242,2017-09-01,2018-04-30,28
3534005,Onda Verde,SP,2019,985.34,25.98,242,2018-09-01,2019-04-30,14
3534005,Onda Verde,SP,2020,995.23,26.25,243,2019-09-01,2020-04-30,17
3534005,Onda Verde,SP,2021,689.18,27.06,242,2020-09-01,2021-04-30,18
3534005,Onda Verde,SP,2022,1076.68,25.9,242,2021-09-01,2022-04-30,16
3534005,Onda Verde,SP,2023,1128.03,25.07,242,2022-09-01,2023-04-30,9
3534005,Onda Verde,SP,2024,780.38,28.54,243,2023-09-01,2024-04-30,16
3534005,Onda Verde,SP,2025,887.63,27.11,242,2024-09-01,2025-04-30,39
3534005,Onda Verde,SP,2026,899.81,26.44,242,2025-09-01,2026-04-30,20
3534104,Oriente,SP,2010,1268.54,24.07,242,2009-09-01,2010-04-30,16
3534104,Oriente,SP,2011,1015.95,24.22,242,2010-09-01,2011-04-30,16
3534104,Oriente,SP,2012,708.5,24.99,243,2011-09-01,2012-04-30,13
3534104,Oriente,SP,2013,970.42,24.77,242,2012-09-01,2013-04-30,18
3534104,Oriente,SP,2014,722.1,25.08,242,2013-09-01,2014-04-30,12
3534104,Oriente,SP,2015,1036.1,24.83,242,2014-09-01,2015-04-30,17
3534104,Oriente,SP,2016,1532.12,24.72,243,2015-09-01,2016-04-30,18
3534104,Oriente,SP,2017,955.7,23.58,242,2016-09-01,2017-04-30,13
3534104,Oriente,SP,2018,1139.51,24.42,242,2017-09-01,2018-04-30,28
3534104,Oriente,SP,2019,1085.39,24.87,242,2018-09-01,2019-04-30,14
3534104,Oriente,SP,2020,907.92,25.58,243,2019-09-01,2020-04-30,18
3534104,Oriente,SP,2021,636.73,26.08,242,2020-09-01,2021-04-30,19
3534104,Oriente,SP,2022,938.6,25.4,242,2021-09-01,2022-04-30,10
3534104,Oriente,SP,2023,1082.16,23.89,242,2022-09-01,2023-04-30,9
3534104,Oriente,SP,2024,773.4,27.59,243,2023-09-01,2024-04-30,12
3534104,Oriente,SP,2025,773.68,26.51,242,2024-09-01,2025-04-30,14
3534104,Oriente,SP,2026,865.11,25.49,242,2025-09-01,2026-04-30,21
3534203,Orindiúva,SP,2010,1281.46,25.0,242,2009-09-01,2010-04-30,14
3534203,Orindiúva,SP,2011,1432.25,25.13,242,2010-09-01,2011-04-30,25
3534203,Orindiúva,SP,2012,1181.8,24.84,243,2011-09-01,2012-04-30,16
3534203,Orindiúva,SP,2013,1124.25,25.59,242,2012-09-01,2013-04-30,18
3534203,Orindiúva,SP,2014,937.01,25.69,242,2013-09-01,2014-04-30,11
3534203,Orindiúva,SP,2015,1028.0,26.03,242,2014-09-01,2015-04-30,16
3534203,Orindiúva,SP,2016,1233.65,26.14,243,2015-09-01,2016-04-30,25
3534203,Orindiúva,SP,2017,1078.31,25.3,242,2016-09-01,2017-04-30,12
3534203,Orindiúva,SP,2018,1115.6,25.72,242,2017-09-01,2018-04-30,28
3534203,Orindiúva,SP,2019,1072.88,25.96,242,2018-09-01,2019-04-30,13
3534203,Orindiúva,SP,2020,1037.8,26.44,243,2019-09-01,2020-04-30,17
3534203,Orindiúva,SP,2021,710.41,27.17,242,2020-09-01,2021-04-30,20
3534203,Orindiúva,SP,2022,1022.37,26.38,242,2021-09-01,2022-04-30,16
3534203,Orindiúva,SP,2023,1164.7,25.42,242,2022-09-01,2023-04-30,16
3534203,Orindiúva,SP,2024,804.21,28.62,243,2023-09-01,2024-04-30,19
3534203,Orindiúva,SP,2025,843.88,27.52,242,2024-09-01,2025-04-30,38
3534203,Orindiúva,SP,2026,823.14,26.98,242,2025-09-01,2026-04-30,21
3534302,Orlândia,SP,2010,1319.76,24.37,242,2009-09-01,2010-04-30,23
3534302,Orlândia,SP,2011,1400.91,24.42,242,2010-09-01,2011-04-30,12
3534302,Orlândia,SP,2012,1141.16,24.36,243,2011-09-01,2012-04-30,16
3534302,Orlândia,SP,2013,1143.4,24.9,242,2012-09-01,2013-04-30,17
3534302,Orlândia,SP,2014,920.97,25.12,242,2013-09-01,2014-04-30,16
3534302,Orlândia,SP,2015,1023.46,25.26,242,2014-09-01,2015-04-30,21
3534302,Orlândia,SP,2016,1402.35,25.4,243,2015-09-01,2016-04-30,26
3534302,Orlândia,SP,2017,1017.56,24.81,242,2016-09-01,2017-04-30,13
3534302,Orlândia,SP,2018,1204.45,25.02,242,2017-09-01,2018-04-30,26
3534302,Orlândia,SP,2019,1198.84,25.07,242,2018-09-01,2019-04-30,15
3534302,Orlândia,SP,2020,1139.3,25.43,243,2019-09-01,2020-04-30,18
3534302,Orlândia,SP,2021,688.06,26.25,242,2020-09-01,2021-04-30,20
3534302,Orlândia,SP,2022,1186.08,25.19,242,2021-09-01,2022-04-30,18
3534302,Orlândia,SP,2023,1255.58,24.44,242,2022-09-01,2023-04-30,9
3534302,Orlândia,SP,2024,833.84,27.73,243,2023-09-01,2024-04-30,13
3534302,Orlândia,SP,2025,1001.6,26.48,242,2024-09-01,2025-04-30,39
3534302,Orlândia,SP,2026,1008.7,25.48,242,2025-09-01,2026-04-30,22
3534401,Osasco,SP,2010,1666.75,21.09,242,2009-09-01,2010-04-30,12
3534401,Osasco,SP,2011,1464.75,20.61,242,2010-09-01,2011-04-30,11
3534401,Osasco,SP,2012,924.14,20.5,243,2011-09-01,2012-04-30,13
3534401,Osasco,SP,2013,1098.88,21.22,242,2012-09-01,2013-04-30,16
3534401,Osasco,SP,2014,769.94,21.63,242,2013-09-01,2014-04-30,14
3534401,Osasco,SP,2015,854.33,21.79,242,2014-09-01,2015-04-30,16
3534401,Osasco,SP,2016,1250.66,22.01,243,2015-09-01,2016-04-30,26
3534401,Osasco,SP,2017,1090.54,20.97,242,2016-09-01,2017-04-30,13
3534401,Osasco,SP,2018,791.1,21.55,242,2017-09-01,2018-04-30,28
3534401,Osasco,SP,2019,1156.14,21.76,242,2018-09-01,2019-04-30,8
3534401,Osasco,SP,2020,1119.16,21.26,243,2019-09-01,2020-04-30,12
3534401,Osasco,SP,2021,691.92,21.98,242,2020-09-01,2021-04-30,19
3534401,Osasco,SP,2022,1015.37,21.37,242,2021-09-01,2022-04-30,12
3534401,Osasco,SP,2023,1308.23,20.46,242,2022-09-01,2023-04-30,7
3534401,Osasco,SP,2024,894.85,23.27,243,2023-09-01,2024-04-30,13
3534401,Osasco,SP,2025,775.9,22.58,242,2024-09-01,2025-04-30,14
3534401,Osasco,SP,2026,754.23,21.95,242,2025-09-01,2026-04-30,20
3534500,Oscar Bressane,SP,2010,1415.64,23.51,242,2009-09-01,2010-04-30,16
3534500,Oscar Bressane,SP,2011,1030.23,23.6,242,2010-09-01,2011-04-30,16
3534500,Oscar Bressane,SP,2012,764.12,24.32,243,2011-09-01,2012-04-30,13
3534500,Oscar Bressane,SP,2013,962.4,24.23,242,2012-09-01,2013-04-30,18
3534500,Oscar Bressane,SP,2014,891.27,24.22,242,2013-09-01,2014-04-30,15
3534500,Oscar Bressane,SP,2015,1056.3,24.14,242,2014-09-01,2015-04-30,17
3534500,Oscar Bressane,SP,2016,1698.87,24.05,243,2015-09-01,2016-04-30,13
3534500,Oscar Bressane,SP,2017,974.85,23.06,242,2016-09-01,2017-04-30,12
3534500,Oscar Bressane,SP,2018,1196.24,23.8,242,2017-09-01,2018-04-30,28
3534500,Oscar Bressane,SP,2019,1119.78,24.18,242,2018-09-01,2019-04-30,14
3534500,Oscar Bressane,SP,2020,896.41,24.94,243,2019-09-01,2020-04-30,17
3534500,Oscar Bressane,SP,2021,697.17,25.19,242,2020-09-01,2021-04-30,20
3534500,Oscar Bressane,SP,2022,931.0,24.71,242,2021-09-01,2022-04-30,16
3534500,Oscar Bressane,SP,2023,1245.37,22.99,242,2022-09-01,2023-04-30,9
3534500,Oscar Bressane,SP,2024,793.9,26.79,243,2023-09-01,2024-04-30,14
3534500,Oscar Bressane,SP,2025,761.54,25.84,242,2024-09-01,2025-04-30,14
3534500,Oscar Bressane,SP,2026,926.12,24.75,242,2025-09-01,2026-04-30,20
3534609,Osvaldo Cruz,SP,2010,1367.74,24.22,242,2009-09-01,2010-04-30,15
3534609,Osvaldo Cruz,SP,2011,1074.29,24.34,242,2010-09-01,2011-04-30,16
3534609,Osvaldo Cruz,SP,2012,745.01,25.41,243,2011-09-01,2012-04-30,13
3534609,Osvaldo Cruz,SP,2013,1004.34,25.07,242,2012-09-01,2013-04-30,18
3534609,Osvaldo Cruz,SP,2014,783.29,25.34,242,2013-09-01,2014-04-30,12
3534609,Osvaldo Cruz,SP,2015,1051.45,25.1,242,2014-09-01,2015-04-30,21
3534609,Osvaldo Cruz,SP,2016,1556.5,24.89,243,2015-09-01,2016-04-30,18
3534609,Osvaldo Cruz,SP,2017,924.04,23.79,242,2016-09-01,2017-04-30,12
3534609,Osvaldo Cruz,SP,2018,1202.02,24.56,242,2017-09-01,2018-04-30,28
3534609,Osvaldo Cruz,SP,2019,1097.67,25.08,242,2018-09-01,2019-04-30,14
3534609,Osvaldo Cruz,SP,2020,927.79,25.95,243,2019-09-01,2020-04-30,17
3534609,Osvaldo Cruz,SP,2021,648.32,26.43,242,2020-09-01,2021-04-30,19
3534609,Osvaldo Cruz,SP,2022,942.05,25.83,242,2021-09-01,2022-04-30,10
3534609,Osvaldo Cruz,SP,2023,1136.0,24.1,242,2022-09-01,2023-04-30,9
3534609,Osvaldo Cruz,SP,2024,796.54,28.01,243,2023-09-01,2024-04-30,16
3534609,Osvaldo Cruz,SP,2025,790.43,26.95,242,2024-09-01,2025-04-30,14
3534609,Osvaldo Cruz,SP,2026,890.38,25.91,242,2025-09-01,2026-04-30,20
3534708,Ourinhos,SP,2010,1392.71,23.68,242,2009-09-01,2010-04-30,16
3534708,Ourinhos,SP,2011,927.56,23.84,242,2010-09-01,2011-04-30,15
3534708,Ourinhos,SP,2012,819.47,24.48,243,2011-09-01,2012-04-30,13
3534708,Ourinhos,SP,2013,943.07,24.5,242,2012-09-01,2013-04-30,17
3534708,Ourinhos,SP,2014,976.22,24.29,242,2013-09-01,2014-04-30,13
3534708,Ourinhos,SP,2015,1044.2,24.28,242,2014-09-01,2015-04-30,17
3534708,Ourinhos,SP,2016,1729.39,24.18,243,2015-09-01,2016-04-30,24
3534708,Ourinhos,SP,2017,1038.49,23.35,242,2016-09-01,2017-04-30,13
3534708,Ourinhos,SP,2018,1143.58,24.02,242,2017-09-01,2018-04-30,28
3534708,Ourinhos,SP,2019,1028.09,24.56,242,2018-09-01,2019-04-30,14
3534708,Ourinhos,SP,2020,824.95,25.21,243,2019-09-01,2020-04-30,17
3534708,Ourinhos,SP,2021,728.1,25.17,242,2020-09-01,2021-04-30,20
3534708,Ourinhos,SP,2022,927.7,24.89,242,2021-09-01,2022-04-30,14
3534708,Ourinhos,SP,2023,1189.14,23.1,242,2022-09-01,2023-04-30,9
3534708,Ourinhos,SP,2024,731.89,27.04,243,2023-09-01,2024-04-30,14
3534708,Ourinhos,SP,2025,681.24,26.11,242,2024-09-01,2025-04-30,14
3534708,Ourinhos,SP,2026,814.67,25.17,242,2025-09-01,2026-04-30,20
3534757,Ouroeste,SP,2010,1468.55,25.4,242,2009-09-01,2010-04-30,26
3534757,Ouroeste,SP,2011,1502.98,25.74,242,2010-09-01,2011-04-30,23
3534757,Ouroeste,SP,2012,945.27,26.18,243,2011-09-01,2012-04-30,18
3534757,Ouroeste,SP,2013,995.03,26.42,242,2012-09-01,2013-04-30,18
3534757,Ouroeste,SP,2014,834.82,26.72,242,2013-09-01,2014-04-30,12
3534757,Ouroeste,SP,2015,1124.29,26.27,242,2014-09-01,2015-04-30,16
3534757,Ouroeste,SP,2016,1120.91,26.75,243,2015-09-01,2016-04-30,23
3534757,Ouroeste,SP,2017,1130.85,25.65,242,2016-09-01,2017-04-30,13
3534757,Ouroeste,SP,2018,1130.61,26.16,242,2017-09-01,2018-04-30,28
3534757,Ouroeste,SP,2019,1083.96,26.57,242,2018-09-01,2019-04-30,13
3534757,Ouroeste,SP,2020,917.22,27.21,243,2019-09-01,2020-04-30,17
3534757,Ouroeste,SP,2021,535.28,28.32,242,2020-09-01,2021-04-30,20
3534757,Ouroeste,SP,2022,1052.6,26.79,242,2021-09-01,2022-04-30,16
3534757,Ouroeste,SP,2023,1222.73,25.72,242,2022-09-01,2023-04-30,9
3534757,Ouroeste,SP,2024,761.74,29.44,243,2023-09-01,2024-04-30,14
3534757,Ouroeste,SP,2025,751.1,28.16,242,2024-09-01,2025-04-30,39
3534757,Ouroeste,SP,2026,739.06,27.73,242,2025-09-01,2026-04-30,21
3534807,Ouro Verde,SP,2010,1498.03,25.3,242,2009-09-01,2010-04-30,15
3534807,Ouro Verde,SP,2011,1289.37,25.42,242,2010-09-01,2011-04-30,16
3534807,Ouro Verde,SP,2012,930.04,26.18,243,2011-09-01,2012-04-30,13
3534807,Ouro Verde,SP,2013,1060.39,26.21,242,2012-09-01,2013-04-30,18
3534807,Ouro Verde,SP,2014,866.54,26.53,242,2013-09-01,2014-04-30,16
3534807,Ouro Verde,SP,2015,1037.64,26.4,242,2014-09-01,2015-04-30,17
3534807,Ouro Verde,SP,2016,1393.9,26.15,243,2015-09-01,2016-04-30,29
3534807,Ouro Verde,SP,2017,902.04,25.37,242,2016-09-01,2017-04-30,13
3534807,Ouro Verde,SP,2018,1233.07,25.7,242,2017-09-01,2018-04-30,28
3534807,Ouro Verde,SP,2019,951.35,26.8,242,2018-09-01,2019-04-30,14
3534807,Ouro Verde,SP,2020,894.14,27.27,243,2019-09-01,2020-04-30,16
3534807,Ouro Verde,SP,2021,554.29,28.19,242,2020-09-01,2021-04-30,20
3534807,Ouro Verde,SP,2022,800.72,27.44,242,2021-09-01,2022-04-30,10
3534807,Ouro Verde,SP,2023,1030.28,25.49,242,2022-09-01,2023-04-30,9
3534807,Ouro Verde,SP,2024,720.41,29.56,243,2023-09-01,2024-04-30,15
3534807,Ouro Verde,SP,2025,831.58,28.19,242,2024-09-01,2025-04-30,15
3534807,Ouro Verde,SP,2026,756.64,27.64,242,2025-09-01,2026-04-30,20
3534906,Pacaembu,SP,2010,1472.38,24.95,242,2009-09-01,2010-04-30,15
3534906,Pacaembu,SP,2011,1267.67,24.97,242,2010-09-01,2011-04-30,16
3534906,Pacaembu,SP,2012,915.18,25.76,243,2011-09-01,2012-04-30,13
3534906,Pacaembu,SP,2013,1065.73,25.81,242,2012-09-01,2013-04-30,18
3534906,Pacaembu,SP,2014,845.39,26.17,242,2013-09-01,2014-04-30,16
3534906,Pacaembu,SP,2015,1042.1,26.0,242,2014-09-01,2015-04-30,17
3534906,Pacaembu,SP,2016,1393.34,25.79,243,2015-09-01,2016-04-30,29
3534906,Pacaembu,SP,2017,910.5,24.83,242,2016-09-01,2017-04-30,13
3534906,Pacaembu,SP,2018,1221.35,25.37,242,2017-09-01,2018-04-30,28
3534906,Pacaembu,SP,2019,970.29,26.31,242,2018-09-01,2019-04-30,14
3534906,Pacaembu,SP,2020,884.76,26.94,243,2019-09-01,2020-04-30,16
3534906,Pacaembu,SP,2021,538.19,27.83,242,2020-09-01,2021-04-30,26
3534906,Pacaembu,SP,2022,803.83,27.05,242,2021-09-01,2022-04-30,10
3534906,Pacaembu,SP,2023,1073.98,25.11,242,2022-09-01,2023-04-30,9
3534906,Pacaembu,SP,2024,716.88,29.16,243,2023-09-01,2024-04-30,16
3534906,Pacaembu,SP,2025,828.87,27.81,242,2024-09-01,2025-04-30,15
3534906,Pacaembu,SP,2026,766.96,27.21,242,2025-09-01,2026-04-30,20
3535002,Palestina,SP,2010,1174.84,24.82,242,2009-09-01,2010-04-30,25
3535002,Palestina,SP,2011,1341.78,25.09,242,2010-09-01,2011-04-30,23
3535002,Palestina,SP,2012,1030.22,24.97,243,2011-09-01,2012-04-30,16
3535002,Palestina,SP,2013,1071.04,25.5,242,2012-09-01,2013-04-30,18
3535002,Palestina,SP,2014,912.54,25.57,242,2013-09-01,2014-04-30,11
3535002,Palestina,SP,2015,955.35,25.89,242,2014-09-01,2015-04-30,17
3535002,Palestina,SP,2016,1265.3,25.8,243,2015-09-01,2016-04-30,26
3535002,Palestina,SP,2017,1004.32,25.09,242,2016-09-01,2017-04-30,12
3535002,Palestina,SP,2018,1070.76,25.55,242,2017-09-01,2018-04-30,28
3535002,Palestina,SP,2019,985.34,25.98,242,2018-09-01,2019-04-30,14
3535002,Palestina,SP,2020,995.23,26.25,243,2019-09-01,2020-04-30,17
3535002,Palestina,SP,2021,689.18,27.06,242,2020-09-01,2021-04-30,18
3535002,Palestina,SP,2022,1076.68,25.9,242,2021-09-01,2022-04-30,16
3535002,Palestina,SP,2023,1128.03,25.07,242,2022-09-01,2023-04-30,9
3535002,Palestina,SP,2024,780.38,28.54,243,2023-09-01,2024-04-30,16
3535002,Palestina,SP,2025,887.63,27.11,242,2024-09-01,2025-04-30,39
3535002,Palestina,SP,2026,899.81,26.44,242,2025-09-01,2026-04-30,20
3535101,Palmares Paulista,SP,2010,1105.13,24.36,242,2009-09-01,2010-04-30,17
3535101,Palmares Paulista,SP,2011,1208.26,24.68,242,2010-09-01,2011-04-30,16
3535101,Palmares Paulista,SP,2012,933.34,24.79,243,2011-09-01,2012-04-30,14
3535101,Palmares Paulista,SP,2013,1041.74,24.98,242,2012-09-01,2013-04-30,16
3535101,Palmares Paulista,SP,2014,860.18,25.31,242,2013-09-01,2014-04-30,11
3535101,Palmares Paulista,SP,2015,823.63,25.55,242,2014-09-01,2015-04-30,18
3535101,Palmares Paulista,SP,2016,1206.26,25.27,243,2015-09-01,2016-04-30,28
3535101,Palmares Paulista,SP,2017,905.05,24.75,242,2016-09-01,2017-04-30,13
3535101,Palmares Paulista,SP,2018,963.54,25.21,242,2017-09-01,2018-04-30,28
3535101,Palmares Paulista,SP,2019,945.9,25.45,242,2018-09-01,2019-04-30,15
3535101,Palmares Paulista,SP,2020,920.4,25.78,243,2019-09-01,2020-04-30,22
3535101,Palmares Paulista,SP,2021,609.43,26.65,242,2020-09-01,2021-04-30,18
3535101,Palmares Paulista,SP,2022,1042.52,25.32,242,2021-09-01,2022-04-30,16
3535101,Palmares Paulista,SP,2023,1038.05,24.47,242,2022-09-01,2023-04-30,11
3535101,Palmares Paulista,SP,2024,661.64,28.29,243,2023-09-01,2024-04-30,13
3535101,Palmares Paulista,SP,2025,869.1,26.62,242,2024-09-01,2025-04-30,39
3535101,Palmares Paulista,SP,2026,904.03,25.7,242,2025-09-01,2026-04-30,20
3535200,Palmeira d'Oeste,SP,2010,1346.18,25.27,242,2009-09-01,2010-04-30,25
3535200,Palmeira d'Oeste,SP,2011,1462.0,25.57,242,2010-09-01,2011-04-30,23
3535200,Palmeira d'Oeste,SP,2012,903.31,25.89,243,2011-09-01,2012-04-30,11
3535200,Palmeira d'Oeste,SP,2013,980.99,26.22,242,2012-09-01,2013-04-30,18
3535200,Palmeira d'Oeste,SP,2014,821.59,26.6,242,2013-09-01,2014-04-30,14
3535200,Palmeira d'Oeste,SP,2015,1119.3,26.19,242,2014-09-01,2015-04-30,17
3535200,Palmeira d'Oeste,SP,2016,1259.66,26.28,243,2015-09-01,2016-04-30,30
3535200,Palmeira d'Oeste,SP,2017,1096.46,25.39,242,2016-09-01,2017-04-30,13
3535200,Palmeira d'Oeste,SP,2018,1157.68,25.87,242,2017-09-01,2018-04-30,28
3535200,Palmeira d'Oeste,SP,2019,998.87,26.61,242,2018-09-01,2019-04-30,14
3535200,Palmeira d'Oeste,SP,2020,942.26,27.01,243,2019-09-01,2020-04-30,17
3535200,Palmeira d'Oeste,SP,2021,489.72,28.4,242,2020-09-01,2021-04-30,18
3535200,Palmeira d'Oeste,SP,2022,972.46,26.75,242,2021-09-01,2022-04-30,16
3535200,Palmeira d'Oeste,SP,2023,1070.0,25.59,242,2022-09-01,2023-04-30,9
3535200,Palmeira d'Oeste,SP,2024,782.78,29.3,243,2023-09-01,2024-04-30,14
3535200,Palmeira d'Oeste,SP,2025,805.05,27.93,242,2024-09-01,2025-04-30,22
3535200,Palmeira d'Oeste,SP,2026,778.93,27.5,242,2025-09-01,2026-04-30,21
3535309,Palmital,SP,2010,1392.71,23.68,242,2009-09-01,2010-04-30,16
3535309,Palmital,SP,2011,927.56,23.84,242,2010-09-01,2011-04-30,15
3535309,Palmital,SP,2012,819.47,24.48,243,2011-09-01,2012-04-30,13
3535309,Palmital,SP,2013,943.07,24.5,242,2012-09-01,2013-04-30,17
3535309,Palmital,SP,2014,976.22,24.29,242,2013-09-01,2014-04-30,13
3535309,Palmital,SP,2015,1044.2,24.28,242,2014-09-01,2015-04-30,17
3535309,Palmital,SP,2016,1729.39,24.18,243,2015-09-01,2016-04-30,24
3535309,Palmital,SP,2017,1038.49,23.35,242,2016-09-01,2017-04-30,13
3535309,Palmital,SP,2018,1143.58,24.02,242,2017-09-01,2018-04-30,28
3535309,Palmital,SP,2019,1028.09,24.56,242,2018-09-01,2019-04-30,14
3535309,Palmital,SP,2020,824.95,25.21,243,2019-09-01,2020-04-30,17
3535309,Palmital,SP,2021,728.1,25.17,242,2020-09-01,2021-04-30,20
3535309,Palmital,SP,2022,927.7,24.89,242,2021-09-01,2022-04-30,14
3535309,Palmital,SP,2023,1189.14,23.1,242,2022-09-01,2023-04-30,9
3535309,Palmital,SP,2024,731.89,27.04,243,2023-09-01,2024-04-30,14
3535309,Palmital,SP,2025,681.24,26.11,242,2024-09-01,2025-04-30,14
3535309,Palmital,SP,2026,814.67,25.17,242,2025-09-01,2026-04-30,20
3535408,Panorama,SP,2010,1498.03,25.3,242,2009-09-01,2010-04-30,15
3535408,Panorama,SP,2011,1289.37,25.42,242,2010-09-01,2011-04-30,16
3535408,Panorama,SP,2012,930.04,26.18,243,2011-09-01,2012-04-30,13
3535408,Panorama,SP,2013,1060.39,26.21,242,2012-09-01,2013-04-30,18
3535408,Panorama,SP,2014,866.54,26.53,242,2013-09-01,2014-04-30,16
3535408,Panorama,SP,2015,1037.64,26.4,242,2014-09-01,2015-04-30,17
3535408,Panorama,SP,2016,1393.9,26.15,243,2015-09-01,2016-04-30,29
3535408,Panorama,SP,2017,902.04,25.37,242,2016-09-01,2017-04-30,13
3535408,Panorama,SP,2018,1233.07,25.7,242,2017-09-01,2018-04-30,28
3535408,Panorama,SP,2019,951.35,26.8,242,2018-09-01,2019-04-30,14
3535408,Panorama,SP,2020,894.14,27.27,243,2019-09-01,2020-04-30,16
3535408,Panorama,SP,2021,554.29,28.19,242,2020-09-01,2021-04-30,20
3535408,Panorama,SP,2022,800.72,27.44,242,2021-09-01,2022-04-30,10
3535408,Panorama,SP,2023,1030.28,25.49,242,2022-09-01,2023-04-30,9
3535408,Panorama,SP,2024,720.41,29.56,243,2023-09-01,2024-04-30,15
3535408,Panorama,SP,2025,831.58,28.19,242,2024-09-01,2025-04-30,15
3535408,Panorama,SP,2026,756.64,27.64,242,2025-09-01,2026-04-30,20
3535507,Paraguaçu Paulista,SP,2010,1466.64,23.86,242,2009-09-01,2010-04-30,16
3535507,Paraguaçu Paulista,SP,2011,1056.47,24.07,242,2010-09-01,2011-04-30,16
3535507,Paraguaçu Paulista,SP,2012,766.36,25.14,243,2011-09-01,2012-04-30,12
3535507,Paraguaçu Paulista,SP,2013,971.83,24.86,242,2012-09-01,2013-04-30,18
3535507,Paraguaçu Paulista,SP,2014,901.09,24.92,242,2013-09-01,2014-04-30,12
3535507,Paraguaçu Paulista,SP,2015,1059.12,24.67,242,2014-09-01,2015-04-30,17
3535507,Paraguaçu Paulista,SP,2016,1704.91,24.44,243,2015-09-01,2016-04-30,13
3535507,Paraguaçu Paulista,SP,2017,965.7,23.72,242,2016-09-01,2017-04-30,13
3535507,Paraguaçu Paulista,SP,2018,1213.35,24.33,242,2017-09-01,2018-04-30,28
3535507,Paraguaçu Paulista,SP,2019,1116.41,24.75,242,2018-09-01,2019-04-30,14
3535507,Paraguaçu Paulista,SP,2020,896.41,25.6,243,2019-09-01,2020-04-30,17
3535507,Paraguaçu Paulista,SP,2021,689.38,25.86,242,2020-09-01,2021-04-30,20
3535507,Paraguaçu Paulista,SP,2022,913.13,25.42,242,2021-09-01,2022-04-30,10
3535507,Paraguaçu Paulista,SP,2023,1233.33,23.45,242,2022-09-01,2023-04-30,9
3535507,Paraguaçu Paulista,SP,2024,785.49,27.62,243,2023-09-01,2024-04-30,14
3535507,Paraguaçu Paulista,SP,2025,757.79,26.55,242,2024-09-01,2025-04-30,14
3535507,Paraguaçu Paulista,SP,2026,926.52,25.52,242,2025-09-01,2026-04-30,20
3535606,Paraibuna,SP,2010,1554.35,22.36,242,2009-09-01,2010-04-30,12
3535606,Paraibuna,SP,2011,1500.86,21.68,242,2010-09-01,2011-04-30,10
3535606,Paraibuna,SP,2012,864.16,21.56,243,2011-09-01,2012-04-30,13
3535606,Paraibuna,SP,2013,986.72,22.14,242,2012-09-01,2013-04-30,19
3535606,Paraibuna,SP,2014,757.83,22.57,242,2013-09-01,2014-04-30,18
3535606,Paraibuna,SP,2015,842.74,22.65,242,2014-09-01,2015-04-30,16
3535606,Paraibuna,SP,2016,1302.59,22.96,243,2015-09-01,2016-04-30,25
3535606,Paraibuna,SP,2017,1240.01,21.83,242,2016-09-01,2017-04-30,14
3535606,Paraibuna,SP,2018,1054.42,22.17,242,2017-09-01,2018-04-30,27
3535606,Paraibuna,SP,2019,1406.33,22.44,242,2018-09-01,2019-04-30,8
3535606,Paraibuna,SP,2020,951.33,21.9,243,2019-09-01,2020-04-30,14
3535606,Paraibuna,SP,2021,1035.97,22.53,242,2020-09-01,2021-04-30,19
3535606,Paraibuna,SP,2022,990.24,22.07,242,2021-09-01,2022-04-30,8
3535606,Paraibuna,SP,2023,1236.48,21.46,242,2022-09-01,2023-04-30,7
3535606,Paraibuna,SP,2024,1041.19,23.72,243,2023-09-01,2024-04-30,9
3535606,Paraibuna,SP,2025,969.76,23.03,242,2024-09-01,2025-04-30,14
3535606,Paraibuna,SP,2026,759.21,22.52,242,2025-09-01,2026-04-30,16
3535705,Paraíso,SP,2010,1105.13,24.36,242,2009-09-01,2010-04-30,17
3535705,Paraíso,SP,2011,1208.26,24.68,242,2010-09-01,2011-04-30,16
3535705,Paraíso,SP,2012,933.34,24.79,243,2011-09-01,2012-04-30,14
3535705,Paraíso,SP,2013,1041.74,24.98,242,2012-09-01,2013-04-30,16
3535705,Paraíso,SP,2014,860.18,25.31,242,2013-09-01,2014-04-30,11
3535705,Paraíso,SP,2015,823.63,25.55,242,2014-09-01,2015-04-30,18
3535705,Paraíso,SP,2016,1206.26,25.27,243,2015-09-01,2016-04-30,28
3535705,Paraíso,SP,2017,905.05,24.75,242,2016-09-01,2017-04-30,13
3535705,Paraíso,SP,2018,963.54,25.21,242,2017-09-01,2018-04-30,28
3535705,Paraíso,SP,2019,945.9,25.45,242,2018-09-01,2019-04-30,15
3535705,Paraíso,SP,2020,920.4,25.78,243,2019-09-01,2020-04-30,22
3535705,Paraíso,SP,2021,609.43,26.65,242,2020-09-01,2021-04-30,18
3535705,Paraíso,SP,2022,1042.52,25.32,242,2021-09-01,2022-04-30,16
3535705,Paraíso,SP,2023,1038.05,24.47,242,2022-09-01,2023-04-30,11
3535705,Paraíso,SP,2024,661.64,28.29,243,2023-09-01,2024-04-30,13
3535705,Paraíso,SP,2025,869.1,26.62,242,2024-09-01,2025-04-30,39
3535705,Paraíso,SP,2026,904.03,25.7,242,2025-09-01,2026-04-30,20
3535804,Paranapanema,SP,2010,1410.92,22.4,242,2009-09-01,2010-04-30,15
3535804,Paranapanema,SP,2011,1042.77,22.06,242,2010-09-01,2011-04-30,9
3535804,Paranapanema,SP,2012,857.03,22.2,243,2011-09-01,2012-04-30,22
3535804,Paranapanema,SP,2013,1031.72,22.54,242,2012-09-01,2013-04-30,17
3535804,Paranapanema,SP,2014,768.91,22.76,242,2013-09-01,2014-04-30,15
3535804,Paranapanema,SP,2015,1022.38,22.82,242,2014-09-01,2015-04-30,17
3535804,Paranapanema,SP,2016,1436.38,23.1,243,2015-09-01,2016-04-30,14
3535804,Paranapanema,SP,2017,1001.32,22.05,242,2016-09-01,2017-04-30,13
3535804,Paranapanema,SP,2018,1153.22,22.45,242,2017-09-01,2018-04-30,28
3535804,Paranapanema,SP,2019,1003.82,23.02,242,2018-09-01,2019-04-30,13
3535804,Paranapanema,SP,2020,785.66,22.95,243,2019-09-01,2020-04-30,18
3535804,Paranapanema,SP,2021,652.07,23.34,242,2020-09-01,2021-04-30,20
3535804,Paranapanema,SP,2022,962.98,22.84,242,2021-09-01,2022-04-30,14
3535804,Paranapanema,SP,2023,1070.93,21.71,242,2022-09-01,2023-04-30,8
3535804,Paranapanema,SP,2024,721.29,24.77,243,2023-09-01,2024-04-30,14
3535804,Paranapanema,SP,2025,715.11,23.9,242,2024-09-01,2025-04-30,14
3535804,Paranapanema,SP,2026,639.66,23.32,242,2025-09-01,2026-04-30,20
3535903,Paranapuã,SP,2010,1468.55,25.4,242,2009-09-01,2010-04-30,26
3535903,Paranapuã,SP,2011,1502.98,25.74,242,2010-09-01,2011-04-30,23
3535903,Paranapuã,SP,2012,945.27,26.18,243,2011-09-01,2012-04-30,18
3535903,Paranapuã,SP,2013,995.03,26.42,242,2012-09-01,2013-04-30,18
3535903,Paranapuã,SP,2014,834.82,26.72,242,2013-09-01,2014-04-30,12
3535903,Paranapuã,SP,2015,1124.29,26.27,242,2014-09-01,2015-04-30,16
3535903,Paranapuã,SP,2016,1120.91,26.75,243,2015-09-01,2016-04-30,23
3535903,Paranapuã,SP,2017,1130.85,25.65,242,2016-09-01,2017-04-30,13
3535903,Paranapuã,SP,2018,1130.61,26.16,242,2017-09-01,2018-04-30,28
3535903,Paranapuã,SP,2019,1083.96,26.57,242,2018-09-01,2019-04-30,13
3535903,Paranapuã,SP,2020,917.22,27.21,243,2019-09-01,2020-04-30,17
3535903,Paranapuã,SP,2021,535.28,28.32,242,2020-09-01,2021-04-30,20
3535903,Paranapuã,SP,2022,1052.6,26.79,242,2021-09-01,2022-04-30,16
3535903,Paranapuã,SP,2023,1222.73,25.72,242,2022-09-01,2023-04-30,9
3535903,Paranapuã,SP,2024,761.74,29.44,243,2023-09-01,2024-04-30,14
3535903,Paranapuã,SP,2025,751.1,28.16,242,2024-09-01,2025-04-30,39
3535903,Paranapuã,SP,2026,739.06,27.73,242,2025-09-01,2026-04-30,21
3536000,Parapuã,SP,2010,1367.74,24.22,242,2009-09-01,2010-04-30,15
3536000,Parapuã,SP,2011,1074.29,24.34,242,2010-09-01,2011-04-30,16
3536000,Parapuã,SP,2012,745.01,25.41,243,2011-09-01,2012-04-30,13
3536000,Parapuã,SP,2013,1004.34,25.07,242,2012-09-01,2013-04-30,18
3536000,Parapuã,SP,2014,783.29,25.34,242,2013-09-01,2014-04-30,12
3536000,Parapuã,SP,2015,1051.45,25.1,242,2014-09-01,2015-04-30,21
3536000,Parapuã,SP,2016,1556.5,24.89,243,2015-09-01,2016-04-30,18
3536000,Parapuã,SP,2017,924.04,23.79,242,2016-09-01,2017-04-30,12
3536000,Parapuã,SP,2018,1202.02,24.56,242,2017-09-01,2018-04-30,28
3536000,Parapuã,SP,2019,1097.67,25.08,242,2018-09-01,2019-04-30,14
3536000,Parapuã,SP,2020,927.79,25.95,243,2019-09-01,2020-04-30,17
3536000,Parapuã,SP,2021,648.32,26.43,242,2020-09-01,2021-04-30,19
3536000,Parapuã,SP,2022,942.05,25.83,242,2021-09-01,2022-04-30,10
3536000,Parapuã,SP,2023,1136.0,24.1,242,2022-09-01,2023-04-30,9
3536000,Parapuã,SP,2024,796.54,28.01,243,2023-09-01,2024-04-30,16
3536000,Parapuã,SP,2025,790.43,26.95,242,2024-09-01,2025-04-30,14
3536000,Parapuã,SP,2026,890.38,25.91,242,2025-09-01,2026-04-30,20
3536109,Pardinho,SP,2010,1380.81,22.76,242,2009-09-01,2010-04-30,15
3536109,Pardinho,SP,2011,1103.0,22.55,242,2010-09-01,2011-04-30,16
3536109,Pardinho,SP,2012,910.59,22.75,243,2011-09-01,2012-04-30,22
3536109,Pardinho,SP,2013,1104.2,23.08,242,2012-09-01,2013-04-30,18
3536109,Pardinho,SP,2014,679.75,23.6,242,2013-09-01,2014-04-30,12
3536109,Pardinho,SP,2015,871.73,23.73,242,2014-09-01,2015-04-30,17
3536109,Pardinho,SP,2016,1291.57,23.69,243,2015-09-01,2016-04-30,19
3536109,Pardinho,SP,2017,920.81,22.65,242,2016-09-01,2017-04-30,13
3536109,Pardinho,SP,2018,964.33,23.17,242,2017-09-01,2018-04-30,28
3536109,Pardinho,SP,2019,1029.69,23.55,242,2018-09-01,2019-04-30,14
3536109,Pardinho,SP,2020,804.62,23.62,243,2019-09-01,2020-04-30,16
3536109,Pardinho,SP,2021,554.68,24.43,242,2020-09-01,2021-04-30,21
3536109,Pardinho,SP,2022,930.02,23.55,242,2021-09-01,2022-04-30,10
3536109,Pardinho,SP,2023,973.35,22.45,242,2022-09-01,2023-04-30,9
3536109,Pardinho,SP,2024,698.86,25.79,243,2023-09-01,2024-04-30,12
3536109,Pardinho,SP,2025,621.24,24.94,242,2024-09-01,2025-04-30,14
3536109,Pardinho,SP,2026,632.04,24.24,242,2025-09-01,2026-04-30,20
3536208,Pariquera-Açu,SP,2010,1876.26,22.5,242,2009-09-01,2010-04-30,10
3536208,Pariquera-Açu,SP,2011,1204.64,21.72,242,2010-09-01,2011-04-30,8
3536208,Pariquera-Açu,SP,2012,939.16,21.75,243,2011-09-01,2012-04-30,11
3536208,Pariquera-Açu,SP,2013,1032.74,22.41,242,2012-09-01,2013-04-30,13
3536208,Pariquera-Açu,SP,2014,1007.78,22.5,242,2013-09-01,2014-04-30,17
3536208,Pariquera-Açu,SP,2015,1277.87,22.88,242,2014-09-01,2015-04-30,13
3536208,Pariquera-Açu,SP,2016,1586.0,22.91,243,2015-09-01,2016-04-30,12
3536208,Pariquera-Açu,SP,2017,1064.28,22.07,242,2016-09-01,2017-04-30,11
3536208,Pariquera-Açu,SP,2018,1252.89,22.47,242,2017-09-01,2018-04-30,27
3536208,Pariquera-Açu,SP,2019,1381.46,22.91,242,2018-09-01,2019-04-30,8
3536208,Pariquera-Açu,SP,2020,968.42,22.04,243,2019-09-01,2020-04-30,13
3536208,Pariquera-Açu,SP,2021,906.46,22.92,242,2020-09-01,2021-04-30,13
3536208,Pariquera-Açu,SP,2022,1132.03,22.3,242,2021-09-01,2022-04-30,12
3536208,Pariquera-Açu,SP,2023,1315.95,21.65,242,2022-09-01,2023-04-30,10
3536208,Pariquera-Açu,SP,2024,1083.38,23.93,243,2023-09-01,2024-04-30,11
3536208,Pariquera-Açu,SP,2025,855.92,23.51,242,2024-09-01,2025-04-30,8
3536208,Pariquera-Açu,SP,2026,790.32,23.21,242,2025-09-01,2026-04-30,18
3536257,Parisi,SP,2010,1249.82,24.85,242,2009-09-01,2010-04-30,25
3536257,Parisi,SP,2011,1439.63,25.23,242,2010-09-01,2011-04-30,23
3536257,Parisi,SP,2012,883.53,25.49,243,2011-09-01,2012-04-30,14
3536257,Parisi,SP,2013,939.8,25.85,242,2012-09-01,2013-04-30,18
3536257,Parisi,SP,2014,848.61,26.06,242,2013-09-01,2014-04-30,11
3536257,Parisi,SP,2015,1107.87,25.74,242,2014-09-01,2015-04-30,17
3536257,Parisi,SP,2016,1294.34,25.83,243,2015-09-01,2016-04-30,30
3536257,Parisi,SP,2017,1065.05,25.08,242,2016-09-01,2017-04-30,13
3536257,Parisi,SP,2018,1120.02,25.56,242,2017-09-01,2018-04-30,28
3536257,Parisi,SP,2019,960.82,26.24,242,2018-09-01,2019-04-30,15
3536257,Parisi,SP,2020,948.78,26.52,243,2019-09-01,2020-04-30,17
3536257,Parisi,SP,2021,560.35,27.7,242,2020-09-01,2021-04-30,18
3536257,Parisi,SP,2022,1037.8,26.13,242,2021-09-01,2022-04-30,16
3536257,Parisi,SP,2023,1102.21,25.16,242,2022-09-01,2023-04-30,9
3536257,Parisi,SP,2024,776.32,28.86,243,2023-09-01,2024-04-30,16
3536257,Parisi,SP,2025,851.99,27.33,242,2024-09-01,2025-04-30,23
3536257,Parisi,SP,2026,855.97,26.81,242,2025-09-01,2026-04-30,21
3536307,Patrocínio Paulista,SP,2010,1426.48,23.07,242,2009-09-01,2010-04-30,23
3536307,Patrocínio Paulista,SP,2011,1495.03,23.14,242,2010-09-01,2011-04-30,12
3536307,Patrocínio Paulista,SP,2012,1154.69,22.96,243,2011-09-01,2012-04-30,16
3536307,Patrocínio Paulista,SP,2013,1156.17,23.6,242,2012-09-01,2013-04-30,17
3536307,Patrocínio Paulista,SP,2014,887.77,24.0,242,2013-09-01,2014-04-30,16
3536307,Patrocínio Paulista,SP,2015,1114.81,23.89,242,2014-09-01,2015-04-30,21
3536307,Patrocínio Paulista,SP,2016,1355.03,24.18,243,2015-09-01,2016-04-30,26
3536307,Patrocínio Paulista,SP,2017,1098.57,23.47,242,2016-09-01,2017-04-30,16
3536307,Patrocínio Paulista,SP,2018,1251.4,23.65,242,2017-09-01,2018-04-30,26
3536307,Patrocínio Paulista,SP,2019,1363.28,23.6,242,2018-09-01,2019-04-30,14
3536307,Patrocínio Paulista,SP,2020,1188.87,24.08,243,2019-09-01,2020-04-30,15
3536307,Patrocínio Paulista,SP,2021,695.47,24.91,242,2020-09-01,2021-04-30,20
3536307,Patrocínio Paulista,SP,2022,1234.55,23.82,242,2021-09-01,2022-04-30,18
3536307,Patrocínio Paulista,SP,2023,1162.94,23.22,242,2022-09-01,2023-04-30,9
3536307,Patrocínio Paulista,SP,2024,845.1,26.29,243,2023-09-01,2024-04-30,21
3536307,Patrocínio Paulista,SP,2025,1052.52,24.99,242,2024-09-01,2025-04-30,18
3536307,Patrocínio Paulista,SP,2026,1054.42,24.02,242,2025-09-01,2026-04-30,22
3536406,Paulicéia,SP,2010,1498.03,25.3,242,2009-09-01,2010-04-30,15
3536406,Paulicéia,SP,2011,1289.37,25.42,242,2010-09-01,2011-04-30,16
3536406,Paulicéia,SP,2012,930.04,26.18,243,2011-09-01,2012-04-30,13
3536406,Paulicéia,SP,2013,1060.39,26.21,242,2012-09-01,2013-04-30,18
3536406,Paulicéia,SP,2014,866.54,26.53,242,2013-09-01,2014-04-30,16
3536406,Paulicéia,SP,2015,1037.64,26.4,242,2014-09-01,2015-04-30,17
3536406,Paulicéia,SP,2016,1393.9,26.15,243,2015-09-01,2016-04-30,29
3536406,Paulicéia,SP,2017,902.04,25.37,242,2016-09-01,2017-04-30,13
3536406,Paulicéia,SP,2018,1233.07,25.7,242,2017-09-01,2018-04-30,28
3536406,Paulicéia,SP,2019,951.35,26.8,242,2018-09-01,2019-04-30,14
3536406,Paulicéia,SP,2020,894.14,27.27,243,2019-09-01,2020-04-30,16
3536406,Paulicéia,SP,2021,554.29,28.19,242,2020-09-01,2021-04-30,20
3536406,Paulicéia,SP,2022,800.72,27.44,242,2021-09-01,2022-04-30,10
3536406,Paulicéia,SP,2023,1030.28,25.49,242,2022-09-01,2023-04-30,9
3536406,Paulicéia,SP,2024,720.41,29.56,243,2023-09-01,2024-04-30,15
3536406,Paulicéia,SP,2025,831.58,28.19,242,2024-09-01,2025-04-30,15
3536406,Paulicéia,SP,2026,756.64,27.64,242,2025-09-01,2026-04-30,20
3536505,Paulínia,SP,2010,1513.4,21.84,242,2009-09-01,2010-04-30,13
3536505,Paulínia,SP,2011,1274.32,21.71,242,2010-09-01,2011-04-30,12
3536505,Paulínia,SP,2012,1030.92,21.56,243,2011-09-01,2012-04-30,31
3536505,Paulínia,SP,2013,1179.99,22.01,242,2012-09-01,2013-04-30,19
3536505,Paulínia,SP,2014,781.34,22.55,242,2013-09-01,2014-04-30,13
3536505,Paulínia,SP,2015,937.23,22.55,242,2014-09-01,2015-04-30,19
3536505,Paulínia,SP,2016,1240.18,22.84,243,2015-09-01,2016-04-30,26
3536505,Paulínia,SP,2017,1048.05,21.92,242,2016-09-01,2017-04-30,16
3536505,Paulínia,SP,2018,853.84,22.5,242,2017-09-01,2018-04-30,28
3536505,Paulínia,SP,2019,1187.6,22.44,242,2018-09-01,2019-04-30,14
3536505,Paulínia,SP,2020,1046.12,22.37,243,2019-09-01,2020-04-30,23
3536505,Paulínia,SP,2021,662.36,23.22,242,2020-09-01,2021-04-30,20
3536505,Paulínia,SP,2022,906.05,22.51,242,2021-09-01,2022-04-30,19
3536505,Paulínia,SP,2023,1127.19,21.45,242,2022-09-01,2023-04-30,8
3536505,Paulínia,SP,2024,838.83,24.49,243,2023-09-01,2024-04-30,12
3536505,Paulínia,SP,2025,769.91,23.58,242,2024-09-01,2025-04-30,15
3536505,Paulínia,SP,2026,775.0,22.96,242,2025-09-01,2026-04-30,20
3536570,Paulistânia,SP,2010,1172.45,23.51,242,2009-09-01,2010-04-30,16
3536570,Paulistânia,SP,2011,966.96,23.52,242,2010-09-01,2011-04-30,16
3536570,Paulistânia,SP,2012,797.35,23.82,243,2011-09-01,2012-04-30,16
3536570,Paulistânia,SP,2013,1026.73,23.89,242,2012-09-01,2013-04-30,18
3536570,Paulistânia,SP,2014,741.38,24.14,242,2013-09-01,2014-04-30,12
3536570,Paulistânia,SP,2015,975.27,24.1,242,2014-09-01,2015-04-30,18
3536570,Paulistânia,SP,2016,1463.2,24.06,243,2015-09-01,2016-04-30,29
3536570,Paulistânia,SP,2017,957.46,23.01,242,2016-09-01,2017-04-30,13
3536570,Paulistânia,SP,2018,1007.72,23.81,242,2017-09-01,2018-04-30,28
3536570,Paulistânia,SP,2019,987.54,24.24,242,2018-09-01,2019-04-30,14
3536570,Paulistânia,SP,2020,772.47,24.74,243,2019-09-01,2020-04-30,17
3536570,Paulistânia,SP,2021,629.64,24.96,242,2020-09-01,2021-04-30,16
3536570,Paulistânia,SP,2022,940.53,24.29,242,2021-09-01,2022-04-30,10
3536570,Paulistânia,SP,2023,971.35,23.11,242,2022-09-01,2023-04-30,9
3536570,Paulistânia,SP,2024,667.7,26.55,243,2023-09-01,2024-04-30,12
3536570,Paulistânia,SP,2025,686.26,25.51,242,2024-09-01,2025-04-30,23
3536570,Paulistânia,SP,2026,766.53,24.56,242,2025-09-01,2026-04-30,20
3536604,Paulo de Faria,SP,2010,1281.46,25.0,242,2009-09-01,2010-04-30,14
3536604,Paulo de Faria,SP,2011,1432.25,25.13,242,2010-09-01,2011-04-30,25
3536604,Paulo de Faria,SP,2012,1181.8,24.84,243,2011-09-01,2012-04-30,16
3536604,Paulo de Faria,SP,2013,1124.25,25.59,242,2012-09-01,2013-04-30,18
3536604,Paulo de Faria,SP,2014,937.01,25.69,242,2013-09-01,2014-04-30,11
3536604,Paulo de Faria,SP,2015,1028.0,26.03,242,2014-09-01,2015-04-30,16
3536604,Paulo de Faria,SP,2016,1233.65,26.14,243,2015-09-01,2016-04-30,25
3536604,Paulo de Faria,SP,2017,1078.31,25.3,242,2016-09-01,2017-04-30,12
3536604,Paulo de Faria,SP,2018,1115.6,25.72,242,2017-09-01,2018-04-30,28
3536604,Paulo de Faria,SP,2019,1072.88,25.96,242,2018-09-01,2019-04-30,13
3536604,Paulo de Faria,SP,2020,1037.8,26.44,243,2019-09-01,2020-04-30,17
3536604,Paulo de Faria,SP,2021,710.41,27.17,242,2020-09-01,2021-04-30,20
3536604,Paulo de Faria,SP,2022,1022.37,26.38,242,2021-09-01,2022-04-30,16
3536604,Paulo de Faria,SP,2023,1164.7,25.42,242,2022-09-01,2023-04-30,16
3536604,Paulo de Faria,SP,2024,804.21,28.62,243,2023-09-01,2024-04-30,19
3536604,Paulo de Faria,SP,2025,843.88,27.52,242,2024-09-01,2025-04-30,38
3536604,Paulo de Faria,SP,2026,823.14,26.98,242,2025-09-01,2026-04-30,21
3536703,Pederneiras,SP,2010,1227.44,23.44,242,2009-09-01,2010-04-30,16
3536703,Pederneiras,SP,2011,1099.59,23.39,242,2010-09-01,2011-04-30,17
3536703,Pederneiras,SP,2012,887.15,23.34,243,2011-09-01,2012-04-30,16
3536703,Pederneiras,SP,2013,1177.08,23.68,242,2012-09-01,2013-04-30,18
3536703,Pederneiras,SP,2014,724.43,23.92,242,2013-09-01,2014-04-30,12
3536703,Pederneiras,SP,2015,929.0,24.02,242,2014-09-01,2015-04-30,18
3536703,Pederneiras,SP,2016,1333.96,24.21,243,2015-09-01,2016-04-30,19
3536703,Pederneiras,SP,2017,892.66,23.18,242,2016-09-01,2017-04-30,17
3536703,Pederneiras,SP,2018,953.87,23.88,242,2017-09-01,2018-04-30,28
3536703,Pederneiras,SP,2019,884.16,24.23,242,2018-09-01,2019-04-30,14
3536703,Pederneiras,SP,2020,606.36,24.73,243,2019-09-01,2020-04-30,16
3536703,Pederneiras,SP,2021,476.13,25.12,242,2020-09-01,2021-04-30,17
3536703,Pederneiras,SP,2022,911.19,24.14,242,2021-09-01,2022-04-30,16
3536703,Pederneiras,SP,2023,802.1,23.24,242,2022-09-01,2023-04-30,10
3536703,Pederneiras,SP,2024,565.48,26.48,243,2023-09-01,2024-04-30,12
3536703,Pederneiras,SP,2025,590.55,25.42,242,2024-09-01,2025-04-30,23
3536703,Pederneiras,SP,2026,644.7,24.51,242,2025-09-01,2026-04-30,20
3536802,Pedra Bela,SP,2010,1513.84,20.93,242,2009-09-01,2010-04-30,12
3536802,Pedra Bela,SP,2011,1425.14,20.67,242,2010-09-01,2011-04-30,6
3536802,Pedra Bela,SP,2012,1060.67,20.38,243,2011-09-01,2012-04-30,21
3536802,Pedra Bela,SP,2013,1210.5,20.9,242,2012-09-01,2013-04-30,19
3536802,Pedra Bela,SP,2014,839.61,21.3,242,2013-09-01,2014-04-30,11
3536802,Pedra Bela,SP,2015,895.39,21.48,242,2014-09-01,2015-04-30,18
3536802,Pedra Bela,SP,2016,1225.88,21.96,243,2015-09-01,2016-04-30,25
3536802,Pedra Bela,SP,2017,1044.67,20.82,242,2016-09-01,2017-04-30,13
3536802,Pedra Bela,SP,2018,965.47,21.24,242,2017-09-01,2018-04-30,26
3536802,Pedra Bela,SP,2019,1231.04,21.33,242,2018-09-01,2019-04-30,8
3536802,Pedra Bela,SP,2020,983.55,21.17,243,2019-09-01,2020-04-30,22
3536802,Pedra Bela,SP,2021,823.86,21.75,242,2020-09-01,2021-04-30,19
3536802,Pedra Bela,SP,2022,928.95,21.27,242,2021-09-01,2022-04-30,13
3536802,Pedra Bela,SP,2023,1229.13,20.34,242,2022-09-01,2023-04-30,6
3536802,Pedra Bela,SP,2024,994.5,22.89,243,2023-09-01,2024-04-30,12
3536802,Pedra Bela,SP,2025,818.34,22.28,242,2024-09-01,2025-04-30,15
3536802,Pedra Bela,SP,2026,774.66,21.64,242,2025-09-01,2026-04-30,20
3536901,Pedranópolis,SP,2010,1446.71,25.41,242,2009-09-01,2010-04-30,26
3536901,Pedranópolis,SP,2011,1497.34,25.68,242,2010-09-01,2011-04-30,23
3536901,Pedranópolis,SP,2012,971.5,25.9,243,2011-09-01,2012-04-30,18
3536901,Pedranópolis,SP,2013,992.16,26.35,242,2012-09-01,2013-04-30,18
3536901,Pedranópolis,SP,2014,848.28,26.56,242,2013-09-01,2014-04-30,11
3536901,Pedranópolis,SP,2015,1131.65,26.31,242,2014-09-01,2015-04-30,16
3536901,Pedranópolis,SP,2016,1142.76,26.64,243,2015-09-01,2016-04-30,23
3536901,Pedranópolis,SP,2017,1143.73,25.72,242,2016-09-01,2017-04-30,13
3536901,Pedranópolis,SP,2018,1127.18,26.16,242,2017-09-01,2018-04-30,28
3536901,Pedranópolis,SP,2019,1075.6,26.52,242,2018-09-01,2019-04-30,14
3536901,Pedranópolis,SP,2020,928.6,27.11,243,2019-09-01,2020-04-30,17
3536901,Pedranópolis,SP,2021,558.34,28.07,242,2020-09-01,2021-04-30,20
3536901,Pedranópolis,SP,2022,1060.07,26.75,242,2021-09-01,2022-04-30,16
3536901,Pedranópolis,SP,2023,1267.64,25.78,242,2022-09-01,2023-04-30,9
3536901,Pedranópolis,SP,2024,770.88,29.31,243,2023-09-01,2024-04-30,16
3536901,Pedranópolis,SP,2025,758.24,28.03,242,2024-09-01,2025-04-30,39
3536901,Pedranópolis,SP,2026,780.0,27.51,242,2025-09-01,2026-04-30,21
3537008,Pedregulho,SP,2010,1426.48,23.07,242,2009-09-01,2010-04-30,23
3537008,Pedregulho,SP,2011,1495.03,23.14,242,2010-09-01,2011-04-30,12
3537008,Pedregulho,SP,2012,1154.69,22.96,243,2011-09-01,2012-04-30,16
3537008,Pedregulho,SP,2013,1156.17,23.6,242,2012-09-01,2013-04-30,17
3537008,Pedregulho,SP,2014,887.77,24.0,242,2013-09-01,2014-04-30,16
3537008,Pedregulho,SP,2015,1114.81,23.89,242,2014-09-01,2015-04-30,21
3537008,Pedregulho,SP,2016,1355.03,24.18,243,2015-09-01,2016-04-30,26
3537008,Pedregulho,SP,2017,1098.57,23.47,242,2016-09-01,2017-04-30,16
3537008,Pedregulho,SP,2018,1251.4,23.65,242,2017-09-01,2018-04-30,26
3537008,Pedregulho,SP,2019,1363.28,23.6,242,2018-09-01,2019-04-30,14
3537008,Pedregulho,SP,2020,1188.87,24.08,243,2019-09-01,2020-04-30,15
3537008,Pedregulho,SP,2021,695.47,24.91,242,2020-09-01,2021-04-30,20
3537008,Pedregulho,SP,2022,1234.55,23.82,242,2021-09-01,2022-04-30,18
3537008,Pedregulho,SP,2023,1162.94,23.22,242,2022-09-01,2023-04-30,9
3537008,Pedregulho,SP,2024,845.1,26.29,243,2023-09-01,2024-04-30,21
3537008,Pedregulho,SP,2025,1052.52,24.99,242,2024-09-01,2025-04-30,18
3537008,Pedregulho,SP,2026,1054.42,24.02,242,2025-09-01,2026-04-30,22
3537107,Pedreira,SP,2010,1416.36,22.42,242,2009-09-01,2010-04-30,16
3537107,Pedreira,SP,2011,1196.55,22.61,242,2010-09-01,2011-04-30,12
3537107,Pedreira,SP,2012,1116.49,22.29,243,2011-09-01,2012-04-30,20
3537107,Pedreira,SP,2013,1244.62,22.68,242,2012-09-01,2013-04-30,19
3537107,Pedreira,SP,2014,797.62,23.29,242,2013-09-01,2014-04-30,13
3537107,Pedreira,SP,2015,972.16,23.21,242,2014-09-01,2015-04-30,18
3537107,Pedreira,SP,2016,1290.4,23.44,243,2015-09-01,2016-04-30,27
3537107,Pedreira,SP,2017,1012.84,22.65,242,2016-09-01,2017-04-30,16
3537107,Pedreira,SP,2018,929.17,23.21,242,2017-09-01,2018-04-30,28
3537107,Pedreira,SP,2019,1141.59,23.02,242,2018-09-01,2019-04-30,14
3537107,Pedreira,SP,2020,984.72,23.31,243,2019-09-01,2020-04-30,19
3537107,Pedreira,SP,2021,617.74,24.24,242,2020-09-01,2021-04-30,19
3537107,Pedreira,SP,2022,950.39,23.3,242,2021-09-01,2022-04-30,16
3537107,Pedreira,SP,2023,1174.73,22.18,242,2022-09-01,2023-04-30,9
3537107,Pedreira,SP,2024,835.23,25.34,243,2023-09-01,2024-04-30,12
3537107,Pedreira,SP,2025,792.24,24.39,242,2024-09-01,2025-04-30,19
3537107,Pedreira,SP,2026,836.39,23.55,242,2025-09-01,2026-04-30,19
3537156,Pedrinhas Paulista,SP,2010,1581.51,23.7,242,2009-09-01,2010-04-30,16
3537156,Pedrinhas Paulista,SP,2011,1055.38,23.82,242,2010-09-01,2011-04-30,16
3537156,Pedrinhas Paulista,SP,2012,840.5,24.69,243,2011-09-01,2012-04-30,14
3537156,Pedrinhas Paulista,SP,2013,989.74,24.59,242,2012-09-01,2013-04-30,17
3537156,Pedrinhas Paulista,SP,2014,1005.53,24.44,242,2013-09-01,2014-04-30,12
3537156,Pedrinhas Paulista,SP,2015,1049.52,24.42,242,2014-09-01,2015-04-30,17
3537156,Pedrinhas Paulista,SP,2016,1778.39,24.18,243,2015-09-01,2016-04-30,13
3537156,Pedrinhas Paulista,SP,2017,1004.88,23.51,242,2016-09-01,2017-04-30,13
3537156,Pedrinhas Paulista,SP,2018,1224.57,24.09,242,2017-09-01,2018-04-30,28
3537156,Pedrinhas Paulista,SP,2019,1071.21,24.66,242,2018-09-01,2019-04-30,14
3537156,Pedrinhas Paulista,SP,2020,864.61,25.42,243,2019-09-01,2020-04-30,17
3537156,Pedrinhas Paulista,SP,2021,704.69,25.42,242,2020-09-01,2021-04-30,20
3537156,Pedrinhas Paulista,SP,2022,912.43,25.19,242,2021-09-01,2022-04-30,15
3537156,Pedrinhas Paulista,SP,2023,1168.23,23.23,242,2022-09-01,2023-04-30,9
3537156,Pedrinhas Paulista,SP,2024,749.62,27.27,243,2023-09-01,2024-04-30,14
3537156,Pedrinhas Paulista,SP,2025,702.87,26.31,242,2024-09-01,2025-04-30,14
3537156,Pedrinhas Paulista,SP,2026,844.85,25.42,242,2025-09-01,2026-04-30,20
3537206,Pedro de Toledo,SP,2010,1808.0,23.95,242,2009-09-01,2010-04-30,10
3537206,Pedro de Toledo,SP,2011,1146.77,23.12,242,2010-09-01,2011-04-30,9
3537206,Pedro de Toledo,SP,2012,967.0,22.99,243,2011-09-01,2012-04-30,11
3537206,Pedro de Toledo,SP,2013,1078.95,23.63,242,2012-09-01,2013-04-30,13
3537206,Pedro de Toledo,SP,2014,1033.99,23.68,242,2013-09-01,2014-04-30,17
3537206,Pedro de Toledo,SP,2015,1047.05,24.1,242,2014-09-01,2015-04-30,13
3537206,Pedro de Toledo,SP,2016,1526.1,24.27,243,2015-09-01,2016-04-30,12
3537206,Pedro de Toledo,SP,2017,920.5,23.83,242,2016-09-01,2017-04-30,11
3537206,Pedro de Toledo,SP,2018,891.15,24.21,242,2017-09-01,2018-04-30,27
3537206,Pedro de Toledo,SP,2019,1166.76,24.59,242,2018-09-01,2019-04-30,8
3537206,Pedro de Toledo,SP,2020,904.62,23.72,243,2019-09-01,2020-04-30,10
3537206,Pedro de Toledo,SP,2021,962.53,24.12,242,2020-09-01,2021-04-30,14
3537206,Pedro de Toledo,SP,2022,869.85,23.92,242,2021-09-01,2022-04-30,12
3537206,Pedro de Toledo,SP,2023,1286.79,23.25,242,2022-09-01,2023-04-30,10
3537206,Pedro de Toledo,SP,2024,1129.11,24.96,243,2023-09-01,2024-04-30,11
3537206,Pedro de Toledo,SP,2025,920.77,24.59,242,2024-09-01,2025-04-30,14
3537206,Pedro de Toledo,SP,2026,728.2,24.4,242,2025-09-01,2026-04-30,19
3537305,Penápolis,SP,2010,1204.83,24.83,242,2009-09-01,2010-04-30,17
3537305,Penápolis,SP,2011,1130.19,25.01,242,2010-09-01,2011-04-30,16
3537305,Penápolis,SP,2012,711.59,25.7,243,2011-09-01,2012-04-30,13
3537305,Penápolis,SP,2013,992.6,25.53,242,2012-09-01,2013-04-30,18
3537305,Penápolis,SP,2014,629.95,26.09,242,2013-09-01,2014-04-30,12
3537305,Penápolis,SP,2015,1005.2,25.72,242,2014-09-01,2015-04-30,18
3537305,Penápolis,SP,2016,1372.47,25.62,243,2015-09-01,2016-04-30,30
3537305,Penápolis,SP,2017,954.66,24.57,242,2016-09-01,2017-04-30,13
3537305,Penápolis,SP,2018,1106.34,25.35,242,2017-09-01,2018-04-30,28
3537305,Penápolis,SP,2019,1021.8,25.82,242,2018-09-01,2019-04-30,14
3537305,Penápolis,SP,2020,928.34,26.33,243,2019-09-01,2020-04-30,16
3537305,Penápolis,SP,2021,581.98,27.22,242,2020-09-01,2021-04-30,18
3537305,Penápolis,SP,2022,912.03,26.26,242,2021-09-01,2022-04-30,15
3537305,Penápolis,SP,2023,934.91,24.96,242,2022-09-01,2023-04-30,9
3537305,Penápolis,SP,2024,662.85,28.84,243,2023-09-01,2024-04-30,16
3537305,Penápolis,SP,2025,734.19,27.52,242,2024-09-01,2025-04-30,15
3537305,Penápolis,SP,2026,776.7,26.63,242,2025-09-01,2026-04-30,21
3537404,Pereira Barreto,SP,2010,1492.54,25.9,242,2009-09-01,2010-04-30,19
3537404,Pereira Barreto,SP,2011,1500.37,25.85,242,2010-09-01,2011-04-30,23
3537404,Pereira Barreto,SP,2012,873.61,26.26,243,2011-09-01,2012-04-30,12
3537404,Pereira Barreto,SP,2013,1000.99,26.68,242,2012-09-01,2013-04-30,18
3537404,Pereira Barreto,SP,2014,778.13,27.12,242,2013-09-01,2014-04-30,14
3537404,Pereira Barreto,SP,2015,1035.79,26.94,242,2014-09-01,2015-04-30,17
3537404,Pereira Barreto,SP,2016,1169.26,27.03,243,2015-09-01,2016-04-30,29
3537404,Pereira Barreto,SP,2017,1057.63,25.88,242,2016-09-01,2017-04-30,13
3537404,Pereira Barreto,SP,2018,1134.09,26.36,242,2017-09-01,2018-04-30,28
3537404,Pereira Barreto,SP,2019,1055.08,27.03,242,2018-09-01,2019-04-30,13
3537404,Pereira Barreto,SP,2020,882.49,27.65,243,2019-09-01,2020-04-30,16
3537404,Pereira Barreto,SP,2021,403.25,28.94,242,2020-09-01,2021-04-30,21
3537404,Pereira Barreto,SP,2022,837.66,27.61,242,2021-09-01,2022-04-30,14
3537404,Pereira Barreto,SP,2023,1010.79,26.1,242,2022-09-01,2023-04-30,8
3537404,Pereira Barreto,SP,2024,728.0,29.87,243,2023-09-01,2024-04-30,14
3537404,Pereira Barreto,SP,2025,722.96,28.64,242,2024-09-01,2025-04-30,15
3537404,Pereira Barreto,SP,2026,583.02,28.4,242,2025-09-01,2026-04-30,20
3537503,Pereiras,SP,2010,1380.81,22.76,242,2009-09-01,2010-04-30,15
3537503,Pereiras,SP,2011,1103.0,22.55,242,2010-09-01,2011-04-30,16
3537503,Pereiras,SP,2012,910.59,22.75,243,2011-09-01,2012-04-30,22
3537503,Pereiras,SP,2013,1104.2,23.08,242,2012-09-01,2013-04-30,18
3537503,Pereiras,SP,2014,679.75,23.6,242,2013-09-01,2014-04-30,12
3537503,Pereiras,SP,2015,871.73,23.73,242,2014-09-01,2015-04-30,17
3537503,Pereiras,SP,2016,1291.57,23.69,243,2015-09-01,2016-04-30,19
3537503,Pereiras,SP,2017,920.81,22.65,242,2016-09-01,2017-04-30,13
3537503,Pereiras,SP,2018,964.33,23.17,242,2017-09-01,2018-04-30,28
3537503,Pereiras,SP,2019,1029.69,23.55,242,2018-09-01,2019-04-30,14
3537503,Pereiras,SP,2020,804.62,23.62,243,2019-09-01,2020-04-30,16
3537503,Pereiras,SP,2021,554.68,24.43,242,2020-09-01,2021-04-30,21
3537503,Pereiras,SP,2022,930.02,23.55,242,2021-09-01,2022-04-30,10
3537503,Pereiras,SP,2023,973.35,22.45,242,2022-09-01,2023-04-30,9
3537503,Pereiras,SP,2024,698.86,25.79,243,2023-09-01,2024-04-30,12
3537503,Pereiras,SP,2025,621.24,24.94,242,2024-09-01,2025-04-30,14
3537503,Pereiras,SP,2026,632.04,24.24,242,2025-09-01,2026-04-30,20
3537602,Peruíbe,SP,2010,1684.12,24.54,242,2009-09-01,2010-04-30,10
3537602,Peruíbe,SP,2011,1378.77,23.56,242,2010-09-01,2011-04-30,5
3537602,Peruíbe,SP,2012,791.9,23.03,243,2011-09-01,2012-04-30,12
3537602,Peruíbe,SP,2013,960.32,23.88,242,2012-09-01,2013-04-30,15
3537602,Peruíbe,SP,2014,801.88,23.93,242,2013-09-01,2014-04-30,14
3537602,Peruíbe,SP,2015,846.83,24.32,242,2014-09-01,2015-04-30,13
3537602,Peruíbe,SP,2016,1428.86,24.56,243,2015-09-01,2016-04-30,12
3537602,Peruíbe,SP,2017,923.06,24.0,242,2016-09-01,2017-04-30,11
3537602,Peruíbe,SP,2018,897.75,24.11,242,2017-09-01,2018-04-30,28
3537602,Peruíbe,SP,2019,1166.55,24.62,242,2018-09-01,2019-04-30,8
3537602,Peruíbe,SP,2020,905.64,23.64,243,2019-09-01,2020-04-30,11
3537602,Peruíbe,SP,2021,914.69,24.26,242,2020-09-01,2021-04-30,13
3537602,Peruíbe,SP,2022,888.55,23.75,242,2021-09-01,2022-04-30,8
3537602,Peruíbe,SP,2023,1269.97,23.59,242,2022-09-01,2023-04-30,11
3537602,Peruíbe,SP,2024,1072.76,24.81,243,2023-09-01,2024-04-30,11
3537602,Peruíbe,SP,2025,849.33,24.35,242,2024-09-01,2025-04-30,10
3537602,Peruíbe,SP,2026,704.45,24.06,242,2025-09-01,2026-04-30,19
3537701,Piacatu,SP,2010,1236.56,24.7,242,2009-09-01,2010-04-30,16
3537701,Piacatu,SP,2011,1144.95,24.82,242,2010-09-01,2011-04-30,16
3537701,Piacatu,SP,2012,714.46,25.67,243,2011-09-01,2012-04-30,13
3537701,Piacatu,SP,2013,1011.71,25.44,242,2012-09-01,2013-04-30,18
3537701,Piacatu,SP,2014,630.14,26.07,242,2013-09-01,2014-04-30,16
3537701,Piacatu,SP,2015,1003.11,25.6,242,2014-09-01,2015-04-30,18
3537701,Piacatu,SP,2016,1362.3,25.55,243,2015-09-01,2016-04-30,30
3537701,Piacatu,SP,2017,910.1,24.47,242,2016-09-01,2017-04-30,13
3537701,Piacatu,SP,2018,1122.52,25.2,242,2017-09-01,2018-04-30,28
3537701,Piacatu,SP,2019,1014.26,25.71,242,2018-09-01,2019-04-30,14
3537701,Piacatu,SP,2020,930.46,26.29,243,2019-09-01,2020-04-30,16
3537701,Piacatu,SP,2021,617.0,27.07,242,2020-09-01,2021-04-30,18
3537701,Piacatu,SP,2022,907.11,26.21,242,2021-09-01,2022-04-30,14
3537701,Piacatu,SP,2023,922.6,24.9,242,2022-09-01,2023-04-30,8
3537701,Piacatu,SP,2024,630.16,28.93,243,2023-09-01,2024-04-30,16
3537701,Piacatu,SP,2025,709.3,27.58,242,2024-09-01,2025-04-30,15
3537701,Piacatu,SP,2026,750.02,26.74,242,2025-09-01,2026-04-30,21
3537800,Piedade,SP,2010,1548.7,21.59,242,2009-09-01,2010-04-30,12
3537800,Piedade,SP,2011,1208.16,21.35,242,2010-09-01,2011-04-30,8
3537800,Piedade,SP,2012,884.05,21.48,243,2011-09-01,2012-04-30,13
3537800,Piedade,SP,2013,1041.36,21.89,242,2012-09-01,2013-04-30,19
3537800,Piedade,SP,2014,714.51,22.49,242,2013-09-01,2014-04-30,13
3537800,Piedade,SP,2015,852.53,22.53,242,2014-09-01,2015-04-30,16
3537800,Piedade,SP,2016,1261.59,22.56,243,2015-09-01,2016-04-30,26
3537800,Piedade,SP,2017,1057.39,21.56,242,2016-09-01,2017-04-30,13
3537800,Piedade,SP,2018,864.02,22.11,242,2017-09-01,2018-04-30,28
3537800,Piedade,SP,2019,1159.73,22.35,242,2018-09-01,2019-04-30,8
3537800,Piedade,SP,2020,1047.14,21.97,243,2019-09-01,2020-04-30,22
3537800,Piedade,SP,2021,662.21,22.83,242,2020-09-01,2021-04-30,19
3537800,Piedade,SP,2022,1011.81,22.13,242,2021-09-01,2022-04-30,14
3537800,Piedade,SP,2023,1305.91,20.95,242,2022-09-01,2023-04-30,7
3537800,Piedade,SP,2024,849.66,24.1,243,2023-09-01,2024-04-30,13
3537800,Piedade,SP,2025,738.44,23.44,242,2024-09-01,2025-04-30,14
3537800,Piedade,SP,2026,710.6,22.79,242,2025-09-01,2026-04-30,20
3537909,Pilar do Sul,SP,2010,1656.85,21.67,242,2009-09-01,2010-04-30,11
3537909,Pilar do Sul,SP,2011,1208.16,21.22,242,2010-09-01,2011-04-30,7
3537909,Pilar do Sul,SP,2012,915.52,21.28,243,2011-09-01,2012-04-30,13
3537909,Pilar do Sul,SP,2013,1040.49,21.8,242,2012-09-01,2013-04-30,19
3537909,Pilar do Sul,SP,2014,819.53,22.29,242,2013-09-01,2014-04-30,12
3537909,Pilar do Sul,SP,2015,902.42,22.47,242,2014-09-01,2015-04-30,16
3537909,Pilar do Sul,SP,2016,1388.32,22.43,243,2015-09-01,2016-04-30,14
3537909,Pilar do Sul,SP,2017,1129.01,21.59,242,2016-09-01,2017-04-30,12
3537909,Pilar do Sul,SP,2018,950.8,22.08,242,2017-09-01,2018-04-30,27
3537909,Pilar do Sul,SP,2019,1232.27,22.36,242,2018-09-01,2019-04-30,8
3537909,Pilar do Sul,SP,2020,1097.32,21.64,243,2019-09-01,2020-04-30,13
3537909,Pilar do Sul,SP,2021,775.95,22.47,242,2020-09-01,2021-04-30,14
3537909,Pilar do Sul,SP,2022,1128.8,21.73,242,2021-09-01,2022-04-30,8
3537909,Pilar do Sul,SP,2023,1375.0,20.88,242,2022-09-01,2023-04-30,7
3537909,Pilar do Sul,SP,2024,979.08,23.61,243,2023-09-01,2024-04-30,11
3537909,Pilar do Sul,SP,2025,822.77,23.08,242,2024-09-01,2025-04-30,10
3537909,Pilar do Sul,SP,2026,754.84,22.57,242,2025-09-01,2026-04-30,19
3538006,Pindamonhangaba,SP,2010,1388.99,21.31,242,2009-09-01,2010-04-30,12
3538006,Pindamonhangaba,SP,2011,1373.86,20.91,242,2010-09-01,2011-04-30,10
3538006,Pindamonhangaba,SP,2012,1005.59,20.67,243,2011-09-01,2012-04-30,19
3538006,Pindamonhangaba,SP,2013,1177.64,21.17,242,2012-09-01,2013-04-30,19
3538006,Pindamonhangaba,SP,2014,844.45,21.67,242,2013-09-01,2014-04-30,11
3538006,Pindamonhangaba,SP,2015,823.55,21.91,242,2014-09-01,2015-04-30,16
3538006,Pindamonhangaba,SP,2016,1194.48,22.26,243,2015-09-01,2016-04-30,24
3538006,Pindamonhangaba,SP,2017,1150.2,20.94,242,2016-09-01,2017-04-30,10
3538006,Pindamonhangaba,SP,2018,1064.87,21.39,242,2017-09-01,2018-04-30,26
3538006,Pindamonhangaba,SP,2019,1292.1,21.43,242,2018-09-01,2019-04-30,8
3538006,Pindamonhangaba,SP,2020,817.58,21.55,243,2019-09-01,2020-04-30,14
3538006,Pindamonhangaba,SP,2021,875.69,21.95,242,2020-09-01,2021-04-30,19
3538006,Pindamonhangaba,SP,2022,839.7,21.61,242,2021-09-01,2022-04-30,8
3538006,Pindamonhangaba,SP,2023,1201.13,20.55,242,2022-09-01,2023-04-30,7
3538006,Pindamonhangaba,SP,2024,951.5,23.24,243,2023-09-01,2024-04-30,12
3538006,Pindamonhangaba,SP,2025,819.37,22.59,242,2024-09-01,2025-04-30,19
3538006,Pindamonhangaba,SP,2026,700.87,22.0,242,2025-09-01,2026-04-30,17
3538105,Pindorama,SP,2010,1105.13,24.36,242,2009-09-01,2010-04-30,17
3538105,Pindorama,SP,2011,1208.26,24.68,242,2010-09-01,2011-04-30,16
3538105,Pindorama,SP,2012,933.34,24.79,243,2011-09-01,2012-04-30,14
3538105,Pindorama,SP,2013,1041.74,24.98,242,2012-09-01,2013-04-30,16
3538105,Pindorama,SP,2014,860.18,25.31,242,2013-09-01,2014-04-30,11
3538105,Pindorama,SP,2015,823.63,25.55,242,2014-09-01,2015-04-30,18
3538105,Pindorama,SP,2016,1206.26,25.27,243,2015-09-01,2016-04-30,28
3538105,Pindorama,SP,2017,905.05,24.75,242,2016-09-01,2017-04-30,13
3538105,Pindorama,SP,2018,963.54,25.21,242,2017-09-01,2018-04-30,28
3538105,Pindorama,SP,2019,945.9,25.45,242,2018-09-01,2019-04-30,15
3538105,Pindorama,SP,2020,920.4,25.78,243,2019-09-01,2020-04-30,22
3538105,Pindorama,SP,2021,609.43,26.65,242,2020-09-01,2021-04-30,18
3538105,Pindorama,SP,2022,1042.52,25.32,242,2021-09-01,2022-04-30,16
3538105,Pindorama,SP,2023,1038.05,24.47,242,2022-09-01,2023-04-30,11
3538105,Pindorama,SP,2024,661.64,28.29,243,2023-09-01,2024-04-30,13
3538105,Pindorama,SP,2025,869.1,26.62,242,2024-09-01,2025-04-30,39
3538105,Pindorama,SP,2026,904.03,25.7,242,2025-09-01,2026-04-30,20
3538204,Pinhalzinho,SP,2010,1513.4,21.84,242,2009-09-01,2010-04-30,13
3538204,Pinhalzinho,SP,2011,1274.32,21.71,242,2010-09-01,2011-04-30,12
3538204,Pinhalzinho,SP,2012,1030.92,21.56,243,2011-09-01,2012-04-30,31
3538204,Pinhalzinho,SP,2013,1179.99,22.01,242,2012-09-01,2013-04-30,19
3538204,Pinhalzinho,SP,2014,781.34,22.55,242,2013-09-01,2014-04-30,13
3538204,Pinhalzinho,SP,2015,937.23,22.55,242,2014-09-01,2015-04-30,19
3538204,Pinhalzinho,SP,2016,1240.18,22.84,243,2015-09-01,2016-04-30,26
3538204,Pinhalzinho,SP,2017,1048.05,21.92,242,2016-09-01,2017-04-30,16
3538204,Pinhalzinho,SP,2018,853.84,22.5,242,2017-09-01,2018-04-30,28
3538204,Pinhalzinho,SP,2019,1187.6,22.44,242,2018-09-01,2019-04-30,14
3538204,Pinhalzinho,SP,2020,1046.12,22.37,243,2019-09-01,2020-04-30,23
3538204,Pinhalzinho,SP,2021,662.36,23.22,242,2020-09-01,2021-04-30,20
3538204,Pinhalzinho,SP,2022,906.05,22.51,242,2021-09-01,2022-04-30,19
3538204,Pinhalzinho,SP,2023,1127.19,21.45,242,2022-09-01,2023-04-30,8
3538204,Pinhalzinho,SP,2024,838.83,24.49,243,2023-09-01,2024-04-30,12
3538204,Pinhalzinho,SP,2025,769.91,23.58,242,2024-09-01,2025-04-30,15
3538204,Pinhalzinho,SP,2026,775.0,22.96,242,2025-09-01,2026-04-30,20
3538303,Piquerobi,SP,2010,1605.86,24.63,242,2009-09-01,2010-04-30,15
3538303,Piquerobi,SP,2011,1293.98,24.78,242,2010-09-01,2011-04-30,16
3538303,Piquerobi,SP,2012,870.19,25.95,243,2011-09-01,2012-04-30,13
3538303,Piquerobi,SP,2013,1054.78,25.78,242,2012-09-01,2013-04-30,18
3538303,Piquerobi,SP,2014,966.62,25.77,242,2013-09-01,2014-04-30,16
3538303,Piquerobi,SP,2015,1034.6,25.84,242,2014-09-01,2015-04-30,17
3538303,Piquerobi,SP,2016,1419.83,25.41,243,2015-09-01,2016-04-30,29
3538303,Piquerobi,SP,2017,845.76,25.1,242,2016-09-01,2017-04-30,13
3538303,Piquerobi,SP,2018,1153.3,25.34,242,2017-09-01,2018-04-30,28
3538303,Piquerobi,SP,2019,932.28,26.29,242,2018-09-01,2019-04-30,14
3538303,Piquerobi,SP,2020,845.55,26.83,243,2019-09-01,2020-04-30,16
3538303,Piquerobi,SP,2021,696.68,27.08,242,2020-09-01,2021-04-30,27
3538303,Piquerobi,SP,2022,787.16,26.85,242,2021-09-01,2022-04-30,10
3538303,Piquerobi,SP,2023,1127.53,24.71,242,2022-09-01,2023-04-30,9
3538303,Piquerobi,SP,2024,710.01,28.95,243,2023-09-01,2024-04-30,14
3538303,Piquerobi,SP,2025,802.21,27.63,242,2024-09-01,2025-04-30,14
3538303,Piquerobi,SP,2026,845.02,26.84,242,2025-09-01,2026-04-30,20
3538501,Piquete,SP,2010,1460.74,20.55,242,2009-09-01,2010-04-30,13
3538501,Piquete,SP,2011,1573.48,20.15,242,2010-09-01,2011-04-30,13
3538501,Piquete,SP,2012,1103.05,19.65,243,2011-09-01,2012-04-30,17
3538501,Piquete,SP,2013,1175.26,20.47,242,2012-09-01,2013-04-30,19
3538501,Piquete,SP,2014,826.48,20.77,242,2013-09-01,2014-04-30,20
3538501,Piquete,SP,2015,723.01,21.27,242,2014-09-01,2015-04-30,16
3538501,Piquete,SP,2016,1279.06,21.62,243,2015-09-01,2016-04-30,24
3538501,Piquete,SP,2017,1158.3,20.26,242,2016-09-01,2017-04-30,14
3538501,Piquete,SP,2018,1138.88,20.54,242,2017-09-01,2018-04-30,26
3538501,Piquete,SP,2019,1267.09,20.78,242,2018-09-01,2019-04-30,9
3538501,Piquete,SP,2020,1061.58,20.58,243,2019-09-01,2020-04-30,16
3538501,Piquete,SP,2021,927.19,21.12,242,2020-09-01,2021-04-30,19
3538501,Piquete,SP,2022,1081.46,20.58,242,2021-09-01,2022-04-30,15
3538501,Piquete,SP,2023,1308.58,19.95,242,2022-09-01,2023-04-30,7
3538501,Piquete,SP,2024,917.02,22.41,243,2023-09-01,2024-04-30,12
3538501,Piquete,SP,2025,899.54,21.78,242,2024-09-01,2025-04-30,19
3538501,Piquete,SP,2026,679.25,21.18,242,2025-09-01,2026-04-30,16
3538600,Piracaia,SP,2010,1513.84,20.93,242,2009-09-01,2010-04-30,12
3538600,Piracaia,SP,2011,1425.14,20.67,242,2010-09-01,2011-04-30,6
3538600,Piracaia,SP,2012,1060.67,20.38,243,2011-09-01,2012-04-30,21
3538600,Piracaia,SP,2013,1210.5,20.9,242,2012-09-01,2013-04-30,19
3538600,Piracaia,SP,2014,839.61,21.3,242,2013-09-01,2014-04-30,11
3538600,Piracaia,SP,2015,895.39,21.48,242,2014-09-01,2015-04-30,18
3538600,Piracaia,SP,2016,1225.88,21.96,243,2015-09-01,2016-04-30,25
3538600,Piracaia,SP,2017,1044.67,20.82,242,2016-09-01,2017-04-30,13
3538600,Piracaia,SP,2018,965.47,21.24,242,2017-09-01,2018-04-30,26
3538600,Piracaia,SP,2019,1231.04,21.33,242,2018-09-01,2019-04-30,8
3538600,Piracaia,SP,2020,983.55,21.17,243,2019-09-01,2020-04-30,22
3538600,Piracaia,SP,2021,823.86,21.75,242,2020-09-01,2021-04-30,19
3538600,Piracaia,SP,2022,928.95,21.27,242,2021-09-01,2022-04-30,13
3538600,Piracaia,SP,2023,1229.13,20.34,242,2022-09-01,2023-04-30,6
3538600,Piracaia,SP,2024,994.5,22.89,243,2023-09-01,2024-04-30,12
3538600,Piracaia,SP,2025,818.34,22.28,242,2024-09-01,2025-04-30,15
3538600,Piracaia,SP,2026,774.66,21.64,242,2025-09-01,2026-04-30,20
3538709,Piracicaba,SP,2010,1382.37,22.86,242,2009-09-01,2010-04-30,16
3538709,Piracicaba,SP,2011,1038.21,23.14,242,2010-09-01,2011-04-30,15
3538709,Piracicaba,SP,2012,986.17,23.06,243,2011-09-01,2012-04-30,20
3538709,Piracicaba,SP,2013,1151.87,23.29,242,2012-09-01,2013-04-30,19
3538709,Piracicaba,SP,2014,711.25,23.97,242,2013-09-01,2014-04-30,12
3538709,Piracicaba,SP,2015,958.89,23.78,242,2014-09-01,2015-04-30,17
3538709,Piracicaba,SP,2016,1290.07,23.87,243,2015-09-01,2016-04-30,30
3538709,Piracicaba,SP,2017,1001.31,23.0,242,2016-09-01,2017-04-30,16
3538709,Piracicaba,SP,2018,915.06,23.68,242,2017-09-01,2018-04-30,28
3538709,Piracicaba,SP,2019,1116.07,23.53,242,2018-09-01,2019-04-30,14
3538709,Piracicaba,SP,2020,965.42,23.84,243,2019-09-01,2020-04-30,21
3538709,Piracicaba,SP,2021,572.88,24.9,242,2020-09-01,2021-04-30,21
3538709,Piracicaba,SP,2022,938.29,23.81,242,2021-09-01,2022-04-30,16
3538709,Piracicaba,SP,2023,1136.16,22.62,242,2022-09-01,2023-04-30,9
3538709,Piracicaba,SP,2024,788.72,26.01,243,2023-09-01,2024-04-30,12
3538709,Piracicaba,SP,2025,766.93,25.02,242,2024-09-01,2025-04-30,16
3538709,Piracicaba,SP,2026,827.65,24.15,242,2025-09-01,2026-04-30,20
3538808,Piraju,SP,2010,1269.52,23.15,242,2009-09-01,2010-04-30,16
3538808,Piraju,SP,2011,969.56,23.05,242,2010-09-01,2011-04-30,15
3538808,Piraju,SP,2012,856.88,23.23,243,2011-09-01,2012-04-30,22
3538808,Piraju,SP,2013,1056.89,23.44,242,2012-09-01,2013-04-30,18
3538808,Piraju,SP,2014,809.47,23.53,242,2013-09-01,2014-04-30,12
3538808,Piraju,SP,2015,988.42,23.63,242,2014-09-01,2015-04-30,17
3538808,Piraju,SP,2016,1495.77,23.75,243,2015-09-01,2016-04-30,14
3538808,Piraju,SP,2017,982.85,22.7,242,2016-09-01,2017-04-30,17
3538808,Piraju,SP,2018,1090.44,23.28,242,2017-09-01,2018-04-30,28
3538808,Piraju,SP,2019,990.48,23.82,242,2018-09-01,2019-04-30,14
3538808,Piraju,SP,2020,751.68,24.16,243,2019-09-01,2020-04-30,18
3538808,Piraju,SP,2021,680.11,24.27,242,2020-09-01,2021-04-30,20
3538808,Piraju,SP,2022,937.5,23.85,242,2021-09-01,2022-04-30,14
3538808,Piraju,SP,2023,1045.16,22.54,242,2022-09-01,2023-04-30,9
3538808,Piraju,SP,2024,710.14,25.84,243,2023-09-01,2024-04-30,14
3538808,Piraju,SP,2025,664.42,24.99,242,2024-09-01,2025-04-30,14
3538808,Piraju,SP,2026,716.02,24.17,242,2025-09-01,2026-04-30,20
3538907,Pirajuí,SP,2010,1122.86,24.13,242,2009-09-01,2010-04-30,16
3538907,Pirajuí,SP,2011,1000.22,24.37,242,2010-09-01,2011-04-30,16
3538907,Pirajuí,SP,2012,701.24,24.95,243,2011-09-01,2012-04-30,16
3538907,Pirajuí,SP,2013,973.65,24.73,242,2012-09-01,2013-04-30,18
3538907,Pirajuí,SP,2014,639.5,25.32,242,2013-09-01,2014-04-30,12
3538907,Pirajuí,SP,2015,936.77,24.94,242,2014-09-01,2015-04-30,22
3538907,Pirajuí,SP,2016,1385.93,24.77,243,2015-09-01,2016-04-30,30
3538907,Pirajuí,SP,2017,927.72,23.88,242,2016-09-01,2017-04-30,26
3538907,Pirajuí,SP,2018,915.16,24.84,242,2017-09-01,2018-04-30,28
3538907,Pirajuí,SP,2019,982.73,25.04,242,2018-09-01,2019-04-30,14
3538907,Pirajuí,SP,2020,798.9,25.65,243,2019-09-01,2020-04-30,17
3538907,Pirajuí,SP,2021,563.23,26.29,242,2020-09-01,2021-04-30,18
3538907,Pirajuí,SP,2022,940.98,25.14,242,2021-09-01,2022-04-30,16
3538907,Pirajuí,SP,2023,896.13,24.1,242,2022-09-01,2023-04-30,9
3538907,Pirajuí,SP,2024,569.16,28.02,243,2023-09-01,2024-04-30,12
3538907,Pirajuí,SP,2025,704.24,26.53,242,2024-09-01,2025-04-30,23
3538907,Pirajuí,SP,2026,755.14,25.58,242,2025-09-01,2026-04-30,21
3539004,Pirangi,SP,2010,1105.13,24.36,242,2009-09-01,2010-04-30,17
3539004,Pirangi,SP,2011,1208.26,24.68,242,2010-09-01,2011-04-30,16
3539004,Pirangi,SP,2012,933.34,24.79,243,2011-09-01,2012-04-30,14
3539004,Pirangi,SP,2013,1041.74,24.98,242,2012-09-01,2013-04-30,16
3539004,Pirangi,SP,2014,860.18,25.31,242,2013-09-01,2014-04-30,11
3539004,Pirangi,SP,2015,823.63,25.55,242,2014-09-01,2015-04-30,18
3539004,Pirangi,SP,2016,1206.26,25.27,243,2015-09-01,2016-04-30,28
3539004,Pirangi,SP,2017,905.05,24.75,242,2016-09-01,2017-04-30,13
3539004,Pirangi,SP,2018,963.54,25.21,242,2017-09-01,2018-04-30,28
3539004,Pirangi,SP,2019,945.9,25.45,242,2018-09-01,2019-04-30,15
3539004,Pirangi,SP,2020,920.4,25.78,243,2019-09-01,2020-04-30,22
3539004,Pirangi,SP,2021,609.43,26.65,242,2020-09-01,2021-04-30,18
3539004,Pirangi,SP,2022,1042.52,25.32,242,2021-09-01,2022-04-30,16
3539004,Pirangi,SP,2023,1038.05,24.47,242,2022-09-01,2023-04-30,11
3539004,Pirangi,SP,2024,661.64,28.29,243,2023-09-01,2024-04-30,13
3539004,Pirangi,SP,2025,869.1,26.62,242,2024-09-01,2025-04-30,39
3539004,Pirangi,SP,2026,904.03,25.7,242,2025-09-01,2026-04-30,20
3539103,Pirapora do Bom Jesus,SP,2010,1666.75,21.09,242,2009-09-01,2010-04-30,12
3539103,Pirapora do Bom Jesus,SP,2011,1464.75,20.61,242,2010-09-01,2011-04-30,11
3539103,Pirapora do Bom Jesus,SP,2012,924.14,20.5,243,2011-09-01,2012-04-30,13
3539103,Pirapora do Bom Jesus,SP,2013,1098.88,21.22,242,2012-09-01,2013-04-30,16
3539103,Pirapora do Bom Jesus,SP,2014,769.94,21.63,242,2013-09-01,2014-04-30,14
3539103,Pirapora do Bom Jesus,SP,2015,854.33,21.79,242,2014-09-01,2015-04-30,16
3539103,Pirapora do Bom Jesus,SP,2016,1250.66,22.01,243,2015-09-01,2016-04-30,26
3539103,Pirapora do Bom Jesus,SP,2017,1090.54,20.97,242,2016-09-01,2017-04-30,13
3539103,Pirapora do Bom Jesus,SP,2018,791.1,21.55,242,2017-09-01,2018-04-30,28
3539103,Pirapora do Bom Jesus,SP,2019,1156.14,21.76,242,2018-09-01,2019-04-30,8
3539103,Pirapora do Bom Jesus,SP,2020,1119.16,21.26,243,2019-09-01,2020-04-30,12
3539103,Pirapora do Bom Jesus,SP,2021,691.92,21.98,242,2020-09-01,2021-04-30,19
3539103,Pirapora do Bom Jesus,SP,2022,1015.37,21.37,242,2021-09-01,2022-04-30,12
3539103,Pirapora do Bom Jesus,SP,2023,1308.23,20.46,242,2022-09-01,2023-04-30,7
3539103,Pirapora do Bom Jesus,SP,2024,894.85,23.27,243,2023-09-01,2024-04-30,13
3539103,Pirapora do Bom Jesus,SP,2025,775.9,22.58,242,2024-09-01,2025-04-30,14
3539103,Pirapora do Bom Jesus,SP,2026,754.23,21.95,242,2025-09-01,2026-04-30,20
3539202,Pirapozinho,SP,2010,1718.44,24.56,242,2009-09-01,2010-04-30,15
3539202,Pirapozinho,SP,2011,1298.5,24.51,242,2010-09-01,2011-04-30,16
3539202,Pirapozinho,SP,2012,851.67,25.39,243,2011-09-01,2012-04-30,12
3539202,Pirapozinho,SP,2013,1011.01,25.37,242,2012-09-01,2013-04-30,18
3539202,Pirapozinho,SP,2014,1007.62,25.28,242,2013-09-01,2014-04-30,12
3539202,Pirapozinho,SP,2015,1018.59,25.32,242,2014-09-01,2015-04-30,12
3539202,Pirapozinho,SP,2016,1616.89,25.15,243,2015-09-01,2016-04-30,24
3539202,Pirapozinho,SP,2017,886.2,24.55,242,2016-09-01,2017-04-30,13
3539202,Pirapozinho,SP,2018,1218.25,24.97,242,2017-09-01,2018-04-30,28
3539202,Pirapozinho,SP,2019,1035.46,25.52,242,2018-09-01,2019-04-30,14
3539202,Pirapozinho,SP,2020,856.66,26.1,243,2019-09-01,2020-04-30,16
3539202,Pirapozinho,SP,2021,688.9,26.23,242,2020-09-01,2021-04-30,19
3539202,Pirapozinho,SP,2022,850.55,26.03,242,2021-09-01,2022-04-30,10
3539202,Pirapozinho,SP,2023,1222.81,24.08,242,2022-09-01,2023-04-30,9
3539202,Pirapozinho,SP,2024,746.12,28.09,243,2023-09-01,2024-04-30,16
3539202,Pirapozinho,SP,2025,754.96,26.91,242,2024-09-01,2025-04-30,14
3539202,Pirapozinho,SP,2026,932.25,26.02,242,2025-09-01,2026-04-30,20
3539301,Pirassununga,SP,2010,1326.05,22.99,242,2009-09-01,2010-04-30,16
3539301,Pirassununga,SP,2011,1088.56,23.48,242,2010-09-01,2011-04-30,13
3539301,Pirassununga,SP,2012,971.16,23.36,243,2011-09-01,2012-04-30,16
3539301,Pirassununga,SP,2013,1187.62,23.47,242,2012-09-01,2013-04-30,19
3539301,Pirassununga,SP,2014,724.26,24.28,242,2013-09-01,2014-04-30,13
3539301,Pirassununga,SP,2015,992.76,23.85,242,2014-09-01,2015-04-30,19
3539301,Pirassununga,SP,2016,1286.2,24.0,243,2015-09-01,2016-04-30,28
3539301,Pirassununga,SP,2017,905.04,23.4,242,2016-09-01,2017-04-30,16
3539301,Pirassununga,SP,2018,908.81,23.97,242,2017-09-01,2018-04-30,28
3539301,Pirassununga,SP,2019,1094.55,23.68,242,2018-09-01,2019-04-30,13
3539301,Pirassununga,SP,2020,1036.59,23.98,243,2019-09-01,2020-04-30,19
3539301,Pirassununga,SP,2021,620.13,25.04,242,2020-09-01,2021-04-30,18
3539301,Pirassununga,SP,2022,1086.21,23.73,242,2021-09-01,2022-04-30,15
3539301,Pirassununga,SP,2023,1268.02,22.7,242,2022-09-01,2023-04-30,7
3539301,Pirassununga,SP,2024,782.98,26.26,243,2023-09-01,2024-04-30,12
3539301,Pirassununga,SP,2025,785.86,25.28,242,2024-09-01,2025-04-30,18
3539301,Pirassununga,SP,2026,872.0,24.14,242,2025-09-01,2026-04-30,21
3539400,Piratininga,SP,2010,1172.45,23.51,242,2009-09-01,2010-04-30,16
3539400,Piratininga,SP,2011,966.96,23.52,242,2010-09-01,2011-04-30,16
3539400,Piratininga,SP,2012,797.35,23.82,243,2011-09-01,2012-04-30,16
3539400,Piratininga,SP,2013,1026.73,23.89,242,2012-09-01,2013-04-30,18
3539400,Piratininga,SP,2014,741.38,24.14,242,2013-09-01,2014-04-30,12
3539400,Piratininga,SP,2015,975.27,24.1,242,2014-09-01,2015-04-30,18
3539400,Piratininga,SP,2016,1463.2,24.06,243,2015-09-01,2016-04-30,29
3539400,Piratininga,SP,2017,957.46,23.01,242,2016-09-01,2017-04-30,13
3539400,Piratininga,SP,2018,1007.72,23.81,242,2017-09-01,2018-04-30,28
3539400,Piratininga,SP,2019,987.54,24.24,242,2018-09-01,2019-04-30,14
3539400,Piratininga,SP,2020,772.47,24.74,243,2019-09-01,2020-04-30,17
3539400,Piratininga,SP,2021,629.64,24.96,242,2020-09-01,2021-04-30,16
3539400,Piratininga,SP,2022,940.53,24.29,242,2021-09-01,2022-04-30,10
3539400,Piratininga,SP,2023,971.35,23.11,242,2022-09-01,2023-04-30,9
3539400,Piratininga,SP,2024,667.7,26.55,243,2023-09-01,2024-04-30,12
3539400,Piratininga,SP,2025,686.26,25.51,242,2024-09-01,2025-04-30,23
3539400,Piratininga,SP,2026,766.53,24.56,242,2025-09-01,2026-04-30,20
3539509,Pitangueiras,SP,2010,1229.92,24.15,242,2009-09-01,2010-04-30,17
3539509,Pitangueiras,SP,2011,1293.38,24.29,242,2010-09-01,2011-04-30,12
3539509,Pitangueiras,SP,2012,1054.26,24.32,243,2011-09-01,2012-04-30,16
3539509,Pitangueiras,SP,2013,1120.66,24.65,242,2012-09-01,2013-04-30,19
3539509,Pitangueiras,SP,2014,802.92,25.21,242,2013-09-01,2014-04-30,11
3539509,Pitangueiras,SP,2015,933.1,25.15,242,2014-09-01,2015-04-30,21
3539509,Pitangueiras,SP,2016,1331.84,25.12,243,2015-09-01,2016-04-30,25
3539509,Pitangueiras,SP,2017,940.59,24.62,242,2016-09-01,2017-04-30,12
3539509,Pitangueiras,SP,2018,1081.33,24.93,242,2017-09-01,2018-04-30,27
3539509,Pitangueiras,SP,2019,1134.11,24.87,242,2018-09-01,2019-04-30,16
3539509,Pitangueiras,SP,2020,1073.79,25.24,243,2019-09-01,2020-04-30,18
3539509,Pitangueiras,SP,2021,570.11,26.39,242,2020-09-01,2021-04-30,20
3539509,Pitangueiras,SP,2022,1065.97,25.06,242,2021-09-01,2022-04-30,15
3539509,Pitangueiras,SP,2023,1257.48,24.04,242,2022-09-01,2023-04-30,9
3539509,Pitangueiras,SP,2024,800.27,27.54,243,2023-09-01,2024-04-30,12
3539509,Pitangueiras,SP,2025,971.9,26.3,242,2024-09-01,2025-04-30,19
3539509,Pitangueiras,SP,2026,1029.38,25.17,242,2025-09-01,2026-04-30,22
3539608,Planalto,SP,2010,1213.08,24.98,242,2009-09-01,2010-04-30,20
3539608,Planalto,SP,2011,1317.8,25.27,242,2010-09-01,2011-04-30,23
3539608,Planalto,SP,2012,782.57,25.64,243,2011-09-01,2012-04-30,11
3539608,Planalto,SP,2013,997.46,25.82,242,2012-09-01,2013-04-30,18
3539608,Planalto,SP,2014,719.34,26.28,242,2013-09-01,2014-04-30,15
3539608,Planalto,SP,2015,1010.96,26.0,242,2014-09-01,2015-04-30,17
3539608,Planalto,SP,2016,1271.01,25.94,243,2015-09-01,2016-04-30,30
3539608,Planalto,SP,2017,988.89,25.06,242,2016-09-01,2017-04-30,13
3539608,Planalto,SP,2018,1095.81,25.67,242,2017-09-01,2018-04-30,28
3539608,Planalto,SP,2019,959.29,26.28,242,2018-09-01,2019-04-30,14
3539608,Planalto,SP,2020,949.44,26.59,243,2019-09-01,2020-04-30,16
3539608,Planalto,SP,2021,580.34,27.65,242,2020-09-01,2021-04-30,16
3539608,Planalto,SP,2022,1001.93,26.26,242,2021-09-01,2022-04-30,16
3539608,Planalto,SP,2023,949.41,25.25,242,2022-09-01,2023-04-30,7
3539608,Planalto,SP,2024,653.88,29.17,243,2023-09-01,2024-04-30,16
3539608,Planalto,SP,2025,774.18,27.61,242,2024-09-01,2025-04-30,23
3539608,Planalto,SP,2026,768.97,26.99,242,2025-09-01,2026-04-30,21
3539707,Platina,SP,2010,1415.64,23.51,242,2009-09-01,2010-04-30,16
3539707,Platina,SP,2011,1030.23,23.6,242,2010-09-01,2011-04-30,16
3539707,Platina,SP,2012,764.12,24.32,243,2011-09-01,2012-04-30,13
3539707,Platina,SP,2013,962.4,24.23,242,2012-09-01,2013-04-30,18
3539707,Platina,SP,2014,891.27,24.22,242,2013-09-01,2014-04-30,15
3539707,Platina,SP,2015,1056.3,24.14,242,2014-09-01,2015-04-30,17
3539707,Platina,SP,2016,1698.87,24.05,243,2015-09-01,2016-04-30,13
3539707,Platina,SP,2017,974.85,23.06,242,2016-09-01,2017-04-30,12
3539707,Platina,SP,2018,1196.24,23.8,242,2017-09-01,2018-04-30,28
3539707,Platina,SP,2019,1119.78,24.18,242,2018-09-01,2019-04-30,14
3539707,Platina,SP,2020,896.41,24.94,243,2019-09-01,2020-04-30,17
3539707,Platina,SP,2021,697.17,25.19,242,2020-09-01,2021-04-30,20
3539707,Platina,SP,2022,931.0,24.71,242,2021-09-01,2022-04-30,16
3539707,Platina,SP,2023,1245.37,22.99,242,2022-09-01,2023-04-30,9
3539707,Platina,SP,2024,793.9,26.79,243,2023-09-01,2024-04-30,14
3539707,Platina,SP,2025,761.54,25.84,242,2024-09-01,2025-04-30,14
3539707,Platina,SP,2026,926.12,24.75,242,2025-09-01,2026-04-30,20
3539806,Poá,SP,2010,1708.0,21.63,242,2009-09-01,2010-04-30,11
3539806,Poá,SP,2011,1612.83,21.03,242,2010-09-01,2011-04-30,10
3539806,Poá,SP,2012,913.57,20.91,243,2011-09-01,2012-04-30,13
3539806,Poá,SP,2013,1041.98,21.64,242,2012-09-01,2013-04-30,16
3539806,Poá,SP,2014,762.83,22.06,242,2013-09-01,2014-04-30,15
3539806,Poá,SP,2015,814.52,22.19,242,2014-09-01,2015-04-30,16
3539806,Poá,SP,2016,1155.68,22.52,243,2015-09-01,2016-04-30,25
3539806,Poá,SP,2017,1111.08,21.41,242,2016-09-01,2017-04-30,14
3539806,Poá,SP,2018,885.1,21.83,242,2017-09-01,2018-04-30,28
3539806,Poá,SP,2019,1200.65,22.11,242,2018-09-01,2019-04-30,7
3539806,Poá,SP,2020,994.6,21.53,243,2019-09-01,2020-04-30,13
3539806,Poá,SP,2021,850.67,22.12,242,2020-09-01,2021-04-30,19
3539806,Poá,SP,2022,893.62,21.72,242,2021-09-01,2022-04-30,8
3539806,Poá,SP,2023,1193.78,20.94,242,2022-09-01,2023-04-30,7
3539806,Poá,SP,2024,993.45,23.35,243,2023-09-01,2024-04-30,12
3539806,Poá,SP,2025,845.8,22.73,242,2024-09-01,2025-04-30,14
3539806,Poá,SP,2026,748.72,22.2,242,2025-09-01,2026-04-30,19
3539905,Poloni,SP,2010,1213.08,24.98,242,2009-09-01,2010-04-30,20
3539905,Poloni,SP,2011,1317.8,25.27,242,2010-09-01,2011-04-30,23
3539905,Poloni,SP,2012,782.57,25.64,243,2011-09-01,2012-04-30,11
3539905,Poloni,SP,2013,997.46,25.82,242,2012-09-01,2013-04-30,18
3539905,Poloni,SP,2014,719.34,26.28,242,2013-09-01,2014-04-30,15
3539905,Poloni,SP,2015,1010.96,26.0,242,2014-09-01,2015-04-30,17
3539905,Poloni,SP,2016,1271.01,25.94,243,2015-09-01,2016-04-30,30
3539905,Poloni,SP,2017,988.89,25.06,242,2016-09-01,2017-04-30,13
3539905,Poloni,SP,2018,1095.81,25.67,242,2017-09-01,2018-04-30,28
3539905,Poloni,SP,2019,959.29,26.28,242,2018-09-01,2019-04-30,14
3539905,Poloni,SP,2020,949.44,26.59,243,2019-09-01,2020-04-30,16
3539905,Poloni,SP,2021,580.34,27.65,242,2020-09-01,2021-04-30,16
3539905,Poloni,SP,2022,1001.93,26.26,242,2021-09-01,2022-04-30,16
3539905,Poloni,SP,2023,949.41,25.25,242,2022-09-01,2023-04-30,7
3539905,Poloni,SP,2024,653.88,29.17,243,2023-09-01,2024-04-30,16
3539905,Poloni,SP,2025,774.18,27.61,242,2024-09-01,2025-04-30,23
3539905,Poloni,SP,2026,768.97,26.99,242,2025-09-01,2026-04-30,21
3540002,Pompéia,SP,2010,1268.54,24.07,242,2009-09-01,2010-04-30,16
3540002,Pompéia,SP,2011,1015.95,24.22,242,2010-09-01,2011-04-30,16
3540002,Pompéia,SP,2012,708.5,24.99,243,2011-09-01,2012-04-30,13
3540002,Pompéia,SP,2013,970.42,24.77,242,2012-09-01,2013-04-30,18
3540002,Pompéia,SP,2014,722.1,25.08,242,2013-09-01,2014-04-30,12
3540002,Pompéia,SP,2015,1036.1,24.83,242,2014-09-01,2015-04-30,17
3540002,Pompéia,SP,2016,1532.12,24.72,243,2015-09-01,2016-04-30,18
3540002,Pompéia,SP,2017,955.7,23.58,242,2016-09-01,2017-04-30,13
3540002,Pompéia,SP,2018,1139.51,24.42,242,2017-09-01,2018-04-30,28
3540002,Pompéia,SP,2019,1085.39,24.87,242,2018-09-01,2019-04-30,14
3540002,Pompéia,SP,2020,907.92,25.58,243,2019-09-01,2020-04-30,18
3540002,Pompéia,SP,2021,636.73,26.08,242,2020-09-01,2021-04-30,19
3540002,Pompéia,SP,2022,938.6,25.4,242,2021-09-01,2022-04-30,10
3540002,Pompéia,SP,2023,1082.16,23.89,242,2022-09-01,2023-04-30,9
3540002,Pompéia,SP,2024,773.4,27.59,243,2023-09-01,2024-04-30,12
3540002,Pompéia,SP,2025,773.68,26.51,242,2024-09-01,2025-04-30,14
3540002,Pompéia,SP,2026,865.11,25.49,242,2025-09-01,2026-04-30,21
3540101,Pongaí,SP,2010,1120.92,25.11,242,2009-09-01,2010-04-30,16
3540101,Pongaí,SP,2011,1120.39,25.4,242,2010-09-01,2011-04-30,16
3540101,Pongaí,SP,2012,784.6,25.73,243,2011-09-01,2012-04-30,14
3540101,Pongaí,SP,2013,996.32,25.75,242,2012-09-01,2013-04-30,17
3540101,Pongaí,SP,2014,702.95,26.26,242,2013-09-01,2014-04-30,12
3540101,Pongaí,SP,2015,857.69,26.11,242,2014-09-01,2015-04-30,23
3540101,Pongaí,SP,2016,1254.18,25.96,243,2015-09-01,2016-04-30,29
3540101,Pongaí,SP,2017,869.65,25.19,242,2016-09-01,2017-04-30,13
3540101,Pongaí,SP,2018,874.81,26.05,242,2017-09-01,2018-04-30,28
3540101,Pongaí,SP,2019,938.73,26.2,242,2018-09-01,2019-04-30,14
3540101,Pongaí,SP,2020,822.81,26.63,243,2019-09-01,2020-04-30,16
3540101,Pongaí,SP,2021,538.96,27.46,242,2020-09-01,2021-04-30,18
3540101,Pongaí,SP,2022,969.66,26.16,242,2021-09-01,2022-04-30,16
3540101,Pongaí,SP,2023,894.55,25.17,242,2022-09-01,2023-04-30,9
3540101,Pongaí,SP,2024,505.18,29.24,243,2023-09-01,2024-04-30,15
3540101,Pongaí,SP,2025,742.29,27.48,242,2024-09-01,2025-04-30,23
3540101,Pongaí,SP,2026,784.83,26.62,242,2025-09-01,2026-04-30,20
3540200,Pontal,SP,2010,1229.92,24.15,242,2009-09-01,2010-04-30,17
3540200,Pontal,SP,2011,1293.38,24.29,242,2010-09-01,2011-04-30,12
3540200,Pontal,SP,2012,1054.26,24.32,243,2011-09-01,2012-04-30,16
3540200,Pontal,SP,2013,1120.66,24.65,242,2012-09-01,2013-04-30,19
3540200,Pontal,SP,2014,802.92,25.21,242,2013-09-01,2014-04-30,11
3540200,Pontal,SP,2015,933.1,25.15,242,2014-09-01,2015-04-30,21
3540200,Pontal,SP,2016,1331.84,25.12,243,2015-09-01,2016-04-30,25
3540200,Pontal,SP,2017,940.59,24.62,242,2016-09-01,2017-04-30,12
3540200,Pontal,SP,2018,1081.33,24.93,242,2017-09-01,2018-04-30,27
3540200,Pontal,SP,2019,1134.11,24.87,242,2018-09-01,2019-04-30,16
3540200,Pontal,SP,2020,1073.79,25.24,243,2019-09-01,2020-04-30,18
3540200,Pontal,SP,2021,570.11,26.39,242,2020-09-01,2021-04-30,20
3540200,Pontal,SP,2022,1065.97,25.06,242,2021-09-01,2022-04-30,15
3540200,Pontal,SP,2023,1257.48,24.04,242,2022-09-01,2023-04-30,9
3540200,Pontal,SP,2024,800.27,27.54,243,2023-09-01,2024-04-30,12
3540200,Pontal,SP,2025,971.9,26.3,242,2024-09-01,2025-04-30,19
3540200,Pontal,SP,2026,1029.38,25.17,242,2025-09-01,2026-04-30,22
3540259,Pontalinda,SP,2010,1346.18,25.27,242,2009-09-01,2010-04-30,25
3540259,Pontalinda,SP,2011,1462.0,25.57,242,2010-09-01,2011-04-30,23
3540259,Pontalinda,SP,2012,903.31,25.89,243,2011-09-01,2012-04-30,11
3540259,Pontalinda,SP,2013,980.99,26.22,242,2012-09-01,2013-04-30,18
3540259,Pontalinda,SP,2014,821.59,26.6,242,2013-09-01,2014-04-30,14
3540259,Pontalinda,SP,2015,1119.3,26.19,242,2014-09-01,2015-04-30,17
3540259,Pontalinda,SP,2016,1259.66,26.28,243,2015-09-01,2016-04-30,30
3540259,Pontalinda,SP,2017,1096.46,25.39,242,2016-09-01,2017-04-30,13
3540259,Pontalinda,SP,2018,1157.68,25.87,242,2017-09-01,2018-04-30,28
3540259,Pontalinda,SP,2019,998.87,26.61,242,2018-09-01,2019-04-30,14
3540259,Pontalinda,SP,2020,942.26,27.01,243,2019-09-01,2020-04-30,17
3540259,Pontalinda,SP,2021,489.72,28.4,242,2020-09-01,2021-04-30,18
3540259,Pontalinda,SP,2022,972.46,26.75,242,2021-09-01,2022-04-30,16
3540259,Pontalinda,SP,2023,1070.0,25.59,242,2022-09-01,2023-04-30,9
3540259,Pontalinda,SP,2024,782.78,29.3,243,2023-09-01,2024-04-30,14
3540259,Pontalinda,SP,2025,805.05,27.93,242,2024-09-01,2025-04-30,22
3540259,Pontalinda,SP,2026,778.93,27.5,242,2025-09-01,2026-04-30,21
3540309,Pontes Gestal,SP,2010,1446.71,25.41,242,2009-09-01,2010-04-30,26
3540309,Pontes Gestal,SP,2011,1497.34,25.68,242,2010-09-01,2011-04-30,23
3540309,Pontes Gestal,SP,2012,971.5,25.9,243,2011-09-01,2012-04-30,18
3540309,Pontes Gestal,SP,2013,992.16,26.35,242,2012-09-01,2013-04-30,18
3540309,Pontes Gestal,SP,2014,848.28,26.56,242,2013-09-01,2014-04-30,11
3540309,Pontes Gestal,SP,2015,1131.65,26.31,242,2014-09-01,2015-04-30,16
3540309,Pontes Gestal,SP,2016,1142.76,26.64,243,2015-09-01,2016-04-30,23
3540309,Pontes Gestal,SP,2017,1143.73,25.72,242,2016-09-01,2017-04-30,13
3540309,Pontes Gestal,SP,2018,1127.18,26.16,242,2017-09-01,2018-04-30,28
3540309,Pontes Gestal,SP,2019,1075.6,26.52,242,2018-09-01,2019-04-30,14
3540309,Pontes Gestal,SP,2020,928.6,27.11,243,2019-09-01,2020-04-30,17
3540309,Pontes Gestal,SP,2021,558.34,28.07,242,2020-09-01,2021-04-30,20
3540309,Pontes Gestal,SP,2022,1060.07,26.75,242,2021-09-01,2022-04-30,16
3540309,Pontes Gestal,SP,2023,1267.64,25.78,242,2022-09-01,2023-04-30,9
3540309,Pontes Gestal,SP,2024,770.88,29.31,243,2023-09-01,2024-04-30,16
3540309,Pontes Gestal,SP,2025,758.24,28.03,242,2024-09-01,2025-04-30,39
3540309,Pontes Gestal,SP,2026,780.0,27.51,242,2025-09-01,2026-04-30,21
3540408,Populina,SP,2010,1468.55,25.4,242,2009-09-01,2010-04-30,26
3540408,Populina,SP,2011,1502.98,25.74,242,2010-09-01,2011-04-30,23
3540408,Populina,SP,2012,945.27,26.18,243,2011-09-01,2012-04-30,18
3540408,Populina,SP,2013,995.03,26.42,242,2012-09-01,2013-04-30,18
3540408,Populina,SP,2014,834.82,26.72,242,2013-09-01,2014-04-30,12
3540408,Populina,SP,2015,1124.29,26.27,242,2014-09-01,2015-04-30,16
3540408,Populina,SP,2016,1120.91,26.75,243,2015-09-01,2016-04-30,23
3540408,Populina,SP,2017,1130.85,25.65,242,2016-09-01,2017-04-30,13
3540408,Populina,SP,2018,1130.61,26.16,242,2017-09-01,2018-04-30,28
3540408,Populina,SP,2019,1083.96,26.57,242,2018-09-01,2019-04-30,13
3540408,Populina,SP,2020,917.22,27.21,243,2019-09-01,2020-04-30,17
3540408,Populina,SP,2021,535.28,28.32,242,2020-09-01,2021-04-30,20
3540408,Populina,SP,2022,1052.6,26.79,242,2021-09-01,2022-04-30,16
3540408,Populina,SP,2023,1222.73,25.72,242,2022-09-01,2023-04-30,9
3540408,Populina,SP,2024,761.74,29.44,243,2023-09-01,2024-04-30,14
3540408,Populina,SP,2025,751.1,28.16,242,2024-09-01,2025-04-30,39
3540408,Populina,SP,2026,739.06,27.73,242,2025-09-01,2026-04-30,21
3540507,Porangaba,SP,2010,1380.81,22.76,242,2009-09-01,2010-04-30,15
3540507,Porangaba,SP,2011,1103.0,22.55,242,2010-09-01,2011-04-30,16
3540507,Porangaba,SP,2012,910.59,22.75,243,2011-09-01,2012-04-30,22
3540507,Porangaba,SP,2013,1104.2,23.08,242,2012-09-01,2013-04-30,18
3540507,Porangaba,SP,2014,679.75,23.6,242,2013-09-01,2014-04-30,12
3540507,Porangaba,SP,2015,871.73,23.73,242,2014-09-01,2015-04-30,17
3540507,Porangaba,SP,2016,1291.57,23.69,243,2015-09-01,2016-04-30,19
3540507,Porangaba,SP,2017,920.81,22.65,242,2016-09-01,2017-04-30,13
3540507,Porangaba,SP,2018,964.33,23.17,242,2017-09-01,2018-04-30,28
3540507,Porangaba,SP,2019,1029.69,23.55,242,2018-09-01,2019-04-30,14
3540507,Porangaba,SP,2020,804.62,23.62,243,2019-09-01,2020-04-30,16
3540507,Porangaba,SP,2021,554.68,24.43,242,2020-09-01,2021-04-30,21
3540507,Porangaba,SP,2022,930.02,23.55,242,2021-09-01,2022-04-30,10
3540507,Porangaba,SP,2023,973.35,22.45,242,2022-09-01,2023-04-30,9
3540507,Porangaba,SP,2024,698.86,25.79,243,2023-09-01,2024-04-30,12
3540507,Porangaba,SP,2025,621.24,24.94,242,2024-09-01,2025-04-30,14
3540507,Porangaba,SP,2026,632.04,24.24,242,2025-09-01,2026-04-30,20
3540606,Porto Feliz,SP,2010,1443.1,22.87,242,2009-09-01,2010-04-30,14
3540606,Porto Feliz,SP,2011,1109.65,22.87,242,2010-09-01,2011-04-30,14
3540606,Porto Feliz,SP,2012,925.98,23.0,243,2011-09-01,2012-04-30,22
3540606,Porto Feliz,SP,2013,1093.02,23.28,242,2012-09-01,2013-04-30,19
3540606,Porto Feliz,SP,2014,688.23,23.98,242,2013-09-01,2014-04-30,12
3540606,Porto Feliz,SP,2015,885.74,23.87,242,2014-09-01,2015-04-30,17
3540606,Porto Feliz,SP,2016,1259.92,23.88,243,2015-09-01,2016-04-30,27
3540606,Porto Feliz,SP,2017,1009.69,22.97,242,2016-09-01,2017-04-30,16
3540606,Porto Feliz,SP,2018,877.03,23.6,242,2017-09-01,2018-04-30,28
3540606,Porto Feliz,SP,2019,1143.22,23.61,242,2018-09-01,2019-04-30,14
3540606,Porto Feliz,SP,2020,999.25,23.59,243,2019-09-01,2020-04-30,16
3540606,Porto Feliz,SP,2021,590.56,24.63,242,2020-09-01,2021-04-30,21
3540606,Porto Feliz,SP,2022,921.43,23.75,242,2021-09-01,2022-04-30,14
3540606,Porto Feliz,SP,2023,1143.79,22.48,242,2022-09-01,2023-04-30,9
3540606,Porto Feliz,SP,2024,780.23,25.89,243,2023-09-01,2024-04-30,12
3540606,Porto Feliz,SP,2025,698.98,25.04,242,2024-09-01,2025-04-30,17
3540606,Porto Feliz,SP,2026,733.68,24.31,242,2025-09-01,2026-04-30,20
3540705,Porto Ferreira,SP,2010,1326.05,22.99,242,2009-09-01,2010-04-30,16
3540705,Porto Ferreira,SP,2011,1088.56,23.48,242,2010-09-01,2011-04-30,13
3540705,Porto Ferreira,SP,2012,971.16,23.36,243,2011-09-01,2012-04-30,16
3540705,Porto Ferreira,SP,2013,1187.62,23.47,242,2012-09-01,2013-04-30,19
3540705,Porto Ferreira,SP,2014,724.26,24.28,242,2013-09-01,2014-04-30,13
3540705,Porto Ferreira,SP,2015,992.76,23.85,242,2014-09-01,2015-04-30,19
3540705,Porto Ferreira,SP,2016,1286.2,24.0,243,2015-09-01,2016-04-30,28
3540705,Porto Ferreira,SP,2017,905.04,23.4,242,2016-09-01,2017-04-30,16
3540705,Porto Ferreira,SP,2018,908.81,23.97,242,2017-09-01,2018-04-30,28
3540705,Porto Ferreira,SP,2019,1094.55,23.68,242,2018-09-01,2019-04-30,13
3540705,Porto Ferreira,SP,2020,1036.59,23.98,243,2019-09-01,2020-04-30,19
3540705,Porto Ferreira,SP,2021,620.13,25.04,242,2020-09-01,2021-04-30,18
3540705,Porto Ferreira,SP,2022,1086.21,23.73,242,2021-09-01,2022-04-30,15
3540705,Porto Ferreira,SP,2023,1268.02,22.7,242,2022-09-01,2023-04-30,7
3540705,Porto Ferreira,SP,2024,782.98,26.26,243,2023-09-01,2024-04-30,12
3540705,Porto Ferreira,SP,2025,785.86,25.28,242,2024-09-01,2025-04-30,18
3540705,Porto Ferreira,SP,2026,872.0,24.14,242,2025-09-01,2026-04-30,21
3540754,Potim,SP,2010,1524.1,21.31,242,2009-09-01,2010-04-30,12
3540754,Potim,SP,2011,1407.82,20.75,242,2010-09-01,2011-04-30,11
3540754,Potim,SP,2012,1045.87,20.28,243,2011-09-01,2012-04-30,13
3540754,Potim,SP,2013,1144.67,21.12,242,2012-09-01,2013-04-30,16
3540754,Potim,SP,2014,860.5,21.35,242,2013-09-01,2014-04-30,20
3540754,Potim,SP,2015,789.52,21.7,242,2014-09-01,2015-04-30,15
3540754,Potim,SP,2016,1303.96,22.03,243,2015-09-01,2016-04-30,24
3540754,Potim,SP,2017,1206.04,20.77,242,2016-09-01,2017-04-30,15
3540754,Potim,SP,2018,1149.53,21.13,242,2017-09-01,2018-04-30,26
3540754,Potim,SP,2019,1383.66,21.33,242,2018-09-01,2019-04-30,8
3540754,Potim,SP,2020,901.62,21.04,243,2019-09-01,2020-04-30,14
3540754,Potim,SP,2021,982.13,21.56,242,2020-09-01,2021-04-30,19
3540754,Potim,SP,2022,1003.25,21.07,242,2021-09-01,2022-04-30,10
3540754,Potim,SP,2023,1257.81,20.46,242,2022-09-01,2023-04-30,7
3540754,Potim,SP,2024,986.21,22.79,243,2023-09-01,2024-04-30,10
3540754,Potim,SP,2025,902.17,22.15,242,2024-09-01,2025-04-30,19
3540754,Potim,SP,2026,754.78,21.51,242,2025-09-01,2026-04-30,17
3540804,Potirendaba,SP,2010,1105.87,24.68,242,2009-09-01,2010-04-30,17
3540804,Potirendaba,SP,2011,1214.77,25.07,242,2010-09-01,2011-04-30,16
3540804,Potirendaba,SP,2012,872.96,25.22,243,2011-09-01,2012-04-30,14
3540804,Potirendaba,SP,2013,1027.94,25.45,242,2012-09-01,2013-04-30,16
3540804,Potirendaba,SP,2014,828.87,25.71,242,2013-09-01,2014-04-30,16
3540804,Potirendaba,SP,2015,836.03,25.94,242,2014-09-01,2015-04-30,19
3540804,Potirendaba,SP,2016,1208.83,25.66,243,2015-09-01,2016-04-30,28
3540804,Potirendaba,SP,2017,897.37,25.01,242,2016-09-01,2017-04-30,13
3540804,Potirendaba,SP,2018,992.26,25.51,242,2017-09-01,2018-04-30,28
3540804,Potirendaba,SP,2019,943.31,25.91,242,2018-09-01,2019-04-30,15
3540804,Potirendaba,SP,2020,948.71,26.18,243,2019-09-01,2020-04-30,16
3540804,Potirendaba,SP,2021,648.53,27.03,242,2020-09-01,2021-04-30,18
3540804,Potirendaba,SP,2022,1070.52,25.65,242,2021-09-01,2022-04-30,16
3540804,Potirendaba,SP,2023,1019.01,24.81,242,2022-09-01,2023-04-30,7
3540804,Potirendaba,SP,2024,642.35,28.83,243,2023-09-01,2024-04-30,16
3540804,Potirendaba,SP,2025,840.27,27.01,242,2024-09-01,2025-04-30,23
3540804,Potirendaba,SP,2026,871.3,26.24,242,2025-09-01,2026-04-30,20
3540853,Pracinha,SP,2010,1570.07,24.33,242,2009-09-01,2010-04-30,15
3540853,Pracinha,SP,2011,1251.02,24.48,242,2010-09-01,2011-04-30,16
3540853,Pracinha,SP,2012,871.98,25.57,243,2011-09-01,2012-04-30,12
3540853,Pracinha,SP,2013,1067.01,25.38,242,2012-09-01,2013-04-30,18
3540853,Pracinha,SP,2014,945.92,25.47,242,2013-09-01,2014-04-30,16
3540853,Pracinha,SP,2015,1057.46,25.39,242,2014-09-01,2015-04-30,17
3540853,Pracinha,SP,2016,1495.66,25.08,243,2015-09-01,2016-04-30,29
3540853,Pracinha,SP,2017,865.02,24.47,242,2016-09-01,2017-04-30,13
3540853,Pracinha,SP,2018,1219.68,24.87,242,2017-09-01,2018-04-30,28
3540853,Pracinha,SP,2019,1001.07,25.7,242,2018-09-01,2019-04-30,14
3540853,Pracinha,SP,2020,883.99,26.4,243,2019-09-01,2020-04-30,16
3540853,Pracinha,SP,2021,657.07,26.82,242,2020-09-01,2021-04-30,27
3540853,Pracinha,SP,2022,829.39,26.4,242,2021-09-01,2022-04-30,10
3540853,Pracinha,SP,2023,1164.8,24.3,242,2022-09-01,2023-04-30,9
3540853,Pracinha,SP,2024,746.71,28.55,243,2023-09-01,2024-04-30,16
3540853,Pracinha,SP,2025,809.03,27.24,242,2024-09-01,2025-04-30,14
3540853,Pracinha,SP,2026,881.23,26.36,242,2025-09-01,2026-04-30,20
3540903,Pradópolis,SP,2010,1209.17,23.56,242,2009-09-01,2010-04-30,16
3540903,Pradópolis,SP,2011,1191.52,23.92,242,2010-09-01,2011-04-30,12
3540903,Pradópolis,SP,2012,1000.27,23.86,243,2011-09-01,2012-04-30,16
3540903,Pradópolis,SP,2013,1104.44,24.11,242,2012-09-01,2013-04-30,19
3540903,Pradópolis,SP,2014,726.02,24.86,242,2013-09-01,2014-04-30,11
3540903,Pradópolis,SP,2015,896.63,24.61,242,2014-09-01,2015-04-30,19
3540903,Pradópolis,SP,2016,1279.62,24.56,243,2015-09-01,2016-04-30,27
3540903,Pradópolis,SP,2017,901.64,23.94,242,2016-09-01,2017-04-30,12
3540903,Pradópolis,SP,2018,966.68,24.5,242,2017-09-01,2018-04-30,28
3540903,Pradópolis,SP,2019,1053.47,24.37,242,2018-09-01,2019-04-30,14
3540903,Pradópolis,SP,2020,988.92,24.73,243,2019-09-01,2020-04-30,18
3540903,Pradópolis,SP,2021,501.23,25.99,242,2020-09-01,2021-04-30,19
3540903,Pradópolis,SP,2022,928.43,24.68,242,2021-09-01,2022-04-30,16
3540903,Pradópolis,SP,2023,1045.32,23.58,242,2022-09-01,2023-04-30,9
3540903,Pradópolis,SP,2024,666.56,27.26,243,2023-09-01,2024-04-30,12
3540903,Pradópolis,SP,2025,885.2,25.77,242,2024-09-01,2025-04-30,19
3540903,Pradópolis,SP,2026,902.44,24.76,242,2025-09-01,2026-04-30,20
3541000,Praia Grande,SP,2010,1817.02,24.28,242,2009-09-01,2010-04-30,11
3541000,Praia Grande,SP,2011,1702.96,23.34,242,2010-09-01,2011-04-30,6
3541000,Praia Grande,SP,2012,760.36,22.85,243,2011-09-01,2012-04-30,13
3541000,Praia Grande,SP,2013,906.25,23.77,242,2012-09-01,2013-04-30,16
3541000,Praia Grande,SP,2014,731.37,23.91,242,2013-09-01,2014-04-30,15
3541000,Praia Grande,SP,2015,705.47,24.2,242,2014-09-01,2015-04-30,14
3541000,Praia Grande,SP,2016,1221.89,24.48,243,2015-09-01,2016-04-30,25
3541000,Praia Grande,SP,2017,982.71,23.76,242,2016-09-01,2017-04-30,11
3541000,Praia Grande,SP,2018,803.52,23.93,242,2017-09-01,2018-04-30,27
3541000,Praia Grande,SP,2019,994.81,24.52,242,2018-09-01,2019-04-30,8
3541000,Praia Grande,SP,2020,949.7,23.41,243,2019-09-01,2020-04-30,13
3541000,Praia Grande,SP,2021,1079.4,23.98,242,2020-09-01,2021-04-30,19
3541000,Praia Grande,SP,2022,884.17,23.5,242,2021-09-01,2022-04-30,12
3541000,Praia Grande,SP,2023,1233.21,23.34,242,2022-09-01,2023-04-30,11
3541000,Praia Grande,SP,2024,1098.21,24.82,243,2023-09-01,2024-04-30,12
3541000,Praia Grande,SP,2025,1026.79,24.21,242,2024-09-01,2025-04-30,18
3541000,Praia Grande,SP,2026,688.76,23.9,242,2025-09-01,2026-04-30,22
3541059,Pratânia,SP,2010,1258.23,22.2,242,2009-09-01,2010-04-30,16
3541059,Pratânia,SP,2011,1056.31,22.03,242,2010-09-01,2011-04-30,16
3541059,Pratânia,SP,2012,883.1,22.06,243,2011-09-01,2012-04-30,22
3541059,Pratânia,SP,2013,1119.2,22.36,242,2012-09-01,2013-04-30,18
3541059,Pratânia,SP,2014,721.53,22.59,242,2013-09-01,2014-04-30,12
3541059,Pratânia,SP,2015,948.01,22.77,242,2014-09-01,2015-04-30,18
3541059,Pratânia,SP,2016,1360.49,22.93,243,2015-09-01,2016-04-30,19
3541059,Pratânia,SP,2017,903.85,21.87,242,2016-09-01,2017-04-30,13
3541059,Pratânia,SP,2018,1071.34,22.31,242,2017-09-01,2018-04-30,28
3541059,Pratânia,SP,2019,984.79,22.79,242,2018-09-01,2019-04-30,14
3541059,Pratânia,SP,2020,714.91,23.09,243,2019-09-01,2020-04-30,17
3541059,Pratânia,SP,2021,616.33,23.4,242,2020-09-01,2021-04-30,16
3541059,Pratânia,SP,2022,930.98,22.78,242,2021-09-01,2022-04-30,14
3541059,Pratânia,SP,2023,938.68,21.72,242,2022-09-01,2023-04-30,9
3541059,Pratânia,SP,2024,714.58,24.81,243,2023-09-01,2024-04-30,14
3541059,Pratânia,SP,2025,633.99,24.0,242,2024-09-01,2025-04-30,15
3541059,Pratânia,SP,2026,631.44,23.26,242,2025-09-01,2026-04-30,20
3541109,Presidente Alves,SP,2010,1122.86,24.13,242,2009-09-01,2010-04-30,16
3541109,Presidente Alves,SP,2011,1000.22,24.37,242,2010-09-01,2011-04-30,16
3541109,Presidente Alves,SP,2012,701.24,24.95,243,2011-09-01,2012-04-30,16
3541109,Presidente Alves,SP,2013,973.65,24.73,242,2012-09-01,2013-04-30,18
3541109,Presidente Alves,SP,2014,639.5,25.32,242,2013-09-01,2014-04-30,12
3541109,Presidente Alves,SP,2015,936.77,24.94,242,2014-09-01,2015-04-30,22
3541109,Presidente Alves,SP,2016,1385.93,24.77,243,2015-09-01,2016-04-30,30
3541109,Presidente Alves,SP,2017,927.72,23.88,242,2016-09-01,2017-04-30,26
3541109,Presidente Alves,SP,2018,915.16,24.84,242,2017-09-01,2018-04-30,28
3541109,Presidente Alves,SP,2019,982.73,25.04,242,2018-09-01,2019-04-30,14
3541109,Presidente Alves,SP,2020,798.9,25.65,243,2019-09-01,2020-04-30,17
3541109,Presidente Alves,SP,2021,563.23,26.29,242,2020-09-01,2021-04-30,18
3541109,Presidente Alves,SP,2022,940.98,25.14,242,2021-09-01,2022-04-30,16
3541109,Presidente Alves,SP,2023,896.13,24.1,242,2022-09-01,2023-04-30,9
3541109,Presidente Alves,SP,2024,569.16,28.02,243,2023-09-01,2024-04-30,12
3541109,Presidente Alves,SP,2025,704.24,26.53,242,2024-09-01,2025-04-30,23
3541109,Presidente Alves,SP,2026,755.14,25.58,242,2025-09-01,2026-04-30,21
3541208,Presidente Bernardes,SP,2010,1570.07,24.33,242,2009-09-01,2010-04-30,15
3541208,Presidente Bernardes,SP,2011,1251.02,24.48,242,2010-09-01,2011-04-30,16
3541208,Presidente Bernardes,SP,2012,871.98,25.57,243,2011-09-01,2012-04-30,12
3541208,Presidente Bernardes,SP,2013,1067.01,25.38,242,2012-09-01,2013-04-30,18
3541208,Presidente Bernardes,SP,2014,945.92,25.47,242,2013-09-01,2014-04-30,16
3541208,Presidente Bernardes,SP,2015,1057.46,25.39,242,2014-09-01,2015-04-30,17
3541208,Presidente Bernardes,SP,2016,1495.66,25.08,243,2015-09-01,2016-04-30,29
3541208,Presidente Bernardes,SP,2017,865.02,24.47,242,2016-09-01,2017-04-30,13
3541208,Presidente Bernardes,SP,2018,1219.68,24.87,242,2017-09-01,2018-04-30,28
3541208,Presidente Bernardes,SP,2019,1001.07,25.7,242,2018-09-01,2019-04-30,14
3541208,Presidente Bernardes,SP,2020,883.99,26.4,243,2019-09-01,2020-04-30,16
3541208,Presidente Bernardes,SP,2021,657.07,26.82,242,2020-09-01,2021-04-30,27
3541208,Presidente Bernardes,SP,2022,829.39,26.4,242,2021-09-01,2022-04-30,10
3541208,Presidente Bernardes,SP,2023,1164.8,24.3,242,2022-09-01,2023-04-30,9
3541208,Presidente Bernardes,SP,2024,746.71,28.55,243,2023-09-01,2024-04-30,16
3541208,Presidente Bernardes,SP,2025,809.03,27.24,242,2024-09-01,2025-04-30,14
3541208,Presidente Bernardes,SP,2026,881.23,26.36,242,2025-09-01,2026-04-30,20
3541307,Presidente Epitácio,SP,2010,1605.86,24.63,242,2009-09-01,2010-04-30,15
3541307,Presidente Epitácio,SP,2011,1293.98,24.78,242,2010-09-01,2011-04-30,16
3541307,Presidente Epitácio,SP,2012,870.19,25.95,243,2011-09-01,2012-04-30,13
3541307,Presidente Epitácio,SP,2013,1054.78,25.78,242,2012-09-01,2013-04-30,18
3541307,Presidente Epitácio,SP,2014,966.62,25.77,242,2013-09-01,2014-04-30,16
3541307,Presidente Epitácio,SP,2015,1034.6,25.84,242,2014-09-01,2015-04-30,17
3541307,Presidente Epitácio,SP,2016,1419.83,25.41,243,2015-09-01,2016-04-30,29
3541307,Presidente Epitácio,SP,2017,845.76,25.1,242,2016-09-01,2017-04-30,13
3541307,Presidente Epitácio,SP,2018,1153.3,25.34,242,2017-09-01,2018-04-30,28
3541307,Presidente Epitácio,SP,2019,932.28,26.29,242,2018-09-01,2019-04-30,14
3541307,Presidente Epitácio,SP,2020,845.55,26.83,243,2019-09-01,2020-04-30,16
3541307,Presidente Epitácio,SP,2021,696.68,27.08,242,2020-09-01,2021-04-30,27
3541307,Presidente Epitácio,SP,2022,787.16,26.85,242,2021-09-01,2022-04-30,10
3541307,Presidente Epitácio,SP,2023,1127.53,24.71,242,2022-09-01,2023-04-30,9
3541307,Presidente Epitácio,SP,2024,710.01,28.95,243,2023-09-01,2024-04-30,14
3541307,Presidente Epitácio,SP,2025,802.21,27.63,242,2024-09-01,2025-04-30,14
3541307,Presidente Epitácio,SP,2026,845.02,26.84,242,2025-09-01,2026-04-30,20
3541406,Presidente Prudente,SP,2010,1570.07,24.33,242,2009-09-01,2010-04-30,15
3541406,Presidente Prudente,SP,2011,1251.02,24.48,242,2010-09-01,2011-04-30,16
3541406,Presidente Prudente,SP,2012,871.98,25.57,243,2011-09-01,2012-04-30,12
3541406,Presidente Prudente,SP,2013,1067.01,25.38,242,2012-09-01,2013-04-30,18
3541406,Presidente Prudente,SP,2014,945.92,25.47,242,2013-09-01,2014-04-30,16
3541406,Presidente Prudente,SP,2015,1057.46,25.39,242,2014-09-01,2015-04-30,17
3541406,Presidente Prudente,SP,2016,1495.66,25.08,243,2015-09-01,2016-04-30,29
3541406,Presidente Prudente,SP,2017,865.02,24.47,242,2016-09-01,2017-04-30,13
3541406,Presidente Prudente,SP,2018,1219.68,24.87,242,2017-09-01,2018-04-30,28
3541406,Presidente Prudente,SP,2019,1001.07,25.7,242,2018-09-01,2019-04-30,14
3541406,Presidente Prudente,SP,2020,883.99,26.4,243,2019-09-01,2020-04-30,16
3541406,Presidente Prudente,SP,2021,657.07,26.82,242,2020-09-01,2021-04-30,27
3541406,Presidente Prudente,SP,2022,829.39,26.4,242,2021-09-01,2022-04-30,10
3541406,Presidente Prudente,SP,2023,1164.8,24.3,242,2022-09-01,2023-04-30,9
3541406,Presidente Prudente,SP,2024,746.71,28.55,243,2023-09-01,2024-04-30,16
3541406,Presidente Prudente,SP,2025,809.03,27.24,242,2024-09-01,2025-04-30,14
3541406,Presidente Prudente,SP,2026,881.23,26.36,242,2025-09-01,2026-04-30,20
3541505,Presidente Venceslau,SP,2010,1605.86,24.63,242,2009-09-01,2010-04-30,15
3541505,Presidente Venceslau,SP,2011,1293.98,24.78,242,2010-09-01,2011-04-30,16
3541505,Presidente Venceslau,SP,2012,870.19,25.95,243,2011-09-01,2012-04-30,13
3541505,Presidente Venceslau,SP,2013,1054.78,25.78,242,2012-09-01,2013-04-30,18
3541505,Presidente Venceslau,SP,2014,966.62,25.77,242,2013-09-01,2014-04-30,16
3541505,Presidente Venceslau,SP,2015,1034.6,25.84,242,2014-09-01,2015-04-30,17
3541505,Presidente Venceslau,SP,2016,1419.83,25.41,243,2015-09-01,2016-04-30,29
3541505,Presidente Venceslau,SP,2017,845.76,25.1,242,2016-09-01,2017-04-30,13
3541505,Presidente Venceslau,SP,2018,1153.3,25.34,242,2017-09-01,2018-04-30,28
3541505,Presidente Venceslau,SP,2019,932.28,26.29,242,2018-09-01,2019-04-30,14
3541505,Presidente Venceslau,SP,2020,845.55,26.83,243,2019-09-01,2020-04-30,16
3541505,Presidente Venceslau,SP,2021,696.68,27.08,242,2020-09-01,2021-04-30,27
3541505,Presidente Venceslau,SP,2022,787.16,26.85,242,2021-09-01,2022-04-30,10
3541505,Presidente Venceslau,SP,2023,1127.53,24.71,242,2022-09-01,2023-04-30,9
3541505,Presidente Venceslau,SP,2024,710.01,28.95,243,2023-09-01,2024-04-30,14
3541505,Presidente Venceslau,SP,2025,802.21,27.63,242,2024-09-01,2025-04-30,14
3541505,Presidente Venceslau,SP,2026,845.02,26.84,242,2025-09-01,2026-04-30,20
3541604,Promissão,SP,2010,1204.83,24.83,242,2009-09-01,2010-04-30,17
3541604,Promissão,SP,2011,1130.19,25.01,242,2010-09-01,2011-04-30,16
3541604,Promissão,SP,2012,711.59,25.7,243,2011-09-01,2012-04-30,13
3541604,Promissão,SP,2013,992.6,25.53,242,2012-09-01,2013-04-30,18
3541604,Promissão,SP,2014,629.95,26.09,242,2013-09-01,2014-04-30,12
3541604,Promissão,SP,2015,1005.2,25.72,242,2014-09-01,2015-04-30,18
3541604,Promissão,SP,2016,1372.47,25.62,243,2015-09-01,2016-04-30,30
3541604,Promissão,SP,2017,954.66,24.57,242,2016-09-01,2017-04-30,13
3541604,Promissão,SP,2018,1106.34,25.35,242,2017-09-01,2018-04-30,28
3541604,Promissão,SP,2019,1021.8,25.82,242,2018-09-01,2019-04-30,14
3541604,Promissão,SP,2020,928.34,26.33,243,2019-09-01,2020-04-30,16
3541604,Promissão,SP,2021,581.98,27.22,242,2020-09-01,2021-04-30,18
3541604,Promissão,SP,2022,912.03,26.26,242,2021-09-01,2022-04-30,15
3541604,Promissão,SP,2023,934.91,24.96,242,2022-09-01,2023-04-30,9
3541604,Promissão,SP,2024,662.85,28.84,243,2023-09-01,2024-04-30,16
3541604,Promissão,SP,2025,734.19,27.52,242,2024-09-01,2025-04-30,15
3541604,Promissão,SP,2026,776.7,26.63,242,2025-09-01,2026-04-30,21
3541653,Quadra,SP,2010,1510.94,22.03,242,2009-09-01,2010-04-30,13
3541653,Quadra,SP,2011,1185.79,21.61,242,2010-09-01,2011-04-30,8
3541653,Quadra,SP,2012,863.82,21.82,243,2011-09-01,2012-04-30,22
3541653,Quadra,SP,2013,1016.67,22.28,242,2012-09-01,2013-04-30,18
3541653,Quadra,SP,2014,695.8,22.76,242,2013-09-01,2014-04-30,13
3541653,Quadra,SP,2015,836.99,22.97,242,2014-09-01,2015-04-30,17
3541653,Quadra,SP,2016,1273.12,23.0,243,2015-09-01,2016-04-30,29
3541653,Quadra,SP,2017,1006.51,21.85,242,2016-09-01,2017-04-30,13
3541653,Quadra,SP,2018,997.62,22.22,242,2017-09-01,2018-04-30,28
3541653,Quadra,SP,2019,1054.59,22.75,242,2018-09-01,2019-04-30,15
3541653,Quadra,SP,2020,875.42,22.51,243,2019-09-01,2020-04-30,16
3541653,Quadra,SP,2021,616.28,23.27,242,2020-09-01,2021-04-30,20
3541653,Quadra,SP,2022,963.03,22.63,242,2021-09-01,2022-04-30,13
3541653,Quadra,SP,2023,1092.75,21.48,242,2022-09-01,2023-04-30,8
3541653,Quadra,SP,2024,754.75,24.58,243,2023-09-01,2024-04-30,12
3541653,Quadra,SP,2025,681.39,23.89,242,2024-09-01,2025-04-30,14
3541653,Quadra,SP,2026,583.02,23.37,242,2025-09-01,2026-04-30,20
3541703,Quatá,SP,2010,1367.74,24.22,242,2009-09-01,2010-04-30,15
3541703,Quatá,SP,2011,1074.29,24.34,242,2010-09-01,2011-04-30,16
3541703,Quatá,SP,2012,745.01,25.41,243,2011-09-01,2012-04-30,13
3541703,Quatá,SP,2013,1004.34,25.07,242,2012-09-01,2013-04-30,18
3541703,Quatá,SP,2014,783.29,25.34,242,2013-09-01,2014-04-30,12
3541703,Quatá,SP,2015,1051.45,25.1,242,2014-09-01,2015-04-30,21
3541703,Quatá,SP,2016,1556.5,24.89,243,2015-09-01,2016-04-30,18
3541703,Quatá,SP,2017,924.04,23.79,242,2016-09-01,2017-04-30,12
3541703,Quatá,SP,2018,1202.02,24.56,242,2017-09-01,2018-04-30,28
3541703,Quatá,SP,2019,1097.67,25.08,242,2018-09-01,2019-04-30,14
3541703,Quatá,SP,2020,927.79,25.95,243,2019-09-01,2020-04-30,17
3541703,Quatá,SP,2021,648.32,26.43,242,2020-09-01,2021-04-30,19
3541703,Quatá,SP,2022,942.05,25.83,242,2021-09-01,2022-04-30,10
3541703,Quatá,SP,2023,1136.0,24.1,242,2022-09-01,2023-04-30,9
3541703,Quatá,SP,2024,796.54,28.01,243,2023-09-01,2024-04-30,16
3541703,Quatá,SP,2025,790.43,26.95,242,2024-09-01,2025-04-30,14
3541703,Quatá,SP,2026,890.38,25.91,242,2025-09-01,2026-04-30,20
3541802,Queiroz,SP,2010,1268.54,24.07,242,2009-09-01,2010-04-30,16
3541802,Queiroz,SP,2011,1015.95,24.22,242,2010-09-01,2011-04-30,16
3541802,Queiroz,SP,2012,708.5,24.99,243,2011-09-01,2012-04-30,13
3541802,Queiroz,SP,2013,970.42,24.77,242,2012-09-01,2013-04-30,18
3541802,Queiroz,SP,2014,722.1,25.08,242,2013-09-01,2014-04-30,12
3541802,Queiroz,SP,2015,1036.1,24.83,242,2014-09-01,2015-04-30,17
3541802,Queiroz,SP,2016,1532.12,24.72,243,2015-09-01,2016-04-30,18
3541802,Queiroz,SP,2017,955.7,23.58,242,2016-09-01,2017-04-30,13
3541802,Queiroz,SP,2018,1139.51,24.42,242,2017-09-01,2018-04-30,28
3541802,Queiroz,SP,2019,1085.39,24.87,242,2018-09-01,2019-04-30,14
3541802,Queiroz,SP,2020,907.92,25.58,243,2019-09-01,2020-04-30,18
3541802,Queiroz,SP,2021,636.73,26.08,242,2020-09-01,2021-04-30,19
3541802,Queiroz,SP,2022,938.6,25.4,242,2021-09-01,2022-04-30,10
3541802,Queiroz,SP,2023,1082.16,23.89,242,2022-09-01,2023-04-30,9
3541802,Queiroz,SP,2024,773.4,27.59,243,2023-09-01,2024-04-30,12
3541802,Queiroz,SP,2025,773.68,26.51,242,2024-09-01,2025-04-30,14
3541802,Queiroz,SP,2026,865.11,25.49,242,2025-09-01,2026-04-30,21
3541901,Queluz,SP,2010,1460.74,20.55,242,2009-09-01,2010-04-30,13
3541901,Queluz,SP,2011,1573.48,20.15,242,2010-09-01,2011-04-30,13
3541901,Queluz,SP,2012,1103.05,19.65,243,2011-09-01,2012-04-30,17
3541901,Queluz,SP,2013,1175.26,20.47,242,2012-09-01,2013-04-30,19
3541901,Queluz,SP,2014,826.48,20.77,242,2013-09-01,2014-04-30,20
3541901,Queluz,SP,2015,723.01,21.27,242,2014-09-01,2015-04-30,16
3541901,Queluz,SP,2016,1279.06,21.62,243,2015-09-01,2016-04-30,24
3541901,Queluz,SP,2017,1158.3,20.26,242,2016-09-01,2017-04-30,14
3541901,Queluz,SP,2018,1138.88,20.54,242,2017-09-01,2018-04-30,26
3541901,Queluz,SP,2019,1267.09,20.78,242,2018-09-01,2019-04-30,9
3541901,Queluz,SP,2020,1061.58,20.58,243,2019-09-01,2020-04-30,16
3541901,Queluz,SP,2021,927.19,21.12,242,2020-09-01,2021-04-30,19
3541901,Queluz,SP,2022,1081.46,20.58,242,2021-09-01,2022-04-30,15
3541901,Queluz,SP,2023,1308.58,19.95,242,2022-09-01,2023-04-30,7
3541901,Queluz,SP,2024,917.02,22.41,243,2023-09-01,2024-04-30,12
3541901,Queluz,SP,2025,899.54,21.78,242,2024-09-01,2025-04-30,19
3541901,Queluz,SP,2026,679.25,21.18,242,2025-09-01,2026-04-30,16
3542008,Quintana,SP,2010,1268.54,24.07,242,2009-09-01,2010-04-30,16
3542008,Quintana,SP,2011,1015.95,24.22,242,2010-09-01,2011-04-30,16
3542008,Quintana,SP,2012,708.5,24.99,243,2011-09-01,2012-04-30,13
3542008,Quintana,SP,2013,970.42,24.77,242,2012-09-01,2013-04-30,18
3542008,Quintana,SP,2014,722.1,25.08,242,2013-09-01,2014-04-30,12
3542008,Quintana,SP,2015,1036.1,24.83,242,2014-09-01,2015-04-30,17
3542008,Quintana,SP,2016,1532.12,24.72,243,2015-09-01,2016-04-30,18
3542008,Quintana,SP,2017,955.7,23.58,242,2016-09-01,2017-04-30,13
3542008,Quintana,SP,2018,1139.51,24.42,242,2017-09-01,2018-04-30,28
3542008,Quintana,SP,2019,1085.39,24.87,242,2018-09-01,2019-04-30,14
3542008,Quintana,SP,2020,907.92,25.58,243,2019-09-01,2020-04-30,18
3542008,Quintana,SP,2021,636.73,26.08,242,2020-09-01,2021-04-30,19
3542008,Quintana,SP,2022,938.6,25.4,242,2021-09-01,2022-04-30,10
3542008,Quintana,SP,2023,1082.16,23.89,242,2022-09-01,2023-04-30,9
3542008,Quintana,SP,2024,773.4,27.59,243,2023-09-01,2024-04-30,12
3542008,Quintana,SP,2025,773.68,26.51,242,2024-09-01,2025-04-30,14
3542008,Quintana,SP,2026,865.11,25.49,242,2025-09-01,2026-04-30,21
3542107,Rafard,SP,2010,1443.1,22.87,242,2009-09-01,2010-04-30,14
3542107,Rafard,SP,2011,1109.65,22.87,242,2010-09-01,2011-04-30,14
3542107,Rafard,SP,2012,925.98,23.0,243,2011-09-01,2012-04-30,22
3542107,Rafard,SP,2013,1093.02,23.28,242,2012-09-01,2013-04-30,19
3542107,Rafard,SP,2014,688.23,23.98,242,2013-09-01,2014-04-30,12
3542107,Rafard,SP,2015,885.74,23.87,242,2014-09-01,2015-04-30,17
3542107,Rafard,SP,2016,1259.92,23.88,243,2015-09-01,2016-04-30,27
3542107,Rafard,SP,2017,1009.69,22.97,242,2016-09-01,2017-04-30,16
3542107,Rafard,SP,2018,877.03,23.6,242,2017-09-01,2018-04-30,28
3542107,Rafard,SP,2019,1143.22,23.61,242,2018-09-01,2019-04-30,14
3542107,Rafard,SP,2020,999.25,23.59,243,2019-09-01,2020-04-30,16
3542107,Rafard,SP,2021,590.56,24.63,242,2020-09-01,2021-04-30,21
3542107,Rafard,SP,2022,921.43,23.75,242,2021-09-01,2022-04-30,14
3542107,Rafard,SP,2023,1143.79,22.48,242,2022-09-01,2023-04-30,9
3542107,Rafard,SP,2024,780.23,25.89,243,2023-09-01,2024-04-30,12
3542107,Rafard,SP,2025,698.98,25.04,242,2024-09-01,2025-04-30,17
3542107,Rafard,SP,2026,733.68,24.31,242,2025-09-01,2026-04-30,20
3542206,Rancharia,SP,2010,1367.74,24.22,242,2009-09-01,2010-04-30,15
3542206,Rancharia,SP,2011,1074.29,24.34,242,2010-09-01,2011-04-30,16
3542206,Rancharia,SP,2012,745.01,25.41,243,2011-09-01,2012-04-30,13
3542206,Rancharia,SP,2013,1004.34,25.07,242,2012-09-01,2013-04-30,18
3542206,Rancharia,SP,2014,783.29,25.34,242,2013-09-01,2014-04-30,12
3542206,Rancharia,SP,2015,1051.45,25.1,242,2014-09-01,2015-04-30,21
3542206,Rancharia,SP,2016,1556.5,24.89,243,2015-09-01,2016-04-30,18
3542206,Rancharia,SP,2017,924.04,23.79,242,2016-09-01,2017-04-30,12
3542206,Rancharia,SP,2018,1202.02,24.56,242,2017-09-01,2018-04-30,28
3542206,Rancharia,SP,2019,1097.67,25.08,242,2018-09-01,2019-04-30,14
3542206,Rancharia,SP,2020,927.79,25.95,243,2019-09-01,2020-04-30,17
3542206,Rancharia,SP,2021,648.32,26.43,242,2020-09-01,2021-04-30,19
3542206,Rancharia,SP,2022,942.05,25.83,242,2021-09-01,2022-04-30,10
3542206,Rancharia,SP,2023,1136.0,24.1,242,2022-09-01,2023-04-30,9
3542206,Rancharia,SP,2024,796.54,28.01,243,2023-09-01,2024-04-30,16
3542206,Rancharia,SP,2025,790.43,26.95,242,2024-09-01,2025-04-30,14
3542206,Rancharia,SP,2026,890.38,25.91,242,2025-09-01,2026-04-30,20
3542305,Redenção da Serra,SP,2010,1554.35,22.36,242,2009-09-01,2010-04-30,12
3542305,Redenção da Serra,SP,2011,1500.86,21.68,242,2010-09-01,2011-04-30,10
3542305,Redenção da Serra,SP,2012,864.16,21.56,243,2011-09-01,2012-04-30,13
3542305,Redenção da Serra,SP,2013,986.72,22.14,242,2012-09-01,2013-04-30,19
3542305,Redenção da Serra,SP,2014,757.83,22.57,242,2013-09-01,2014-04-30,18
3542305,Redenção da Serra,SP,2015,842.74,22.65,242,2014-09-01,2015-04-30,16
3542305,Redenção da Serra,SP,2016,1302.59,22.96,243,2015-09-01,2016-04-30,25
3542305,Redenção da Serra,SP,2017,1240.01,21.83,242,2016-09-01,2017-04-30,14
3542305,Redenção da Serra,SP,2018,1054.42,22.17,242,2017-09-01,2018-04-30,27
3542305,Redenção da Serra,SP,2019,1406.33,22.44,242,2018-09-01,2019-04-30,8
3542305,Redenção da Serra,SP,2020,951.33,21.9,243,2019-09-01,2020-04-30,14
3542305,Redenção da Serra,SP,2021,1035.97,22.53,242,2020-09-01,2021-04-30,19
3542305,Redenção da Serra,SP,2022,990.24,22.07,242,2021-09-01,2022-04-30,8
3542305,Redenção da Serra,SP,2023,1236.48,21.46,242,2022-09-01,2023-04-30,7
3542305,Redenção da Serra,SP,2024,1041.19,23.72,243,2023-09-01,2024-04-30,9
3542305,Redenção da Serra,SP,2025,969.76,23.03,242,2024-09-01,2025-04-30,14
3542305,Redenção da Serra,SP,2026,759.21,22.52,242,2025-09-01,2026-04-30,16
3542404,Regente Feijó,SP,2010,1570.07,24.33,242,2009-09-01,2010-04-30,15
3542404,Regente Feijó,SP,2011,1251.02,24.48,242,2010-09-01,2011-04-30,16
3542404,Regente Feijó,SP,2012,871.98,25.57,243,2011-09-01,2012-04-30,12
3542404,Regente Feijó,SP,2013,1067.01,25.38,242,2012-09-01,2013-04-30,18
3542404,Regente Feijó,SP,2014,945.92,25.47,242,2013-09-01,2014-04-30,16
3542404,Regente Feijó,SP,2015,1057.46,25.39,242,2014-09-01,2015-04-30,17
3542404,Regente Feijó,SP,2016,1495.66,25.08,243,2015-09-01,2016-04-30,29
3542404,Regente Feijó,SP,2017,865.02,24.47,242,2016-09-01,2017-04-30,13
3542404,Regente Feijó,SP,2018,1219.68,24.87,242,2017-09-01,2018-04-30,28
3542404,Regente Feijó,SP,2019,1001.07,25.7,242,2018-09-01,2019-04-30,14
3542404,Regente Feijó,SP,2020,883.99,26.4,243,2019-09-01,2020-04-30,16
3542404,Regente Feijó,SP,2021,657.07,26.82,242,2020-09-01,2021-04-30,27
3542404,Regente Feijó,SP,2022,829.39,26.4,242,2021-09-01,2022-04-30,10
3542404,Regente Feijó,SP,2023,1164.8,24.3,242,2022-09-01,2023-04-30,9
3542404,Regente Feijó,SP,2024,746.71,28.55,243,2023-09-01,2024-04-30,16
3542404,Regente Feijó,SP,2025,809.03,27.24,242,2024-09-01,2025-04-30,14
3542404,Regente Feijó,SP,2026,881.23,26.36,242,2025-09-01,2026-04-30,20
3542503,Reginópolis,SP,2010,1122.86,24.13,242,2009-09-01,2010-04-30,16
3542503,Reginópolis,SP,2011,1000.22,24.37,242,2010-09-01,2011-04-30,16
3542503,Reginópolis,SP,2012,701.24,24.95,243,2011-09-01,2012-04-30,16
3542503,Reginópolis,SP,2013,973.65,24.73,242,2012-09-01,2013-04-30,18
3542503,Reginópolis,SP,2014,639.5,25.32,242,2013-09-01,2014-04-30,12
3542503,Reginópolis,SP,2015,936.77,24.94,242,2014-09-01,2015-04-30,22
3542503,Reginópolis,SP,2016,1385.93,24.77,243,2015-09-01,2016-04-30,30
3542503,Reginópolis,SP,2017,927.72,23.88,242,2016-09-01,2017-04-30,26
3542503,Reginópolis,SP,2018,915.16,24.84,242,2017-09-01,2018-04-30,28
3542503,Reginópolis,SP,2019,982.73,25.04,242,2018-09-01,2019-04-30,14
3542503,Reginópolis,SP,2020,798.9,25.65,243,2019-09-01,2020-04-30,17
3542503,Reginópolis,SP,2021,563.23,26.29,242,2020-09-01,2021-04-30,18
3542503,Reginópolis,SP,2022,940.98,25.14,242,2021-09-01,2022-04-30,16
3542503,Reginópolis,SP,2023,896.13,24.1,242,2022-09-01,2023-04-30,9
3542503,Reginópolis,SP,2024,569.16,28.02,243,2023-09-01,2024-04-30,12
3542503,Reginópolis,SP,2025,704.24,26.53,242,2024-09-01,2025-04-30,23
3542503,Reginópolis,SP,2026,755.14,25.58,242,2025-09-01,2026-04-30,21
3542602,Registro,SP,2010,1876.26,22.5,242,2009-09-01,2010-04-30,10
3542602,Registro,SP,2011,1204.64,21.72,242,2010-09-01,2011-04-30,8
3542602,Registro,SP,2012,939.16,21.75,243,2011-09-01,2012-04-30,11
3542602,Registro,SP,2013,1032.74,22.41,242,2012-09-01,2013-04-30,13
3542602,Registro,SP,2014,1007.78,22.5,242,2013-09-01,2014-04-30,17
3542602,Registro,SP,2015,1277.87,22.88,242,2014-09-01,2015-04-30,13
3542602,Registro,SP,2016,1586.0,22.91,243,2015-09-01,2016-04-30,12
3542602,Registro,SP,2017,1064.28,22.07,242,2016-09-01,2017-04-30,11
3542602,Registro,SP,2018,1252.89,22.47,242,2017-09-01,2018-04-30,27
3542602,Registro,SP,2019,1381.46,22.91,242,2018-09-01,2019-04-30,8
3542602,Registro,SP,2020,968.42,22.04,243,2019-09-01,2020-04-30,13
3542602,Registro,SP,2021,906.46,22.92,242,2020-09-01,2021-04-30,13
3542602,Registro,SP,2022,1132.03,22.3,242,2021-09-01,2022-04-30,12
3542602,Registro,SP,2023,1315.95,21.65,242,2022-09-01,2023-04-30,10
3542602,Registro,SP,2024,1083.38,23.93,243,2023-09-01,2024-04-30,11
3542602,Registro,SP,2025,855.92,23.51,242,2024-09-01,2025-04-30,8
3542602,Registro,SP,2026,790.32,23.21,242,2025-09-01,2026-04-30,18
3542701,Restinga,SP,2010,1426.48,23.07,242,2009-09-01,2010-04-30,23
3542701,Restinga,SP,2011,1495.03,23.14,242,2010-09-01,2011-04-30,12
3542701,Restinga,SP,2012,1154.69,22.96,243,2011-09-01,2012-04-30,16
3542701,Restinga,SP,2013,1156.17,23.6,242,2012-09-01,2013-04-30,17
3542701,Restinga,SP,2014,887.77,24.0,242,2013-09-01,2014-04-30,16
3542701,Restinga,SP,2015,1114.81,23.89,242,2014-09-01,2015-04-30,21
3542701,Restinga,SP,2016,1355.03,24.18,243,2015-09-01,2016-04-30,26
3542701,Restinga,SP,2017,1098.57,23.47,242,2016-09-01,2017-04-30,16
3542701,Restinga,SP,2018,1251.4,23.65,242,2017-09-01,2018-04-30,26
3542701,Restinga,SP,2019,1363.28,23.6,242,2018-09-01,2019-04-30,14
3542701,Restinga,SP,2020,1188.87,24.08,243,2019-09-01,2020-04-30,15
3542701,Restinga,SP,2021,695.47,24.91,242,2020-09-01,2021-04-30,20
3542701,Restinga,SP,2022,1234.55,23.82,242,2021-09-01,2022-04-30,18
3542701,Restinga,SP,2023,1162.94,23.22,242,2022-09-01,2023-04-30,9
3542701,Restinga,SP,2024,845.1,26.29,243,2023-09-01,2024-04-30,21
3542701,Restinga,SP,2025,1052.52,24.99,242,2024-09-01,2025-04-30,18
3542701,Restinga,SP,2026,1054.42,24.02,242,2025-09-01,2026-04-30,22
3542800,Ribeira,SP,2010,1748.26,21.02,242,2009-09-01,2010-04-30,11
3542800,Ribeira,SP,2011,1262.05,20.29,242,2010-09-01,2011-04-30,8
3542800,Ribeira,SP,2012,897.08,20.59,243,2011-09-01,2012-04-30,13
3542800,Ribeira,SP,2013,976.67,21.32,242,2012-09-01,2013-04-30,17
3542800,Ribeira,SP,2014,869.79,21.39,242,2013-09-01,2014-04-30,11
3542800,Ribeira,SP,2015,1168.1,21.49,242,2014-09-01,2015-04-30,16
3542800,Ribeira,SP,2016,1424.07,21.62,243,2015-09-01,2016-04-30,12
3542800,Ribeira,SP,2017,1097.97,20.72,242,2016-09-01,2017-04-30,11
3542800,Ribeira,SP,2018,1261.35,21.0,242,2017-09-01,2018-04-30,22
3542800,Ribeira,SP,2019,1096.88,21.76,242,2018-09-01,2019-04-30,7
3542800,Ribeira,SP,2020,801.02,21.56,243,2019-09-01,2020-04-30,16
3542800,Ribeira,SP,2021,692.27,22.01,242,2020-09-01,2021-04-30,26
3542800,Ribeira,SP,2022,882.66,21.57,242,2021-09-01,2022-04-30,11
3542800,Ribeira,SP,2023,1055.76,20.57,242,2022-09-01,2023-04-30,12
3542800,Ribeira,SP,2024,875.21,23.12,243,2023-09-01,2024-04-30,14
3542800,Ribeira,SP,2025,711.25,22.75,242,2024-09-01,2025-04-30,14
3542800,Ribeira,SP,2026,598.72,22.33,242,2025-09-01,2026-04-30,17
3542909,Ribeirão Bonito,SP,2010,1281.96,22.97,242,2009-09-01,2010-04-30,16
3542909,Ribeirão Bonito,SP,2011,1109.39,23.33,242,2010-09-01,2011-04-30,12
3542909,Ribeirão Bonito,SP,2012,957.52,23.23,243,2011-09-01,2012-04-30,16
3542909,Ribeirão Bonito,SP,2013,1160.37,23.51,242,2012-09-01,2013-04-30,19
3542909,Ribeirão Bonito,SP,2014,729.3,24.04,242,2013-09-01,2014-04-30,11
3542909,Ribeirão Bonito,SP,2015,948.6,23.92,242,2014-09-01,2015-04-30,19
3542909,Ribeirão Bonito,SP,2016,1302.13,24.0,243,2015-09-01,2016-04-30,28
3542909,Ribeirão Bonito,SP,2017,953.32,23.05,242,2016-09-01,2017-04-30,16
3542909,Ribeirão Bonito,SP,2018,913.57,23.9,242,2017-09-01,2018-04-30,28
3542909,Ribeirão Bonito,SP,2019,999.31,23.85,242,2018-09-01,2019-04-30,14
3542909,Ribeirão Bonito,SP,2020,878.69,24.28,243,2019-09-01,2020-04-30,18
3542909,Ribeirão Bonito,SP,2021,471.48,25.33,242,2020-09-01,2021-04-30,21
3542909,Ribeirão Bonito,SP,2022,930.33,24.04,242,2021-09-01,2022-04-30,16
3542909,Ribeirão Bonito,SP,2023,969.43,23.01,242,2022-09-01,2023-04-30,9
3542909,Ribeirão Bonito,SP,2024,617.83,26.63,243,2023-09-01,2024-04-30,12
3542909,Ribeirão Bonito,SP,2025,789.62,25.2,242,2024-09-01,2025-04-30,19
3542909,Ribeirão Bonito,SP,2026,801.21,24.29,242,2025-09-01,2026-04-30,21
3543006,Ribeirão Branco,SP,2010,1602.13,20.95,242,2009-09-01,2010-04-30,11
3543006,Ribeirão Branco,SP,2011,1098.47,20.46,242,2010-09-01,2011-04-30,8
3543006,Ribeirão Branco,SP,2012,847.67,20.78,243,2011-09-01,2012-04-30,13
3543006,Ribeirão Branco,SP,2013,985.93,21.13,242,2012-09-01,2013-04-30,17
3543006,Ribeirão Branco,SP,2014,831.58,21.28,242,2013-09-01,2014-04-30,12
3543006,Ribeirão Branco,SP,2015,1121.26,21.34,242,2014-09-01,2015-04-30,18
3543006,Ribeirão Branco,SP,2016,1483.4,21.58,243,2015-09-01,2016-04-30,14
3543006,Ribeirão Branco,SP,2017,1014.3,20.68,242,2016-09-01,2017-04-30,11
3543006,Ribeirão Branco,SP,2018,1209.2,20.98,242,2017-09-01,2018-04-30,28
3543006,Ribeirão Branco,SP,2019,1043.12,21.61,242,2018-09-01,2019-04-30,7
3543006,Ribeirão Branco,SP,2020,817.75,21.47,243,2019-09-01,2020-04-30,16
3543006,Ribeirão Branco,SP,2021,631.48,21.98,242,2020-09-01,2021-04-30,17
3543006,Ribeirão Branco,SP,2022,908.39,21.46,242,2021-09-01,2022-04-30,12
3543006,Ribeirão Branco,SP,2023,1141.31,20.25,242,2022-09-01,2023-04-30,8
3543006,Ribeirão Branco,SP,2024,770.58,23.2,243,2023-09-01,2024-04-30,13
3543006,Ribeirão Branco,SP,2025,712.52,22.56,242,2024-09-01,2025-04-30,14
3543006,Ribeirão Branco,SP,2026,602.59,21.97,242,2025-09-01,2026-04-30,20
3543105,Ribeirão Corrente,SP,2010,1426.48,23.07,242,2009-09-01,2010-04-30,23
3543105,Ribeirão Corrente,SP,2011,1495.03,23.14,242,2010-09-01,2011-04-30,12
3543105,Ribeirão Corrente,SP,2012,1154.69,22.96,243,2011-09-01,2012-04-30,16
3543105,Ribeirão Corrente,SP,2013,1156.17,23.6,242,2012-09-01,2013-04-30,17
3543105,Ribeirão Corrente,SP,2014,887.77,24.0,242,2013-09-01,2014-04-30,16
3543105,Ribeirão Corrente,SP,2015,1114.81,23.89,242,2014-09-01,2015-04-30,21
3543105,Ribeirão Corrente,SP,2016,1355.03,24.18,243,2015-09-01,2016-04-30,26
3543105,Ribeirão Corrente,SP,2017,1098.57,23.47,242,2016-09-01,2017-04-30,16
3543105,Ribeirão Corrente,SP,2018,1251.4,23.65,242,2017-09-01,2018-04-30,26
3543105,Ribeirão Corrente,SP,2019,1363.28,23.6,242,2018-09-01,2019-04-30,14
3543105,Ribeirão Corrente,SP,2020,1188.87,24.08,243,2019-09-01,2020-04-30,15
3543105,Ribeirão Corrente,SP,2021,695.47,24.91,242,2020-09-01,2021-04-30,20
3543105,Ribeirão Corrente,SP,2022,1234.55,23.82,242,2021-09-01,2022-04-30,18
3543105,Ribeirão Corrente,SP,2023,1162.94,23.22,242,2022-09-01,2023-04-30,9
3543105,Ribeirão Corrente,SP,2024,845.1,26.29,243,2023-09-01,2024-04-30,21
3543105,Ribeirão Corrente,SP,2025,1052.52,24.99,242,2024-09-01,2025-04-30,18
3543105,Ribeirão Corrente,SP,2026,1054.42,24.02,242,2025-09-01,2026-04-30,22
3543204,Ribeirão do Sul,SP,2010,1392.71,23.68,242,2009-09-01,2010-04-30,16
3543204,Ribeirão do Sul,SP,2011,927.56,23.84,242,2010-09-01,2011-04-30,15
3543204,Ribeirão do Sul,SP,2012,819.47,24.48,243,2011-09-01,2012-04-30,13
3543204,Ribeirão do Sul,SP,2013,943.07,24.5,242,2012-09-01,2013-04-30,17
3543204,Ribeirão do Sul,SP,2014,976.22,24.29,242,2013-09-01,2014-04-30,13
3543204,Ribeirão do Sul,SP,2015,1044.2,24.28,242,2014-09-01,2015-04-30,17
3543204,Ribeirão do Sul,SP,2016,1729.39,24.18,243,2015-09-01,2016-04-30,24
3543204,Ribeirão do Sul,SP,2017,1038.49,23.35,242,2016-09-01,2017-04-30,13
3543204,Ribeirão do Sul,SP,2018,1143.58,24.02,242,2017-09-01,2018-04-30,28
3543204,Ribeirão do Sul,SP,2019,1028.09,24.56,242,2018-09-01,2019-04-30,14
3543204,Ribeirão do Sul,SP,2020,824.95,25.21,243,2019-09-01,2020-04-30,17
3543204,Ribeirão do Sul,SP,2021,728.1,25.17,242,2020-09-01,2021-04-30,20
3543204,Ribeirão do Sul,SP,2022,927.7,24.89,242,2021-09-01,2022-04-30,14
3543204,Ribeirão do Sul,SP,2023,1189.14,23.1,242,2022-09-01,2023-04-30,9
3543204,Ribeirão do Sul,SP,2024,731.89,27.04,243,2023-09-01,2024-04-30,14
3543204,Ribeirão do Sul,SP,2025,681.24,26.11,242,2024-09-01,2025-04-30,14
3543204,Ribeirão do Sul,SP,2026,814.67,25.17,242,2025-09-01,2026-04-30,20
3543238,Ribeirão dos Índios,SP,2010,1605.86,24.63,242,2009-09-01,2010-04-30,15
3543238,Ribeirão dos Índios,SP,2011,1293.98,24.78,242,2010-09-01,2011-04-30,16
3543238,Ribeirão dos Índios,SP,2012,870.19,25.95,243,2011-09-01,2012-04-30,13
3543238,Ribeirão dos Índios,SP,2013,1054.78,25.78,242,2012-09-01,2013-04-30,18
3543238,Ribeirão dos Índios,SP,2014,966.62,25.77,242,2013-09-01,2014-04-30,16
3543238,Ribeirão dos Índios,SP,2015,1034.6,25.84,242,2014-09-01,2015-04-30,17
3543238,Ribeirão dos Índios,SP,2016,1419.83,25.41,243,2015-09-01,2016-04-30,29
3543238,Ribeirão dos Índios,SP,2017,845.76,25.1,242,2016-09-01,2017-04-30,13
3543238,Ribeirão dos Índios,SP,2018,1153.3,25.34,242,2017-09-01,2018-04-30,28
3543238,Ribeirão dos Índios,SP,2019,932.28,26.29,242,2018-09-01,2019-04-30,14
3543238,Ribeirão dos Índios,SP,2020,845.55,26.83,243,2019-09-01,2020-04-30,16
3543238,Ribeirão dos Índios,SP,2021,696.68,27.08,242,2020-09-01,2021-04-30,27
3543238,Ribeirão dos Índios,SP,2022,787.16,26.85,242,2021-09-01,2022-04-30,10
3543238,Ribeirão dos Índios,SP,2023,1127.53,24.71,242,2022-09-01,2023-04-30,9
3543238,Ribeirão dos Índios,SP,2024,710.01,28.95,243,2023-09-01,2024-04-30,14
3543238,Ribeirão dos Índios,SP,2025,802.21,27.63,242,2024-09-01,2025-04-30,14
3543238,Ribeirão dos Índios,SP,2026,845.02,26.84,242,2025-09-01,2026-04-30,20
3543253,Ribeirão Grande,SP,2010,1658.18,21.44,242,2009-09-01,2010-04-30,11
3543253,Ribeirão Grande,SP,2011,1199.1,20.83,242,2010-09-01,2011-04-30,8
3543253,Ribeirão Grande,SP,2012,895.61,21.03,243,2011-09-01,2012-04-30,13
3543253,Ribeirão Grande,SP,2013,1020.75,21.52,242,2012-09-01,2013-04-30,18
3543253,Ribeirão Grande,SP,2014,812.4,21.95,242,2013-09-01,2014-04-30,12
3543253,Ribeirão Grande,SP,2015,982.82,22.13,242,2014-09-01,2015-04-30,16
3543253,Ribeirão Grande,SP,2016,1397.18,22.16,243,2015-09-01,2016-04-30,13
3543253,Ribeirão Grande,SP,2017,1010.54,21.28,242,2016-09-01,2017-04-30,11
3543253,Ribeirão Grande,SP,2018,1126.21,21.64,242,2017-09-01,2018-04-30,28
3543253,Ribeirão Grande,SP,2019,1159.64,22.08,242,2018-09-01,2019-04-30,8
3543253,Ribeirão Grande,SP,2020,898.84,21.52,243,2019-09-01,2020-04-30,16
3543253,Ribeirão Grande,SP,2021,718.52,22.35,242,2020-09-01,2021-04-30,19
3543253,Ribeirão Grande,SP,2022,1043.24,21.61,242,2021-09-01,2022-04-30,12
3543253,Ribeirão Grande,SP,2023,1201.69,20.79,242,2022-09-01,2023-04-30,8
3543253,Ribeirão Grande,SP,2024,876.65,23.51,243,2023-09-01,2024-04-30,11
3543253,Ribeirão Grande,SP,2025,793.68,22.86,242,2024-09-01,2025-04-30,14
3543253,Ribeirão Grande,SP,2026,664.9,22.44,242,2025-09-01,2026-04-30,19
3543303,Ribeirão Pires,SP,2010,1708.0,21.63,242,2009-09-01,2010-04-30,11
3543303,Ribeirão Pires,SP,2011,1612.83,21.03,242,2010-09-01,2011-04-30,10
3543303,Ribeirão Pires,SP,2012,913.57,20.91,243,2011-09-01,2012-04-30,13
3543303,Ribeirão Pires,SP,2013,1041.98,21.64,242,2012-09-01,2013-04-30,16
3543303,Ribeirão Pires,SP,2014,762.83,22.06,242,2013-09-01,2014-04-30,15
3543303,Ribeirão Pires,SP,2015,814.52,22.19,242,2014-09-01,2015-04-30,16
3543303,Ribeirão Pires,SP,2016,1155.68,22.52,243,2015-09-01,2016-04-30,25
3543303,Ribeirão Pires,SP,2017,1111.08,21.41,242,2016-09-01,2017-04-30,14
3543303,Ribeirão Pires,SP,2018,885.1,21.83,242,2017-09-01,2018-04-30,28
3543303,Ribeirão Pires,SP,2019,1200.65,22.11,242,2018-09-01,2019-04-30,7
3543303,Ribeirão Pires,SP,2020,994.6,21.53,243,2019-09-01,2020-04-30,13
3543303,Ribeirão Pires,SP,2021,850.67,22.12,242,2020-09-01,2021-04-30,19
3543303,Ribeirão Pires,SP,2022,893.62,21.72,242,2021-09-01,2022-04-30,8
3543303,Ribeirão Pires,SP,2023,1193.78,20.94,242,2022-09-01,2023-04-30,7
3543303,Ribeirão Pires,SP,2024,993.45,23.35,243,2023-09-01,2024-04-30,12
3543303,Ribeirão Pires,SP,2025,845.8,22.73,242,2024-09-01,2025-04-30,14
3543303,Ribeirão Pires,SP,2026,748.72,22.2,242,2025-09-01,2026-04-30,19
3543402,Ribeirão Preto,SP,2010,1320.37,23.24,242,2009-09-01,2010-04-30,16
3543402,Ribeirão Preto,SP,2011,1352.31,23.33,242,2010-09-01,2011-04-30,12
3543402,Ribeirão Preto,SP,2012,1081.44,23.35,243,2011-09-01,2012-04-30,17
3543402,Ribeirão Preto,SP,2013,1140.32,23.68,242,2012-09-01,2013-04-30,17
3543402,Ribeirão Preto,SP,2014,774.3,24.42,242,2013-09-01,2014-04-30,11
3543402,Ribeirão Preto,SP,2015,1026.75,24.11,242,2014-09-01,2015-04-30,21
3543402,Ribeirão Preto,SP,2016,1299.19,24.25,243,2015-09-01,2016-04-30,26
3543402,Ribeirão Preto,SP,2017,1005.55,23.67,242,2016-09-01,2017-04-30,10
3543402,Ribeirão Preto,SP,2018,1131.79,23.89,242,2017-09-01,2018-04-30,26
3543402,Ribeirão Preto,SP,2019,1272.77,23.78,242,2018-09-01,2019-04-30,13
3543402,Ribeirão Preto,SP,2020,1092.84,24.28,243,2019-09-01,2020-04-30,15
3543402,Ribeirão Preto,SP,2021,616.62,25.26,242,2020-09-01,2021-04-30,20
3543402,Ribeirão Preto,SP,2022,1172.69,23.95,242,2021-09-01,2022-04-30,16
3543402,Ribeirão Preto,SP,2023,1239.31,23.11,242,2022-09-01,2023-04-30,8
3543402,Ribeirão Preto,SP,2024,835.36,26.41,243,2023-09-01,2024-04-30,21
3543402,Ribeirão Preto,SP,2025,945.84,25.33,242,2024-09-01,2025-04-30,19
3543402,Ribeirão Preto,SP,2026,936.99,24.28,242,2025-09-01,2026-04-30,22
3543501,Riversul,SP,2010,1607.18,21.74,242,2009-09-01,2010-04-30,11
3543501,Riversul,SP,2011,1100.31,21.09,242,2010-09-01,2011-04-30,8
3543501,Riversul,SP,2012,855.17,21.44,243,2011-09-01,2012-04-30,13
3543501,Riversul,SP,2013,977.53,21.94,242,2012-09-01,2013-04-30,17
3543501,Riversul,SP,2014,819.59,21.98,242,2013-09-01,2014-04-30,12
3543501,Riversul,SP,2015,1085.31,22.09,242,2014-09-01,2015-04-30,18
3543501,Riversul,SP,2016,1481.96,22.29,243,2015-09-01,2016-04-30,12
3543501,Riversul,SP,2017,980.69,21.28,242,2016-09-01,2017-04-30,11
3543501,Riversul,SP,2018,1222.31,21.7,242,2017-09-01,2018-04-30,28
3543501,Riversul,SP,2019,1025.26,22.37,242,2018-09-01,2019-04-30,7
3543501,Riversul,SP,2020,827.28,22.38,243,2019-09-01,2020-04-30,16
3543501,Riversul,SP,2021,601.6,22.86,242,2020-09-01,2021-04-30,21
3543501,Riversul,SP,2022,890.11,22.34,242,2021-09-01,2022-04-30,14
3543501,Riversul,SP,2023,1102.08,20.87,242,2022-09-01,2023-04-30,8
3543501,Riversul,SP,2024,752.9,23.99,243,2023-09-01,2024-04-30,14
3543501,Riversul,SP,2025,722.66,23.41,242,2024-09-01,2025-04-30,14
3543501,Riversul,SP,2026,582.21,22.85,242,2025-09-01,2026-04-30,20
3543600,Rifaina,SP,2010,1412.45,22.82,242,2009-09-01,2010-04-30,22
3543600,Rifaina,SP,2011,1618.24,22.92,242,2010-09-01,2011-04-30,12
3543600,Rifaina,SP,2012,1204.62,22.46,243,2011-09-01,2012-04-30,16
3543600,Rifaina,SP,2013,1125.98,23.4,242,2012-09-01,2013-04-30,16
3543600,Rifaina,SP,2014,943.22,23.47,242,2013-09-01,2014-04-30,16
3543600,Rifaina,SP,2015,1116.45,23.7,242,2014-09-01,2015-04-30,18
3543600,Rifaina,SP,2016,1337.49,24.06,243,2015-09-01,2016-04-30,26
3543600,Rifaina,SP,2017,1114.99,23.2,242,2016-09-01,2017-04-30,16
3543600,Rifaina,SP,2018,1323.48,23.37,242,2017-09-01,2018-04-30,28
3543600,Rifaina,SP,2019,1436.92,23.33,242,2018-09-01,2019-04-30,13
3543600,Rifaina,SP,2020,1217.43,23.84,243,2019-09-01,2020-04-30,17
3543600,Rifaina,SP,2021,769.63,24.5,242,2020-09-01,2021-04-30,14
3543600,Rifaina,SP,2022,1230.63,23.72,242,2021-09-01,2022-04-30,13
3543600,Rifaina,SP,2023,1067.18,23.2,242,2022-09-01,2023-04-30,13
3543600,Rifaina,SP,2024,845.43,25.97,243,2023-09-01,2024-04-30,21
3543600,Rifaina,SP,2025,1081.85,24.69,242,2024-09-01,2025-04-30,20
3543600,Rifaina,SP,2026,1094.36,23.88,242,2025-09-01,2026-04-30,22
3543709,Rincão,SP,2010,1209.17,23.56,242,2009-09-01,2010-04-30,16
3543709,Rincão,SP,2011,1191.52,23.92,242,2010-09-01,2011-04-30,12
3543709,Rincão,SP,2012,1000.27,23.86,243,2011-09-01,2012-04-30,16
3543709,Rincão,SP,2013,1104.44,24.11,242,2012-09-01,2013-04-30,19
3543709,Rincão,SP,2014,726.02,24.86,242,2013-09-01,2014-04-30,11
3543709,Rincão,SP,2015,896.63,24.61,242,2014-09-01,2015-04-30,19
3543709,Rincão,SP,2016,1279.62,24.56,243,2015-09-01,2016-04-30,27
3543709,Rincão,SP,2017,901.64,23.94,242,2016-09-01,2017-04-30,12
3543709,Rincão,SP,2018,966.68,24.5,242,2017-09-01,2018-04-30,28
3543709,Rincão,SP,2019,1053.47,24.37,242,2018-09-01,2019-04-30,14
3543709,Rincão,SP,2020,988.92,24.73,243,2019-09-01,2020-04-30,18
3543709,Rincão,SP,2021,501.23,25.99,242,2020-09-01,2021-04-30,19
3543709,Rincão,SP,2022,928.43,24.68,242,2021-09-01,2022-04-30,16
3543709,Rincão,SP,2023,1045.32,23.58,242,2022-09-01,2023-04-30,9
3543709,Rincão,SP,2024,666.56,27.26,243,2023-09-01,2024-04-30,12
3543709,Rincão,SP,2025,885.2,25.77,242,2024-09-01,2025-04-30,19
3543709,Rincão,SP,2026,902.44,24.76,242,2025-09-01,2026-04-30,20
3543808,Rinópolis,SP,2010,1236.56,24.7,242,2009-09-01,2010-04-30,16
3543808,Rinópolis,SP,2011,1144.95,24.82,242,2010-09-01,2011-04-30,16
3543808,Rinópolis,SP,2012,714.46,25.67,243,2011-09-01,2012-04-30,13
3543808,Rinópolis,SP,2013,1011.71,25.44,242,2012-09-01,2013-04-30,18
3543808,Rinópolis,SP,2014,630.14,26.07,242,2013-09-01,2014-04-30,16
3543808,Rinópolis,SP,2015,1003.11,25.6,242,2014-09-01,2015-04-30,18
3543808,Rinópolis,SP,2016,1362.3,25.55,243,2015-09-01,2016-04-30,30
3543808,Rinópolis,SP,2017,910.1,24.47,242,2016-09-01,2017-04-30,13
3543808,Rinópolis,SP,2018,1122.52,25.2,242,2017-09-01,2018-04-30,28
3543808,Rinópolis,SP,2019,1014.26,25.71,242,2018-09-01,2019-04-30,14
3543808,Rinópolis,SP,2020,930.46,26.29,243,2019-09-01,2020-04-30,16
3543808,Rinópolis,SP,2021,617.0,27.07,242,2020-09-01,2021-04-30,18
3543808,Rinópolis,SP,2022,907.11,26.21,242,2021-09-01,2022-04-30,14
3543808,Rinópolis,SP,2023,922.6,24.9,242,2022-09-01,2023-04-30,8
3543808,Rinópolis,SP,2024,630.16,28.93,243,2023-09-01,2024-04-30,16
3543808,Rinópolis,SP,2025,709.3,27.58,242,2024-09-01,2025-04-30,15
3543808,Rinópolis,SP,2026,750.02,26.74,242,2025-09-01,2026-04-30,21
3543907,Rio Claro,SP,2010,1382.37,22.86,242,2009-09-01,2010-04-30,16
3543907,Rio Claro,SP,2011,1038.21,23.14,242,2010-09-01,2011-04-30,15
3543907,Rio Claro,SP,2012,986.17,23.06,243,2011-09-01,2012-04-30,20
3543907,Rio Claro,SP,2013,1151.87,23.29,242,2012-09-01,2013-04-30,19
3543907,Rio Claro,SP,2014,711.25,23.97,242,2013-09-01,2014-04-30,12
3543907,Rio Claro,SP,2015,958.89,23.78,242,2014-09-01,2015-04-30,17
3543907,Rio Claro,SP,2016,1290.07,23.87,243,2015-09-01,2016-04-30,30
3543907,Rio Claro,SP,2017,1001.31,23.0,242,2016-09-01,2017-04-30,16
3543907,Rio Claro,SP,2018,915.06,23.68,242,2017-09-01,2018-04-30,28
3543907,Rio Claro,SP,2019,1116.07,23.53,242,2018-09-01,2019-04-30,14
3543907,Rio Claro,SP,2020,965.42,23.84,243,2019-09-01,2020-04-30,21
3543907,Rio Claro,SP,2021,572.88,24.9,242,2020-09-01,2021-04-30,21
3543907,Rio Claro,SP,2022,938.29,23.81,242,2021-09-01,2022-04-30,16
3543907,Rio Claro,SP,2023,1136.16,22.62,242,2022-09-01,2023-04-30,9
3543907,Rio Claro,SP,2024,788.72,26.01,243,2023-09-01,2024-04-30,12
3543907,Rio Claro,SP,2025,766.93,25.02,242,2024-09-01,2025-04-30,16
3543907,Rio Claro,SP,2026,827.65,24.15,242,2025-09-01,2026-04-30,20
3544004,Rio das Pedras,SP,2010,1443.1,22.87,242,2009-09-01,2010-04-30,14
3544004,Rio das Pedras,SP,2011,1109.65,22.87,242,2010-09-01,2011-04-30,14
3544004,Rio das Pedras,SP,2012,925.98,23.0,243,2011-09-01,2012-04-30,22
3544004,Rio das Pedras,SP,2013,1093.02,23.28,242,2012-09-01,2013-04-30,19
3544004,Rio das Pedras,SP,2014,688.23,23.98,242,2013-09-01,2014-04-30,12
3544004,Rio das Pedras,SP,2015,885.74,23.87,242,2014-09-01,2015-04-30,17
3544004,Rio das Pedras,SP,2016,1259.92,23.88,243,2015-09-01,2016-04-30,27
3544004,Rio das Pedras,SP,2017,1009.69,22.97,242,2016-09-01,2017-04-30,16
3544004,Rio das Pedras,SP,2018,877.03,23.6,242,2017-09-01,2018-04-30,28
3544004,Rio das Pedras,SP,2019,1143.22,23.61,242,2018-09-01,2019-04-30,14
3544004,Rio das Pedras,SP,2020,999.25,23.59,243,2019-09-01,2020-04-30,16
3544004,Rio das Pedras,SP,2021,590.56,24.63,242,2020-09-01,2021-04-30,21
3544004,Rio das Pedras,SP,2022,921.43,23.75,242,2021-09-01,2022-04-30,14
3544004,Rio das Pedras,SP,2023,1143.79,22.48,242,2022-09-01,2023-04-30,9
3544004,Rio das Pedras,SP,2024,780.23,25.89,243,2023-09-01,2024-04-30,12
3544004,Rio das Pedras,SP,2025,698.98,25.04,242,2024-09-01,2025-04-30,17
3544004,Rio das Pedras,SP,2026,733.68,24.31,242,2025-09-01,2026-04-30,20
3544103,Rio Grande da Serra,SP,2010,1708.0,21.63,242,2009-09-01,2010-04-30,11
3544103,Rio Grande da Serra,SP,2011,1612.83,21.03,242,2010-09-01,2011-04-30,10
3544103,Rio Grande da Serra,SP,2012,913.57,20.91,243,2011-09-01,2012-04-30,13
3544103,Rio Grande da Serra,SP,2013,1041.98,21.64,242,2012-09-01,2013-04-30,16
3544103,Rio Grande da Serra,SP,2014,762.83,22.06,242,2013-09-01,2014-04-30,15
3544103,Rio Grande da Serra,SP,2015,814.52,22.19,242,2014-09-01,2015-04-30,16
3544103,Rio Grande da Serra,SP,2016,1155.68,22.52,243,2015-09-01,2016-04-30,25
3544103,Rio Grande da Serra,SP,2017,1111.08,21.41,242,2016-09-01,2017-04-30,14
3544103,Rio Grande da Serra,SP,2018,885.1,21.83,242,2017-09-01,2018-04-30,28
3544103,Rio Grande da Serra,SP,2019,1200.65,22.11,242,2018-09-01,2019-04-30,7
3544103,Rio Grande da Serra,SP,2020,994.6,21.53,243,2019-09-01,2020-04-30,13
3544103,Rio Grande da Serra,SP,2021,850.67,22.12,242,2020-09-01,2021-04-30,19
3544103,Rio Grande da Serra,SP,2022,893.62,21.72,242,2021-09-01,2022-04-30,8
3544103,Rio Grande da Serra,SP,2023,1193.78,20.94,242,2022-09-01,2023-04-30,7
3544103,Rio Grande da Serra,SP,2024,993.45,23.35,243,2023-09-01,2024-04-30,12
3544103,Rio Grande da Serra,SP,2025,845.8,22.73,242,2024-09-01,2025-04-30,14
3544103,Rio Grande da Serra,SP,2026,748.72,22.2,242,2025-09-01,2026-04-30,19
3544202,Riolândia,SP,2010,1281.46,25.0,242,2009-09-01,2010-04-30,14
3544202,Riolândia,SP,2011,1432.25,25.13,242,2010-09-01,2011-04-30,25
3544202,Riolândia,SP,2012,1181.8,24.84,243,2011-09-01,2012-04-30,16
3544202,Riolândia,SP,2013,1124.25,25.59,242,2012-09-01,2013-04-30,18
3544202,Riolândia,SP,2014,937.01,25.69,242,2013-09-01,2014-04-30,11
3544202,Riolândia,SP,2015,1028.0,26.03,242,2014-09-01,2015-04-30,16
3544202,Riolândia,SP,2016,1233.65,26.14,243,2015-09-01,2016-04-30,25
3544202,Riolândia,SP,2017,1078.31,25.3,242,2016-09-01,2017-04-30,12
3544202,Riolândia,SP,2018,1115.6,25.72,242,2017-09-01,2018-04-30,28
3544202,Riolândia,SP,2019,1072.88,25.96,242,2018-09-01,2019-04-30,13
3544202,Riolândia,SP,2020,1037.8,26.44,243,2019-09-01,2020-04-30,17
3544202,Riolândia,SP,2021,710.41,27.17,242,2020-09-01,2021-04-30,20
3544202,Riolândia,SP,2022,1022.37,26.38,242,2021-09-01,2022-04-30,16
3544202,Riolândia,SP,2023,1164.7,25.42,242,2022-09-01,2023-04-30,16
3544202,Riolândia,SP,2024,804.21,28.62,243,2023-09-01,2024-04-30,19
3544202,Riolândia,SP,2025,843.88,27.52,242,2024-09-01,2025-04-30,38
3544202,Riolândia,SP,2026,823.14,26.98,242,2025-09-01,2026-04-30,21
3544251,Rosana,SP,2010,1609.53,25.14,242,2009-09-01,2010-04-30,16
3544251,Rosana,SP,2011,1538.4,24.61,242,2010-09-01,2011-04-30,9
3544251,Rosana,SP,2012,811.27,25.74,243,2011-09-01,2012-04-30,13
3544251,Rosana,SP,2013,1075.13,25.92,242,2012-09-01,2013-04-30,18
3544251,Rosana,SP,2014,949.64,25.62,242,2013-09-01,2014-04-30,9
3544251,Rosana,SP,2015,694.18,26.77,242,2014-09-01,2015-04-30,15
3544251,Rosana,SP,2016,1096.07,26.12,243,2015-09-01,2016-04-30,30
3544251,Rosana,SP,2017,837.33,25.36,242,2016-09-01,2017-04-30,13
3544251,Rosana,SP,2018,967.22,25.73,242,2017-09-01,2018-04-30,28
3544251,Rosana,SP,2019,916.61,26.36,242,2018-09-01,2019-04-30,11
3544251,Rosana,SP,2020,898.6,26.81,243,2019-09-01,2020-04-30,17
3544251,Rosana,SP,2021,612.48,26.91,242,2020-09-01,2021-04-30,18
3544251,Rosana,SP,2022,763.28,27.19,242,2021-09-01,2022-04-30,11
3544251,Rosana,SP,2023,900.09,25.11,242,2022-09-01,2023-04-30,10
3544251,Rosana,SP,2024,650.68,28.93,243,2023-09-01,2024-04-30,17
3544251,Rosana,SP,2025,683.18,27.85,242,2024-09-01,2025-04-30,14
3544251,Rosana,SP,2026,684.61,27.4,242,2025-09-01,2026-04-30,15
3544301,Roseira,SP,2010,1524.1,21.31,242,2009-09-01,2010-04-30,12
3544301,Roseira,SP,2011,1407.82,20.75,242,2010-09-01,2011-04-30,11
3544301,Roseira,SP,2012,1045.87,20.28,243,2011-09-01,2012-04-30,13
3544301,Roseira,SP,2013,1144.67,21.12,242,2012-09-01,2013-04-30,16
3544301,Roseira,SP,2014,860.5,21.35,242,2013-09-01,2014-04-30,20
3544301,Roseira,SP,2015,789.52,21.7,242,2014-09-01,2015-04-30,15
3544301,Roseira,SP,2016,1303.96,22.03,243,2015-09-01,2016-04-30,24
3544301,Roseira,SP,2017,1206.04,20.77,242,2016-09-01,2017-04-30,15
3544301,Roseira,SP,2018,1149.53,21.13,242,2017-09-01,2018-04-30,26
3544301,Roseira,SP,2019,1383.66,21.33,242,2018-09-01,2019-04-30,8
3544301,Roseira,SP,2020,901.62,21.04,243,2019-09-01,2020-04-30,14
3544301,Roseira,SP,2021,982.13,21.56,242,2020-09-01,2021-04-30,19
3544301,Roseira,SP,2022,1003.25,21.07,242,2021-09-01,2022-04-30,10
3544301,Roseira,SP,2023,1257.81,20.46,242,2022-09-01,2023-04-30,7
3544301,Roseira,SP,2024,986.21,22.79,243,2023-09-01,2024-04-30,10
3544301,Roseira,SP,2025,902.17,22.15,242,2024-09-01,2025-04-30,19
3544301,Roseira,SP,2026,754.78,21.51,242,2025-09-01,2026-04-30,17
3544400,Rubiácea,SP,2010,1236.56,24.7,242,2009-09-01,2010-04-30,16
3544400,Rubiácea,SP,2011,1144.95,24.82,242,2010-09-01,2011-04-30,16
3544400,Rubiácea,SP,2012,714.46,25.67,243,2011-09-01,2012-04-30,13
3544400,Rubiácea,SP,2013,1011.71,25.44,242,2012-09-01,2013-04-30,18
3544400,Rubiácea,SP,2014,630.14,26.07,242,2013-09-01,2014-04-30,16
3544400,Rubiácea,SP,2015,1003.11,25.6,242,2014-09-01,2015-04-30,18
3544400,Rubiácea,SP,2016,1362.3,25.55,243,2015-09-01,2016-04-30,30
3544400,Rubiácea,SP,2017,910.1,24.47,242,2016-09-01,2017-04-30,13
3544400,Rubiácea,SP,2018,1122.52,25.2,242,2017-09-01,2018-04-30,28
3544400,Rubiácea,SP,2019,1014.26,25.71,242,2018-09-01,2019-04-30,14
3544400,Rubiácea,SP,2020,930.46,26.29,243,2019-09-01,2020-04-30,16
3544400,Rubiácea,SP,2021,617.0,27.07,242,2020-09-01,2021-04-30,18
3544400,Rubiácea,SP,2022,907.11,26.21,242,2021-09-01,2022-04-30,14
3544400,Rubiácea,SP,2023,922.6,24.9,242,2022-09-01,2023-04-30,8
3544400,Rubiácea,SP,2024,630.16,28.93,243,2023-09-01,2024-04-30,16
3544400,Rubiácea,SP,2025,709.3,27.58,242,2024-09-01,2025-04-30,15
3544400,Rubiácea,SP,2026,750.02,26.74,242,2025-09-01,2026-04-30,21
3544509,Rubinéia,SP,2010,1543.84,25.55,242,2009-09-01,2010-04-30,24
3544509,Rubinéia,SP,2011,1555.63,25.56,242,2010-09-01,2011-04-30,23
3544509,Rubinéia,SP,2012,856.03,25.91,243,2011-09-01,2012-04-30,14
3544509,Rubinéia,SP,2013,972.32,26.5,242,2012-09-01,2013-04-30,18
3544509,Rubinéia,SP,2014,806.19,26.87,242,2013-09-01,2014-04-30,14
3544509,Rubinéia,SP,2015,1049.55,26.63,242,2014-09-01,2015-04-30,16
3544509,Rubinéia,SP,2016,1069.34,26.95,243,2015-09-01,2016-04-30,30
3544509,Rubinéia,SP,2017,1088.7,25.73,242,2016-09-01,2017-04-30,13
3544509,Rubinéia,SP,2018,1098.82,26.11,242,2017-09-01,2018-04-30,28
3544509,Rubinéia,SP,2019,1138.85,26.58,242,2018-09-01,2019-04-30,13
3544509,Rubinéia,SP,2020,914.04,27.34,243,2019-09-01,2020-04-30,17
3544509,Rubinéia,SP,2021,515.26,28.49,242,2020-09-01,2021-04-30,27
3544509,Rubinéia,SP,2022,1006.07,26.96,242,2021-09-01,2022-04-30,11
3544509,Rubinéia,SP,2023,1116.56,25.82,242,2022-09-01,2023-04-30,7
3544509,Rubinéia,SP,2024,757.09,29.53,243,2023-09-01,2024-04-30,14
3544509,Rubinéia,SP,2025,741.06,28.34,242,2024-09-01,2025-04-30,15
3544509,Rubinéia,SP,2026,617.64,28.25,242,2025-09-01,2026-04-30,20
3544608,Sabino,SP,2010,1120.92,25.11,242,2009-09-01,2010-04-30,16
3544608,Sabino,SP,2011,1120.39,25.4,242,2010-09-01,2011-04-30,16
3544608,Sabino,SP,2012,784.6,25.73,243,2011-09-01,2012-04-30,14
3544608,Sabino,SP,2013,996.32,25.75,242,2012-09-01,2013-04-30,17
3544608,Sabino,SP,2014,702.95,26.26,242,2013-09-01,2014-04-30,12
3544608,Sabino,SP,2015,857.69,26.11,242,2014-09-01,2015-04-30,23
3544608,Sabino,SP,2016,1254.18,25.96,243,2015-09-01,2016-04-30,29
3544608,Sabino,SP,2017,869.65,25.19,242,2016-09-01,2017-04-30,13
3544608,Sabino,SP,2018,874.81,26.05,242,2017-09-01,2018-04-30,28
3544608,Sabino,SP,2019,938.73,26.2,242,2018-09-01,2019-04-30,14
3544608,Sabino,SP,2020,822.81,26.63,243,2019-09-01,2020-04-30,16
3544608,Sabino,SP,2021,538.96,27.46,242,2020-09-01,2021-04-30,18
3544608,Sabino,SP,2022,969.66,26.16,242,2021-09-01,2022-04-30,16
3544608,Sabino,SP,2023,894.55,25.17,242,2022-09-01,2023-04-30,9
3544608,Sabino,SP,2024,505.18,29.24,243,2023-09-01,2024-04-30,15
3544608,Sabino,SP,2025,742.29,27.48,242,2024-09-01,2025-04-30,23
3544608,Sabino,SP,2026,784.83,26.62,242,2025-09-01,2026-04-30,20
3544707,Sagres,SP,2010,1570.07,24.33,242,2009-09-01,2010-04-30,15
3544707,Sagres,SP,2011,1251.02,24.48,242,2010-09-01,2011-04-30,16
3544707,Sagres,SP,2012,871.98,25.57,243,2011-09-01,2012-04-30,12
3544707,Sagres,SP,2013,1067.01,25.38,242,2012-09-01,2013-04-30,18
3544707,Sagres,SP,2014,945.92,25.47,242,2013-09-01,2014-04-30,16
3544707,Sagres,SP,2015,1057.46,25.39,242,2014-09-01,2015-04-30,17
3544707,Sagres,SP,2016,1495.66,25.08,243,2015-09-01,2016-04-30,29
3544707,Sagres,SP,2017,865.02,24.47,242,2016-09-01,2017-04-30,13
3544707,Sagres,SP,2018,1219.68,24.87,242,2017-09-01,2018-04-30,28
3544707,Sagres,SP,2019,1001.07,25.7,242,2018-09-01,2019-04-30,14
3544707,Sagres,SP,2020,883.99,26.4,243,2019-09-01,2020-04-30,16
3544707,Sagres,SP,2021,657.07,26.82,242,2020-09-01,2021-04-30,27
3544707,Sagres,SP,2022,829.39,26.4,242,2021-09-01,2022-04-30,10
3544707,Sagres,SP,2023,1164.8,24.3,242,2022-09-01,2023-04-30,9
3544707,Sagres,SP,2024,746.71,28.55,243,2023-09-01,2024-04-30,16
3544707,Sagres,SP,2025,809.03,27.24,242,2024-09-01,2025-04-30,14
3544707,Sagres,SP,2026,881.23,26.36,242,2025-09-01,2026-04-30,20
3544806,Sales,SP,2010,1120.92,25.11,242,2009-09-01,2010-04-30,16
3544806,Sales,SP,2011,1120.39,25.4,242,2010-09-01,2011-04-30,16
3544806,Sales,SP,2012,784.6,25.73,243,2011-09-01,2012-04-30,14
3544806,Sales,SP,2013,996.32,25.75,242,2012-09-01,2013-04-30,17
3544806,Sales,SP,2014,702.95,26.26,242,2013-09-01,2014-04-30,12
3544806,Sales,SP,2015,857.69,26.11,242,2014-09-01,2015-04-30,23
3544806,Sales,SP,2016,1254.18,25.96,243,2015-09-01,2016-04-30,29
3544806,Sales,SP,2017,869.65,25.19,242,2016-09-01,2017-04-30,13
3544806,Sales,SP,2018,874.81,26.05,242,2017-09-01,2018-04-30,28
3544806,Sales,SP,2019,938.73,26.2,242,2018-09-01,2019-04-30,14
3544806,Sales,SP,2020,822.81,26.63,243,2019-09-01,2020-04-30,16
3544806,Sales,SP,2021,538.96,27.46,242,2020-09-01,2021-04-30,18
3544806,Sales,SP,2022,969.66,26.16,242,2021-09-01,2022-04-30,16
3544806,Sales,SP,2023,894.55,25.17,242,2022-09-01,2023-04-30,9
3544806,Sales,SP,2024,505.18,29.24,243,2023-09-01,2024-04-30,15
3544806,Sales,SP,2025,742.29,27.48,242,2024-09-01,2025-04-30,23
3544806,Sales,SP,2026,784.83,26.62,242,2025-09-01,2026-04-30,20
3544905,Sales Oliveira,SP,2010,1229.92,24.15,242,2009-09-01,2010-04-30,17
3544905,Sales Oliveira,SP,2011,1293.38,24.29,242,2010-09-01,2011-04-30,12
3544905,Sales Oliveira,SP,2012,1054.26,24.32,243,2011-09-01,2012-04-30,16
3544905,Sales Oliveira,SP,2013,1120.66,24.65,242,2012-09-01,2013-04-30,19
3544905,Sales Oliveira,SP,2014,802.92,25.21,242,2013-09-01,2014-04-30,11
3544905,Sales Oliveira,SP,2015,933.1,25.15,242,2014-09-01,2015-04-30,21
3544905,Sales Oliveira,SP,2016,1331.84,25.12,243,2015-09-01,2016-04-30,25
3544905,Sales Oliveira,SP,2017,940.59,24.62,242,2016-09-01,2017-04-30,12
3544905,Sales Oliveira,SP,2018,1081.33,24.93,242,2017-09-01,2018-04-30,27
3544905,Sales Oliveira,SP,2019,1134.11,24.87,242,2018-09-01,2019-04-30,16
3544905,Sales Oliveira,SP,2020,1073.79,25.24,243,2019-09-01,2020-04-30,18
3544905,Sales Oliveira,SP,2021,570.11,26.39,242,2020-09-01,2021-04-30,20
3544905,Sales Oliveira,SP,2022,1065.97,25.06,242,2021-09-01,2022-04-30,15
3544905,Sales Oliveira,SP,2023,1257.48,24.04,242,2022-09-01,2023-04-30,9
3544905,Sales Oliveira,SP,2024,800.27,27.54,243,2023-09-01,2024-04-30,12
3544905,Sales Oliveira,SP,2025,971.9,26.3,242,2024-09-01,2025-04-30,19
3544905,Sales Oliveira,SP,2026,1029.38,25.17,242,2025-09-01,2026-04-30,22
3545001,Salesópolis,SP,2010,1554.35,22.36,242,2009-09-01,2010-04-30,12
3545001,Salesópolis,SP,2011,1500.86,21.68,242,2010-09-01,2011-04-30,10
3545001,Salesópolis,SP,2012,864.16,21.56,243,2011-09-01,2012-04-30,13
3545001,Salesópolis,SP,2013,986.72,22.14,242,2012-09-01,2013-04-30,19
3545001,Salesópolis,SP,2014,757.83,22.57,242,2013-09-01,2014-04-30,18
3545001,Salesópolis,SP,2015,842.74,22.65,242,2014-09-01,2015-04-30,16
3545001,Salesópolis,SP,2016,1302.59,22.96,243,2015-09-01,2016-04-30,25
3545001,Salesópolis,SP,2017,1240.01,21.83,242,2016-09-01,2017-04-30,14
3545001,Salesópolis,SP,2018,1054.42,22.17,242,2017-09-01,2018-04-30,27
3545001,Salesópolis,SP,2019,1406.33,22.44,242,2018-09-01,2019-04-30,8
3545001,Salesópolis,SP,2020,951.33,21.9,243,2019-09-01,2020-04-30,14
3545001,Salesópolis,SP,2021,1035.97,22.53,242,2020-09-01,2021-04-30,19
3545001,Salesópolis,SP,2022,990.24,22.07,242,2021-09-01,2022-04-30,8
3545001,Salesópolis,SP,2023,1236.48,21.46,242,2022-09-01,2023-04-30,7
3545001,Salesópolis,SP,2024,1041.19,23.72,243,2023-09-01,2024-04-30,9
3545001,Salesópolis,SP,2025,969.76,23.03,242,2024-09-01,2025-04-30,14
3545001,Salesópolis,SP,2026,759.21,22.52,242,2025-09-01,2026-04-30,16
3545100,Salmourão,SP,2010,1236.56,24.7,242,2009-09-01,2010-04-30,16
3545100,Salmourão,SP,2011,1144.95,24.82,242,2010-09-01,2011-04-30,16
3545100,Salmourão,SP,2012,714.46,25.67,243,2011-09-01,2012-04-30,13
3545100,Salmourão,SP,2013,1011.71,25.44,242,2012-09-01,2013-04-30,18
3545100,Salmourão,SP,2014,630.14,26.07,242,2013-09-01,2014-04-30,16
3545100,Salmourão,SP,2015,1003.11,25.6,242,2014-09-01,2015-04-30,18
3545100,Salmourão,SP,2016,1362.3,25.55,243,2015-09-01,2016-04-30,30
3545100,Salmourão,SP,2017,910.1,24.47,242,2016-09-01,2017-04-30,13
3545100,Salmourão,SP,2018,1122.52,25.2,242,2017-09-01,2018-04-30,28
3545100,Salmourão,SP,2019,1014.26,25.71,242,2018-09-01,2019-04-30,14
3545100,Salmourão,SP,2020,930.46,26.29,243,2019-09-01,2020-04-30,16
3545100,Salmourão,SP,2021,617.0,27.07,242,2020-09-01,2021-04-30,18
3545100,Salmourão,SP,2022,907.11,26.21,242,2021-09-01,2022-04-30,14
3545100,Salmourão,SP,2023,922.6,24.9,242,2022-09-01,2023-04-30,8
3545100,Salmourão,SP,2024,630.16,28.93,243,2023-09-01,2024-04-30,16
3545100,Salmourão,SP,2025,709.3,27.58,242,2024-09-01,2025-04-30,15
3545100,Salmourão,SP,2026,750.02,26.74,242,2025-09-01,2026-04-30,21
3545159,Saltinho,SP,2010,1443.1,22.87,242,2009-09-01,2010-04-30,14
3545159,Saltinho,SP,2011,1109.65,22.87,242,2010-09-01,2011-04-30,14
3545159,Saltinho,SP,2012,925.98,23.0,243,2011-09-01,2012-04-30,22
3545159,Saltinho,SP,2013,1093.02,23.28,242,2012-09-01,2013-04-30,19
3545159,Saltinho,SP,2014,688.23,23.98,242,2013-09-01,2014-04-30,12
3545159,Saltinho,SP,2015,885.74,23.87,242,2014-09-01,2015-04-30,17
3545159,Saltinho,SP,2016,1259.92,23.88,243,2015-09-01,2016-04-30,27
3545159,Saltinho,SP,2017,1009.69,22.97,242,2016-09-01,2017-04-30,16
3545159,Saltinho,SP,2018,877.03,23.6,242,2017-09-01,2018-04-30,28
3545159,Saltinho,SP,2019,1143.22,23.61,242,2018-09-01,2019-04-30,14
3545159,Saltinho,SP,2020,999.25,23.59,243,2019-09-01,2020-04-30,16
3545159,Saltinho,SP,2021,590.56,24.63,242,2020-09-01,2021-04-30,21
3545159,Saltinho,SP,2022,921.43,23.75,242,2021-09-01,2022-04-30,14
3545159,Saltinho,SP,2023,1143.79,22.48,242,2022-09-01,2023-04-30,9
3545159,Saltinho,SP,2024,780.23,25.89,243,2023-09-01,2024-04-30,12
3545159,Saltinho,SP,2025,698.98,25.04,242,2024-09-01,2025-04-30,17
3545159,Saltinho,SP,2026,733.68,24.31,242,2025-09-01,2026-04-30,20
3545209,Salto,SP,2010,1443.1,22.87,242,2009-09-01,2010-04-30,14
3545209,Salto,SP,2011,1109.65,22.87,242,2010-09-01,2011-04-30,14
3545209,Salto,SP,2012,925.98,23.0,243,2011-09-01,2012-04-30,22
3545209,Salto,SP,2013,1093.02,23.28,242,2012-09-01,2013-04-30,19
3545209,Salto,SP,2014,688.23,23.98,242,2013-09-01,2014-04-30,12
3545209,Salto,SP,2015,885.74,23.87,242,2014-09-01,2015-04-30,17
3545209,Salto,SP,2016,1259.92,23.88,243,2015-09-01,2016-04-30,27
3545209,Salto,SP,2017,1009.69,22.97,242,2016-09-01,2017-04-30,16
3545209,Salto,SP,2018,877.03,23.6,242,2017-09-01,2018-04-30,28
3545209,Salto,SP,2019,1143.22,23.61,242,2018-09-01,2019-04-30,14
3545209,Salto,SP,2020,999.25,23.59,243,2019-09-01,2020-04-30,16
3545209,Salto,SP,2021,590.56,24.63,242,2020-09-01,2021-04-30,21
3545209,Salto,SP,2022,921.43,23.75,242,2021-09-01,2022-04-30,14
3545209,Salto,SP,2023,1143.79,22.48,242,2022-09-01,2023-04-30,9
3545209,Salto,SP,2024,780.23,25.89,243,2023-09-01,2024-04-30,12
3545209,Salto,SP,2025,698.98,25.04,242,2024-09-01,2025-04-30,17
3545209,Salto,SP,2026,733.68,24.31,242,2025-09-01,2026-04-30,20
3545308,Salto de Pirapora,SP,2010,1548.7,21.59,242,2009-09-01,2010-04-30,12
3545308,Salto de Pirapora,SP,2011,1208.16,21.35,242,2010-09-01,2011-04-30,8
3545308,Salto de Pirapora,SP,2012,884.05,21.48,243,2011-09-01,2012-04-30,13
3545308,Salto de Pirapora,SP,2013,1041.36,21.89,242,2012-09-01,2013-04-30,19
3545308,Salto de Pirapora,SP,2014,714.51,22.49,242,2013-09-01,2014-04-30,13
3545308,Salto de Pirapora,SP,2015,852.53,22.53,242,2014-09-01,2015-04-30,16
3545308,Salto de Pirapora,SP,2016,1261.59,22.56,243,2015-09-01,2016-04-30,26
3545308,Salto de Pirapora,SP,2017,1057.39,21.56,242,2016-09-01,2017-04-30,13
3545308,Salto de Pirapora,SP,2018,864.02,22.11,242,2017-09-01,2018-04-30,28
3545308,Salto de Pirapora,SP,2019,1159.73,22.35,242,2018-09-01,2019-04-30,8
3545308,Salto de Pirapora,SP,2020,1047.14,21.97,243,2019-09-01,2020-04-30,22
3545308,Salto de Pirapora,SP,2021,662.21,22.83,242,2020-09-01,2021-04-30,19
3545308,Salto de Pirapora,SP,2022,1011.81,22.13,242,2021-09-01,2022-04-30,14
3545308,Salto de Pirapora,SP,2023,1305.91,20.95,242,2022-09-01,2023-04-30,7
3545308,Salto de Pirapora,SP,2024,849.66,24.1,243,2023-09-01,2024-04-30,13
3545308,Salto de Pirapora,SP,2025,738.44,23.44,242,2024-09-01,2025-04-30,14
3545308,Salto de Pirapora,SP,2026,710.6,22.79,242,2025-09-01,2026-04-30,20
3545407,Salto Grande,SP,2010,1392.71,23.68,242,2009-09-01,2010-04-30,16
3545407,Salto Grande,SP,2011,927.56,23.84,242,2010-09-01,2011-04-30,15
3545407,Salto Grande,SP,2012,819.47,24.48,243,2011-09-01,2012-04-30,13
3545407,Salto Grande,SP,2013,943.07,24.5,242,2012-09-01,2013-04-30,17
3545407,Salto Grande,SP,2014,976.22,24.29,242,2013-09-01,2014-04-30,13
3545407,Salto Grande,SP,2015,1044.2,24.28,242,2014-09-01,2015-04-30,17
3545407,Salto Grande,SP,2016,1729.39,24.18,243,2015-09-01,2016-04-30,24
3545407,Salto Grande,SP,2017,1038.49,23.35,242,2016-09-01,2017-04-30,13
3545407,Salto Grande,SP,2018,1143.58,24.02,242,2017-09-01,2018-04-30,28
3545407,Salto Grande,SP,2019,1028.09,24.56,242,2018-09-01,2019-04-30,14
3545407,Salto Grande,SP,2020,824.95,25.21,243,2019-09-01,2020-04-30,17
3545407,Salto Grande,SP,2021,728.1,25.17,242,2020-09-01,2021-04-30,20
3545407,Salto Grande,SP,2022,927.7,24.89,242,2021-09-01,2022-04-30,14
3545407,Salto Grande,SP,2023,1189.14,23.1,242,2022-09-01,2023-04-30,9
3545407,Salto Grande,SP,2024,731.89,27.04,243,2023-09-01,2024-04-30,14
3545407,Salto Grande,SP,2025,681.24,26.11,242,2024-09-01,2025-04-30,14
3545407,Salto Grande,SP,2026,814.67,25.17,242,2025-09-01,2026-04-30,20
3545506,Sandovalina,SP,2010,1734.99,24.52,242,2009-09-01,2010-04-30,15
3545506,Sandovalina,SP,2011,1344.58,24.46,242,2010-09-01,2011-04-30,16
3545506,Sandovalina,SP,2012,857.33,25.43,243,2011-09-01,2012-04-30,12
3545506,Sandovalina,SP,2013,1030.35,25.38,242,2012-09-01,2013-04-30,18
3545506,Sandovalina,SP,2014,1022.57,25.2,242,2013-09-01,2014-04-30,12
3545506,Sandovalina,SP,2015,1000.34,25.44,242,2014-09-01,2015-04-30,12
3545506,Sandovalina,SP,2016,1562.58,25.16,243,2015-09-01,2016-04-30,24
3545506,Sandovalina,SP,2017,884.19,24.52,242,2016-09-01,2017-04-30,13
3545506,Sandovalina,SP,2018,1179.8,25.01,242,2017-09-01,2018-04-30,28
3545506,Sandovalina,SP,2019,1004.53,25.66,242,2018-09-01,2019-04-30,11
3545506,Sandovalina,SP,2020,839.85,26.28,243,2019-09-01,2020-04-30,16
3545506,Sandovalina,SP,2021,700.22,26.21,242,2020-09-01,2021-04-30,19
3545506,Sandovalina,SP,2022,842.76,26.21,242,2021-09-01,2022-04-30,10
3545506,Sandovalina,SP,2023,1164.78,24.19,242,2022-09-01,2023-04-30,9
3545506,Sandovalina,SP,2024,750.1,28.17,243,2023-09-01,2024-04-30,16
3545506,Sandovalina,SP,2025,752.36,27.04,242,2024-09-01,2025-04-30,14
3545506,Sandovalina,SP,2026,904.81,26.09,242,2025-09-01,2026-04-30,20
3545605,Santa Adélia,SP,2010,1105.13,24.36,242,2009-09-01,2010-04-30,17
3545605,Santa Adélia,SP,2011,1208.26,24.68,242,2010-09-01,2011-04-30,16
3545605,Santa Adélia,SP,2012,933.34,24.79,243,2011-09-01,2012-04-30,14
3545605,Santa Adélia,SP,2013,1041.74,24.98,242,2012-09-01,2013-04-30,16
3545605,Santa Adélia,SP,2014,860.18,25.31,242,2013-09-01,2014-04-30,11
3545605,Santa Adélia,SP,2015,823.63,25.55,242,2014-09-01,2015-04-30,18
3545605,Santa Adélia,SP,2016,1206.26,25.27,243,2015-09-01,2016-04-30,28
3545605,Santa Adélia,SP,2017,905.05,24.75,242,2016-09-01,2017-04-30,13
3545605,Santa Adélia,SP,2018,963.54,25.21,242,2017-09-01,2018-04-30,28
3545605,Santa Adélia,SP,2019,945.9,25.45,242,2018-09-01,2019-04-30,15
3545605,Santa Adélia,SP,2020,920.4,25.78,243,2019-09-01,2020-04-30,22
3545605,Santa Adélia,SP,2021,609.43,26.65,242,2020-09-01,2021-04-30,18
3545605,Santa Adélia,SP,2022,1042.52,25.32,242,2021-09-01,2022-04-30,16
3545605,Santa Adélia,SP,2023,1038.05,24.47,242,2022-09-01,2023-04-30,11
3545605,Santa Adélia,SP,2024,661.64,28.29,243,2023-09-01,2024-04-30,13
3545605,Santa Adélia,SP,2025,869.1,26.62,242,2024-09-01,2025-04-30,39
3545605,Santa Adélia,SP,2026,904.03,25.7,242,2025-09-01,2026-04-30,20
3545704,Santa Albertina,SP,2010,1468.55,25.4,242,2009-09-01,2010-04-30,26
3545704,Santa Albertina,SP,2011,1502.98,25.74,242,2010-09-01,2011-04-30,23
3545704,Santa Albertina,SP,2012,945.27,26.18,243,2011-09-01,2012-04-30,18
3545704,Santa Albertina,SP,2013,995.03,26.42,242,2012-09-01,2013-04-30,18
3545704,Santa Albertina,SP,2014,834.82,26.72,242,2013-09-01,2014-04-30,12
3545704,Santa Albertina,SP,2015,1124.29,26.27,242,2014-09-01,2015-04-30,16
3545704,Santa Albertina,SP,2016,1120.91,26.75,243,2015-09-01,2016-04-30,23
3545704,Santa Albertina,SP,2017,1130.85,25.65,242,2016-09-01,2017-04-30,13
3545704,Santa Albertina,SP,2018,1130.61,26.16,242,2017-09-01,2018-04-30,28
3545704,Santa Albertina,SP,2019,1083.96,26.57,242,2018-09-01,2019-04-30,13
3545704,Santa Albertina,SP,2020,917.22,27.21,243,2019-09-01,2020-04-30,17
3545704,Santa Albertina,SP,2021,535.28,28.32,242,2020-09-01,2021-04-30,20
3545704,Santa Albertina,SP,2022,1052.6,26.79,242,2021-09-01,2022-04-30,16
3545704,Santa Albertina,SP,2023,1222.73,25.72,242,2022-09-01,2023-04-30,9
3545704,Santa Albertina,SP,2024,761.74,29.44,243,2023-09-01,2024-04-30,14
3545704,Santa Albertina,SP,2025,751.1,28.16,242,2024-09-01,2025-04-30,39
3545704,Santa Albertina,SP,2026,739.06,27.73,242,2025-09-01,2026-04-30,21
3545803,Santa Bárbara d'Oeste,SP,2010,1443.1,22.87,242,2009-09-01,2010-04-30,14
3545803,Santa Bárbara d'Oeste,SP,2011,1109.65,22.87,242,2010-09-01,2011-04-30,14
3545803,Santa Bárbara d'Oeste,SP,2012,925.98,23.0,243,2011-09-01,2012-04-30,22
3545803,Santa Bárbara d'Oeste,SP,2013,1093.02,23.28,242,2012-09-01,2013-04-30,19
3545803,Santa Bárbara d'Oeste,SP,2014,688.23,23.98,242,2013-09-01,2014-04-30,12
3545803,Santa Bárbara d'Oeste,SP,2015,885.74,23.87,242,2014-09-01,2015-04-30,17
3545803,Santa Bárbara d'Oeste,SP,2016,1259.92,23.88,243,2015-09-01,2016-04-30,27
3545803,Santa Bárbara d'Oeste,SP,2017,1009.69,22.97,242,2016-09-01,2017-04-30,16
3545803,Santa Bárbara d'Oeste,SP,2018,877.03,23.6,242,2017-09-01,2018-04-30,28
3545803,Santa Bárbara d'Oeste,SP,2019,1143.22,23.61,242,2018-09-01,2019-04-30,14
3545803,Santa Bárbara d'Oeste,SP,2020,999.25,23.59,243,2019-09-01,2020-04-30,16
3545803,Santa Bárbara d'Oeste,SP,2021,590.56,24.63,242,2020-09-01,2021-04-30,21
3545803,Santa Bárbara d'Oeste,SP,2022,921.43,23.75,242,2021-09-01,2022-04-30,14
3545803,Santa Bárbara d'Oeste,SP,2023,1143.79,22.48,242,2022-09-01,2023-04-30,9
3545803,Santa Bárbara d'Oeste,SP,2024,780.23,25.89,243,2023-09-01,2024-04-30,12
3545803,Santa Bárbara d'Oeste,SP,2025,698.98,25.04,242,2024-09-01,2025-04-30,17
3545803,Santa Bárbara d'Oeste,SP,2026,733.68,24.31,242,2025-09-01,2026-04-30,20
3546009,Santa Branca,SP,2010,1554.35,22.36,242,2009-09-01,2010-04-30,12
3546009,Santa Branca,SP,2011,1500.86,21.68,242,2010-09-01,2011-04-30,10
3546009,Santa Branca,SP,2012,864.16,21.56,243,2011-09-01,2012-04-30,13
3546009,Santa Branca,SP,2013,986.72,22.14,242,2012-09-01,2013-04-30,19
3546009,Santa Branca,SP,2014,757.83,22.57,242,2013-09-01,2014-04-30,18
3546009,Santa Branca,SP,2015,842.74,22.65,242,2014-09-01,2015-04-30,16
3546009,Santa Branca,SP,2016,1302.59,22.96,243,2015-09-01,2016-04-30,25
3546009,Santa Branca,SP,2017,1240.01,21.83,242,2016-09-01,2017-04-30,14
3546009,Santa Branca,SP,2018,1054.42,22.17,242,2017-09-01,2018-04-30,27
3546009,Santa Branca,SP,2019,1406.33,22.44,242,2018-09-01,2019-04-30,8
3546009,Santa Branca,SP,2020,951.33,21.9,243,2019-09-01,2020-04-30,14
3546009,Santa Branca,SP,2021,1035.97,22.53,242,2020-09-01,2021-04-30,19
3546009,Santa Branca,SP,2022,990.24,22.07,242,2021-09-01,2022-04-30,8
3546009,Santa Branca,SP,2023,1236.48,21.46,242,2022-09-01,2023-04-30,7
3546009,Santa Branca,SP,2024,1041.19,23.72,243,2023-09-01,2024-04-30,9
3546009,Santa Branca,SP,2025,969.76,23.03,242,2024-09-01,2025-04-30,14
3546009,Santa Branca,SP,2026,759.21,22.52,242,2025-09-01,2026-04-30,16
3546108,Santa Clara d'Oeste,SP,2010,1543.84,25.55,242,2009-09-01,2010-04-30,24
3546108,Santa Clara d'Oeste,SP,2011,1555.63,25.56,242,2010-09-01,2011-04-30,23
3546108,Santa Clara d'Oeste,SP,2012,856.03,25.91,243,2011-09-01,2012-04-30,14
3546108,Santa Clara d'Oeste,SP,2013,972.32,26.5,242,2012-09-01,2013-04-30,18
3546108,Santa Clara d'Oeste,SP,2014,806.19,26.87,242,2013-09-01,2014-04-30,14
3546108,Santa Clara d'Oeste,SP,2015,1049.55,26.63,242,2014-09-01,2015-04-30,16
3546108,Santa Clara d'Oeste,SP,2016,1069.34,26.95,243,2015-09-01,2016-04-30,30
3546108,Santa Clara d'Oeste,SP,2017,1088.7,25.73,242,2016-09-01,2017-04-30,13
3546108,Santa Clara d'Oeste,SP,2018,1098.82,26.11,242,2017-09-01,2018-04-30,28
3546108,Santa Clara d'Oeste,SP,2019,1138.85,26.58,242,2018-09-01,2019-04-30,13
3546108,Santa Clara d'Oeste,SP,2020,914.04,27.34,243,2019-09-01,2020-04-30,17
3546108,Santa Clara d'Oeste,SP,2021,515.26,28.49,242,2020-09-01,2021-04-30,27
3546108,Santa Clara d'Oeste,SP,2022,1006.07,26.96,242,2021-09-01,2022-04-30,11
3546108,Santa Clara d'Oeste,SP,2023,1116.56,25.82,242,2022-09-01,2023-04-30,7
3546108,Santa Clara d'Oeste,SP,2024,757.09,29.53,243,2023-09-01,2024-04-30,14
3546108,Santa Clara d'Oeste,SP,2025,741.06,28.34,242,2024-09-01,2025-04-30,15
3546108,Santa Clara d'Oeste,SP,2026,617.64,28.25,242,2025-09-01,2026-04-30,20
3546207,Santa Cruz da Conceição,SP,2010,1326.05,22.99,242,2009-09-01,2010-04-30,16
3546207,Santa Cruz da Conceição,SP,2011,1088.56,23.48,242,2010-09-01,2011-04-30,13
3546207,Santa Cruz da Conceição,SP,2012,971.16,23.36,243,2011-09-01,2012-04-30,16
3546207,Santa Cruz da Conceição,SP,2013,1187.62,23.47,242,2012-09-01,2013-04-30,19
3546207,Santa Cruz da Conceição,SP,2014,724.26,24.28,242,2013-09-01,2014-04-30,13
3546207,Santa Cruz da Conceição,SP,2015,992.76,23.85,242,2014-09-01,2015-04-30,19
3546207,Santa Cruz da Conceição,SP,2016,1286.2,24.0,243,2015-09-01,2016-04-30,28
3546207,Santa Cruz da Conceição,SP,2017,905.04,23.4,242,2016-09-01,2017-04-30,16
3546207,Santa Cruz da Conceição,SP,2018,908.81,23.97,242,2017-09-01,2018-04-30,28
3546207,Santa Cruz da Conceição,SP,2019,1094.55,23.68,242,2018-09-01,2019-04-30,13
3546207,Santa Cruz da Conceição,SP,2020,1036.59,23.98,243,2019-09-01,2020-04-30,19
3546207,Santa Cruz da Conceição,SP,2021,620.13,25.04,242,2020-09-01,2021-04-30,18
3546207,Santa Cruz da Conceição,SP,2022,1086.21,23.73,242,2021-09-01,2022-04-30,15
3546207,Santa Cruz da Conceição,SP,2023,1268.02,22.7,242,2022-09-01,2023-04-30,7
3546207,Santa Cruz da Conceição,SP,2024,782.98,26.26,243,2023-09-01,2024-04-30,12
3546207,Santa Cruz da Conceição,SP,2025,785.86,25.28,242,2024-09-01,2025-04-30,18
3546207,Santa Cruz da Conceição,SP,2026,872.0,24.14,242,2025-09-01,2026-04-30,21
3546256,Santa Cruz da Esperança,SP,2010,1260.0,23.29,242,2009-09-01,2010-04-30,16
3546256,Santa Cruz da Esperança,SP,2011,1226.22,23.59,242,2010-09-01,2011-04-30,12
3546256,Santa Cruz da Esperança,SP,2012,1031.95,23.56,243,2011-09-01,2012-04-30,16
3546256,Santa Cruz da Esperança,SP,2013,1126.35,23.72,242,2012-09-01,2013-04-30,19
3546256,Santa Cruz da Esperança,SP,2014,677.89,24.75,242,2013-09-01,2014-04-30,13
3546256,Santa Cruz da Esperança,SP,2015,942.08,24.25,242,2014-09-01,2015-04-30,21
3546256,Santa Cruz da Esperança,SP,2016,1265.35,24.26,243,2015-09-01,2016-04-30,26
3546256,Santa Cruz da Esperança,SP,2017,905.3,23.76,242,2016-09-01,2017-04-30,20
3546256,Santa Cruz da Esperança,SP,2018,967.72,24.16,242,2017-09-01,2018-04-30,28
3546256,Santa Cruz da Esperança,SP,2019,1155.06,23.93,242,2018-09-01,2019-04-30,13
3546256,Santa Cruz da Esperança,SP,2020,1041.62,24.36,243,2019-09-01,2020-04-30,18
3546256,Santa Cruz da Esperança,SP,2021,620.79,25.36,242,2020-09-01,2021-04-30,18
3546256,Santa Cruz da Esperança,SP,2022,1082.44,24.05,242,2021-09-01,2022-04-30,16
3546256,Santa Cruz da Esperança,SP,2023,1239.22,23.07,242,2022-09-01,2023-04-30,7
3546256,Santa Cruz da Esperança,SP,2024,787.75,26.55,243,2023-09-01,2024-04-30,12
3546256,Santa Cruz da Esperança,SP,2025,875.21,25.48,242,2024-09-01,2025-04-30,18
3546256,Santa Cruz da Esperança,SP,2026,913.03,24.35,242,2025-09-01,2026-04-30,21
3546306,Santa Cruz das Palmeiras,SP,2010,1326.05,22.99,242,2009-09-01,2010-04-30,16
3546306,Santa Cruz das Palmeiras,SP,2011,1088.56,23.48,242,2010-09-01,2011-04-30,13
3546306,Santa Cruz das Palmeiras,SP,2012,971.16,23.36,243,2011-09-01,2012-04-30,16
3546306,Santa Cruz das Palmeiras,SP,2013,1187.62,23.47,242,2012-09-01,2013-04-30,19
3546306,Santa Cruz das Palmeiras,SP,2014,724.26,24.28,242,2013-09-01,2014-04-30,13
3546306,Santa Cruz das Palmeiras,SP,2015,992.76,23.85,242,2014-09-01,2015-04-30,19
3546306,Santa Cruz das Palmeiras,SP,2016,1286.2,24.0,243,2015-09-01,2016-04-30,28
3546306,Santa Cruz das Palmeiras,SP,2017,905.04,23.4,242,2016-09-01,2017-04-30,16
3546306,Santa Cruz das Palmeiras,SP,2018,908.81,23.97,242,2017-09-01,2018-04-30,28
3546306,Santa Cruz das Palmeiras,SP,2019,1094.55,23.68,242,2018-09-01,2019-04-30,13
3546306,Santa Cruz das Palmeiras,SP,2020,1036.59,23.98,243,2019-09-01,2020-04-30,19
3546306,Santa Cruz das Palmeiras,SP,2021,620.13,25.04,242,2020-09-01,2021-04-30,18
3546306,Santa Cruz das Palmeiras,SP,2022,1086.21,23.73,242,2021-09-01,2022-04-30,15
3546306,Santa Cruz das Palmeiras,SP,2023,1268.02,22.7,242,2022-09-01,2023-04-30,7
3546306,Santa Cruz das Palmeiras,SP,2024,782.98,26.26,243,2023-09-01,2024-04-30,12
3546306,Santa Cruz das Palmeiras,SP,2025,785.86,25.28,242,2024-09-01,2025-04-30,18
3546306,Santa Cruz das Palmeiras,SP,2026,872.0,24.14,242,2025-09-01,2026-04-30,21
3546405,Santa Cruz do Rio Pardo,SP,2010,1269.52,23.15,242,2009-09-01,2010-04-30,16
3546405,Santa Cruz do Rio Pardo,SP,2011,969.56,23.05,242,2010-09-01,2011-04-30,15
3546405,Santa Cruz do Rio Pardo,SP,2012,856.88,23.23,243,2011-09-01,2012-04-30,22
3546405,Santa Cruz do Rio Pardo,SP,2013,1056.89,23.44,242,2012-09-01,2013-04-30,18
3546405,Santa Cruz do Rio Pardo,SP,2014,809.47,23.53,242,2013-09-01,2014-04-30,12
3546405,Santa Cruz do Rio Pardo,SP,2015,988.42,23.63,242,2014-09-01,2015-04-30,17
3546405,Santa Cruz do Rio Pardo,SP,2016,1495.77,23.75,243,2015-09-01,2016-04-30,14
3546405,Santa Cruz do Rio Pardo,SP,2017,982.85,22.7,242,2016-09-01,2017-04-30,17
3546405,Santa Cruz do Rio Pardo,SP,2018,1090.44,23.28,242,2017-09-01,2018-04-30,28
3546405,Santa Cruz do Rio Pardo,SP,2019,990.48,23.82,242,2018-09-01,2019-04-30,14
3546405,Santa Cruz do Rio Pardo,SP,2020,751.68,24.16,243,2019-09-01,2020-04-30,18
3546405,Santa Cruz do Rio Pardo,SP,2021,680.11,24.27,242,2020-09-01,2021-04-30,20
3546405,Santa Cruz do Rio Pardo,SP,2022,937.5,23.85,242,2021-09-01,2022-04-30,14
3546405,Santa Cruz do Rio Pardo,SP,2023,1045.16,22.54,242,2022-09-01,2023-04-30,9
3546405,Santa Cruz do Rio Pardo,SP,2024,710.14,25.84,243,2023-09-01,2024-04-30,14
3546405,Santa Cruz do Rio Pardo,SP,2025,664.42,24.99,242,2024-09-01,2025-04-30,14
3546405,Santa Cruz do Rio Pardo,SP,2026,716.02,24.17,242,2025-09-01,2026-04-30,20
3546504,Santa Ernestina,SP,2010,1209.17,23.56,242,2009-09-01,2010-04-30,16
3546504,Santa Ernestina,SP,2011,1191.52,23.92,242,2010-09-01,2011-04-30,12
3546504,Santa Ernestina,SP,2012,1000.27,23.86,243,2011-09-01,2012-04-30,16
3546504,Santa Ernestina,SP,2013,1104.44,24.11,242,2012-09-01,2013-04-30,19
3546504,Santa Ernestina,SP,2014,726.02,24.86,242,2013-09-01,2014-04-30,11
3546504,Santa Ernestina,SP,2015,896.63,24.61,242,2014-09-01,2015-04-30,19
3546504,Santa Ernestina,SP,2016,1279.62,24.56,243,2015-09-01,2016-04-30,27
3546504,Santa Ernestina,SP,2017,901.64,23.94,242,2016-09-01,2017-04-30,12
3546504,Santa Ernestina,SP,2018,966.68,24.5,242,2017-09-01,2018-04-30,28
3546504,Santa Ernestina,SP,2019,1053.47,24.37,242,2018-09-01,2019-04-30,14
3546504,Santa Ernestina,SP,2020,988.92,24.73,243,2019-09-01,2020-04-30,18
3546504,Santa Ernestina,SP,2021,501.23,25.99,242,2020-09-01,2021-04-30,19
3546504,Santa Ernestina,SP,2022,928.43,24.68,242,2021-09-01,2022-04-30,16
3546504,Santa Ernestina,SP,2023,1045.32,23.58,242,2022-09-01,2023-04-30,9
3546504,Santa Ernestina,SP,2024,666.56,27.26,243,2023-09-01,2024-04-30,12
3546504,Santa Ernestina,SP,2025,885.2,25.77,242,2024-09-01,2025-04-30,19
3546504,Santa Ernestina,SP,2026,902.44,24.76,242,2025-09-01,2026-04-30,20
3546603,Santa Fé do Sul,SP,2010,1468.55,25.4,242,2009-09-01,2010-04-30,26
3546603,Santa Fé do Sul,SP,2011,1502.98,25.74,242,2010-09-01,2011-04-30,23
3546603,Santa Fé do Sul,SP,2012,945.27,26.18,243,2011-09-01,2012-04-30,18
3546603,Santa Fé do Sul,SP,2013,995.03,26.42,242,2012-09-01,2013-04-30,18
3546603,Santa Fé do Sul,SP,2014,834.82,26.72,242,2013-09-01,2014-04-30,12
3546603,Santa Fé do Sul,SP,2015,1124.29,26.27,242,2014-09-01,2015-04-30,16
3546603,Santa Fé do Sul,SP,2016,1120.91,26.75,243,2015-09-01,2016-04-30,23
3546603,Santa Fé do Sul,SP,2017,1130.85,25.65,242,2016-09-01,2017-04-30,13
3546603,Santa Fé do Sul,SP,2018,1130.61,26.16,242,2017-09-01,2018-04-30,28
3546603,Santa Fé do Sul,SP,2019,1083.96,26.57,242,2018-09-01,2019-04-30,13
3546603,Santa Fé do Sul,SP,2020,917.22,27.21,243,2019-09-01,2020-04-30,17
3546603,Santa Fé do Sul,SP,2021,535.28,28.32,242,2020-09-01,2021-04-30,20
3546603,Santa Fé do Sul,SP,2022,1052.6,26.79,242,2021-09-01,2022-04-30,16
3546603,Santa Fé do Sul,SP,2023,1222.73,25.72,242,2022-09-01,2023-04-30,9
3546603,Santa Fé do Sul,SP,2024,761.74,29.44,243,2023-09-01,2024-04-30,14
3546603,Santa Fé do Sul,SP,2025,751.1,28.16,242,2024-09-01,2025-04-30,39
3546603,Santa Fé do Sul,SP,2026,739.06,27.73,242,2025-09-01,2026-04-30,21
3546702,Santa Gertrudes,SP,2010,1382.37,22.86,242,2009-09-01,2010-04-30,16
3546702,Santa Gertrudes,SP,2011,1038.21,23.14,242,2010-09-01,2011-04-30,15
3546702,Santa Gertrudes,SP,2012,986.17,23.06,243,2011-09-01,2012-04-30,20
3546702,Santa Gertrudes,SP,2013,1151.87,23.29,242,2012-09-01,2013-04-30,19
3546702,Santa Gertrudes,SP,2014,711.25,23.97,242,2013-09-01,2014-04-30,12
3546702,Santa Gertrudes,SP,2015,958.89,23.78,242,2014-09-01,2015-04-30,17
3546702,Santa Gertrudes,SP,2016,1290.07,23.87,243,2015-09-01,2016-04-30,30
3546702,Santa Gertrudes,SP,2017,1001.31,23.0,242,2016-09-01,2017-04-30,16
3546702,Santa Gertrudes,SP,2018,915.06,23.68,242,2017-09-01,2018-04-30,28
3546702,Santa Gertrudes,SP,2019,1116.07,23.53,242,2018-09-01,2019-04-30,14
3546702,Santa Gertrudes,SP,2020,965.42,23.84,243,2019-09-01,2020-04-30,21
3546702,Santa Gertrudes,SP,2021,572.88,24.9,242,2020-09-01,2021-04-30,21
3546702,Santa Gertrudes,SP,2022,938.29,23.81,242,2021-09-01,2022-04-30,16
3546702,Santa Gertrudes,SP,2023,1136.16,22.62,242,2022-09-01,2023-04-30,9
3546702,Santa Gertrudes,SP,2024,788.72,26.01,243,2023-09-01,2024-04-30,12
3546702,Santa Gertrudes,SP,2025,766.93,25.02,242,2024-09-01,2025-04-30,16
3546702,Santa Gertrudes,SP,2026,827.65,24.15,242,2025-09-01,2026-04-30,20
3546801,Santa Isabel,SP,2010,1708.0,21.63,242,2009-09-01,2010-04-30,11
3546801,Santa Isabel,SP,2011,1612.83,21.03,242,2010-09-01,2011-04-30,10
3546801,Santa Isabel,SP,2012,913.57,20.91,243,2011-09-01,2012-04-30,13
3546801,Santa Isabel,SP,2013,1041.98,21.64,242,2012-09-01,2013-04-30,16
3546801,Santa Isabel,SP,2014,762.83,22.06,242,2013-09-01,2014-04-30,15
3546801,Santa Isabel,SP,2015,814.52,22.19,242,2014-09-01,2015-04-30,16
3546801,Santa Isabel,SP,2016,1155.68,22.52,243,2015-09-01,2016-04-30,25
3546801,Santa Isabel,SP,2017,1111.08,21.41,242,2016-09-01,2017-04-30,14
3546801,Santa Isabel,SP,2018,885.1,21.83,242,2017-09-01,2018-04-30,28
3546801,Santa Isabel,SP,2019,1200.65,22.11,242,2018-09-01,2019-04-30,7
3546801,Santa Isabel,SP,2020,994.6,21.53,243,2019-09-01,2020-04-30,13
3546801,Santa Isabel,SP,2021,850.67,22.12,242,2020-09-01,2021-04-30,19
3546801,Santa Isabel,SP,2022,893.62,21.72,242,2021-09-01,2022-04-30,8
3546801,Santa Isabel,SP,2023,1193.78,20.94,242,2022-09-01,2023-04-30,7
3546801,Santa Isabel,SP,2024,993.45,23.35,243,2023-09-01,2024-04-30,12
3546801,Santa Isabel,SP,2025,845.8,22.73,242,2024-09-01,2025-04-30,14
3546801,Santa Isabel,SP,2026,748.72,22.2,242,2025-09-01,2026-04-30,19
3546900,Santa Lúcia,SP,2010,1209.17,23.56,242,2009-09-01,2010-04-30,16
3546900,Santa Lúcia,SP,2011,1191.52,23.92,242,2010-09-01,2011-04-30,12
3546900,Santa Lúcia,SP,2012,1000.27,23.86,243,2011-09-01,2012-04-30,16
3546900,Santa Lúcia,SP,2013,1104.44,24.11,242,2012-09-01,2013-04-30,19
3546900,Santa Lúcia,SP,2014,726.02,24.86,242,2013-09-01,2014-04-30,11
3546900,Santa Lúcia,SP,2015,896.63,24.61,242,2014-09-01,2015-04-30,19
3546900,Santa Lúcia,SP,2016,1279.62,24.56,243,2015-09-01,2016-04-30,27
3546900,Santa Lúcia,SP,2017,901.64,23.94,242,2016-09-01,2017-04-30,12
3546900,Santa Lúcia,SP,2018,966.68,24.5,242,2017-09-01,2018-04-30,28
3546900,Santa Lúcia,SP,2019,1053.47,24.37,242,2018-09-01,2019-04-30,14
3546900,Santa Lúcia,SP,2020,988.92,24.73,243,2019-09-01,2020-04-30,18
3546900,Santa Lúcia,SP,2021,501.23,25.99,242,2020-09-01,2021-04-30,19
3546900,Santa Lúcia,SP,2022,928.43,24.68,242,2021-09-01,2022-04-30,16
3546900,Santa Lúcia,SP,2023,1045.32,23.58,242,2022-09-01,2023-04-30,9
3546900,Santa Lúcia,SP,2024,666.56,27.26,243,2023-09-01,2024-04-30,12
3546900,Santa Lúcia,SP,2025,885.2,25.77,242,2024-09-01,2025-04-30,19
3546900,Santa Lúcia,SP,2026,902.44,24.76,242,2025-09-01,2026-04-30,20
3547007,Santa Maria da Serra,SP,2010,1321.42,23.34,242,2009-09-01,2010-04-30,16
3547007,Santa Maria da Serra,SP,2011,1062.18,23.38,242,2010-09-01,2011-04-30,17
3547007,Santa Maria da Serra,SP,2012,937.64,23.35,243,2011-09-01,2012-04-30,16
3547007,Santa Maria da Serra,SP,2013,1167.92,23.69,242,2012-09-01,2013-04-30,19
3547007,Santa Maria da Serra,SP,2014,713.61,24.05,242,2013-09-01,2014-04-30,12
3547007,Santa Maria da Serra,SP,2015,929.95,24.2,242,2014-09-01,2015-04-30,17
3547007,Santa Maria da Serra,SP,2016,1313.53,24.32,243,2015-09-01,2016-04-30,29
3547007,Santa Maria da Serra,SP,2017,939.92,23.2,242,2016-09-01,2017-04-30,16
3547007,Santa Maria da Serra,SP,2018,921.66,23.95,242,2017-09-01,2018-04-30,28
3547007,Santa Maria da Serra,SP,2019,991.9,24.12,242,2018-09-01,2019-04-30,14
3547007,Santa Maria da Serra,SP,2020,799.35,24.36,243,2019-09-01,2020-04-30,16
3547007,Santa Maria da Serra,SP,2021,487.81,25.21,242,2020-09-01,2021-04-30,21
3547007,Santa Maria da Serra,SP,2022,946.13,24.17,242,2021-09-01,2022-04-30,16
3547007,Santa Maria da Serra,SP,2023,949.0,23.15,242,2022-09-01,2023-04-30,9
3547007,Santa Maria da Serra,SP,2024,637.02,26.48,243,2023-09-01,2024-04-30,12
3547007,Santa Maria da Serra,SP,2025,677.21,25.41,242,2024-09-01,2025-04-30,15
3547007,Santa Maria da Serra,SP,2026,717.36,24.56,242,2025-09-01,2026-04-30,20
3547106,Santa Mercedes,SP,2010,1498.03,25.3,242,2009-09-01,2010-04-30,15
3547106,Santa Mercedes,SP,2011,1289.37,25.42,242,2010-09-01,2011-04-30,16
3547106,Santa Mercedes,SP,2012,930.04,26.18,243,2011-09-01,2012-04-30,13
3547106,Santa Mercedes,SP,2013,1060.39,26.21,242,2012-09-01,2013-04-30,18
3547106,Santa Mercedes,SP,2014,866.54,26.53,242,2013-09-01,2014-04-30,16
3547106,Santa Mercedes,SP,2015,1037.64,26.4,242,2014-09-01,2015-04-30,17
3547106,Santa Mercedes,SP,2016,1393.9,26.15,243,2015-09-01,2016-04-30,29
3547106,Santa Mercedes,SP,2017,902.04,25.37,242,2016-09-01,2017-04-30,13
3547106,Santa Mercedes,SP,2018,1233.07,25.7,242,2017-09-01,2018-04-30,28
3547106,Santa Mercedes,SP,2019,951.35,26.8,242,2018-09-01,2019-04-30,14
3547106,Santa Mercedes,SP,2020,894.14,27.27,243,2019-09-01,2020-04-30,16
3547106,Santa Mercedes,SP,2021,554.29,28.19,242,2020-09-01,2021-04-30,20
3547106,Santa Mercedes,SP,2022,800.72,27.44,242,2021-09-01,2022-04-30,10
3547106,Santa Mercedes,SP,2023,1030.28,25.49,242,2022-09-01,2023-04-30,9
3547106,Santa Mercedes,SP,2024,720.41,29.56,243,2023-09-01,2024-04-30,15
3547106,Santa Mercedes,SP,2025,831.58,28.19,242,2024-09-01,2025-04-30,15
3547106,Santa Mercedes,SP,2026,756.64,27.64,242,2025-09-01,2026-04-30,20
3547205,Santana da Ponte Pensa,SP,2010,1346.18,25.27,242,2009-09-01,2010-04-30,25
3547205,Santana da Ponte Pensa,SP,2011,1462.0,25.57,242,2010-09-01,2011-04-30,23
3547205,Santana da Ponte Pensa,SP,2012,903.31,25.89,243,2011-09-01,2012-04-30,11
3547205,Santana da Ponte Pensa,SP,2013,980.99,26.22,242,2012-09-01,2013-04-30,18
3547205,Santana da Ponte Pensa,SP,2014,821.59,26.6,242,2013-09-01,2014-04-30,14
3547205,Santana da Ponte Pensa,SP,2015,1119.3,26.19,242,2014-09-01,2015-04-30,17
3547205,Santana da Ponte Pensa,SP,2016,1259.66,26.28,243,2015-09-01,2016-04-30,30
3547205,Santana da Ponte Pensa,SP,2017,1096.46,25.39,242,2016-09-01,2017-04-30,13
3547205,Santana da Ponte Pensa,SP,2018,1157.68,25.87,242,2017-09-01,2018-04-30,28
3547205,Santana da Ponte Pensa,SP,2019,998.87,26.61,242,2018-09-01,2019-04-30,14
3547205,Santana da Ponte Pensa,SP,2020,942.26,27.01,243,2019-09-01,2020-04-30,17
3547205,Santana da Ponte Pensa,SP,2021,489.72,28.4,242,2020-09-01,2021-04-30,18
3547205,Santana da Ponte Pensa,SP,2022,972.46,26.75,242,2021-09-01,2022-04-30,16
3547205,Santana da Ponte Pensa,SP,2023,1070.0,25.59,242,2022-09-01,2023-04-30,9
3547205,Santana da Ponte Pensa,SP,2024,782.78,29.3,243,2023-09-01,2024-04-30,14
3547205,Santana da Ponte Pensa,SP,2025,805.05,27.93,242,2024-09-01,2025-04-30,22
3547205,Santana da Ponte Pensa,SP,2026,778.93,27.5,242,2025-09-01,2026-04-30,21
3547304,Santana de Parnaíba,SP,2010,1666.75,21.09,242,2009-09-01,2010-04-30,12
3547304,Santana de Parnaíba,SP,2011,1464.75,20.61,242,2010-09-01,2011-04-30,11
3547304,Santana de Parnaíba,SP,2012,924.14,20.5,243,2011-09-01,2012-04-30,13
3547304,Santana de Parnaíba,SP,2013,1098.88,21.22,242,2012-09-01,2013-04-30,16
3547304,Santana de Parnaíba,SP,2014,769.94,21.63,242,2013-09-01,2014-04-30,14
3547304,Santana de Parnaíba,SP,2015,854.33,21.79,242,2014-09-01,2015-04-30,16
3547304,Santana de Parnaíba,SP,2016,1250.66,22.01,243,2015-09-01,2016-04-30,26
3547304,Santana de Parnaíba,SP,2017,1090.54,20.97,242,2016-09-01,2017-04-30,13
3547304,Santana de Parnaíba,SP,2018,791.1,21.55,242,2017-09-01,2018-04-30,28
3547304,Santana de Parnaíba,SP,2019,1156.14,21.76,242,2018-09-01,2019-04-30,8
3547304,Santana de Parnaíba,SP,2020,1119.16,21.26,243,2019-09-01,2020-04-30,12
3547304,Santana de Parnaíba,SP,2021,691.92,21.98,242,2020-09-01,2021-04-30,19
3547304,Santana de Parnaíba,SP,2022,1015.37,21.37,242,2021-09-01,2022-04-30,12
3547304,Santana de Parnaíba,SP,2023,1308.23,20.46,242,2022-09-01,2023-04-30,7
3547304,Santana de Parnaíba,SP,2024,894.85,23.27,243,2023-09-01,2024-04-30,13
3547304,Santana de Parnaíba,SP,2025,775.9,22.58,242,2024-09-01,2025-04-30,14
3547304,Santana de Parnaíba,SP,2026,754.23,21.95,242,2025-09-01,2026-04-30,20
3547403,Santa Rita d'Oeste,SP,2010,1468.55,25.4,242,2009-09-01,2010-04-30,26
3547403,Santa Rita d'Oeste,SP,2011,1502.98,25.74,242,2010-09-01,2011-04-30,23
3547403,Santa Rita d'Oeste,SP,2012,945.27,26.18,243,2011-09-01,2012-04-30,18
3547403,Santa Rita d'Oeste,SP,2013,995.03,26.42,242,2012-09-01,2013-04-30,18
3547403,Santa Rita d'Oeste,SP,2014,834.82,26.72,242,2013-09-01,2014-04-30,12
3547403,Santa Rita d'Oeste,SP,2015,1124.29,26.27,242,2014-09-01,2015-04-30,16
3547403,Santa Rita d'Oeste,SP,2016,1120.91,26.75,243,2015-09-01,2016-04-30,23
3547403,Santa Rita d'Oeste,SP,2017,1130.85,25.65,242,2016-09-01,2017-04-30,13
3547403,Santa Rita d'Oeste,SP,2018,1130.61,26.16,242,2017-09-01,2018-04-30,28
3547403,Santa Rita d'Oeste,SP,2019,1083.96,26.57,242,2018-09-01,2019-04-30,13
3547403,Santa Rita d'Oeste,SP,2020,917.22,27.21,243,2019-09-01,2020-04-30,17
3547403,Santa Rita d'Oeste,SP,2021,535.28,28.32,242,2020-09-01,2021-04-30,20
3547403,Santa Rita d'Oeste,SP,2022,1052.6,26.79,242,2021-09-01,2022-04-30,16
3547403,Santa Rita d'Oeste,SP,2023,1222.73,25.72,242,2022-09-01,2023-04-30,9
3547403,Santa Rita d'Oeste,SP,2024,761.74,29.44,243,2023-09-01,2024-04-30,14
3547403,Santa Rita d'Oeste,SP,2025,751.1,28.16,242,2024-09-01,2025-04-30,39
3547403,Santa Rita d'Oeste,SP,2026,739.06,27.73,242,2025-09-01,2026-04-30,21
3547502,Santa Rita do Passa Quatro,SP,2010,1260.0,23.29,242,2009-09-01,2010-04-30,16
3547502,Santa Rita do Passa Quatro,SP,2011,1226.22,23.59,242,2010-09-01,2011-04-30,12
3547502,Santa Rita do Passa Quatro,SP,2012,1031.95,23.56,243,2011-09-01,2012-04-30,16
3547502,Santa Rita do Passa Quatro,SP,2013,1126.35,23.72,242,2012-09-01,2013-04-30,19
3547502,Santa Rita do Passa Quatro,SP,2014,677.89,24.75,242,2013-09-01,2014-04-30,13
3547502,Santa Rita do Passa Quatro,SP,2015,942.08,24.25,242,2014-09-01,2015-04-30,21
3547502,Santa Rita do Passa Quatro,SP,2016,1265.35,24.26,243,2015-09-01,2016-04-30,26
3547502,Santa Rita do Passa Quatro,SP,2017,905.3,23.76,242,2016-09-01,2017-04-30,20
3547502,Santa Rita do Passa Quatro,SP,2018,967.72,24.16,242,2017-09-01,2018-04-30,28
3547502,Santa Rita do Passa Quatro,SP,2019,1155.06,23.93,242,2018-09-01,2019-04-30,13
3547502,Santa Rita do Passa Quatro,SP,2020,1041.62,24.36,243,2019-09-01,2020-04-30,18
3547502,Santa Rita do Passa Quatro,SP,2021,620.79,25.36,242,2020-09-01,2021-04-30,18
3547502,Santa Rita do Passa Quatro,SP,2022,1082.44,24.05,242,2021-09-01,2022-04-30,16
3547502,Santa Rita do Passa Quatro,SP,2023,1239.22,23.07,242,2022-09-01,2023-04-30,7
3547502,Santa Rita do Passa Quatro,SP,2024,787.75,26.55,243,2023-09-01,2024-04-30,12
3547502,Santa Rita do Passa Quatro,SP,2025,875.21,25.48,242,2024-09-01,2025-04-30,18
3547502,Santa Rita do Passa Quatro,SP,2026,913.03,24.35,242,2025-09-01,2026-04-30,21
3547601,Santa Rosa de Viterbo,SP,2010,1260.0,23.29,242,2009-09-01,2010-04-30,16
3547601,Santa Rosa de Viterbo,SP,2011,1226.22,23.59,242,2010-09-01,2011-04-30,12
3547601,Santa Rosa de Viterbo,SP,2012,1031.95,23.56,243,2011-09-01,2012-04-30,16
3547601,Santa Rosa de Viterbo,SP,2013,1126.35,23.72,242,2012-09-01,2013-04-30,19
3547601,Santa Rosa de Viterbo,SP,2014,677.89,24.75,242,2013-09-01,2014-04-30,13
3547601,Santa Rosa de Viterbo,SP,2015,942.08,24.25,242,2014-09-01,2015-04-30,21
3547601,Santa Rosa de Viterbo,SP,2016,1265.35,24.26,243,2015-09-01,2016-04-30,26
3547601,Santa Rosa de Viterbo,SP,2017,905.3,23.76,242,2016-09-01,2017-04-30,20
3547601,Santa Rosa de Viterbo,SP,2018,967.72,24.16,242,2017-09-01,2018-04-30,28
3547601,Santa Rosa de Viterbo,SP,2019,1155.06,23.93,242,2018-09-01,2019-04-30,13
3547601,Santa Rosa de Viterbo,SP,2020,1041.62,24.36,243,2019-09-01,2020-04-30,18
3547601,Santa Rosa de Viterbo,SP,2021,620.79,25.36,242,2020-09-01,2021-04-30,18
3547601,Santa Rosa de Viterbo,SP,2022,1082.44,24.05,242,2021-09-01,2022-04-30,16
3547601,Santa Rosa de Viterbo,SP,2023,1239.22,23.07,242,2022-09-01,2023-04-30,7
3547601,Santa Rosa de Viterbo,SP,2024,787.75,26.55,243,2023-09-01,2024-04-30,12
3547601,Santa Rosa de Viterbo,SP,2025,875.21,25.48,242,2024-09-01,2025-04-30,18
3547601,Santa Rosa de Viterbo,SP,2026,913.03,24.35,242,2025-09-01,2026-04-30,21
3547650,Santa Salete,SP,2010,1468.55,25.4,242,2009-09-01,2010-04-30,26
3547650,Santa Salete,SP,2011,1502.98,25.74,242,2010-09-01,2011-04-30,23
3547650,Santa Salete,SP,2012,945.27,26.18,243,2011-09-01,2012-04-30,18
3547650,Santa Salete,SP,2013,995.03,26.42,242,2012-09-01,2013-04-30,18
3547650,Santa Salete,SP,2014,834.82,26.72,242,2013-09-01,2014-04-30,12
3547650,Santa Salete,SP,2015,1124.29,26.27,242,2014-09-01,2015-04-30,16
3547650,Santa Salete,SP,2016,1120.91,26.75,243,2015-09-01,2016-04-30,23
3547650,Santa Salete,SP,2017,1130.85,25.65,242,2016-09-01,2017-04-30,13
3547650,Santa Salete,SP,2018,1130.61,26.16,242,2017-09-01,2018-04-30,28
3547650,Santa Salete,SP,2019,1083.96,26.57,242,2018-09-01,2019-04-30,13
3547650,Santa Salete,SP,2020,917.22,27.21,243,2019-09-01,2020-04-30,17
3547650,Santa Salete,SP,2021,535.28,28.32,242,2020-09-01,2021-04-30,20
3547650,Santa Salete,SP,2022,1052.6,26.79,242,2021-09-01,2022-04-30,16
3547650,Santa Salete,SP,2023,1222.73,25.72,242,2022-09-01,2023-04-30,9
3547650,Santa Salete,SP,2024,761.74,29.44,243,2023-09-01,2024-04-30,14
3547650,Santa Salete,SP,2025,751.1,28.16,242,2024-09-01,2025-04-30,39
3547650,Santa Salete,SP,2026,739.06,27.73,242,2025-09-01,2026-04-30,21
3547700,Santo Anastácio,SP,2010,1605.86,24.63,242,2009-09-01,2010-04-30,15
3547700,Santo Anastácio,SP,2011,1293.98,24.78,242,2010-09-01,2011-04-30,16
3547700,Santo Anastácio,SP,2012,870.19,25.95,243,2011-09-01,2012-04-30,13
3547700,Santo Anastácio,SP,2013,1054.78,25.78,242,2012-09-01,2013-04-30,18
3547700,Santo Anastácio,SP,2014,966.62,25.77,242,2013-09-01,2014-04-30,16
3547700,Santo Anastácio,SP,2015,1034.6,25.84,242,2014-09-01,2015-04-30,17
3547700,Santo Anastácio,SP,2016,1419.83,25.41,243,2015-09-01,2016-04-30,29
3547700,Santo Anastácio,SP,2017,845.76,25.1,242,2016-09-01,2017-04-30,13
3547700,Santo Anastácio,SP,2018,1153.3,25.34,242,2017-09-01,2018-04-30,28
3547700,Santo Anastácio,SP,2019,932.28,26.29,242,2018-09-01,2019-04-30,14
3547700,Santo Anastácio,SP,2020,845.55,26.83,243,2019-09-01,2020-04-30,16
3547700,Santo Anastácio,SP,2021,696.68,27.08,242,2020-09-01,2021-04-30,27
3547700,Santo Anastácio,SP,2022,787.16,26.85,242,2021-09-01,2022-04-30,10
3547700,Santo Anastácio,SP,2023,1127.53,24.71,242,2022-09-01,2023-04-30,9
3547700,Santo Anastácio,SP,2024,710.01,28.95,243,2023-09-01,2024-04-30,14
3547700,Santo Anastácio,SP,2025,802.21,27.63,242,2024-09-01,2025-04-30,14
3547700,Santo Anastácio,SP,2026,845.02,26.84,242,2025-09-01,2026-04-30,20
3547809,Santo André,SP,2010,1708.0,21.63,242,2009-09-01,2010-04-30,11
3547809,Santo André,SP,2011,1612.83,21.03,242,2010-09-01,2011-04-30,10
3547809,Santo André,SP,2012,913.57,20.91,243,2011-09-01,2012-04-30,13
3547809,Santo André,SP,2013,1041.98,21.64,242,2012-09-01,2013-04-30,16
3547809,Santo André,SP,2014,762.83,22.06,242,2013-09-01,2014-04-30,15
3547809,Santo André,SP,2015,814.52,22.19,242,2014-09-01,2015-04-30,16
3547809,Santo André,SP,2016,1155.68,22.52,243,2015-09-01,2016-04-30,25
3547809,Santo André,SP,2017,1111.08,21.41,242,2016-09-01,2017-04-30,14
3547809,Santo André,SP,2018,885.1,21.83,242,2017-09-01,2018-04-30,28
3547809,Santo André,SP,2019,1200.65,22.11,242,2018-09-01,2019-04-30,7
3547809,Santo André,SP,2020,994.6,21.53,243,2019-09-01,2020-04-30,13
3547809,Santo André,SP,2021,850.67,22.12,242,2020-09-01,2021-04-30,19
3547809,Santo André,SP,2022,893.62,21.72,242,2021-09-01,2022-04-30,8
3547809,Santo André,SP,2023,1193.78,20.94,242,2022-09-01,2023-04-30,7
3547809,Santo André,SP,2024,993.45,23.35,243,2023-09-01,2024-04-30,12
3547809,Santo André,SP,2025,845.8,22.73,242,2024-09-01,2025-04-30,14
3547809,Santo André,SP,2026,748.72,22.2,242,2025-09-01,2026-04-30,19
3547908,Santo Antônio da Alegria,SP,2010,1219.36,22.12,242,2009-09-01,2010-04-30,16
3547908,Santo Antônio da Alegria,SP,2011,1377.37,22.14,242,2010-09-01,2011-04-30,12
3547908,Santo Antônio da Alegria,SP,2012,978.58,21.98,243,2011-09-01,2012-04-30,17
3547908,Santo Antônio da Alegria,SP,2013,1173.76,22.38,242,2012-09-01,2013-04-30,19
3547908,Santo Antônio da Alegria,SP,2014,671.22,23.2,242,2013-09-01,2014-04-30,11
3547908,Santo Antônio da Alegria,SP,2015,1048.39,22.79,242,2014-09-01,2015-04-30,20
3547908,Santo Antônio da Alegria,SP,2016,1300.89,23.05,243,2015-09-01,2016-04-30,26
3547908,Santo Antônio da Alegria,SP,2017,1014.03,22.39,242,2016-09-01,2017-04-30,16
3547908,Santo Antônio da Alegria,SP,2018,1127.36,22.51,242,2017-09-01,2018-04-30,26
3547908,Santo Antônio da Alegria,SP,2019,1281.55,22.56,242,2018-09-01,2019-04-30,13
3547908,Santo Antônio da Alegria,SP,2020,1089.58,22.94,243,2019-09-01,2020-04-30,15
3547908,Santo Antônio da Alegria,SP,2021,655.15,23.67,242,2020-09-01,2021-04-30,18
3547908,Santo Antônio da Alegria,SP,2022,1255.74,22.52,242,2021-09-01,2022-04-30,16
3547908,Santo Antônio da Alegria,SP,2023,1305.57,21.91,242,2022-09-01,2023-04-30,8
3547908,Santo Antônio da Alegria,SP,2024,844.47,24.9,243,2023-09-01,2024-04-30,21
3547908,Santo Antônio da Alegria,SP,2025,926.18,23.89,242,2024-09-01,2025-04-30,18
3547908,Santo Antônio da Alegria,SP,2026,913.43,22.91,242,2025-09-01,2026-04-30,22
3548005,Santo Antônio de Posse,SP,2010,1416.36,22.42,242,2009-09-01,2010-04-30,16
3548005,Santo Antônio de Posse,SP,2011,1196.55,22.61,242,2010-09-01,2011-04-30,12
3548005,Santo Antônio de Posse,SP,2012,1116.49,22.29,243,2011-09-01,2012-04-30,20
3548005,Santo Antônio de Posse,SP,2013,1244.62,22.68,242,2012-09-01,2013-04-30,19
3548005,Santo Antônio de Posse,SP,2014,797.62,23.29,242,2013-09-01,2014-04-30,13
3548005,Santo Antônio de Posse,SP,2015,972.16,23.21,242,2014-09-01,2015-04-30,18
3548005,Santo Antônio de Posse,SP,2016,1290.4,23.44,243,2015-09-01,2016-04-30,27
3548005,Santo Antônio de Posse,SP,2017,1012.84,22.65,242,2016-09-01,2017-04-30,16
3548005,Santo Antônio de Posse,SP,2018,929.17,23.21,242,2017-09-01,2018-04-30,28
3548005,Santo Antônio de Posse,SP,2019,1141.59,23.02,242,2018-09-01,2019-04-30,14
3548005,Santo Antônio de Posse,SP,2020,984.72,23.31,243,2019-09-01,2020-04-30,19
3548005,Santo Antônio de Posse,SP,2021,617.74,24.24,242,2020-09-01,2021-04-30,19
3548005,Santo Antônio de Posse,SP,2022,950.39,23.3,242,2021-09-01,2022-04-30,16
3548005,Santo Antônio de Posse,SP,2023,1174.73,22.18,242,2022-09-01,2023-04-30,9
3548005,Santo Antônio de Posse,SP,2024,835.23,25.34,243,2023-09-01,2024-04-30,12
3548005,Santo Antônio de Posse,SP,2025,792.24,24.39,242,2024-09-01,2025-04-30,19
3548005,Santo Antônio de Posse,SP,2026,836.39,23.55,242,2025-09-01,2026-04-30,19
3548054,Santo Antônio do Aracanguá,SP,2010,1271.75,25.24,242,2009-09-01,2010-04-30,17
3548054,Santo Antônio do Aracanguá,SP,2011,1344.47,25.37,242,2010-09-01,2011-04-30,23
3548054,Santo Antônio do Aracanguá,SP,2012,839.12,25.8,243,2011-09-01,2012-04-30,11
3548054,Santo Antônio do Aracanguá,SP,2013,1020.56,25.99,242,2012-09-01,2013-04-30,18
3548054,Santo Antônio do Aracanguá,SP,2014,741.04,26.47,242,2013-09-01,2014-04-30,14
3548054,Santo Antônio do Aracanguá,SP,2015,1045.78,26.16,242,2014-09-01,2015-04-30,17
3548054,Santo Antônio do Aracanguá,SP,2016,1307.14,26.15,243,2015-09-01,2016-04-30,30
3548054,Santo Antônio do Aracanguá,SP,2017,1009.54,25.12,242,2016-09-01,2017-04-30,13
3548054,Santo Antônio do Aracanguá,SP,2018,1159.29,25.76,242,2017-09-01,2018-04-30,28
3548054,Santo Antônio do Aracanguá,SP,2019,967.35,26.46,242,2018-09-01,2019-04-30,14
3548054,Santo Antônio do Aracanguá,SP,2020,954.38,26.82,243,2019-09-01,2020-04-30,16
3548054,Santo Antônio do Aracanguá,SP,2021,520.05,28.04,242,2020-09-01,2021-04-30,18
3548054,Santo Antônio do Aracanguá,SP,2022,931.8,26.73,242,2021-09-01,2022-04-30,15
3548054,Santo Antônio do Aracanguá,SP,2023,955.06,25.48,242,2022-09-01,2023-04-30,9
3548054,Santo Antônio do Aracanguá,SP,2024,696.64,29.29,243,2023-09-01,2024-04-30,16
3548054,Santo Antônio do Aracanguá,SP,2025,783.08,27.92,242,2024-09-01,2025-04-30,15
3548054,Santo Antônio do Aracanguá,SP,2026,764.29,27.31,242,2025-09-01,2026-04-30,21
3548104,Santo Antônio do Jardim,SP,2010,1355.16,22.51,242,2009-09-01,2010-04-30,16
3548104,Santo Antônio do Jardim,SP,2011,1233.21,22.8,242,2010-09-01,2011-04-30,12
3548104,Santo Antônio do Jardim,SP,2012,1121.99,22.52,243,2011-09-01,2012-04-30,20
3548104,Santo Antônio do Jardim,SP,2013,1302.62,22.78,242,2012-09-01,2013-04-30,19
3548104,Santo Antônio do Jardim,SP,2014,763.68,23.58,242,2013-09-01,2014-04-30,13
3548104,Santo Antônio do Jardim,SP,2015,997.91,23.32,242,2014-09-01,2015-04-30,18
3548104,Santo Antônio do Jardim,SP,2016,1285.36,23.54,243,2015-09-01,2016-04-30,28
3548104,Santo Antônio do Jardim,SP,2017,920.22,22.95,242,2016-09-01,2017-04-30,16
3548104,Santo Antônio do Jardim,SP,2018,944.36,23.32,242,2017-09-01,2018-04-30,28
3548104,Santo Antônio do Jardim,SP,2019,1126.26,23.15,242,2018-09-01,2019-04-30,14
3548104,Santo Antônio do Jardim,SP,2020,1037.72,23.46,243,2019-09-01,2020-04-30,19
3548104,Santo Antônio do Jardim,SP,2021,648.85,24.27,242,2020-09-01,2021-04-30,18
3548104,Santo Antônio do Jardim,SP,2022,1052.55,23.25,242,2021-09-01,2022-04-30,15
3548104,Santo Antônio do Jardim,SP,2023,1255.48,22.27,242,2022-09-01,2023-04-30,7
3548104,Santo Antônio do Jardim,SP,2024,810.97,25.54,243,2023-09-01,2024-04-30,12
3548104,Santo Antônio do Jardim,SP,2025,827.46,24.57,242,2024-09-01,2025-04-30,18
3548104,Santo Antônio do Jardim,SP,2026,867.53,23.54,242,2025-09-01,2026-04-30,20
3548203,Santo Antônio do Pinhal,SP,2010,1388.99,21.31,242,2009-09-01,2010-04-30,12
3548203,Santo Antônio do Pinhal,SP,2011,1373.86,20.91,242,2010-09-01,2011-04-30,10
3548203,Santo Antônio do Pinhal,SP,2012,1005.59,20.67,243,2011-09-01,2012-04-30,19
3548203,Santo Antônio do Pinhal,SP,2013,1177.64,21.17,242,2012-09-01,2013-04-30,19
3548203,Santo Antônio do Pinhal,SP,2014,844.45,21.67,242,2013-09-01,2014-04-30,11
3548203,Santo Antônio do Pinhal,SP,2015,823.55,21.91,242,2014-09-01,2015-04-30,16
3548203,Santo Antônio do Pinhal,SP,2016,1194.48,22.26,243,2015-09-01,2016-04-30,24
3548203,Santo Antônio do Pinhal,SP,2017,1150.2,20.94,242,2016-09-01,2017-04-30,10
3548203,Santo Antônio do Pinhal,SP,2018,1064.87,21.39,242,2017-09-01,2018-04-30,26
3548203,Santo Antônio do Pinhal,SP,2019,1292.1,21.43,242,2018-09-01,2019-04-30,8
3548203,Santo Antônio do Pinhal,SP,2020,817.58,21.55,243,2019-09-01,2020-04-30,14
3548203,Santo Antônio do Pinhal,SP,2021,875.69,21.95,242,2020-09-01,2021-04-30,19
3548203,Santo Antônio do Pinhal,SP,2022,839.7,21.61,242,2021-09-01,2022-04-30,8
3548203,Santo Antônio do Pinhal,SP,2023,1201.13,20.55,242,2022-09-01,2023-04-30,7
3548203,Santo Antônio do Pinhal,SP,2024,951.5,23.24,243,2023-09-01,2024-04-30,12
3548203,Santo Antônio do Pinhal,SP,2025,819.37,22.59,242,2024-09-01,2025-04-30,19
3548203,Santo Antônio do Pinhal,SP,2026,700.87,22.0,242,2025-09-01,2026-04-30,17
3548302,Santo Expedito,SP,2010,1570.07,24.33,242,2009-09-01,2010-04-30,15
3548302,Santo Expedito,SP,2011,1251.02,24.48,242,2010-09-01,2011-04-30,16
3548302,Santo Expedito,SP,2012,871.98,25.57,243,2011-09-01,2012-04-30,12
3548302,Santo Expedito,SP,2013,1067.01,25.38,242,2012-09-01,2013-04-30,18
3548302,Santo Expedito,SP,2014,945.92,25.47,242,2013-09-01,2014-04-30,16
3548302,Santo Expedito,SP,2015,1057.46,25.39,242,2014-09-01,2015-04-30,17
3548302,Santo Expedito,SP,2016,1495.66,25.08,243,2015-09-01,2016-04-30,29
3548302,Santo Expedito,SP,2017,865.02,24.47,242,2016-09-01,2017-04-30,13
3548302,Santo Expedito,SP,2018,1219.68,24.87,242,2017-09-01,2018-04-30,28
3548302,Santo Expedito,SP,2019,1001.07,25.7,242,2018-09-01,2019-04-30,14
3548302,Santo Expedito,SP,2020,883.99,26.4,243,2019-09-01,2020-04-30,16
3548302,Santo Expedito,SP,2021,657.07,26.82,242,2020-09-01,2021-04-30,27
3548302,Santo Expedito,SP,2022,829.39,26.4,242,2021-09-01,2022-04-30,10
3548302,Santo Expedito,SP,2023,1164.8,24.3,242,2022-09-01,2023-04-30,9
3548302,Santo Expedito,SP,2024,746.71,28.55,243,2023-09-01,2024-04-30,16
3548302,Santo Expedito,SP,2025,809.03,27.24,242,2024-09-01,2025-04-30,14
3548302,Santo Expedito,SP,2026,881.23,26.36,242,2025-09-01,2026-04-30,20
3548401,Santópolis do Aguapeí,SP,2010,1236.56,24.7,242,2009-09-01,2010-04-30,16
3548401,Santópolis do Aguapeí,SP,2011,1144.95,24.82,242,2010-09-01,2011-04-30,16
3548401,Santópolis do Aguapeí,SP,2012,714.46,25.67,243,2011-09-01,2012-04-30,13
3548401,Santópolis do Aguapeí,SP,2013,1011.71,25.44,242,2012-09-01,2013-04-30,18
3548401,Santópolis do Aguapeí,SP,2014,630.14,26.07,242,2013-09-01,2014-04-30,16
3548401,Santópolis do Aguapeí,SP,2015,1003.11,25.6,242,2014-09-01,2015-04-30,18
3548401,Santópolis do Aguapeí,SP,2016,1362.3,25.55,243,2015-09-01,2016-04-30,30
3548401,Santópolis do Aguapeí,SP,2017,910.1,24.47,242,2016-09-01,2017-04-30,13
3548401,Santópolis do Aguapeí,SP,2018,1122.52,25.2,242,2017-09-01,2018-04-30,28
3548401,Santópolis do Aguapeí,SP,2019,1014.26,25.71,242,2018-09-01,2019-04-30,14
3548401,Santópolis do Aguapeí,SP,2020,930.46,26.29,243,2019-09-01,2020-04-30,16
3548401,Santópolis do Aguapeí,SP,2021,617.0,27.07,242,2020-09-01,2021-04-30,18
3548401,Santópolis do Aguapeí,SP,2022,907.11,26.21,242,2021-09-01,2022-04-30,14
3548401,Santópolis do Aguapeí,SP,2023,922.6,24.9,242,2022-09-01,2023-04-30,8
3548401,Santópolis do Aguapeí,SP,2024,630.16,28.93,243,2023-09-01,2024-04-30,16
3548401,Santópolis do Aguapeí,SP,2025,709.3,27.58,242,2024-09-01,2025-04-30,15
3548401,Santópolis do Aguapeí,SP,2026,750.02,26.74,242,2025-09-01,2026-04-30,21
3548500,Santos,SP,2010,1817.02,24.28,242,2009-09-01,2010-04-30,11
3548500,Santos,SP,2011,1702.96,23.34,242,2010-09-01,2011-04-30,6
3548500,Santos,SP,2012,760.36,22.85,243,2011-09-01,2012-04-30,13
3548500,Santos,SP,2013,906.25,23.77,242,2012-09-01,2013-04-30,16
3548500,Santos,SP,2014,731.37,23.91,242,2013-09-01,2014-04-30,15
3548500,Santos,SP,2015,705.47,24.2,242,2014-09-01,2015-04-30,14
3548500,Santos,SP,2016,1221.89,24.48,243,2015-09-01,2016-04-30,25
3548500,Santos,SP,2017,982.71,23.76,242,2016-09-01,2017-04-30,11
3548500,Santos,SP,2018,803.52,23.93,242,2017-09-01,2018-04-30,27
3548500,Santos,SP,2019,994.81,24.52,242,2018-09-01,2019-04-30,8
3548500,Santos,SP,2020,949.7,23.41,243,2019-09-01,2020-04-30,13
3548500,Santos,SP,2021,1079.4,23.98,242,2020-09-01,2021-04-30,19
3548500,Santos,SP,2022,884.17,23.5,242,2021-09-01,2022-04-30,12
3548500,Santos,SP,2023,1233.21,23.34,242,2022-09-01,2023-04-30,11
3548500,Santos,SP,2024,1098.21,24.82,243,2023-09-01,2024-04-30,12
3548500,Santos,SP,2025,1026.79,24.21,242,2024-09-01,2025-04-30,18
3548500,Santos,SP,2026,688.76,23.9,242,2025-09-01,2026-04-30,22
3548609,São Bento do Sapucaí,SP,2010,1308.44,20.27,242,2009-09-01,2010-04-30,14
3548609,São Bento do Sapucaí,SP,2011,1448.24,20.04,242,2010-09-01,2011-04-30,9
3548609,São Bento do Sapucaí,SP,2012,1145.28,19.46,243,2011-09-01,2012-04-30,21
3548609,São Bento do Sapucaí,SP,2013,1242.29,20.02,242,2012-09-01,2013-04-30,19
3548609,São Bento do Sapucaí,SP,2014,858.18,20.29,242,2013-09-01,2014-04-30,11
3548609,São Bento do Sapucaí,SP,2015,801.55,20.82,242,2014-09-01,2015-04-30,15
3548609,São Bento do Sapucaí,SP,2016,1279.45,21.38,243,2015-09-01,2016-04-30,25
3548609,São Bento do Sapucaí,SP,2017,1068.36,20.0,242,2016-09-01,2017-04-30,13
3548609,São Bento do Sapucaí,SP,2018,1091.3,20.31,242,2017-09-01,2018-04-30,26
3548609,São Bento do Sapucaí,SP,2019,1280.08,20.58,242,2018-09-01,2019-04-30,9
3548609,São Bento do Sapucaí,SP,2020,1012.28,20.43,243,2019-09-01,2020-04-30,18
3548609,São Bento do Sapucaí,SP,2021,899.98,20.91,242,2020-09-01,2021-04-30,19
3548609,São Bento do Sapucaí,SP,2022,1016.12,20.5,242,2021-09-01,2022-04-30,15
3548609,São Bento do Sapucaí,SP,2023,1292.0,19.73,242,2022-09-01,2023-04-30,7
3548609,São Bento do Sapucaí,SP,2024,964.9,22.09,243,2023-09-01,2024-04-30,12
3548609,São Bento do Sapucaí,SP,2025,895.61,21.39,242,2024-09-01,2025-04-30,19
3548609,São Bento do Sapucaí,SP,2026,689.62,20.89,242,2025-09-01,2026-04-30,16
3548708,São Bernardo do Campo,SP,2010,1666.75,21.09,242,2009-09-01,2010-04-30,12
3548708,São Bernardo do Campo,SP,2011,1464.75,20.61,242,2010-09-01,2011-04-30,11
3548708,São Bernardo do Campo,SP,2012,924.14,20.5,243,2011-09-01,2012-04-30,13
3548708,São Bernardo do Campo,SP,2013,1098.88,21.22,242,2012-09-01,2013-04-30,16
3548708,São Bernardo do Campo,SP,2014,769.94,21.63,242,2013-09-01,2014-04-30,14
3548708,São Bernardo do Campo,SP,2015,854.33,21.79,242,2014-09-01,2015-04-30,16
3548708,São Bernardo do Campo,SP,2016,1250.66,22.01,243,2015-09-01,2016-04-30,26
3548708,São Bernardo do Campo,SP,2017,1090.54,20.97,242,2016-09-01,2017-04-30,13
3548708,São Bernardo do Campo,SP,2018,791.1,21.55,242,2017-09-01,2018-04-30,28
3548708,São Bernardo do Campo,SP,2019,1156.14,21.76,242,2018-09-01,2019-04-30,8
3548708,São Bernardo do Campo,SP,2020,1119.16,21.26,243,2019-09-01,2020-04-30,12
3548708,São Bernardo do Campo,SP,2021,691.92,21.98,242,2020-09-01,2021-04-30,19
3548708,São Bernardo do Campo,SP,2022,1015.37,21.37,242,2021-09-01,2022-04-30,12
3548708,São Bernardo do Campo,SP,2023,1308.23,20.46,242,2022-09-01,2023-04-30,7
3548708,São Bernardo do Campo,SP,2024,894.85,23.27,243,2023-09-01,2024-04-30,13
3548708,São Bernardo do Campo,SP,2025,775.9,22.58,242,2024-09-01,2025-04-30,14
3548708,São Bernardo do Campo,SP,2026,754.23,21.95,242,2025-09-01,2026-04-30,20
3548906,São Carlos,SP,2010,1281.96,22.97,242,2009-09-01,2010-04-30,16
3548906,São Carlos,SP,2011,1109.39,23.33,242,2010-09-01,2011-04-30,12
3548906,São Carlos,SP,2012,957.52,23.23,243,2011-09-01,2012-04-30,16
3548906,São Carlos,SP,2013,1160.37,23.51,242,2012-09-01,2013-04-30,19
3548906,São Carlos,SP,2014,729.3,24.04,242,2013-09-01,2014-04-30,11
3548906,São Carlos,SP,2015,948.6,23.92,242,2014-09-01,2015-04-30,19
3548906,São Carlos,SP,2016,1302.13,24.0,243,2015-09-01,2016-04-30,28
3548906,São Carlos,SP,2017,953.32,23.05,242,2016-09-01,2017-04-30,16
3548906,São Carlos,SP,2018,913.57,23.9,242,2017-09-01,2018-04-30,28
3548906,São Carlos,SP,2019,999.31,23.85,242,2018-09-01,2019-04-30,14
3548906,São Carlos,SP,2020,878.69,24.28,243,2019-09-01,2020-04-30,18
3548906,São Carlos,SP,2021,471.48,25.33,242,2020-09-01,2021-04-30,21
3548906,São Carlos,SP,2022,930.33,24.04,242,2021-09-01,2022-04-30,16
3548906,São Carlos,SP,2023,969.43,23.01,242,2022-09-01,2023-04-30,9
3548906,São Carlos,SP,2024,617.83,26.63,243,2023-09-01,2024-04-30,12
3548906,São Carlos,SP,2025,789.62,25.2,242,2024-09-01,2025-04-30,19
3548906,São Carlos,SP,2026,801.21,24.29,242,2025-09-01,2026-04-30,21
3549003,São Francisco,SP,2010,1346.18,25.27,242,2009-09-01,2010-04-30,25
3549003,São Francisco,SP,2011,1462.0,25.57,242,2010-09-01,2011-04-30,23
3549003,São Francisco,SP,2012,903.31,25.89,243,2011-09-01,2012-04-30,11
3549003,São Francisco,SP,2013,980.99,26.22,242,2012-09-01,2013-04-30,18
3549003,São Francisco,SP,2014,821.59,26.6,242,2013-09-01,2014-04-30,14
3549003,São Francisco,SP,2015,1119.3,26.19,242,2014-09-01,2015-04-30,17
3549003,São Francisco,SP,2016,1259.66,26.28,243,2015-09-01,2016-04-30,30
3549003,São Francisco,SP,2017,1096.46,25.39,242,2016-09-01,2017-04-30,13
3549003,São Francisco,SP,2018,1157.68,25.87,242,2017-09-01,2018-04-30,28
3549003,São Francisco,SP,2019,998.87,26.61,242,2018-09-01,2019-04-30,14
3549003,São Francisco,SP,2020,942.26,27.01,243,2019-09-01,2020-04-30,17
3549003,São Francisco,SP,2021,489.72,28.4,242,2020-09-01,2021-04-30,18
3549003,São Francisco,SP,2022,972.46,26.75,242,2021-09-01,2022-04-30,16
3549003,São Francisco,SP,2023,1070.0,25.59,242,2022-09-01,2023-04-30,9
3549003,São Francisco,SP,2024,782.78,29.3,243,2023-09-01,2024-04-30,14
3549003,São Francisco,SP,2025,805.05,27.93,242,2024-09-01,2025-04-30,22
3549003,São Francisco,SP,2026,778.93,27.5,242,2025-09-01,2026-04-30,21
3549102,São João da Boa Vista,SP,2010,1355.16,22.51,242,2009-09-01,2010-04-30,16
3549102,São João da Boa Vista,SP,2011,1233.21,22.8,242,2010-09-01,2011-04-30,12
3549102,São João da Boa Vista,SP,2012,1121.99,22.52,243,2011-09-01,2012-04-30,20
3549102,São João da Boa Vista,SP,2013,1302.62,22.78,242,2012-09-01,2013-04-30,19
3549102,São João da Boa Vista,SP,2014,763.68,23.58,242,2013-09-01,2014-04-30,13
3549102,São João da Boa Vista,SP,2015,997.91,23.32,242,2014-09-01,2015-04-30,18
3549102,São João da Boa Vista,SP,2016,1285.36,23.54,243,2015-09-01,2016-04-30,28
3549102,São João da Boa Vista,SP,2017,920.22,22.95,242,2016-09-01,2017-04-30,16
3549102,São João da Boa Vista,SP,2018,944.36,23.32,242,2017-09-01,2018-04-30,28
3549102,São João da Boa Vista,SP,2019,1126.26,23.15,242,2018-09-01,2019-04-30,14
3549102,São João da Boa Vista,SP,2020,1037.72,23.46,243,2019-09-01,2020-04-30,19
3549102,São João da Boa Vista,SP,2021,648.85,24.27,242,2020-09-01,2021-04-30,18
3549102,São João da Boa Vista,SP,2022,1052.55,23.25,242,2021-09-01,2022-04-30,15
3549102,São João da Boa Vista,SP,2023,1255.48,22.27,242,2022-09-01,2023-04-30,7
3549102,São João da Boa Vista,SP,2024,810.97,25.54,243,2023-09-01,2024-04-30,12
3549102,São João da Boa Vista,SP,2025,827.46,24.57,242,2024-09-01,2025-04-30,18
3549102,São João da Boa Vista,SP,2026,867.53,23.54,242,2025-09-01,2026-04-30,20
3549201,São João das Duas Pontes,SP,2010,1346.18,25.27,242,2009-09-01,2010-04-30,25
3549201,São João das Duas Pontes,SP,2011,1462.0,25.57,242,2010-09-01,2011-04-30,23
3549201,São João das Duas Pontes,SP,2012,903.31,25.89,243,2011-09-01,2012-04-30,11
3549201,São João das Duas Pontes,SP,2013,980.99,26.22,242,2012-09-01,2013-04-30,18
3549201,São João das Duas Pontes,SP,2014,821.59,26.6,242,2013-09-01,2014-04-30,14
3549201,São João das Duas Pontes,SP,2015,1119.3,26.19,242,2014-09-01,2015-04-30,17
3549201,São João das Duas Pontes,SP,2016,1259.66,26.28,243,2015-09-01,2016-04-30,30
3549201,São João das Duas Pontes,SP,2017,1096.46,25.39,242,2016-09-01,2017-04-30,13
3549201,São João das Duas Pontes,SP,2018,1157.68,25.87,242,2017-09-01,2018-04-30,28
3549201,São João das Duas Pontes,SP,2019,998.87,26.61,242,2018-09-01,2019-04-30,14
3549201,São João das Duas Pontes,SP,2020,942.26,27.01,243,2019-09-01,2020-04-30,17
3549201,São João das Duas Pontes,SP,2021,489.72,28.4,242,2020-09-01,2021-04-30,18
3549201,São João das Duas Pontes,SP,2022,972.46,26.75,242,2021-09-01,2022-04-30,16
3549201,São João das Duas Pontes,SP,2023,1070.0,25.59,242,2022-09-01,2023-04-30,9
3549201,São João das Duas Pontes,SP,2024,782.78,29.3,243,2023-09-01,2024-04-30,14
3549201,São João das Duas Pontes,SP,2025,805.05,27.93,242,2024-09-01,2025-04-30,22
3549201,São João das Duas Pontes,SP,2026,778.93,27.5,242,2025-09-01,2026-04-30,21
3549250,São João de Iracema,SP,2010,1346.18,25.27,242,2009-09-01,2010-04-30,25
3549250,São João de Iracema,SP,2011,1462.0,25.57,242,2010-09-01,2011-04-30,23
3549250,São João de Iracema,SP,2012,903.31,25.89,243,2011-09-01,2012-04-30,11
3549250,São João de Iracema,SP,2013,980.99,26.22,242,2012-09-01,2013-04-30,18
3549250,São João de Iracema,SP,2014,821.59,26.6,242,2013-09-01,2014-04-30,14
3549250,São João de Iracema,SP,2015,1119.3,26.19,242,2014-09-01,2015-04-30,17
3549250,São João de Iracema,SP,2016,1259.66,26.28,243,2015-09-01,2016-04-30,30
3549250,São João de Iracema,SP,2017,1096.46,25.39,242,2016-09-01,2017-04-30,13
3549250,São João de Iracema,SP,2018,1157.68,25.87,242,2017-09-01,2018-04-30,28
3549250,São João de Iracema,SP,2019,998.87,26.61,242,2018-09-01,2019-04-30,14
3549250,São João de Iracema,SP,2020,942.26,27.01,243,2019-09-01,2020-04-30,17
3549250,São João de Iracema,SP,2021,489.72,28.4,242,2020-09-01,2021-04-30,18
3549250,São João de Iracema,SP,2022,972.46,26.75,242,2021-09-01,2022-04-30,16
3549250,São João de Iracema,SP,2023,1070.0,25.59,242,2022-09-01,2023-04-30,9
3549250,São João de Iracema,SP,2024,782.78,29.3,243,2023-09-01,2024-04-30,14
3549250,São João de Iracema,SP,2025,805.05,27.93,242,2024-09-01,2025-04-30,22
3549250,São João de Iracema,SP,2026,778.93,27.5,242,2025-09-01,2026-04-30,21
3549300,São João do Pau d'Alho,SP,2010,1498.03,25.3,242,2009-09-01,2010-04-30,15
3549300,São João do Pau d'Alho,SP,2011,1289.37,25.42,242,2010-09-01,2011-04-30,16
3549300,São João do Pau d'Alho,SP,2012,930.04,26.18,243,2011-09-01,2012-04-30,13
3549300,São João do Pau d'Alho,SP,2013,1060.39,26.21,242,2012-09-01,2013-04-30,18
3549300,São João do Pau d'Alho,SP,2014,866.54,26.53,242,2013-09-01,2014-04-30,16
3549300,São João do Pau d'Alho,SP,2015,1037.64,26.4,242,2014-09-01,2015-04-30,17
3549300,São João do Pau d'Alho,SP,2016,1393.9,26.15,243,2015-09-01,2016-04-30,29
3549300,São João do Pau d'Alho,SP,2017,902.04,25.37,242,2016-09-01,2017-04-30,13
3549300,São João do Pau d'Alho,SP,2018,1233.07,25.7,242,2017-09-01,2018-04-30,28
3549300,São João do Pau d'Alho,SP,2019,951.35,26.8,242,2018-09-01,2019-04-30,14
3549300,São João do Pau d'Alho,SP,2020,894.14,27.27,243,2019-09-01,2020-04-30,16
3549300,São João do Pau d'Alho,SP,2021,554.29,28.19,242,2020-09-01,2021-04-30,20
3549300,São João do Pau d'Alho,SP,2022,800.72,27.44,242,2021-09-01,2022-04-30,10
3549300,São João do Pau d'Alho,SP,2023,1030.28,25.49,242,2022-09-01,2023-04-30,9
3549300,São João do Pau d'Alho,SP,2024,720.41,29.56,243,2023-09-01,2024-04-30,15
3549300,São João do Pau d'Alho,SP,2025,831.58,28.19,242,2024-09-01,2025-04-30,15
3549300,São João do Pau d'Alho,SP,2026,756.64,27.64,242,2025-09-01,2026-04-30,20
3549409,São Joaquim da Barra,SP,2010,1319.76,24.37,242,2009-09-01,2010-04-30,23
3549409,São Joaquim da Barra,SP,2011,1400.91,24.42,242,2010-09-01,2011-04-30,12
3549409,São Joaquim da Barra,SP,2012,1141.16,24.36,243,2011-09-01,2012-04-30,16
3549409,São Joaquim da Barra,SP,2013,1143.4,24.9,242,2012-09-01,2013-04-30,17
3549409,São Joaquim da Barra,SP,2014,920.97,25.12,242,2013-09-01,2014-04-30,16
3549409,São Joaquim da Barra,SP,2015,1023.46,25.26,242,2014-09-01,2015-04-30,21
3549409,São Joaquim da Barra,SP,2016,1402.35,25.4,243,2015-09-01,2016-04-30,26
3549409,São Joaquim da Barra,SP,2017,1017.56,24.81,242,2016-09-01,2017-04-30,13
3549409,São Joaquim da Barra,SP,2018,1204.45,25.02,242,2017-09-01,2018-04-30,26
3549409,São Joaquim da Barra,SP,2019,1198.84,25.07,242,2018-09-01,2019-04-30,15
3549409,São Joaquim da Barra,SP,2020,1139.3,25.43,243,2019-09-01,2020-04-30,18
3549409,São Joaquim da Barra,SP,2021,688.06,26.25,242,2020-09-01,2021-04-30,20
3549409,São Joaquim da Barra,SP,2022,1186.08,25.19,242,2021-09-01,2022-04-30,18
3549409,São Joaquim da Barra,SP,2023,1255.58,24.44,242,2022-09-01,2023-04-30,9
3549409,São Joaquim da Barra,SP,2024,833.84,27.73,243,2023-09-01,2024-04-30,13
3549409,São Joaquim da Barra,SP,2025,1001.6,26.48,242,2024-09-01,2025-04-30,39
3549409,São Joaquim da Barra,SP,2026,1008.7,25.48,242,2025-09-01,2026-04-30,22
3549508,São José da Bela Vista,SP,2010,1426.48,23.07,242,2009-09-01,2010-04-30,23
3549508,São José da Bela Vista,SP,2011,1495.03,23.14,242,2010-09-01,2011-04-30,12
3549508,São José da Bela Vista,SP,2012,1154.69,22.96,243,2011-09-01,2012-04-30,16
3549508,São José da Bela Vista,SP,2013,1156.17,23.6,242,2012-09-01,2013-04-30,17
3549508,São José da Bela Vista,SP,2014,887.77,24.0,242,2013-09-01,2014-04-30,16
3549508,São José da Bela Vista,SP,2015,1114.81,23.89,242,2014-09-01,2015-04-30,21
3549508,São José da Bela Vista,SP,2016,1355.03,24.18,243,2015-09-01,2016-04-30,26
3549508,São José da Bela Vista,SP,2017,1098.57,23.47,242,2016-09-01,2017-04-30,16
3549508,São José da Bela Vista,SP,2018,1251.4,23.65,242,2017-09-01,2018-04-30,26
3549508,São José da Bela Vista,SP,2019,1363.28,23.6,242,2018-09-01,2019-04-30,14
3549508,São José da Bela Vista,SP,2020,1188.87,24.08,243,2019-09-01,2020-04-30,15
3549508,São José da Bela Vista,SP,2021,695.47,24.91,242,2020-09-01,2021-04-30,20
3549508,São José da Bela Vista,SP,2022,1234.55,23.82,242,2021-09-01,2022-04-30,18
3549508,São José da Bela Vista,SP,2023,1162.94,23.22,242,2022-09-01,2023-04-30,9
3549508,São José da Bela Vista,SP,2024,845.1,26.29,243,2023-09-01,2024-04-30,21
3549508,São José da Bela Vista,SP,2025,1052.52,24.99,242,2024-09-01,2025-04-30,18
3549508,São José da Bela Vista,SP,2026,1054.42,24.02,242,2025-09-01,2026-04-30,22
3549607,São José do Barreiro,SP,2010,1540.29,21.53,242,2009-09-01,2010-04-30,11
3549607,São José do Barreiro,SP,2011,1569.88,20.99,242,2010-09-01,2011-04-30,13
3549607,São José do Barreiro,SP,2012,1061.06,20.56,243,2011-09-01,2012-04-30,17
3549607,São José do Barreiro,SP,2013,1129.19,21.44,242,2012-09-01,2013-04-30,16
3549607,São José do Barreiro,SP,2014,815.95,21.78,242,2013-09-01,2014-04-30,20
3549607,São José do Barreiro,SP,2015,707.24,22.24,242,2014-09-01,2015-04-30,16
3549607,São José do Barreiro,SP,2016,1260.41,22.45,243,2015-09-01,2016-04-30,24
3549607,São José do Barreiro,SP,2017,1239.62,21.09,242,2016-09-01,2017-04-30,15
3549607,São José do Barreiro,SP,2018,1242.49,21.4,242,2017-09-01,2018-04-30,28
3549607,São José do Barreiro,SP,2019,1195.66,21.82,242,2018-09-01,2019-04-30,9
3549607,São José do Barreiro,SP,2020,1174.65,21.19,243,2019-09-01,2020-04-30,16
3549607,São José do Barreiro,SP,2021,998.62,21.85,242,2020-09-01,2021-04-30,19
3549607,São José do Barreiro,SP,2022,1373.06,21.08,242,2021-09-01,2022-04-30,13
3549607,São José do Barreiro,SP,2023,1317.31,20.75,242,2022-09-01,2023-04-30,7
3549607,São José do Barreiro,SP,2024,904.79,23.23,243,2023-09-01,2024-04-30,12
3549607,São José do Barreiro,SP,2025,945.21,22.6,242,2024-09-01,2025-04-30,20
3549607,São José do Barreiro,SP,2026,737.56,21.94,242,2025-09-01,2026-04-30,17
3549706,São José do Rio Pardo,SP,2010,1278.91,22.23,242,2009-09-01,2010-04-30,16
3549706,São José do Rio Pardo,SP,2011,1309.44,22.4,242,2010-09-01,2011-04-30,12
3549706,São José do Rio Pardo,SP,2012,1054.93,22.18,243,2011-09-01,2012-04-30,20
3549706,São José do Rio Pardo,SP,2013,1275.59,22.5,242,2012-09-01,2013-04-30,19
3549706,São José do Rio Pardo,SP,2014,700.34,23.3,242,2013-09-01,2014-04-30,13
3549706,São José do Rio Pardo,SP,2015,1010.26,23.01,242,2014-09-01,2015-04-30,18
3549706,São José do Rio Pardo,SP,2016,1298.81,23.21,243,2015-09-01,2016-04-30,26
3549706,São José do Rio Pardo,SP,2017,906.53,22.64,242,2016-09-01,2017-04-30,20
3549706,São José do Rio Pardo,SP,2018,994.84,22.86,242,2017-09-01,2018-04-30,26
3549706,São José do Rio Pardo,SP,2019,1186.24,22.81,242,2018-09-01,2019-04-30,13
3549706,São José do Rio Pardo,SP,2020,1067.18,23.14,243,2019-09-01,2020-04-30,18
3549706,São José do Rio Pardo,SP,2021,650.57,23.85,242,2020-09-01,2021-04-30,18
3549706,São José do Rio Pardo,SP,2022,1145.97,22.81,242,2021-09-01,2022-04-30,16
3549706,São José do Rio Pardo,SP,2023,1312.42,22.01,242,2022-09-01,2023-04-30,7
3549706,São José do Rio Pardo,SP,2024,813.84,25.11,243,2023-09-01,2024-04-30,12
3549706,São José do Rio Pardo,SP,2025,874.58,24.13,242,2024-09-01,2025-04-30,18
3549706,São José do Rio Pardo,SP,2026,918.9,23.06,242,2025-09-01,2026-04-30,21
3549805,São José do Rio Preto,SP,2010,1105.87,24.68,242,2009-09-01,2010-04-30,17
3549805,São José do Rio Preto,SP,2011,1214.77,25.07,242,2010-09-01,2011-04-30,16
3549805,São José do Rio Preto,SP,2012,872.96,25.22,243,2011-09-01,2012-04-30,14
3549805,São José do Rio Preto,SP,2013,1027.94,25.45,242,2012-09-01,2013-04-30,16
3549805,São José do Rio Preto,SP,2014,828.87,25.71,242,2013-09-01,2014-04-30,16
3549805,São José do Rio Preto,SP,2015,836.03,25.94,242,2014-09-01,2015-04-30,19
3549805,São José do Rio Preto,SP,2016,1208.83,25.66,243,2015-09-01,2016-04-30,28
3549805,São José do Rio Preto,SP,2017,897.37,25.01,242,2016-09-01,2017-04-30,13
3549805,São José do Rio Preto,SP,2018,992.26,25.51,242,2017-09-01,2018-04-30,28
3549805,São José do Rio Preto,SP,2019,943.31,25.91,242,2018-09-01,2019-04-30,15
3549805,São José do Rio Preto,SP,2020,948.71,26.18,243,2019-09-01,2020-04-30,16
3549805,São José do Rio Preto,SP,2021,648.53,27.03,242,2020-09-01,2021-04-30,18
3549805,São José do Rio Preto,SP,2022,1070.52,25.65,242,2021-09-01,2022-04-30,16
3549805,São José do Rio Preto,SP,2023,1019.01,24.81,242,2022-09-01,2023-04-30,7
3549805,São José do Rio Preto,SP,2024,642.35,28.83,243,2023-09-01,2024-04-30,16
3549805,São José do Rio Preto,SP,2025,840.27,27.01,242,2024-09-01,2025-04-30,23
3549805,São José do Rio Preto,SP,2026,871.3,26.24,242,2025-09-01,2026-04-30,20
3549904,São José dos Campos,SP,2010,1388.99,21.31,242,2009-09-01,2010-04-30,12
3549904,São José dos Campos,SP,2011,1373.86,20.91,242,2010-09-01,2011-04-30,10
3549904,São José dos Campos,SP,2012,1005.59,20.67,243,2011-09-01,2012-04-30,19
3549904,São José dos Campos,SP,2013,1177.64,21.17,242,2012-09-01,2013-04-30,19
3549904,São José dos Campos,SP,2014,844.45,21.67,242,2013-09-01,2014-04-30,11
3549904,São José dos Campos,SP,2015,823.55,21.91,242,2014-09-01,2015-04-30,16
3549904,São José dos Campos,SP,2016,1194.48,22.26,243,2015-09-01,2016-04-30,24
3549904,São José dos Campos,SP,2017,1150.2,20.94,242,2016-09-01,2017-04-30,10
3549904,São José dos Campos,SP,2018,1064.87,21.39,242,2017-09-01,2018-04-30,26
3549904,São José dos Campos,SP,2019,1292.1,21.43,242,2018-09-01,2019-04-30,8
3549904,São José dos Campos,SP,2020,817.58,21.55,243,2019-09-01,2020-04-30,14
3549904,São José dos Campos,SP,2021,875.69,21.95,242,2020-09-01,2021-04-30,19
3549904,São José dos Campos,SP,2022,839.7,21.61,242,2021-09-01,2022-04-30,8
3549904,São José dos Campos,SP,2023,1201.13,20.55,242,2022-09-01,2023-04-30,7
3549904,São José dos Campos,SP,2024,951.5,23.24,243,2023-09-01,2024-04-30,12
3549904,São José dos Campos,SP,2025,819.37,22.59,242,2024-09-01,2025-04-30,19
3549904,São José dos Campos,SP,2026,700.87,22.0,242,2025-09-01,2026-04-30,17
3549953,São Lourenço da Serra,SP,2010,1778.05,22.2,242,2009-09-01,2010-04-30,11
3549953,São Lourenço da Serra,SP,2011,1565.84,21.4,242,2010-09-01,2011-04-30,6
3549953,São Lourenço da Serra,SP,2012,827.45,21.1,243,2011-09-01,2012-04-30,13
3549953,São Lourenço da Serra,SP,2013,1013.04,21.99,242,2012-09-01,2013-04-30,16
3549953,São Lourenço da Serra,SP,2014,784.49,22.19,242,2013-09-01,2014-04-30,13
3549953,São Lourenço da Serra,SP,2015,787.93,22.66,242,2014-09-01,2015-04-30,14
3549953,São Lourenço da Serra,SP,2016,1353.6,22.76,243,2015-09-01,2016-04-30,25
3549953,São Lourenço da Serra,SP,2017,1093.38,21.79,242,2016-09-01,2017-04-30,12
3549953,São Lourenço da Serra,SP,2018,852.22,22.13,242,2017-09-01,2018-04-30,27
3549953,São Lourenço da Serra,SP,2019,1140.62,22.63,242,2018-09-01,2019-04-30,8
3549953,São Lourenço da Serra,SP,2020,1062.26,21.75,243,2019-09-01,2020-04-30,12
3549953,São Lourenço da Serra,SP,2021,807.26,22.4,242,2020-09-01,2021-04-30,14
3549953,São Lourenço da Serra,SP,2022,1044.54,21.9,242,2021-09-01,2022-04-30,12
3549953,São Lourenço da Serra,SP,2023,1362.27,21.31,242,2022-09-01,2023-04-30,7
3549953,São Lourenço da Serra,SP,2024,1000.2,23.45,243,2023-09-01,2024-04-30,11
3549953,São Lourenço da Serra,SP,2025,858.95,22.95,242,2024-09-01,2025-04-30,14
3549953,São Lourenço da Serra,SP,2026,725.15,22.5,242,2025-09-01,2026-04-30,20
3550001,São Luiz do Paraitinga,SP,2010,1524.1,21.31,242,2009-09-01,2010-04-30,12
3550001,São Luiz do Paraitinga,SP,2011,1407.82,20.75,242,2010-09-01,2011-04-30,11
3550001,São Luiz do Paraitinga,SP,2012,1045.87,20.28,243,2011-09-01,2012-04-30,13
3550001,São Luiz do Paraitinga,SP,2013,1144.67,21.12,242,2012-09-01,2013-04-30,16
3550001,São Luiz do Paraitinga,SP,2014,860.5,21.35,242,2013-09-01,2014-04-30,20
3550001,São Luiz do Paraitinga,SP,2015,789.52,21.7,242,2014-09-01,2015-04-30,15
3550001,São Luiz do Paraitinga,SP,2016,1303.96,22.03,243,2015-09-01,2016-04-30,24
3550001,São Luiz do Paraitinga,SP,2017,1206.04,20.77,242,2016-09-01,2017-04-30,15
3550001,São Luiz do Paraitinga,SP,2018,1149.53,21.13,242,2017-09-01,2018-04-30,26
3550001,São Luiz do Paraitinga,SP,2019,1383.66,21.33,242,2018-09-01,2019-04-30,8
3550001,São Luiz do Paraitinga,SP,2020,901.62,21.04,243,2019-09-01,2020-04-30,14
3550001,São Luiz do Paraitinga,SP,2021,982.13,21.56,242,2020-09-01,2021-04-30,19
3550001,São Luiz do Paraitinga,SP,2022,1003.25,21.07,242,2021-09-01,2022-04-30,10
3550001,São Luiz do Paraitinga,SP,2023,1257.81,20.46,242,2022-09-01,2023-04-30,7
3550001,São Luiz do Paraitinga,SP,2024,986.21,22.79,243,2023-09-01,2024-04-30,10
3550001,São Luiz do Paraitinga,SP,2025,902.17,22.15,242,2024-09-01,2025-04-30,19
3550001,São Luiz do Paraitinga,SP,2026,754.78,21.51,242,2025-09-01,2026-04-30,17
3550100,São Manuel,SP,2010,1227.44,23.44,242,2009-09-01,2010-04-30,16
3550100,São Manuel,SP,2011,1099.59,23.39,242,2010-09-01,2011-04-30,17
3550100,São Manuel,SP,2012,887.15,23.34,243,2011-09-01,2012-04-30,16
3550100,São Manuel,SP,2013,1177.08,23.68,242,2012-09-01,2013-04-30,18
3550100,São Manuel,SP,2014,724.43,23.92,242,2013-09-01,2014-04-30,12
3550100,São Manuel,SP,2015,929.0,24.02,242,2014-09-01,2015-04-30,18
3550100,São Manuel,SP,2016,1333.96,24.21,243,2015-09-01,2016-04-30,19
3550100,São Manuel,SP,2017,892.66,23.18,242,2016-09-01,2017-04-30,17
3550100,São Manuel,SP,2018,953.87,23.88,242,2017-09-01,2018-04-30,28
3550100,São Manuel,SP,2019,884.16,24.23,242,2018-09-01,2019-04-30,14
3550100,São Manuel,SP,2020,606.36,24.73,243,2019-09-01,2020-04-30,16
3550100,São Manuel,SP,2021,476.13,25.12,242,2020-09-01,2021-04-30,17
3550100,São Manuel,SP,2022,911.19,24.14,242,2021-09-01,2022-04-30,16
3550100,São Manuel,SP,2023,802.1,23.24,242,2022-09-01,2023-04-30,10
3550100,São Manuel,SP,2024,565.48,26.48,243,2023-09-01,2024-04-30,12
3550100,São Manuel,SP,2025,590.55,25.42,242,2024-09-01,2025-04-30,23
3550100,São Manuel,SP,2026,644.7,24.51,242,2025-09-01,2026-04-30,20
3550209,São Miguel Arcanjo,SP,2010,1658.18,21.44,242,2009-09-01,2010-04-30,11
3550209,São Miguel Arcanjo,SP,2011,1199.1,20.83,242,2010-09-01,2011-04-30,8
3550209,São Miguel Arcanjo,SP,2012,895.61,21.03,243,2011-09-01,2012-04-30,13
3550209,São Miguel Arcanjo,SP,2013,1020.75,21.52,242,2012-09-01,2013-04-30,18
3550209,São Miguel Arcanjo,SP,2014,812.4,21.95,242,2013-09-01,2014-04-30,12
3550209,São Miguel Arcanjo,SP,2015,982.82,22.13,242,2014-09-01,2015-04-30,16
3550209,São Miguel Arcanjo,SP,2016,1397.18,22.16,243,2015-09-01,2016-04-30,13
3550209,São Miguel Arcanjo,SP,2017,1010.54,21.28,242,2016-09-01,2017-04-30,11
3550209,São Miguel Arcanjo,SP,2018,1126.21,21.64,242,2017-09-01,2018-04-30,28
3550209,São Miguel Arcanjo,SP,2019,1159.64,22.08,242,2018-09-01,2019-04-30,8
3550209,São Miguel Arcanjo,SP,2020,898.84,21.52,243,2019-09-01,2020-04-30,16
3550209,São Miguel Arcanjo,SP,2021,718.52,22.35,242,2020-09-01,2021-04-30,19
3550209,São Miguel Arcanjo,SP,2022,1043.24,21.61,242,2021-09-01,2022-04-30,12
3550209,São Miguel Arcanjo,SP,2023,1201.69,20.79,242,2022-09-01,2023-04-30,8
3550209,São Miguel Arcanjo,SP,2024,876.65,23.51,243,2023-09-01,2024-04-30,11
3550209,São Miguel Arcanjo,SP,2025,793.68,22.86,242,2024-09-01,2025-04-30,14
3550209,São Miguel Arcanjo,SP,2026,664.9,22.44,242,2025-09-01,2026-04-30,19
3550308,São Paulo,SP,2010,1666.75,21.09,242,2009-09-01,2010-04-30,12
3550308,São Paulo,SP,2011,1464.75,20.61,242,2010-09-01,2011-04-30,11
3550308,São Paulo,SP,2012,924.14,20.5,243,2011-09-01,2012-04-30,13
3550308,São Paulo,SP,2013,1098.88,21.22,242,2012-09-01,2013-04-30,16
3550308,São Paulo,SP,2014,769.94,21.63,242,2013-09-01,2014-04-30,14
3550308,São Paulo,SP,2015,854.33,21.79,242,2014-09-01,2015-04-30,16
3550308,São Paulo,SP,2016,1250.66,22.01,243,2015-09-01,2016-04-30,26
3550308,São Paulo,SP,2017,1090.54,20.97,242,2016-09-01,2017-04-30,13
3550308,São Paulo,SP,2018,791.1,21.55,242,2017-09-01,2018-04-30,28
3550308,São Paulo,SP,2019,1156.14,21.76,242,2018-09-01,2019-04-30,8
3550308,São Paulo,SP,2020,1119.16,21.26,243,2019-09-01,2020-04-30,12
3550308,São Paulo,SP,2021,691.92,21.98,242,2020-09-01,2021-04-30,19
3550308,São Paulo,SP,2022,1015.37,21.37,242,2021-09-01,2022-04-30,12
3550308,São Paulo,SP,2023,1308.23,20.46,242,2022-09-01,2023-04-30,7
3550308,São Paulo,SP,2024,894.85,23.27,243,2023-09-01,2024-04-30,13
3550308,São Paulo,SP,2025,775.9,22.58,242,2024-09-01,2025-04-30,14
3550308,São Paulo,SP,2026,754.23,21.95,242,2025-09-01,2026-04-30,20
3550407,São Pedro,SP,2010,1321.42,23.34,242,2009-09-01,2010-04-30,16
3550407,São Pedro,SP,2011,1062.18,23.38,242,2010-09-01,2011-04-30,17
3550407,São Pedro,SP,2012,937.64,23.35,243,2011-09-01,2012-04-30,16
3550407,São Pedro,SP,2013,1167.92,23.69,242,2012-09-01,2013-04-30,19
3550407,São Pedro,SP,2014,713.61,24.05,242,2013-09-01,2014-04-30,12
3550407,São Pedro,SP,2015,929.95,24.2,242,2014-09-01,2015-04-30,17
3550407,São Pedro,SP,2016,1313.53,24.32,243,2015-09-01,2016-04-30,29
3550407,São Pedro,SP,2017,939.92,23.2,242,2016-09-01,2017-04-30,16
3550407,São Pedro,SP,2018,921.66,23.95,242,2017-09-01,2018-04-30,28
3550407,São Pedro,SP,2019,991.9,24.12,242,2018-09-01,2019-04-30,14
3550407,São Pedro,SP,2020,799.35,24.36,243,2019-09-01,2020-04-30,16
3550407,São Pedro,SP,2021,487.81,25.21,242,2020-09-01,2021-04-30,21
3550407,São Pedro,SP,2022,946.13,24.17,242,2021-09-01,2022-04-30,16
3550407,São Pedro,SP,2023,949.0,23.15,242,2022-09-01,2023-04-30,9
3550407,São Pedro,SP,2024,637.02,26.48,243,2023-09-01,2024-04-30,12
3550407,São Pedro,SP,2025,677.21,25.41,242,2024-09-01,2025-04-30,15
3550407,São Pedro,SP,2026,717.36,24.56,242,2025-09-01,2026-04-30,20
3550506,São Pedro do Turvo,SP,2010,1415.64,23.51,242,2009-09-01,2010-04-30,16
3550506,São Pedro do Turvo,SP,2011,1030.23,23.6,242,2010-09-01,2011-04-30,16
3550506,São Pedro do Turvo,SP,2012,764.12,24.32,243,2011-09-01,2012-04-30,13
3550506,São Pedro do Turvo,SP,2013,962.4,24.23,242,2012-09-01,2013-04-30,18
3550506,São Pedro do Turvo,SP,2014,891.27,24.22,242,2013-09-01,2014-04-30,15
3550506,São Pedro do Turvo,SP,2015,1056.3,24.14,242,2014-09-01,2015-04-30,17
3550506,São Pedro do Turvo,SP,2016,1698.87,24.05,243,2015-09-01,2016-04-30,13
3550506,São Pedro do Turvo,SP,2017,974.85,23.06,242,2016-09-01,2017-04-30,12
3550506,São Pedro do Turvo,SP,2018,1196.24,23.8,242,2017-09-01,2018-04-30,28
3550506,São Pedro do Turvo,SP,2019,1119.78,24.18,242,2018-09-01,2019-04-30,14
3550506,São Pedro do Turvo,SP,2020,896.41,24.94,243,2019-09-01,2020-04-30,17
3550506,São Pedro do Turvo,SP,2021,697.17,25.19,242,2020-09-01,2021-04-30,20
3550506,São Pedro do Turvo,SP,2022,931.0,24.71,242,2021-09-01,2022-04-30,16
3550506,São Pedro do Turvo,SP,2023,1245.37,22.99,242,2022-09-01,2023-04-30,9
3550506,São Pedro do Turvo,SP,2024,793.9,26.79,243,2023-09-01,2024-04-30,14
3550506,São Pedro do Turvo,SP,2025,761.54,25.84,242,2024-09-01,2025-04-30,14
3550506,São Pedro do Turvo,SP,2026,926.12,24.75,242,2025-09-01,2026-04-30,20
3550605,São Roque,SP,2010,1666.75,21.09,242,2009-09-01,2010-04-30,12
3550605,São Roque,SP,2011,1464.75,20.61,242,2010-09-01,2011-04-30,11
3550605,São Roque,SP,2012,924.14,20.5,243,2011-09-01,2012-04-30,13
3550605,São Roque,SP,2013,1098.88,21.22,242,2012-09-01,2013-04-30,16
3550605,São Roque,SP,2014,769.94,21.63,242,2013-09-01,2014-04-30,14
3550605,São Roque,SP,2015,854.33,21.79,242,2014-09-01,2015-04-30,16
3550605,São Roque,SP,2016,1250.66,22.01,243,2015-09-01,2016-04-30,26
3550605,São Roque,SP,2017,1090.54,20.97,242,2016-09-01,2017-04-30,13
3550605,São Roque,SP,2018,791.1,21.55,242,2017-09-01,2018-04-30,28
3550605,São Roque,SP,2019,1156.14,21.76,242,2018-09-01,2019-04-30,8
3550605,São Roque,SP,2020,1119.16,21.26,243,2019-09-01,2020-04-30,12
3550605,São Roque,SP,2021,691.92,21.98,242,2020-09-01,2021-04-30,19
3550605,São Roque,SP,2022,1015.37,21.37,242,2021-09-01,2022-04-30,12
3550605,São Roque,SP,2023,1308.23,20.46,242,2022-09-01,2023-04-30,7
3550605,São Roque,SP,2024,894.85,23.27,243,2023-09-01,2024-04-30,13
3550605,São Roque,SP,2025,775.9,22.58,242,2024-09-01,2025-04-30,14
3550605,São Roque,SP,2026,754.23,21.95,242,2025-09-01,2026-04-30,20
3550704,São Sebastião,SP,2010,1570.31,24.42,242,2009-09-01,2010-04-30,11
3550704,São Sebastião,SP,2011,1462.61,23.51,242,2010-09-01,2011-04-30,10
3550704,São Sebastião,SP,2012,726.51,22.9,243,2011-09-01,2012-04-30,13
3550704,São Sebastião,SP,2013,790.97,23.74,242,2012-09-01,2013-04-30,19
3550704,São Sebastião,SP,2014,647.21,23.87,242,2013-09-01,2014-04-30,19
3550704,São Sebastião,SP,2015,744.93,24.07,242,2014-09-01,2015-04-30,16
3550704,São Sebastião,SP,2016,1296.39,24.38,243,2015-09-01,2016-04-30,21
3550704,São Sebastião,SP,2017,993.69,23.77,242,2016-09-01,2017-04-30,14
3550704,São Sebastião,SP,2018,829.39,23.8,242,2017-09-01,2018-04-30,28
3550704,São Sebastião,SP,2019,1176.8,24.44,242,2018-09-01,2019-04-30,14
3550704,São Sebastião,SP,2020,958.36,23.38,243,2019-09-01,2020-04-30,16
3550704,São Sebastião,SP,2021,1120.33,23.97,242,2020-09-01,2021-04-30,19
3550704,São Sebastião,SP,2022,951.58,23.39,242,2021-09-01,2022-04-30,21
3550704,São Sebastião,SP,2023,1209.42,23.4,242,2022-09-01,2023-04-30,12
3550704,São Sebastião,SP,2024,1032.03,24.69,243,2023-09-01,2024-04-30,12
3550704,São Sebastião,SP,2025,1030.93,24.06,242,2024-09-01,2025-04-30,18
3550704,São Sebastião,SP,2026,688.27,23.75,242,2025-09-01,2026-04-30,17
3550803,São Sebastião da Grama,SP,2010,1278.91,22.23,242,2009-09-01,2010-04-30,16
3550803,São Sebastião da Grama,SP,2011,1309.44,22.4,242,2010-09-01,2011-04-30,12
3550803,São Sebastião da Grama,SP,2012,1054.93,22.18,243,2011-09-01,2012-04-30,20
3550803,São Sebastião da Grama,SP,2013,1275.59,22.5,242,2012-09-01,2013-04-30,19
3550803,São Sebastião da Grama,SP,2014,700.34,23.3,242,2013-09-01,2014-04-30,13
3550803,São Sebastião da Grama,SP,2015,1010.26,23.01,242,2014-09-01,2015-04-30,18
3550803,São Sebastião da Grama,SP,2016,1298.81,23.21,243,2015-09-01,2016-04-30,26
3550803,São Sebastião da Grama,SP,2017,906.53,22.64,242,2016-09-01,2017-04-30,20
3550803,São Sebastião da Grama,SP,2018,994.84,22.86,242,2017-09-01,2018-04-30,26
3550803,São Sebastião da Grama,SP,2019,1186.24,22.81,242,2018-09-01,2019-04-30,13
3550803,São Sebastião da Grama,SP,2020,1067.18,23.14,243,2019-09-01,2020-04-30,18
3550803,São Sebastião da Grama,SP,2021,650.57,23.85,242,2020-09-01,2021-04-30,18
3550803,São Sebastião da Grama,SP,2022,1145.97,22.81,242,2021-09-01,2022-04-30,16
3550803,São Sebastião da Grama,SP,2023,1312.42,22.01,242,2022-09-01,2023-04-30,7
3550803,São Sebastião da Grama,SP,2024,813.84,25.11,243,2023-09-01,2024-04-30,12
3550803,São Sebastião da Grama,SP,2025,874.58,24.13,242,2024-09-01,2025-04-30,18
3550803,São Sebastião da Grama,SP,2026,918.9,23.06,242,2025-09-01,2026-04-30,21
3550902,São Simão,SP,2010,1260.0,23.29,242,2009-09-01,2010-04-30,16
3550902,São Simão,SP,2011,1226.22,23.59,242,2010-09-01,2011-04-30,12
3550902,São Simão,SP,2012,1031.95,23.56,243,2011-09-01,2012-04-30,16
3550902,São Simão,SP,2013,1126.35,23.72,242,2012-09-01,2013-04-30,19
3550902,São Simão,SP,2014,677.89,24.75,242,2013-09-01,2014-04-30,13
3550902,São Simão,SP,2015,942.08,24.25,242,2014-09-01,2015-04-30,21
3550902,São Simão,SP,2016,1265.35,24.26,243,2015-09-01,2016-04-30,26
3550902,São Simão,SP,2017,905.3,23.76,242,2016-09-01,2017-04-30,20
3550902,São Simão,SP,2018,967.72,24.16,242,2017-09-01,2018-04-30,28
3550902,São Simão,SP,2019,1155.06,23.93,242,2018-09-01,2019-04-30,13
3550902,São Simão,SP,2020,1041.62,24.36,243,2019-09-01,2020-04-30,18
3550902,São Simão,SP,2021,620.79,25.36,242,2020-09-01,2021-04-30,18
3550902,São Simão,SP,2022,1082.44,24.05,242,2021-09-01,2022-04-30,16
3550902,São Simão,SP,2023,1239.22,23.07,242,2022-09-01,2023-04-30,7
3550902,São Simão,SP,2024,787.75,26.55,243,2023-09-01,2024-04-30,12
3550902,São Simão,SP,2025,875.21,25.48,242,2024-09-01,2025-04-30,18
3550902,São Simão,SP,2026,913.03,24.35,242,2025-09-01,2026-04-30,21
3551009,São Vicente,SP,2010,1817.02,24.28,242,2009-09-01,2010-04-30,11
3551009,São Vicente,SP,2011,1702.96,23.34,242,2010-09-01,2011-04-30,6
3551009,São Vicente,SP,2012,760.36,22.85,243,2011-09-01,2012-04-30,13
3551009,São Vicente,SP,2013,906.25,23.77,242,2012-09-01,2013-04-30,16
3551009,São Vicente,SP,2014,731.37,23.91,242,2013-09-01,2014-04-30,15
3551009,São Vicente,SP,2015,705.47,24.2,242,2014-09-01,2015-04-30,14
3551009,São Vicente,SP,2016,1221.89,24.48,243,2015-09-01,2016-04-30,25
3551009,São Vicente,SP,2017,982.71,23.76,242,2016-09-01,2017-04-30,11
3551009,São Vicente,SP,2018,803.52,23.93,242,2017-09-01,2018-04-30,27
3551009,São Vicente,SP,2019,994.81,24.52,242,2018-09-01,2019-04-30,8
3551009,São Vicente,SP,2020,949.7,23.41,243,2019-09-01,2020-04-30,13
3551009,São Vicente,SP,2021,1079.4,23.98,242,2020-09-01,2021-04-30,19
3551009,São Vicente,SP,2022,884.17,23.5,242,2021-09-01,2022-04-30,12
3551009,São Vicente,SP,2023,1233.21,23.34,242,2022-09-01,2023-04-30,11
3551009,São Vicente,SP,2024,1098.21,24.82,243,2023-09-01,2024-04-30,12
3551009,São Vicente,SP,2025,1026.79,24.21,242,2024-09-01,2025-04-30,18
3551009,São Vicente,SP,2026,688.76,23.9,242,2025-09-01,2026-04-30,22
3551108,Sarapuí,SP,2010,1510.94,22.03,242,2009-09-01,2010-04-30,13
3551108,Sarapuí,SP,2011,1185.79,21.61,242,2010-09-01,2011-04-30,8
3551108,Sarapuí,SP,2012,863.82,21.82,243,2011-09-01,2012-04-30,22
3551108,Sarapuí,SP,2013,1016.67,22.28,242,2012-09-01,2013-04-30,18
3551108,Sarapuí,SP,2014,695.8,22.76,242,2013-09-01,2014-04-30,13
3551108,Sarapuí,SP,2015,836.99,22.97,242,2014-09-01,2015-04-30,17
3551108,Sarapuí,SP,2016,1273.12,23.0,243,2015-09-01,2016-04-30,29
3551108,Sarapuí,SP,2017,1006.51,21.85,242,2016-09-01,2017-04-30,13
3551108,Sarapuí,SP,2018,997.62,22.22,242,2017-09-01,2018-04-30,28
3551108,Sarapuí,SP,2019,1054.59,22.75,242,2018-09-01,2019-04-30,15
3551108,Sarapuí,SP,2020,875.42,22.51,243,2019-09-01,2020-04-30,16
3551108,Sarapuí,SP,2021,616.28,23.27,242,2020-09-01,2021-04-30,20
3551108,Sarapuí,SP,2022,963.03,22.63,242,2021-09-01,2022-04-30,13
3551108,Sarapuí,SP,2023,1092.75,21.48,242,2022-09-01,2023-04-30,8
3551108,Sarapuí,SP,2024,754.75,24.58,243,2023-09-01,2024-04-30,12
3551108,Sarapuí,SP,2025,681.39,23.89,242,2024-09-01,2025-04-30,14
3551108,Sarapuí,SP,2026,583.02,23.37,242,2025-09-01,2026-04-30,20
3551207,Sarutaiá,SP,2010,1424.47,22.86,242,2009-09-01,2010-04-30,15
3551207,Sarutaiá,SP,2011,1014.71,22.52,242,2010-09-01,2011-04-30,9
3551207,Sarutaiá,SP,2012,848.29,22.79,243,2011-09-01,2012-04-30,13
3551207,Sarutaiá,SP,2013,1028.64,23.09,242,2012-09-01,2013-04-30,17
3551207,Sarutaiá,SP,2014,816.12,23.15,242,2013-09-01,2014-04-30,14
3551207,Sarutaiá,SP,2015,1008.58,23.28,242,2014-09-01,2015-04-30,17
3551207,Sarutaiá,SP,2016,1488.92,23.48,243,2015-09-01,2016-04-30,14
3551207,Sarutaiá,SP,2017,1002.01,22.41,242,2016-09-01,2017-04-30,17
3551207,Sarutaiá,SP,2018,1157.73,22.88,242,2017-09-01,2018-04-30,28
3551207,Sarutaiá,SP,2019,999.22,23.52,242,2018-09-01,2019-04-30,14
3551207,Sarutaiá,SP,2020,785.34,23.63,243,2019-09-01,2020-04-30,18
3551207,Sarutaiá,SP,2021,647.32,23.86,242,2020-09-01,2021-04-30,17
3551207,Sarutaiá,SP,2022,921.19,23.5,242,2021-09-01,2022-04-30,14
3551207,Sarutaiá,SP,2023,1085.7,22.14,242,2022-09-01,2023-04-30,9
3551207,Sarutaiá,SP,2024,718.47,25.29,243,2023-09-01,2024-04-30,15
3551207,Sarutaiá,SP,2025,689.98,24.52,242,2024-09-01,2025-04-30,14
3551207,Sarutaiá,SP,2026,623.97,23.92,242,2025-09-01,2026-04-30,20
3551306,Sebastianópolis do Sul,SP,2010,1249.82,24.85,242,2009-09-01,2010-04-30,25
3551306,Sebastianópolis do Sul,SP,2011,1439.63,25.23,242,2010-09-01,2011-04-30,23
3551306,Sebastianópolis do Sul,SP,2012,883.53,25.49,243,2011-09-01,2012-04-30,14
3551306,Sebastianópolis do Sul,SP,2013,939.8,25.85,242,2012-09-01,2013-04-30,18
3551306,Sebastianópolis do Sul,SP,2014,848.61,26.06,242,2013-09-01,2014-04-30,11
3551306,Sebastianópolis do Sul,SP,2015,1107.87,25.74,242,2014-09-01,2015-04-30,17
3551306,Sebastianópolis do Sul,SP,2016,1294.34,25.83,243,2015-09-01,2016-04-30,30
3551306,Sebastianópolis do Sul,SP,2017,1065.05,25.08,242,2016-09-01,2017-04-30,13
3551306,Sebastianópolis do Sul,SP,2018,1120.02,25.56,242,2017-09-01,2018-04-30,28
3551306,Sebastianópolis do Sul,SP,2019,960.82,26.24,242,2018-09-01,2019-04-30,15
3551306,Sebastianópolis do Sul,SP,2020,948.78,26.52,243,2019-09-01,2020-04-30,17
3551306,Sebastianópolis do Sul,SP,2021,560.35,27.7,242,2020-09-01,2021-04-30,18
3551306,Sebastianópolis do Sul,SP,2022,1037.8,26.13,242,2021-09-01,2022-04-30,16
3551306,Sebastianópolis do Sul,SP,2023,1102.21,25.16,242,2022-09-01,2023-04-30,9
3551306,Sebastianópolis do Sul,SP,2024,776.32,28.86,243,2023-09-01,2024-04-30,16
3551306,Sebastianópolis do Sul,SP,2025,851.99,27.33,242,2024-09-01,2025-04-30,23
3551306,Sebastianópolis do Sul,SP,2026,855.97,26.81,242,2025-09-01,2026-04-30,21
3551405,Serra Azul,SP,2010,1260.0,23.29,242,2009-09-01,2010-04-30,16
3551405,Serra Azul,SP,2011,1226.22,23.59,242,2010-09-01,2011-04-30,12
3551405,Serra Azul,SP,2012,1031.95,23.56,243,2011-09-01,2012-04-30,16
3551405,Serra Azul,SP,2013,1126.35,23.72,242,2012-09-01,2013-04-30,19
3551405,Serra Azul,SP,2014,677.89,24.75,242,2013-09-01,2014-04-30,13
3551405,Serra Azul,SP,2015,942.08,24.25,242,2014-09-01,2015-04-30,21
3551405,Serra Azul,SP,2016,1265.35,24.26,243,2015-09-01,2016-04-30,26
3551405,Serra Azul,SP,2017,905.3,23.76,242,2016-09-01,2017-04-30,20
3551405,Serra Azul,SP,2018,967.72,24.16,242,2017-09-01,2018-04-30,28
3551405,Serra Azul,SP,2019,1155.06,23.93,242,2018-09-01,2019-04-30,13
3551405,Serra Azul,SP,2020,1041.62,24.36,243,2019-09-01,2020-04-30,18
3551405,Serra Azul,SP,2021,620.79,25.36,242,2020-09-01,2021-04-30,18
3551405,Serra Azul,SP,2022,1082.44,24.05,242,2021-09-01,2022-04-30,16
3551405,Serra Azul,SP,2023,1239.22,23.07,242,2022-09-01,2023-04-30,7
3551405,Serra Azul,SP,2024,787.75,26.55,243,2023-09-01,2024-04-30,12
3551405,Serra Azul,SP,2025,875.21,25.48,242,2024-09-01,2025-04-30,18
3551405,Serra Azul,SP,2026,913.03,24.35,242,2025-09-01,2026-04-30,21
3551504,Serrana,SP,2010,1320.37,23.24,242,2009-09-01,2010-04-30,16
3551504,Serrana,SP,2011,1352.31,23.33,242,2010-09-01,2011-04-30,12
3551504,Serrana,SP,2012,1081.44,23.35,243,2011-09-01,2012-04-30,17
3551504,Serrana,SP,2013,1140.32,23.68,242,2012-09-01,2013-04-30,17
3551504,Serrana,SP,2014,774.3,24.42,242,2013-09-01,2014-04-30,11
3551504,Serrana,SP,2015,1026.75,24.11,242,2014-09-01,2015-04-30,21
3551504,Serrana,SP,2016,1299.19,24.25,243,2015-09-01,2016-04-30,26
3551504,Serrana,SP,2017,1005.55,23.67,242,2016-09-01,2017-04-30,10
3551504,Serrana,SP,2018,1131.79,23.89,242,2017-09-01,2018-04-30,26
3551504,Serrana,SP,2019,1272.77,23.78,242,2018-09-01,2019-04-30,13
3551504,Serrana,SP,2020,1092.84,24.28,243,2019-09-01,2020-04-30,15
3551504,Serrana,SP,2021,616.62,25.26,242,2020-09-01,2021-04-30,20
3551504,Serrana,SP,2022,1172.69,23.95,242,2021-09-01,2022-04-30,16
3551504,Serrana,SP,2023,1239.31,23.11,242,2022-09-01,2023-04-30,8
3551504,Serrana,SP,2024,835.36,26.41,243,2023-09-01,2024-04-30,21
3551504,Serrana,SP,2025,945.84,25.33,242,2024-09-01,2025-04-30,19
3551504,Serrana,SP,2026,936.99,24.28,242,2025-09-01,2026-04-30,22
3551603,Serra Negra,SP,2010,1416.36,22.42,242,2009-09-01,2010-04-30,16
3551603,Serra Negra,SP,2011,1196.55,22.61,242,2010-09-01,2011-04-30,12
3551603,Serra Negra,SP,2012,1116.49,22.29,243,2011-09-01,2012-04-30,20
3551603,Serra Negra,SP,2013,1244.62,22.68,242,2012-09-01,2013-04-30,19
3551603,Serra Negra,SP,2014,797.62,23.29,242,2013-09-01,2014-04-30,13
3551603,Serra Negra,SP,2015,972.16,23.21,242,2014-09-01,2015-04-30,18
3551603,Serra Negra,SP,2016,1290.4,23.44,243,2015-09-01,2016-04-30,27
3551603,Serra Negra,SP,2017,1012.84,22.65,242,2016-09-01,2017-04-30,16
3551603,Serra Negra,SP,2018,929.17,23.21,242,2017-09-01,2018-04-30,28
3551603,Serra Negra,SP,2019,1141.59,23.02,242,2018-09-01,2019-04-30,14
3551603,Serra Negra,SP,2020,984.72,23.31,243,2019-09-01,2020-04-30,19
3551603,Serra Negra,SP,2021,617.74,24.24,242,2020-09-01,2021-04-30,19
3551603,Serra Negra,SP,2022,950.39,23.3,242,2021-09-01,2022-04-30,16
3551603,Serra Negra,SP,2023,1174.73,22.18,242,2022-09-01,2023-04-30,9
3551603,Serra Negra,SP,2024,835.23,25.34,243,2023-09-01,2024-04-30,12
3551603,Serra Negra,SP,2025,792.24,24.39,242,2024-09-01,2025-04-30,19
3551603,Serra Negra,SP,2026,836.39,23.55,242,2025-09-01,2026-04-30,19
3551702,Sertãozinho,SP,2010,1229.92,24.15,242,2009-09-01,2010-04-30,17
3551702,Sertãozinho,SP,2011,1293.38,24.29,242,2010-09-01,2011-04-30,12
3551702,Sertãozinho,SP,2012,1054.26,24.32,243,2011-09-01,2012-04-30,16
3551702,Sertãozinho,SP,2013,1120.66,24.65,242,2012-09-01,2013-04-30,19
3551702,Sertãozinho,SP,2014,802.92,25.21,242,2013-09-01,2014-04-30,11
3551702,Sertãozinho,SP,2015,933.1,25.15,242,2014-09-01,2015-04-30,21
3551702,Sertãozinho,SP,2016,1331.84,25.12,243,2015-09-01,2016-04-30,25
3551702,Sertãozinho,SP,2017,940.59,24.62,242,2016-09-01,2017-04-30,12
3551702,Sertãozinho,SP,2018,1081.33,24.93,242,2017-09-01,2018-04-30,27
3551702,Sertãozinho,SP,2019,1134.11,24.87,242,2018-09-01,2019-04-30,16
3551702,Sertãozinho,SP,2020,1073.79,25.24,243,2019-09-01,2020-04-30,18
3551702,Sertãozinho,SP,2021,570.11,26.39,242,2020-09-01,2021-04-30,20
3551702,Sertãozinho,SP,2022,1065.97,25.06,242,2021-09-01,2022-04-30,15
3551702,Sertãozinho,SP,2023,1257.48,24.04,242,2022-09-01,2023-04-30,9
3551702,Sertãozinho,SP,2024,800.27,27.54,243,2023-09-01,2024-04-30,12
3551702,Sertãozinho,SP,2025,971.9,26.3,242,2024-09-01,2025-04-30,19
3551702,Sertãozinho,SP,2026,1029.38,25.17,242,2025-09-01,2026-04-30,22
3551801,Sete Barras,SP,2010,1876.26,22.5,242,2009-09-01,2010-04-30,10
3551801,Sete Barras,SP,2011,1204.64,21.72,242,2010-09-01,2011-04-30,8
3551801,Sete Barras,SP,2012,939.16,21.75,243,2011-09-01,2012-04-30,11
3551801,Sete Barras,SP,2013,1032.74,22.41,242,2012-09-01,2013-04-30,13
3551801,Sete Barras,SP,2014,1007.78,22.5,242,2013-09-01,2014-04-30,17
3551801,Sete Barras,SP,2015,1277.87,22.88,242,2014-09-01,2015-04-30,13
3551801,Sete Barras,SP,2016,1586.0,22.91,243,2015-09-01,2016-04-30,12
3551801,Sete Barras,SP,2017,1064.28,22.07,242,2016-09-01,2017-04-30,11
3551801,Sete Barras,SP,2018,1252.89,22.47,242,2017-09-01,2018-04-30,27
3551801,Sete Barras,SP,2019,1381.46,22.91,242,2018-09-01,2019-04-30,8
3551801,Sete Barras,SP,2020,968.42,22.04,243,2019-09-01,2020-04-30,13
3551801,Sete Barras,SP,2021,906.46,22.92,242,2020-09-01,2021-04-30,13
3551801,Sete Barras,SP,2022,1132.03,22.3,242,2021-09-01,2022-04-30,12
3551801,Sete Barras,SP,2023,1315.95,21.65,242,2022-09-01,2023-04-30,10
3551801,Sete Barras,SP,2024,1083.38,23.93,243,2023-09-01,2024-04-30,11
3551801,Sete Barras,SP,2025,855.92,23.51,242,2024-09-01,2025-04-30,8
3551801,Sete Barras,SP,2026,790.32,23.21,242,2025-09-01,2026-04-30,18
3551900,Severínia,SP,2010,1105.13,24.36,242,2009-09-01,2010-04-30,17
3551900,Severínia,SP,2011,1208.26,24.68,242,2010-09-01,2011-04-30,16
3551900,Severínia,SP,2012,933.34,24.79,243,2011-09-01,2012-04-30,14
3551900,Severínia,SP,2013,1041.74,24.98,242,2012-09-01,2013-04-30,16
3551900,Severínia,SP,2014,860.18,25.31,242,2013-09-01,2014-04-30,11
3551900,Severínia,SP,2015,823.63,25.55,242,2014-09-01,2015-04-30,18
3551900,Severínia,SP,2016,1206.26,25.27,243,2015-09-01,2016-04-30,28
3551900,Severínia,SP,2017,905.05,24.75,242,2016-09-01,2017-04-30,13
3551900,Severínia,SP,2018,963.54,25.21,242,2017-09-01,2018-04-30,28
3551900,Severínia,SP,2019,945.9,25.45,242,2018-09-01,2019-04-30,15
3551900,Severínia,SP,2020,920.4,25.78,243,2019-09-01,2020-04-30,22
3551900,Severínia,SP,2021,609.43,26.65,242,2020-09-01,2021-04-30,18
3551900,Severínia,SP,2022,1042.52,25.32,242,2021-09-01,2022-04-30,16
3551900,Severínia,SP,2023,1038.05,24.47,242,2022-09-01,2023-04-30,11
3551900,Severínia,SP,2024,661.64,28.29,243,2023-09-01,2024-04-30,13
3551900,Severínia,SP,2025,869.1,26.62,242,2024-09-01,2025-04-30,39
3551900,Severínia,SP,2026,904.03,25.7,242,2025-09-01,2026-04-30,20
3552007,Silveiras,SP,2010,1460.74,20.55,242,2009-09-01,2010-04-30,13
3552007,Silveiras,SP,2011,1573.48,20.15,242,2010-09-01,2011-04-30,13
3552007,Silveiras,SP,2012,1103.05,19.65,243,2011-09-01,2012-04-30,17
3552007,Silveiras,SP,2013,1175.26,20.47,242,2012-09-01,2013-04-30,19
3552007,Silveiras,SP,2014,826.48,20.77,242,2013-09-01,2014-04-30,20
3552007,Silveiras,SP,2015,723.01,21.27,242,2014-09-01,2015-04-30,16
3552007,Silveiras,SP,2016,1279.06,21.62,243,2015-09-01,2016-04-30,24
3552007,Silveiras,SP,2017,1158.3,20.26,242,2016-09-01,2017-04-30,14
3552007,Silveiras,SP,2018,1138.88,20.54,242,2017-09-01,2018-04-30,26
3552007,Silveiras,SP,2019,1267.09,20.78,242,2018-09-01,2019-04-30,9
3552007,Silveiras,SP,2020,1061.58,20.58,243,2019-09-01,2020-04-30,16
3552007,Silveiras,SP,2021,927.19,21.12,242,2020-09-01,2021-04-30,19
3552007,Silveiras,SP,2022,1081.46,20.58,242,2021-09-01,2022-04-30,15
3552007,Silveiras,SP,2023,1308.58,19.95,242,2022-09-01,2023-04-30,7
3552007,Silveiras,SP,2024,917.02,22.41,243,2023-09-01,2024-04-30,12
3552007,Silveiras,SP,2025,899.54,21.78,242,2024-09-01,2025-04-30,19
3552007,Silveiras,SP,2026,679.25,21.18,242,2025-09-01,2026-04-30,16
3552106,Socorro,SP,2010,1378.25,20.45,242,2009-09-01,2010-04-30,13
3552106,Socorro,SP,2011,1380.02,20.36,242,2010-09-01,2011-04-30,7
3552106,Socorro,SP,2012,1179.38,19.85,243,2011-09-01,2012-04-30,10
3552106,Socorro,SP,2013,1302.5,20.32,242,2012-09-01,2013-04-30,19
3552106,Socorro,SP,2014,874.52,20.65,242,2013-09-01,2014-04-30,11
3552106,Socorro,SP,2015,918.58,20.92,242,2014-09-01,2015-04-30,16
3552106,Socorro,SP,2016,1319.77,21.45,243,2015-09-01,2016-04-30,25
3552106,Socorro,SP,2017,986.29,20.35,242,2016-09-01,2017-04-30,13
3552106,Socorro,SP,2018,1028.68,20.69,242,2017-09-01,2018-04-30,26
3552106,Socorro,SP,2019,1239.85,20.81,242,2018-09-01,2019-04-30,9
3552106,Socorro,SP,2020,1035.58,20.82,243,2019-09-01,2020-04-30,14
3552106,Socorro,SP,2021,826.74,21.3,242,2020-09-01,2021-04-30,19
3552106,Socorro,SP,2022,1100.81,20.76,242,2021-09-01,2022-04-30,14
3552106,Socorro,SP,2023,1336.79,19.93,242,2022-09-01,2023-04-30,7
3552106,Socorro,SP,2024,966.54,22.45,243,2023-09-01,2024-04-30,12
3552106,Socorro,SP,2025,816.01,21.8,242,2024-09-01,2025-04-30,19
3552106,Socorro,SP,2026,763.11,21.1,242,2025-09-01,2026-04-30,19
3552205,Sorocaba,SP,2010,1548.7,21.59,242,2009-09-01,2010-04-30,12
3552205,Sorocaba,SP,2011,1208.16,21.35,242,2010-09-01,2011-04-30,8
3552205,Sorocaba,SP,2012,884.05,21.48,243,2011-09-01,2012-04-30,13
3552205,Sorocaba,SP,2013,1041.36,21.89,242,2012-09-01,2013-04-30,19
3552205,Sorocaba,SP,2014,714.51,22.49,242,2013-09-01,2014-04-30,13
3552205,Sorocaba,SP,2015,852.53,22.53,242,2014-09-01,2015-04-30,16
3552205,Sorocaba,SP,2016,1261.59,22.56,243,2015-09-01,2016-04-30,26
3552205,Sorocaba,SP,2017,1057.39,21.56,242,2016-09-01,2017-04-30,13
3552205,Sorocaba,SP,2018,864.02,22.11,242,2017-09-01,2018-04-30,28
3552205,Sorocaba,SP,2019,1159.73,22.35,242,2018-09-01,2019-04-30,8
3552205,Sorocaba,SP,2020,1047.14,21.97,243,2019-09-01,2020-04-30,22
3552205,Sorocaba,SP,2021,662.21,22.83,242,2020-09-01,2021-04-30,19
3552205,Sorocaba,SP,2022,1011.81,22.13,242,2021-09-01,2022-04-30,14
3552205,Sorocaba,SP,2023,1305.91,20.95,242,2022-09-01,2023-04-30,7
3552205,Sorocaba,SP,2024,849.66,24.1,243,2023-09-01,2024-04-30,13
3552205,Sorocaba,SP,2025,738.44,23.44,242,2024-09-01,2025-04-30,14
3552205,Sorocaba,SP,2026,710.6,22.79,242,2025-09-01,2026-04-30,20
3552304,Sud Mennucci,SP,2010,1346.18,25.27,242,2009-09-01,2010-04-30,25
3552304,Sud Mennucci,SP,2011,1462.0,25.57,242,2010-09-01,2011-04-30,23
3552304,Sud Mennucci,SP,2012,903.31,25.89,243,2011-09-01,2012-04-30,11
3552304,Sud Mennucci,SP,2013,980.99,26.22,242,2012-09-01,2013-04-30,18
3552304,Sud Mennucci,SP,2014,821.59,26.6,242,2013-09-01,2014-04-30,14
3552304,Sud Mennucci,SP,2015,1119.3,26.19,242,2014-09-01,2015-04-30,17
3552304,Sud Mennucci,SP,2016,1259.66,26.28,243,2015-09-01,2016-04-30,30
3552304,Sud Mennucci,SP,2017,1096.46,25.39,242,2016-09-01,2017-04-30,13
3552304,Sud Mennucci,SP,2018,1157.68,25.87,242,2017-09-01,2018-04-30,28
3552304,Sud Mennucci,SP,2019,998.87,26.61,242,2018-09-01,2019-04-30,14
3552304,Sud Mennucci,SP,2020,942.26,27.01,243,2019-09-01,2020-04-30,17
3552304,Sud Mennucci,SP,2021,489.72,28.4,242,2020-09-01,2021-04-30,18
3552304,Sud Mennucci,SP,2022,972.46,26.75,242,2021-09-01,2022-04-30,16
3552304,Sud Mennucci,SP,2023,1070.0,25.59,242,2022-09-01,2023-04-30,9
3552304,Sud Mennucci,SP,2024,782.78,29.3,243,2023-09-01,2024-04-30,14
3552304,Sud Mennucci,SP,2025,805.05,27.93,242,2024-09-01,2025-04-30,22
3552304,Sud Mennucci,SP,2026,778.93,27.5,242,2025-09-01,2026-04-30,21
3552403,Sumaré,SP,2010,1443.1,22.87,242,2009-09-01,2010-04-30,14
3552403,Sumaré,SP,2011,1109.65,22.87,242,2010-09-01,2011-04-30,14
3552403,Sumaré,SP,2012,925.98,23.0,243,2011-09-01,2012-04-30,22
3552403,Sumaré,SP,2013,1093.02,23.28,242,2012-09-01,2013-04-30,19
3552403,Sumaré,SP,2014,688.23,23.98,242,2013-09-01,2014-04-30,12
3552403,Sumaré,SP,2015,885.74,23.87,242,2014-09-01,2015-04-30,17
3552403,Sumaré,SP,2016,1259.92,23.88,243,2015-09-01,2016-04-30,27
3552403,Sumaré,SP,2017,1009.69,22.97,242,2016-09-01,2017-04-30,16
3552403,Sumaré,SP,2018,877.03,23.6,242,2017-09-01,2018-04-30,28
3552403,Sumaré,SP,2019,1143.22,23.61,242,2018-09-01,2019-04-30,14
3552403,Sumaré,SP,2020,999.25,23.59,243,2019-09-01,2020-04-30,16
3552403,Sumaré,SP,2021,590.56,24.63,242,2020-09-01,2021-04-30,21
3552403,Sumaré,SP,2022,921.43,23.75,242,2021-09-01,2022-04-30,14
3552403,Sumaré,SP,2023,1143.79,22.48,242,2022-09-01,2023-04-30,9
3552403,Sumaré,SP,2024,780.23,25.89,243,2023-09-01,2024-04-30,12
3552403,Sumaré,SP,2025,698.98,25.04,242,2024-09-01,2025-04-30,17
3552403,Sumaré,SP,2026,733.68,24.31,242,2025-09-01,2026-04-30,20
3552502,Suzano,SP,2010,1708.0,21.63,242,2009-09-01,2010-04-30,11
3552502,Suzano,SP,2011,1612.83,21.03,242,2010-09-01,2011-04-30,10
3552502,Suzano,SP,2012,913.57,20.91,243,2011-09-01,2012-04-30,13
3552502,Suzano,SP,2013,1041.98,21.64,242,2012-09-01,2013-04-30,16
3552502,Suzano,SP,2014,762.83,22.06,242,2013-09-01,2014-04-30,15
3552502,Suzano,SP,2015,814.52,22.19,242,2014-09-01,2015-04-30,16
3552502,Suzano,SP,2016,1155.68,22.52,243,2015-09-01,2016-04-30,25
3552502,Suzano,SP,2017,1111.08,21.41,242,2016-09-01,2017-04-30,14
3552502,Suzano,SP,2018,885.1,21.83,242,2017-09-01,2018-04-30,28
3552502,Suzano,SP,2019,1200.65,22.11,242,2018-09-01,2019-04-30,7
3552502,Suzano,SP,2020,994.6,21.53,243,2019-09-01,2020-04-30,13
3552502,Suzano,SP,2021,850.67,22.12,242,2020-09-01,2021-04-30,19
3552502,Suzano,SP,2022,893.62,21.72,242,2021-09-01,2022-04-30,8
3552502,Suzano,SP,2023,1193.78,20.94,242,2022-09-01,2023-04-30,7
3552502,Suzano,SP,2024,993.45,23.35,243,2023-09-01,2024-04-30,12
3552502,Suzano,SP,2025,845.8,22.73,242,2024-09-01,2025-04-30,14
3552502,Suzano,SP,2026,748.72,22.2,242,2025-09-01,2026-04-30,19
3552551,Suzanápolis,SP,2010,1492.54,25.9,242,2009-09-01,2010-04-30,19
3552551,Suzanápolis,SP,2011,1500.37,25.85,242,2010-09-01,2011-04-30,23
3552551,Suzanápolis,SP,2012,873.61,26.26,243,2011-09-01,2012-04-30,12
3552551,Suzanápolis,SP,2013,1000.99,26.68,242,2012-09-01,2013-04-30,18
3552551,Suzanápolis,SP,2014,778.13,27.12,242,2013-09-01,2014-04-30,14
3552551,Suzanápolis,SP,2015,1035.79,26.94,242,2014-09-01,2015-04-30,17
3552551,Suzanápolis,SP,2016,1169.26,27.03,243,2015-09-01,2016-04-30,29
3552551,Suzanápolis,SP,2017,1057.63,25.88,242,2016-09-01,2017-04-30,13
3552551,Suzanápolis,SP,2018,1134.09,26.36,242,2017-09-01,2018-04-30,28
3552551,Suzanápolis,SP,2019,1055.08,27.03,242,2018-09-01,2019-04-30,13
3552551,Suzanápolis,SP,2020,882.49,27.65,243,2019-09-01,2020-04-30,16
3552551,Suzanápolis,SP,2021,403.25,28.94,242,2020-09-01,2021-04-30,21
3552551,Suzanápolis,SP,2022,837.66,27.61,242,2021-09-01,2022-04-30,14
3552551,Suzanápolis,SP,2023,1010.79,26.1,242,2022-09-01,2023-04-30,8
3552551,Suzanápolis,SP,2024,728.0,29.87,243,2023-09-01,2024-04-30,14
3552551,Suzanápolis,SP,2025,722.96,28.64,242,2024-09-01,2025-04-30,15
3552551,Suzanápolis,SP,2026,583.02,28.4,242,2025-09-01,2026-04-30,20
3552601,Tabapuã,SP,2010,1105.13,24.36,242,2009-09-01,2010-04-30,17
3552601,Tabapuã,SP,2011,1208.26,24.68,242,2010-09-01,2011-04-30,16
3552601,Tabapuã,SP,2012,933.34,24.79,243,2011-09-01,2012-04-30,14
3552601,Tabapuã,SP,2013,1041.74,24.98,242,2012-09-01,2013-04-30,16
3552601,Tabapuã,SP,2014,860.18,25.31,242,2013-09-01,2014-04-30,11
3552601,Tabapuã,SP,2015,823.63,25.55,242,2014-09-01,2015-04-30,18
3552601,Tabapuã,SP,2016,1206.26,25.27,243,2015-09-01,2016-04-30,28
3552601,Tabapuã,SP,2017,905.05,24.75,242,2016-09-01,2017-04-30,13
3552601,Tabapuã,SP,2018,963.54,25.21,242,2017-09-01,2018-04-30,28
3552601,Tabapuã,SP,2019,945.9,25.45,242,2018-09-01,2019-04-30,15
3552601,Tabapuã,SP,2020,920.4,25.78,243,2019-09-01,2020-04-30,22
3552601,Tabapuã,SP,2021,609.43,26.65,242,2020-09-01,2021-04-30,18
3552601,Tabapuã,SP,2022,1042.52,25.32,242,2021-09-01,2022-04-30,16
3552601,Tabapuã,SP,2023,1038.05,24.47,242,2022-09-01,2023-04-30,11
3552601,Tabapuã,SP,2024,661.64,28.29,243,2023-09-01,2024-04-30,13
3552601,Tabapuã,SP,2025,869.1,26.62,242,2024-09-01,2025-04-30,39
3552601,Tabapuã,SP,2026,904.03,25.7,242,2025-09-01,2026-04-30,20
3552700,Tabatinga,SP,2010,1142.99,24.23,242,2009-09-01,2010-04-30,16
3552700,Tabatinga,SP,2011,1139.84,24.66,242,2010-09-01,2011-04-30,16
3552700,Tabatinga,SP,2012,801.14,24.97,243,2011-09-01,2012-04-30,15
3552700,Tabatinga,SP,2013,1018.28,24.98,242,2012-09-01,2013-04-30,17
3552700,Tabatinga,SP,2014,731.94,25.56,242,2013-09-01,2014-04-30,12
3552700,Tabatinga,SP,2015,852.83,25.39,242,2014-09-01,2015-04-30,23
3552700,Tabatinga,SP,2016,1258.73,25.17,243,2015-09-01,2016-04-30,29
3552700,Tabatinga,SP,2017,903.42,24.47,242,2016-09-01,2017-04-30,13
3552700,Tabatinga,SP,2018,864.99,25.34,242,2017-09-01,2018-04-30,28
3552700,Tabatinga,SP,2019,927.8,25.38,242,2018-09-01,2019-04-30,14
3552700,Tabatinga,SP,2020,827.25,25.89,243,2019-09-01,2020-04-30,16
3552700,Tabatinga,SP,2021,562.57,26.69,242,2020-09-01,2021-04-30,18
3552700,Tabatinga,SP,2022,1029.54,25.22,242,2021-09-01,2022-04-30,16
3552700,Tabatinga,SP,2023,890.75,24.45,242,2022-09-01,2023-04-30,8
3552700,Tabatinga,SP,2024,480.59,28.67,243,2023-09-01,2024-04-30,15
3552700,Tabatinga,SP,2025,744.25,26.78,242,2024-09-01,2025-04-30,23
3552700,Tabatinga,SP,2026,771.45,25.88,242,2025-09-01,2026-04-30,20
3552809,Taboão da Serra,SP,2010,1666.75,21.09,242,2009-09-01,2010-04-30,12
3552809,Taboão da Serra,SP,2011,1464.75,20.61,242,2010-09-01,2011-04-30,11
3552809,Taboão da Serra,SP,2012,924.14,20.5,243,2011-09-01,2012-04-30,13
3552809,Taboão da Serra,SP,2013,1098.88,21.22,242,2012-09-01,2013-04-30,16
3552809,Taboão da Serra,SP,2014,769.94,21.63,242,2013-09-01,2014-04-30,14
3552809,Taboão da Serra,SP,2015,854.33,21.79,242,2014-09-01,2015-04-30,16
3552809,Taboão da Serra,SP,2016,1250.66,22.01,243,2015-09-01,2016-04-30,26
3552809,Taboão da Serra,SP,2017,1090.54,20.97,242,2016-09-01,2017-04-30,13
3552809,Taboão da Serra,SP,2018,791.1,21.55,242,2017-09-01,2018-04-30,28
3552809,Taboão da Serra,SP,2019,1156.14,21.76,242,2018-09-01,2019-04-30,8
3552809,Taboão da Serra,SP,2020,1119.16,21.26,243,2019-09-01,2020-04-30,12
3552809,Taboão da Serra,SP,2021,691.92,21.98,242,2020-09-01,2021-04-30,19
3552809,Taboão da Serra,SP,2022,1015.37,21.37,242,2021-09-01,2022-04-30,12
3552809,Taboão da Serra,SP,2023,1308.23,20.46,242,2022-09-01,2023-04-30,7
3552809,Taboão da Serra,SP,2024,894.85,23.27,243,2023-09-01,2024-04-30,13
3552809,Taboão da Serra,SP,2025,775.9,22.58,242,2024-09-01,2025-04-30,14
3552809,Taboão da Serra,SP,2026,754.23,21.95,242,2025-09-01,2026-04-30,20
3552908,Taciba,SP,2010,1718.44,24.56,242,2009-09-01,2010-04-30,15
3552908,Taciba,SP,2011,1298.5,24.51,242,2010-09-01,2011-04-30,16
3552908,Taciba,SP,2012,851.67,25.39,243,2011-09-01,2012-04-30,12
3552908,Taciba,SP,2013,1011.01,25.37,242,2012-09-01,2013-04-30,18
3552908,Taciba,SP,2014,1007.62,25.28,242,2013-09-01,2014-04-30,12
3552908,Taciba,SP,2015,1018.59,25.32,242,2014-09-01,2015-04-30,12
3552908,Taciba,SP,2016,1616.89,25.15,243,2015-09-01,2016-04-30,24
3552908,Taciba,SP,2017,886.2,24.55,242,2016-09-01,2017-04-30,13
3552908,Taciba,SP,2018,1218.25,24.97,242,2017-09-01,2018-04-30,28
3552908,Taciba,SP,2019,1035.46,25.52,242,2018-09-01,2019-04-30,14
3552908,Taciba,SP,2020,856.66,26.1,243,2019-09-01,2020-04-30,16
3552908,Taciba,SP,2021,688.9,26.23,242,2020-09-01,2021-04-30,19
3552908,Taciba,SP,2022,850.55,26.03,242,2021-09-01,2022-04-30,10
3552908,Taciba,SP,2023,1222.81,24.08,242,2022-09-01,2023-04-30,9
3552908,Taciba,SP,2024,746.12,28.09,243,2023-09-01,2024-04-30,16
3552908,Taciba,SP,2025,754.96,26.91,242,2024-09-01,2025-04-30,14
3552908,Taciba,SP,2026,932.25,26.02,242,2025-09-01,2026-04-30,20
3553005,Taguaí,SP,2010,1424.47,22.86,242,2009-09-01,2010-04-30,15
3553005,Taguaí,SP,2011,1014.71,22.52,242,2010-09-01,2011-04-30,9
3553005,Taguaí,SP,2012,848.29,22.79,243,2011-09-01,2012-04-30,13
3553005,Taguaí,SP,2013,1028.64,23.09,242,2012-09-01,2013-04-30,17
3553005,Taguaí,SP,2014,816.12,23.15,242,2013-09-01,2014-04-30,14
3553005,Taguaí,SP,2015,1008.58,23.28,242,2014-09-01,2015-04-30,17
3553005,Taguaí,SP,2016,1488.92,23.48,243,2015-09-01,2016-04-30,14
3553005,Taguaí,SP,2017,1002.01,22.41,242,2016-09-01,2017-04-30,17
3553005,Taguaí,SP,2018,1157.73,22.88,242,2017-09-01,2018-04-30,28
3553005,Taguaí,SP,2019,999.22,23.52,242,2018-09-01,2019-04-30,14
3553005,Taguaí,SP,2020,785.34,23.63,243,2019-09-01,2020-04-30,18
3553005,Taguaí,SP,2021,647.32,23.86,242,2020-09-01,2021-04-30,17
3553005,Taguaí,SP,2022,921.19,23.5,242,2021-09-01,2022-04-30,14
3553005,Taguaí,SP,2023,1085.7,22.14,242,2022-09-01,2023-04-30,9
3553005,Taguaí,SP,2024,718.47,25.29,243,2023-09-01,2024-04-30,15
3553005,Taguaí,SP,2025,689.98,24.52,242,2024-09-01,2025-04-30,14
3553005,Taguaí,SP,2026,623.97,23.92,242,2025-09-01,2026-04-30,20
3553104,Taiaçu,SP,2010,1105.13,24.36,242,2009-09-01,2010-04-30,17
3553104,Taiaçu,SP,2011,1208.26,24.68,242,2010-09-01,2011-04-30,16
3553104,Taiaçu,SP,2012,933.34,24.79,243,2011-09-01,2012-04-30,14
3553104,Taiaçu,SP,2013,1041.74,24.98,242,2012-09-01,2013-04-30,16
3553104,Taiaçu,SP,2014,860.18,25.31,242,2013-09-01,2014-04-30,11
3553104,Taiaçu,SP,2015,823.63,25.55,242,2014-09-01,2015-04-30,18
3553104,Taiaçu,SP,2016,1206.26,25.27,243,2015-09-01,2016-04-30,28
3553104,Taiaçu,SP,2017,905.05,24.75,242,2016-09-01,2017-04-30,13
3553104,Taiaçu,SP,2018,963.54,25.21,242,2017-09-01,2018-04-30,28
3553104,Taiaçu,SP,2019,945.9,25.45,242,2018-09-01,2019-04-30,15
3553104,Taiaçu,SP,2020,920.4,25.78,243,2019-09-01,2020-04-30,22
3553104,Taiaçu,SP,2021,609.43,26.65,242,2020-09-01,2021-04-30,18
3553104,Taiaçu,SP,2022,1042.52,25.32,242,2021-09-01,2022-04-30,16
3553104,Taiaçu,SP,2023,1038.05,24.47,242,2022-09-01,2023-04-30,11
3553104,Taiaçu,SP,2024,661.64,28.29,243,2023-09-01,2024-04-30,13
3553104,Taiaçu,SP,2025,869.1,26.62,242,2024-09-01,2025-04-30,39
3553104,Taiaçu,SP,2026,904.03,25.7,242,2025-09-01,2026-04-30,20
3553203,Taiúva,SP,2010,1105.13,24.36,242,2009-09-01,2010-04-30,17
3553203,Taiúva,SP,2011,1208.26,24.68,242,2010-09-01,2011-04-30,16
3553203,Taiúva,SP,2012,933.34,24.79,243,2011-09-01,2012-04-30,14
3553203,Taiúva,SP,2013,1041.74,24.98,242,2012-09-01,2013-04-30,16
3553203,Taiúva,SP,2014,860.18,25.31,242,2013-09-01,2014-04-30,11
3553203,Taiúva,SP,2015,823.63,25.55,242,2014-09-01,2015-04-30,18
3553203,Taiúva,SP,2016,1206.26,25.27,243,2015-09-01,2016-04-30,28
3553203,Taiúva,SP,2017,905.05,24.75,242,2016-09-01,2017-04-30,13
3553203,Taiúva,SP,2018,963.54,25.21,242,2017-09-01,2018-04-30,28
3553203,Taiúva,SP,2019,945.9,25.45,242,2018-09-01,2019-04-30,15
3553203,Taiúva,SP,2020,920.4,25.78,243,2019-09-01,2020-04-30,22
3553203,Taiúva,SP,2021,609.43,26.65,242,2020-09-01,2021-04-30,18
3553203,Taiúva,SP,2022,1042.52,25.32,242,2021-09-01,2022-04-30,16
3553203,Taiúva,SP,2023,1038.05,24.47,242,2022-09-01,2023-04-30,11
3553203,Taiúva,SP,2024,661.64,28.29,243,2023-09-01,2024-04-30,13
3553203,Taiúva,SP,2025,869.1,26.62,242,2024-09-01,2025-04-30,39
3553203,Taiúva,SP,2026,904.03,25.7,242,2025-09-01,2026-04-30,20
3553302,Tambaú,SP,2010,1260.0,23.29,242,2009-09-01,2010-04-30,16
3553302,Tambaú,SP,2011,1226.22,23.59,242,2010-09-01,2011-04-30,12
3553302,Tambaú,SP,2012,1031.95,23.56,243,2011-09-01,2012-04-30,16
3553302,Tambaú,SP,2013,1126.35,23.72,242,2012-09-01,2013-04-30,19
3553302,Tambaú,SP,2014,677.89,24.75,242,2013-09-01,2014-04-30,13
3553302,Tambaú,SP,2015,942.08,24.25,242,2014-09-01,2015-04-30,21
3553302,Tambaú,SP,2016,1265.35,24.26,243,2015-09-01,2016-04-30,26
3553302,Tambaú,SP,2017,905.3,23.76,242,2016-09-01,2017-04-30,20
3553302,Tambaú,SP,2018,967.72,24.16,242,2017-09-01,2018-04-30,28
3553302,Tambaú,SP,2019,1155.06,23.93,242,2018-09-01,2019-04-30,13
3553302,Tambaú,SP,2020,1041.62,24.36,243,2019-09-01,2020-04-30,18
3553302,Tambaú,SP,2021,620.79,25.36,242,2020-09-01,2021-04-30,18
3553302,Tambaú,SP,2022,1082.44,24.05,242,2021-09-01,2022-04-30,16
3553302,Tambaú,SP,2023,1239.22,23.07,242,2022-09-01,2023-04-30,7
3553302,Tambaú,SP,2024,787.75,26.55,243,2023-09-01,2024-04-30,12
3553302,Tambaú,SP,2025,875.21,25.48,242,2024-09-01,2025-04-30,18
3553302,Tambaú,SP,2026,913.03,24.35,242,2025-09-01,2026-04-30,21
3553401,Tanabi,SP,2010,1174.84,24.82,242,2009-09-01,2010-04-30,25
3553401,Tanabi,SP,2011,1341.78,25.09,242,2010-09-01,2011-04-30,23
3553401,Tanabi,SP,2012,1030.22,24.97,243,2011-09-01,2012-04-30,16
3553401,Tanabi,SP,2013,1071.04,25.5,242,2012-09-01,2013-04-30,18
3553401,Tanabi,SP,2014,912.54,25.57,242,2013-09-01,2014-04-30,11
3553401,Tanabi,SP,2015,955.35,25.89,242,2014-09-01,2015-04-30,17
3553401,Tanabi,SP,2016,1265.3,25.8,243,2015-09-01,2016-04-30,26
3553401,Tanabi,SP,2017,1004.32,25.09,242,2016-09-01,2017-04-30,12
3553401,Tanabi,SP,2018,1070.76,25.55,242,2017-09-01,2018-04-30,28
3553401,Tanabi,SP,2019,985.34,25.98,242,2018-09-01,2019-04-30,14
3553401,Tanabi,SP,2020,995.23,26.25,243,2019-09-01,2020-04-30,17
3553401,Tanabi,SP,2021,689.18,27.06,242,2020-09-01,2021-04-30,18
3553401,Tanabi,SP,2022,1076.68,25.9,242,2021-09-01,2022-04-30,16
3553401,Tanabi,SP,2023,1128.03,25.07,242,2022-09-01,2023-04-30,9
3553401,Tanabi,SP,2024,780.38,28.54,243,2023-09-01,2024-04-30,16
3553401,Tanabi,SP,2025,887.63,27.11,242,2024-09-01,2025-04-30,39
3553401,Tanabi,SP,2026,899.81,26.44,242,2025-09-01,2026-04-30,20
3553500,Tapiraí,SP,2010,1656.85,21.67,242,2009-09-01,2010-04-30,11
3553500,Tapiraí,SP,2011,1208.16,21.22,242,2010-09-01,2011-04-30,7
3553500,Tapiraí,SP,2012,915.52,21.28,243,2011-09-01,2012-04-30,13
3553500,Tapiraí,SP,2013,1040.49,21.8,242,2012-09-01,2013-04-30,19
3553500,Tapiraí,SP,2014,819.53,22.29,242,2013-09-01,2014-04-30,12
3553500,Tapiraí,SP,2015,902.42,22.47,242,2014-09-01,2015-04-30,16
3553500,Tapiraí,SP,2016,1388.32,22.43,243,2015-09-01,2016-04-30,14
3553500,Tapiraí,SP,2017,1129.01,21.59,242,2016-09-01,2017-04-30,12
3553500,Tapiraí,SP,2018,950.8,22.08,242,2017-09-01,2018-04-30,27
3553500,Tapiraí,SP,2019,1232.27,22.36,242,2018-09-01,2019-04-30,8
3553500,Tapiraí,SP,2020,1097.32,21.64,243,2019-09-01,2020-04-30,13
3553500,Tapiraí,SP,2021,775.95,22.47,242,2020-09-01,2021-04-30,14
3553500,Tapiraí,SP,2022,1128.8,21.73,242,2021-09-01,2022-04-30,8
3553500,Tapiraí,SP,2023,1375.0,20.88,242,2022-09-01,2023-04-30,7
3553500,Tapiraí,SP,2024,979.08,23.61,243,2023-09-01,2024-04-30,11
3553500,Tapiraí,SP,2025,822.77,23.08,242,2024-09-01,2025-04-30,10
3553500,Tapiraí,SP,2026,754.84,22.57,242,2025-09-01,2026-04-30,19
3553609,Tapiratiba,SP,2010,1278.91,22.23,242,2009-09-01,2010-04-30,16
3553609,Tapiratiba,SP,2011,1309.44,22.4,242,2010-09-01,2011-04-30,12
3553609,Tapiratiba,SP,2012,1054.93,22.18,243,2011-09-01,2012-04-30,20
3553609,Tapiratiba,SP,2013,1275.59,22.5,242,2012-09-01,2013-04-30,19
3553609,Tapiratiba,SP,2014,700.34,23.3,242,2013-09-01,2014-04-30,13
3553609,Tapiratiba,SP,2015,1010.26,23.01,242,2014-09-01,2015-04-30,18
3553609,Tapiratiba,SP,2016,1298.81,23.21,243,2015-09-01,2016-04-30,26
3553609,Tapiratiba,SP,2017,906.53,22.64,242,2016-09-01,2017-04-30,20
3553609,Tapiratiba,SP,2018,994.84,22.86,242,2017-09-01,2018-04-30,26
3553609,Tapiratiba,SP,2019,1186.24,22.81,242,2018-09-01,2019-04-30,13
3553609,Tapiratiba,SP,2020,1067.18,23.14,243,2019-09-01,2020-04-30,18
3553609,Tapiratiba,SP,2021,650.57,23.85,242,2020-09-01,2021-04-30,18
3553609,Tapiratiba,SP,2022,1145.97,22.81,242,2021-09-01,2022-04-30,16
3553609,Tapiratiba,SP,2023,1312.42,22.01,242,2022-09-01,2023-04-30,7
3553609,Tapiratiba,SP,2024,813.84,25.11,243,2023-09-01,2024-04-30,12
3553609,Tapiratiba,SP,2025,874.58,24.13,242,2024-09-01,2025-04-30,18
3553609,Tapiratiba,SP,2026,918.9,23.06,242,2025-09-01,2026-04-30,21
3553658,Taquaral,SP,2010,1229.92,24.15,242,2009-09-01,2010-04-30,17
3553658,Taquaral,SP,2011,1293.38,24.29,242,2010-09-01,2011-04-30,12
3553658,Taquaral,SP,2012,1054.26,24.32,243,2011-09-01,2012-04-30,16
3553658,Taquaral,SP,2013,1120.66,24.65,242,2012-09-01,2013-04-30,19
3553658,Taquaral,SP,2014,802.92,25.21,242,2013-09-01,2014-04-30,11
3553658,Taquaral,SP,2015,933.1,25.15,242,2014-09-01,2015-04-30,21
3553658,Taquaral,SP,2016,1331.84,25.12,243,2015-09-01,2016-04-30,25
3553658,Taquaral,SP,2017,940.59,24.62,242,2016-09-01,2017-04-30,12
3553658,Taquaral,SP,2018,1081.33,24.93,242,2017-09-01,2018-04-30,27
3553658,Taquaral,SP,2019,1134.11,24.87,242,2018-09-01,2019-04-30,16
3553658,Taquaral,SP,2020,1073.79,25.24,243,2019-09-01,2020-04-30,18
3553658,Taquaral,SP,2021,570.11,26.39,242,2020-09-01,2021-04-30,20
3553658,Taquaral,SP,2022,1065.97,25.06,242,2021-09-01,2022-04-30,15
3553658,Taquaral,SP,2023,1257.48,24.04,242,2022-09-01,2023-04-30,9
3553658,Taquaral,SP,2024,800.27,27.54,243,2023-09-01,2024-04-30,12
3553658,Taquaral,SP,2025,971.9,26.3,242,2024-09-01,2025-04-30,19
3553658,Taquaral,SP,2026,1029.38,25.17,242,2025-09-01,2026-04-30,22
3553708,Taquaritinga,SP,2010,1142.99,24.23,242,2009-09-01,2010-04-30,16
3553708,Taquaritinga,SP,2011,1139.84,24.66,242,2010-09-01,2011-04-30,16
3553708,Taquaritinga,SP,2012,801.14,24.97,243,2011-09-01,2012-04-30,15
3553708,Taquaritinga,SP,2013,1018.28,24.98,242,2012-09-01,2013-04-30,17
3553708,Taquaritinga,SP,2014,731.94,25.56,242,2013-09-01,2014-04-30,12
3553708,Taquaritinga,SP,2015,852.83,25.39,242,2014-09-01,2015-04-30,23
3553708,Taquaritinga,SP,2016,1258.73,25.17,243,2015-09-01,2016-04-30,29
3553708,Taquaritinga,SP,2017,903.42,24.47,242,2016-09-01,2017-04-30,13
3553708,Taquaritinga,SP,2018,864.99,25.34,242,2017-09-01,2018-04-30,28
3553708,Taquaritinga,SP,2019,927.8,25.38,242,2018-09-01,2019-04-30,14
3553708,Taquaritinga,SP,2020,827.25,25.89,243,2019-09-01,2020-04-30,16
3553708,Taquaritinga,SP,2021,562.57,26.69,242,2020-09-01,2021-04-30,18
3553708,Taquaritinga,SP,2022,1029.54,25.22,242,2021-09-01,2022-04-30,16
3553708,Taquaritinga,SP,2023,890.75,24.45,242,2022-09-01,2023-04-30,8
3553708,Taquaritinga,SP,2024,480.59,28.67,243,2023-09-01,2024-04-30,15
3553708,Taquaritinga,SP,2025,744.25,26.78,242,2024-09-01,2025-04-30,23
3553708,Taquaritinga,SP,2026,771.45,25.88,242,2025-09-01,2026-04-30,20
3553807,Taquarituba,SP,2010,1424.47,22.86,242,2009-09-01,2010-04-30,15
3553807,Taquarituba,SP,2011,1014.71,22.52,242,2010-09-01,2011-04-30,9
3553807,Taquarituba,SP,2012,848.29,22.79,243,2011-09-01,2012-04-30,13
3553807,Taquarituba,SP,2013,1028.64,23.09,242,2012-09-01,2013-04-30,17
3553807,Taquarituba,SP,2014,816.12,23.15,242,2013-09-01,2014-04-30,14
3553807,Taquarituba,SP,2015,1008.58,23.28,242,2014-09-01,2015-04-30,17
3553807,Taquarituba,SP,2016,1488.92,23.48,243,2015-09-01,2016-04-30,14
3553807,Taquarituba,SP,2017,1002.01,22.41,242,2016-09-01,2017-04-30,17
3553807,Taquarituba,SP,2018,1157.73,22.88,242,2017-09-01,2018-04-30,28
3553807,Taquarituba,SP,2019,999.22,23.52,242,2018-09-01,2019-04-30,14
3553807,Taquarituba,SP,2020,785.34,23.63,243,2019-09-01,2020-04-30,18
3553807,Taquarituba,SP,2021,647.32,23.86,242,2020-09-01,2021-04-30,17
3553807,Taquarituba,SP,2022,921.19,23.5,242,2021-09-01,2022-04-30,14
3553807,Taquarituba,SP,2023,1085.7,22.14,242,2022-09-01,2023-04-30,9
3553807,Taquarituba,SP,2024,718.47,25.29,243,2023-09-01,2024-04-30,15
3553807,Taquarituba,SP,2025,689.98,24.52,242,2024-09-01,2025-04-30,14
3553807,Taquarituba,SP,2026,623.97,23.92,242,2025-09-01,2026-04-30,20
3553856,Taquarivaí,SP,2010,1602.13,20.95,242,2009-09-01,2010-04-30,11
3553856,Taquarivaí,SP,2011,1098.47,20.46,242,2010-09-01,2011-04-30,8
3553856,Taquarivaí,SP,2012,847.67,20.78,243,2011-09-01,2012-04-30,13
3553856,Taquarivaí,SP,2013,985.93,21.13,242,2012-09-01,2013-04-30,17
3553856,Taquarivaí,SP,2014,831.58,21.28,242,2013-09-01,2014-04-30,12
3553856,Taquarivaí,SP,2015,1121.26,21.34,242,2014-09-01,2015-04-30,18
3553856,Taquarivaí,SP,2016,1483.4,21.58,243,2015-09-01,2016-04-30,14
3553856,Taquarivaí,SP,2017,1014.3,20.68,242,2016-09-01,2017-04-30,11
3553856,Taquarivaí,SP,2018,1209.2,20.98,242,2017-09-01,2018-04-30,28
3553856,Taquarivaí,SP,2019,1043.12,21.61,242,2018-09-01,2019-04-30,7
3553856,Taquarivaí,SP,2020,817.75,21.47,243,2019-09-01,2020-04-30,16
3553856,Taquarivaí,SP,2021,631.48,21.98,242,2020-09-01,2021-04-30,17
3553856,Taquarivaí,SP,2022,908.39,21.46,242,2021-09-01,2022-04-30,12
3553856,Taquarivaí,SP,2023,1141.31,20.25,242,2022-09-01,2023-04-30,8
3553856,Taquarivaí,SP,2024,770.58,23.2,243,2023-09-01,2024-04-30,13
3553856,Taquarivaí,SP,2025,712.52,22.56,242,2024-09-01,2025-04-30,14
3553856,Taquarivaí,SP,2026,602.59,21.97,242,2025-09-01,2026-04-30,20
3553906,Tarabai,SP,2010,1718.44,24.56,242,2009-09-01,2010-04-30,15
3553906,Tarabai,SP,2011,1298.5,24.51,242,2010-09-01,2011-04-30,16
3553906,Tarabai,SP,2012,851.67,25.39,243,2011-09-01,2012-04-30,12
3553906,Tarabai,SP,2013,1011.01,25.37,242,2012-09-01,2013-04-30,18
3553906,Tarabai,SP,2014,1007.62,25.28,242,2013-09-01,2014-04-30,12
3553906,Tarabai,SP,2015,1018.59,25.32,242,2014-09-01,2015-04-30,12
3553906,Tarabai,SP,2016,1616.89,25.15,243,2015-09-01,2016-04-30,24
3553906,Tarabai,SP,2017,886.2,24.55,242,2016-09-01,2017-04-30,13
3553906,Tarabai,SP,2018,1218.25,24.97,242,2017-09-01,2018-04-30,28
3553906,Tarabai,SP,2019,1035.46,25.52,242,2018-09-01,2019-04-30,14
3553906,Tarabai,SP,2020,856.66,26.1,243,2019-09-01,2020-04-30,16
3553906,Tarabai,SP,2021,688.9,26.23,242,2020-09-01,2021-04-30,19
3553906,Tarabai,SP,2022,850.55,26.03,242,2021-09-01,2022-04-30,10
3553906,Tarabai,SP,2023,1222.81,24.08,242,2022-09-01,2023-04-30,9
3553906,Tarabai,SP,2024,746.12,28.09,243,2023-09-01,2024-04-30,16
3553906,Tarabai,SP,2025,754.96,26.91,242,2024-09-01,2025-04-30,14
3553906,Tarabai,SP,2026,932.25,26.02,242,2025-09-01,2026-04-30,20
3553955,Tarumã,SP,2010,1466.64,23.86,242,2009-09-01,2010-04-30,16
3553955,Tarumã,SP,2011,1056.47,24.07,242,2010-09-01,2011-04-30,16
3553955,Tarumã,SP,2012,766.36,25.14,243,2011-09-01,2012-04-30,12
3553955,Tarumã,SP,2013,971.83,24.86,242,2012-09-01,2013-04-30,18
3553955,Tarumã,SP,2014,901.09,24.92,242,2013-09-01,2014-04-30,12
3553955,Tarumã,SP,2015,1059.12,24.67,242,2014-09-01,2015-04-30,17
3553955,Tarumã,SP,2016,1704.91,24.44,243,2015-09-01,2016-04-30,13
3553955,Tarumã,SP,2017,965.7,23.72,242,2016-09-01,2017-04-30,13
3553955,Tarumã,SP,2018,1213.35,24.33,242,2017-09-01,2018-04-30,28
3553955,Tarumã,SP,2019,1116.41,24.75,242,2018-09-01,2019-04-30,14
3553955,Tarumã,SP,2020,896.41,25.6,243,2019-09-01,2020-04-30,17
3553955,Tarumã,SP,2021,689.38,25.86,242,2020-09-01,2021-04-30,20
3553955,Tarumã,SP,2022,913.13,25.42,242,2021-09-01,2022-04-30,10
3553955,Tarumã,SP,2023,1233.33,23.45,242,2022-09-01,2023-04-30,9
3553955,Tarumã,SP,2024,785.49,27.62,243,2023-09-01,2024-04-30,14
3553955,Tarumã,SP,2025,757.79,26.55,242,2024-09-01,2025-04-30,14
3553955,Tarumã,SP,2026,926.52,25.52,242,2025-09-01,2026-04-30,20
3554003,Tatuí,SP,2010,1510.94,22.03,242,2009-09-01,2010-04-30,13
3554003,Tatuí,SP,2011,1185.79,21.61,242,2010-09-01,2011-04-30,8
3554003,Tatuí,SP,2012,863.82,21.82,243,2011-09-01,2012-04-30,22
3554003,Tatuí,SP,2013,1016.67,22.28,242,2012-09-01,2013-04-30,18
3554003,Tatuí,SP,2014,695.8,22.76,242,2013-09-01,2014-04-30,13
3554003,Tatuí,SP,2015,836.99,22.97,242,2014-09-01,2015-04-30,17
3554003,Tatuí,SP,2016,1273.12,23.0,243,2015-09-01,2016-04-30,29
3554003,Tatuí,SP,2017,1006.51,21.85,242,2016-09-01,2017-04-30,13
3554003,Tatuí,SP,2018,997.62,22.22,242,2017-09-01,2018-04-30,28
3554003,Tatuí,SP,2019,1054.59,22.75,242,2018-09-01,2019-04-30,15
3554003,Tatuí,SP,2020,875.42,22.51,243,2019-09-01,2020-04-30,16
3554003,Tatuí,SP,2021,616.28,23.27,242,2020-09-01,2021-04-30,20
3554003,Tatuí,SP,2022,963.03,22.63,242,2021-09-01,2022-04-30,13
3554003,Tatuí,SP,2023,1092.75,21.48,242,2022-09-01,2023-04-30,8
3554003,Tatuí,SP,2024,754.75,24.58,243,2023-09-01,2024-04-30,12
3554003,Tatuí,SP,2025,681.39,23.89,242,2024-09-01,2025-04-30,14
3554003,Tatuí,SP,2026,583.02,23.37,242,2025-09-01,2026-04-30,20
3554102,Taubaté,SP,2010,1388.99,21.31,242,2009-09-01,2010-04-30,12
3554102,Taubaté,SP,2011,1373.86,20.91,242,2010-09-01,2011-04-30,10
3554102,Taubaté,SP,2012,1005.59,20.67,243,2011-09-01,2012-04-30,19
3554102,Taubaté,SP,2013,1177.64,21.17,242,2012-09-01,2013-04-30,19
3554102,Taubaté,SP,2014,844.45,21.67,242,2013-09-01,2014-04-30,11
3554102,Taubaté,SP,2015,823.55,21.91,242,2014-09-01,2015-04-30,16
3554102,Taubaté,SP,2016,1194.48,22.26,243,2015-09-01,2016-04-30,24
3554102,Taubaté,SP,2017,1150.2,20.94,242,2016-09-01,2017-04-30,10
3554102,Taubaté,SP,2018,1064.87,21.39,242,2017-09-01,2018-04-30,26
3554102,Taubaté,SP,2019,1292.1,21.43,242,2018-09-01,2019-04-30,8
3554102,Taubaté,SP,2020,817.58,21.55,243,2019-09-01,2020-04-30,14
3554102,Taubaté,SP,2021,875.69,21.95,242,2020-09-01,2021-04-30,19
3554102,Taubaté,SP,2022,839.7,21.61,242,2021-09-01,2022-04-30,8
3554102,Taubaté,SP,2023,1201.13,20.55,242,2022-09-01,2023-04-30,7
3554102,Taubaté,SP,2024,951.5,23.24,243,2023-09-01,2024-04-30,12
3554102,Taubaté,SP,2025,819.37,22.59,242,2024-09-01,2025-04-30,19
3554102,Taubaté,SP,2026,700.87,22.0,242,2025-09-01,2026-04-30,17
3554201,Tejupá,SP,2010,1424.47,22.86,242,2009-09-01,2010-04-30,15
3554201,Tejupá,SP,2011,1014.71,22.52,242,2010-09-01,2011-04-30,9
3554201,Tejupá,SP,2012,848.29,22.79,243,2011-09-01,2012-04-30,13
3554201,Tejupá,SP,2013,1028.64,23.09,242,2012-09-01,2013-04-30,17
3554201,Tejupá,SP,2014,816.12,23.15,242,2013-09-01,2014-04-30,14
3554201,Tejupá,SP,2015,1008.58,23.28,242,2014-09-01,2015-04-30,17
3554201,Tejupá,SP,2016,1488.92,23.48,243,2015-09-01,2016-04-30,14
3554201,Tejupá,SP,2017,1002.01,22.41,242,2016-09-01,2017-04-30,17
3554201,Tejupá,SP,2018,1157.73,22.88,242,2017-09-01,2018-04-30,28
3554201,Tejupá,SP,2019,999.22,23.52,242,2018-09-01,2019-04-30,14
3554201,Tejupá,SP,2020,785.34,23.63,243,2019-09-01,2020-04-30,18
3554201,Tejupá,SP,2021,647.32,23.86,242,2020-09-01,2021-04-30,17
3554201,Tejupá,SP,2022,921.19,23.5,242,2021-09-01,2022-04-30,14
3554201,Tejupá,SP,2023,1085.7,22.14,242,2022-09-01,2023-04-30,9
3554201,Tejupá,SP,2024,718.47,25.29,243,2023-09-01,2024-04-30,15
3554201,Tejupá,SP,2025,689.98,24.52,242,2024-09-01,2025-04-30,14
3554201,Tejupá,SP,2026,623.97,23.92,242,2025-09-01,2026-04-30,20
3554300,Teodoro Sampaio,SP,2010,1734.99,24.52,242,2009-09-01,2010-04-30,15
3554300,Teodoro Sampaio,SP,2011,1344.58,24.46,242,2010-09-01,2011-04-30,16
3554300,Teodoro Sampaio,SP,2012,857.33,25.43,243,2011-09-01,2012-04-30,12
3554300,Teodoro Sampaio,SP,2013,1030.35,25.38,242,2012-09-01,2013-04-30,18
3554300,Teodoro Sampaio,SP,2014,1022.57,25.2,242,2013-09-01,2014-04-30,12
3554300,Teodoro Sampaio,SP,2015,1000.34,25.44,242,2014-09-01,2015-04-30,12
3554300,Teodoro Sampaio,SP,2016,1562.58,25.16,243,2015-09-01,2016-04-30,24
3554300,Teodoro Sampaio,SP,2017,884.19,24.52,242,2016-09-01,2017-04-30,13
3554300,Teodoro Sampaio,SP,2018,1179.8,25.01,242,2017-09-01,2018-04-30,28
3554300,Teodoro Sampaio,SP,2019,1004.53,25.66,242,2018-09-01,2019-04-30,11
3554300,Teodoro Sampaio,SP,2020,839.85,26.28,243,2019-09-01,2020-04-30,16
3554300,Teodoro Sampaio,SP,2021,700.22,26.21,242,2020-09-01,2021-04-30,19
3554300,Teodoro Sampaio,SP,2022,842.76,26.21,242,2021-09-01,2022-04-30,10
3554300,Teodoro Sampaio,SP,2023,1164.78,24.19,242,2022-09-01,2023-04-30,9
3554300,Teodoro Sampaio,SP,2024,750.1,28.17,243,2023-09-01,2024-04-30,16
3554300,Teodoro Sampaio,SP,2025,752.36,27.04,242,2024-09-01,2025-04-30,14
3554300,Teodoro Sampaio,SP,2026,904.81,26.09,242,2025-09-01,2026-04-30,20
3554409,Terra Roxa,SP,2010,1229.92,24.15,242,2009-09-01,2010-04-30,17
3554409,Terra Roxa,SP,2011,1293.38,24.29,242,2010-09-01,2011-04-30,12
3554409,Terra Roxa,SP,2012,1054.26,24.32,243,2011-09-01,2012-04-30,16
3554409,Terra Roxa,SP,2013,1120.66,24.65,242,2012-09-01,2013-04-30,19
3554409,Terra Roxa,SP,2014,802.92,25.21,242,2013-09-01,2014-04-30,11
3554409,Terra Roxa,SP,2015,933.1,25.15,242,2014-09-01,2015-04-30,21
3554409,Terra Roxa,SP,2016,1331.84,25.12,243,2015-09-01,2016-04-30,25
3554409,Terra Roxa,SP,2017,940.59,24.62,242,2016-09-01,2017-04-30,12
3554409,Terra Roxa,SP,2018,1081.33,24.93,242,2017-09-01,2018-04-30,27
3554409,Terra Roxa,SP,2019,1134.11,24.87,242,2018-09-01,2019-04-30,16
3554409,Terra Roxa,SP,2020,1073.79,25.24,243,2019-09-01,2020-04-30,18
3554409,Terra Roxa,SP,2021,570.11,26.39,242,2020-09-01,2021-04-30,20
3554409,Terra Roxa,SP,2022,1065.97,25.06,242,2021-09-01,2022-04-30,15
3554409,Terra Roxa,SP,2023,1257.48,24.04,242,2022-09-01,2023-04-30,9
3554409,Terra Roxa,SP,2024,800.27,27.54,243,2023-09-01,2024-04-30,12
3554409,Terra Roxa,SP,2025,971.9,26.3,242,2024-09-01,2025-04-30,19
3554409,Terra Roxa,SP,2026,1029.38,25.17,242,2025-09-01,2026-04-30,22
3554508,Tietê,SP,2010,1443.1,22.87,242,2009-09-01,2010-04-30,14
3554508,Tietê,SP,2011,1109.65,22.87,242,2010-09-01,2011-04-30,14
3554508,Tietê,SP,2012,925.98,23.0,243,2011-09-01,2012-04-30,22
3554508,Tietê,SP,2013,1093.02,23.28,242,2012-09-01,2013-04-30,19
3554508,Tietê,SP,2014,688.23,23.98,242,2013-09-01,2014-04-30,12
3554508,Tietê,SP,2015,885.74,23.87,242,2014-09-01,2015-04-30,17
3554508,Tietê,SP,2016,1259.92,23.88,243,2015-09-01,2016-04-30,27
3554508,Tietê,SP,2017,1009.69,22.97,242,2016-09-01,2017-04-30,16
3554508,Tietê,SP,2018,877.03,23.6,242,2017-09-01,2018-04-30,28
3554508,Tietê,SP,2019,1143.22,23.61,242,2018-09-01,2019-04-30,14
3554508,Tietê,SP,2020,999.25,23.59,243,2019-09-01,2020-04-30,16
3554508,Tietê,SP,2021,590.56,24.63,242,2020-09-01,2021-04-30,21
3554508,Tietê,SP,2022,921.43,23.75,242,2021-09-01,2022-04-30,14
3554508,Tietê,SP,2023,1143.79,22.48,242,2022-09-01,2023-04-30,9
3554508,Tietê,SP,2024,780.23,25.89,243,2023-09-01,2024-04-30,12
3554508,Tietê,SP,2025,698.98,25.04,242,2024-09-01,2025-04-30,17
3554508,Tietê,SP,2026,733.68,24.31,242,2025-09-01,2026-04-30,20
3554607,Timburi,SP,2010,1269.52,23.15,242,2009-09-01,2010-04-30,16
3554607,Timburi,SP,2011,969.56,23.05,242,2010-09-01,2011-04-30,15
3554607,Timburi,SP,2012,856.88,23.23,243,2011-09-01,2012-04-30,22
3554607,Timburi,SP,2013,1056.89,23.44,242,2012-09-01,2013-04-30,18
3554607,Timburi,SP,2014,809.47,23.53,242,2013-09-01,2014-04-30,12
3554607,Timburi,SP,2015,988.42,23.63,242,2014-09-01,2015-04-30,17
3554607,Timburi,SP,2016,1495.77,23.75,243,2015-09-01,2016-04-30,14
3554607,Timburi,SP,2017,982.85,22.7,242,2016-09-01,2017-04-30,17
3554607,Timburi,SP,2018,1090.44,23.28,242,2017-09-01,2018-04-30,28
3554607,Timburi,SP,2019,990.48,23.82,242,2018-09-01,2019-04-30,14
3554607,Timburi,SP,2020,751.68,24.16,243,2019-09-01,2020-04-30,18
3554607,Timburi,SP,2021,680.11,24.27,242,2020-09-01,2021-04-30,20
3554607,Timburi,SP,2022,937.5,23.85,242,2021-09-01,2022-04-30,14
3554607,Timburi,SP,2023,1045.16,22.54,242,2022-09-01,2023-04-30,9
3554607,Timburi,SP,2024,710.14,25.84,243,2023-09-01,2024-04-30,14
3554607,Timburi,SP,2025,664.42,24.99,242,2024-09-01,2025-04-30,14
3554607,Timburi,SP,2026,716.02,24.17,242,2025-09-01,2026-04-30,20
3554656,Torre de Pedra,SP,2010,1380.81,22.76,242,2009-09-01,2010-04-30,15
3554656,Torre de Pedra,SP,2011,1103.0,22.55,242,2010-09-01,2011-04-30,16
3554656,Torre de Pedra,SP,2012,910.59,22.75,243,2011-09-01,2012-04-30,22
3554656,Torre de Pedra,SP,2013,1104.2,23.08,242,2012-09-01,2013-04-30,18
3554656,Torre de Pedra,SP,2014,679.75,23.6,242,2013-09-01,2014-04-30,12
3554656,Torre de Pedra,SP,2015,871.73,23.73,242,2014-09-01,2015-04-30,17
3554656,Torre de Pedra,SP,2016,1291.57,23.69,243,2015-09-01,2016-04-30,19
3554656,Torre de Pedra,SP,2017,920.81,22.65,242,2016-09-01,2017-04-30,13
3554656,Torre de Pedra,SP,2018,964.33,23.17,242,2017-09-01,2018-04-30,28
3554656,Torre de Pedra,SP,2019,1029.69,23.55,242,2018-09-01,2019-04-30,14
3554656,Torre de Pedra,SP,2020,804.62,23.62,243,2019-09-01,2020-04-30,16
3554656,Torre de Pedra,SP,2021,554.68,24.43,242,2020-09-01,2021-04-30,21
3554656,Torre de Pedra,SP,2022,930.02,23.55,242,2021-09-01,2022-04-30,10
3554656,Torre de Pedra,SP,2023,973.35,22.45,242,2022-09-01,2023-04-30,9
3554656,Torre de Pedra,SP,2024,698.86,25.79,243,2023-09-01,2024-04-30,12
3554656,Torre de Pedra,SP,2025,621.24,24.94,242,2024-09-01,2025-04-30,14
3554656,Torre de Pedra,SP,2026,632.04,24.24,242,2025-09-01,2026-04-30,20
3554706,Torrinha,SP,2010,1321.42,23.34,242,2009-09-01,2010-04-30,16
3554706,Torrinha,SP,2011,1062.18,23.38,242,2010-09-01,2011-04-30,17
3554706,Torrinha,SP,2012,937.64,23.35,243,2011-09-01,2012-04-30,16
3554706,Torrinha,SP,2013,1167.92,23.69,242,2012-09-01,2013-04-30,19
3554706,Torrinha,SP,2014,713.61,24.05,242,2013-09-01,2014-04-30,12
3554706,Torrinha,SP,2015,929.95,24.2,242,2014-09-01,2015-04-30,17
3554706,Torrinha,SP,2016,1313.53,24.32,243,2015-09-01,2016-04-30,29
3554706,Torrinha,SP,2017,939.92,23.2,242,2016-09-01,2017-04-30,16
3554706,Torrinha,SP,2018,921.66,23.95,242,2017-09-01,2018-04-30,28
3554706,Torrinha,SP,2019,991.9,24.12,242,2018-09-01,2019-04-30,14
3554706,Torrinha,SP,2020,799.35,24.36,243,2019-09-01,2020-04-30,16
3554706,Torrinha,SP,2021,487.81,25.21,242,2020-09-01,2021-04-30,21
3554706,Torrinha,SP,2022,946.13,24.17,242,2021-09-01,2022-04-30,16
3554706,Torrinha,SP,2023,949.0,23.15,242,2022-09-01,2023-04-30,9
3554706,Torrinha,SP,2024,637.02,26.48,243,2023-09-01,2024-04-30,12
3554706,Torrinha,SP,2025,677.21,25.41,242,2024-09-01,2025-04-30,15
3554706,Torrinha,SP,2026,717.36,24.56,242,2025-09-01,2026-04-30,20
3554755,Trabiju,SP,2010,1281.96,22.97,242,2009-09-01,2010-04-30,16
3554755,Trabiju,SP,2011,1109.39,23.33,242,2010-09-01,2011-04-30,12
3554755,Trabiju,SP,2012,957.52,23.23,243,2011-09-01,2012-04-30,16
3554755,Trabiju,SP,2013,1160.37,23.51,242,2012-09-01,2013-04-30,19
3554755,Trabiju,SP,2014,729.3,24.04,242,2013-09-01,2014-04-30,11
3554755,Trabiju,SP,2015,948.6,23.92,242,2014-09-01,2015-04-30,19
3554755,Trabiju,SP,2016,1302.13,24.0,243,2015-09-01,2016-04-30,28
3554755,Trabiju,SP,2017,953.32,23.05,242,2016-09-01,2017-04-30,16
3554755,Trabiju,SP,2018,913.57,23.9,242,2017-09-01,2018-04-30,28
3554755,Trabiju,SP,2019,999.31,23.85,242,2018-09-01,2019-04-30,14
3554755,Trabiju,SP,2020,878.69,24.28,243,2019-09-01,2020-04-30,18
3554755,Trabiju,SP,2021,471.48,25.33,242,2020-09-01,2021-04-30,21
3554755,Trabiju,SP,2022,930.33,24.04,242,2021-09-01,2022-04-30,16
3554755,Trabiju,SP,2023,969.43,23.01,242,2022-09-01,2023-04-30,9
3554755,Trabiju,SP,2024,617.83,26.63,243,2023-09-01,2024-04-30,12
3554755,Trabiju,SP,2025,789.62,25.2,242,2024-09-01,2025-04-30,19
3554755,Trabiju,SP,2026,801.21,24.29,242,2025-09-01,2026-04-30,21
3554805,Tremembé,SP,2010,1388.99,21.31,242,2009-09-01,2010-04-30,12
3554805,Tremembé,SP,2011,1373.86,20.91,242,2010-09-01,2011-04-30,10
3554805,Tremembé,SP,2012,1005.59,20.67,243,2011-09-01,2012-04-30,19
3554805,Tremembé,SP,2013,1177.64,21.17,242,2012-09-01,2013-04-30,19
3554805,Tremembé,SP,2014,844.45,21.67,242,2013-09-01,2014-04-30,11
3554805,Tremembé,SP,2015,823.55,21.91,242,2014-09-01,2015-04-30,16
3554805,Tremembé,SP,2016,1194.48,22.26,243,2015-09-01,2016-04-30,24
3554805,Tremembé,SP,2017,1150.2,20.94,242,2016-09-01,2017-04-30,10
3554805,Tremembé,SP,2018,1064.87,21.39,242,2017-09-01,2018-04-30,26
3554805,Tremembé,SP,2019,1292.1,21.43,242,2018-09-01,2019-04-30,8
3554805,Tremembé,SP,2020,817.58,21.55,243,2019-09-01,2020-04-30,14
3554805,Tremembé,SP,2021,875.69,21.95,242,2020-09-01,2021-04-30,19
3554805,Tremembé,SP,2022,839.7,21.61,242,2021-09-01,2022-04-30,8
3554805,Tremembé,SP,2023,1201.13,20.55,242,2022-09-01,2023-04-30,7
3554805,Tremembé,SP,2024,951.5,23.24,243,2023-09-01,2024-04-30,12
3554805,Tremembé,SP,2025,819.37,22.59,242,2024-09-01,2025-04-30,19
3554805,Tremembé,SP,2026,700.87,22.0,242,2025-09-01,2026-04-30,17
3554904,Três Fronteiras,SP,2010,1468.55,25.4,242,2009-09-01,2010-04-30,26
3554904,Três Fronteiras,SP,2011,1502.98,25.74,242,2010-09-01,2011-04-30,23
3554904,Três Fronteiras,SP,2012,945.27,26.18,243,2011-09-01,2012-04-30,18
3554904,Três Fronteiras,SP,2013,995.03,26.42,242,2012-09-01,2013-04-30,18
3554904,Três Fronteiras,SP,2014,834.82,26.72,242,2013-09-01,2014-04-30,12
3554904,Três Fronteiras,SP,2015,1124.29,26.27,242,2014-09-01,2015-04-30,16
3554904,Três Fronteiras,SP,2016,1120.91,26.75,243,2015-09-01,2016-04-30,23
3554904,Três Fronteiras,SP,2017,1130.85,25.65,242,2016-09-01,2017-04-30,13
3554904,Três Fronteiras,SP,2018,1130.61,26.16,242,2017-09-01,2018-04-30,28
3554904,Três Fronteiras,SP,2019,1083.96,26.57,242,2018-09-01,2019-04-30,13
3554904,Três Fronteiras,SP,2020,917.22,27.21,243,2019-09-01,2020-04-30,17
3554904,Três Fronteiras,SP,2021,535.28,28.32,242,2020-09-01,2021-04-30,20
3554904,Três Fronteiras,SP,2022,1052.6,26.79,242,2021-09-01,2022-04-30,16
3554904,Três Fronteiras,SP,2023,1222.73,25.72,242,2022-09-01,2023-04-30,9
3554904,Três Fronteiras,SP,2024,761.74,29.44,243,2023-09-01,2024-04-30,14
3554904,Três Fronteiras,SP,2025,751.1,28.16,242,2024-09-01,2025-04-30,39
3554904,Três Fronteiras,SP,2026,739.06,27.73,242,2025-09-01,2026-04-30,21
3554953,Tuiuti,SP,2010,1513.4,21.84,242,2009-09-01,2010-04-30,13
3554953,Tuiuti,SP,2011,1274.32,21.71,242,2010-09-01,2011-04-30,12
3554953,Tuiuti,SP,2012,1030.92,21.56,243,2011-09-01,2012-04-30,31
3554953,Tuiuti,SP,2013,1179.99,22.01,242,2012-09-01,2013-04-30,19
3554953,Tuiuti,SP,2014,781.34,22.55,242,2013-09-01,2014-04-30,13
3554953,Tuiuti,SP,2015,937.23,22.55,242,2014-09-01,2015-04-30,19
3554953,Tuiuti,SP,2016,1240.18,22.84,243,2015-09-01,2016-04-30,26
3554953,Tuiuti,SP,2017,1048.05,21.92,242,2016-09-01,2017-04-30,16
3554953,Tuiuti,SP,2018,853.84,22.5,242,2017-09-01,2018-04-30,28
3554953,Tuiuti,SP,2019,1187.6,22.44,242,2018-09-01,2019-04-30,14
3554953,Tuiuti,SP,2020,1046.12,22.37,243,2019-09-01,2020-04-30,23
3554953,Tuiuti,SP,2021,662.36,23.22,242,2020-09-01,2021-04-30,20
3554953,Tuiuti,SP,2022,906.05,22.51,242,2021-09-01,2022-04-30,19
3554953,Tuiuti,SP,2023,1127.19,21.45,242,2022-09-01,2023-04-30,8
3554953,Tuiuti,SP,2024,838.83,24.49,243,2023-09-01,2024-04-30,12
3554953,Tuiuti,SP,2025,769.91,23.58,242,2024-09-01,2025-04-30,15
3554953,Tuiuti,SP,2026,775.0,22.96,242,2025-09-01,2026-04-30,20
3555000,Tupã,SP,2010,1367.74,24.22,242,2009-09-01,2010-04-30,15
3555000,Tupã,SP,2011,1074.29,24.34,242,2010-09-01,2011-04-30,16
3555000,Tupã,SP,2012,745.01,25.41,243,2011-09-01,2012-04-30,13
3555000,Tupã,SP,2013,1004.34,25.07,242,2012-09-01,2013-04-30,18
3555000,Tupã,SP,2014,783.29,25.34,242,2013-09-01,2014-04-30,12
3555000,Tupã,SP,2015,1051.45,25.1,242,2014-09-01,2015-04-30,21
3555000,Tupã,SP,2016,1556.5,24.89,243,2015-09-01,2016-04-30,18
3555000,Tupã,SP,2017,924.04,23.79,242,2016-09-01,2017-04-30,12
3555000,Tupã,SP,2018,1202.02,24.56,242,2017-09-01,2018-04-30,28
3555000,Tupã,SP,2019,1097.67,25.08,242,2018-09-01,2019-04-30,14
3555000,Tupã,SP,2020,927.79,25.95,243,2019-09-01,2020-04-30,17
3555000,Tupã,SP,2021,648.32,26.43,242,2020-09-01,2021-04-30,19
3555000,Tupã,SP,2022,942.05,25.83,242,2021-09-01,2022-04-30,10
3555000,Tupã,SP,2023,1136.0,24.1,242,2022-09-01,2023-04-30,9
3555000,Tupã,SP,2024,796.54,28.01,243,2023-09-01,2024-04-30,16
3555000,Tupã,SP,2025,790.43,26.95,242,2024-09-01,2025-04-30,14
3555000,Tupã,SP,2026,890.38,25.91,242,2025-09-01,2026-04-30,20
3555109,Tupi Paulista,SP,2010,1498.03,25.3,242,2009-09-01,2010-04-30,15
3555109,Tupi Paulista,SP,2011,1289.37,25.42,242,2010-09-01,2011-04-30,16
3555109,Tupi Paulista,SP,2012,930.04,26.18,243,2011-09-01,2012-04-30,13
3555109,Tupi Paulista,SP,2013,1060.39,26.21,242,2012-09-01,2013-04-30,18
3555109,Tupi Paulista,SP,2014,866.54,26.53,242,2013-09-01,2014-04-30,16
3555109,Tupi Paulista,SP,2015,1037.64,26.4,242,2014-09-01,2015-04-30,17
3555109,Tupi Paulista,SP,2016,1393.9,26.15,243,2015-09-01,2016-04-30,29
3555109,Tupi Paulista,SP,2017,902.04,25.37,242,2016-09-01,2017-04-30,13
3555109,Tupi Paulista,SP,2018,1233.07,25.7,242,2017-09-01,2018-04-30,28
3555109,Tupi Paulista,SP,2019,951.35,26.8,242,2018-09-01,2019-04-30,14
3555109,Tupi Paulista,SP,2020,894.14,27.27,243,2019-09-01,2020-04-30,16
3555109,Tupi Paulista,SP,2021,554.29,28.19,242,2020-09-01,2021-04-30,20
3555109,Tupi Paulista,SP,2022,800.72,27.44,242,2021-09-01,2022-04-30,10
3555109,Tupi Paulista,SP,2023,1030.28,25.49,242,2022-09-01,2023-04-30,9
3555109,Tupi Paulista,SP,2024,720.41,29.56,243,2023-09-01,2024-04-30,15
3555109,Tupi Paulista,SP,2025,831.58,28.19,242,2024-09-01,2025-04-30,15
3555109,Tupi Paulista,SP,2026,756.64,27.64,242,2025-09-01,2026-04-30,20
3555208,Turiúba,SP,2010,1213.08,24.98,242,2009-09-01,2010-04-30,20
3555208,Turiúba,SP,2011,1317.8,25.27,242,2010-09-01,2011-04-30,23
3555208,Turiúba,SP,2012,782.57,25.64,243,2011-09-01,2012-04-30,11
3555208,Turiúba,SP,2013,997.46,25.82,242,2012-09-01,2013-04-30,18
3555208,Turiúba,SP,2014,719.34,26.28,242,2013-09-01,2014-04-30,15
3555208,Turiúba,SP,2015,1010.96,26.0,242,2014-09-01,2015-04-30,17
3555208,Turiúba,SP,2016,1271.01,25.94,243,2015-09-01,2016-04-30,30
3555208,Turiúba,SP,2017,988.89,25.06,242,2016-09-01,2017-04-30,13
3555208,Turiúba,SP,2018,1095.81,25.67,242,2017-09-01,2018-04-30,28
3555208,Turiúba,SP,2019,959.29,26.28,242,2018-09-01,2019-04-30,14
3555208,Turiúba,SP,2020,949.44,26.59,243,2019-09-01,2020-04-30,16
3555208,Turiúba,SP,2021,580.34,27.65,242,2020-09-01,2021-04-30,16
3555208,Turiúba,SP,2022,1001.93,26.26,242,2021-09-01,2022-04-30,16
3555208,Turiúba,SP,2023,949.41,25.25,242,2022-09-01,2023-04-30,7
3555208,Turiúba,SP,2024,653.88,29.17,243,2023-09-01,2024-04-30,16
3555208,Turiúba,SP,2025,774.18,27.61,242,2024-09-01,2025-04-30,23
3555208,Turiúba,SP,2026,768.97,26.99,242,2025-09-01,2026-04-30,21
3555307,Turmalina,SP,2010,1468.55,25.4,242,2009-09-01,2010-04-30,26
3555307,Turmalina,SP,2011,1502.98,25.74,242,2010-09-01,2011-04-30,23
3555307,Turmalina,SP,2012,945.27,26.18,243,2011-09-01,2012-04-30,18
3555307,Turmalina,SP,2013,995.03,26.42,242,2012-09-01,2013-04-30,18
3555307,Turmalina,SP,2014,834.82,26.72,242,2013-09-01,2014-04-30,12
3555307,Turmalina,SP,2015,1124.29,26.27,242,2014-09-01,2015-04-30,16
3555307,Turmalina,SP,2016,1120.91,26.75,243,2015-09-01,2016-04-30,23
3555307,Turmalina,SP,2017,1130.85,25.65,242,2016-09-01,2017-04-30,13
3555307,Turmalina,SP,2018,1130.61,26.16,242,2017-09-01,2018-04-30,28
3555307,Turmalina,SP,2019,1083.96,26.57,242,2018-09-01,2019-04-30,13
3555307,Turmalina,SP,2020,917.22,27.21,243,2019-09-01,2020-04-30,17
3555307,Turmalina,SP,2021,535.28,28.32,242,2020-09-01,2021-04-30,20
3555307,Turmalina,SP,2022,1052.6,26.79,242,2021-09-01,2022-04-30,16
3555307,Turmalina,SP,2023,1222.73,25.72,242,2022-09-01,2023-04-30,9
3555307,Turmalina,SP,2024,761.74,29.44,243,2023-09-01,2024-04-30,14
3555307,Turmalina,SP,2025,751.1,28.16,242,2024-09-01,2025-04-30,39
3555307,Turmalina,SP,2026,739.06,27.73,242,2025-09-01,2026-04-30,21
3555356,Ubarana,SP,2010,1213.08,24.98,242,2009-09-01,2010-04-30,20
3555356,Ubarana,SP,2011,1317.8,25.27,242,2010-09-01,2011-04-30,23
3555356,Ubarana,SP,2012,782.57,25.64,243,2011-09-01,2012-04-30,11
3555356,Ubarana,SP,2013,997.46,25.82,242,2012-09-01,2013-04-30,18
3555356,Ubarana,SP,2014,719.34,26.28,242,2013-09-01,2014-04-30,15
3555356,Ubarana,SP,2015,1010.96,26.0,242,2014-09-01,2015-04-30,17
3555356,Ubarana,SP,2016,1271.01,25.94,243,2015-09-01,2016-04-30,30
3555356,Ubarana,SP,2017,988.89,25.06,242,2016-09-01,2017-04-30,13
3555356,Ubarana,SP,2018,1095.81,25.67,242,2017-09-01,2018-04-30,28
3555356,Ubarana,SP,2019,959.29,26.28,242,2018-09-01,2019-04-30,14
3555356,Ubarana,SP,2020,949.44,26.59,243,2019-09-01,2020-04-30,16
3555356,Ubarana,SP,2021,580.34,27.65,242,2020-09-01,2021-04-30,16
3555356,Ubarana,SP,2022,1001.93,26.26,242,2021-09-01,2022-04-30,16
3555356,Ubarana,SP,2023,949.41,25.25,242,2022-09-01,2023-04-30,7
3555356,Ubarana,SP,2024,653.88,29.17,243,2023-09-01,2024-04-30,16
3555356,Ubarana,SP,2025,774.18,27.61,242,2024-09-01,2025-04-30,23
3555356,Ubarana,SP,2026,768.97,26.99,242,2025-09-01,2026-04-30,21
3555406,Ubatuba,SP,2010,1530.67,23.87,242,2009-09-01,2010-04-30,12
3555406,Ubatuba,SP,2011,1293.55,22.96,242,2010-09-01,2011-04-30,10
3555406,Ubatuba,SP,2012,887.71,22.38,243,2011-09-01,2012-04-30,13
3555406,Ubatuba,SP,2013,1005.2,23.17,242,2012-09-01,2013-04-30,8
3555406,Ubatuba,SP,2014,810.85,23.35,242,2013-09-01,2014-04-30,19
3555406,Ubatuba,SP,2015,1056.41,23.49,242,2014-09-01,2015-04-30,16
3555406,Ubatuba,SP,2016,1890.95,23.79,243,2015-09-01,2016-04-30,21
3555406,Ubatuba,SP,2017,1539.8,23.0,242,2016-09-01,2017-04-30,14
3555406,Ubatuba,SP,2018,1315.31,23.08,242,2017-09-01,2018-04-30,27
3555406,Ubatuba,SP,2019,1947.99,23.67,242,2018-09-01,2019-04-30,7
3555406,Ubatuba,SP,2020,1438.49,22.71,243,2019-09-01,2020-04-30,14
3555406,Ubatuba,SP,2021,1583.43,23.29,242,2020-09-01,2021-04-30,14
3555406,Ubatuba,SP,2022,1581.15,22.73,242,2021-09-01,2022-04-30,10
3555406,Ubatuba,SP,2023,1590.31,22.68,242,2022-09-01,2023-04-30,8
3555406,Ubatuba,SP,2024,1307.59,24.32,243,2023-09-01,2024-04-30,12
3555406,Ubatuba,SP,2025,1446.04,23.55,242,2024-09-01,2025-04-30,14
3555406,Ubatuba,SP,2026,1045.33,23.14,242,2025-09-01,2026-04-30,17
3555505,Ubirajara,SP,2010,1172.45,23.51,242,2009-09-01,2010-04-30,16
3555505,Ubirajara,SP,2011,966.96,23.52,242,2010-09-01,2011-04-30,16
3555505,Ubirajara,SP,2012,797.35,23.82,243,2011-09-01,2012-04-30,16
3555505,Ubirajara,SP,2013,1026.73,23.89,242,2012-09-01,2013-04-30,18
3555505,Ubirajara,SP,2014,741.38,24.14,242,2013-09-01,2014-04-30,12
3555505,Ubirajara,SP,2015,975.27,24.1,242,2014-09-01,2015-04-30,18
3555505,Ubirajara,SP,2016,1463.2,24.06,243,2015-09-01,2016-04-30,29
3555505,Ubirajara,SP,2017,957.46,23.01,242,2016-09-01,2017-04-30,13
3555505,Ubirajara,SP,2018,1007.72,23.81,242,2017-09-01,2018-04-30,28
3555505,Ubirajara,SP,2019,987.54,24.24,242,2018-09-01,2019-04-30,14
3555505,Ubirajara,SP,2020,772.47,24.74,243,2019-09-01,2020-04-30,17
3555505,Ubirajara,SP,2021,629.64,24.96,242,2020-09-01,2021-04-30,16
3555505,Ubirajara,SP,2022,940.53,24.29,242,2021-09-01,2022-04-30,10
3555505,Ubirajara,SP,2023,971.35,23.11,242,2022-09-01,2023-04-30,9
3555505,Ubirajara,SP,2024,667.7,26.55,243,2023-09-01,2024-04-30,12
3555505,Ubirajara,SP,2025,686.26,25.51,242,2024-09-01,2025-04-30,23
3555505,Ubirajara,SP,2026,766.53,24.56,242,2025-09-01,2026-04-30,20
3555604,Uchoa,SP,2010,1105.87,24.68,242,2009-09-01,2010-04-30,17
3555604,Uchoa,SP,2011,1214.77,25.07,242,2010-09-01,2011-04-30,16
3555604,Uchoa,SP,2012,872.96,25.22,243,2011-09-01,2012-04-30,14
3555604,Uchoa,SP,2013,1027.94,25.45,242,2012-09-01,2013-04-30,16
3555604,Uchoa,SP,2014,828.87,25.71,242,2013-09-01,2014-04-30,16
3555604,Uchoa,SP,2015,836.03,25.94,242,2014-09-01,2015-04-30,19
3555604,Uchoa,SP,2016,1208.83,25.66,243,2015-09-01,2016-04-30,28
3555604,Uchoa,SP,2017,897.37,25.01,242,2016-09-01,2017-04-30,13
3555604,Uchoa,SP,2018,992.26,25.51,242,2017-09-01,2018-04-30,28
3555604,Uchoa,SP,2019,943.31,25.91,242,2018-09-01,2019-04-30,15
3555604,Uchoa,SP,2020,948.71,26.18,243,2019-09-01,2020-04-30,16
3555604,Uchoa,SP,2021,648.53,27.03,242,2020-09-01,2021-04-30,18
3555604,Uchoa,SP,2022,1070.52,25.65,242,2021-09-01,2022-04-30,16
3555604,Uchoa,SP,2023,1019.01,24.81,242,2022-09-01,2023-04-30,7
3555604,Uchoa,SP,2024,642.35,28.83,243,2023-09-01,2024-04-30,16
3555604,Uchoa,SP,2025,840.27,27.01,242,2024-09-01,2025-04-30,23
3555604,Uchoa,SP,2026,871.3,26.24,242,2025-09-01,2026-04-30,20
3555703,União Paulista,SP,2010,1213.08,24.98,242,2009-09-01,2010-04-30,20
3555703,União Paulista,SP,2011,1317.8,25.27,242,2010-09-01,2011-04-30,23
3555703,União Paulista,SP,2012,782.57,25.64,243,2011-09-01,2012-04-30,11
3555703,União Paulista,SP,2013,997.46,25.82,242,2012-09-01,2013-04-30,18
3555703,União Paulista,SP,2014,719.34,26.28,242,2013-09-01,2014-04-30,15
3555703,União Paulista,SP,2015,1010.96,26.0,242,2014-09-01,2015-04-30,17
3555703,União Paulista,SP,2016,1271.01,25.94,243,2015-09-01,2016-04-30,30
3555703,União Paulista,SP,2017,988.89,25.06,242,2016-09-01,2017-04-30,13
3555703,União Paulista,SP,2018,1095.81,25.67,242,2017-09-01,2018-04-30,28
3555703,União Paulista,SP,2019,959.29,26.28,242,2018-09-01,2019-04-30,14
3555703,União Paulista,SP,2020,949.44,26.59,243,2019-09-01,2020-04-30,16
3555703,União Paulista,SP,2021,580.34,27.65,242,2020-09-01,2021-04-30,16
3555703,União Paulista,SP,2022,1001.93,26.26,242,2021-09-01,2022-04-30,16
3555703,União Paulista,SP,2023,949.41,25.25,242,2022-09-01,2023-04-30,7
3555703,União Paulista,SP,2024,653.88,29.17,243,2023-09-01,2024-04-30,16
3555703,União Paulista,SP,2025,774.18,27.61,242,2024-09-01,2025-04-30,23
3555703,União Paulista,SP,2026,768.97,26.99,242,2025-09-01,2026-04-30,21
3555802,Urânia,SP,2010,1468.55,25.4,242,2009-09-01,2010-04-30,26
3555802,Urânia,SP,2011,1502.98,25.74,242,2010-09-01,2011-04-30,23
3555802,Urânia,SP,2012,945.27,26.18,243,2011-09-01,2012-04-30,18
3555802,Urânia,SP,2013,995.03,26.42,242,2012-09-01,2013-04-30,18
3555802,Urânia,SP,2014,834.82,26.72,242,2013-09-01,2014-04-30,12
3555802,Urânia,SP,2015,1124.29,26.27,242,2014-09-01,2015-04-30,16
3555802,Urânia,SP,2016,1120.91,26.75,243,2015-09-01,2016-04-30,23
3555802,Urânia,SP,2017,1130.85,25.65,242,2016-09-01,2017-04-30,13
3555802,Urânia,SP,2018,1130.61,26.16,242,2017-09-01,2018-04-30,28
3555802,Urânia,SP,2019,1083.96,26.57,242,2018-09-01,2019-04-30,13
3555802,Urânia,SP,2020,917.22,27.21,243,2019-09-01,2020-04-30,17
3555802,Urânia,SP,2021,535.28,28.32,242,2020-09-01,2021-04-30,20
3555802,Urânia,SP,2022,1052.6,26.79,242,2021-09-01,2022-04-30,16
3555802,Urânia,SP,2023,1222.73,25.72,242,2022-09-01,2023-04-30,9
3555802,Urânia,SP,2024,761.74,29.44,243,2023-09-01,2024-04-30,14
3555802,Urânia,SP,2025,751.1,28.16,242,2024-09-01,2025-04-30,39
3555802,Urânia,SP,2026,739.06,27.73,242,2025-09-01,2026-04-30,21
3555901,Uru,SP,2010,1122.86,24.13,242,2009-09-01,2010-04-30,16
3555901,Uru,SP,2011,1000.22,24.37,242,2010-09-01,2011-04-30,16
3555901,Uru,SP,2012,701.24,24.95,243,2011-09-01,2012-04-30,16
3555901,Uru,SP,2013,973.65,24.73,242,2012-09-01,2013-04-30,18
3555901,Uru,SP,2014,639.5,25.32,242,2013-09-01,2014-04-30,12
3555901,Uru,SP,2015,936.77,24.94,242,2014-09-01,2015-04-30,22
3555901,Uru,SP,2016,1385.93,24.77,243,2015-09-01,2016-04-30,30
3555901,Uru,SP,2017,927.72,23.88,242,2016-09-01,2017-04-30,26
3555901,Uru,SP,2018,915.16,24.84,242,2017-09-01,2018-04-30,28
3555901,Uru,SP,2019,982.73,25.04,242,2018-09-01,2019-04-30,14
3555901,Uru,SP,2020,798.9,25.65,243,2019-09-01,2020-04-30,17
3555901,Uru,SP,2021,563.23,26.29,242,2020-09-01,2021-04-30,18
3555901,Uru,SP,2022,940.98,25.14,242,2021-09-01,2022-04-30,16
3555901,Uru,SP,2023,896.13,24.1,242,2022-09-01,2023-04-30,9
3555901,Uru,SP,2024,569.16,28.02,243,2023-09-01,2024-04-30,12
3555901,Uru,SP,2025,704.24,26.53,242,2024-09-01,2025-04-30,23
3555901,Uru,SP,2026,755.14,25.58,242,2025-09-01,2026-04-30,21
3556008,Urupês,SP,2010,1105.87,24.68,242,2009-09-01,2010-04-30,17
3556008,Urupês,SP,2011,1214.77,25.07,242,2010-09-01,2011-04-30,16
3556008,Urupês,SP,2012,872.96,25.22,243,2011-09-01,2012-04-30,14
3556008,Urupês,SP,2013,1027.94,25.45,242,2012-09-01,2013-04-30,16
3556008,Urupês,SP,2014,828.87,25.71,242,2013-09-01,2014-04-30,16
3556008,Urupês,SP,2015,836.03,25.94,242,2014-09-01,2015-04-30,19
3556008,Urupês,SP,2016,1208.83,25.66,243,2015-09-01,2016-04-30,28
3556008,Urupês,SP,2017,897.37,25.01,242,2016-09-01,2017-04-30,13
3556008,Urupês,SP,2018,992.26,25.51,242,2017-09-01,2018-04-30,28
3556008,Urupês,SP,2019,943.31,25.91,242,2018-09-01,2019-04-30,15
3556008,Urupês,SP,2020,948.71,26.18,243,2019-09-01,2020-04-30,16
3556008,Urupês,SP,2021,648.53,27.03,242,2020-09-01,2021-04-30,18
3556008,Urupês,SP,2022,1070.52,25.65,242,2021-09-01,2022-04-30,16
3556008,Urupês,SP,2023,1019.01,24.81,242,2022-09-01,2023-04-30,7
3556008,Urupês,SP,2024,642.35,28.83,243,2023-09-01,2024-04-30,16
3556008,Urupês,SP,2025,840.27,27.01,242,2024-09-01,2025-04-30,23
3556008,Urupês,SP,2026,871.3,26.24,242,2025-09-01,2026-04-30,20
3556107,Valentim Gentil,SP,2010,1249.82,24.85,242,2009-09-01,2010-04-30,25
3556107,Valentim Gentil,SP,2011,1439.63,25.23,242,2010-09-01,2011-04-30,23
3556107,Valentim Gentil,SP,2012,883.53,25.49,243,2011-09-01,2012-04-30,14
3556107,Valentim Gentil,SP,2013,939.8,25.85,242,2012-09-01,2013-04-30,18
3556107,Valentim Gentil,SP,2014,848.61,26.06,242,2013-09-01,2014-04-30,11
3556107,Valentim Gentil,SP,2015,1107.87,25.74,242,2014-09-01,2015-04-30,17
3556107,Valentim Gentil,SP,2016,1294.34,25.83,243,2015-09-01,2016-04-30,30
3556107,Valentim Gentil,SP,2017,1065.05,25.08,242,2016-09-01,2017-04-30,13
3556107,Valentim Gentil,SP,2018,1120.02,25.56,242,2017-09-01,2018-04-30,28
3556107,Valentim Gentil,SP,2019,960.82,26.24,242,2018-09-01,2019-04-30,15
3556107,Valentim Gentil,SP,2020,948.78,26.52,243,2019-09-01,2020-04-30,17
3556107,Valentim Gentil,SP,2021,560.35,27.7,242,2020-09-01,2021-04-30,18
3556107,Valentim Gentil,SP,2022,1037.8,26.13,242,2021-09-01,2022-04-30,16
3556107,Valentim Gentil,SP,2023,1102.21,25.16,242,2022-09-01,2023-04-30,9
3556107,Valentim Gentil,SP,2024,776.32,28.86,243,2023-09-01,2024-04-30,16
3556107,Valentim Gentil,SP,2025,851.99,27.33,242,2024-09-01,2025-04-30,23
3556107,Valentim Gentil,SP,2026,855.97,26.81,242,2025-09-01,2026-04-30,21
3556206,Valinhos,SP,2010,1513.4,21.84,242,2009-09-01,2010-04-30,13
3556206,Valinhos,SP,2011,1274.32,21.71,242,2010-09-01,2011-04-30,12
3556206,Valinhos,SP,2012,1030.92,21.56,243,2011-09-01,2012-04-30,31
3556206,Valinhos,SP,2013,1179.99,22.01,242,2012-09-01,2013-04-30,19
3556206,Valinhos,SP,2014,781.34,22.55,242,2013-09-01,2014-04-30,13
3556206,Valinhos,SP,2015,937.23,22.55,242,2014-09-01,2015-04-30,19
3556206,Valinhos,SP,2016,1240.18,22.84,243,2015-09-01,2016-04-30,26
3556206,Valinhos,SP,2017,1048.05,21.92,242,2016-09-01,2017-04-30,16
3556206,Valinhos,SP,2018,853.84,22.5,242,2017-09-01,2018-04-30,28
3556206,Valinhos,SP,2019,1187.6,22.44,242,2018-09-01,2019-04-30,14
3556206,Valinhos,SP,2020,1046.12,22.37,243,2019-09-01,2020-04-30,23
3556206,Valinhos,SP,2021,662.36,23.22,242,2020-09-01,2021-04-30,20
3556206,Valinhos,SP,2022,906.05,22.51,242,2021-09-01,2022-04-30,19
3556206,Valinhos,SP,2023,1127.19,21.45,242,2022-09-01,2023-04-30,8
3556206,Valinhos,SP,2024,838.83,24.49,243,2023-09-01,2024-04-30,12
3556206,Valinhos,SP,2025,769.91,23.58,242,2024-09-01,2025-04-30,15
3556206,Valinhos,SP,2026,775.0,22.96,242,2025-09-01,2026-04-30,20
3556305,Valparaíso,SP,2010,1271.75,25.24,242,2009-09-01,2010-04-30,17
3556305,Valparaíso,SP,2011,1344.47,25.37,242,2010-09-01,2011-04-30,23
3556305,Valparaíso,SP,2012,839.12,25.8,243,2011-09-01,2012-04-30,11
3556305,Valparaíso,SP,2013,1020.56,25.99,242,2012-09-01,2013-04-30,18
3556305,Valparaíso,SP,2014,741.04,26.47,242,2013-09-01,2014-04-30,14
3556305,Valparaíso,SP,2015,1045.78,26.16,242,2014-09-01,2015-04-30,17
3556305,Valparaíso,SP,2016,1307.14,26.15,243,2015-09-01,2016-04-30,30
3556305,Valparaíso,SP,2017,1009.54,25.12,242,2016-09-01,2017-04-30,13
3556305,Valparaíso,SP,2018,1159.29,25.76,242,2017-09-01,2018-04-30,28
3556305,Valparaíso,SP,2019,967.35,26.46,242,2018-09-01,2019-04-30,14
3556305,Valparaíso,SP,2020,954.38,26.82,243,2019-09-01,2020-04-30,16
3556305,Valparaíso,SP,2021,520.05,28.04,242,2020-09-01,2021-04-30,18
3556305,Valparaíso,SP,2022,931.8,26.73,242,2021-09-01,2022-04-30,15
3556305,Valparaíso,SP,2023,955.06,25.48,242,2022-09-01,2023-04-30,9
3556305,Valparaíso,SP,2024,696.64,29.29,243,2023-09-01,2024-04-30,16
3556305,Valparaíso,SP,2025,783.08,27.92,242,2024-09-01,2025-04-30,15
3556305,Valparaíso,SP,2026,764.29,27.31,242,2025-09-01,2026-04-30,21
3556354,Vargem,SP,2010,1513.84,20.93,242,2009-09-01,2010-04-30,12
3556354,Vargem,SP,2011,1425.14,20.67,242,2010-09-01,2011-04-30,6
3556354,Vargem,SP,2012,1060.67,20.38,243,2011-09-01,2012-04-30,21
3556354,Vargem,SP,2013,1210.5,20.9,242,2012-09-01,2013-04-30,19
3556354,Vargem,SP,2014,839.61,21.3,242,2013-09-01,2014-04-30,11
3556354,Vargem,SP,2015,895.39,21.48,242,2014-09-01,2015-04-30,18
3556354,Vargem,SP,2016,1225.88,21.96,243,2015-09-01,2016-04-30,25
3556354,Vargem,SP,2017,1044.67,20.82,242,2016-09-01,2017-04-30,13
3556354,Vargem,SP,2018,965.47,21.24,242,2017-09-01,2018-04-30,26
3556354,Vargem,SP,2019,1231.04,21.33,242,2018-09-01,2019-04-30,8
3556354,Vargem,SP,2020,983.55,21.17,243,2019-09-01,2020-04-30,22
3556354,Vargem,SP,2021,823.86,21.75,242,2020-09-01,2021-04-30,19
3556354,Vargem,SP,2022,928.95,21.27,242,2021-09-01,2022-04-30,13
3556354,Vargem,SP,2023,1229.13,20.34,242,2022-09-01,2023-04-30,6
3556354,Vargem,SP,2024,994.5,22.89,243,2023-09-01,2024-04-30,12
3556354,Vargem,SP,2025,818.34,22.28,242,2024-09-01,2025-04-30,15
3556354,Vargem,SP,2026,774.66,21.64,242,2025-09-01,2026-04-30,20
3556404,Vargem Grande do Sul,SP,2010,1355.16,22.51,242,2009-09-01,2010-04-30,16
3556404,Vargem Grande do Sul,SP,2011,1233.21,22.8,242,2010-09-01,2011-04-30,12
3556404,Vargem Grande do Sul,SP,2012,1121.99,22.52,243,2011-09-01,2012-04-30,20
3556404,Vargem Grande do Sul,SP,2013,1302.62,22.78,242,2012-09-01,2013-04-30,19
3556404,Vargem Grande do Sul,SP,2014,763.68,23.58,242,2013-09-01,2014-04-30,13
3556404,Vargem Grande do Sul,SP,2015,997.91,23.32,242,2014-09-01,2015-04-30,18
3556404,Vargem Grande do Sul,SP,2016,1285.36,23.54,243,2015-09-01,2016-04-30,28
3556404,Vargem Grande do Sul,SP,2017,920.22,22.95,242,2016-09-01,2017-04-30,16
3556404,Vargem Grande do Sul,SP,2018,944.36,23.32,242,2017-09-01,2018-04-30,28
3556404,Vargem Grande do Sul,SP,2019,1126.26,23.15,242,2018-09-01,2019-04-30,14
3556404,Vargem Grande do Sul,SP,2020,1037.72,23.46,243,2019-09-01,2020-04-30,19
3556404,Vargem Grande do Sul,SP,2021,648.85,24.27,242,2020-09-01,2021-04-30,18
3556404,Vargem Grande do Sul,SP,2022,1052.55,23.25,242,2021-09-01,2022-04-30,15
3556404,Vargem Grande do Sul,SP,2023,1255.48,22.27,242,2022-09-01,2023-04-30,7
3556404,Vargem Grande do Sul,SP,2024,810.97,25.54,243,2023-09-01,2024-04-30,12
3556404,Vargem Grande do Sul,SP,2025,827.46,24.57,242,2024-09-01,2025-04-30,18
3556404,Vargem Grande do Sul,SP,2026,867.53,23.54,242,2025-09-01,2026-04-30,20
3556453,Vargem Grande Paulista,SP,2010,1666.75,21.09,242,2009-09-01,2010-04-30,12
3556453,Vargem Grande Paulista,SP,2011,1464.75,20.61,242,2010-09-01,2011-04-30,11
3556453,Vargem Grande Paulista,SP,2012,924.14,20.5,243,2011-09-01,2012-04-30,13
3556453,Vargem Grande Paulista,SP,2013,1098.88,21.22,242,2012-09-01,2013-04-30,16
3556453,Vargem Grande Paulista,SP,2014,769.94,21.63,242,2013-09-01,2014-04-30,14
3556453,Vargem Grande Paulista,SP,2015,854.33,21.79,242,2014-09-01,2015-04-30,16
3556453,Vargem Grande Paulista,SP,2016,1250.66,22.01,243,2015-09-01,2016-04-30,26
3556453,Vargem Grande Paulista,SP,2017,1090.54,20.97,242,2016-09-01,2017-04-30,13
3556453,Vargem Grande Paulista,SP,2018,791.1,21.55,242,2017-09-01,2018-04-30,28
3556453,Vargem Grande Paulista,SP,2019,1156.14,21.76,242,2018-09-01,2019-04-30,8
3556453,Vargem Grande Paulista,SP,2020,1119.16,21.26,243,2019-09-01,2020-04-30,12
3556453,Vargem Grande Paulista,SP,2021,691.92,21.98,242,2020-09-01,2021-04-30,19
3556453,Vargem Grande Paulista,SP,2022,1015.37,21.37,242,2021-09-01,2022-04-30,12
3556453,Vargem Grande Paulista,SP,2023,1308.23,20.46,242,2022-09-01,2023-04-30,7
3556453,Vargem Grande Paulista,SP,2024,894.85,23.27,243,2023-09-01,2024-04-30,13
3556453,Vargem Grande Paulista,SP,2025,775.9,22.58,242,2024-09-01,2025-04-30,14
3556453,Vargem Grande Paulista,SP,2026,754.23,21.95,242,2025-09-01,2026-04-30,20
3556503,Várzea Paulista,SP,2010,1513.4,21.84,242,2009-09-01,2010-04-30,13
3556503,Várzea Paulista,SP,2011,1274.32,21.71,242,2010-09-01,2011-04-30,12
3556503,Várzea Paulista,SP,2012,1030.92,21.56,243,2011-09-01,2012-04-30,31
3556503,Várzea Paulista,SP,2013,1179.99,22.01,242,2012-09-01,2013-04-30,19
3556503,Várzea Paulista,SP,2014,781.34,22.55,242,2013-09-01,2014-04-30,13
3556503,Várzea Paulista,SP,2015,937.23,22.55,242,2014-09-01,2015-04-30,19
3556503,Várzea Paulista,SP,2016,1240.18,22.84,243,2015-09-01,2016-04-30,26
3556503,Várzea Paulista,SP,2017,1048.05,21.92,242,2016-09-01,2017-04-30,16
3556503,Várzea Paulista,SP,2018,853.84,22.5,242,2017-09-01,2018-04-30,28
3556503,Várzea Paulista,SP,2019,1187.6,22.44,242,2018-09-01,2019-04-30,14
3556503,Várzea Paulista,SP,2020,1046.12,22.37,243,2019-09-01,2020-04-30,23
3556503,Várzea Paulista,SP,2021,662.36,23.22,242,2020-09-01,2021-04-30,20
3556503,Várzea Paulista,SP,2022,906.05,22.51,242,2021-09-01,2022-04-30,19
3556503,Várzea Paulista,SP,2023,1127.19,21.45,242,2022-09-01,2023-04-30,8
3556503,Várzea Paulista,SP,2024,838.83,24.49,243,2023-09-01,2024-04-30,12
3556503,Várzea Paulista,SP,2025,769.91,23.58,242,2024-09-01,2025-04-30,15
3556503,Várzea Paulista,SP,2026,775.0,22.96,242,2025-09-01,2026-04-30,20
3556602,Vera Cruz,SP,2010,1268.54,24.07,242,2009-09-01,2010-04-30,16
3556602,Vera Cruz,SP,2011,1015.95,24.22,242,2010-09-01,2011-04-30,16
3556602,Vera Cruz,SP,2012,708.5,24.99,243,2011-09-01,2012-04-30,13
3556602,Vera Cruz,SP,2013,970.42,24.77,242,2012-09-01,2013-04-30,18
3556602,Vera Cruz,SP,2014,722.1,25.08,242,2013-09-01,2014-04-30,12
3556602,Vera Cruz,SP,2015,1036.1,24.83,242,2014-09-01,2015-04-30,17
3556602,Vera Cruz,SP,2016,1532.12,24.72,243,2015-09-01,2016-04-30,18
3556602,Vera Cruz,SP,2017,955.7,23.58,242,2016-09-01,2017-04-30,13
3556602,Vera Cruz,SP,2018,1139.51,24.42,242,2017-09-01,2018-04-30,28
3556602,Vera Cruz,SP,2019,1085.39,24.87,242,2018-09-01,2019-04-30,14
3556602,Vera Cruz,SP,2020,907.92,25.58,243,2019-09-01,2020-04-30,18
3556602,Vera Cruz,SP,2021,636.73,26.08,242,2020-09-01,2021-04-30,19
3556602,Vera Cruz,SP,2022,938.6,25.4,242,2021-09-01,2022-04-30,10
3556602,Vera Cruz,SP,2023,1082.16,23.89,242,2022-09-01,2023-04-30,9
3556602,Vera Cruz,SP,2024,773.4,27.59,243,2023-09-01,2024-04-30,12
3556602,Vera Cruz,SP,2025,773.68,26.51,242,2024-09-01,2025-04-30,14
3556602,Vera Cruz,SP,2026,865.11,25.49,242,2025-09-01,2026-04-30,21
3556701,Vinhedo,SP,2010,1513.4,21.84,242,2009-09-01,2010-04-30,13
3556701,Vinhedo,SP,2011,1274.32,21.71,242,2010-09-01,2011-04-30,12
3556701,Vinhedo,SP,2012,1030.92,21.56,243,2011-09-01,2012-04-30,31
3556701,Vinhedo,SP,2013,1179.99,22.01,242,2012-09-01,2013-04-30,19
3556701,Vinhedo,SP,2014,781.34,22.55,242,2013-09-01,2014-04-30,13
3556701,Vinhedo,SP,2015,937.23,22.55,242,2014-09-01,2015-04-30,19
3556701,Vinhedo,SP,2016,1240.18,22.84,243,2015-09-01,2016-04-30,26
3556701,Vinhedo,SP,2017,1048.05,21.92,242,2016-09-01,2017-04-30,16
3556701,Vinhedo,SP,2018,853.84,22.5,242,2017-09-01,2018-04-30,28
3556701,Vinhedo,SP,2019,1187.6,22.44,242,2018-09-01,2019-04-30,14
3556701,Vinhedo,SP,2020,1046.12,22.37,243,2019-09-01,2020-04-30,23
3556701,Vinhedo,SP,2021,662.36,23.22,242,2020-09-01,2021-04-30,20
3556701,Vinhedo,SP,2022,906.05,22.51,242,2021-09-01,2022-04-30,19
3556701,Vinhedo,SP,2023,1127.19,21.45,242,2022-09-01,2023-04-30,8
3556701,Vinhedo,SP,2024,838.83,24.49,243,2023-09-01,2024-04-30,12
3556701,Vinhedo,SP,2025,769.91,23.58,242,2024-09-01,2025-04-30,15
3556701,Vinhedo,SP,2026,775.0,22.96,242,2025-09-01,2026-04-30,20
3556800,Viradouro,SP,2010,1229.92,24.15,242,2009-09-01,2010-04-30,17
3556800,Viradouro,SP,2011,1293.38,24.29,242,2010-09-01,2011-04-30,12
3556800,Viradouro,SP,2012,1054.26,24.32,243,2011-09-01,2012-04-30,16
3556800,Viradouro,SP,2013,1120.66,24.65,242,2012-09-01,2013-04-30,19
3556800,Viradouro,SP,2014,802.92,25.21,242,2013-09-01,2014-04-30,11
3556800,Viradouro,SP,2015,933.1,25.15,242,2014-09-01,2015-04-30,21
3556800,Viradouro,SP,2016,1331.84,25.12,243,2015-09-01,2016-04-30,25
3556800,Viradouro,SP,2017,940.59,24.62,242,2016-09-01,2017-04-30,12
3556800,Viradouro,SP,2018,1081.33,24.93,242,2017-09-01,2018-04-30,27
3556800,Viradouro,SP,2019,1134.11,24.87,242,2018-09-01,2019-04-30,16
3556800,Viradouro,SP,2020,1073.79,25.24,243,2019-09-01,2020-04-30,18
3556800,Viradouro,SP,2021,570.11,26.39,242,2020-09-01,2021-04-30,20
3556800,Viradouro,SP,2022,1065.97,25.06,242,2021-09-01,2022-04-30,15
3556800,Viradouro,SP,2023,1257.48,24.04,242,2022-09-01,2023-04-30,9
3556800,Viradouro,SP,2024,800.27,27.54,243,2023-09-01,2024-04-30,12
3556800,Viradouro,SP,2025,971.9,26.3,242,2024-09-01,2025-04-30,19
3556800,Viradouro,SP,2026,1029.38,25.17,242,2025-09-01,2026-04-30,22
3556909,Vista Alegre do Alto,SP,2010,1105.13,24.36,242,2009-09-01,2010-04-30,17
3556909,Vista Alegre do Alto,SP,2011,1208.26,24.68,242,2010-09-01,2011-04-30,16
3556909,Vista Alegre do Alto,SP,2012,933.34,24.79,243,2011-09-01,2012-04-30,14
3556909,Vista Alegre do Alto,SP,2013,1041.74,24.98,242,2012-09-01,2013-04-30,16
3556909,Vista Alegre do Alto,SP,2014,860.18,25.31,242,2013-09-01,2014-04-30,11
3556909,Vista Alegre do Alto,SP,2015,823.63,25.55,242,2014-09-01,2015-04-30,18
3556909,Vista Alegre do Alto,SP,2016,1206.26,25.27,243,2015-09-01,2016-04-30,28
3556909,Vista Alegre do Alto,SP,2017,905.05,24.75,242,2016-09-01,2017-04-30,13
3556909,Vista Alegre do Alto,SP,2018,963.54,25.21,242,2017-09-01,2018-04-30,28
3556909,Vista Alegre do Alto,SP,2019,945.9,25.45,242,2018-09-01,2019-04-30,15
3556909,Vista Alegre do Alto,SP,2020,920.4,25.78,243,2019-09-01,2020-04-30,22
3556909,Vista Alegre do Alto,SP,2021,609.43,26.65,242,2020-09-01,2021-04-30,18
3556909,Vista Alegre do Alto,SP,2022,1042.52,25.32,242,2021-09-01,2022-04-30,16
3556909,Vista Alegre do Alto,SP,2023,1038.05,24.47,242,2022-09-01,2023-04-30,11
3556909,Vista Alegre do Alto,SP,2024,661.64,28.29,243,2023-09-01,2024-04-30,13
3556909,Vista Alegre do Alto,SP,2025,869.1,26.62,242,2024-09-01,2025-04-30,39
3556909,Vista Alegre do Alto,SP,2026,904.03,25.7,242,2025-09-01,2026-04-30,20
3556958,Vitória Brasil,SP,2010,1468.55,25.4,242,2009-09-01,2010-04-30,26
3556958,Vitória Brasil,SP,2011,1502.98,25.74,242,2010-09-01,2011-04-30,23
3556958,Vitória Brasil,SP,2012,945.27,26.18,243,2011-09-01,2012-04-30,18
3556958,Vitória Brasil,SP,2013,995.03,26.42,242,2012-09-01,2013-04-30,18
3556958,Vitória Brasil,SP,2014,834.82,26.72,242,2013-09-01,2014-04-30,12
3556958,Vitória Brasil,SP,2015,1124.29,26.27,242,2014-09-01,2015-04-30,16
3556958,Vitória Brasil,SP,2016,1120.91,26.75,243,2015-09-01,2016-04-30,23
3556958,Vitória Brasil,SP,2017,1130.85,25.65,242,2016-09-01,2017-04-30,13
3556958,Vitória Brasil,SP,2018,1130.61,26.16,242,2017-09-01,2018-04-30,28
3556958,Vitória Brasil,SP,2019,1083.96,26.57,242,2018-09-01,2019-04-30,13
3556958,Vitória Brasil,SP,2020,917.22,27.21,243,2019-09-01,2020-04-30,17
3556958,Vitória Brasil,SP,2021,535.28,28.32,242,2020-09-01,2021-04-30,20
3556958,Vitória Brasil,SP,2022,1052.6,26.79,242,2021-09-01,2022-04-30,16
3556958,Vitória Brasil,SP,2023,1222.73,25.72,242,2022-09-01,2023-04-30,9
3556958,Vitória Brasil,SP,2024,761.74,29.44,243,2023-09-01,2024-04-30,14
3556958,Vitória Brasil,SP,2025,751.1,28.16,242,2024-09-01,2025-04-30,39
3556958,Vitória Brasil,SP,2026,739.06,27.73,242,2025-09-01,2026-04-30,21
3557006,Votorantim,SP,2010,1548.7,21.59,242,2009-09-01,2010-04-30,12
3557006,Votorantim,SP,2011,1208.16,21.35,242,2010-09-01,2011-04-30,8
3557006,Votorantim,SP,2012,884.05,21.48,243,2011-09-01,2012-04-30,13
3557006,Votorantim,SP,2013,1041.36,21.89,242,2012-09-01,2013-04-30,19
3557006,Votorantim,SP,2014,714.51,22.49,242,2013-09-01,2014-04-30,13
3557006,Votorantim,SP,2015,852.53,22.53,242,2014-09-01,2015-04-30,16
3557006,Votorantim,SP,2016,1261.59,22.56,243,2015-09-01,2016-04-30,26
3557006,Votorantim,SP,2017,1057.39,21.56,242,2016-09-01,2017-04-30,13
3557006,Votorantim,SP,2018,864.02,22.11,242,2017-09-01,2018-04-30,28
3557006,Votorantim,SP,2019,1159.73,22.35,242,2018-09-01,2019-04-30,8
3557006,Votorantim,SP,2020,1047.14,21.97,243,2019-09-01,2020-04-30,22
3557006,Votorantim,SP,2021,662.21,22.83,242,2020-09-01,2021-04-30,19
3557006,Votorantim,SP,2022,1011.81,22.13,242,2021-09-01,2022-04-30,14
3557006,Votorantim,SP,2023,1305.91,20.95,242,2022-09-01,2023-04-30,7
3557006,Votorantim,SP,2024,849.66,24.1,243,2023-09-01,2024-04-30,13
3557006,Votorantim,SP,2025,738.44,23.44,242,2024-09-01,2025-04-30,14
3557006,Votorantim,SP,2026,710.6,22.79,242,2025-09-01,2026-04-30,20
3557105,Votuporanga,SP,2010,1249.82,24.85,242,2009-09-01,2010-04-30,25
3557105,Votuporanga,SP,2011,1439.63,25.23,242,2010-09-01,2011-04-30,23
3557105,Votuporanga,SP,2012,883.53,25.49,243,2011-09-01,2012-04-30,14
3557105,Votuporanga,SP,2013,939.8,25.85,242,2012-09-01,2013-04-30,18
3557105,Votuporanga,SP,2014,848.61,26.06,242,2013-09-01,2014-04-30,11
3557105,Votuporanga,SP,2015,1107.87,25.74,242,2014-09-01,2015-04-30,17
3557105,Votuporanga,SP,2016,1294.34,25.83,243,2015-09-01,2016-04-30,30
3557105,Votuporanga,SP,2017,1065.05,25.08,242,2016-09-01,2017-04-30,13
3557105,Votuporanga,SP,2018,1120.02,25.56,242,2017-09-01,2018-04-30,28
3557105,Votuporanga,SP,2019,960.82,26.24,242,2018-09-01,2019-04-30,15
3557105,Votuporanga,SP,2020,948.78,26.52,243,2019-09-01,2020-04-30,17
3557105,Votuporanga,SP,2021,560.35,27.7,242,2020-09-01,2021-04-30,18
3557105,Votuporanga,SP,2022,1037.8,26.13,242,2021-09-01,2022-04-30,16
3557105,Votuporanga,SP,2023,1102.21,25.16,242,2022-09-01,2023-04-30,9
3557105,Votuporanga,SP,2024,776.32,28.86,243,2023-09-01,2024-04-30,16
3557105,Votuporanga,SP,2025,851.99,27.33,242,2024-09-01,2025-04-30,23
3557105,Votuporanga,SP,2026,855.97,26.81,242,2025-09-01,2026-04-30,21
3557154,Zacarias,SP,2010,1213.08,24.98,242,2009-09-01,2010-04-30,20
3557154,Zacarias,SP,2011,1317.8,25.27,242,2010-09-01,2011-04-30,23
3557154,Zacarias,SP,2012,782.57,25.64,243,2011-09-01,2012-04-30,11
3557154,Zacarias,SP,2013,997.46,25.82,242,2012-09-01,2013-04-30,18
3557154,Zacarias,SP,2014,719.34,26.28,242,2013-09-01,2014-04-30,15
3557154,Zacarias,SP,2015,1010.96,26.0,242,2014-09-01,2015-04-30,17
3557154,Zacarias,SP,2016,1271.01,25.94,243,2015-09-01,2016-04-30,30
3557154,Zacarias,SP,2017,988.89,25.06,242,2016-09-01,2017-04-30,13
3557154,Zacarias,SP,2018,1095.81,25.67,242,2017-09-01,2018-04-30,28
3557154,Zacarias,SP,2019,959.29,26.28,242,2018-09-01,2019-04-30,14
3557154,Zacarias,SP,2020,949.44,26.59,243,2019-09-01,2020-04-30,16
3557154,Zacarias,SP,2021,580.34,27.65,242,2020-09-01,2021-04-30,16
3557154,Zacarias,SP,2022,1001.93,26.26,242,2021-09-01,2022-04-30,16
3557154,Zacarias,SP,2023,949.41,25.25,242,2022-09-01,2023-04-30,7
3557154,Zacarias,SP,2024,653.88,29.17,243,2023-09-01,2024-04-30,16
3557154,Zacarias,SP,2025,774.18,27.61,242,2024-09-01,2025-04-30,23
3557154,Zacarias,SP,2026,768.97,26.99,242,2025-09-01,2026-04-30,21
3557204,Chavantes,SP,2010,1392.71,23.68,242,2009-09-01,2010-04-30,16
3557204,Chavantes,SP,2011,927.56,23.84,242,2010-09-01,2011-04-30,15
3557204,Chavantes,SP,2012,819.47,24.48,243,2011-09-01,2012-04-30,13
3557204,Chavantes,SP,2013,943.07,24.5,242,2012-09-01,2013-04-30,17
3557204,Chavantes,SP,2014,976.22,24.29,242,2013-09-01,2014-04-30,13
3557204,Chavantes,SP,2015,1044.2,24.28,242,2014-09-01,2015-04-30,17
3557204,Chavantes,SP,2016,1729.39,24.18,243,2015-09-01,2016-04-30,24
3557204,Chavantes,SP,2017,1038.49,23.35,242,2016-09-01,2017-04-30,13
3557204,Chavantes,SP,2018,1143.58,24.02,242,2017-09-01,2018-04-30,28
3557204,Chavantes,SP,2019,1028.09,24.56,242,2018-09-01,2019-04-30,14
3557204,Chavantes,SP,2020,824.95,25.21,243,2019-09-01,2020-04-30,17
3557204,Chavantes,SP,2021,728.1,25.17,242,2020-09-01,2021-04-30,20
3557204,Chavantes,SP,2022,927.7,24.89,242,2021-09-01,2022-04-30,14
3557204,Chavantes,SP,2023,1189.14,23.1,242,2022-09-01,2023-04-30,9
3557204,Chavantes,SP,2024,731.89,27.04,243,2023-09-01,2024-04-30,14
3557204,Chavantes,SP,2025,681.24,26.11,242,2024-09-01,2025-04-30,14
3557204,Chavantes,SP,2026,814.67,25.17,242,2025-09-01,2026-04-30,20
3557303,Estiva Gerbi,SP,2010,1416.36,22.42,242,2009-09-01,2010-04-30,16
3557303,Estiva Gerbi,SP,2011,1196.55,22.61,242,2010-09-01,2011-04-30,12
3557303,Estiva Gerbi,SP,2012,1116.49,22.29,243,2011-09-01,2012-04-30,20
3557303,Estiva Gerbi,SP,2013,1244.62,22.68,242,2012-09-01,2013-04-30,19
3557303,Estiva Gerbi,SP,2014,797.62,23.29,242,2013-09-01,2014-04-30,13
3557303,Estiva Gerbi,SP,2015,972.16,23.21,242,2014-09-01,2015-04-30,18
3557303,Estiva Gerbi,SP,2016,1290.4,23.44,243,2015-09-01,2016-04-30,27
3557303,Estiva Gerbi,SP,2017,1012.84,22.65,242,2016-09-01,2017-04-30,16
3557303,Estiva Gerbi,SP,2018,929.17,23.21,242,2017-09-01,2018-04-30,28
3557303,Estiva Gerbi,SP,2019,1141.59,23.02,242,2018-09-01,2019-04-30,14
3557303,Estiva Gerbi,SP,2020,984.72,23.31,243,2019-09-01,2020-04-30,19
3557303,Estiva Gerbi,SP,2021,617.74,24.24,242,2020-09-01,2021-04-30,19
3557303,Estiva Gerbi,SP,2022,950.39,23.3,242,2021-09-01,2022-04-30,16
3557303,Estiva Gerbi,SP,2023,1174.73,22.18,242,2022-09-01,2023-04-30,9
3557303,Estiva Gerbi,SP,2024,835.23,25.34,243,2023-09-01,2024-04-30,12
3557303,Estiva Gerbi,SP,2025,792.24,24.39,242,2024-09-01,2025-04-30,19
3557303,Estiva Gerbi,SP,2026,836.39,23.55,242,2025-09-01,2026-04-30,19
