ibge_code,municipality,gap_number,gap_start_year,gap_end_year,gap_length,before_year,after_year,before_yield_tch,after_yield_tch,municipality_gap_stratum,fitted_before_linear,fitted_after_linear,fitted_change_across_gap_linear,fitted_before_p50_10,fitted_after_p50_10,fitted_change_across_gap_p50_10,fitted_before_p50_12,fitted_after_p50_12,fitted_change_across_gap_p50_12,fitted_before_p50_6,fitted_after_p50_6,fitted_change_across_gap_p50_6
3500204,Adolfo,1,1981,1997,17,1980,1998,50.0,100.0,>10,58.1926567602613,74.48186411442663,16.289207354165328,51.069261348921934,96.69492033408329,45.62565898516136,51.48468345085662,96.01885155581384,44.53416810495722,50.429259096630894,99.714992438824,49.285733342193105
3500204,Adolfo,2,2000,2000,1,1999,2001,100.0,80.0,>10,75.38682007854692,77.19673200678751,1.809911928240595,96.26378809777941,95.59306800025713,-0.6707200975222776,96.38246629094657,96.83851113333728,0.4560448423907104,96.04092375671635,89.22314962630179,-6.817774130414563
3500204,Adolfo,3,2002,2003,2,2001,2004,80.0,120.0,>10,77.19673200678751,79.9115998991484,2.7148678923608855,95.59306800025713,100.41424235894733,4.8211743586902,96.83851113333728,99.47239023198563,2.6338790986483502,89.22314962630179,105.27402004092336,16.05087041462157
3500303,Aguaí,1,1982,1982,1,1981,1983,68.0,48.6,1-5,73.66966416352832,74.59817809844893,0.928513934920602,59.39963927433553,56.85643053651473,-2.543208737820798,57.28407350017234,58.25727774702934,0.9732042468570015,65.07038918725985,52.53596699318306,-12.53442219407679
3500303,Aguaí,2,2001,2001,1,2000,2002,80.0,87.0,1-5,82.49054654527407,83.41906048019467,0.928513934920602,85.212929152434,85.42476502154452,0.21183586911051577,85.16183877422087,85.2974416206001,0.13560284637922848,84.77324432135293,85.72510750650527,0.9518631851523338
3500501,Águas de Lindóia,1,1986,1991,6,1985,1992,50.0,50.0,6-10,52.79127960415088,57.616332109401405,4.825052505250525,52.15316177718533,54.75299602204788,2.5998342448625493,52.68444013404773,55.27599972779774,2.5915595937500058,50.52005736298042,52.88133646114502,2.3612790981646015
3500550,Águas de Santa Bárbara,1,1977,1982,6,1976,1983,40.0,80.0,6-10,65.8287066805274,68.72812667861618,2.8994199980887743,41.35312981924342,77.48663169020872,36.133501870965304,42.32370401335371,76.35616432872061,34.0324603153669,40.249276162055175,79.5019659766527,39.252689814597524
3500550,Águas de Santa Bárbara,2,2000,2005,6,1999,2006,80.0,80.33333333333333,6-10,75.35537238853338,78.25479238662216,2.8994199980887743,75.51143130142867,78.76003033995553,3.248599038526862,73.6780100509564,78.46484637554077,4.786836324584371,79.80067609206328,80.89982238056047,1.099146288497181
3501103,Alto Alegre,1,1976,1976,1,1975,1977,57.142857142857146,60.0,1-5,62.792587335918775,63.30780363702465,0.5152163011058732,57.65639260030132,58.44187834198663,0.7854857416853136,57.49230172733007,58.25138502382263,0.7590832964925553,57.7689652815347,59.369040856170805,1.600075574636108
3501103,Alto Alegre,2,2001,2001,1,2000,2002,70.0,70.0,1-5,69.23279109974213,69.74800740084801,0.5152163011058803,68.39970568995945,67.73802316862499,-0.6616825213344555,68.77399412378507,68.70398200988731,-0.07001211389776074,68.99583101853277,65.92129276845944,-3.0745382500733314
3501103,Alto Alegre,3,2009,2009,1,2008,2010,75.0,70.0,1-5,71.29365630416561,71.80887260527147,0.5152163011058661,75.8944909465905,73.49979336027174,-2.394697586318756,75.29598400797654,73.57627014483593,-1.719713863140612,75.92199569393779,71.06965596874788,-4.852339725189907
3501152,Alumínio,1,2009,2009,1,2008,2010,50.0,10.0,1-5,62.99673692621229,69.63130300440469,6.6345660781923925,47.936209633568346,57.1500427349315,9.213833101363157,50.857787838890076,60.694534399764656,9.83674656087458,42.69095269444603,43.69831852783775,1.0073658333917166
3501202,Álvares Florence,1,1977,2005,29,1976,2006,30.0,80.0,>10,43.96167616851252,68.79904340124955,24.83736723273703,30.73619990476453,89.5388553415811,58.802655436816565,32.20258396941317,89.67647586082293,57.473891891409764,28.843663288084908,86.6349497566714,57.79128646858649
3501301,Álvares Machado,1,1992,2013,22,1991,2014,50.0,75.0,>10,61.29316307655976,83.77867307169397,22.485509995134215,51.88536556655733,72.4904863326779,20.60512076612057,52.20168687095662,73.40007391881792,21.198387047861303,49.89770379554955,73.1997083923923,23.302004596842743
3502002,Analândia,1,1980,1980,1,1979,1981,77.19954128440367,60.0,1-5,75.01530981561716,75.56709293947289,0.5517831238557278,70.32411887135333,74.22063014429263,3.896511272939293,69.54332059415974,74.35417115063677,4.810850556477035,72.76418421254255,71.41533887484623,-1.3488453376963179
3502101,Andradina,1,1976,1995,20,1975,1996,26.666666666666668,100.0,>10,61.129420663714185,69.41388166986053,8.284461006146344,29.26618305012681,96.47840209059189,67.21221904046507,29.525606748336745,94.56011243400071,65.03450568566397,27.781230646848392,100.2221002840363,72.44086963718792
3502200,Angatuba,1,1993,1993,1,1992,1994,70.0,70.0,1-5,72.40026624645293,73.72125546421807,1.3209892177651454,69.57521521807107,69.17906572739025,-0.39614949068081273,69.51808415856547,69.41513949575476,-0.1029446628107138,69.97377517126628,69.86351752402454,-0.11025764724173825
3502200,Angatuba,2,2000,2001,2,1999,2002,70.0,112.98275862068964,1-5,77.02372850863091,79.00521233527861,1.981483826647704,77.62611527898453,88.22248926673987,10.596373987755342,77.4182806651871,85.18374555020459,7.765464885017494,76.01484877274379,97.85951315455176,21.844664381807974
3502200,Angatuba,3,2022,2024,3,2021,2025,85.5,80.0,1-5,91.55460990404742,94.1965883395777,2.6419784355302767,85.877023372565,79.84395978623354,-6.0330635863314654,86.28924249608754,79.84763194563938,-6.441610550448161,85.81696554605749,80.03836922842493,-5.778596317632562
3502408,Anhumas,1,1992,1996,5,1991,1997,50.0,71.0,1-5,66.72037263812695,68.13789766277915,1.4175250246522069,51.38785047572268,67.33848022756223,15.95062975183955,52.03883200919829,65.45880386167003,13.419971852471747,50.21202837872277,70.2145074961719,20.002479117449134
3502408,Anhumas,2,1998,2002,5,1997,2003,71.0,70.0,1-5,68.13789766277915,69.55542268743137,1.417525024652221,67.33848022756223,70.42572722755567,3.0872469999934395,65.45880386167003,70.30305352572414,4.844249664054104,70.2145074961719,70.21034641638558,-0.004161079786328514
3502804,Araçatuba,1,1982,1982,1,1981,1983,80.34285714285714,92.0483850931677,1-5,83.057514843744,82.77887841359531,-0.2786364301486941,84.01411181465343,85.72361485225962,1.7095030376061828,84.65666515394068,85.19934701171067,0.5426818577699919,82.03151568805681,87.9421445939428,5.910628905885986
3502903,Araçoiaba da Serra,1,1996,1996,1,1995,1997,60.0,60.0,1-5,71.57343938946127,72.98201659025408,1.4085772007928057,63.87903869936398,61.3630282768997,-2.5160104224642836,64.04053792578236,62.08037816498348,-1.9601597607988808,63.05262150949206,59.8128187755433,-3.239802733948764
3502903,Araçoiaba da Serra,2,2007,2007,1,2006,2008,100.0,90.0,1-5,79.3206139938217,80.72919119461451,1.40857720079282,90.16598345664093,91.97578074642291,1.809797289781983,88.72508487085807,91.86988121334208,3.144796342484014,95.56073881444772,91.2508713235524,-4.309867490895314
3503109,Arandu,1,1976,1980,5,1975,1981,20.0,50.0,6-10,58.86010157176638,60.636792114771254,1.7766905430048752,22.179434910639536,50.2085361881148,28.029101277475263,22.468235719771712,50.51362869036969,28.04539297059798,21.234824334601022,49.630444320329026,28.395619985728004
3503109,Arandu,2,1983,1988,6,1982,1989,54.56521739130435,80.0,6-10,60.932907205272066,63.005712838777754,2.0728056335056877,55.070133117993144,77.48110879070656,22.410975672713413,55.0999383577392,76.29602317822302,21.196084820483826,54.96557448291436,79.71887185994281,24.753297377028446
3503109,Arandu,3,1998,2002,5,1997,2003,75.0,70.0,6-10,65.37463356278425,67.15132410578913,1.7766905430048752,72.47269911141689,69.87282302973551,-2.599876081681373,71.86529001684092,71.11112348978027,-0.7541665270606472,74.866710372345,69.37286989085098,-5.4938404814940185
3503109,Arandu,4,2019,2019,1,2018,2020,55.0,60.0,6-10,71.59305046330131,72.18528064430294,0.5922301810016251,58.16757255613383,57.119408567516246,-1.0481639886175813,58.81282994344804,57.09267039185913,-1.7201595515889068,57.362271961210716,58.016163580145665,0.6538916189349493
3503158,Arapeí,1,1996,1996,1,1995,1997,40.0,50.0,1-5,42.607258720224756,44.51298509137567,1.9057263711509123,42.383705441538396,47.468322725308084,5.084617283769688,43.226358964850895,47.23179775110203,4.005438786251133,40.88155638826445,48.43540145081834,7.55384506255389
3503158,Arapeí,2,2000,2001,2,1999,2002,50.0,50.0,1-5,46.41871146252659,49.27730101925295,2.858589556726365,50.14008324986245,50.4800994647145,0.34001621485204936,49.582847303584344,50.14431312659705,0.5614658230127034,50.50139395643837,50.24036876685793,-0.26102518958044385
3503158,Arapeí,3,2007,2007,1,2006,2008,50.13461538461539,50.0,1-5,53.08875376155478,54.99448013270569,1.9057263711509123,48.72500883945104,48.968710417869495,0.2437015784184524,49.15849951114988,50.0733066705921,0.9148071594422262,49.18425085576081,46.87739884525115,-2.306852010509658
3503158,Arapeí,4,2016,2016,1,2015,2017,59.32203389830509,65.0,1-5,61.664522431733886,63.5702488028848,1.9057263711509123,63.879917237497814,64.33236374936435,0.4524465118665333,63.62470737063063,64.41877832043171,0.7940709498010818,62.65553184638474,63.97910658378714,1.323574737402403
3503307,Araras,1,2014,2014,1,2013,2015,69.33333333333333,68.0,1-5,81.96117183016753,82.30137156727405,0.3401997371065164,76.86274201212082,74.66802478956915,-2.194717222551674,78.02712177266099,75.84742153480721,-2.1797002378537798,72.97472928716215,71.76890719772975,-1.2058220894324023
3503406,Arealva,1,1993,1993,1,1992,1994,78.57142857142857,80.0,1-5,74.83140812423089,74.96219360382142,0.13078547959052855,76.48983491851847,79.40906735348379,2.9192324349653234,75.99053243433202,78.88404458617941,2.893512151847389,78.27886396591616,80.26023060772285,1.9813666418066873
3503505,Areias,1,1988,1999,12,1987,2000,40.0,80.0,>10,49.681496460038105,56.096801012421196,6.415304552383091,61.85314996009752,81.42733636088872,19.5741864007912,61.575717536058555,81.18530008963583,19.609582553577276,58.277692670455984,80.03018362061435,21.752490950158368
3503505,Areias,2,2001,2001,1,2000,2002,80.0,80.0,>10,56.096801012421196,57.083770943557056,0.9869699311358602,81.42733636088872,78.95710055562031,-2.470235805268402,81.18530008963583,78.12680659857332,-3.0584934910625066,80.03018362061435,80.88535662804996,0.8551730074356101
3503505,Areias,3,2007,2007,1,2006,2008,60.0,60.0,>10,59.057710805828776,60.044680736964644,0.9869699311358673,64.28785673912913,60.36175749557988,-3.9260992435492454,65.24315252983055,61.13523570842554,-4.107916821405013,61.262913162141075,59.2532999937456,-2.009613168395475
3503505,Areias,4,2016,2016,1,2015,2017,60.0,60.0,>10,63.499075495940154,64.48604542707601,0.9869699311358531,60.09112555565461,60.6908919642029,0.599766408548291,60.048247532993955,60.75852577314335,0.7102782401493926,59.95442495504708,60.37252126709465,0.4180963120475667
3504107,Atibaia,1,2000,2001,2,1999,2002,40.0,40.0,1-5,56.962093269457114,57.87775447618874,0.9156612067316274,40.5133482242489,39.2559893698977,-1.257358854351203,40.73951950125168,38.95675637813739,-1.782763123114286,39.60812051711672,40.175394442671994,0.567273925555277
3504206,Auriflama,1,2001,2001,1,2000,2002,80.0,85.08387096774193,1-5,82.30513462527642,81.57234989317702,-0.7327847320994039,85.1184257341077,86.2908869275267,1.1724611934189966,86.01762255858957,87.70262111792098,1.6849985593314187,84.14962917816344,84.0480761845753,-0.10155299358814318
3504206,Auriflama,2,2009,2009,1,2008,2010,81.0,80.0,1-5,79.37399569687878,78.64121096477938,-0.7327847320994039,95.00839156329671,85.45649100198733,-9.551900561309381,93.68483895885463,85.85099502414383,-7.833843934710799,94.98494775913724,81.92234406616781,-13.062603692969432
3504404,Avanhandava,1,2001,2001,1,2000,2002,84.31790431790432,78.89200949367088,1-5,74.91622916644859,75.05407190020699,0.13784273375840428,75.0457691458394,76.84326938806115,1.7975002422217443,74.98474161430062,77.45346849555699,2.468726881256373,77.73968925082343,76.39170351566163,-1.3479857351617994
3504602,Bady Bassitt,1,1989,1995,7,1988,1996,75.0,80.0,6-10,80.8049922387807,81.51346148964767,0.708469250866969,78.5939294843413,78.97791385493554,0.3839843705942343,78.99338014091977,78.59743028194451,-0.39594985897525703,76.57538664345344,79.95746042265131,3.3820737791978672
3504602,Bady Bassitt,2,2001,2001,1,2000,2002,70.0,80.0,6-10,81.86769611508116,82.04481342779789,0.1771173127167316,78.22183214407792,81.5195532347438,3.297721090665874,79.15027938505563,81.80723232337824,2.6569529383226183,74.96993889491594,79.88873241767851,4.91879352276257
3504701,Balbinos,1,1993,2006,14,1992,2007,65.0,70.0,>10,67.91732544948381,75.42613440990101,7.508808960417198,64.2900339094383,69.64049746502067,5.350463555582365,63.952380128912196,69.28237937245912,5.329999243546922,65.02324174229535,69.79621135120874,4.772969608913385
3504909,Bananal,1,1981,1994,14,1980,1995,40.0,40.0,>10,41.50747796333188,49.779541183184676,8.272063219852797,39.135870956657506,41.43741372936429,2.3015427727067816,39.40346536291393,43.55931887484743,4.1558535119335005,39.063671281049764,38.8827613589205,-0.18090992212926693
3504909,Bananal,2,1996,1996,1,1995,1997,40.0,40.0,>10,49.779541183184676,50.88248294583172,1.102941762647042,41.43741372936429,49.31443593573394,7.877022206369652,43.55931887484743,49.97546114133244,6.416142266485011,38.8827613589205,46.75186569271427,7.869104333793771
3505104,Barbosa,1,1996,1996,1,1995,1997,74.0,70.0,1-5,75.71268252963044,75.39219536321914,-0.32048716641129715,72.78672174099799,73.55478437403056,0.7680626330325708,72.6899403279959,73.77515148528178,1.0852111572858831,72.68606871546295,71.54192461932834,-1.1441440961346103
3505500,Barretos,1,1982,1982,1,1981,1983,72.41696621135874,85.0,1-5,85.53389023670877,85.55051274612447,0.016622509415697095,78.62932151732501,80.3584167546181,1.7290952372930946,78.39006150050209,79.53841440306844,1.1483529025663586,77.57468620491899,83.07458779321595,5.499901588296964
3506003,Bauru,1,1993,1993,1,1992,1994,80.0,80.0,1-5,78.49027245228982,78.09913263904674,-0.3911398132430719,83.19568625688052,88.25666099464087,5.060974737760347,84.21550585384135,87.75033897835559,3.534833124514236,80.5916306791927,87.21229897845463,6.620668299261922
3506102,Bebedouro,1,1976,1977,2,1975,1978,42.85714285714285,98.50591715976331,1-5,77.76827650048506,78.0179914073419,0.24971490685683762,52.94129525852048,83.15930980119622,30.218014542675732,54.24192268658888,81.0425063444348,26.80058365784592,50.29358682332396,88.4804782295309,38.18689140620694
3506300,Bernardino de Campos,1,1979,1979,1,1978,1980,50.0,80.0,1-5,67.31317727941446,68.11336496741619,0.8001876880017278,59.10687027464447,71.90178610145489,12.794915826810417,59.62754111804585,71.08148944793253,11.453948329886678,55.86686329525989,73.06886719829768,17.20200390303779
3507001,Boituva,1,2012,2012,1,2011,2013,91.53,100.0,1-5,93.84252496494858,95.02170759351691,1.1791826285683271,96.40097671980813,94.63928805353468,-1.761688666273443,97.17313924412838,95.12986241188996,-2.043276832238419,92.89879849974811,93.75189769296998,0.8530991932218654
3507100,Bom Jesus dos Perdões,1,1975,1983,9,1974,1984,18.33333333333333,42.0,>10,19.944858156028353,33.135081053698066,13.190222897669713,18.685503957213538,40.8021012640661,22.116597306852565,18.95113084981901,40.29228924026109,21.341158390442082,18.40123763379465,41.73664833877068,23.335410704976027
3507100,Bom Jesus dos Perdões,2,1997,2010,14,1996,2011,40.0,80.0,>10,48.96334853090172,68.74868287740628,19.785334346504563,40.71924065110011,79.83122118652457,39.111980535424465,41.00755761338254,79.68076392096852,38.67320630758598,40.229489841962895,79.97123973245257,39.74174989048968
3507209,Borá,1,1979,1982,4,1978,1983,50.0,70.0,1-5,59.59949457005331,61.31346578140425,1.7139712113509376,52.194808728961476,61.684767304698894,9.489958575737418,52.560258851755336,61.06761757179472,8.507358720039385,51.45086100059194,64.76520599894542,13.314344998353477
3507209,Borá,2,1993,1995,3,1992,1996,65.0,66.0,1-5,64.39861396183593,65.76979093091668,1.37117696908075,64.40854888249812,63.78339800109063,-0.6251508814074924,64.33181202371007,64.40858619979237,0.07677417608229575,64.88196361645436,63.066335749829854,-1.815627866624503
3507209,Borá,3,2003,2003,1,2002,2004,62.16,77.0,1-5,67.82655638453781,68.51214486907818,0.685588484540375,74.93782928168942,80.43305658448485,5.495227302795428,75.40118238401476,80.09073778531685,4.689555401302087,70.61124364806157,80.51733925105373,9.906095602992153
3507605,Bragança Paulista,1,2000,2001,2,1999,2002,50.0,50.0,1-5,58.83474241592492,61.6895947904605,2.854852374535575,49.76463425113172,48.46411407605366,-1.3005201750780557,49.236181243593876,47.699752908561344,-1.5364283350325323,50.023485100817524,49.34081570683811,-0.6826693939794168
3507753,Brejo Alegre,1,1999,2004,6,1998,2005,85.0,99.13861386138612,6-10,108.314264893081,99.834950949462,-8.479313943619005,84.71127268462556,104.68148896468801,19.97021628006246,85.41211670472772,106.27844487679074,20.86632817206302,84.77685694988263,99.42557261184108,14.648715661958448
3508306,Cabrália Paulista,1,1988,1999,12,1987,2000,92.0,70.0,>10,80.74171664493167,73.55594661732793,-7.185770027603738,90.59818438338903,71.69426116831886,-18.903923215070165,89.47088483166662,72.31923552538619,-17.151649306280433,90.356151180753,70.3914152555377,-19.964735925215308
3508306,Cabrália Paulista,2,2001,2001,1,2000,2002,70.0,70.0,>10,73.55594661732793,72.45044353615812,-1.1055030811698145,71.69426116831886,70.01954791107674,-1.674713257242118,72.31923552538619,70.3015498686598,-2.0176856567263854,70.3914152555377,69.86366591065683,-0.5277493448808599
3508504,Caçapava,1,2011,2012,2,2010,2013,30.0,120.0,1-5,81.67902139711254,85.22312403222314,3.5441026351106046,51.09268887672488,97.74313612534675,46.65044724862187,54.98274377264127,94.81997119961875,39.83722742697748,40.235402190239064,108.39886853634049,68.16346634610142
3508603,Cachoeira Paulista,1,1981,1993,13,1980,1994,35.0,60.0,>10,40.362145680338855,48.55353779093261,8.191392110593753,35.08077111122263,59.38222826758589,24.301457156363256,35.89076333375288,58.90420490945803,23.01344157570515,34.068895480282805,59.9156303377043,25.846734857421495
3508603,Cachoeira Paulista,2,1995,2011,17,1994,2012,60.0,60.0,>10,48.55353779093261,59.085327647410296,10.531789856477687,59.38222826758589,60.014161988413754,0.6319337208278668,58.90420490945803,60.074606786937224,1.1704018774791933,59.9156303377043,60.04292449890293,0.1272941611986269
3508702,Caconde,1,1996,1996,1,1995,1997,80.0,80.0,1-5,76.71950528465777,76.98196344694331,0.2624581622855402,80.53785827908382,81.39945359560356,0.8615953165197396,80.95398170702776,81.77506240555205,0.821080698524284,79.73963388536518,79.95026259247845,0.21062870711327264
3508801,Cafelândia,1,1976,1984,9,1975,1985,40.0,60.0,6-10,70.52642931178522,72.89769902922248,2.371269717437258,44.89004173991804,66.43736259935082,21.54732085943278,45.56413052547278,66.98864674117958,21.424516215706802,41.93653210814655,63.364017560213135,21.427485452066584
3508801,Cafelândia,2,2007,2007,1,2006,2008,100.0,90.0,6-10,77.8773654358407,78.35161937932816,0.4742539434874544,91.62425629696759,94.14735779625748,2.5231014992898935,90.16701946640806,92.6244606229218,2.457441156513738,95.57080278956981,95.19328729956271,-0.3775154900070987
3508801,Cafelândia,3,2012,2012,1,2011,2013,88.0,90.0,6-10,79.06300029455933,79.53725423804677,0.4742539434874402,87.94091649714254,79.77042960036388,-8.170486896778655,87.35403919839186,79.97137278862171,-7.382666409770152,88.65535611714685,80.68068508365943,-7.974671033487425
3509502,Campinas,1,1993,1995,3,1992,1996,60.0,75.0,1-5,70.13036238323573,72.37812998246518,2.247767599229448,67.31506193044115,69.90509447211208,2.5900325416709364,68.26521125576573,69.05256487421863,0.7873536184528973,64.9243499150071,73.55975537850361,8.635405463496511
3509502,Campinas,2,2010,2010,1,2009,2011,90.37328094302552,85.0,1-5,79.6833746799609,80.80725847957564,1.123883799614731,88.85360690403253,92.6850281401689,3.8314212361363644,88.57516250123071,92.44313794768193,3.8679754464512257,89.0931528490939,91.59349021229373,2.500337363199833
3509908,Cananéia,1,1976,1982,7,1975,1983,31.25,60.0,>10,52.475051721677914,45.375246718348706,-7.099805003329209,36.86370039564331,58.20362723881088,21.339926843167568,37.40443000512494,58.075337694453964,20.670907689329027,34.351931846665316,58.781026795971236,24.42909494930592
3509908,Cananéia,2,1986,2015,30,1985,2016,60.0,10.0,>10,43.6002954675164,16.08855107961571,-27.511744387900695,60.794565506577925,10.496116325121431,-50.29844918145649,60.629135247605525,10.623130484062607,-50.00600476354292,60.55631661483436,10.166911387409485,-50.389405227424874
3510906,Cássia dos Coqueiros,1,1992,1995,4,1991,1996,65.0,75.0,1-5,64.14739845284205,63.82992630927968,-0.31747214356237663,66.42406666411763,73.99327999416757,7.569213330049934,66.61632710532535,73.50157210334659,6.885244998021236,65.92375326031345,74.70882641735716,8.785073157043712
3511003,Castilho,1,1976,1995,20,1975,1996,30.0,100.0,>10,65.8141268236554,74.22908923067925,8.41496240702385,32.11979467194667,101.69946390263524,69.57966923068858,32.63502339745216,101.1954211598876,68.56039776243544,30.620889526696825,100.43756426314668,69.81667473644985
3511300,Cedral,1,1982,1983,2,1981,1984,60.0,80.0,1-5,79.38708804521374,79.74823951361323,0.3611514683994841,62.85010475252005,76.09599009858401,13.245885346063957,64.04157768570764,75.43423360592881,11.392655920221173,60.8348884946644,78.16541371279428,17.33052521812988
3511508,Cerquilho,1,1990,1990,1,1989,1991,80.0,80.0,1-5,74.68743532895694,75.97832468516506,1.290889356208126,74.20464733472379,75.5813543297633,1.3767069950395125,73.64276919048763,75.13231846657033,1.4895492760826983,77.87984829808794,77.30348874458272,-0.5763595535052133
3512100,Colômbia,1,1992,1996,5,1991,1997,100.0,90.0,1-5,89.4058533893775,87.06431318987555,-2.3415401995019494,97.46725710930976,82.80371747985266,-14.663539629457091,95.33297606628341,84.33260186704679,-11.000374199236617,100.77926482583086,81.06838675582821,-19.71087807000265
3512308,Conchas,1,1996,1996,1,1995,1997,60.0,60.0,1-5,64.01958440042876,65.04281405917091,1.023229658742153,59.35696122614526,60.55284690424962,1.1958856781043607,59.68736598401572,61.64285665709618,1.9554906730804618,59.851506363045466,60.20016989533264,0.3486635322871763
3512506,Coroados,1,1976,1993,18,1975,1994,45.0,95.0,>10,66.21181191852702,75.21218557556486,9.00037365703784,45.29128821619928,88.38635063591752,43.095062419718246,45.50400399515257,86.89350445043736,41.38950045528479,45.06644626357494,90.9858211444792,45.919374880904265
3512605,Coronel Macedo,1,1984,2007,24,1983,2008,40.0,100.0,>10,49.58836597535725,95.2180775200496,45.629711544692356,37.81991707691084,103.08834928669118,65.26843220978034,37.40429162736765,103.81290008644211,66.40860845907446,38.78090482554337,100.3484239596587,61.56751913411534
3512803,Cosmópolis,1,1993,1995,3,1992,1996,60.0,88.23529411764706,1-5,70.14635623376724,72.04739146895632,1.9010352351890845,68.13695241552833,79.60857572221937,11.471623306691043,69.37954896769321,78.37200281058651,8.992453842893298,65.09783839808584,83.16995602869557,18.072117630609725
3512803,Cosmópolis,2,2001,2001,1,2000,2002,75.0,74.28571428571429,1-5,73.94842670414542,74.89894432173996,0.9505176175945422,77.53150818624846,75.25093671499441,-2.2805714712540492,77.64338273758425,75.80494299679819,-1.8384397407860575,76.43391022630907,74.55001218394591,-1.8838980423631568
3512803,Cosmópolis,3,2010,2010,1,2009,2011,82.6044703595724,85.0,1-5,78.22575598332085,79.17627360091541,0.9505176175945564,81.81705051774063,83.44673665658833,1.6296861388477026,81.10179276077267,82.39457899695796,1.292786236185293,82.84834599858303,85.1836763459483,2.3353303473652716
3512902,Cosmorama,1,2000,2003,4,1999,2004,70.0,82.0,1-5,81.31599030412627,80.50711278109834,-0.808877523027931,72.65268428336,89.58647621686768,16.933791933507678,73.9774504457624,90.10274499810777,16.125294552345366,70.33412739091466,87.31860498345101,16.98447759253635
3513207,Cristais Paulista,1,1991,2005,15,1990,2006,60.0,90.0,>10,91.58452747215861,88.00140778165883,-3.5831196904997853,59.915445970158586,100.4012427570199,40.485796786861314,60.112562585996514,102.264917478242,42.152354892245484,59.91400573836226,94.11437827352614,34.20037253516388
3513306,Cruzália,1,1976,1982,7,1975,1983,35.0,82.0,6-10,69.28497015386986,74.29212924680556,5.007159092935694,38.93815278947485,79.6012890584638,40.66313626898896,39.32110823510727,77.7553699591958,38.434261724088536,37.066018259582584,82.27155083143528,45.20553257185269
3513306,Cruzália,2,1992,2000,9,1991,2001,80.0,100.0,6-10,79.29928833974127,85.55823720591088,6.258948866169618,79.8322420599856,102.93109326028909,23.098851200303486,79.73967715518226,103.54625447538527,23.806577320203004,80.77472745604575,102.25198845815203,21.477261002106275
3513306,Cruzália,3,2002,2002,1,2001,2003,100.0,116.41397849462363,6-10,85.55823720591088,86.81002697914481,1.2517897732339236,102.93109326028909,108.23147119416521,5.3003779338761206,103.54625447538527,108.58266605264944,5.036411577264175,102.25198845815203,109.41743136821633,7.1654429100643
3513405,Cruzeiro,1,1989,1992,4,1988,1993,35.0,40.0,1-5,36.67686242723848,40.81126002576095,4.134397598522469,35.927773048383216,39.39042652046897,3.462653472085755,36.10988986297388,39.32617960699842,3.216289744024543,35.31298940105259,39.67755251091206,4.364563109859468
3513405,Cruzeiro,2,1996,1996,1,1995,1997,40.0,40.0,1-5,42.46501906516994,44.11877810457893,1.653759039408989,40.050139449460666,40.19741464353342,0.1472751940727548,39.975902585731234,40.14081941413257,0.16491682840133848,40.09703241408349,40.05082847655284,-0.04620393753065599
3513405,Cruzeiro,3,1998,1998,1,1997,1999,40.0,40.0,1-5,44.11877810457893,45.77253714398792,1.653759039408989,40.19741464353342,40.11379942826712,-0.083615215266299,40.14081941413257,39.99481937397392,-0.1460000401586541,40.05082847655284,40.00704269042338,-0.04378578612945461
3513405,Cruzeiro,4,2007,2007,1,2006,2008,39.76190476190476,39.76190476190476,1-5,51.56069378191937,53.21445282132836,1.653759039408989,39.44742202588784,42.47907844822874,3.0316564223409017,40.19285934031946,43.78081797666377,3.587958636344311,39.01515145524988,39.64800311426617,0.6328516590162891
3513850,Dirce Reis,1,1997,2006,10,1996,2007,75.0,60.0,6-10,80.04112492436728,79.89096269217158,-0.15016223219569724,73.39606639416013,70.44482446836325,-2.9512419257968787,74.10373173885704,73.4439938541562,-0.6597378847008315,73.49622025079223,62.834759766587915,-10.66146048420432
3513850,Dirce Reis,2,2008,2008,1,2007,2009,60.0,80.0,6-10,79.89096269217158,79.863660468136,-0.027302224035580025,70.44482446836325,82.11226678696826,11.667442318605012,73.4439938541562,81.68020312334195,8.23620926918575,62.834759766587915,83.7096200060666,20.874860239478686
3514304,Dourado,1,1978,1984,7,1977,1985,75.0,60.0,6-10,69.97248487570346,71.66319443184788,1.6907095561444265,71.7279125912416,69.13117008112991,-2.596742510111696,69.42060048825046,70.74275170535816,1.3221512171077023,75.29867706525437,62.952072686657935,-12.346604378596432
3514403,Dracena,1,2000,2003,4,1999,2004,70.0,80.0,1-5,76.4536698651474,77.37322097089944,0.9195511057520349,78.16214512267825,90.9292536607446,12.767108538066353,82.89003797934436,93.49426009363218,10.604222114287822,68.76852096893339,84.86789793141102,16.099376962477635
3514502,Duartina,1,1988,1997,10,1987,1998,95.0,70.0,6-10,82.73336198210762,80.48665312176699,-2.2467088603406324,95.4817516239377,71.49933831460609,-23.982413309331605,93.58161846553837,72.2306837511309,-21.350934714407472,94.87309496899277,70.48468253610187,-24.388412432890902
3514502,Duartina,2,2000,2001,2,1999,2002,70.0,70.4,6-10,80.28240686173604,79.66966808164314,-0.6127387800928972,69.98904176943535,70.71865200216841,0.7296102327330658,70.85206948903691,71.58873489654103,0.7366654075041197,69.50420361097791,69.69224853432242,0.1880449233445063
3514700,Echaporã,1,1976,1981,6,1975,1982,20.0,70.0,6-10,60.42188661767703,62.773107864330946,2.351221246653914,23.80254800085034,62.79393048475699,38.99138248390665,24.015504999840054,61.83543816831465,37.8199331684746,22.556795044651512,66.12574424801794,43.56894920336643
3514908,Elias Fausto,1,1994,1994,1,1993,1995,77.77777777777777,70.0,1-5,73.24463195313824,74.16697725903042,0.9223453058921791,69.84994578350805,77.36408804826753,7.514142264759485,70.09967005734414,77.80548167795821,7.705811620614071,71.2432900406511,73.74360500454623,2.5003149638951214
3515129,Emilianópolis,1,1995,2002,8,1994,2003,80.0,88.0,6-10,86.08481920637729,88.6851202318493,2.6003010254720067,81.7698995933511,95.0930721322221,13.323172538871006,82.45365598094274,96.19569877445333,13.742042793510592,80.1494208978239,89.62648181156112,9.477060913737219
3515301,Estrela do Norte,1,1995,1995,1,1994,1996,80.0,80.0,1-5,57.31228076005059,59.323538933508374,2.011258173457783,83.08994306848334,70.19217690941626,-12.897766159067075,81.82777857601326,69.24477002280872,-12.583008553204536,82.23490004468528,75.28532092376295,-6.949579120922323
3515301,Estrela do Norte,2,1997,2000,4,1996,2001,80.0,30.0,1-5,59.323538933508374,64.35168436715283,5.028145433644454,70.19217690941626,42.898731147649784,-27.293445761766478,69.24477002280872,46.34156266963231,-22.903207353176413,75.28532092376295,34.8727023002212,-40.41261862354175
3515350,Euclides da Cunha Paulista,1,2004,2005,2,2003,2006,50.0,70.0,1-5,62.87390370906381,64.52865099970906,1.654747290645247,54.83046501781611,65.11364518414005,10.283180166323945,56.11284371226799,64.91195878731101,8.79911507504302,53.06020442400303,67.2319435631444,14.171739139141366
3515350,Euclides da Cunha Paulista,2,2009,2009,1,2008,2010,70.0,70.0,1-5,65.63181586013923,66.73498072056938,1.1031648604301552,70.85632295518114,75.2128975870329,4.356574631851757,70.60985526386885,74.89406718731033,4.284211923441475,70.09750302276235,72.67340740042606,2.5759043776637043
3515400,Fartura,1,1982,1989,8,1981,1990,35.0,65.0,>10,62.4387847182264,66.9202088089186,4.481424090692201,35.26428395361624,73.52749088921563,38.263206935599385,35.926190183875875,73.77425626986856,37.848066085992684,34.871635370988386,69.86437552957887,34.99274015859048
3515400,Fartura,2,2000,2000,1,1999,2001,65.0,58.0,>10,71.4016328996108,72.39750491976461,0.9958720201538114,62.477539725546976,61.35785535539696,-1.1196843701500185,63.080916381068995,62.68911229294819,-0.39180408812080714,63.38449916023754,59.272226215790404,-4.112272944447135
3515400,Fartura,3,2002,2012,11,2001,2013,58.0,90.4,>10,72.39750491976461,78.37273704068755,5.975232120922939,61.35785535539696,96.1687050201698,34.81084966477284,62.68911229294819,96.09397960470248,33.404867311754295,59.272226215790404,94.55563883898877,35.283412623198366
3515806,Flora Rica,1,1993,2000,8,1992,2001,56.0,70.0,6-10,77.93003207825672,74.96603582177583,-2.9639962564808826,52.95220857213203,87.18315980136049,34.23095122922846,52.72703322527911,87.17494167429484,34.447908449015735,55.265675850986504,84.75121359201674,29.485537741030235
3516804,Gastão Vidigal,1,2001,2003,3,2000,2004,66.0,85.0,1-5,81.38580564727673,82.33108110959296,0.945275462316232,68.82889584091116,96.07474767139395,27.245851830482792,70.57737870006383,97.04136741980805,26.463988719744222,68.38730892254078,91.71173137993742,23.324422457396636
3516804,Gastão Vidigal,2,2005,2005,1,2004,2006,85.0,125.0,1-5,82.33108110959296,82.80371884075107,0.472637731158116,96.07474767139395,111.97203276194014,15.897285090546191,97.04136741980805,110.52654994316956,13.485182523361502,91.71173137993742,115.46634103944204,23.754609659504624
3517000,Getulina,1,2007,2007,1,2006,2008,80.0,79.81020408163265,1-5,76.50261212496264,76.21967165006878,-0.28294047489386287,79.05340810782064,82.06304833554891,3.0096402277282692,78.75929053794331,81.20551729575895,2.446226757815637,79.9894770857283,83.04631183442694,3.0568347486986482
3517000,Getulina,2,2012,2012,1,2011,2013,80.0,80.0,1-5,75.795260937728,75.51232046283414,-0.28294047489386287,80.41290294307287,76.49576133987775,-3.9171416031951196,79.9815183637107,76.73019109802718,-3.2513272656835284,80.71840125023527,76.5031730170759,-4.21522823315938
3517208,Guaiçara,1,2007,2007,1,2006,2008,76.0,70.0,1-5,77.91650064075287,77.52643724349741,-0.39006339725546013,79.92476446820099,81.18340521413292,1.2586407459319275,80.50245033555507,81.4947876612646,0.9923373257095278,76.34555591258041,79.39607994501972,3.050524032439313
3517208,Guaiçara,2,2012,2012,1,2011,2013,80.0,80.0,1-5,76.94134214761422,76.55127875035876,-0.39006339725546013,82.08095145409094,80.34606422336118,-1.734887230729754,81.84615838103672,80.20103752841122,-1.645120852625496,81.92152060949589,79.54631095332294,-2.3752096561729417
3517307,Guaimbê,1,2000,2005,6,1999,2006,80.0,100.0,6-10,68.8306989244328,71.03433002314978,2.2036310987169827,80.40661484308247,94.82622935383078,14.419614510748318,80.76234747234312,95.09395921491834,14.33161174257522,81.41164177028972,95.65027639107426,14.238634620784538
3517307,Guaimbê,2,2007,2007,1,2006,2008,100.0,80.0,6-10,71.03433002314978,71.66393890849749,0.6296088853477073,94.82622935383078,95.43448493015988,0.6082555763290998,95.09395921491834,95.63935463784433,0.5453954229259921,95.65027639107426,90.91205472551003,-4.738221665564225
3517307,Guaimbê,3,2012,2012,1,2011,2013,100.0,100.0,6-10,72.60835223651905,73.23796112186676,0.6296088853477073,93.05854027483312,80.1113087295376,-12.947231545295523,90.69934034865761,78.89062265710811,-11.808717691549504,99.33377404564384,84.63079292673511,-14.702981118908724
3517406,Guaíra,1,1977,1978,2,1976,1979,36.0,91.6751592356688,1-5,84.5580267234551,84.88209940765759,0.32407268420249125,44.61680901950359,81.83852877170082,37.22171975219723,48.59647782473574,79.84101942757259,31.244541602836847,38.344754129529534,87.30281195316861,48.95805782363908
3517802,Guaraçaí,1,1981,1984,4,1980,1985,40.0,80.0,1-5,89.154531491239,87.44572804098487,-1.7088034502541234,41.89447754020198,78.05199857209962,36.15752103189764,43.14737706755799,77.18345512746374,34.036078059905755,40.31309543929682,79.87007726733786,39.55698182804104
3517901,Guaraci,1,1981,1987,7,1980,1988,90.0,93.2,6-10,87.2719949163543,85.87675042108899,-1.3952444952653167,83.00062351762931,93.53268935429058,10.532065836661275,82.29667509726198,93.44431064191247,11.147635544650484,85.45060626934897,92.49820733647769,7.047601067128724
3518107,Guarantã,1,1976,1981,6,1975,1982,40.0,50.0,6-10,56.30188215788014,59.121096748441715,2.819214590561579,44.921602814911935,51.44906411576362,6.527461300851684,45.2219769948769,51.22711811267419,6.005141117797294,42.51967788881185,50.61814870619551,8.098470817383664
3518107,Guarantã,2,1988,1989,2,1987,1990,50.0,70.0,6-10,61.1348214559857,62.343056280512094,1.208234824526393,56.87771498522854,69.77636661746946,12.89865163224092,58.240238147973415,69.05832196948435,10.818083821510939,52.29464660294376,70.63862448292602,18.343977879982262
3518107,Guarantã,3,1992,1994,3,1991,1995,80.0,78.0,6-10,62.745801222020894,64.35678098805609,1.610979766035193,73.7961794562507,77.63642293376171,3.8402434775110095,72.31090886188824,76.70297880537018,4.392069943481943,77.13308946062838,79.09308911469402,1.9599996540656406
3518107,Guarantã,4,1997,1997,1,1996,1998,78.0,70.0,6-10,64.75952592956487,65.56501581258247,0.8054898830176,76.3734728534938,72.80088480988441,-3.572588043609386,76.17152481901996,74.39215452736286,-1.7793702916571021,76.88002216866231,70.5797869041957,-6.3002352644666075
3518107,Guarantã,5,1999,2005,7,1998,2006,70.0,75.0,6-10,65.56501581258247,68.78697534465284,3.221959532070372,72.80088480988441,77.35803894037548,4.557154130491071,74.39215452736286,79.54802429805403,5.155869770691169,70.5797869041957,72.47342003896637,1.893633134770667
3518305,Guararema,1,1989,1993,5,1988,1994,20.0,40.0,>10,48.793039076771784,49.72834223517266,0.9353031584008775,35.8506555143805,36.580200380176784,0.7295448657962851,37.880236902030354,35.46020193581437,-2.4200349662159866,29.08920916833751,38.66401892163467,9.57480975329716
3518305,Guararema,2,1996,2000,5,1995,2001,40.0,20.0,>10,49.88422609490614,50.819529253307024,0.9353031584008846,35.88406472521696,26.25563729882705,-9.628427426389909,34.67372628956695,28.76253498089799,-5.911191308668961,38.79985558076984,21.89061326283289,-16.909242317936947
3518305,Guararema,3,2002,2016,15,2001,2017,20.0,120.0,>10,50.819529253307024,53.3136710090427,2.4941417557356758,26.25563729882705,83.75363423356023,57.49799693473318,28.76253498089799,78.30332841691914,49.540793436021154,21.89061326283289,99.6029433494705,77.7123300866376
3518404,Guaratinguetá,1,1982,1982,1,1981,1983,30.335051546391757,70.0,>10,51.54007788844703,51.34328805300486,-0.19678983544216777,39.99980480196283,50.26997924906654,10.270174447103706,41.50157845361349,50.80492098710909,9.303342533495602,37.806552929595654,53.31900873040941,15.512455800813754
3518404,Guaratinguetá,2,1990,1990,1,1989,1991,85.0,50.0,>10,50.75291854667837,50.55612871123621,-0.19678983544216067,74.41606246779533,65.69789421424845,-8.718168253546878,72.23109698031539,65.9537704875784,-6.277326492736989,79.44750375498862,61.21111490037318,-18.236388854615434
3518404,Guaratinguetá,3,1996,1996,1,1995,1997,60.0,30.0,>10,50.162549040351884,49.965759204909716,-0.19678983544216777,53.52004601850643,50.55775713395832,-2.9622888845481086,54.44941099007945,51.87981883572876,-2.569592154350687,54.123208299014316,45.03136709172163,-9.091841207292688
3518404,Guaratinguetá,4,2000,2020,21,1999,2021,60.0,60.0,>10,49.768969369467555,47.60428117960375,-2.164688189863803,55.71935973393749,53.09838627220668,-2.620973461730806,54.72693864887379,49.978275224820415,-4.748663424053376,59.30141231571568,57.16849018985164,-2.1329221258640416
3518404,Guaratinguetá,5,2022,2022,1,2021,2023,60.0,22.125,>10,47.60428117960375,47.40749134416159,-0.19678983544216067,53.09838627220668,30.83389215755601,-22.26449411465067,49.978275224820415,31.414378785784184,-18.56389643903623,57.16849018985164,28.57111509296822,-28.597375096883418
3518503,Guareí,1,1982,1987,6,1981,1988,63.0,120.0,6-10,100.6140307542629,96.39452534751814,-4.219505406744759,65.27512262557286,111.51009955085183,46.23497692527897,66.58703325119063,109.4285946978626,42.84156144667196,63.543415552051684,116.33145181071724,52.78803625866556
3518503,Guareí,2,1992,2000,9,1991,2001,103.2989840348331,82.64462809917356,6-10,94.58616588748467,88.55830102070645,-6.027864866778216,107.84977516072726,87.89658076806235,-19.953194392664912,108.9059757472934,88.30288646850634,-20.603089278787053,104.43447794767665,87.70172037934503,-16.73275756833162
3518909,Guzolândia,1,1988,1989,2,1987,1990,80.0,95.19602977667492,1-5,86.95930239214509,85.42836585147992,-1.5309365406651665,78.68135926089434,88.73034461650909,10.048985355614747,79.55573486784132,86.90322358770857,7.347488719867243,78.81573209809025,95.55620121730627,16.740469119216016
3519055,Holambra,1,1996,2000,5,1995,2001,73.0,80.0,1-5,69.09221691858914,81.06463992120311,11.972423002613965,71.88197364517482,83.56316553137943,11.681191886204601,71.69412740750028,85.43910139298245,13.744973985482176,72.69278418611033,79.96068598539401,7.267901799283678
3519071,Hortolândia,1,2000,2000,1,1999,2001,60.0,60.0,1-5,59.84855007561991,60.44535401301571,0.5968039373957978,60.027036277051266,60.030375159215566,0.0033388821643001165,60.03122433674719,59.98100288489015,-0.05022145185703408,60.0032996804897,60.00444503339141,0.0011453529017160236
3519071,Hortolândia,2,2010,2010,1,2009,2011,60.0,60.0,1-5,62.83256976259891,63.429373699994706,0.5968039373957978,59.0836305314204,60.92058774022807,1.836957208807675,59.599771974309924,61.94522639474859,2.3454544204386636,59.222972423276275,58.790624588339426,-0.4323478349368486
3519204,Iacri,1,1980,1992,13,1979,1993,19.3,55.0,>10,47.41926790797304,56.92756469873422,9.508296790761186,19.456206681436075,50.14657086225444,30.690364180818367,19.473882426646217,49.268359773888186,29.79447734724197,19.360747583405896,52.659831464224915,33.29908388081902
3519253,Iaras,1,1994,1994,1,1993,1995,70.0,75.0,6-10,83.65466720370559,83.2292316987212,-0.4254355049843923,71.09343533985695,73.71828208444988,2.6248467445929293,71.56137611757107,73.53185156509187,1.9704754475207977,70.3763170943567,74.09363179006311,3.7173146957064205
3519253,Iaras,2,1998,2003,6,1997,2004,75.0,80.0,6-10,82.8037961937368,81.31477192629141,-1.4890242674453873,75.25388842379738,76.18803317436208,0.9341447505646983,74.7109212351829,76.7670310021186,2.0561097669357054,75.70677794085303,78.32045391582939,2.61367597497636
3519253,Iaras,3,2005,2006,2,2004,2007,80.0,75.0,6-10,81.31477192629141,80.67661866881483,-0.6381532574765885,76.18803317436208,79.40840873259087,3.2203755582287954,76.7670310021186,81.68733596568447,4.920304963565869,78.32045391582939,74.59938538499217,-3.721068530837215
3519808,Icém,1,1980,1981,2,1979,1982,77.2,80.0,1-5,78.22396214649292,78.6955396197044,0.47157747321148236,83.50269632941978,86.52524017348665,3.022543844066874,83.13929537372995,86.22520752207991,3.085912148349962,80.05976988132677,85.64999398158206,5.590224100255284
3520202,Igaratá,1,1978,1982,5,1977,1983,40.0,40.0,>10,43.43081232492995,42.23596638655461,-1.1948459383753445,48.038352432417774,41.3757235969673,-6.662628835450477,47.220116460174665,41.58955269667855,-5.630563763496113,48.345338721366716,40.11187122141372,-8.233467499952994
3520202,Igaratá,2,1998,2012,15,1997,2013,40.0,40.0,>10,39.44799253034546,36.261736694677865,-3.1862558356675947,40.167165443006496,39.9846438586198,-0.18252158438669852,40.36147893155892,39.99083140993427,-0.3706475216246474,39.807241547119716,39.99771079884115,0.19046925172143148
3520509,Indaiatuba,1,2000,2001,2,1999,2002,80.0,80.0,1-5,84.72487945684229,84.23194786639274,-0.49293159044954393,79.32456221720399,80.51525877051434,1.190696553310346,80.15594984875186,81.26799024510822,1.1120403963563632,79.36296598021164,79.06724116434545,-0.29572481586619404
3520608,Indiana,1,1995,2007,13,1994,2008,40.0,90.0,>10,64.07254234486969,69.13189968370565,5.059357338835966,44.88619824195045,88.00662535507905,43.1204271131286,47.04594952246156,85.8256240020293,38.77967447956774,40.36307857976534,90.8555175481788,50.49243896841345
3520707,Indiaporã,1,1996,2002,7,1995,2003,80.0,70.0,6-10,78.12009747526517,78.49622649402811,0.37612901876293847,82.02677249807634,70.04694086932531,-11.979831628751029,83.66253047874648,70.34509120842651,-13.317439270319966,78.00819904927182,69.37831195063505,-8.629887098636772
3520707,Indiaporã,2,2005,2006,2,2004,2007,70.0,80.0,6-10,78.54324262137348,78.68429100340957,0.1410483820360895,70.85098373754242,71.69269480252288,0.8417110649804584,70.53536030175216,70.88576386321732,0.35040356146515705,71.91754871238265,76.0898375774284,4.1722888650457435
3521002,Iperó,1,2012,2012,1,2011,2013,75.0,79.94388327721661,1-5,80.23662101119963,79.86102103832954,-0.3755999728700914,78.50712021820125,79.00647675911748,0.4993565409162244,78.86824685610294,79.20389514198845,0.33564828588551165,76.64030718136318,78.7856281796439,2.1453209982807095
3521002,Iperó,2,2018,2018,1,2017,2019,79.94388327721661,79.94333333333333,1-5,79.10982109258937,78.73422111971928,-0.3755999728700914,79.74805521518716,79.59988309662137,-0.14817211856579604,79.59351805299174,79.60462161416625,0.011103561174508059,80.03477986743273,79.89736862346889,-0.13741124396383952
3521200,Iporanga,1,1976,1986,11,1975,1987,30.0,30.0,>10,31.179955563087233,33.95479372611045,2.774838163023219,30.02956631210241,29.82465852868515,-0.20490778341726212,29.990014354033573,29.413611170298292,-0.5764031837352803,30.002668350618997,30.027026183654087,0.024357833035089982
3521200,Iporanga,2,1997,2009,13,1996,2010,40.0,100.0,>10,36.03592234837786,39.27323353857161,3.2373111901937506,41.413146493085684,77.19597840930938,35.78283191622369,41.18789671276729,74.16840882585451,32.98051211308722,41.92521822360386,85.66921212121451,43.74399389761065
3521200,Iporanga,3,2012,2012,1,2011,2013,50.0,50.0,>10,39.50447005215688,39.966943079327415,0.46247302717053174,69.3116933366454,56.136863463741015,-13.17482987290439,68.45706415578911,57.07873713728197,-11.378327018507143,66.22944187772224,50.64347075968038,-15.585971118041854
3521606,Irapuru,1,1995,2001,7,1994,2002,70.0,124.90090090090092,6-10,85.8450217329919,83.61397503531101,-2.231046697680881,71.17118986693463,112.32119442573627,41.15000455880164,70.14190605258429,110.04505191994829,39.903145867364,73.07892636397965,120.16547356051926,47.08654719653961
3522000,Itaju,1,1983,1994,12,1982,1995,65.0,90.0,>10,78.3422744185677,79.68225146274061,1.3399770441729117,67.24747082530699,91.81564442297758,24.568173597670594,68.57076054694218,92.22700413463076,23.65624358768858,64.41159296157682,89.66255212655176,25.250959164974944
3522000,Itaju,2,2000,2000,1,1999,2001,100.0,80.0,>10,80.09455209171689,80.30070240620503,0.20615031448814136,93.62797333502476,87.68964498782174,-5.938328347203026,92.90120219381383,88.7475740885941,-4.153628105219724,96.22138520423468,84.00096330859563,-12.22042189563905
3522307,Itapetininga,1,1993,1993,1,1992,1994,70.0,66.7,1-5,73.79927352002798,74.24117628553635,0.4419027655083738,69.01140539168279,66.98105421603007,-2.0303511756527115,69.21497493124984,67.81720447598843,-1.3977704552614085,68.77319697670045,66.01766554203104,-2.7555314346694075
3522406,Itapeva,1,1981,1984,4,1980,1985,28.0,60.0,1-5,51.37656948879163,55.30718663358691,3.930617144795278,34.37879641797354,59.14455877237827,24.76576235440473,36.15722715188677,58.94662674625939,22.789399594372618,31.238505642141043,58.862160069744256,27.623654427603213
3522406,Itapeva,2,2014,2014,1,2013,2015,90.0,80.0,1-5,77.31864264444049,78.89088950235859,1.5722468579181026,70.74850385084939,78.11657799124258,7.36807414039319,70.5729876312825,76.42821204311453,5.855224411832026,79.85818485445039,83.43402458139641,3.575839726946029
3522653,Itapirapuã Paulista,1,1997,2013,17,1996,2014,50.0,81.2,>10,52.2942165101335,59.10894710825509,6.814730598121585,51.393188294949944,70.5806760151346,19.187487720184656,51.745895652634,68.98108357500568,17.235187922371686,50.6407333477257,75.18666855552596,24.545935207800255
3522802,Itaporanga,1,1981,2006,26,1980,2007,35.0,100.0,>10,43.32880657916348,66.76309705782035,23.434290478656862,38.6063820665133,91.88928656823792,53.28290450172462,39.37009215894679,89.65145761181704,50.28136545287025,36.82490215852346,95.39975985803136,58.5748576995079
3522802,Itaporanga,2,2009,2009,1,2008,2010,80.0,80.0,>10,67.63103374221505,69.36690711100445,1.7358733687893988,86.16570676303907,74.75304060979569,-11.412666153243379,84.98425274467306,75.08458274799924,-9.899669996673822,86.5230566580675,74.99235310175281,-11.530703556314691
3522802,Itaporanga,3,2016,2017,2,2015,2018,70.0,70.0,>10,73.70659053297794,76.31040058616205,2.6038100531841053,64.99965393168769,69.65024970425053,4.650595772562838,64.80666351408367,68.14767373558385,3.3410102215001842,67.6453692625815,70.63617464776293,2.9908053851814316
3523008,Itapura,1,2001,2004,4,2000,2005,100.0,99.00233644859811,1-5,102.77100733889797,96.49414893877147,-6.2768584001265,99.99234974012377,96.18870613508903,-3.803643605034736,100.20593631093797,96.48374300971338,-3.7221933012245927,100.12112156873722,95.71090949189768,-4.410212076839542
3523206,Itararé,1,1985,1985,1,1984,1986,30.0,30.0,>10,38.2601696836813,39.99973767287109,1.7395679891897942,29.569775674758993,30.31905288644967,0.749277211690675,29.27893122896911,30.337531810526855,1.0586005815577444,30.05561277198481,29.89826069354461,-0.15735207844019783
3523206,Itararé,2,1987,2009,23,1986,2010,30.0,60.0,>10,39.99973767287109,60.87455354314861,20.874815870277516,30.31905288644967,67.96854112675162,37.64948824030195,30.337531810526855,68.3032636884111,37.96573187788425,29.89826069354461,65.03229920009119,35.134038506546574
3523206,Itararé,3,2012,2017,6,2011,2018,80.0,70.0,>10,61.744337537743505,67.83282549990778,6.08848796216428,70.76426176510431,71.03335212551924,0.2690903604149355,70.12505037384202,70.9608284204015,0.8357780465594828,74.27440584034304,71.15414880996032,-3.1202570303827173
3523404,Itatiba,1,1985,2007,23,1984,2008,50.0,80.0,>10,52.99163574801905,60.639165339559305,7.6475295915402555,50.24340020079029,81.04925157662677,30.805851375836482,50.406343674361075,81.90453539925117,31.4981917248901,50.28553888921806,79.82282957348441,29.537290684266353
3523503,Itatinga,1,1992,2006,15,1991,2007,60.0,60.0,>10,63.75180812165534,71.19821433990688,7.446406218251546,59.01257109312295,58.552773824737955,-0.459797268384996,58.98759563323925,58.02657396050254,-0.9610216727367131,59.77104268520303,59.94193498088159,0.1708922956785628
3523800,Itobi,1,1976,1979,4,1975,1980,59.02777777777778,60.0,1-5,69.13905493936507,71.09658218734538,1.957527247980309,57.162920878103876,62.742128957310186,5.57920807920631,57.436566107897406,66.1566627796314,8.720096671733998,57.894741584207935,56.66450487323046,-1.2302367109774721
3523800,Itobi,2,1986,1987,2,1985,1988,100.0,70.0,1-5,73.05410943532569,74.22862578411387,1.1745163487881882,91.26332624805124,78.23018509280753,-13.033141155243712,87.7690274044049,78.72753787843243,-9.041489525972466,98.09224471204173,74.47919111106795,-23.613053600973785
3523909,Itu,1,1996,1996,1,1995,1997,80.0,65.0,1-5,69.06455782687047,69.95503789125412,0.8904800643836523,77.09953836440437,70.17620761064968,-6.9233307537546835,78.31879739234216,71.67238126036733,-6.646416131974831,76.20228815461626,67.16629385641824,-9.03599429819802
3524006,Itupeva,1,1984,1984,1,1983,1985,70.0,50.0,1-5,52.86336685354662,54.053173801436195,1.189806947889572,57.47011494510173,54.22430348957568,-3.245811455526045,56.19688699358341,53.97414823908332,-2.2227387545000923,62.54144109491216,54.213500628598446,-8.327940466313713
3524006,Itupeva,2,1992,1994,3,1991,1995,50.0,75.0,1-5,57.6225946451049,60.002208540884034,2.379613895779137,52.331985807823585,57.59652580301269,5.264539995189104,52.018826816976336,56.21795311071794,4.199126293741607,52.75944368938578,64.15346185436503,11.39401816497925
3524006,Itupeva,3,2021,2023,3,2020,2024,50.0,50.0,1-5,74.87479538950365,77.25440928528278,2.37961389577913,51.5261919372459,57.82226364155519,6.296071704309291,55.80837420713304,58.030517711779666,2.222143504646624,45.77050521383649,56.05462354133149,10.284118327494994
3524402,Jacareí,1,1994,1998,5,1993,1999,60.0,69.0,1-5,45.66657229408199,45.689619359609324,0.023047065527336486,54.04579240590991,59.33689442225093,5.291102016341021,53.58021544243953,56.07492342507431,2.494707982634779,55.14680997694412,66.89397002682541,11.747160049881295
3524402,Jacareí,2,2000,2000,1,1999,2001,69.0,50.0,1-5,45.689619359609324,45.6973017147851,0.0076823551757740915,59.33689442225093,48.318272559832344,-11.018621862418584,56.07492342507431,48.07888603933211,-7.9960373857421985,66.89397002682541,48.74253555099484,-18.151434475830577
3524402,Jacareí,3,2002,2002,1,2001,2003,50.0,25.0,1-5,45.6973017147851,45.70498406996087,0.0076823551757740915,48.318272559832344,36.494877332131644,-11.8233952277007,48.07888603933211,39.41479077461588,-8.66409526471623,48.74253555099484,28.893215394819332,-19.849320156175505
3524402,Jacareí,4,2004,2008,5,2003,2009,25.0,40.0,1-5,45.70498406996087,45.72803113548821,0.023047065527336486,36.494877332131644,37.045091889765715,0.5502145576340709,39.41479077461588,37.524372027479224,-1.890418747136657,28.893215394819332,38.12818301431357,9.234967619494238
3524402,Jacareí,5,2013,2017,5,2012,2018,40.0,50.0,1-5,45.73955466825187,45.762601733779206,0.023047065527336486,41.805289155568914,49.99109842457997,8.185809269011052,41.76433434540717,49.59305356990426,7.828719224497085,40.86032694352018,49.75802749152973,8.897700548009553
3524501,Jaci,1,1990,1992,3,1989,1993,75.0,60.0,6-10,81.88268003943608,84.16614367235934,2.283463632923258,73.01379813230395,62.66475582243192,-10.349042309872026,72.70026291995279,65.3273035014191,-7.372959418533696,73.93769788125039,60.98772766024418,-12.949970221006204
3524501,Jaci,2,1994,1999,6,1993,2000,60.0,80.0,6-10,84.16614367235934,88.16220502997504,3.9960613576157016,62.66475582243192,84.90501596195381,22.240260139521887,65.3273035014191,90.38304632352457,25.055742822105472,60.98772766024418,77.96357384957349,16.97584618932931
3524501,Jaci,3,2001,2003,3,2000,2004,80.0,110.0,6-10,88.16220502997504,90.4456686628983,2.283463632923258,84.90501596195381,124.98034245284721,40.0753264908934,90.38304632352457,124.32184829819683,33.93880197467226,77.96357384957349,114.82542667027148,36.86185282069799
3524600,Jacupiranga,1,1975,1982,8,1974,1983,40.0,86.0,>10,88.37089649198786,77.38847986141185,-10.982416630576012,40.69730728601835,84.40279141118994,43.70548412517159,41.32601282191219,84.1675582696065,42.841545447694315,40.13195111086399,85.287384115551,45.15543300468702
3524600,Jacupiranga,2,1990,1994,5,1989,1995,86.0,50.0,>10,70.06686877436118,62.74525768731051,-7.32161108705067,82.94847172124668,53.39251568416982,-29.555956037076854,82.27646152775769,54.056677903071034,-28.219783624686656,84.51337749132892,52.10860631318673,-32.40477117814219
3524600,Jacupiranga,3,1997,2017,21,1996,2018,50.0,20.0,>10,61.524989172802066,34.67908185361627,-26.845907319185798,48.662356128459784,24.503719935256182,-24.158636193203602,49.425065742015875,25.0709231022274,-24.354142639788474,48.45552790256014,22.67688275507318,-25.778645147486962
3524808,Jales,1,1993,1993,1,1992,1994,80.0,60.0,6-10,77.04949419630682,77.86943279956806,0.8199386032612352,76.19342148644711,71.51075931211705,-4.682662174330062,76.13618761033038,72.89173932531925,-3.2444482850111314,76.36686923495628,66.4485187764655,-9.918350458490778
3524808,Jales,2,2000,2006,7,1999,2007,80.0,60.0,6-10,79.91927930772115,83.1990337207661,3.279754413044941,77.62065721325247,80.75813894825487,3.137481735002396,77.16214845234404,83.5890467613759,6.426898309031856,78.94479729597394,69.40652017702068,-9.53827711895326
3524808,Jales,3,2008,2008,1,2007,2009,60.0,107.3,6-10,83.1990337207661,84.01897232402733,0.8199386032612352,80.75813894825487,91.98786687641238,11.229727928157516,83.5890467613759,90.55972863215703,6.970681870781135,69.40652017702068,98.44379248297906,29.037272305958382
3525508,Joanópolis,1,1983,1986,4,1982,1987,40.0,50.0,1-5,49.217449867057724,48.18798224822381,-1.0294676188339125,42.981213539211026,48.096001917078645,5.114788377867619,44.25777222563673,48.07929059969119,3.821518374054463,40.403522363260045,49.013671717202016,8.61014935394197
3525508,Joanópolis,2,2000,2001,2,1999,2002,40.0,42.0,1-5,45.71725996302242,45.099579391722074,-0.6176805713003475,40.95161208211653,40.31737249586226,-0.6342395862542745,41.41000592048176,40.104950145202714,-1.305055775279044,39.82665478633148,40.98549384818421,1.1588390618527313
3525706,José Bonifácio,1,1979,1979,1,1978,1980,50.0,130.0,1-5,77.42168876111873,77.71827172037126,0.2965829592525324,72.52365656279386,92.78082227523136,20.257165712437498,72.67346304099173,88.30819940650109,15.634736365509355,66.82842875820924,107.4989462219442,40.67051746373495
3525706,José Bonifácio,2,1993,1993,1,1992,1994,80.0,100.0,1-5,79.49776947588641,79.79435243513893,0.2965829592525182,82.83502603536921,94.85704154944227,12.022015514073061,81.97629426031772,93.01664937077896,11.040355110461249,84.42166441194873,97.16497805606001,12.743313644111282
3525805,Júlio Mesquita,1,1998,2006,9,1997,2007,80.0,100.0,6-10,70.28506914276868,69.41778050185508,-0.8672886409135998,76.17472939958616,74.90747556904981,-1.2672538305363474,74.92942115138993,72.83391373588869,-2.0955074155012454,78.60971301686058,83.77852206190437,5.168809045043787
3525805,Júlio Mesquita,2,2010,2010,1,2009,2011,50.0,80.0,6-10,69.24432277367235,69.07086504548963,-0.17345772818272565,65.2773038580902,64.7301462570413,-0.5471576010489088,66.662157052903,65.54250561411259,-1.119651438790413,57.90031841642334,65.43688730669575,7.536568890272413
3525805,Júlio Mesquita,3,2019,2023,5,2018,2024,70.0,75.0,6-10,68.46376299685011,67.94338981230194,-0.5203731845481627,70.08623786520485,69.5472713768453,-0.5389664883595486,69.767644532108,69.25381554081771,-0.513828991290282,70.16533161865418,71.73531915910237,1.5699875404481958
3525904,Jundiaí,1,1976,1976,1,1975,1977,40.0,40.0,6-10,51.383324176711255,51.715223864417396,0.33189968770614087,39.773721885018965,41.244060520693715,1.47033863567475,39.57222833267423,41.27073923618864,1.6985109035144106,39.732415369376604,40.546251595613285,0.8138362262366812
3525904,Jundiaí,2,1992,2001,10,1991,2002,61.71428571428572,50.0,6-10,54.038521678360375,55.86396996074414,1.8254482823837677,66.29998415391941,49.87328671793629,-16.426697435983122,67.66820767884548,50.20130177472678,-17.466905904118697,61.804142345587685,49.80746625118425,-11.996676094403433
3525904,Jundiaí,3,2009,2009,1,2008,2010,50.0,60.0,6-10,56.85966902386256,57.1915687115687,0.33189968770614087,52.5734239919137,57.594718193105784,5.0212942011920845,52.67786908052159,56.78977429560975,4.111905215088164,51.556101667706706,59.10531510160639,7.549213433899681
3526308,Lagoinha,1,1981,1982,2,1980,1983,40.0,80.0,>10,53.04235531604275,54.06729989366112,1.0249445776183705,51.54656987493415,72.54248249930684,20.995912624372693,53.56305366863684,70.22062509066323,16.657571422026393,44.97226376720991,76.14585615996916,31.173592392759247
3526308,Lagoinha,2,1987,1987,1,1986,1988,80.0,40.0,>10,55.09224447127949,55.775540856358404,0.6832963850789113,70.54613183060073,53.32136730598865,-17.224764524612077,69.37937062760197,57.549239367258615,-11.830131260343357,74.28005726702008,44.38792634170464,-29.892130925315442
3526308,Lagoinha,3,1989,2006,18,1988,2007,40.0,24.0,>10,55.775540856358404,62.26685651460808,6.491315658249675,53.32136730598865,33.24287255253183,-20.078494753456823,57.549239367258615,37.79386047005397,-19.755378897204643,44.38792634170464,26.214341807249173,-18.17358453445547
3526308,Lagoinha,4,2008,2009,2,2007,2010,24.0,70.0,>10,62.26685651460808,63.29180109222645,1.0249445776183705,33.24287255253183,60.930449837235535,27.687577284703707,37.79386047005397,58.46809798083172,20.67423751077775,26.214341807249173,65.64563868216587,39.4312968749167
3526308,Lagoinha,5,2012,2015,4,2011,2016,70.0,60.0,>10,63.6334492847659,65.34169024746319,1.708240962697289,66.61260284660324,65.54569262221992,-1.0669102243833208,63.027065488733115,64.53534340642217,1.5082779176890568,71.5734777291021,68.43133262947627,-3.1421450996258216
3526308,Lagoinha,6,2020,2020,1,2019,2021,25.0,100.0,>10,66.36663482508156,67.04993121016047,0.6832963850789042,59.90905400742281,70.45425954529384,10.545205537871027,62.48910583140182,70.07011825664847,7.581012425246648,49.8111981216781,76.88260863039429,27.071410508716184
3526407,Laranjal Paulista,1,2001,2001,1,2000,2002,70.0,80.0,1-5,80.01917039098927,81.25731555316193,1.238145162172657,75.7327507778841,79.29001003655918,3.5572592586750744,76.72564574762123,79.41577800585304,2.690132258231813,72.93259230375988,80.14092873220228,7.208336428442408
3526407,Laranjal Paulista,2,2014,2015,2,2013,2016,90.0,100.0,1-5,88.06711394511147,89.92433168837043,1.857217743258957,93.71450247290754,95.48011024940345,1.7656077764959122,93.7276387209029,94.19998993074631,0.47235120984340995,91.98719986186698,99.32995815791121,7.342758296044224
3526506,Lavínia,1,2001,2001,1,2000,2002,85.0,75.0,1-5,74.92680276353111,75.58997233895518,0.6631695754240639,82.41195942744461,78.72741870322103,-3.684540724223581,82.23245059381537,79.47955355742772,-2.752897036387651,83.13184158660249,76.88642849192277,-6.245413094679719
3527009,Lindóia,1,1986,1987,2,1985,1988,50.0,70.0,1-5,58.271854404719164,60.6944471315596,2.422592726840435,55.7244571860678,77.22443656878085,21.499979382713043,57.15649510030399,77.5357286077845,20.379233507480514,52.246781151183384,74.59254708563266,22.345765934449275
3527108,Lins,1,2012,2012,1,2011,2013,75.0,83.0,1-5,77.75893822868441,77.47752472764843,-0.28141350103598484,80.9295150146038,80.02488902512872,-0.904625989475079,80.92493282543096,80.2521586172776,-0.6727742081533563,78.85285845525955,78.95694285469908,0.10408439943952885
3527306,Louveira,1,1982,2010,29,1981,2011,44.41176470588236,50.0,>10,42.465064737880866,57.64716620100636,15.182101463125491,46.21181232410498,52.956048198239976,6.7442358741349935,46.673806488056364,52.98818154830977,6.314375060253404,44.919637879517126,52.356693770948134,7.437055891431008
3527504,Lucianópolis,1,1988,1988,1,1987,1989,50.0,40.0,>10,55.22938717423595,56.71031321522061,1.4809260409846559,47.10682931556905,44.45465479055045,-2.6521745250186015,47.29947462660054,45.989394118601524,-1.310080507999018,48.112469476944554,41.544827365306,-6.5676421116385555
3527504,Lucianópolis,2,1990,2004,15,1989,2005,40.0,79.71974522292993,>10,56.71031321522061,68.55772154309788,11.847408327877275,44.45465479055045,85.14774047636105,40.6930856858106,45.989394118601524,84.62380942022098,38.634415301619455,41.544827365306,85.1759338864821,43.6311065211761
3527702,Luiziânia,1,1978,1982,5,1977,1983,60.0,80.0,1-5,70.43401584278189,71.082673638748,0.6486577959661162,61.223511034920605,73.34153337585934,12.118022340938737,61.74758726251789,72.25663635944854,10.509049096930646,60.3872869577055,76.28074319222463,15.893456234519135
3527702,Luiziânia,2,1996,1996,1,1995,1997,74.0,75.0,1-5,72.37998923068022,72.59620849600226,0.21621926532203872,72.83612796218385,71.57581394871418,-1.2603140134696673,72.2101799560643,71.28287092823793,-0.927309027826368,73.80681103325294,72.65761013722972,-1.149200896023217
3527900,Lutécia,1,1979,1984,6,1978,1985,45.0,54.0,6-10,49.75768432637513,53.944289789994556,4.186605463619429,42.76200077078042,48.45697963836241,5.694978867581995,42.57354220090186,49.73798557531995,7.164443374418084,44.03933709483535,46.735638987944576,2.696301893109222
3528106,Macaubal,1,1976,1978,3,1975,1979,50.0,57.9,1-5,72.37179972571687,73.78127527260663,1.409475546889766,53.83315537311814,79.7023788839172,25.869223510799067,55.180189750742684,79.30828379650436,24.12809404576167,50.33171518789665,75.23990432326595,24.908189135369298
3528106,Macaubal,2,2000,2000,1,1999,2001,70.0,130.0,1-5,80.8286530070555,81.53339078050037,0.7047377734448759,83.39820715766746,99.23726225209077,15.839055094423315,84.95439768094298,97.2621953364643,12.307797655521327,80.57793168919487,108.55830353532863,27.980371846133764
3528205,Macedônia,1,1984,2003,20,1983,2004,90.25806451612904,70.0,>10,90.11109361735373,82.17810083155271,-7.932992785801019,94.44717890469222,65.08945340571464,-29.357725498977587,95.03071345933262,66.24292342481714,-28.78779003451548,92.22512343865314,66.26373374000258,-25.961389698650564
3528205,Macedônia,2,2005,2006,2,2004,2007,70.0,43.63636363636363,>10,82.17810083155271,81.04481614786685,-1.1332846836858579,65.08945340571464,71.0540753310501,5.964621925335464,66.24292342481714,72.52681876164137,6.28389533682423,66.26373374000258,63.01091883824021,-3.2528149017623704
3528601,Manduri,1,2000,2001,2,1999,2002,80.0,80.0,1-5,79.29991594242045,81.20389880290026,1.9039828604798004,80.20264160382037,81.24575887523756,1.043117271417188,80.51631159034035,81.56984803529573,1.053536444955384,79.79446210250805,80.30309450155089,0.5086323990428383
3528700,Marabá Paulista,1,2001,2001,1,2000,2002,60.0,70.0,1-5,67.79334084641377,68.19156691416367,0.39822606774990277,57.70459458094865,66.01906801207075,8.314473431122096,59.065901838027315,66.15619722081297,7.090295382785655,57.48613427831289,67.52561579623138,10.039481517918489
3528908,Mariápolis,1,1989,1992,4,1988,1993,55.0,70.0,6-10,84.5854901834064,82.02467075477516,-2.5608194286312482,58.668648271247164,64.186838442608,5.5181901713608426,60.606926031475304,63.14736460382996,2.5404385723546596,54.88026078545345,68.18856606708447,13.308305281631014
3528908,Mariápolis,2,1994,1996,3,1993,1997,70.0,70.0,6-10,82.02467075477516,79.97601521187015,-2.04865554290501,64.186838442608,72.62568275806817,8.438844315460159,63.14736460382996,72.6221772802959,9.474812676465937,68.18856606708447,70.76445685413552,2.5758907870510512
3528908,Mariápolis,3,1998,2004,7,1997,2005,70.0,77.92356687898089,6-10,79.97601521187015,75.87870412606013,-4.09731108581002,72.62568275806817,88.79563631256723,16.16995355449906,72.6221772802959,87.74401255022669,15.121835269930784,70.76445685413552,89.66520608682065,18.90074923268513
3529005,Marília,1,1998,2006,9,1997,2007,60.41666666666666,70.0,6-10,67.57468874957789,66.9817658915081,-0.5929228580697838,62.167478499637696,71.07588667978037,8.908408180142672,63.96425914711258,71.0488610380609,7.084601890948328,59.934838874653465,69.40258058954929,9.467741714895823
3529203,Martinópolis,1,2001,2001,1,2000,2002,60.0,60.0,1-5,75.29293854147014,76.4611334523925,1.1681949109223666,69.1978325083955,77.90411978179424,8.706287273398729,71.18454838685032,78.77766503327025,7.593116646419929,63.95877856130749,73.67947993850018,9.72070137719269
3529302,Matão,1,2001,2001,1,2000,2002,70.0,71.6,1-5,69.46207408965007,70.42233424440907,0.9602601547589984,72.30726159621939,71.01478607445875,-1.292475521760636,72.04375710454735,71.55543468859197,-0.4883224159553805,72.89714790039163,70.66989880186058,-2.227249098531047
3529302,Matão,2,2009,2009,1,2008,2010,80.0,100.13760932944606,1-5,73.30311470868611,74.26337486344511,0.9602601547589984,82.91497862177397,87.21646843637032,4.301489814596351,81.77989624919054,84.86132029341928,3.08142404422874,84.24507146487356,94.70164200879846,10.456570543924897
3529500,Mendonça,1,1976,1995,20,1975,1996,40.0,80.0,>10,57.130766472788245,73.03068350877834,15.899917035990093,41.35227929995815,90.57027277515479,49.21799347519664,41.807632340320446,90.1741563867788,48.36652404645836,40.01798872539874,87.20273081720542,47.18474209180668
3529500,Mendonça,2,2001,2001,1,2000,2002,70.0,70.0,>10,76.0592391346812,77.57351694763264,1.514277812951434,79.03492053501739,73.24143839940479,-5.7934821356126065,79.8363323830743,75.2921369305938,-4.544195452480508,76.41435695062663,69.17296593202722,-7.241391018599401
3529609,Meridiano,1,2001,2001,1,2000,2002,80.0,60.0,1-5,76.09728548718752,75.80724684412309,-0.2900386430644346,73.0702148575518,66.55998986938494,-6.510224988166868,72.96170494514607,68.56857567493482,-4.393129270211247,75.68288827092884,62.814541758271076,-12.868346512657766
3530102,Mirandópolis,1,2001,2001,1,2000,2002,85.0,78.01029380227321,1-5,78.99703314860061,78.72732129356189,-0.26971185503872164,83.31636761490961,80.45940134767356,-2.8569662672360465,83.29567033702844,80.85170523627534,-2.443965100753104,83.66945643706849,79.4986746179945,-4.170781819073994
3530201,Mirante do Paranapanema,1,2000,2001,2,1999,2002,63.0,60.0,1-5,69.19380650814215,69.74110953579766,0.5473030276555164,60.08214459632244,65.07345876504007,4.991314168717629,59.94347388397011,66.99037521182731,7.046901327857206,61.17576656091986,60.979169037160666,-0.19659752375919481
3530201,Mirante do Paranapanema,2,2003,2004,2,2002,2005,60.0,69.53333333333333,1-5,69.74110953579766,70.28841256345318,0.5473030276555164,65.07345876504007,77.8854345841293,12.811975819089227,66.99037521182731,78.94266228032846,11.95228706850115,60.979169037160666,74.08729658455307,13.108127547392407
3530300,Mirassol,1,1976,1980,5,1975,1981,50.0,60.0,1-5,68.44060819606132,70.8902951574117,2.4496869613503804,50.70446961584956,67.01221651814276,16.307746902293204,51.11095452138932,67.94143068921554,16.83047616782622,49.80813160186895,63.15340730646392,13.345275704594968
3530300,Mirassol,2,1982,1982,1,1981,1983,60.0,80.0,1-5,70.8902951574117,71.70685747786183,0.8165623204501316,67.01221651814276,74.90580959055922,7.893593072416451,67.94143068921554,74.21197547141013,6.270544782194591,63.15340730646392,77.30091281668224,14.147505510218323
3530300,Mirassol,3,1990,1990,1,1989,1991,75.0,80.0,1-5,74.15654443921221,74.97310675966234,0.8165623204501316,76.72345386999272,78.53361014437358,1.8101562743808586,77.4679523212846,79.01072918834743,1.5427768670628268,75.65581253984855,78.7515253589432,3.0957128190946435
3530409,Mirassolândia,1,1987,2002,16,1986,2003,80.0,80.0,>10,82.16263707576424,80.48160230441349,-1.6810347713507525,79.92396646274561,81.30883308162473,1.3848666188791157,79.92489093146199,82.05998979527884,2.13509886381685,79.97901532133935,79.40560800500694,-0.5734073163324069
3531001,Monções,1,2003,2005,3,2002,2006,100.0,83.33333333333333,1-5,99.24505634258051,94.10550755524964,-5.139548787330867,97.72428135182176,91.39326349296174,-6.331017858860022,97.48668800798515,92.62140508556449,-4.865282922420661,98.9900069987119,86.32864677332054,-12.661360225391363
3531209,Monte Alegre do Sul,1,1995,1997,3,1994,1998,60.0,80.0,1-5,57.40321756057361,58.57075041375963,1.1675328531860245,62.737435112211145,71.05703539942658,8.319600287215437,62.811839762035824,70.19941034620871,7.3875705841728845,62.03510910542343,75.13981010093231,13.104700995508878
3531209,Monte Alegre do Sul,2,1999,1999,1,1998,2000,80.0,60.0,1-5,58.57075041375963,59.15451684035264,0.5837664265930087,71.05703539942658,71.69615860269838,0.6391232032717937,70.19941034620871,72.32228190629623,2.1228715600875177,75.13981010093231,70.1868992221597,-4.952910878772613
3531209,Monte Alegre do Sul,3,2002,2005,4,2001,2006,80.0,50.0,1-5,59.44640005364915,60.905816120131675,1.4594160664825253,72.5702414941394,79.4758883049768,6.9056468108374105,73.71412484071509,80.35557966878143,6.641454828066344,70.83111786332282,70.06342810133867,-0.7676897619841441
3531506,Monte Azul Paulista,1,1989,1989,1,1988,1990,100.0,110.0,1-5,90.01450165768719,89.4754624940992,-0.5390391635879865,102.04388919564852,104.6919519431975,2.648062747548977,102.04154035844327,103.181619874535,1.1400795160917312,101.49306635161145,108.00405908400043,6.510992732388985
3531704,Monteiro Lobato,1,1999,2015,17,1998,2016,30.0,60.0,>10,37.26427667841331,50.23547483509533,12.971198156682021,30.155042813885732,59.91980385739394,29.764761043508205,30.172919303916178,59.83206678774628,29.6591474838301,30.130709362621964,59.98740810092638,29.856698738304416
3531803,Monte Mor,1,2000,2000,1,1999,2001,65.0,60.0,1-5,74.52769108070741,75.5104848522386,0.9827937715311919,67.99893382939983,74.3946006552494,6.395666825849574,68.50160570137682,73.79847288361232,5.296867182235502,65.03289549971451,72.81515316164327,7.782257661928753
3531803,Monte Mor,2,2010,2010,1,2009,2011,70.0,70.0,1-5,79.44165993836341,80.42445370989462,0.9827937715312061,68.9241777450666,69.61498785797919,0.6908101129125868,69.79318252614462,71.16690549618353,1.3737229700389122,69.25322143958638,68.14620974315145,-1.1070116964349381
3532108,Murutinga do Sul,1,1976,1997,22,1975,1998,30.0,85.0,>10,52.57525170137782,72.67731047000916,20.102058768631338,31.333918745415097,82.8308666304246,51.4969478850095,31.373980859165833,81.89469869124335,50.520717832077516,30.624512187502987,85.19322199502044,54.56870980751745
3532108,Murutinga do Sul,2,2000,2001,2,1999,2002,85.0,70.0,>10,73.55131302516705,76.1733206906407,2.622007665473646,82.231412050774,82.39733288232645,0.16592083155245518,82.2289309655293,84.50334458500498,2.2744136194756805,82.44483564792301,76.52157158770785,-5.9232640602151605
3532108,Murutinga do Sul,3,2003,2004,2,2002,2005,70.0,111.21787709497208,>10,76.1733206906407,78.79532835611435,2.62200766547366,82.39733288232645,92.85992126168746,10.462588379361009,84.50334458500498,93.06031343018068,8.556968845175703,76.52157158770785,96.27106920073376,19.74949761302591
3532207,Narandiba,1,1999,2000,2,1998,2001,80.0,70.0,1-5,82.73919301471405,82.66907044878987,-0.07012256592417998,77.8806889452443,79.02817319620732,1.1474842509630179,78.60489175432288,80.87195395609406,2.267062201771182,77.67986702946227,73.12534656116472,-4.554520468297554
3532306,Natividade da Serra,1,1996,1996,1,1995,1997,30.0,30.0,1-5,46.36245889961414,48.5474047663702,2.1849458667560597,32.9599252020481,38.192509832773084,5.232584630724986,33.09906374283697,37.47754628572313,4.378482542886161,30.992139538276604,39.27518159627105,8.283042057994443
3532306,Natividade da Serra,2,2002,2004,3,2001,2005,30.0,57.15068493150685,1-5,52.91729649988231,57.28718823339443,4.3698917335121195,42.57468365622342,64.28557028814389,21.710886631920467,44.87755071720751,64.22295225474257,19.345401537535054,34.277173976605624,64.35517349931521,30.07799952270959
3532306,Natividade da Serra,3,2012,2012,1,2011,2013,90.0,60.0,1-5,63.84202583366261,66.02697170041867,2.1849458667560597,76.96068991684002,71.1922717176618,-5.768418199178228,75.94708030471276,71.79176063233975,-4.155319672373011,81.93429964786037,69.61095641102011,-12.323343236840259
3532405,Nazaré Paulista,1,1978,1982,5,1977,1983,55.0,61.5,1-5,38.4663235530668,43.53794412519776,5.071620572130961,57.28311300848838,61.64552160814011,4.3624085996517294,57.19017442008884,61.92756159063151,4.737387170542675,57.518294039489575,60.89053139331167,3.3722373538220936
3532405,Nazaré Paulista,2,2001,2001,1,2000,2002,30.0,45.0,1-5,57.90753574623546,59.598075936945776,1.6905401907103155,40.77943740397694,42.80801653606656,2.028579132089618,40.46695151524927,42.296058020371085,1.829106505121814,39.0774370636435,43.1108499657753,4.033412902131801
3532603,Nhandeara,1,1984,1984,1,1983,1985,68.0,80.0,6-10,71.59924284838576,72.12885124352061,0.5296083951348578,75.83934263609407,71.48024421039288,-4.359098425701191,76.75393681650733,71.76041387088671,-4.993522945620626,71.32912331323648,73.32706295813698,1.997939644900498
3532603,Nhandeara,2,1986,1986,1,1985,1987,80.0,68.0,6-10,72.12885124352061,72.65845963865546,0.5296083951348436,71.48024421039288,67.79329311105663,-3.6869510993362553,71.76041387088671,67.8213773590352,-3.939036511851512,73.32706295813698,68.8035375363941,-4.523525421742875
3532603,Nhandeara,3,1991,1997,7,1990,1998,64.25,70.0,6-10,73.45287223135773,75.57130581189713,2.118433580539403,64.3072005919277,65.97728429053907,1.6700836986113785,64.11222761440202,65.24465434695658,1.1324267325545634,64.17377836090728,68.95379443011056,4.780016069203285
3532801,Nova Aliança,1,1981,1987,7,1980,1988,70.0,60.0,6-10,56.15333226388279,63.544488158710756,7.391155894827968,60.812779712868625,61.343664049382106,0.5308843365134805,58.85002650477852,61.50649592875256,2.6564694239740376,65.7750028070449,61.16670064361812,-4.608302163426778
3532801,Nova Aliança,2,1990,1995,6,1989,1996,60.0,61.25,6-10,64.46838264556425,70.93564405353872,6.467261407974476,60.428621847302104,69.25739803965278,8.82877619235068,61.023687291900416,69.6877688331668,8.664081541266384,59.10136575084678,66.96187351434465,7.860507763497864
3532801,Nova Aliança,3,2000,2001,2,1999,2002,80.0,80.0,6-10,73.70732751409922,76.4790109746597,2.7716834605604816,78.55640208596796,87.72970649534396,9.173304409376001,79.11337914049749,89.84015752876563,10.726778388268144,79.46300225940496,80.80820872300221,1.3452064635972505
3533403,Nova Odessa,1,2010,2010,1,2009,2011,85.0,60.0,1-5,65.33764445739624,66.12964757454804,0.7920031171518076,67.38097323994764,67.45200133961785,0.07102809967021528,66.58791292644486,67.49289154644663,0.9049786200017707,71.55181105907299,65.6998551409438,-5.8519559181291925
3533700,Ocauçu,1,1986,1986,1,1985,1987,60.0,60.0,>10,61.58321475648205,63.290178831873725,1.7069640753916744,58.30546971815588,57.66895752150967,-0.6365121966462084,58.454776996983696,59.12188710310955,0.667110106125854,59.21137709218036,55.54125662153831,-3.670120470642054
3533700,Ocauçu,2,1992,2006,15,1991,2007,80.0,100.0,>10,66.70410698265707,80.35981958579042,13.655712603133352,75.49997214359028,100.82720572778047,25.327233584190182,73.61506992190112,99.51743327481817,25.90236335291705,80.37245499528449,101.18715188392302,20.814696888638537
3533809,Óleo,1,1977,1985,9,1976,1986,29.266666666666666,80.0,6-10,61.11622314264543,67.749460479059,6.633237336413565,33.652402806952466,76.17059577785386,42.518192970901396,34.910763136177074,75.46111928380539,40.550356147628314,30.384935011617305,78.42458147976262,48.03964646814532
3534104,Oriente,1,1998,2007,10,1997,2008,45.0,80.0,6-10,67.59359176073535,73.38863782434028,5.795046063604929,47.751270991595185,77.58673934324521,29.83546835165003,49.272796015248176,76.62662492900405,27.353828913755876,44.88376148337442,79.43959231771007,34.555830834335644
3534807,Ouro Verde,1,1986,2003,18,1985,2004,55.0,80.0,>10,70.7035930411443,72.25520862043102,1.5516155792867181,47.22141760577027,80.40193201808576,33.18051441231549,48.37461075657003,80.18569035651053,31.811079599940506,52.163734527521065,80.78708105847853,28.62334653095747
3534906,Pacaembu,1,1992,2001,10,1991,2002,65.0,80.47421524663677,6-10,87.92013685448917,81.8101825073094,-6.109954347179766,63.43831689376959,67.40628389613097,3.9679670023613838,62.23368166833402,70.09099901456112,7.857317346227099,65.46786452619372,67.07683305858956,1.608968532395835
3535200,Palmeira d'Oeste,1,1997,2006,10,1996,2007,50.0,60.0,6-10,65.74715769080433,70.2514317760821,4.504274085277771,49.90870481781126,58.36125000071907,8.452545182907805,51.4923984372572,59.95044500390294,8.458046566645741,48.58724828953293,57.74716416863249,9.159915879099557
3535200,Palmeira d'Oeste,2,2008,2008,1,2007,2009,60.0,60.0,6-10,70.2514317760821,71.07039070067806,0.818958924595961,58.36125000071907,66.53797708333055,8.176727082611478,59.95044500390294,67.31388452846555,7.363439524562608,57.74716416863249,62.48522155049302,4.738057381860536
3535606,Paraibuna,1,1999,2000,2,1998,2001,50.0,70.0,6-10,45.689761851509445,45.86183776607937,0.17207591456992333,52.49642511256118,55.393105471433216,2.8966803588720396,52.67633133172094,54.723270294792165,2.046938963071227,52.11450041811385,57.61187629232956,5.497375874215713
3535606,Paraibuna,2,2011,2015,5,2010,2016,30.0,40.0,6-10,46.378065509789124,46.722217338928964,0.34415182913983955,30.587250806956277,35.9496757746647,5.362424967708421,31.781881882223065,34.896303926414475,3.1144220441914108,29.223611280373785,38.946807165346804,9.72319588497302
3535606,Paraibuna,3,2017,2022,6,2016,2023,40.0,40.0,6-10,46.722217338928964,47.12372780625877,0.4015104673298069,35.9496757746647,42.883681421463926,6.934005646799228,34.896303926414475,43.92209731391646,9.025793387501984,38.946807165346804,39.21250913810205,0.2657019727552452
3535804,Paranapanema,1,1996,1996,1,1995,1997,75.0,80.0,1-5,69.53505983513695,70.1615795405271,0.6265197053901517,75.30182426977979,78.3034244822975,3.0016002125177152,75.1372564169399,76.85397149084773,1.716715073907821,74.7775577183625,79.67945572562085,4.901898007258353
3535903,Paranapuã,1,1992,2000,9,1991,2001,50.0,90.0,6-10,83.54310724194521,86.94369507475652,3.4005878328113113,50.40301157909516,95.24824494762889,44.845233368533734,51.06775921627297,94.74962837957995,43.68186916330698,49.92219665727661,91.46995448419493,41.54775782691832
3536109,Pardinho,1,1992,2007,16,1991,2008,30.0,60.0,>10,65.87876280796395,65.59246620809427,-0.2862965998696865,32.68450138283504,62.58626569177508,29.901764308940045,36.02873282226191,62.70725930281571,26.6785264805538,27.158535123621643,61.9800823694057,34.82154724578406
3536109,Pardinho,2,2012,2012,1,2011,2013,70.0,70.0,>10,65.5419432787055,65.50826132577966,-0.033681952925846304,70.48464723487142,71.21912532423126,0.7344780893598397,70.07989623222124,71.2551831548248,1.1752869226035614,70.99500012224229,70.47050379384923,-0.5244963283930559
3536208,Pariquera-Açu,1,1976,1977,2,1975,1978,40.0,40.0,1-5,59.16626162211001,58.63155338809541,-0.5347082340145946,38.42052376037149,37.8836886669062,-0.5368350934652852,37.64019989052301,39.00152350606193,1.3613236155389217,39.86514979990123,38.57967091847695,-1.2854788814242823
3536208,Pariquera-Açu,2,1982,1982,1,1981,1983,35.225,70.0,1-5,58.09684515408082,57.74037299807108,-0.3564721560097368,48.54630121509636,65.24903899025335,16.70273777515699,50.435710467265196,64.74428352640078,14.308573059135583,43.29780643365559,66.8564239631076,23.558617529452015
3536208,Pariquera-Açu,3,1990,1990,1,1989,1991,80.0,60.0,1-5,56.67095653004189,56.31448437403216,-0.3564721560097297,75.33396349183042,66.37864004645971,-8.95532344537071,75.04181177662959,67.68188484204049,-7.359926934589097,76.31250054902168,63.72087702630683,-12.591623522714848
3536208,Pariquera-Açu,4,1995,1995,1,1994,1996,60.0,60.0,1-5,55.77977614001757,55.42330398400784,-0.3564721560097297,59.90675670169682,59.76710260110767,-0.13965410058914784,61.02504338725964,59.90692540766488,-1.1181179795947642,59.3916093626013,59.81954426756153,0.4279349049602317
3536208,Pariquera-Açu,5,2000,2001,2,1999,2002,60.0,60.0,1-5,54.888595749993236,54.35388751597864,-0.5347082340145946,59.18335987820309,51.53773965467117,-7.645620223531921,57.64230475747358,49.58425071566395,-8.058054041809633,60.73098671344059,55.05016276049528,-5.68082395294531
3536208,Pariquera-Açu,6,2003,2004,2,2002,2005,60.0,11.955414012738853,1-5,54.35388751597864,53.81917928196405,-0.5347082340145946,51.53773965467117,37.0184273104071,-14.519312344264073,49.58425071566395,37.63378367323764,-11.950467042426311,55.05016276049528,35.32304495030192,-19.727117810193363
3536208,Pariquera-Açu,7,2007,2007,1,2006,2008,70.0,12.0,1-5,53.64094320395918,53.28447104794945,-0.3564721560097297,34.58063879491652,30.31225027919047,-4.268388515726048,35.55319103506126,33.75837118969964,-1.7948198453616229,39.042798697791454,22.319376526560752,-16.723422171230702
3536208,Pariquera-Açu,8,2015,2015,1,2014,2016,70.0,50.0,1-5,52.21505457992026,51.858582423910526,-0.3564721560097368,63.18483121176201,57.30916435402932,-5.875666857732689,60.41259567022461,57.17002917257052,-3.2425664976540887,67.65058486003511,54.520208585237846,-13.130376274797264
3536257,Parisi,1,1994,2006,13,1993,2007,70.0,120.0,>10,91.18942903863184,84.84765440377531,-6.3417746348565345,71.03316431272358,109.74505830683688,38.7118939941133,71.62291431751122,105.92670753736562,34.3037932198544,70.23629938357456,117.84067429620971,47.60437491263515
3536505,Paulínia,1,1993,1993,1,1992,1994,60.0,75.9,1-5,71.46038180443992,72.43405376614189,0.9736719617019673,64.43917043007797,70.61422088455114,6.17505045447318,66.02966957407594,70.48396344417829,4.454293870102347,61.68586394156234,73.02063695658526,11.334773015022925
3536505,Paulínia,2,1995,1996,2,1994,1997,75.9,80.0,1-5,72.43405376614189,73.89456170869485,1.4605079425529652,70.61422088455114,77.99855467983058,7.3843337952794315,70.48396344417829,76.61721800903975,6.13325456486146,73.02063695658526,80.22074367992496,7.200106723339701
3536505,Paulínia,3,2000,2001,2,1999,2002,79.81859410430839,70.58823529411765,1-5,74.86823367039682,76.32874161294978,1.4605079425529652,77.97981588795734,72.63198871144859,-5.347827176508758,76.97627188071854,72.94477685796899,-4.031495022749553,78.9085573953663,71.4758887882666,-7.4326686070997
3536505,Paulínia,4,2009,2011,3,2008,2012,70.0,82.85714285714286,1-5,79.2497574980557,81.19710142145965,1.947343923403949,72.98039148547265,80.49246398361099,7.5120724981383376,73.07511996777636,80.21446181732755,7.139341849551187,72.5680294200534,81.63310690866938,9.06507748861597
3536505,Paulínia,5,2020,2021,2,2019,2022,91.42857142857144,88.678,1-5,84.60495328741655,86.06546122996951,1.4605079425529652,90.38720806325473,89.27587751521837,-1.1113305480363636,89.9226089936307,89.27068285837831,-0.6519261352523955,91.45258190660289,88.9307842652199,-2.521797641382989
3536802,Pedra Bela,1,1983,2007,25,1982,2008,40.0,40.0,>10,36.938733299221134,62.81616123713686,25.877427937915726,38.63411087335008,40.03309633213563,1.3989854587855461,38.41271085736559,39.84632355275579,1.4336126953902024,38.96054265815852,39.714695217605076,0.7541525594465526
3536901,Pedranópolis,1,1982,1982,1,1981,1983,32.84,100.0,1-5,73.10786985213852,73.21835416681093,0.11048431467240505,53.45005376163635,79.18027977461651,25.73022601298016,58.39356284852583,76.3716595181896,17.97809666966377,40.45512703392328,90.28185644281933,49.82672940889605
3537008,Pedregulho,1,1990,1994,5,1989,1995,50.0,60.0,1-5,60.85636852246093,65.04047814382454,4.184109621363611,51.224783112265804,70.33548821300302,19.110705100737214,52.32488210226067,71.20159968798461,18.876717585723938,49.5516640083136,65.62148255851565,16.06981855020205
3537156,Pedrinhas Paulista,1,2000,2002,3,1999,2003,100.0,87.88940092165899,1-5,91.25033839619014,91.25708610078395,0.006747704593806247,94.99100632699616,94.70339493545605,-0.2876113915401106,93.39954734367416,96.80238770632981,3.4028403626556525,99.1966540488281,89.26939733615953,-9.927256712668566
3537404,Pereira Barreto,1,1981,1982,2,1980,1983,20.0,100.0,6-10,54.723206378783644,56.9387536964733,2.215547317689655,36.86975143076673,76.72888449036988,39.859133059603145,39.684700367118474,74.14258397576245,34.457883608643975,30.055098472700905,86.61728656763908,56.56218809493818
3537404,Pereira Barreto,2,1986,1994,9,1985,1995,80.0,100.0,6-10,58.41578524159973,65.80094296723189,7.385157725632162,91.32233328718,95.13051656782271,3.8081832806427087,89.40113370161842,95.88174517738958,6.4806114757711555,88.36207678222476,94.98113398279027,6.619057200565507
3537503,Pereiras,1,1996,1996,1,1995,1997,60.0,60.0,1-5,65.67467319419363,67.08621812446688,1.4115449302732515,62.32851913092925,67.57343734820361,5.2449182172743605,63.09626668074772,68.18673574431214,5.090469063564427,60.219295982189855,65.70685654844678,5.487560566256924
3537503,Pereiras,2,2009,2009,1,2008,2010,72.0,80.0,1-5,74.84971524096977,76.26126017124302,1.4115449302732515,73.91679246038144,73.12821715266308,-0.7885753077183608,74.2320934297291,73.71010220750716,-0.521991222221942,74.68921062473197,73.26033397455987,-1.4288766501721
3537503,Pereiras,3,2018,2018,1,2017,2019,82.0,72.4,1-5,81.20166742719941,82.61321235747266,1.4115449302732515,80.36185543167146,79.35147472712131,-1.010380704550144,80.0386239168106,79.89564967013483,-0.14297424667576308,80.55885058414196,77.28382038296384,-3.275030201178126
3538303,Piquerobi,1,1987,2004,18,1986,2005,55.0,79.46285714285715,>10,71.48296474090115,68.07973409221543,-3.403230648685721,57.15434904568218,80.43346148321007,23.279112437527886,58.17129500605287,82.49239362259549,24.321098616542614,56.818962438218236,77.75365210210094,20.934689663882708
3538600,Piracaia,1,1978,1981,4,1977,1982,40.0,40.0,1-5,43.66096595290872,44.53726245822785,0.8762965053191323,42.18853366360363,43.63190904413734,1.443375380533709,42.14412338754127,44.06985274707149,1.9257293595302158,42.15292822667451,42.48426061764437,0.33133239096985534
3538600,Piracaia,2,2000,2000,1,1999,2001,50.0,31.27835051546392,1-5,47.51667057631292,47.86718917844057,0.35051860212765007,45.58547112118116,40.735991531413895,-4.849479589767263,45.35161389836442,41.40590315265524,-3.945710745709178,46.475849295167215,37.75937259200276,-8.716476703164453
3538808,Piraju,1,2000,2000,1,1999,2001,70.9090909090909,100.0,1-5,78.91226580055064,79.06111215895822,0.14884635840758165,75.94550256384268,82.43711385790098,6.491611294058302,76.39983539322856,81.38723558800044,4.98740019477188,75.50893950765041,87.58852698643284,12.079587478782429
3539103,Pirapora do Bom Jesus,1,1992,2000,9,1991,2001,50.0,40.0,6-10,46.08342928926685,36.8116922840273,-9.271737005239551,44.30108102602755,39.981085560023985,-4.319995466003569,44.338005509993984,39.903534906364044,-4.43447060362994,44.89478361680958,40.05530894325738,-4.839474673552203
3539400,Piratininga,1,2000,2000,1,1999,2001,80.0,80.0,1-5,67.37680707857241,67.91951962198742,0.5427125434150071,80.0635241638641,64.79292913414453,-15.270595029719573,79.00073415483449,65.24635911569027,-13.754375039144222,81.37697689379156,67.46308822800447,-13.913888665787098
3540002,Pompéia,1,1998,2004,7,1997,2005,73.33333333333333,69.56400384985562,6-10,69.89169306184192,74.83029836027572,4.938605298433799,65.65486699576633,79.69158326077431,14.036716265007982,65.31661207336936,81.86486423398843,16.54825216061907,68.26533599767286,73.34844971703308,5.083113719360213
3540101,Pongaí,1,1994,1999,6,1993,2000,83.0,80.0,6-10,83.59758171504342,85.76433765433724,2.1667559392938216,80.41632797917863,82.46195600076815,2.045628021589522,79.98447096895102,83.69014640171696,3.7056754327659434,81.9184870791309,80.648577298667,-1.269909780463891
3540101,Pongaí,2,2001,2006,6,2000,2007,80.0,100.0,6-10,85.76433765433724,87.93109359363108,2.166755939293836,82.46195600076815,98.42132154856,15.959365547791847,83.69014640171696,98.25817882649936,14.568032424782402,80.648577298667,99.20672790255843,18.55815060389142
3540101,Pongaí,3,2012,2012,1,2011,2013,100.0,100.0,6-10,89.16923984465612,89.78831297016863,0.6190731255125144,100.21076558210115,97.9867993906482,-2.223966191452945,99.8837250321146,97.51822652452483,-2.3654985075897628,100.29678803419401,98.63676968372764,-1.6600183504663732
3540309,Pontes Gestal,1,1999,2004,6,1998,2005,70.0,99.3295238095238,6-10,92.91841180408593,87.32424658060583,-5.594165223480104,78.43745835773983,107.48115932396226,29.04370096622243,80.74918945053342,107.76892221083416,27.01973276030074,72.93517681780048,102.12356703837236,29.188390220571875
3540408,Populina,1,1989,2000,12,1988,2001,65.0,80.0,>10,86.31467369973218,85.47602221770985,-0.8386514820223283,66.18321887995558,76.14317585036378,9.9599569704082,67.38567999829618,75.68810285672124,8.30242285842506,64.1129511427067,78.70470724454059,14.59175610183388
3540507,Porangaba,1,2000,2001,2,1999,2002,95.0,80.0,1-5,83.95504662356772,83.22033008619589,-0.7347165373718383,87.63554467291083,75.66182380800369,-11.973720864907136,85.96454873062612,74.0979473613591,-11.866601369267016,91.37627611864013,79.08009870407625,-12.296177414563886
3540507,Porangaba,2,2003,2005,3,2002,2006,80.0,50.0,1-5,83.22033008619589,82.24070803636675,-0.9796220498291319,75.66182380800369,53.33168710701878,-22.33013670098491,74.0979473613591,54.9246656643013,-19.173281697057803,79.08009870407625,49.0957257474781,-29.98437295659815
3540507,Porangaba,3,2012,2012,1,2011,2013,50.0,77.93376623376624,1-5,81.01618047408036,80.5263694491658,-0.48981102491455886,62.1563012972965,74.97042273821161,12.814121440915109,63.12158352148588,74.65436213881625,11.532778617330372,57.642919404088474,74.3000723599414,16.657152955852922
3541109,Presidente Alves,1,1977,1978,2,1976,1979,41.66666666666666,48.25,1-5,52.30319465295389,54.16437111939273,1.8611764664388417,46.431891241236876,47.020987033607824,0.5890957923709479,46.76430175008369,47.446794467027395,0.6824927169437061,44.99218834690242,47.10155929672917,2.1093709498267543
3541208,Presidente Bernardes,1,2007,2007,1,2006,2008,100.0,70.0,1-5,71.511027960365,72.05433165210148,0.5433036917364831,76.93053848747975,80.41395904205027,3.4834205545705146,75.44159438270867,78.73787758538177,3.296283202673095,82.99839870463718,81.68941602815927,-1.3089826764779104
3541307,Presidente Epitácio,1,1993,2005,13,1992,2006,60.0,70.0,>10,61.539839379270724,65.91700041194933,4.3771610326786075,47.507220814239744,69.61359651485004,22.1063757006103,45.83833496660277,68.39059113851636,22.552256171913584,55.18007454869352,71.01070117082392,15.830626622130403
3541307,Presidente Epitácio,2,2009,2009,1,2008,2010,70.0,60.0,>10,66.5423091309034,67.16761784985749,0.6253087189540878,67.97151771598229,66.16401570794014,-1.8075020080421496,67.89004910759476,66.82662268501501,-1.0634264225797523,67.84775143506847,64.10049145839102,-3.747259976677455
3541406,Presidente Prudente,1,1976,1981,6,1975,1982,40.0,70.0,>10,59.01647438438722,62.39929551960395,3.38282113521673,41.76753708894459,64.14302819519641,22.375491106251815,41.87693479163046,64.07727233046185,22.20033753883139,41.349197485346046,65.49531617119167,24.14611868584563
3541406,Presidente Prudente,2,1985,1996,12,1984,1997,70.0,99.0,>10,63.365815843951594,69.64819795221125,6.282382108259654,69.56937291988714,88.22064892177234,18.651276001885194,69.59296464129834,86.03249501258048,16.439530371282146,68.67188803851707,93.96373041807117,25.291842379554097
3541505,Presidente Venceslau,1,2000,2002,3,1999,2003,50.0,70.0,1-5,64.33619119818701,65.08933689437949,0.7531456961924761,60.077168824715535,67.7717885280476,7.694619703332059,61.519388835632505,67.66781189194896,6.148423056316453,55.125318884885004,68.8041830212042,13.678864136319191
3541604,Promissão,1,2009,2009,1,2008,2010,80.0,80.0,1-5,73.949879146081,74.22525142709998,0.27537228101897426,78.85258360109222,79.30917945099974,0.4565958499075151,78.7663621792341,78.70540044859774,-0.06096173063635035,78.44307723818476,80.30330440015342,1.860227161968666
3541653,Quadra,1,2012,2012,1,2011,2013,90.0,100.0,1-5,91.90718324585814,92.06128326632053,0.15410002046239413,96.33601975047273,96.63774393981419,0.3017241893414564,97.49968807697951,96.65865456979196,-0.8410335071875465,92.32319185219221,97.90058053605885,5.577388683866644
3541901,Queluz,1,1981,2001,21,1980,2002,30.0,50.0,>10,35.37090534856111,50.559723559541,15.188818210979889,30.869628288899193,50.31064962718052,19.441021338281324,31.348178915458163,50.224641049482535,18.876462134024372,29.89084838517388,49.385089168057135,19.494240782883256
3542008,Quintana,1,1991,1997,7,1990,1998,70.0,80.0,6-10,72.82532871840559,75.02146378561703,2.1961350672114435,65.31827238846162,78.20934175915335,12.891069370691724,64.9077784742369,78.42071660418307,13.512938129946164,67.43415065006806,79.00562439622819,11.571473746160123
3542008,Quintana,2,1999,2003,5,1998,2004,80.0,70.0,6-10,75.02146378561703,76.66856508602561,1.647101300408579,78.20934175915335,86.65104173677774,8.441699977624396,78.42071660418307,88.3712872308512,9.950570626668124,79.00562439622819,79.8315781175698,0.8259537213416195
3542305,Redenção da Serra,1,1993,1993,1,1992,1994,35.0,35.0,6-10,42.57623727075183,44.239215920719204,1.6629786499673713,34.70933475375879,34.390267975225974,-0.3190667785328145,34.41833957707261,34.18059761362924,-0.2377419634433693,35.01844280190092,34.95659271590466,-0.06185008599625519
3542305,Redenção da Serra,2,1996,1996,1,1995,1997,35.0,35.0,6-10,45.07070524570289,46.733683895670254,1.6629786499673642,34.27048372428457,34.79286701496457,0.5223832906800041,34.232922299425326,35.29374981689117,1.060827517465846,34.83559126241781,34.62118186150109,-0.2144094009167148
3542305,Redenção da Serra,3,2000,2006,7,1999,2007,35.0,70.0,6-10,48.396662545637625,55.048577145507096,6.651914599869471,37.95760923137623,67.63502867548875,29.677419444112523,38.79894065342862,65.46494214819201,26.666001494763385,36.034100022437265,70.0438805029284,34.00978048049114
3542305,Redenção da Serra,4,2008,2009,2,2007,2010,70.0,70.0,6-10,55.048577145507096,57.54304512045815,2.494467974951057,67.63502867548875,66.76995664052679,-0.8650720349619689,65.46494214819201,65.67367815131894,0.20873600312692986,70.0438805029284,69.94184470453308,-0.1020357983953204
3542305,Redenção da Serra,5,2012,2012,1,2011,2013,70.0,45.0,6-10,58.37453444544184,60.0375130954092,1.6629786499673642,64.1091290363409,58.27236570932583,-5.8367633270150705,64.04287478805657,60.44807397682409,-3.5948008112324743,65.24755731603831,51.401469141955694,-13.846088174082617
3542305,Redenção da Serra,6,2014,2015,2,2013,2016,45.0,60.0,6-10,60.0375130954092,62.53198107036026,2.494467974951057,58.27236570932583,61.1924113655688,2.9200456562429693,60.44807397682409,62.22920671846802,1.7811327416439298,51.401469141955694,59.91123631326025,8.509767171304553
3542305,Redenção da Serra,7,2018,2018,1,2017,2019,67.5,70.0,6-10,63.36347039534394,65.02644904531131,1.6629786499673713,63.830356455832415,68.10762463910392,4.277268183271502,64.06104988134821,67.51103242873369,3.449982547385474,65.1178588394313,69.82595894836524,4.708100108933934
3542503,Reginópolis,1,1976,1981,6,1975,1982,50.0,100.0,6-10,69.94780101286405,71.07946197894655,1.1316609660825065,54.532231378108634,81.92783277215868,27.395601394050047,54.486711849452156,79.05393114592462,24.567219296472466,53.75059865498711,91.13182317778654,37.381224522799435
3542602,Registro,1,1980,1982,3,1979,1983,92.8,50.0,>10,45.10377189146197,46.18484671179456,1.0810748203325957,61.67624028495932,53.413417765971474,-8.262822518987846,58.69322694939696,52.5901137340964,-6.10311321530056,72.03913981487008,54.5160936469823,-17.523046167887784
3542602,Registro,2,1989,2008,20,1988,2009,40.0,50.0,>10,47.53619023721032,53.211833043956474,5.675642806746154,38.48528304624027,48.19579562366505,9.71051257742478,38.78153258866134,46.11263819971887,7.331105611057531,39.54095863406445,49.81051038472552,10.269551750661066
3542602,Registro,3,2010,2011,2,2009,2012,50.0,43.0,>10,53.211833043956474,54.02263915920592,0.8108061152494486,48.19579562366505,42.44764849052983,-5.74814713313522,46.11263819971887,41.86207461448507,-4.250563585233806,49.81051038472552,44.06503314966174,-5.745477235063781
3542800,Ribeira,1,1976,1991,16,1975,1992,30.0,60.0,>10,41.46550231303961,54.93790663731044,13.472404324270833,30.804425032379058,52.342797741085604,21.538372708706547,30.604775040524526,51.398067105753526,20.793292065229,30.707391026074568,56.648167822313724,25.940776796239156
3542800,Ribeira,2,1997,1997,1,1996,1998,50.0,80.0,>10,58.10788412537417,59.69287286940603,1.584988744031861,59.266132546487626,70.74519113287457,11.479058586386941,60.26143676904506,69.16670890149274,8.905272132447678,55.238691773102104,74.70685180280184,19.46816002969973
3542800,Ribeira,3,2000,2001,2,1999,2002,80.0,80.0,>10,60.48536724142196,62.86285035746976,2.3774831160477987,74.57240484463668,74.41124661148861,-0.16115823314807187,72.2469447626895,73.37799168517995,1.1310469224904551,80.28077346565574,77.42340237455065,-2.857371091105094
3542800,Ribeira,4,2012,2013,2,2011,2014,75.0,60.0,>10,69.99529970561315,72.37278282166093,2.3774831160477845,71.82243490431227,66.92526880583777,-4.8971660984745,71.44094543571336,68.29130729593572,-3.149638139777636,72.736259697328,62.58194483788342,-10.154314859444575
3543238,Ribeirão dos Índios,1,2001,2004,4,2000,2005,70.0,98.9,1-5,88.00259441412851,83.23153547148179,-4.771058942646718,73.20206469492011,95.64200459557269,22.439939900652575,75.23488125753862,93.5493175708882,18.31443631334959,70.57801854810751,98.70046860775831,28.122450059650802
3543501,Riversul,1,1979,2006,28,1978,2007,33.92857142857143,100.0,>10,49.156951715112314,71.11719072875054,21.96023901363823,34.83140591642825,101.35312349101653,66.52171757458828,35.94481414161674,101.79065801325746,65.84584387164071,33.71046561746642,99.82396478179545,66.11349916432903
3543600,Rifaina,1,1990,1993,4,1989,1994,50.0,100.0,1-5,74.28441605684962,75.17910873131981,0.8946926744701926,58.616339182937985,92.47664774805847,33.860308565120484,59.474160527411854,89.99593899352467,30.52177846611282,54.11338074638966,98.3504450746072,44.237064328217535
3543600,Rifaina,2,1998,2000,3,1997,2001,68.96551724137932,80.0,1-5,75.71592433600193,76.43167847557808,0.7157541395761484,87.27343359346108,80.051061284435,-7.222372309026085,88.29801718855937,81.31923119314433,-6.978785995415038,80.74755571838921,78.32496779955427,-2.4225879188349353
3543709,Rincão,1,1990,1990,1,1989,1991,61.20002296474911,80.0,1-5,68.86931829807129,69.39398366968909,0.5246653716178002,66.79151620183289,74.08351544429387,7.2919992424609745,67.71541215851455,73.39589355374858,5.680481395234025,64.59547745514058,76.39256439368584,11.797086938545263
3543808,Rinópolis,1,2016,2016,1,2015,2017,75.0,70.0,1-5,71.59765018279857,71.30558947608621,-0.2920607067123626,73.60280556996943,66.22329619202456,-7.379509377944871,73.15018952528708,66.80132514336188,-6.348864381925196,75.03277916952752,65.25008569276322,-9.782693476764294
3544202,Riolândia,1,1995,1995,1,1994,1996,100.0,120.0,1-5,94.91199679179846,94.21418374851935,-0.6978130432791119,104.79285458605565,99.04678647771853,-5.746068108337127,103.99035910394905,98.14311820466524,-5.847240899283804,104.01153876556624,104.14850363200695,0.1369648664407066
3544251,Rosana,1,2000,2000,1,1999,2001,46.0,80.0,1-5,69.99071470599667,69.64478080589943,-0.34593390009723635,65.6130821972444,60.05610513243938,-5.556977064805018,66.98023071149905,61.97555896682837,-5.004671744670674,60.32483926595081,59.812315271612725,-0.5125239943380819
3544251,Rosana,2,2003,2004,2,2002,2005,39.02964959568733,79.59447004608295,1-5,69.47181385585081,68.95291300570494,-0.5189008501458687,59.10113959453977,67.37007408438011,8.26893448984034,61.232034026529284,67.2530507767396,6.021016750210315,55.357062973081284,69.3785008454495,14.02143787236821
3544251,Rosana,3,2009,2009,1,2008,2010,70.0,80.0,1-5,68.43401215555909,68.08807825546185,-0.34593390009723635,73.91918434590038,74.308307055512,0.38912270961162676,72.85299747115114,73.1518457822221,0.2988483110709552,74.35152305187083,76.31190603724333,1.9603829853725045
3544400,Rubiácea,1,1981,1981,1,1980,1982,54.0,99.0,1-5,70.22078518606685,71.06765007288453,0.8468648868176842,65.62337272779178,82.748762511269,17.12538978347723,66.0573916176113,80.11241741482313,14.055025797211826,63.18535012406436,91.23107217112934,28.045722047064984
3544608,Sabino,1,1997,1997,1,1996,1998,79.0,85.0,1-5,73.14895573147707,73.87943126958888,0.7304755381118042,76.84964458390357,69.42890201352054,-7.420742570383027,75.32570813238596,67.76237650824719,-7.563331624138769,80.1094359459645,75.48279096144181,-4.626644984522699
3544608,Sabino,2,2012,2012,1,2011,2013,120.0,90.0,1-5,78.62752226731553,79.35799780542732,0.73047553811179,105.78111686067174,92.18754171804936,-13.593575142622385,102.66934246042322,92.41485342517538,-10.254489035247843,112.30566480296089,89.86084682623604,-22.44481797672485
3544806,Sales,1,1976,1976,1,1975,1977,80.0,100.0,1-5,67.01191331270545,67.82021950720112,0.8083061944956711,75.49670241659993,83.81530632555656,8.318603908956632,75.57524211716434,81.12572543390993,5.5504833167455985,77.13643509977562,91.90232370646838,14.765888606692755
3545308,Salto de Pirapora,1,1976,1992,17,1975,1993,70.79646017699115,60.0,>10,66.18036177654143,66.04388338021548,-0.1364783963259555,70.49609466377377,59.90611025348082,-10.589984410292956,70.39258009928245,59.690449136624046,-10.702130962658408,70.68055706152482,60.13917763942149,-10.541379422103333
3545308,Salto de Pirapora,2,1996,1997,2,1995,1998,60.0,60.0,>10,66.02871911395704,66.00597271456938,-0.02274639938765688,59.53624671969,60.614382743917545,1.0781360242275468,59.67240866343373,61.19456882782321,1.5221601643894829,59.68553332571772,59.579081691294164,-0.1064516344235571
3545308,Salto de Pirapora,3,2007,2007,1,2006,2008,69.53174603174604,69.53174603174604,>10,65.94531564953562,65.93015138327718,-0.01516426625843792,70.06202134863682,69.8417000849803,-0.2203212636565155,70.13840109569085,70.30153839804738,0.16313730235653168,69.6339946968202,69.47328320537623,-0.16071149144396202
3545407,Salto Grande,1,1978,1980,3,1977,1981,70.0,60.0,1-5,68.39806529759417,69.69279433024809,1.294729032653919,65.28486599638894,71.71717800424962,6.4323120078606735,65.61545479101869,72.0020954986986,6.386640707679902,66.0044541910439,68.24537585726894,2.2409216662250344
3545506,Sandovalina,1,1994,2005,12,1993,2006,40.0,80.0,>10,59.56444175703693,69.84166662667748,10.277224869640548,40.32431324442473,79.71941587039016,39.395102625965436,40.62302696342258,79.01121273742241,38.38818577399983,40.04227047586479,79.94823001497227,39.90595953910748
3545704,Santa Albertina,1,1997,2006,10,1996,2007,70.0,105.55555555555556,6-10,93.22934796219053,91.47035902854587,-1.758988933644659,71.46946382330529,107.69970440620543,36.23024058290014,72.20264393122518,108.92497065391467,36.72232672268949,70.16421818227545,101.94133652789641,31.777118345620963
3546009,Santa Branca,1,1997,2008,12,1996,2009,100.0,60.0,>10,43.5647923766846,47.97102989028283,4.406237513598228,74.96667279070869,63.723456180546634,-11.243216610162051,70.19659047047584,63.8992630457109,-6.297327424764937,86.05082193198369,62.26048775220375,-23.79033417977994
3546009,Santa Branca,2,2012,2016,5,2011,2017,60.0,50.0,>10,48.648912584682556,50.682560667881745,2.033648083199189,58.04529890044092,50.31226696924281,-7.733031931198106,58.49982013168884,50.48274360227999,-8.017076529408854,58.51416556573713,50.322786075665604,-8.191379490071526
3546603,Santa Fé do Sul,1,1998,2008,11,1997,2009,60.0,150.0,>10,70.05101611254631,81.48472678447898,11.433710671932673,65.98745805730468,127.96599586952593,61.97853781222125,67.12560846005174,121.39246559604341,54.26685713599167,62.77208317885197,141.81969883692094,79.04761565806896
3546801,Santa Isabel,1,1992,2000,9,1991,2001,40.0,60.0,6-10,45.9768796910929,48.06230066952441,2.0854209784315145,41.12892758629536,59.51546742879202,18.38653984249666,42.31362985756341,59.245677309725856,16.932047452162443,39.323177903999884,59.923835092080346,20.60065718808046
3546900,Santa Lúcia,1,1990,1990,1,1989,1991,66.0,80.0,1-5,69.0367901637687,69.63474573756024,0.5979555737915376,70.65913647571182,75.1679435892286,4.508807113516781,70.68625618654023,74.06163627371753,3.375380087177291,68.92046823823483,77.71744196064284,8.796973722408012
3547106,Santa Mercedes,1,1998,2006,9,1997,2007,68.0,80.0,6-10,74.92901801742588,73.95677643214785,-0.9722415852780273,73.622924039466,89.49048313377452,15.867559094308518,74.51744749513347,90.37016789470312,15.852720399569648,71.48990101591819,85.33222970652308,13.842328690604887
3547908,Santo Antônio da Alegria,1,2012,2012,1,2011,2013,80.0,84.84848484848484,1-5,79.21422012200111,79.25098675802757,0.03676663602645647,79.52980381304988,80.1462265571979,0.616422744148025,78.97102621852878,79.7639159742387,0.7928897557099219,80.99002355489033,80.97339481148177,-0.016628743408560354
3548104,Santo Antônio do Jardim,1,1980,1982,3,1979,1983,77.2,60.0,6-10,77.00785930469792,78.21175196930183,1.203892664603913,75.91411941152434,69.23137812593515,-6.682741285589188,75.63826405911524,70.22445812872022,-5.4138059303950286,76.38666187512301,66.37484909349675,-10.011812781626261
3548104,Santo Antônio do Jardim,2,1989,1989,1,1988,1990,80.0,80.0,6-10,79.71661780005672,80.31856413235867,0.6019463323019494,77.84256527185451,82.86159918456013,5.019033912705623,77.52280994102782,81.87745618721623,4.354646246188409,77.898712397239,85.60276832489942,7.70405592766042
3548104,Santo Antônio do Jardim,3,2003,2009,7,2002,2010,80.0,95.0,6-10,83.93024212617041,86.33802745537824,2.407785329207826,82.1818941842956,91.58384702453684,9.401952840241236,82.9212278986005,89.89740978378825,6.976181885187742,80.4612073997206,94.83871985667324,14.37751245695263
3548302,Santo Expedito,1,1976,1982,7,1975,1983,40.0,60.0,6-10,51.92886604278182,55.710752423404024,3.781886380622204,40.98739181132113,52.474567952979264,11.487176141658132,40.91673051865495,52.29519123318406,11.378460714529112,41.20223393382795,55.02749113355731,13.825257199729364
3548302,Santo Expedito,2,1987,1989,3,1986,1990,90.0,60.0,6-10,57.12895981613735,59.01990300644845,1.8909431903110985,58.00972633803634,62.75801940587963,4.748293067843292,57.38467940085314,62.62452980630656,5.239850405453424,63.15696502086538,62.653550676747614,-0.5034143441177648
3548302,Santo Expedito,3,1991,1998,8,1990,1999,60.0,70.0,6-10,59.01990300644845,63.274525184648425,4.254622178199973,62.75801940587963,69.84534022370407,7.087320817824441,62.62452980630656,70.35439334392463,7.7298635376180655,62.653550676747614,68.92953869242086,6.275988015673249
3549003,São Francisco,1,1994,2006,13,1993,2007,83.0,60.0,>10,71.08715738924934,79.64875629783913,8.561598908589787,81.24508082460596,63.21804266913836,-18.0270381554676,80.11314649668587,65.68596527823127,-14.427181218454606,82.99073750565205,60.1431631434833,-22.84757436216875
3549003,São Francisco,2,2008,2009,2,2007,2010,60.0,70.0,>10,79.64875629783913,81.48338463539409,1.8346283375549604,63.21804266913836,74.45617425169296,11.238131582554594,65.68596527823127,75.21374761195045,9.527782333719188,60.1431631434833,72.5815571358261,12.438393992342803
3549102,São João da Boa Vista,1,1980,1980,1,1979,1981,51.18490566037736,62.0,1-5,71.20336955181399,72.05455371135261,0.8511841595386187,52.633861645292825,54.815960389421114,2.1820987441282895,53.154782291130914,56.13253622170609,2.977753930575176,52.80528435369761,54.14966086469625,1.344376510998643
3549201,São João das Duas Pontes,1,1989,2003,15,1988,2004,80.0,80.0,>10,83.15866901765095,79.72082178342907,-3.437847234221877,76.9669764196798,80.17683325753653,3.2098568378567336,76.78404852074017,79.54156171109592,2.757513190355752,78.96569689093003,80.3946302901321,1.4289333992020659
3549300,São João do Pau d'Alho,1,1985,2009,25,1984,2010,93.0,100.0,>10,101.35748924391582,79.76134349222669,-21.596145751689136,93.18070553537038,96.69306864107948,3.512363105709099,93.3011485354394,94.77561541405598,1.4744668786165818,93.03416309970173,99.90864119840656,6.874478098704827
3549607,São José do Barreiro,1,1992,1992,1,1991,1993,40.0,40.0,1-5,43.09380822480759,44.49885122092537,1.4050429961177784,39.9402045372724,39.69526906392139,-0.2449354733510134,39.9247473414472,39.66930904861002,-0.25543829283718367,40.01322132766285,39.99092245160426,-0.022298876058584938
3549607,São José do Barreiro,2,1996,1996,1,1995,1997,40.0,40.0,1-5,45.903894217043145,47.30893721316093,1.4050429961177855,39.64048085362579,40.50476400248559,0.8642831488597977,39.783556964978075,40.89281350208695,1.1092565371088767,39.71050032687696,39.70985028749771,-0.0006500393792521209
3549904,São José dos Campos,1,2000,2001,2,1999,2002,30.0,60.0,6-10,35.94271171137187,36.16236741694545,0.2196557055735795,35.96900212090504,39.60869449637603,3.639692375470993,35.78274557876681,37.78802224723102,2.0052766684642123,35.167110463608715,46.20465426711078,11.037543803502068
3549904,São José dos Campos,2,2011,2015,5,2010,2016,30.0,50.0,6-10,36.74811596514164,37.187427376288795,0.4393114111471519,31.43004156270597,48.46691979308198,17.036878230376008,31.818131820504256,47.4346690658214,15.616537245317147,30.796581936245836,49.67452779023439,18.877945853988557
3549904,São José dos Campos,3,2017,2024,8,2016,2025,50.0,64.0,6-10,37.187427376288795,37.84639449300951,0.6589671167207172,48.46691979308198,64.2727969774844,15.805877184402426,47.4346690658214,64.41561349220449,16.980944426383083,49.67452779023439,64.05744683472074,14.382919044486343
3550001,São Luiz do Paraitinga,1,1996,1996,1,1995,1997,35.0,35.0,1-5,45.81794949876193,46.98786499039527,1.169915491633347,35.46869909422819,38.20288263508214,2.734183540853948,36.05851888273512,38.7059431627742,2.6474242800390755,34.63823137550513,36.257576686436515,1.6193453109313865
3550001,São Luiz do Paraitinga,2,2000,2000,1,1999,2001,40.0,60.0,1-5,48.15778048202863,49.327695973661974,1.169915491633347,43.28615923961877,47.421125386392056,4.134966146773287,42.58153116485639,45.41578111508906,2.8342499502326675,43.79262934552255,52.688045572749246,8.895416227226697
3550001,São Luiz do Paraitinga,3,2002,2004,3,2001,2005,60.0,19.857142857142858,1-5,49.327695973661974,51.667526956928675,2.339830983266701,47.421125386392056,42.80718250981155,-4.613942876580509,45.41578111508906,42.97388211624072,-2.4418989988483375,52.688045572749246,39.15180045433269,-13.53624511841656
3550001,São Luiz do Paraitinga,4,2012,2012,1,2011,2013,60.0,83.33333333333333,1-5,55.17727343182873,56.34718892346208,1.169915491633347,56.136695098751915,64.79463480738804,8.657939708636121,55.1499024454975,62.53742847385075,7.38752602835325,60.321822327052686,72.28879313177158,11.966970804718898
3550001,São Luiz do Paraitinga,5,2015,2015,1,2014,2016,60.0,60.0,1-5,56.93214666927875,58.102062160912105,1.169915491633354,65.33396660263412,64.073622631574,-1.2603439710601236,63.941075009947305,64.76246274674575,0.8213877367984495,67.58670242833732,60.74319880355693,-6.843503624780389
3550308,São Paulo,1,1977,2012,36,1976,2013,31.5,1.2,>10,26.253346426370914,23.362293977202707,-2.891052449168207,29.46963071617041,9.39428859981272,-20.07534211635769,29.07802939505941,10.225381298638608,-18.8526480964208,30.699309766327467,6.1409796457450465,-24.55833012058242
3550605,São Roque,1,2009,2010,2,2008,2011,59.595238095238095,100.0,1-5,71.86719005284036,77.61683208680245,5.74964203396209,67.70074987023938,88.87055199606426,21.169802125824887,69.28798021127727,87.91632009053173,18.628339879254455,64.097114830011,92.06806026355748,27.97094543354649
3550605,São Roque,2,2015,2016,2,2014,2017,100.0,100.0,1-5,83.36647412076454,89.11611615472663,5.74964203396209,99.8171022706682,97.49463653216452,-2.3224657385036807,98.45308649745482,96.92783926313727,-1.525247234317547,100.77890905722556,99.38178374897915,-1.397125308246416
3550803,São Sebastião da Grama,1,1982,2006,25,1981,2007,64.0909090909091,90.0,>10,67.41337067551804,72.10103991417047,4.687669238652433,68.50045937867573,90.64022923207649,22.139769853400765,68.85576197591186,89.40695676858604,20.55119479267418,66.77350972790268,91.58171086195702,24.808201134054343
3551207,Sarutaiá,1,2000,2001,2,1999,2002,70.0,75.15789473684211,1-5,78.73043493557353,80.04320343967711,1.3127685041035875,70.02373820183506,76.21363793163455,6.189899729799492,70.30482776534132,75.7107986218652,5.405970856523879,70.4821993969271,76.55922466638123,6.077025269454126
3551306,Sebastianópolis do Sul,1,1981,1981,1,1980,1982,100.0,66.91358024691358,1-5,63.98927959314379,64.71807603133246,0.7287964381886667,80.4340304997084,73.21501689072196,-7.219013608986444,79.9785112121343,73.25103794337869,-6.7274732687556025,84.61597272613156,72.87975176275408,-11.736220963377477
3552007,Silveiras,1,1981,2001,21,1980,2002,35.0,50.0,>10,40.325441781859865,55.46005864208186,15.134616860221996,34.47529663352824,49.052525396884164,14.577228763355926,35.01967209888063,49.52590751178548,14.50623541290485,33.833812837044974,48.92179602381621,15.08798318677124
3552007,Silveiras,2,2007,2007,1,2006,2008,60.0,62.6,>10,58.21180716212222,59.5876814221424,1.3758742600201828,59.79891324465476,63.16439167598516,3.365478431330395,59.4279152061769,62.819986385086395,3.3920711789094966,60.657881984343845,63.40579967922967,2.747917694885828
3552205,Sorocaba,1,1996,1997,2,1995,1998,25.0,25.0,1-5,42.07729752510306,48.31480716284378,6.237509637740715,24.565981817885234,36.61397175416457,12.047989936279333,26.288910852183196,39.508304551359856,13.21939369917666,22.94729165022146,27.7494739951324,4.802182344910943
3552205,Sorocaba,2,2007,2007,1,2006,2008,70.0,79.46190476190476,1-5,64.94816619681902,69.10650595531283,4.15833975849381,74.1084538995195,73.43764759800848,-0.6708063015110213,75.05382687468656,75.4803387528574,0.42651187817084235,72.33647475268538,69.6463942094884,-2.69008054319697
3552403,Sumaré,1,2010,2010,1,2009,2011,60.0,60.0,1-5,75.55855776765823,77.30513375648191,1.746575988823679,62.519546655097926,66.5279148567522,4.008368201654278,63.92329514403619,68.1758314839318,4.252536339895613,59.12324732055256,61.5509521256155,2.4277048050629446
3552551,Suzanápolis,1,2007,2007,1,2006,2008,80.0,90.0,1-5,92.61701558341466,89.93749583906919,-2.6795197443454697,85.78103698575117,89.51137576000512,3.7303387742539513,86.04158980773185,87.82523885252354,1.7836490447916873,83.67598387807726,91.69885800891116,8.022874130833898
3552908,Taciba,1,2007,2007,1,2006,2008,60.0,60.0,1-5,69.32922958666072,70.36969013782578,1.0404605511650686,60.846005395252455,64.07788413051284,3.2318787352603877,61.28874473679569,64.40815941231726,3.1194146755215684,59.92802439292399,63.12097219807304,3.1929478051490534
3553005,Taguaí,1,2000,2001,2,1999,2002,65.0,66.0,1-5,74.42764400237172,77.34585055843954,2.9182065560678154,65.01674003969228,72.16731286027026,7.1505728205779775,65.63564911558018,72.11834051950083,6.482691403920654,64.76849049251679,70.88124238619721,6.112751893680425
3553906,Tarabai,1,1995,2005,11,1994,2006,60.0,62.0,>10,47.54562682038835,63.275375520110956,15.729748699722606,52.19815393488251,66.19058053753682,13.992426602654305,50.77625210458664,66.77414355914678,15.99789145456014,56.698455480216374,64.25250331531468,7.554047835098309
3554003,Tatuí,1,2012,2012,1,2011,2013,89.0,80.0,1-5,81.92346898596871,81.17950019870237,-0.7439687872663399,87.36158723314914,79.71763047837783,-7.64395675477131,85.92420206112143,79.46354493387999,-6.460657127241447,89.37954766198757,81.38987029033142,-7.989677371656157
3554102,Taubaté,1,1996,1996,1,1995,1997,35.0,35.0,>10,28.641839307193692,27.46310704590632,-1.1787322612873723,34.98101486125185,33.40578329002349,-1.5752315712283576,34.67247847411872,32.709664677815866,-1.9628137963028536,35.175002621101775,34.563806568012446,-0.6111960530893299
3554102,Taubaté,2,1998,2010,13,1997,2011,35.0,0.1,>10,27.46310704590632,19.211981216894692,-8.251125829011627,33.40578329002349,1.544392872665521,-31.86139041735797,32.709664677815866,2.680421640581966,-30.0292430372339,34.563806568012446,0.34938423547670544,-34.21442233253574
3554102,Taubaté,3,2012,2017,6,2011,2018,0.1,15.384615384615383,>10,19.211981216894692,15.086418302388878,-4.125562914505814,1.544392872665521,14.615835517821157,13.071442645155637,2.680421640581966,13.994302476774273,11.313880836192308,0.34938423547670544,15.255245143150528,14.905860907673823
3554201,Tejupá,1,1978,1984,7,1977,1985,40.0,80.0,6-10,55.78062702667515,62.33184336456975,6.551216337894601,37.27419093650108,75.57589920612315,38.301708269622075,36.97195882997408,74.58878456089215,37.61682573091807,37.907728935105034,78.71306486470513,40.8053359296001
3554201,Tejupá,2,2000,2001,2,1999,2002,73.0,75.0,6-10,73.79647195588531,76.2531780825958,2.456706126710486,71.73976286561388,75.34987894465534,3.610116079041461,71.79702685110344,75.17581858963536,3.378791738531916,73.06987874587627,75.27578321859522,2.205904472718956
3554607,Timburi,1,1977,1984,8,1976,1985,25.5,80.0,6-10,57.67798857570048,63.372919401634874,5.694930825934392,30.571614178528947,76.90674888362287,46.33513470509392,32.35031771550501,76.34248016692361,43.9921624514186,26.18085477718179,78.25302441520192,52.07216963802013
3554607,Timburi,2,1987,1991,5,1986,1992,80.0,83.0,6-10,64.00568949340536,67.80231004402829,3.796620550622933,80.12788212610755,83.40270554303424,3.2748234169266937,79.33033545578027,83.2548269332619,3.9244914774816237,81.0482806610345,83.2809146367401,2.2326339757056104
3554607,Timburi,3,1994,1994,1,1993,1995,83.0,80.0,6-10,68.43508013579877,69.70062031933975,1.2655401835409776,82.59638333298803,80.92459073246036,-1.6717926005276667,82.6072753277929,81.14677732401351,-1.4604980037793922,82.49106871183663,80.51684727406197,-1.9742214377746592
3554607,Timburi,4,2000,2001,2,1999,2002,80.0,80.0,6-10,72.2317006864217,74.13001096173316,1.8983102753114593,79.77083211899141,80.50438677105619,0.7335546520647824,79.93601128892436,80.6595950276648,0.7235837387404445,79.83412201962446,79.94184471990135,0.10772270027689501
3554904,Três Fronteiras,1,1994,1997,4,1993,1998,60.0,60.0,6-10,65.00274597608887,67.9103121963584,2.90756622026953,58.50519728919638,61.03842331758219,2.533226028385812,58.44889868287566,62.718141006064684,4.269242323189026,59.49584215826006,59.06986633445195,-0.42597582380810906
3554904,Três Fronteiras,2,2000,2008,9,1999,2009,60.0,120.0,6-10,68.49182544041231,74.30695788095137,5.81513244053906,65.04820197151545,112.64366201681354,47.59546004529808,66.51807695998673,107.63317313002338,41.11509617003665,62.123485592739506,121.1379695257022,59.0144839329627
3555000,Tupã,1,1976,1978,3,1975,1979,60.0,67.54990464081374,6-10,69.6742894522468,69.95847306919406,0.28418361694726,60.39639822676211,65.4715832317711,5.075185005008997,60.49102340091205,66.09321584192062,5.602192441008576,60.526044997679854,65.02915647139223,4.503111473712373
3555000,Tupã,2,1998,2003,6,1997,2004,70.0,80.0,6-10,71.23729934545668,71.73462067511437,0.4973213296576944,73.76870965730201,84.85117145330189,11.082461795999876,73.48202175961573,83.71377980903351,10.231758049417778,73.62443336172592,86.17185522824562,12.547421866519699
3555208,Turiúba,1,1993,1997,5,1992,1998,80.0,80.0,1-5,85.75383563768385,85.20101014766388,-0.5528254900199698,82.61616346168518,78.5345400777364,-4.081623383948781,82.38386779544066,80.07173202328565,-2.312135772155017,81.94276448082756,78.91317422466767,-3.029590256159892
3555208,Turiúba,2,1999,2003,5,1998,2004,80.0,80.0,1-5,85.20101014766388,84.64818465764391,-0.5528254900199698,78.5345400777364,90.68205401511925,12.147513937382854,80.07173202328565,93.93875435475337,13.867022331467723,78.91317422466767,83.38216420514117,4.468989980473495
3555307,Turmalina,1,1984,1984,1,1983,1985,75.47457627118644,80.0,1-5,80.31891166198072,79.93166212936077,-0.387249532619947,76.43868913001455,78.46794673465365,2.029257604639099,76.53388205026597,78.30827442869321,1.7743923784272368,75.88790861852645,79.29662453434702,3.408715915820565
3555307,Turmalina,2,1986,1986,1,1985,1987,80.0,80.0,1-5,79.93166212936077,79.54441259674081,-0.3872495326199612,78.46794673465365,79.5954305349755,1.1274838003218548,78.30827442869321,79.59568937369377,1.2874149450005632,79.29662453434702,80.10205713710029,0.805432602753271
3555802,Urânia,1,1997,2000,4,1996,2001,60.0,60.0,1-5,75.92359805343564,81.20333812350303,5.27974007006739,59.43385344117984,62.092518572107394,2.6586651309275524,60.63051815708827,63.68079594269193,3.0502777856036616,58.51995397734525,60.106971113459025,1.5870171361137722
3555802,Urânia,2,2002,2006,5,2001,2007,60.0,90.0,1-5,81.20333812350303,87.5390262075839,6.335688084080871,62.092518572107394,91.71968288900857,29.627164316901172,63.68079594269193,90.70878933697456,27.027993394282632,60.106971113459025,90.5143846971491,30.407413583690072
3555901,Uru,1,2012,2012,1,2011,2013,119.9925187032419,120.04928131416838,1-5,95.57772179930619,95.8932872113039,0.31556541199771004,114.625210971086,118.66792075783407,4.042709786748063,112.18824266361611,117.50840800233341,5.3201653387173025,120.69621699487384,117.05924985218755,-3.636967142686288
3556107,Valentim Gentil,1,1978,1988,11,1977,1989,60.0,70.0,>10,65.94803015875277,69.50892302667744,3.5608928679246645,57.65059156901214,77.17725884576456,19.526667276752413,56.55770077247246,80.48347830787688,23.92577753540442,60.33664975857237,69.91431679832604,9.57766703975367
3556107,Valentim Gentil,2,2001,2001,1,2000,2002,70.0,50.0,>10,72.77307482227505,73.36655696692917,0.5934821446541179,61.842912418605636,54.077483056118794,-7.765429362486842,62.030290146693496,55.766456112735604,-6.263834033957892,65.6290837316688,52.92723362056722,-12.701850111101578
3556107,Valentim Gentil,3,2005,2005,1,2004,2006,50.0,50.0,>10,73.96003911158327,74.55352125623739,0.5934821446541179,54.51707226231931,65.81253846300372,11.295466200684409,56.989319550675255,66.7188815449783,9.729561994303047,49.152933322952585,61.87838079261766,12.725447469665077
3556107,Valentim Gentil,4,2007,2007,1,2006,2008,50.0,110.0,>10,74.55352125623739,75.1470034008915,0.5934821446541179,65.81253846300372,82.05392738063664,16.241388917632918,66.7188815449783,79.84871026751036,13.129828722532054,61.87838079261766,91.1257854276805,29.247404635062836
3556107,Valentim Gentil,5,2012,2012,1,2011,2013,78.150765606596,90.0,>10,76.03722661787266,76.63070876252678,0.5934821446541179,87.24200051877595,86.92974493126525,-0.31225558751070537,86.62810028776737,86.03344638801107,-0.5946538997562953,83.07091459919143,87.99411406334957,4.923199464158145
3556958,Vitória Brasil,1,2000,2001,2,1999,2002,80.0,80.0,1-5,93.60484508637033,93.59317197850574,-0.011673107864595522,77.11492831112146,76.99726150064866,-0.11766681047279803,76.95486267864057,80.06770212619202,3.112839447551451,78.75005053784247,71.77434578055893,-6.975704757283538
3557105,Votuporanga,1,1999,2003,5,1998,2004,70.0,80.0,1-5,75.19281557692874,75.35014653631647,0.15733095938773545,70.11806249018,79.41147173607808,9.29340924589809,70.48945425029692,80.09281323664477,9.603358986347857,70.07314794004277,77.30624078901505,7.233092848972277
3557154,Zacarias,1,1999,2003,5,1998,2004,100.0,100.0,1-5,114.30819736079897,105.74885170022088,-8.559345660578089,98.86923776909046,105.71254887247763,6.843311103387165,99.12888047518912,107.901616549565,8.772736074375885,99.60469013547554,100.00894303176773,0.4042528962921921
3557303,Estiva Gerbi,1,1996,1996,1,1995,1997,80.0,80.0,1-5,77.9812375114301,78.10716380798135,0.1259262965512562,80.02043281658888,80.17105806771232,0.1506252511234436,80.11223965552242,80.30987872803577,0.1976390725133541,79.98005424720972,79.99981181954752,0.019757572337795182
