ibge_code,municipality,n_valid_years,valid_years_1974_1989,valid_years_1990_2025,latest_valid_year,valid_yield_2025,first_valid_year,last_valid_year,calendar_span_years,n_missing_inside_span,max_internal_gap_years,n_internal_gaps,share_valid_within_span,mean_observed_area_share_1990_2025,max_observed_area_share_1990_2025,mean_observed_harvested_area_ha_1990_2025,observed_area_share_2025,eligible_G10_S15_GU,eligible_G15_S20_G10,eligible_G20_S25_G5,eligible_G25_S30_G3,eligible_G30_S35_G2,eligible_G35_S40_G1
3500105,Adamantina,46,10,36,2025,True,1980,2025,46,0,0,0,1.0,0.0024220212091610985,0.0030845046311266614,9513.5,0.0020954981410278187,True,True,True,True,True,True
3500204,Adolfo,32,7,25,2025,True,1974,2025,52,20,17,3,0.6153846153846154,0.0006704588355998198,0.0031162622926809128,3257.25,0.0011772751913995394,True,False,False,False,False,False
3500303,Aguaí,43,8,35,2025,True,1981,2025,45,2,1,2,0.9555555555555556,0.001874361598810062,0.0029157310838372735,7964.055555555556,0.002012594037994821,True,True,True,True,True,True
3500402,Águas da Prata,7,0,7,2025,True,2009,2025,17,10,10,1,0.4117647058823529,2.643032466381933e-06,1.6327813315850406e-05,13.75,1.1078499291714611e-05,False,False,False,False,False,False
3500501,Águas de Lindóia,18,12,6,1997,False,1974,1997,24,6,6,1,0.75,6.390124301373275e-07,5.274957140973229e-06,1.3888888888888888,0.0,True,True,False,False,False,False
3500550,Águas de Santa Bárbara,38,8,30,2025,True,1976,2025,50,12,6,2,0.76,0.0004824128330381318,0.0011592428752932884,2391.3055555555557,0.0007385666194476408,True,True,False,False,False,False
3500600,Águas de São Pedro,0,0,0,,False,,,0,0,,0,,0.0,0.0,0.0,,False,False,False,False,False,False
3500709,Agudos,52,16,36,2025,True,1974,2025,52,0,0,0,1.0,0.002768325163893993,0.005538977230920165,10242.194444444445,0.0023080206857738774,True,True,True,True,True,True
3500758,Alambari,18,0,18,2025,True,2008,2025,18,0,0,0,1.0,7.096770480727245e-05,0.0002125278604704362,379.3939393939394,3.692833097238204e-05,True,False,False,False,False,False
3500808,Alfredo Marcondes,2,0,2,1999,False,1991,1999,9,7,7,1,0.2222222222222222,1.4620819008610633e-06,3.913894324853229e-05,3.4722222222222223,0.0,False,False,False,False,False,False
3500907,Altair,38,2,36,2025,True,1988,2025,38,0,0,0,1.0,0.003230474726939343,0.009483649293933364,14354.777777777777,0.003877474752100114,True,True,True,True,True,False
3501004,Altinópolis,52,16,36,2025,True,1974,2025,52,0,0,0,1.0,0.004140626281822699,0.005492458901194508,16630.222222222223,0.003692833097238204,True,True,True,True,True,True
3501103,Alto Alegre,49,15,34,2025,True,1974,2025,52,3,1,3,0.9423076923076923,0.002077409908834109,0.0034287221416325992,8403.638888888889,0.002621911499039125,True,True,True,True,True,True
3501152,Alumínio,20,0,20,2022,False,2002,2022,21,1,1,1,0.9523809523809523,4.620534337825058e-06,1.8790281666322178e-05,16.82758620689655,0.0,True,True,False,False,False,False
3501202,Álvares Florence,23,3,20,2025,True,1974,2025,52,29,29,1,0.4423076923076923,0.0006609596675232576,0.0022083257360209756,3596.0833333333335,0.001846416548619102,True,False,False,False,False,False
3501301,Álvares Machado,22,8,14,2025,True,1982,2025,44,22,22,1,0.5,3.4430595901986746e-05,0.0001481844807875116,186.11111111111111,0.00014771332388952815,True,False,False,False,False,False
3501400,Álvaro de Carvalho,0,0,0,,False,,,0,0,,0,,0.0,0.0,0.0,0.0,False,False,False,False,False,False
3501509,Alvinlândia,1,0,1,2005,False,2005,2005,1,0,0,0,1.0,2.8365327261316304e-06,0.0001021151781407387,8.75,0.0,False,False,False,False,False,False
3501608,Americana,52,16,36,2025,True,1974,2025,52,0,0,0,1.0,0.0005821372427665008,0.0011037649422179052,1873.9166666666667,4.4313997166858445e-05,True,True,True,True,True,True
3501707,Américo Brasiliense,52,16,36,2025,True,1974,2025,52,0,0,0,1.0,0.0024631070020362813,0.004826585783990505,8223.972222222223,0.0012924915840333714,True,True,True,True,True,True
3501806,Américo de Campos,18,0,18,2025,True,2008,2025,18,0,0,0,1.0,0.0006910573354439365,0.0021233600358928715,3732.1111111111113,0.0013663482459781355,True,False,False,False,False,False
3501905,Amparo,52,16,36,2025,True,1974,2025,52,0,0,0,1.0,0.0005023380997034845,0.0013280800389570144,1740.611111111111,0.00016617748937571917,True,True,True,True,True,True
3502002,Analândia,51,15,36,2025,True,1974,2025,52,1,1,1,0.9807692307692307,0.001079628086761158,0.0017416403530812975,4662.5,0.0013848124114643264,True,True,True,True,True,True
3502101,Andradina,32,2,30,2025,True,1974,2025,52,20,20,1,0.6153846153846154,0.004497197465248114,0.008808172900368724,21415.972222222223,0.007910417777593957,True,False,False,False,False,False
3502200,Angatuba,36,6,30,2025,True,1984,2025,42,6,3,3,0.8571428571428571,6.655966008493312e-05,0.0002125278604704362,300.22222222222223,1.1078499291714611e-05,True,True,True,True,False,False
3502309,Anhembi,43,7,36,2025,True,1983,2025,43,0,0,0,1.0,0.0018240010247119172,0.0025572869198374564,7489.0,0.0025572869198374564,True,True,True,True,True,True
3502408,Anhumas,34,8,26,2025,True,1982,2025,44,10,5,2,0.7727272727272727,0.000678527293080953,0.001666902811231591,3625.6666666666665,0.0016063823972986186,True,True,True,False,False,False
3502507,Aparecida,5,4,1,1991,False,1983,1991,9,4,3,2,0.5555555555555556,1.233920473825462e-06,4.318721658389117e-05,2.2857142857142856,0.0,False,False,False,False,False,False
3502606,Aparecida d'Oeste,23,0,23,2025,True,2003,2025,23,0,0,0,1.0,0.00013736989439610794,0.0002902733921802162,703.1111111111111,0.00024372698441772146,True,True,False,False,False,False
3502705,Apiaí,11,0,11,2011,False,1992,2011,20,9,6,3,0.55,2.393629589112682e-05,0.00019864111818175399,84.88888888888889,0.0,True,False,False,False,False,False
3502754,Araçariguama,9,0,9,2008,False,2000,2008,9,0,0,0,1.0,1.0523918608020164e-05,7.516112666528871e-05,30.90625,0.0,False,False,False,False,False,False
3502804,Araçatuba,44,8,36,2025,True,1981,2025,45,1,1,1,0.9777777777777777,0.006424311654648058,0.011992550205139278,24804.583333333332,0.006277816265304947,True,True,True,True,True,True
3502903,Araçoiaba da Serra,50,16,34,2025,True,1974,2025,52,2,1,2,0.9615384615384616,0.00011452488625833952,0.0002400688749323944,395.77777777777777,5.539249645857306e-05,True,True,True,True,True,True
3503000,Aramina,52,16,36,2025,True,1974,2025,52,0,0,0,1.0,0.002773543994799359,0.00489964436087152,10011.944444444445,0.0022278862075638083,True,True,True,True,True,True
3503109,Arandu,35,5,30,2025,True,1974,2025,52,17,6,4,0.6730769230769231,0.0001351276369132485,0.000522852305726383,622.8888888888889,9.23208274309551e-06,True,True,False,False,False,False
3503158,Arapeí,26,0,26,2025,True,1995,2025,31,5,2,4,0.8387096774193549,9.889805290329413e-06,2.0439030372399134e-05,41.45454545454545,9.23208274309551e-06,True,True,True,True,False,False
3503208,Araraquara,52,16,36,2025,True,1974,2025,52,0,0,0,1.0,0.010511693043186113,0.020640381053188675,36275.555555555555,0.006300896472162686,True,True,True,True,True,True
3503307,Araras,51,16,35,2025,True,1974,2025,52,1,1,1,0.9807692307692307,0.00810647731362408,0.015289903862073533,27742.722222222223,0.006093174610443036,True,True,True,True,True,True
3503356,Arco-Íris,24,0,24,2025,True,2002,2025,24,0,0,0,1.0,0.0005722820821114634,0.0013244900391263161,2824.1724137931033,0.0002492662340635788,True,True,False,False,False,False
3503406,Arealva,41,6,35,2025,True,1984,2025,42,1,1,1,0.9761904761904762,0.0012538284500740052,0.004414247070705644,6096.166666666667,0.0014771332388952816,True,True,True,True,True,True
3503505,Areias,37,14,23,2025,True,1974,2025,52,15,12,4,0.7115384615384616,5.001348900727858e-06,1.6857108772439404e-05,20.77777777777778,2.769624822928653e-06,True,False,False,False,False,False
3503604,Areiópolis,52,16,36,2025,True,1974,2025,52,0,0,0,1.0,0.001865263266582468,0.002982924756343889,6587.944444444444,0.0017356315557019559,True,True,True,True,True,True
3503703,Ariranha,52,16,36,2025,True,1974,2025,52,0,0,0,1.0,0.002426904904942744,0.004318721658389117,8431.916666666666,0.0015879182318124278,True,True,True,True,True,True
3503802,Artur Nogueira,52,16,36,2025,True,1974,2025,52,0,0,0,1.0,0.0006566149484429943,0.0011037649422179052,2471.3055555555557,0.0006831741229890678,True,True,True,True,True,True
3503901,Arujá,4,4,0,1977,False,1974,1977,4,0,0,0,1.0,0.0,0.0,0.0,0.0,False,False,False,False,False,False
3503950,Aspásia,18,0,18,2025,True,2007,2025,19,1,1,1,0.9473684210526315,6.854791274726188e-05,0.00022156998583429223,371.8181818181818,0.00022156998583429223,True,False,False,False,False,False
3504008,Assis,52,16,36,2025,True,1974,2025,52,0,0,0,1.0,0.0036137240765548853,0.018516519110343337,11420.833333333334,0.0020679865344533943,True,True,True,True,True,True
3504107,Atibaia,50,16,34,2025,True,1974,2025,52,2,2,1,0.9615384615384616,9.285930255288279e-06,1.6556474133268578e-05,35.583333333333336,9.23208274309551e-06,True,True,True,True,True,False
3504206,Auriflama,42,8,34,2025,True,1982,2025,44,2,1,2,0.9545454545454546,0.0006187927729092228,0.0015140615698676636,3058.75,0.0015140615698676636,True,True,True,True,True,True
3504305,Avaí,46,10,36,2025,True,1980,2025,46,0,0,0,1.0,0.0005832800551392453,0.0017004966529907148,1988.5,0.00041175089034205974,True,True,True,True,True,True
3504404,Avanhandava,51,16,35,2025,True,1974,2025,52,1,1,1,0.9807692307692307,0.003962842726229671,0.007050313107320233,15262.666666666666,0.0036861859976631754,True,True,True,True,True,True
3504503,Avaré,52,16,36,2025,True,1974,2025,52,0,0,0,1.0,0.002178191057284196,0.0040563361626508015,8110.083333333333,0.0022156998583429226,True,True,True,True,True,True
3504602,Bady Bassitt,37,8,29,2025,True,1981,2025,45,8,7,2,0.8222222222222222,0.0002775833728082879,0.0006114813769547504,1382.0555555555557,0.0005723891300719216,True,True,False,False,False,False
3504701,Balbinos,27,5,22,2025,True,1985,2025,41,14,14,1,0.6585365853658537,0.0003187902497603936,0.0009698674267542635,1747.3055555555557,0.0008862799433371689,True,False,False,False,False,False
3504800,Bálsamo,31,0,31,2025,True,1995,2025,31,0,0,0,1.0,0.0007053244741343758,0.0016443957988494845,3655.8333333333335,0.0012094028393455118,True,True,True,True,False,False
3504909,Bananal,37,7,30,2025,True,1974,2025,52,15,14,2,0.7115384615384616,1.2866250874754234e-05,4.024484966536408e-05,50.833333333333336,5.539249645857306e-06,True,False,False,False,False,False
3505005,Barão de Antonina,6,4,2,2011,False,1974,2011,38,32,31,2,0.15789473684210525,8.725066542074908e-07,1.6042885842433996e-05,4.444444444444445,0.0,False,False,False,False,False,False
3505104,Barbosa,42,7,35,2025,True,1983,2025,43,1,1,1,0.9767441860465116,0.0010582393557785254,0.0024931881566490973,4945.722222222223,0.0017492950381617373,True,True,True,True,True,True
3505203,Bariri,52,16,36,2025,True,1974,2025,52,0,0,0,1.0,0.0038935875139193576,0.00514084105187777,15790.666666666666,0.004054730740767548,True,True,True,True,True,True
3505302,Barra Bonita,52,16,36,2025,True,1974,2025,52,0,0,0,1.0,0.002704735278271271,0.005047505938242281,9065.083333333334,0.0013977373273046602,True,True,True,True,True,True
3505351,Barra do Chapéu,7,0,7,2025,True,2019,2025,7,0,0,0,1.0,4.162249964240626e-07,2.7784590147658427e-06,2.272727272727273,2.769624822928653e-06,False,False,False,False,False,False
3505401,Barra do Turvo,11,0,11,2025,True,2009,2025,17,6,6,1,0.6470588235294118,2.2647736395244272e-07,1.111383605906337e-06,1.2222222222222223,1.1078499291714612e-06,True,False,False,False,False,False
3505500,Barretos,46,10,36,2025,True,1979,2025,47,1,1,1,0.9787234042553191,0.009455425847750271,0.014660075914909507,42901.666666666664,0.014613463774045883,True,True,True,True,True,True
3505609,Barrinha,52,16,36,2025,True,1974,2025,52,0,0,0,1.0,0.003003280955025588,0.0050306062081705094,10184.972222222223,0.0015205240277878305,True,True,True,True,True,True
3505708,Barueri,6,6,0,1979,False,1974,1979,6,0,0,0,1.0,0.0,0.0,0.0,,False,False,False,False,False,False
3505807,Bastos,43,7,36,2025,True,1983,2025,43,0,0,0,1.0,0.00022831811211749905,0.0005099698205228318,1117.2222222222222,0.00024908159240871687,True,True,True,True,True,True
3505906,Batatais,43,7,36,2025,True,1983,2025,43,0,0,0,1.0,0.009107113266428067,0.011842118912638682,35434.833333333336,0.00834580279975834,True,True,True,True,True,True
3506003,Bauru,44,9,35,2025,True,1981,2025,45,1,1,1,0.9777777777777777,0.00015513505653358945,0.0003334150817719011,687.3333333333334,0.0002861945650359608,True,True,True,True,True,True
3506102,Bebedouro,50,14,36,2025,True,1974,2025,52,2,2,1,0.9615384615384616,0.0063500070451971286,0.008374954911579953,25919.833333333332,0.007477987021907363,True,True,True,True,True,False
3506201,Bento de Abreu,47,11,36,2025,True,1979,2025,47,0,0,0,1.0,0.003087014193437181,0.005063926225606483,12014.388888888889,0.002861945650359608,True,True,True,True,True,True
3506300,Bernardino de Campos,51,15,36,2025,True,1974,2025,52,1,1,1,0.9807692307692307,0.0011281550225811206,0.0018697573756085476,4262.638888888889,0.0008678157778509779,True,True,True,True,True,True
3506359,Bertioga,0,0,0,,False,,,0,0,,0,,0.0,0.0,0.0,,False,False,False,False,False,False
3506409,Bilac,38,2,36,2025,True,1988,2025,38,0,0,0,1.0,0.0004993724976840009,0.0011113836059063371,2487.3333333333335,0.0010524574327128882,True,True,True,True,True,False
3506508,Birigui,42,6,36,2025,True,1984,2025,42,0,0,0,1.0,0.0012039203320139047,0.002524472030551836,5811.194444444444,0.0020042851635260353,True,True,True,True,True,True
3506607,Biritiba Mirim,7,7,0,1982,False,1974,1982,9,2,2,1,0.7777777777777778,0.0,0.0,0.0,0.0,False,False,False,False,False,False
3506706,Boa Esperança do Sul,52,16,36,2025,True,1974,2025,52,0,0,0,1.0,0.006814068703120528,0.011963924167126818,25423.055555555555,0.005654650680146,True,True,True,True,True,True
3506805,Bocaina,52,16,36,2025,True,1974,2025,52,0,0,0,1.0,0.0036163985452497688,0.006044227005870841,13171.222222222223,0.002751160657442462,True,True,True,True,True,True
3506904,Bofete,17,0,17,2025,True,2008,2025,18,1,1,1,0.9444444444444444,1.1029809095033997e-05,3.310685303029233e-05,58.52777777777778,2.769624822928653e-05,True,False,False,False,False,False
3507001,Boituva,51,16,35,2025,True,1974,2025,52,1,1,1,0.9807692307692307,0.0017711054048967366,0.004304683274649831,5798.277777777777,9.786007707681241e-05,True,True,True,True,True,True
3507100,Bom Jesus dos Perdões,15,7,8,2011,False,1974,2011,38,23,14,2,0.39473684210526316,5.605225995343146e-07,3.311294826653716e-06,1.1944444444444444,0.0,True,False,False,False,False,False
3507159,Bom Sucesso de Itararé,2,0,2,2011,False,2010,2011,2,0,0,0,1.0,9.518254409536265e-08,1.6042885842433995e-06,0.48484848484848486,0.0,False,False,False,False,False,False
3507209,Borá,44,12,32,2025,True,1974,2025,52,8,4,3,0.8461538461538461,0.0005970626679473428,0.0013601027938135047,2863.5,0.0009139761915664555,True,True,True,False,False,False
3507308,Boracéia,52,16,36,2025,True,1974,2025,52,0,0,0,1.0,0.0018982224228791958,0.0031162622926809128,6623.166666666667,0.0011466246766924624,True,True,True,True,True,True
3507407,Borborema,52,16,36,2025,True,1974,2025,52,0,0,0,1.0,0.003753213595725745,0.005877747792028737,17076.722222222223,0.005133038005161104,True,True,True,True,True,True
3507456,Borebi,33,0,33,2025,True,1993,2025,33,0,0,0,1.0,0.001165766149492768,0.0027609055770292656,4479.272727272727,0.0006874208810508916,True,True,True,True,False,False
3507506,Botucatu,52,16,36,2025,True,1974,2025,52,0,0,0,1.0,0.0026431434879389815,0.0037898180961406093,11214.888888888889,0.002917338146818181,True,True,True,True,True,True
3507605,Bragança Paulista,50,16,34,2025,True,1974,2025,52,2,2,1,0.9615384615384616,1.7034592314568137e-05,3.7580563332644356e-05,63.611111111111114,9.23208274309551e-06,True,True,True,True,True,False
3507704,Braúna,46,10,36,2025,True,1980,2025,46,0,0,0,1.0,0.0010627130588014859,0.0017992943681572192,4454.083333333333,0.000941672439795742,True,True,True,True,True,True
3507753,Brejo Alegre,22,0,22,2025,True,1998,2025,28,6,6,1,0.7857142857142857,0.00039378555359550994,0.0009306771041929617,2043.892857142857,0.0006831741229890678,True,True,False,False,False,False
3507803,Brodowski,49,13,36,2025,True,1977,2025,49,0,0,0,1.0,0.003063979402185063,0.00477823652045947,11610.666666666666,0.0026577319800823356,True,True,True,True,True,True
3507902,Brotas,52,16,36,2025,True,1974,2025,52,0,0,0,1.0,0.004897506159866411,0.009375860778178787,20308.555555555555,0.005122882714143699,True,True,True,True,True,True
3508009,Buri,2,0,2,2011,False,2010,2011,2,0,0,0,1.0,1.9027443118653593e-06,3.8418384272589196e-05,9.722222222222221,0.0,False,False,False,False,False,False
3508108,Buritama,51,15,36,2025,True,1975,2025,51,0,0,0,1.0,0.0006770903052200112,0.001647595745907784,3518.9166666666665,0.0014974438209300917,True,True,True,True,True,True
3508207,Buritizal,50,14,36,2025,True,1976,2025,50,0,0,0,1.0,0.0022400947717921386,0.0035491147797916244,8753.027777777777,0.0018850066544852412,True,True,True,True,True,True
3508306,Cabrália Paulista,30,5,25,2025,True,1983,2025,43,13,12,2,0.6976744186046512,0.00013981611320254282,0.0005065526199625151,661.7222222222222,9.23208274309551e-05,True,False,False,False,False,False
3508405,Cabreúva,52,16,36,2025,True,1974,2025,52,0,0,0,1.0,0.0001351833997428166,0.00042199657127785836,339.80555555555554,9.23208274309551e-07,True,True,True,True,True,True
3508504,Caçapava,50,16,34,2025,True,1974,2025,52,2,2,1,0.9615384615384616,0.00029158494815683837,0.0003704228469403536,1158.5277777777778,0.0003692833097238204,True,True,True,True,True,False
3508603,Cachoeira Paulista,21,7,14,2024,False,1974,2024,51,30,17,2,0.4117647058823529,8.528277722203223e-06,3.1879179070565434e-05,46.69444444444444,0.0,True,False,False,False,False,False
3508702,Caconde,51,16,35,2025,True,1974,2025,52,1,1,1,0.9807692307692307,8.342995071373497e-05,0.00017994178354061922,264.22222222222223,2.2526281893153044e-05,True,True,True,True,True,True
3508801,Cafelândia,41,7,34,2025,True,1974,2025,52,11,9,3,0.7884615384615384,0.0030538660194934686,0.007315555944149901,15406.555555555555,0.005546635312051782,True,True,False,False,False,False
3508900,Caiabu,44,8,36,2025,True,1982,2025,44,0,0,0,1.0,0.0012945105326030203,0.002356211421330172,4981.805555555556,0.0010360243254301782,True,True,True,True,True,True
3509007,Caieiras,10,2,8,2025,True,1974,2025,52,42,42,1,0.19230769230769232,6.64267029913018e-08,1.852306009843895e-07,0.36363636363636365,1.846416548619102e-07,True,False,False,False,False,False
3509106,Caiuá,45,9,36,2025,True,1981,2025,45,0,0,0,1.0,0.0010275930760037138,0.002646276448967428,3905.1666666666665,3.692833097238204e-05,True,True,True,True,True,True
3509205,Cajamar,16,15,1,1990,False,1974,1990,17,1,1,1,0.9411764705882353,1.4549628783781478e-06,1.6004591662159626e-05,2.6363636363636362,0.0,True,False,False,False,False,False
3509254,Cajati,8,0,8,2025,True,2018,2025,8,0,0,0,1.0,1.328534059826036e-07,5.556918029531686e-07,0.7272727272727273,5.539249645857306e-07,False,False,False,False,False,False
3509304,Cajobi,52,16,36,2025,True,1974,2025,52,0,0,0,1.0,0.0011692008120056782,0.0017978999775669555,5169.222222222223,0.0014821185635765532,True,True,True,True,True,True
3509403,Cajuru,52,16,36,2025,True,1974,2025,52,0,0,0,1.0,0.004887682382643402,0.008021883698730135,18386.63888888889,0.004246758061823935,True,True,True,True,True,True
3509452,Campina do Monte Alegre,13,0,13,2019,False,2007,2019,13,0,0,0,1.0,0.00012918657260394136,0.0005762757640888379,671.060606060606,0.0,False,False,False,False,False,False
3509502,Campinas,48,16,32,2025,True,1974,2025,52,4,3,2,0.9230769230769231,0.0005713873641696221,0.0021698862132839376,1839.2777777777778,0.00022156998583429223,True,True,True,True,False,False
3509601,Campo Limpo Paulista,1,0,1,2010,False,2010,2010,1,0,0,0,1.0,1.8230552093674994e-08,4.010721460608499e-07,0.09090909090909091,,False,False,False,False,False,False
3509700,Campos do Jordão,0,0,0,,False,,,0,0,,0,,0.0,0.0,0.0,,False,False,False,False,False,False
3509809,Campos Novos Paulista,44,8,36,2025,True,1982,2025,44,0,0,0,1.0,0.000674204561072874,0.0014818448078751162,3357.1388888888887,0.0014771332388952816,True,True,True,True,True,True
3509908,Cananéia,15,5,10,2025,True,1974,2025,52,37,30,2,0.28846153846153844,2.5224951034280474e-07,9.261530049219475e-07,1.3888888888888888,9.23208274309551e-07,True,False,False,False,False,False
3509957,Canas,0,0,0,,False,,,0,0,,0,,0.0,0.0,0.0,0.0,False,False,False,False,False,False
3510005,Cândido Mota,52,16,36,2025,True,1974,2025,52,0,0,0,1.0,0.0037979939539323116,0.004960634359909055,15370.194444444445,0.004948396350299193,True,True,True,True,True,True
3510104,Cândido Rodrigues,47,11,36,2025,True,1979,2025,47,0,0,0,1.0,0.0007855130028779439,0.00782256580158292,2572.0833333333335,0.00032312289600834284,True,True,True,True,True,True
3510153,Canitar,33,0,33,2025,True,1993,2025,33,0,0,0,1.0,0.0007058636841386245,0.001609793986614563,2750.4848484848485,0.00048006830264096654,True,True,True,True,False,False
3510203,Capão Bonito,0,0,0,,False,,,0,0,,0,,0.0,0.0,0.0,0.0,False,False,False,False,False,False
3510302,Capela do Alto,42,6,36,2025,True,1984,2025,42,0,0,0,1.0,0.0001721239321222869,0.00041391185333171447,550.9722222222222,0.00012924915840333714,True,True,True,True,True,True
3510401,Capivari,52,16,36,2025,True,1974,2025,52,0,0,0,1.0,0.0053292288513474865,0.008830119537743241,18822.5,0.0034158706149453387,True,True,True,True,True,True
3510500,Caraguatatuba,3,0,3,1997,False,1993,1997,5,2,1,2,0.6,5.003742788002027e-06,7.912435711459844e-05,10.08695652173913,0.0,False,False,False,False,False,False
3510609,Carapicuíba,0,0,0,,False,,,0,0,,0,,0.0,0.0,0.0,,False,False,False,False,False,False
3510708,Cardoso,19,0,19,2025,True,2007,2025,19,0,0,0,1.0,0.001136668166481579,0.003024830167387966,6101.638888888889,0.0025849831680667427,True,False,False,False,False,False
3510807,Casa Branca,52,16,36,2025,True,1974,2025,52,0,0,0,1.0,0.0038037642473463962,0.005717119772229948,15055.833333333334,0.0032866214565420017,True,True,True,True,True,True
3510906,Cássia dos Coqueiros,40,8,32,2025,True,1982,2025,44,4,4,1,0.9090909090909091,0.00020512640025196067,0.0006853532236422412,1030.5833333333333,0.0005539249645857306,True,True,True,False,False,False
3511003,Castilho,32,2,30,2025,True,1974,2025,52,20,20,1,0.6153846153846154,0.003113648365461773,0.007065439757034548,15788.638888888889,0.005816212128150171,True,False,False,False,False,False
3511102,Catanduva,52,16,36,2025,True,1974,2025,52,0,0,0,1.0,0.0041521671406016675,0.008002295831079814,14181.333333333334,0.002362120690648417,True,True,True,True,True,True
3511201,Catiguá,52,16,36,2025,True,1974,2025,52,0,0,0,1.0,0.0023925918460694206,0.004691001004426098,8302.75,0.0015694540663262367,True,True,True,True,True,True
3511300,Cedral,43,7,36,2025,True,1981,2025,45,2,2,1,0.9555555555555556,0.0008783183519452982,0.0016248465627848097,3978.1666666666665,0.0016248465627848097,True,True,True,True,True,False
3511409,Cerqueira César,52,16,36,2025,True,1974,2025,52,0,0,0,1.0,0.0012916696791266875,0.0028945863997858006,6119.194444444444,0.0011385004438785383,True,True,True,True,True,True
3511508,Cerquilho,51,16,35,2025,True,1974,2025,52,1,1,1,0.9807692307692307,0.001371223909111437,0.002540354591161683,4669.444444444444,0.000923208274309551,True,True,True,True,True,True
3511607,Cesário Lange,52,16,36,2025,True,1974,2025,52,0,0,0,1.0,0.0018901935014558687,0.0033112948266537157,7536.305555555556,0.0024741981751495966,True,True,True,True,True,True
3511706,Charqueada,52,16,36,2025,True,1974,2025,52,0,0,0,1.0,0.0028644979433617543,0.005061660224553653,9867.111111111111,0.0015694540663262367,True,True,True,True,True,True
3511904,Clementina,43,7,36,2025,True,1983,2025,43,0,0,0,1.0,0.0009522361106490871,0.0013223612604275567,3915.9444444444443,0.0011632424256300344,True,True,True,True,True,True
3512001,Colina,46,10,36,2025,True,1980,2025,46,0,0,0,1.0,0.004368039112122882,0.006200792949886319,18104.166666666668,0.004846843440125143,True,True,True,True,True,True
3512100,Colômbia,34,3,31,2025,True,1987,2025,39,5,5,1,0.8717948717948718,0.0036001025626237002,0.006893993064280135,18558.333333333332,0.00655847158069505,True,True,True,False,False,False
3512209,Conchal,52,16,36,2025,True,1974,2025,52,0,0,0,1.0,0.0004015707836555898,0.0007711261577816654,1596.9166666666667,0.0002788088988414844,True,True,True,True,True,True
3512308,Conchas,36,1,35,2025,True,1989,2025,37,1,1,1,0.972972972972973,0.0002609237137344968,0.000923208274309551,1291.9444444444443,0.000923208274309551,True,True,True,True,True,False
3512407,Cordeirópolis,52,16,36,2025,True,1974,2025,52,0,0,0,1.0,0.002372704786395116,0.005187695228424155,8118.5,0.0013848124114643264,True,True,True,True,True,True
3512506,Coroados,33,1,32,2025,True,1975,2025,51,18,18,1,0.6470588235294118,0.0010442046275737505,0.002184857447048052,5115.972222222223,0.001846416548619102,True,False,False,False,False,False
3512605,Coronel Macedo,20,9,11,2018,False,1975,2018,44,24,24,1,0.45454545454545453,4.5431784186861855e-05,0.00022225370816421214,234.44444444444446,0.0,True,False,False,False,False,False
3512704,Corumbataí,45,9,36,2025,True,1981,2025,45,0,0,0,1.0,0.0007490575987616646,0.0016227596631397106,2821.0555555555557,0.0007939591159062139,True,True,True,True,True,True
3512803,Cosmópolis,47,16,31,2025,True,1974,2025,52,5,3,3,0.9038461538461539,0.0015237718685823002,0.004069330510717121,5368.555555555556,0.0008065147484368237,True,True,True,True,False,False
3512902,Cosmorama,26,0,26,2025,True,1996,2025,30,4,4,1,0.8666666666666667,0.0013039742962535458,0.0031489202167346215,6800.555555555556,0.0028988739813319902,True,True,True,False,False,False
3513009,Cotia,12,12,0,1985,False,1974,1985,12,0,0,0,1.0,0.0,0.0,0.0,,False,False,False,False,False,False
3513108,Cravinhos,52,16,36,2025,True,1974,2025,52,0,0,0,1.0,0.005850793355541605,0.01349600518246599,20115.055555555555,0.004021495242892404,True,True,True,True,True,True
3513207,Cristais Paulista,21,0,21,2025,True,1990,2025,36,15,15,1,0.5833333333333334,0.0003935330933911204,0.0010062970189974106,2123.3333333333335,0.0010062970189974106,True,False,False,False,False,False
3513306,Cruzália,35,9,26,2025,True,1974,2025,52,17,9,3,0.6730769230769231,0.00028380183255722154,0.0006291900293507176,1435.2777777777778,0.000614856710690161,True,True,False,False,False,False
3513405,Cruzeiro,45,15,30,2025,True,1974,2025,52,7,4,4,0.8653846153846154,3.4472245894635214e-06,6.8076785427159135e-06,15.277777777777779,4.0621164069620245e-06,True,True,True,False,False,False
3513504,Cubatão,0,0,0,,False,,,0,0,,0,,0.0,0.0,0.0,,False,False,False,False,False,False
3513603,Cunha,3,2,1,1991,False,1975,1991,17,14,12,2,0.17647058823529413,2.0618896806545263e-05,0.0007422802850356294,38.19444444444444,0.0,False,False,False,False,False,False
3513702,Descalvado,52,16,36,2025,True,1974,2025,52,0,0,0,1.0,0.00516664774629065,0.007398928994808486,20421.416666666668,0.005354607990995396,True,True,True,True,True,True
3513850,Dirce Reis,22,0,22,2025,True,1993,2025,33,11,10,2,0.6666666666666666,0.00015055253537774054,0.00038443900737848295,812.6363636363636,0.0003692833097238204,True,True,False,False,False,False
3513900,Divinolândia,11,0,11,2017,False,2007,2017,11,0,0,0,1.0,6.0974199663553024e-06,4.0107214606084986e-05,30.0,0.0,False,False,False,False,False,False
3514007,Dobrada,52,16,36,2025,True,1974,2025,52,0,0,0,1.0,0.0029270261610670235,0.009494922853751813,9817.75,0.001754095721188147,True,True,True,True,True,True
3514106,Dois Córregos,52,16,36,2025,True,1974,2025,52,0,0,0,1.0,0.00896828055108526,0.015612595924847844,31809.63888888889,0.005317679660023013,True,True,True,True,True,True
3514205,Dolcinópolis,18,0,18,2025,True,2007,2025,19,1,1,1,0.9473684210526315,0.00021943292833637997,0.0006262787269578636,1192.2222222222222,0.0004948396350299193,True,False,False,False,False,False
3514304,Dourado,45,9,36,2025,True,1974,2025,52,7,7,1,0.8653846153846154,0.001429364259556477,0.002129468867874975,5367.166666666667,0.001015529101740506,True,True,False,False,False,False
3514403,Dracena,42,10,32,2025,True,1980,2025,46,4,4,1,0.9130434782608695,0.0013184916148604954,0.00294817330318012,6811.361111111111,0.00294817330318012,True,True,True,False,False,False
3514502,Duartina,28,5,23,2022,False,1983,2022,40,12,10,2,0.7,2.945384460583047e-05,8.221978994247422e-05,143.41666666666666,0.0,True,True,False,False,False,False
3514601,Dumont,52,16,36,2025,True,1974,2025,52,0,0,0,1.0,0.0021035199958443895,0.003274662300450266,7504.833333333333,0.0015823789821665705,True,True,True,True,True,True
3514700,Echaporã,46,10,36,2025,True,1974,2025,52,6,6,1,0.8846153846153846,0.001239040738134843,0.0022075298844358104,4251.833333333333,0.0005539249645857306,True,True,False,False,False,False
3514809,Eldorado,2,0,2,2001,False,2000,2001,2,0,0,0,1.0,1.0927986100157559e-06,2.7267295060957985e-05,2.7777777777777777,0.0,False,False,False,False,False,False
3514908,Elias Fausto,51,16,35,2025,True,1974,2025,52,1,1,1,0.9807692307692307,0.0029082473596157943,0.006070707182198479,9812.083333333334,0.0012924915840333714,True,True,True,True,True,True
3514924,Elisiário,33,0,33,2025,True,1993,2025,33,0,0,0,1.0,0.0011559089140513066,0.0015930370565739153,4727.484848484848,0.0011386850855334002,True,True,True,True,False,False
3514957,Embaúba,33,0,33,2025,True,1993,2025,33,0,0,0,1.0,0.000773329160232436,0.0011769495393889134,3627.7272727272725,0.0011078499291714613,True,True,True,True,False,False
3515004,Embu das Artes,0,0,0,,False,,,0,0,,0,,0.0,0.0,0.0,,False,False,False,False,False,False
3515103,Embu-Guaçu,0,0,0,,False,,,0,0,,0,,0.0,0.0,0.0,,False,False,False,False,False,False
3515129,Emilianópolis,25,0,25,2025,True,1993,2025,33,8,8,1,0.7575757575757576,0.0005091606999925354,0.0009247461526480287,2570.848484848485,0.0007570307849338318,True,True,False,False,False,False
3515152,Engenheiro Coelho,33,0,33,2025,True,1993,2025,33,0,0,0,1.0,0.0003659820307369726,0.000613170911171974,1457.2424242424242,0.00044313997166858446,True,True,True,True,False,False
3515186,Espírito Santo do Pinhal,52,16,36,2025,True,1974,2025,52,0,0,0,1.0,0.000684009055087715,0.001640645673458587,2157.0555555555557,0.0002954266477790563,True,True,True,True,True,True
3515194,Espírito Santo do Turvo,33,0,33,2025,True,1993,2025,33,0,0,0,1.0,0.001005163048017392,0.0020044837135698274,3601.939393939394,0.0005631570473288261,True,True,True,True,False,False
3515202,Estrela d'Oeste,44,8,36,2025,True,1982,2025,44,0,0,0,1.0,0.000905999886814717,0.001605949310534657,4023.3055555555557,0.0016008431476527613,True,True,True,True,True,True
3515301,Estrela do Norte,27,0,27,2025,True,1994,2025,32,5,4,2,0.84375,0.0005779646237677337,0.001505814640491983,3067.6666666666665,0.00090474410882336,True,True,True,False,False,False
3515350,Euclides da Cunha Paulista,30,0,30,2025,True,1993,2025,33,3,2,2,0.9090909090909091,0.0006118514901722593,0.0016351224297919307,2502.818181818182,0.0005169966336133486,True,True,True,True,False,False
3515400,Fartura,25,1,24,2025,True,1981,2025,45,20,11,3,0.5555555555555556,9.355589660676408e-05,0.00031489202167346217,475.27777777777777,0.00031389081326524735,True,False,False,False,False,False
3515509,Fernandópolis,44,8,36,2025,True,1982,2025,44,0,0,0,1.0,0.0023143615977110205,0.0032044893970299385,9632.805555555555,0.0031943006291110464,True,True,True,True,True,True
3515608,Fernando Prestes,52,16,36,2025,True,1974,2025,52,0,0,0,1.0,0.0014179444901562682,0.0019438207225581823,5861.666666666667,0.0016617748937571917,True,True,True,True,True,True
3515657,Fernão,12,0,12,2025,True,2008,2025,18,6,6,1,0.6666666666666666,5.722677293436203e-06,4.414247070705644e-05,27.862068965517242,1.846416548619102e-07,True,False,False,False,False,False
3515707,Ferraz de Vasconcelos,0,0,0,,False,,,0,0,,0,,0.0,0.0,0.0,0.0,False,False,False,False,False,False
3515806,Flora Rica,38,10,28,2025,True,1980,2025,46,8,8,1,0.8260869565217391,0.0006172446413043016,0.0012346637760026454,2931.777777777778,0.0006462457920166857,True,True,False,False,False,False
3515905,Floreal,20,0,20,2025,True,2006,2025,20,0,0,0,1.0,0.0004162703213819505,0.0015466755182196525,2224.25,0.0015417578180969501,True,True,False,False,False,False
3516002,Flórida Paulista,46,10,36,2025,True,1980,2025,46,0,0,0,1.0,0.003636850894102331,0.00584452920949285,14718.083333333334,0.0033420139530005747,True,True,True,True,True,True
3516101,Florínea,52,16,36,2025,True,1974,2025,52,0,0,0,1.0,0.001935612578931576,0.0031162622926809128,7358.972222222223,0.001638879328554315,True,True,True,True,True,True
3516200,Franca,30,0,30,2025,True,1996,2025,30,0,0,0,1.0,0.0004470080575541233,0.0013478840804919444,2102.9444444444443,0.0013478840804919444,True,True,True,True,False,False
3516309,Francisco Morato,2,2,0,1975,False,1974,1975,2,0,0,0,1.0,0.0,0.0,0.0,0.0,False,False,False,False,False,False
3516408,Franco da Rocha,9,9,0,1982,False,1974,1982,9,0,0,0,1.0,0.0,0.0,0.0,0.0,False,False,False,False,False,False
3516507,Gabriel Monteiro,30,0,30,2025,True,1996,2025,30,0,0,0,1.0,0.000481759760280363,0.0010012643637102774,2269.6666666666665,0.0008024526320298618,True,True,True,True,False,False
3516606,Gália,6,4,2,2011,False,1984,2011,28,22,22,1,0.21428571428571427,1.3087599813112364e-07,2.4064328763650994e-06,0.6666666666666666,0.0,False,False,False,False,False,False
3516705,Garça,2,2,0,1975,False,1974,1975,2,0,0,0,1.0,0.0,0.0,0.0,0.0,False,False,False,False,False,False
3516804,Gastão Vidigal,28,0,28,2025,True,1994,2025,32,4,3,2,0.875,0.00048193804376961093,0.0011170820119145567,2485.777777777778,0.0011170820119145567,True,True,True,True,False,False
3516853,Gavião Peixoto,28,0,28,2025,True,1998,2025,28,0,0,0,1.0,0.001338707792903826,0.002989827901988517,5980.379310344828,0.0012444847537692748,True,True,True,False,False,False
3516903,General Salgado,44,8,36,2025,True,1982,2025,44,0,0,0,1.0,0.0018852138625712635,0.0043061989141939564,7893.111111111111,0.0022341640238291135,True,True,True,True,True,True
3517000,Getulina,41,7,34,2025,True,1983,2025,43,2,1,2,0.9534883720930233,0.002194166532491675,0.005034021999533616,10232.805555555555,0.0025849831680667427,True,True,True,True,True,True
3517109,Glicério,52,16,36,2025,True,1974,2025,52,0,0,0,1.0,0.0015241509165685482,0.0024849073911315874,6464.277777777777,0.0024849073911315874,True,True,True,True,True,True
3517208,Guaiçara,42,8,34,2025,True,1982,2025,44,2,1,2,0.9545454545454546,0.00139289369748106,0.0023440191066142787,5571.305555555556,0.0011078499291714613,True,True,True,True,True,True
3517307,Guaimbê,44,16,28,2025,True,1974,2025,52,8,6,3,0.8461538461538461,0.00028828371681293157,0.0008025240793406132,1363.388888888889,0.0001735631555701956,True,True,False,False,False,False
3517406,Guaíra,48,12,36,2025,True,1976,2025,50,2,2,1,0.96,0.010359815621137063,0.013109144682288312,42505.27777777778,0.011724745083731298,True,True,True,True,True,False
3517505,Guapiaçu,44,8,36,2025,True,1982,2025,44,0,0,0,1.0,0.002904515146010422,0.003601226799480371,11532.5,0.0029036746643583996,True,True,True,True,True,True
3517604,Guapiara,1,0,1,1993,False,1993,1993,1,0,0,0,1.0,8.791595234955383e-07,3.164974284583938e-05,1.6666666666666667,0.0,False,False,False,False,False,False
3517703,Guará,46,10,36,2025,True,1980,2025,46,0,0,0,1.0,0.004011160079609842,0.006201168755519645,16496.444444444445,0.004091474430085068,True,True,True,True,True,True
3517802,Guaraçaí,42,6,36,2025,True,1980,2025,46,4,4,1,0.9130434782608695,0.0022910110066781627,0.0050012262265785165,11651.638888888889,0.004985324681271576,True,True,True,False,False,False
3517901,Guaraci,41,5,36,2025,True,1978,2025,48,7,7,1,0.8541666666666666,0.004237050275982104,0.007533238401407445,20069.277777777777,0.006905597891835442,True,True,False,False,False,False
3518008,Guarani d'Oeste,44,8,36,2025,True,1982,2025,44,0,0,0,1.0,0.00018420466747358531,0.0002963689615750232,798.9722222222222,0.0002954266477790563,True,True,True,True,True,True
3518107,Guarantã,33,8,25,2025,True,1974,2025,52,19,7,5,0.6346153846153846,0.0008688678677992561,0.0021301519113204794,4651.916666666667,0.0017356315557019559,True,True,False,False,False,False
3518206,Guararapes,52,16,36,2025,True,1974,2025,52,0,0,0,1.0,0.0070965859868906585,0.01066724518264637,29657.333333333332,0.007016382884752588,True,True,True,True,True,True
3518305,Guararema,27,15,12,2025,True,1974,2025,52,25,15,3,0.5192307692307693,5.2174051903368555e-06,5.75188661881097e-05,15.555555555555555,1.846416548619102e-06,True,False,False,False,False,False
3518404,Guaratinguetá,26,15,11,2024,False,1974,2024,51,25,21,5,0.5098039215686274,3.589613501085948e-05,0.0002699201036493198,76.0,0.0,True,False,False,False,False,False
3518503,Guareí,30,3,27,2025,True,1981,2025,45,15,9,2,0.6666666666666666,0.000339738441931376,0.0008783918736203235,1495.25,0.00011078499291714612,True,True,False,False,False,False
3518602,Guariba,52,16,36,2025,True,1974,2025,52,0,0,0,1.0,0.00523933450140083,0.00965794324440667,18156.805555555555,0.003263541249684263,True,True,True,True,True,True
3518701,Guarujá,0,0,0,,False,,,0,0,,0,,0.0,0.0,0.0,,False,False,False,False,False,False
3518800,Guarulhos,4,4,0,1977,False,1974,1977,4,0,0,0,1.0,0.0,0.0,0.0,,False,False,False,False,False,False
3518859,Guatapará,33,0,33,2025,True,1993,2025,33,0,0,0,1.0,0.006284957681781989,0.010624640311656115,23494.78787878788,0.003985120836884608,True,True,True,True,False,False
3518909,Guzolândia,41,5,36,2025,True,1983,2025,43,2,2,1,0.9534883720930233,0.00037731939018284934,0.0007645258470245249,1683.8055555555557,0.0006093174610443037,True,True,True,True,True,False
3519006,Herculândia,22,0,22,2025,True,2004,2025,22,0,0,0,1.0,0.0007939685936705049,0.002193100903303825,4205.777777777777,0.00024520411765661677,True,True,False,False,False,False
3519055,Holambra,26,0,26,2025,True,1995,2025,31,5,5,1,0.8387096774193549,5.046625166106346e-05,9.045582499330627e-05,233.0909090909091,3.508191442376294e-05,True,True,True,False,False,False
3519071,Hortolândia,20,0,20,2014,False,1993,2014,22,2,1,2,0.9090909090909091,0.0003208394974571955,0.0006857444283265198,855.35,,True,True,False,False,False,False
3519105,Iacanga,46,10,36,2025,True,1980,2025,46,0,0,0,1.0,0.0023294748847525965,0.004396805738218408,10939.611111111111,0.003692833097238204,True,True,True,True,True,True
3519204,Iacri,34,1,33,2025,True,1979,2025,47,13,13,1,0.723404255319149,0.0008141724444489497,0.002018804515824927,4127.222222222223,0.00030465873052215185,True,False,False,False,False,False
3519253,Iaras,24,0,24,2025,True,1993,2025,33,9,6,3,0.7272727272727273,0.0004468806673105356,0.0013524500211755032,2341.212121212121,0.0005280751329050632,True,True,False,False,False,False
3519303,Ibaté,52,16,36,2025,True,1974,2025,52,0,0,0,1.0,0.0038547914502012636,0.006365337357556278,13933.138888888889,0.0025849831680667427,True,True,True,True,True,True
3519402,Ibirá,52,16,36,2025,True,1974,2025,52,0,0,0,1.0,0.0016314185783610775,0.0027276862904473315,7367.777777777777,0.0024003415132048326,True,True,True,True,True,True
3519501,Ibirarema,52,16,36,2025,True,1974,2025,52,0,0,0,1.0,0.002332447271693329,0.004426933463190048,7998.972222222223,0.0014771332388952816,True,True,True,True,True,True
3519600,Ibitinga,52,16,36,2025,True,1974,2025,52,0,0,0,1.0,0.003798456890592246,0.005796214376466442,17488.5,0.005723891300719216,True,True,True,True,True,True
3519709,Ibiúna,10,2,8,2008,False,1974,2008,35,25,24,2,0.2857142857142857,6.239312134273657e-06,4.084607125629548e-05,19.666666666666668,0.0,True,False,False,False,False,False
3519808,Icém,50,14,36,2025,True,1974,2025,52,2,2,1,0.9615384615384616,0.0016981620226961508,0.002351851449825963,6763.694444444444,0.0022156998583429226,True,True,True,True,True,False
3519907,Iepê,50,14,36,2025,True,1976,2025,50,0,0,0,1.0,0.002500086110178273,0.003877474752100114,10623.25,0.003877474752100114,True,True,True,True,True,True
3520004,Igaraçu do Tietê,52,16,36,2025,True,1974,2025,52,0,0,0,1.0,0.0022447640547162717,0.005312320155828058,7400.833333333333,0.0011447782601438433,True,True,True,True,True,True
3520103,Igarapava,52,16,36,2025,True,1974,2025,52,0,0,0,1.0,0.005256882643443693,0.0066830933674411,19744.166666666668,0.0029542664777905633,True,True,True,True,True,True
3520202,Igaratá,20,11,9,2013,False,1974,2013,40,20,15,2,0.5,3.390976549633483e-06,2.699201036493198e-05,7.694444444444445,0.0,True,False,False,False,False,False
3520301,Iguape,14,14,0,1988,False,1974,1988,15,1,1,1,0.9333333333333333,0.0,0.0,0.0,0.0,True,False,False,False,False,False
3520400,Ilhabela,10,9,1,2000,False,1974,2000,27,17,17,1,0.37037037037037035,3.095757666566467e-07,4.024484966536407e-06,0.7692307692307693,,True,False,False,False,False,False
3520442,Ilha Solteira,22,0,22,2025,True,2004,2025,22,0,0,0,1.0,0.001542571882111765,0.0037171168880950176,8221.757575757576,0.0037020651799812994,True,True,False,False,False,False
3520509,Indaiatuba,43,9,34,2025,True,1981,2025,45,2,2,1,0.9555555555555556,0.00048289413533723354,0.0008872786949479061,1843.5,0.0003692833097238204,True,True,True,True,True,False
3520608,Indiana,39,16,23,2025,True,1974,2025,52,13,13,1,0.75,2.3977443794147137e-05,0.0002646202699126753,70.0,1.4217407424367086e-05,True,False,False,False,False,False
3520707,Indiaporã,24,0,24,2025,True,1993,2025,33,9,7,2,0.7272727272727273,0.0003907063817939303,0.0011113836059063371,2095.8888888888887,0.0011078499291714613,True,True,False,False,False,False
3520806,Inúbia Paulista,44,8,36,2025,True,1982,2025,44,0,0,0,1.0,0.0005998957607827337,0.0009024619161071403,2284.027777777778,0.00040621164069620244,True,True,True,True,True,True
3520905,Ipaussu,52,16,36,2025,True,1974,2025,52,0,0,0,1.0,0.0032599934805119498,0.005080234833659492,12096.805555555555,0.0022156998583429226,True,True,True,True,True,True
3521002,Iperó,42,8,34,2025,True,1982,2025,44,2,1,2,0.9545454545454546,0.00023784566796817457,0.0003956217855729922,881.7777777777778,0.00014069694100477556,True,True,True,True,True,True
3521101,Ipeúna,52,16,36,2025,True,1974,2025,52,0,0,0,1.0,0.0012864113936754506,0.003425825955517167,4494.916666666667,0.000923208274309551,True,True,True,True,True,True
3521150,Ipiguá,29,0,29,2025,True,1997,2025,29,0,0,0,1.0,0.00037848187080116995,0.0009970649362543152,1896.8275862068965,0.0009970649362543152,True,True,True,False,False,False
3521200,Iporanga,27,5,22,2025,True,1974,2025,52,25,13,3,0.5192307692307693,6.317182789991698e-06,3.3112948266537156e-05,17.72222222222222,2.769624822928653e-06,True,False,False,False,False,False
3521309,Ipuã,43,7,36,2025,True,1983,2025,43,0,0,0,1.0,0.006017582580158808,0.009395140833161088,23091.25,0.005426433594736679,True,True,True,True,True,True
3521408,Iracemápolis,52,16,36,2025,True,1974,2025,52,0,0,0,1.0,0.002401494762193282,0.004415059768871621,8021.194444444444,0.001151610001373734,True,True,True,True,True,True
3521507,Irapuã,52,16,36,2025,True,1974,2025,52,0,0,0,1.0,0.0013544741283835285,0.0024065651096190407,6021.0,0.001938737376050057,True,True,True,True,True,True
3521606,Irapuru,39,10,29,2025,True,1980,2025,46,7,7,1,0.8478260869565217,0.0005619202009210095,0.0015449864747469754,2781.5555555555557,0.0008308874468785959,True,True,False,False,False,False
3521705,Itaberá,12,4,8,2015,False,1974,2015,42,30,29,2,0.2857142857142857,2.0641405404644392e-05,0.0002125278604704362,107.22222222222223,0.0,True,False,False,False,False,False
3521804,Itaí,52,16,36,2025,True,1974,2025,52,0,0,0,1.0,0.0031929696145635207,0.004716623812089708,12459.638888888889,0.001754095721188147,True,True,True,True,True,True
3521903,Itajobi,52,16,36,2025,True,1974,2025,52,0,0,0,1.0,0.004079424413233818,0.005363310190907357,17326.555555555555,0.004800683026409665,True,True,True,True,True,True
3522000,Itaju,37,7,30,2025,True,1976,2025,50,13,12,2,0.74,0.0009084628003896365,0.001580808623452414,4255.777777777777,0.0014217407424367086,True,False,False,False,False,False
3522109,Itanhaém,3,3,0,1983,False,1981,1983,3,0,0,0,1.0,0.0,0.0,0.0,0.0,False,False,False,False,False,False
3522158,Itaoca,15,0,15,2025,True,2010,2025,16,1,1,1,0.9375,1.6015191456155098e-06,4.6369715011731535e-06,8.666666666666666,4.616041371547755e-06,True,False,False,False,False,False
3522208,Itapecerica da Serra,0,0,0,,False,,,0,0,,0,,0.0,0.0,0.0,,False,False,False,False,False,False
3522307,Itapetininga,51,16,35,2025,True,1974,2025,52,1,1,1,0.9807692307692307,0.0015536572086418561,0.0033462547566488515,6651.361111111111,0.0008862799433371689,True,True,True,True,True,True
3522406,Itapeva,47,12,35,2025,True,1974,2025,52,5,4,2,0.9038461538461539,0.0006834618130756799,0.0015449864747469754,2666.6666666666665,0.0002769624822928653,True,True,True,False,False,False
3522505,Itapevi,9,9,0,1982,False,1974,1982,9,0,0,0,1.0,0.0,0.0,0.0,,False,False,False,False,False,False
3522604,Itapira,52,16,36,2025,True,1974,2025,52,0,0,0,1.0,0.003522290845708256,0.010320190526594337,10003.527777777777,4.4313997166858445e-05,True,True,True,True,True,True
3522653,Itapirapuã Paulista,16,0,16,2025,True,1993,2025,33,17,17,1,0.48484848484848486,1.0019388237193946e-06,3.099818532976234e-06,4.848484848484849,3.692833097238204e-07,True,False,False,False,False,False
3522703,Itápolis,52,16,36,2025,True,1974,2025,52,0,0,0,1.0,0.00699720321463677,0.009113345568431963,28163.416666666668,0.009084369419205983,True,True,True,True,True,True
3522802,Itaporanga,16,7,9,2018,False,1974,2018,45,29,26,3,0.35555555555555557,2.5292376809020944e-05,0.00016904089079939244,124.44444444444444,0.0,True,False,False,False,False,False
3522901,Itapuí,52,16,36,2025,True,1974,2025,52,0,0,0,1.0,0.002403916495779211,0.003918365544873564,8329.305555555555,0.001698703224729574,True,True,True,True,True,True
3523008,Itapura,22,0,22,2025,True,2000,2025,26,4,4,1,0.8461538461538461,0.0009200928232119235,0.002458553791244744,4913.277777777777,0.002169539444627445,True,True,True,False,False,False
3523107,Itaquaquecetuba,1,0,1,2000,False,2000,2000,1,0,0,0,1.0,5.0306062081705096e-08,8.048969933072815e-07,0.125,0.0,False,False,False,False,False,False
3523206,Itararé,22,12,10,2025,True,1974,2025,52,30,23,3,0.4230769230769231,2.6567146779801307e-06,3.208577168486799e-05,13.88888888888889,1.846416548619102e-06,True,False,False,False,False,False
3523305,Itariri,8,8,0,1983,False,1974,1983,10,2,2,1,0.8,0.0,0.0,0.0,0.0,False,False,False,False,False,False
3523404,Itatiba,29,11,18,2025,True,1974,2025,52,23,23,1,0.5576923076923077,2.6270921428466765e-05,0.00012558464482343958,137.5,1.661774893757192e-05,True,False,False,False,False,False
3523503,Itatinga,37,16,21,2025,True,1974,2025,52,15,15,1,0.7115384615384616,0.0003732501301781042,0.0012930171790990876,1956.4444444444443,0.0008308874468785959,True,False,False,False,False,False
3523602,Itirapina,49,13,36,2025,True,1977,2025,49,0,0,0,1.0,0.0013886206013512831,0.0024065651096190407,5254.583333333333,0.0011828144410453967,True,True,True,True,True,True
3523701,Itirapuã,18,0,18,2025,True,2008,2025,18,0,0,0,1.0,4.7739934102362874e-05,0.0001846416548619102,259.72222222222223,0.0001846416548619102,True,False,False,False,False,False
3523800,Itobi,46,10,36,2025,True,1974,2025,52,6,4,2,0.8846153846153846,0.0004578118902449821,0.0015297375708822366,1531.8333333333333,0.00016506963944654772,True,True,True,False,False,False
3523909,Itu,51,16,35,2025,True,1974,2025,52,1,1,1,0.9807692307692307,0.00031804892169118233,0.0005518824711089526,1224.0833333333333,0.0003692833097238204,True,True,True,True,True,True
3524006,Itupeva,45,15,30,2025,True,1974,2025,52,7,3,3,0.8653846153846154,1.0907825654073864e-05,6.622589653307431e-05,40.666666666666664,1.1632424256300343e-05,True,True,True,True,False,False
3524105,Ituverava,48,12,36,2025,True,1978,2025,48,0,0,0,1.0,0.0066509302616442525,0.010814905323228827,29734.277777777777,0.007421855958829342,True,True,True,True,True,True
3524204,Jaborandi,43,7,36,2025,True,1983,2025,43,0,0,0,1.0,0.0037682398782799553,0.006090161837367952,15119.333333333334,0.0034712631114039117,True,True,True,True,True,True
3524303,Jaboticabal,52,16,36,2025,True,1974,2025,52,0,0,0,1.0,0.013028931476193663,0.022682315706184886,46290.11111111111,0.010616895154559837,True,True,True,True,True,True
3524402,Jacareí,34,16,18,2024,False,1974,2024,51,17,5,5,0.6666666666666666,3.874699078224144e-06,2.2075298844358105e-05,10.777777777777779,0.0,True,True,True,False,False,False
3524501,Jaci,33,9,24,2025,True,1981,2025,45,12,6,3,0.7333333333333333,0.0006530307491297995,0.0014101435363614075,3379.3333333333335,0.0012924915840333714,True,True,False,False,False,False
3524600,Jacupiranga,18,8,10,2025,True,1974,2025,52,34,21,3,0.34615384615384615,1.4469066483649815e-06,2.656160077914029e-05,3.5555555555555554,1.846416548619102e-07,True,False,False,False,False,False
3524709,Jaguariúna,52,16,36,2025,True,1974,2025,52,0,0,0,1.0,0.0005714530947567226,0.0009190366032666484,2172.0,0.00048560755228682385,True,True,True,True,True,True
3524808,Jales,30,3,27,2025,True,1987,2025,39,9,7,3,0.7692307692307693,0.0004125260518150532,0.0010251706863426211,2110.472222222222,0.000941672439795742,True,True,False,False,False,False
3524907,Jambeiro,13,8,5,2025,True,1975,2025,51,38,17,4,0.2549019607843137,6.715142963535211e-07,1.2073454899609222e-05,2.0555555555555554,1.846416548619102e-07,True,False,False,False,False,False
3525003,Jandira,5,5,0,1979,False,1975,1979,5,0,0,0,1.0,0.0,0.0,0.0,,False,False,False,False,False,False
3525102,Jardinópolis,52,16,36,2025,True,1974,2025,52,0,0,0,1.0,0.008736463269979922,0.016195206218959188,30072.38888888889,0.006647099575028767,True,True,True,True,True,True
3525201,Jarinu,52,16,36,2025,True,1974,2025,52,0,0,0,1.0,5.8950786389696074e-05,0.00017200317544323896,153.25,3.692833097238204e-06,True,True,True,True,True,True
3525300,Jaú,52,16,36,2025,True,1974,2025,52,0,0,0,1.0,0.011558682907753883,0.020246640898214614,39934.833333333336,0.006924062057321633,True,True,True,True,True,True
3525409,Jeriquara,30,0,30,2025,True,1996,2025,30,0,0,0,1.0,0.0007268733337924194,0.0013615357085431828,3232.277777777778,0.001015529101740506,True,True,True,True,False,False
3525508,Joanópolis,32,12,20,2011,False,1974,2011,38,6,4,2,0.8421052631578947,1.1087727659695527e-05,3.3112948266537156e-05,29.75,0.0,True,True,True,False,False,False
3525607,João Ramalho,52,16,36,2025,True,1974,2025,52,0,0,0,1.0,0.002448986575277765,0.005075114517074442,10781.472222222223,0.004062116406962024,True,True,True,True,True,True
3525706,José Bonifácio,49,14,35,2025,True,1975,2025,51,2,1,2,0.9607843137254902,0.0031166131034520675,0.007386633640206924,16120.694444444445,0.006647099575028767,True,True,True,True,True,True
3525805,Júlio Mesquita,28,7,21,2025,True,1983,2025,43,15,9,3,0.6511627906976745,9.715243353188772e-05,0.0003994817534009933,294.47222222222223,3.323549787514384e-05,True,True,False,False,False,False
3525854,Jumirim,27,0,27,2025,True,1999,2025,27,0,0,0,1.0,8.514164144894782e-05,0.00014488145879531066,357.39285714285717,8.124232813924049e-05,True,True,True,False,False,False
3525904,Jundiaí,25,15,10,2010,False,1974,2010,37,12,10,3,0.6756756756756757,1.3184928890170234e-05,0.0001931588648881334,28.055555555555557,0.0,True,True,False,False,False,False
3526001,Junqueirópolis,46,10,36,2025,True,1980,2025,46,0,0,0,1.0,0.0028724311413792854,0.0053269048760313355,13631.583333333334,0.004099044737934407,True,True,True,True,True,True
3526100,Juquiá,0,0,0,,False,,,0,0,,0,,0.0,0.0,0.0,0.0,False,False,False,False,False,False
3526209,Juquitiba,0,0,0,,False,,,0,0,,0,,0.0,0.0,0.0,,False,False,False,False,False,False
3526308,Lagoinha,22,12,10,2023,False,1974,2023,50,28,18,6,0.44,2.344680312524976e-06,5.454581186427558e-05,11.914285714285715,0.0,True,False,False,False,False,False
3526407,Laranjal Paulista,48,15,33,2025,True,1975,2025,51,3,2,2,0.9411764705882353,0.0007190154906649379,0.0014771332388952816,2554.8611111111113,0.0014771332388952816,True,True,True,True,True,False
3526506,Lavínia,44,9,35,2025,True,1981,2025,45,1,1,1,0.9777777777777777,0.002774292369714644,0.004474790505578394,12635.222222222223,0.004474790505578394,True,True,True,True,True,True
3526605,Lavrinhas,7,7,0,1980,False,1974,1980,7,0,0,0,1.0,0.0,0.0,0.0,0.0,False,False,False,False,False,False
3526704,Leme,52,16,36,2025,True,1974,2025,52,0,0,0,1.0,0.004788648632323736,0.0066939206118950285,17061.444444444445,0.002825017319387226,True,True,True,True,True,True
3526803,Lençóis Paulista,52,16,36,2025,True,1974,2025,52,0,0,0,1.0,0.011671806361043804,0.024345064831966128,38880.944444444445,0.006524128232890735,True,True,True,True,True,True
3526902,Limeira,52,16,36,2025,True,1974,2025,52,0,0,0,1.0,0.0045414828422355,0.00882407206860315,14723.75,0.001846416548619102,True,True,True,True,True,True
3527009,Lindóia,41,5,36,2025,True,1983,2025,43,2,2,1,0.9534883720930233,7.362359813466464e-06,1.5581311463404562e-05,23.86111111111111,3.1389081326524733e-06,True,True,True,True,True,False
3527108,Lins,43,8,35,2025,True,1982,2025,44,1,1,1,0.9772727272727273,0.0037281940178761543,0.0058476594946860645,15672.25,0.004431399716685845,True,True,True,True,True,True
3527207,Lorena,8,7,1,1991,False,1974,1991,18,10,10,1,0.4444444444444444,1.49955613138511e-05,0.0005398402072986396,27.77777777777778,0.0,False,False,False,False,False,False
3527256,Lourdes,33,0,33,2025,True,1993,2025,33,0,0,0,1.0,0.00047577775329167804,0.0009888892111764459,2061.4242424242425,0.0006647099575028767,True,True,True,True,False,False
3527306,Louveira,17,2,15,2025,True,1980,2025,46,29,29,1,0.3695652173913043,1.2415505088543036e-06,3.4777286258798654e-06,6.777777777777778,2.769624822928653e-06,True,False,False,False,False,False
3527405,Lucélia,46,10,36,2025,True,1980,2025,46,0,0,0,1.0,0.001633534271371813,0.0023726047054754285,6270.027777777777,0.0014586690734090905,True,True,True,True,True,True
3527504,Lucianópolis,26,5,21,2025,True,1984,2025,42,16,15,2,0.6190476190476191,4.5526847393366595e-05,0.00024077485051122983,233.66666666666666,6.462457920166857e-05,True,False,False,False,False,False
3527603,Luís Antônio,52,16,36,2025,True,1974,2025,52,0,0,0,1.0,0.007443326352603212,0.011268557906301942,27425.75,0.006462457920166857,True,True,True,True,True,True
3527702,Luiziânia,43,8,35,2025,True,1977,2025,49,6,5,2,0.8775510204081632,0.00068901053806021,0.0012346987460615936,3105.1388888888887,0.0012346987460615936,True,True,True,False,False,False
3527801,Lupércio,6,4,2,1991,False,1986,1991,6,0,0,0,1.0,1.812847650784702e-06,4.318721658389117e-05,3.3333333333333335,0.0,False,False,False,False,False,False
3527900,Lutécia,46,10,36,2025,True,1974,2025,52,6,6,1,0.8846153846153846,0.0012627360674748187,0.002814496598948639,5604.361111111111,0.0015140615698676636,True,True,False,False,False,False
3528007,Macatuba,52,16,36,2025,True,1974,2025,52,0,0,0,1.0,0.0043274968471657075,0.011037649422179052,14462.388888888889,0.002603447333552934,True,True,True,True,True,True
3528106,Macaubal,48,13,35,2025,True,1974,2025,52,4,3,2,0.9230769230769231,0.000658532703682491,0.00178136988503402,3397.9444444444443,0.0014771332388952816,True,True,True,True,False,False
3528205,Macedônia,22,2,20,2025,True,1982,2025,44,22,20,2,0.5,0.000509969464046372,0.0012687360597625433,2736.8055555555557,0.0011632424256300344,True,False,False,False,False,False
3528304,Magda,40,4,36,2025,True,1986,2025,40,0,0,0,1.0,0.0012496801116908107,0.002757597225712054,6267.638888888889,0.0023264848512600687,True,True,True,True,True,True
3528403,Mairinque,7,0,7,2008,False,2001,2008,8,1,1,1,0.875,3.516595661503499e-06,4.065310569400949e-05,11.083333333333334,0.0,False,False,False,False,False,False
3528502,Mairiporã,9,9,0,1982,False,1974,1982,9,0,0,0,1.0,0.0,0.0,0.0,0.0,False,False,False,False,False,False
3528601,Manduri,50,16,34,2025,True,1974,2025,52,2,2,1,0.9615384615384616,0.0004841946001851198,0.0007912435711459844,1954.2222222222222,0.0007385666194476408,True,True,True,True,True,False
3528700,Marabá Paulista,43,8,35,2025,True,1982,2025,44,1,1,1,0.9772727272727273,0.0018792356556848648,0.00415696205806452,8675.611111111111,0.0025849831680667427,True,True,True,True,True,True
3528809,Maracaí,52,16,36,2025,True,1974,2025,52,0,0,0,1.0,0.004221192416358004,0.007438998056575254,15034.027777777777,0.0029542664777905633,True,True,True,True,True,True
3528858,Marapoama,33,0,33,2025,True,1993,2025,33,0,0,0,1.0,0.0009180699869629975,0.0011476888036992773,3893.969696969697,0.0011447782601438433,True,True,True,True,False,False
3528908,Mariápolis,31,8,23,2025,True,1981,2025,45,14,7,3,0.6888888888888889,0.0001087369729954042,0.0002927972912067745,543.6111111111111,0.0001846416548619102,True,True,False,False,False,False
3529005,Marília,39,12,27,2025,True,1978,2025,48,9,9,1,0.8125,0.0005812409144379226,0.001962146915750317,2561.75,0.0002954266477790563,True,True,False,False,False,False
3529104,Marinópolis,13,0,13,2025,True,2013,2025,13,0,0,0,1.0,2.2352562378859856e-05,6.708942676073934e-05,123.05555555555556,6.462457920166857e-05,False,False,False,False,False,False
3529203,Martinópolis,51,16,35,2025,True,1974,2025,52,1,1,1,0.9807692307692307,0.003157318209677352,0.006956515371610644,14237.527777777777,0.006647099575028767,True,True,True,True,True,True
3529302,Matão,50,16,34,2025,True,1974,2025,52,2,1,2,0.9615384615384616,0.0050407900456127495,0.013245179306614863,16668.61111111111,0.0032312289600834286,True,True,True,True,True,True
3529401,Mauá,0,0,0,,False,,,0,0,,0,,0.0,0.0,0.0,0.0,False,False,False,False,False,False
3529500,Mendonça,31,2,29,2025,True,1974,2025,52,21,20,2,0.5961538461538461,0.0007729295765120169,0.0016115062285641888,3768.8611111111113,0.0016063823972986186,True,False,False,False,False,False
3529609,Meridiano,43,8,35,2025,True,1982,2025,44,1,1,1,0.9772727272727273,0.0006613762861168173,0.0015694540663262367,3406.027777777778,0.0015694540663262367,True,True,True,True,True,True
3529658,Mesópolis,18,0,18,2025,True,2008,2025,18,0,0,0,1.0,0.000637860363233117,0.001504020547728187,3433.787878787879,0.001246331170317894,True,False,False,False,False,False
3529708,Miguelópolis,44,8,36,2025,True,1982,2025,44,0,0,0,1.0,0.006192847672736803,0.012080976471912757,26554.527777777777,0.007232967545905608,True,True,True,True,True,True
3529807,Mineiros do Tietê,52,16,36,2025,True,1974,2025,52,0,0,0,1.0,0.003370591172976713,0.006880127017729558,11403.944444444445,0.0017614813873826232,True,True,True,True,True,True
3529906,Miracatu,1,1,0,1974,False,1974,1974,1,0,0,0,1.0,0.0,0.0,0.0,0.0,False,False,False,False,False,False
3530003,Mira Estrela,19,0,19,2025,True,2007,2025,19,0,0,0,1.0,9.068079589128099e-05,0.0002721313051689527,489.44444444444446,0.00016580820606599536,True,False,False,False,False,False
3530102,Mirandópolis,43,8,35,2025,True,1982,2025,44,1,1,1,0.9772727272727273,0.0028977219184208804,0.005556918029531685,12726.472222222223,0.004985324681271576,True,True,True,True,True,True
3530201,Mirante do Paranapanema,41,9,32,2025,True,1981,2025,45,4,2,2,0.9111111111111111,0.0017744977752360458,0.004500974588934359,8926.027777777777,0.004062116406962024,True,True,True,True,True,False
3530300,Mirassol,45,10,35,2025,True,1974,2025,52,7,5,3,0.8653846153846154,0.0007292937964928194,0.0015468684985709882,3689.1944444444443,0.0014771332388952816,True,True,True,False,False,False
3530409,Mirassolândia,24,1,23,2025,True,1986,2025,40,16,16,1,0.6,0.00045972588510158823,0.0030824871754934293,2391.0833333333335,0.0007385666194476408,True,False,False,False,False,False
3530508,Mococa,52,16,36,2025,True,1974,2025,52,0,0,0,1.0,0.0037010225937567412,0.005870841487279843,14162.805555555555,0.003508191442376294,True,True,True,True,True,True
3530607,Mogi das Cruzes,7,7,0,1980,False,1974,1980,7,0,0,0,1.0,0.0,0.0,0.0,0.0,False,False,False,False,False,False
3530706,Mogi Guaçu,52,16,36,2025,True,1974,2025,52,0,0,0,1.0,0.0022329926042616087,0.004305283757338552,8522.972222222223,0.0011115427622686994,True,True,True,True,True,True
3530805,Mogi Mirim,52,16,36,2025,True,1974,2025,52,0,0,0,1.0,0.0018590561665676737,0.0038631772977626684,6270.333333333333,0.0007348737863504026,True,True,True,True,True,True
3530904,Mombuca,52,16,36,2025,True,1974,2025,52,0,0,0,1.0,0.0017255590561102336,0.002759412355544763,6236.583333333333,0.0012924915840333714,True,True,True,True,True,True
3531001,Monções,21,0,21,2025,True,2002,2025,24,3,3,1,0.875,0.00039933880301575654,0.0019868387617602555,2071.0,0.0007695864174644418,True,True,False,False,False,False
3531100,Mongaguá,0,0,0,,False,,,0,0,,0,,0.0,0.0,0.0,0.0,False,False,False,False,False,False
3531209,Monte Alegre do Sul,44,16,28,2025,True,1974,2025,52,8,4,3,0.8461538461538461,1.4463151550971845e-05,3.1187260004288246e-05,63.30555555555556,1.3848124114643264e-05,True,True,True,False,False,False
3531308,Monte Alto,49,13,36,2025,True,1977,2025,49,0,0,0,1.0,0.002159948579455753,0.003692469998681261,7763.472222222223,0.0015694540663262367,True,True,True,True,True,True
3531407,Monte Aprazível,47,11,36,2025,True,1979,2025,47,0,0,0,1.0,0.0025754078830396,0.005145407795006954,11521.416666666666,0.0029542664777905633,True,True,True,True,True,True
3531506,Monte Azul Paulista,51,15,36,2025,True,1974,2025,52,1,1,1,0.9807692307692307,0.0016648031295111163,0.0026280961237938397,7505.472222222223,0.002417882470416714,True,True,True,True,True,True
3531605,Monte Castelo,20,0,20,2025,True,2006,2025,20,0,0,0,1.0,0.0007099768748600156,0.001586595170382592,3795.1388888888887,0.0015620684001317602,True,True,False,False,False,False
3531704,Monteiro Lobato,17,7,10,2016,False,1983,2016,34,17,17,1,0.5,3.918785766941679e-06,1.6556474133268578e-05,8.484848484848484,0.0,True,False,False,False,False,False
3531803,Monte Mor,50,16,34,2025,True,1974,2025,52,2,1,2,0.9615384615384616,0.0015980735929355106,0.004509667599917323,5683.6,0.0013251731569439294,True,True,True,True,True,True
3531902,Morro Agudo,52,16,36,2025,True,1974,2025,52,0,0,0,1.0,0.0228686762075238,0.03627927891100846,84046.22222222222,0.016061238989818122,True,True,True,True,True,True
3532009,Morungaba,16,0,16,2025,True,2010,2025,16,0,0,0,1.0,8.475897205785768e-06,6.182628668230871e-05,44.638888888888886,5.539249645857306e-07,True,False,False,False,False,False
3532058,Motuca,33,0,33,2025,True,1993,2025,33,0,0,0,1.0,0.003714557587482293,0.007203828090100169,13163.242424242424,0.002012594037994821,True,True,True,True,False,False
3532108,Murutinga do Sul,26,2,24,2025,True,1974,2025,52,26,22,3,0.5,0.0004510437280799429,0.0040677487967701416,2403.527777777778,0.0022156998583429226,True,False,False,False,False,False
3532157,Nantes,29,0,29,2025,True,1997,2025,29,0,0,0,1.0,0.0013408847036678708,0.002115334315725081,5632.137931034483,0.0014771332388952816,True,True,True,False,False,False
3532207,Narandiba,41,7,34,2025,True,1983,2025,43,2,2,1,0.9534883720930233,0.0021461234773230433,0.00589281794940755,10866.25,0.00361897643529344,True,True,True,True,True,False
3532306,Natividade da Serra,36,16,20,2014,False,1974,2014,41,5,3,3,0.8780487804878049,1.4040546875019703e-05,0.000134417797882316,37.72222222222222,0.0,True,True,True,True,False,False
3532405,Nazaré Paulista,46,11,35,2025,True,1974,2025,52,6,5,2,0.8846153846153846,1.2797890578058932e-05,3.8631772977626686e-05,38.888888888888886,5.908532955581126e-06,True,True,True,False,False,False
3532504,Neves Paulista,46,10,36,2025,True,1980,2025,46,0,0,0,1.0,0.0009011649443903632,0.001812480085375062,4551.722222222223,0.0014771332388952816,True,True,True,True,True,True
3532603,Nhandeara,36,7,29,2025,True,1981,2025,45,9,7,3,0.8,0.001443532457916373,0.0032416842955035746,7246.722222222223,0.0025526708784659085,True,True,False,False,False,False
3532702,Nipoã,46,10,36,2025,True,1980,2025,46,0,0,0,1.0,0.0009028763775346708,0.0020867487168639313,3978.6388888888887,0.0008308874468785959,True,True,True,True,True,True
3532801,Nova Aliança,37,9,28,2025,True,1974,2025,52,15,7,3,0.7115384615384616,0.0009855078193840943,0.0019449213103360898,5109.444444444444,0.001938737376050057,True,True,False,False,False,False
3532827,Nova Campina,8,0,8,2025,True,1993,2025,33,25,17,2,0.24242424242424243,1.7290974517942095e-06,5.2749571409732294e-05,3.727272727272727,3.692833097238204e-07,False,False,False,False,False,False
3532843,Nova Canaã Paulista,19,0,19,2025,True,2007,2025,19,0,0,0,1.0,0.0001088512275521869,0.00031489202167346217,586.3636363636364,0.00031389081326524735,True,False,False,False,False,False
3532868,Nova Castilho,28,0,28,2025,True,1998,2025,28,0,0,0,1.0,0.000712167263396751,0.0014032765769505175,3539.137931034483,0.0014032765769505175,True,True,True,False,False,False
3532900,Nova Europa,52,16,36,2025,True,1974,2025,52,0,0,0,1.0,0.002149845813269064,0.00390346828432019,7338.833333333333,0.0013663482459781355,True,True,True,True,True,True
3533007,Nova Granada,42,6,36,2025,True,1984,2025,42,0,0,0,1.0,0.0017002671211029106,0.0038405464211277323,8156.944444444444,0.0038405464211277323,True,True,True,True,True,True
3533106,Nova Guataporanga,22,0,22,2025,True,2004,2025,22,0,0,0,1.0,7.286715524999472e-05,0.00021695394446274448,383.3333333333333,0.00021695394446274448,True,True,False,False,False,False
3533205,Nova Independência,21,0,21,2025,True,2005,2025,21,0,0,0,1.0,0.0010139035272959,0.002216893776279864,5329.166666666667,0.0020679865344533943,True,True,False,False,False,False
3533254,Novais,33,0,33,2025,True,1993,2025,33,0,0,0,1.0,0.0014501409208697333,0.0028929392054855623,5621.030303030303,0.000923208274309551,True,True,True,True,False,False
3533304,Nova Luzitânia,33,0,33,2025,True,1993,2025,33,0,0,0,1.0,0.0002853542001644382,0.00042303405861793313,1263.138888888889,0.00040307273256354995,True,True,True,True,False,False
3533403,Nova Odessa,45,16,29,2019,False,1974,2019,46,1,1,1,0.9782608695652174,0.0007663525880127435,0.0014900826719941721,2449.1714285714284,0.0,True,True,True,True,True,True
3533502,Novo Horizonte,52,16,36,2025,True,1974,2025,52,0,0,0,1.0,0.006853706479810501,0.010146752099813977,28404.055555555555,0.007847270331631184,True,True,True,True,True,True
3533601,Nuporanga,46,10,36,2025,True,1980,2025,46,0,0,0,1.0,0.004780183218742671,0.0077471335605825845,18246.722222222223,0.0028359111770240785,True,True,True,True,True,True
3533700,Ocauçu,36,15,21,2025,True,1974,2025,52,16,15,2,0.6923076923076923,0.00018268711152025945,0.000463028558675442,951.9444444444445,0.0003785153924669159,True,False,False,False,False,False
3533809,Óleo,43,7,36,2025,True,1974,2025,52,9,9,1,0.8269230769230769,0.00040761069013418123,0.001169049655066915,2087.5,0.000849351612364787,True,True,False,False,False,False
3533908,Olímpia,52,16,36,2025,True,1974,2025,52,0,0,0,1.0,0.007340324271174461,0.01000495960140241,30301.75,0.008087304482951667,True,True,True,True,True,True
3534005,Onda Verde,42,6,36,2025,True,1984,2025,42,0,0,0,1.0,0.001957691689845556,0.0029633827755228288,7438.861111111111,0.0021787715273705404,True,True,True,True,True,True
3534104,Oriente,40,16,24,2023,False,1974,2023,50,10,10,1,0.8,0.0006982934845803576,0.0031754432389521038,2427.8888888888887,0.0,True,True,False,False,False,False
3534203,Orindiúva,46,10,36,2025,True,1980,2025,46,0,0,0,1.0,0.00337946495807469,0.004654527266905528,12504.111111111111,0.0022156998583429226,True,True,True,True,True,True
3534302,Orlândia,52,16,36,2025,True,1974,2025,52,0,0,0,1.0,0.00485224901156277,0.007996835025715417,16816.75,0.0031843299797485033,True,True,True,True,True,True
3534401,Osasco,0,0,0,,False,,,0,0,,0,,0.0,0.0,0.0,,False,False,False,False,False,False
3534500,Oscar Bressane,19,0,19,2025,True,2007,2025,19,0,0,0,1.0,9.007937420788399e-05,0.00030099972659963293,491.1111111111111,0.0003000426891506041,True,False,False,False,False,False
3534609,Osvaldo Cruz,44,8,36,2025,True,1982,2025,44,0,0,0,1.0,0.00039703875743618794,0.0007793664367112766,1934.75,0.0007201024539614497,True,True,True,True,True,True
3534708,Ourinhos,52,16,36,2025,True,1974,2025,52,0,0,0,1.0,0.0034258451620692845,0.004602281416645109,13044.138888888889,0.0029542664777905633,True,True,True,True,True,True
3534757,Ouroeste,26,0,26,2025,True,2000,2025,26,0,0,0,1.0,0.000966069756302766,0.002141843196398158,5038.9655172413795,0.002141843196398158,True,True,True,False,False,False
3534807,Ouro Verde,27,5,22,2025,True,1981,2025,45,18,18,1,0.6,0.000980488863817311,0.0021559142837226314,5073.777777777777,0.001827952383132911,True,False,False,False,False,False
3534906,Pacaembu,36,10,26,2025,True,1980,2025,46,10,10,1,0.782608695652174,0.0008632147901401665,0.001819526023927813,4305.083333333333,0.000923208274309551,True,True,False,False,False,False
3535002,Palestina,40,4,36,2025,True,1986,2025,40,0,0,0,1.0,0.0030284278968856024,0.006162432290275211,15255.5,0.004842412040408457,True,True,True,True,True,True
3535101,Palmares Paulista,52,16,36,2025,True,1974,2025,52,0,0,0,1.0,0.0015312553105553467,0.0028146006026556585,5185.444444444444,0.0012097721226552356,True,True,True,True,True,True
3535200,Palmeira d'Oeste,27,4,23,2023,False,1986,2023,38,11,10,2,0.7105263157894737,4.221983611477449e-05,0.00016151391175555382,224.27777777777777,0.0,True,True,False,False,False,False
3535309,Palmital,52,16,36,2025,True,1974,2025,52,0,0,0,1.0,0.0033486010531256047,0.004285570765607325,13891.222222222223,0.003964256329885212,True,True,True,True,True,True
3535408,Panorama,16,0,16,2025,True,2010,2025,16,0,0,0,1.0,0.0006759211208170979,0.002195389276308112,3678.222222222222,0.002195389276308112,True,False,False,False,False,False
3535507,Paraguaçu Paulista,52,16,36,2025,True,1974,2025,52,0,0,0,1.0,0.011176263196422873,0.01543622338502086,41383.944444444445,0.008308874468785959,True,True,True,True,True,True
3535606,Paraibuna,39,16,23,2025,True,1974,2025,52,13,6,3,0.75,1.4474301755030196e-05,7.516112666528871e-05,47.17142857142857,1.846416548619102e-07,True,True,False,False,False,False
3535705,Paraíso,52,16,36,2025,True,1974,2025,52,0,0,0,1.0,0.0015932352899427535,0.002330049462453501,6158.972222222223,0.0015694540663262367,True,True,True,True,True,True
3535804,Paranapanema,32,0,32,2025,True,1993,2025,33,1,1,1,0.9696969696969697,0.00028923045674802587,0.000547945205479452,1266.0,0.0004758215445791426,True,True,True,True,False,False
3535903,Paranapuã,26,0,26,2025,True,1991,2025,35,9,9,1,0.7428571428571429,0.00035055865903107635,0.001061783925140572,1902.9444444444443,0.0008345802799758341,True,True,False,False,False,False
3536000,Parapuã,44,8,36,2025,True,1982,2025,44,0,0,0,1.0,0.001615726474704698,0.00213469348589449,6206.75,0.0017952708102223528,True,True,True,True,True,True
3536109,Pardinho,22,6,16,2022,False,1984,2022,39,17,16,2,0.5641025641025641,1.5945741341286238e-05,8.002295831079813e-05,67.94444444444444,0.0,True,False,False,False,False,False
3536208,Pariquera-Açu,41,13,28,2025,True,1974,2025,52,11,2,8,0.7884615384615384,1.431281493661036e-05,5.2749571409732294e-05,39.666666666666664,1.4771332388952815e-06,True,True,True,True,True,False
3536257,Parisi,20,0,20,2025,True,1993,2025,33,13,13,1,0.6060606060606061,0.00010565206119828056,0.00035081914423762937,566.060606060606,0.00035081914423762937,True,False,False,False,False,False
3536307,Patrocínio Paulista,39,3,36,2025,True,1987,2025,39,0,0,0,1.0,0.0020664578166859388,0.0034158706149453387,9812.138888888889,0.0034158706149453387,True,True,True,True,True,False
3536406,Paulicéia,19,0,19,2025,True,2007,2025,19,0,0,0,1.0,0.0010754448631520505,0.0024468481152563337,5774.083333333333,0.0023855701808158797,True,False,False,False,False,False
3536505,Paulínia,42,16,26,2025,True,1974,2025,52,10,3,5,0.8076923076923077,0.0006655320248359698,0.001550789743816157,2476.3548387096776,0.0006462457920166857,True,True,True,True,False,False
3536570,Paulistânia,28,0,28,2025,True,1998,2025,28,0,0,0,1.0,0.0002917662187922464,0.000722504892367906,1041.5172413793102,1.2924915840333714e-05,True,True,True,False,False,False
3536604,Paulo de Faria,46,10,36,2025,True,1980,2025,46,0,0,0,1.0,0.004587717755271356,0.006708942676073934,20422.444444444445,0.006647099575028767,True,True,True,True,True,True
3536703,Pederneiras,52,16,36,2025,True,1974,2025,52,0,0,0,1.0,0.009553268272882127,0.02444949723506882,32259.583333333332,0.005262287163564441,True,True,True,True,True,True
3536802,Pedra Bela,24,6,18,2025,True,1977,2025,49,25,25,1,0.4897959183673469,1.8045936483417861e-06,7.018762556064872e-06,9.444444444444445,2.769624822928653e-06,True,False,False,False,False,False
3536901,Pedranópolis,44,8,36,2025,True,1981,2025,45,1,1,1,0.9777777777777777,0.0006526662972525179,0.0014771332388952816,3251.472222222222,0.0014771332388952816,True,True,True,True,True,True
3537008,Pedregulho,40,9,31,2025,True,1981,2025,45,5,5,1,0.8888888888888888,0.0007533037641839539,0.0013109557495195625,3391.5,0.0013109557495195625,True,True,True,False,False,False
3537107,Pedreira,42,16,26,2015,False,1974,2015,42,0,0,0,1.0,6.729107660467218e-06,1.2852102629694422e-05,20.555555555555557,0.0,True,True,True,True,True,True
3537156,Pedrinhas Paulista,28,0,28,2025,True,1995,2025,31,3,3,1,0.9032258064516129,0.00025901546434351186,0.0005216592938819798,1352.5454545454545,0.0004985324681271576,True,True,True,True,False,False
3537206,Pedro de Toledo,10,10,0,1983,False,1974,1983,10,0,0,0,1.0,0.0,0.0,0.0,0.0,False,False,False,False,False,False
3537305,Penápolis,52,16,36,2025,True,1974,2025,52,0,0,0,1.0,0.007185699523513219,0.01029243286139571,26917.5,0.006039997813842807,True,True,True,True,True,True
3537404,Pereira Barreto,41,10,31,2025,True,1974,2025,52,11,9,2,0.7884615384615384,0.002514452908826795,0.005907889439319411,13190.305555555555,0.005133038005161104,True,True,False,False,False,False
3537503,Pereiras,40,7,33,2025,True,1983,2025,43,3,1,3,0.9302325581395349,7.261147054214629e-05,0.0003850489947856449,305.47222222222223,9.23208274309551e-05,True,True,True,True,True,True
3537602,Peruíbe,1,0,1,2000,False,2000,2000,1,0,0,0,1.0,8.272552431213727e-07,2.9781188752369415e-05,2.0555555555555554,0.0,False,False,False,False,False,False
3537701,Piacatu,35,0,35,2025,True,1991,2025,35,0,0,0,1.0,0.0009284958224102983,0.0014996343304097056,4147.666666666667,0.0013663482459781355,True,True,True,True,True,False
3537800,Piedade,11,0,11,2010,False,2000,2010,11,0,0,0,1.0,8.981220686125138e-06,6.764501399875984e-05,27.47222222222222,0.0,False,False,False,False,False,False
3537909,Pilar do Sul,3,0,3,2010,False,2000,2010,11,8,8,1,0.2727272727272727,2.86687230732819e-06,4.0107214606084986e-05,10.0,0.0,False,False,False,False,False,False
3538006,Pindamonhangaba,40,16,24,2013,False,1974,2013,40,0,0,0,1.0,1.3524530432438385e-05,5.5188247110895264e-05,34.55555555555556,0.0,True,True,True,True,True,True
3538105,Pindorama,52,16,36,2025,True,1974,2025,52,0,0,0,1.0,0.0020726566122192753,0.003235678225444906,7466.222222222223,0.0016802390592433828,True,True,True,True,True,True
3538204,Pinhalzinho,9,0,9,2024,False,2010,2024,15,6,6,1,0.6,5.399809638189307e-07,6.016082190912748e-06,2.8333333333333335,0.0,False,False,False,False,False,False
3538303,Piquerobi,26,5,21,2025,True,1982,2025,44,18,18,1,0.5909090909090909,0.00026034142904400316,0.0008362420548695912,1305.25,0.0008362420548695912,True,False,False,False,False,False
3538501,Piquete,6,5,1,1991,False,1976,1991,16,10,10,1,0.375,7.49778065692555e-06,0.0002699201036493198,13.88888888888889,0.0,False,False,False,False,False,False
3538600,Piracaia,47,12,35,2025,True,1974,2025,52,5,4,2,0.9038461538461539,4.074098797509881e-05,0.0007146399715287435,143.80555555555554,9.23208274309551e-06,True,True,True,False,False,False
3538709,Piracicaba,52,16,36,2025,True,1974,2025,52,0,0,0,1.0,0.013746967989002486,0.02699201036493198,46884.27777777778,0.0076072361803107,True,True,True,True,True,True
3538808,Piraju,41,6,35,2025,True,1984,2025,42,1,1,1,0.9761904761904762,0.000356279307630285,0.0007409224039375581,1708.2222222222222,0.0007385666194476408,True,True,True,True,True,True
3538907,Pirajuí,52,16,36,2025,True,1974,2025,52,0,0,0,1.0,0.0017484381959913203,0.003989101050638555,8627.388888888889,0.0029542664777905633,True,True,True,True,True,True
3539004,Pirangi,52,16,36,2025,True,1974,2025,52,0,0,0,1.0,0.0017902487951187514,0.002570420525938885,7499.444444444444,0.0022156998583429226,True,True,True,True,True,True
3539103,Pirapora do Bom Jesus,19,16,3,2001,False,1974,2001,28,9,9,1,0.6785714285714286,1.5978575819759223e-05,3.1162622926809125e-05,35.0,,True,True,False,False,False,False
3539202,Pirapozinho,35,0,35,2025,True,1991,2025,35,0,0,0,1.0,0.001680198270012816,0.004354905238477737,8263.916666666666,0.001938737376050057,True,True,True,True,True,False
3539301,Pirassununga,52,16,36,2025,True,1974,2025,52,0,0,0,1.0,0.005509335916087082,0.01150377323762194,19631.944444444445,0.003692833097238204,True,True,True,True,True,True
3539400,Piratininga,51,16,35,2025,True,1974,2025,52,1,1,1,0.9807692307692307,0.00028517073978437076,0.0009197651663405088,988.1666666666666,0.0002584983168066743,True,True,True,True,True,True
3539509,Pitangueiras,52,16,36,2025,True,1974,2025,52,0,0,0,1.0,0.008553675230508312,0.013501455411484519,30365.25,0.0064052190071596645,True,True,True,True,True,True
3539608,Planalto,45,9,36,2025,True,1981,2025,45,0,0,0,1.0,0.0013637458433039633,0.0027188319897771917,6688.194444444444,0.002566519002580552,True,True,True,True,True,True
3539707,Platina,52,16,36,2025,True,1974,2025,52,0,0,0,1.0,0.0012499368886045832,0.001650696394465477,5259.916666666667,0.001650696394465477,True,True,True,True,True,True
3539806,Poá,0,0,0,,False,,,0,0,,0,,0.0,0.0,0.0,,False,False,False,False,False,False
3539905,Poloni,47,11,36,2025,True,1979,2025,47,0,0,0,1.0,0.0008139682747076097,0.001516548110303942,3608.5,0.0010893857636852702,True,True,True,True,True,True
3540002,Pompéia,43,14,29,2025,True,1976,2025,50,7,7,1,0.86,0.001097089083023321,0.002431039659509311,5705.555555555556,0.0015509899008400456,True,True,False,False,False,False
3540101,Pongaí,24,1,23,2025,True,1989,2025,37,13,6,3,0.6486486486486487,0.00040954659406003597,0.0012924915840333714,2202.8611111111113,0.0012924915840333714,True,True,False,False,False,False
3540200,Pontal,52,16,36,2025,True,1974,2025,52,0,0,0,1.0,0.007265514499724213,0.01931588648881334,24695.5,0.004814531150524309,True,True,True,True,True,True
3540259,Pontalinda,33,0,33,2025,True,1993,2025,33,0,0,0,1.0,0.0006324910514917453,0.0013366289444183958,3103.878787878788,0.0011798601745676063,True,True,True,True,False,False
3540309,Pontes Gestal,24,0,24,2025,True,1996,2025,30,6,6,1,0.8,0.0010494547291040586,0.0023005501451960854,5370.833333333333,0.0016617748937571917,True,True,False,False,False,False
3540408,Populina,32,7,25,2025,True,1982,2025,44,12,12,1,0.7272727272727273,0.0010512259909483727,0.0022433044598339953,5510.666666666667,0.0017356315557019559,True,False,False,False,False,False
3540507,Porangaba,40,10,30,2025,True,1980,2025,46,6,3,3,0.8695652173913043,0.00011684385018382882,0.0004415059768871621,373.47222222222223,0.00013848124114643266,True,True,True,True,False,False
3540606,Porto Feliz,52,16,36,2025,True,1974,2025,52,0,0,0,1.0,0.004119000027815981,0.00793860809738026,14084.138888888889,0.002677303995497698,True,True,True,True,True,True
3540705,Porto Ferreira,52,16,36,2025,True,1974,2025,52,0,0,0,1.0,0.0012452575391097476,0.001833782949745456,4972.916666666667,0.0018002561349036244,True,True,True,True,True,True
3540754,Potim,0,0,0,,False,,,0,0,,0,,0.0,0.0,0.0,0.0,False,False,False,False,False,False
3540804,Potirendaba,51,15,36,2025,True,1975,2025,51,0,0,0,1.0,0.0016113976795038868,0.002989827901988517,7983.0,0.002677303995497698,True,True,True,True,True,True
3540853,Pracinha,29,0,29,2025,True,1997,2025,29,0,0,0,1.0,0.00015789977636139813,0.0002872852685545549,665.448275862069,0.00013848124114643266,True,True,True,False,False,False
3540903,Pradópolis,52,16,36,2025,True,1974,2025,52,0,0,0,1.0,0.003242401004613009,0.006016412774047602,11498.388888888889,0.0021233790309119673,True,True,True,True,True,True
3541000,Praia Grande,0,0,0,,False,,,0,0,,0,,0.0,0.0,0.0,,False,False,False,False,False,False
3541059,Pratânia,29,0,29,2025,True,1997,2025,29,0,0,0,1.0,0.0016084851251542223,0.0023768678603356868,7038.551724137931,0.0012555632530609894,True,True,True,False,False,False
3541109,Presidente Alves,50,14,36,2025,True,1974,2025,52,2,2,1,0.9615384615384616,0.0005622239581201659,0.0016195206218959188,1606.2777777777778,0.00019128875443693896,True,True,True,True,True,False
3541208,Presidente Bernardes,44,9,35,2025,True,1981,2025,45,1,1,1,0.9777777777777777,0.000529630038448217,0.0011037649422179052,1923.1944444444443,0.000923208274309551,True,True,True,True,True,True
3541307,Presidente Epitácio,29,7,22,2025,True,1983,2025,43,14,13,2,0.6744186046511628,0.0011331585185143896,0.004897338954999601,6127.361111111111,0.002031058203481012,True,False,False,False,False,False
3541406,Presidente Prudente,34,5,29,2025,True,1974,2025,52,18,12,2,0.6538461538461539,0.0015395003607695478,0.004424666877596643,5991.361111111111,0.001519600819513521,True,False,False,False,False,False
3541505,Presidente Venceslau,40,7,33,2025,True,1983,2025,43,3,3,1,0.9302325581395349,0.0008518971943184442,0.001932967207940266,3910.527777777778,0.0006462457920166857,True,True,True,True,False,False
3541604,Promissão,51,16,35,2025,True,1974,2025,52,1,1,1,0.9807692307692307,0.004038193989472191,0.006940135420034989,16277.0,0.004677157759307047,True,True,True,True,True,True
3541653,Quadra,28,0,28,2025,True,1997,2025,29,1,1,1,0.9655172413793104,0.0006484369992635893,0.0010339932672266971,3046.0,0.0010339932672266971,True,True,True,False,False,False
3541703,Quatá,52,16,36,2025,True,1974,2025,52,0,0,0,1.0,0.00607958961342746,0.01054991428194646,22003.11111111111,0.005446928818426351,True,True,True,True,True,True
3541802,Queiroz,22,0,22,2025,True,2004,2025,22,0,0,0,1.0,0.0007230828430934094,0.0025490920947895037,3844.0,0.001780868761143124,True,True,False,False,False,False
3541901,Queluz,30,7,23,2024,False,1974,2024,51,21,21,1,0.5882352941176471,4.71514819550047e-06,2.5609838327359864e-05,19.25,0.0,True,False,False,False,False,False
3542008,Quintana,28,4,24,2025,True,1986,2025,40,12,7,2,0.7,0.0005186766406884152,0.0011899302609333995,2708.5,0.0008308874468785959,True,True,False,False,False,False
3542107,Rafard,52,16,36,2025,True,1974,2025,52,0,0,0,1.0,0.0021134081163895857,0.004304683274649831,6997.638888888889,0.0011078499291714613,True,True,True,True,True,True
3542206,Rancharia,46,10,36,2025,True,1980,2025,46,0,0,0,1.0,0.005568776594811362,0.011891804583197807,26191.277777777777,0.011853994242134635,True,True,True,True,True,True
3542305,Redenção da Serra,37,16,21,2025,True,1974,2025,52,15,7,7,0.7115384615384616,5.213358460009922e-06,2.2075298844358105e-05,13.676470588235293,9.23208274309551e-07,True,True,False,False,False,False
3542404,Regente Feijó,45,9,36,2025,True,1981,2025,45,0,0,0,1.0,0.0007034258034357388,0.0011604905710141105,2670.972222222222,0.0007385666194476408,True,True,True,True,True,True
3542503,Reginópolis,46,10,36,2025,True,1974,2025,52,6,6,1,0.8846153846153846,0.0008234624863570758,0.001852306009843895,4120.833333333333,0.0014771332388952816,True,True,False,False,False,False
3542602,Registro,27,12,15,2025,True,1974,2025,52,25,20,3,0.5192307692307693,1.3648713437033194e-06,6.331907749531439e-06,7.388888888888889,5.539249645857306e-06,True,False,False,False,False,False
3542701,Restinga,32,0,32,2025,True,1994,2025,32,0,0,0,1.0,0.0024519738177557334,0.004284860652436255,9943.722222222223,0.0022156998583429226,True,True,True,True,False,False
3542800,Ribeira,31,2,29,2025,True,1974,2025,52,21,16,4,0.5961538461538461,1.3227766066872198e-05,3.164974284583938e-05,53.52777777777778,2.0310582034810122e-05,True,False,False,False,False,False
3542909,Ribeirão Bonito,52,16,36,2025,True,1974,2025,52,0,0,0,1.0,0.0035818438085630042,0.00530095783509677,14078.222222222223,0.003046587305221518,True,True,True,True,True,True
3543006,Ribeirão Branco,7,5,2,2025,True,1974,2025,52,45,31,3,0.1346153846153846,2.770522049408644e-07,9.604596068147299e-06,1.4444444444444444,3.692833097238204e-07,False,False,False,False,False,False
3543105,Ribeirão Corrente,28,0,28,2025,True,1998,2025,28,0,0,0,1.0,0.00033435091672565163,0.0007529073202459915,1605.5555555555557,0.00044313997166858446,True,True,True,False,False,False
3543204,Ribeirão do Sul,52,16,36,2025,True,1974,2025,52,0,0,0,1.0,0.0006743139157650564,0.0015865007367938107,2879.1111111111113,0.0007016382884752587,True,True,True,True,True,True
3543238,Ribeirão dos Índios,22,0,22,2025,True,2000,2025,26,4,4,1,0.8461538461538461,0.00041603074191638967,0.0008849982105530688,2068.5862068965516,0.00045237205441168,True,True,True,False,False,False
3543253,Ribeirão Grande,7,0,7,2025,True,2019,2025,7,0,0,0,1.0,7.758420953158384e-08,3.70461201968779e-07,0.42424242424242425,3.692833097238204e-07,False,False,False,False,False,False
3543303,Ribeirão Pires,0,0,0,,False,,,0,0,,0,,0.0,0.0,0.0,0.0,False,False,False,False,False,False
3543402,Ribeirão Preto,52,16,36,2025,True,1974,2025,52,0,0,0,1.0,0.010774003852390725,0.029691211401425176,35835.22222222222,0.006850943961996316,True,True,True,True,True,True
3543501,Riversul,24,5,19,2025,True,1974,2025,52,28,28,1,0.46153846153846156,2.9710428232346087e-05,0.0001422158271575762,148.38888888888889,1.3294199150057534e-05,True,False,False,False,False,False
3543600,Rifaina,32,3,29,2025,True,1987,2025,39,7,4,2,0.8205128205128205,0.00028202588518724,0.0005539249645857306,1414.6944444444443,0.0005539249645857306,True,True,True,False,False,False
3543709,Rincão,51,16,35,2025,True,1974,2025,52,1,1,1,0.9807692307692307,0.004112522660247253,0.0068186011439206155,15408.083333333334,0.0029889791089046025,True,True,True,True,True,True
3543808,Rinópolis,43,8,35,2025,True,1982,2025,44,1,1,1,0.9772727272727273,0.00037674601850231677,0.0008204343326892879,1802.361111111111,0.0004616041371547755,True,True,True,True,True,True
3543907,Rio Claro,52,16,36,2025,True,1974,2025,52,0,0,0,1.0,0.0032156522667829883,0.0076099073941213475,11077.472222222223,0.0020528459187547175,True,True,True,True,True,True
3544004,Rio das Pedras,52,16,36,2025,True,1974,2025,52,0,0,0,1.0,0.004433542283650741,0.007726354595525337,15071.694444444445,0.0023080206857738774,True,True,True,True,True,True
3544103,Rio Grande da Serra,0,0,0,,False,,,0,0,,0,,0.0,0.0,0.0,0.0,False,False,False,False,False,False
3544202,Riolândia,31,0,31,2025,True,1994,2025,32,1,1,1,0.96875,0.001868811144720777,0.003760181199983107,9585.527777777777,0.003748225593696777,True,True,True,True,False,False
3544251,Rosana,22,0,22,2022,False,1997,2022,26,4,2,3,0.8461538461538461,0.00038519718508766947,0.0013597405846150874,2009.7575757575758,0.0,True,True,True,False,False,False
3544301,Roseira,2,0,2,2001,False,1991,2001,11,9,9,1,0.18181818181818182,9.985096261214247e-07,2.4151032768277075e-05,2.342857142857143,0.0,False,False,False,False,False,False
3544400,Rubiácea,51,15,36,2025,True,1974,2025,52,1,1,1,0.9807692307692307,0.0016635990800908983,0.002807298599906096,6937.666666666667,0.0015565291504859029,True,True,True,True,True,True
3544509,Rubinéia,17,0,17,2025,True,2009,2025,17,0,0,0,1.0,0.00018891331332179052,0.0006274227668716596,1021.25,0.00040621164069620244,True,False,False,False,False,False
3544608,Sabino,30,0,30,2025,True,1994,2025,32,2,1,2,0.9375,0.0008664161093483529,0.0019261988040898386,4311.777777777777,0.0012924915840333714,True,True,True,True,False,False
3544707,Sagres,44,8,36,2025,True,1982,2025,44,0,0,0,1.0,0.0006021200434570906,0.0008287693825677082,2467.8611111111113,0.00048006830264096654,True,True,True,True,True,True
3544806,Sales,51,15,36,2025,True,1974,2025,52,1,1,1,0.9807692307692307,0.0011828392654848396,0.002458553791244744,5804.472222222223,0.0022895565202876865,True,True,True,True,True,True
3544905,Sales Oliveira,52,16,36,2025,True,1974,2025,52,0,0,0,1.0,0.005055169129805931,0.007011590158532054,18330.38888888889,0.0029086599890396714,True,True,True,True,True,True
3545001,Salesópolis,7,7,0,1982,False,1974,1982,9,2,2,1,0.7777777777777778,0.0,0.0,0.0,0.0,False,False,False,False,False,False
3545100,Salmourão,44,8,36,2025,True,1982,2025,44,0,0,0,1.0,0.0008421913616444927,0.0015392771880584717,3577.9444444444443,0.0007385666194476408,True,True,True,True,True,True
3545159,Saltinho,33,0,33,2025,True,1993,2025,33,0,0,0,1.0,0.001049790297916464,0.0021099828563892918,3808.6666666666665,0.0005539249645857306,True,True,True,True,False,False
3545209,Salto,52,16,36,2025,True,1974,2025,52,0,0,0,1.0,0.00045187064540916984,0.0011037649422179052,1472.4166666666667,0.00023080206857738775,True,True,True,True,True,True
3545308,Salto de Pirapora,15,2,13,2008,False,1974,2008,35,20,17,3,0.42857142857142855,2.0731481064783066e-05,0.00010163276423502374,60.77777777777778,0.0,True,False,False,False,False,False
3545407,Salto Grande,49,13,36,2025,True,1974,2025,52,3,3,1,0.9423076923076923,0.00041697847400702767,0.0007146399715287435,1455.75,0.00016617748937571917,True,True,True,True,False,False
3545506,Sandovalina,21,0,21,2025,True,1993,2025,33,12,12,1,0.6363636363636364,0.0026823764171372846,0.00625931246846449,14252.083333333334,0.00623941080109367,True,False,False,False,False,False
3545605,Santa Adélia,52,16,36,2025,True,1974,2025,52,0,0,0,1.0,0.004533823721269949,0.006073992269464384,17500.25,0.004246758061823935,True,True,True,True,True,True
3545704,Santa Albertina,21,0,21,2025,True,1995,2025,31,10,10,1,0.6774193548387096,0.0004415965357989574,0.0015140615698676636,2405.5555555555557,0.0015140615698676636,True,True,False,False,False,False
3545803,Santa Bárbara d'Oeste,52,16,36,2025,True,1974,2025,52,0,0,0,1.0,0.0035944725686604968,0.0066225896533074315,11897.861111111111,0.002825017319387226,True,True,True,True,True,True
3546009,Santa Branca,33,16,17,2023,False,1974,2023,50,17,12,2,0.66,3.5980191573943375e-06,2.7594123555447632e-05,7.805555555555555,0.0,True,False,False,False,False,False
3546108,Santa Clara d'Oeste,9,2,7,2018,False,1988,2018,31,22,22,1,0.2903225806451613,2.976277013091219e-06,1.796550807660715e-05,16.27777777777778,0.0,False,False,False,False,False,False
3546207,Santa Cruz da Conceição,52,16,36,2025,True,1974,2025,52,0,0,0,1.0,0.0008311825698337565,0.004697570416580544,3178.8611111111113,0.0007963594574194187,True,True,True,True,True,True
3546256,Santa Cruz da Esperança,29,0,29,2025,True,1997,2025,29,0,0,0,1.0,0.0014389258301962624,0.0020439030372399135,6163.448275862069,0.0013639479044649306,True,True,True,False,False,False
3546306,Santa Cruz das Palmeiras,52,16,36,2025,True,1974,2025,52,0,0,0,1.0,0.0037096980724813746,0.007362414872078042,13685.138888888889,0.0022156998583429226,True,True,True,True,True,True
3546405,Santa Cruz do Rio Pardo,52,16,36,2025,True,1974,2025,52,0,0,0,1.0,0.004938425499519389,0.00882407206860315,18642.472222222223,0.004616041371547755,True,True,True,True,True,True
3546504,Santa Ernestina,52,16,36,2025,True,1974,2025,52,0,0,0,1.0,0.0022438373745080693,0.004966942239980574,7405.388888888889,0.0016063823972986186,True,True,True,True,True,True
3546603,Santa Fé do Sul,32,7,25,2025,True,1983,2025,43,11,11,1,0.7441860465116279,2.3521839810249e-05,0.000199412987250863,125.27777777777777,0.000199412987250863,True,False,False,False,False,False
3546702,Santa Gertrudes,52,16,36,2025,True,1974,2025,52,0,0,0,1.0,0.0014245765522724514,0.0036164858331769667,4710.027777777777,0.0008216553641355004,True,True,True,True,True,True
3546801,Santa Isabel,19,16,3,2001,False,1974,2001,28,9,9,1,0.6785714285714286,3.6756830620004265e-06,5.5188247110895264e-05,7.142857142857143,0.0,True,True,False,False,False,False
3546900,Santa Lúcia,51,16,35,2025,True,1974,2025,52,1,1,1,0.9807692307692307,0.0034764205272156856,0.005449045497281609,12446.694444444445,0.0022295479824575655,True,True,True,True,True,True
3547007,Santa Maria da Serra,52,16,36,2025,True,1974,2025,52,0,0,0,1.0,0.0013484651504083829,0.0031520338671084114,4575.694444444444,0.0007939591159062139,True,True,True,True,True,True
3547106,Santa Mercedes,26,0,26,2025,True,1991,2025,35,9,9,1,0.7428571428571429,0.0007725355601468503,0.0017557475631200747,3961.8888888888887,0.0013761342536858167,True,True,False,False,False,False
3547205,Santana da Ponte Pensa,18,0,18,2025,True,2008,2025,18,0,0,0,1.0,0.00010003869780301077,0.0003315627757620572,544.3055555555555,0.00033050856220281927,True,False,False,False,False,False
3547304,Santana de Parnaíba,18,16,2,1991,False,1974,1991,18,0,0,0,1.0,1.819537797345987e-05,2.7594123555447632e-05,33.333333333333336,,True,False,False,False,False,False
3547403,Santa Rita d'Oeste,17,0,17,2025,True,2009,2025,17,0,0,0,1.0,0.0003035456586933145,0.0009465283710302304,1660.0,0.0006443993754680666,True,False,False,False,False,False
3547502,Santa Rita do Passa Quatro,52,16,36,2025,True,1974,2025,52,0,0,0,1.0,0.0034389635478102383,0.004329934951655166,13386.638888888889,0.003508191442376294,True,True,True,True,True,True
3547601,Santa Rosa de Viterbo,52,16,36,2025,True,1974,2025,52,0,0,0,1.0,0.002621296062868425,0.005398402072986396,9460.722222222223,0.0020901435330368235,True,True,True,True,True,True
3547650,Santa Salete,18,0,18,2025,True,2007,2025,19,1,1,1,0.9473684210526315,1.632251892624848e-05,5.9049137113169997e-05,87.0,2.769624822928653e-05,True,False,False,False,False,False
3547700,Santo Anastácio,44,10,34,2023,False,1980,2023,44,0,0,0,1.0,0.0004889887316755874,0.0027188319897771917,2078.3055555555557,0.0,True,True,True,True,True,True
3547809,Santo André,0,0,0,,False,,,0,0,,0,,,,,,False,False,False,False,False,False
3547908,Santo Antônio da Alegria,31,0,31,2025,True,1994,2025,32,1,1,1,0.96875,0.0003826505351780776,0.0008175612148959653,1701.0555555555557,0.0004246758061823935,True,True,True,True,False,False
3548005,Santo Antônio de Posse,52,16,36,2025,True,1974,2025,52,0,0,0,1.0,0.0008206892602307885,0.001434894424883277,2914.277777777778,0.00024188056786910236,True,True,True,True,True,True
3548054,Santo Antônio do Aracanguá,33,0,33,2025,True,1993,2025,33,0,0,0,1.0,0.004906818473858231,0.006622057371946939,19836.636363636364,0.0048930038538406205,True,True,True,True,False,False
3548104,Santo Antônio do Jardim,29,12,17,2013,False,1974,2013,40,11,7,3,0.725,7.950611548671722e-05,0.0009024123286369122,318.8611111111111,0.0,True,True,False,False,False,False
3548203,Santo Antônio do Pinhal,0,0,0,,False,,,0,0,,0,,0.0,0.0,0.0,0.0,False,False,False,False,False,False
3548302,Santo Expedito,34,6,28,2025,True,1974,2025,52,18,8,3,0.6538461538461539,0.00020701165279411455,0.0007861039686816179,947.3333333333334,0.0002139996779849539,True,True,False,False,False,False
3548401,Santópolis do Aguapeí,43,7,36,2025,True,1983,2025,43,0,0,0,1.0,0.0009181101340025479,0.001507309046977503,3412.3888888888887,0.0009514584475034233,True,True,True,True,True,True
3548500,Santos,2,2,0,1975,False,1974,1975,2,0,0,0,1.0,0.0,0.0,0.0,,False,False,False,False,False,False
3548609,São Bento do Sapucaí,6,6,0,1981,False,1974,1981,8,2,2,1,0.75,0.0,0.0,0.0,0.0,False,False,False,False,False,False
3548708,São Bernardo do Campo,0,0,0,,False,,,0,0,,0,,0.0,0.0,0.0,,False,False,False,False,False,False
3548906,São Carlos,52,16,36,2025,True,1974,2025,52,0,0,0,1.0,0.006576903511724447,0.009626260438476163,26000.416666666668,0.006462457920166857,True,True,True,True,True,True
3549003,São Francisco,25,4,21,2025,True,1986,2025,40,15,13,2,0.625,9.245140494561579e-05,0.0002815505134962721,479.8611111111111,0.0002769624822928653,True,False,False,False,False,False
3549102,São João da Boa Vista,51,15,36,2025,True,1974,2025,52,1,1,1,0.9807692307692307,0.0018111439817125154,0.00307341368615655,6857.361111111111,0.0013294199150057533,True,True,True,True,True,True
3549201,São João das Duas Pontes,29,7,22,2025,True,1982,2025,44,15,15,1,0.6590909090909091,0.00025016608761526033,0.0007779685241344359,1353.6666666666667,0.0007754949504200228,True,False,False,False,False,False
3549250,São João de Iracema,33,0,33,2025,True,1993,2025,33,0,0,0,1.0,0.0011521113195352938,0.0020367906066536203,4463.909090909091,0.0011817065911162252,True,True,True,True,False,False
3549300,São João do Pau d'Alho,17,1,16,2025,True,1984,2025,42,25,25,1,0.40476190476190477,0.0004525297197956089,0.001233661916765919,2468.9444444444443,0.0009420417231054658,True,False,False,False,False,False
3549409,São Joaquim da Barra,52,16,36,2025,True,1974,2025,52,0,0,0,1.0,0.0065966960403880115,0.010267266472611803,23233.222222222223,0.004682881650607766,True,True,True,True,True,True
3549508,São José da Bela Vista,41,5,36,2025,True,1985,2025,41,0,0,0,1.0,0.0029143735589942715,0.0042878398291724615,12719.416666666666,0.0037851539246691593,True,True,True,True,True,True
3549607,São José do Barreiro,49,16,33,2024,False,1974,2024,51,2,1,2,0.9607843137254902,1.5676192559965742e-05,0.00013797061777723815,46.94444444444444,0.0,True,True,True,True,True,True
3549706,São José do Rio Pardo,52,16,36,2025,True,1974,2025,52,0,0,0,1.0,0.0003455946083726364,0.0007425850784316635,1477.9444444444443,5.539249645857306e-05,True,True,True,True,True,True
3549805,São José do Rio Preto,44,8,36,2025,True,1982,2025,44,0,0,0,1.0,0.0006830727824721937,0.0013803300871176511,3244.277777777778,0.0007754949504200228,True,True,True,True,True,True
3549904,São José dos Campos,37,16,21,2025,True,1974,2025,52,15,8,3,0.7115384615384616,2.3296245372894026e-05,7.098229559583249e-05,72.0,9.23208274309551e-06,True,True,False,False,False,False
3549953,São Lourenço da Serra,0,0,0,,False,,,0,0,,0,,0.0,0.0,0.0,,False,False,False,False,False,False
3550001,São Luiz do Paraitinga,45,16,29,2025,True,1974,2025,52,7,3,5,0.8653846153846154,7.888267617112144e-06,2.3371967195106845e-05,23.944444444444443,2.2156998583429225e-06,True,True,True,True,False,False
3550100,São Manuel,52,16,36,2025,True,1974,2025,52,0,0,0,1.0,0.008718044338684122,0.015189239087432414,30661.222222222223,0.005539249645857306,True,True,True,True,True,True
3550209,São Miguel Arcanjo,3,0,3,2012,False,2010,2012,3,0,0,0,1.0,2.697595020890962e-06,3.864142917644295e-05,13.88888888888889,0.0,False,False,False,False,False,False
3550308,São Paulo,15,2,13,2025,True,1975,2025,51,36,36,1,0.29411764705882354,9.74230626308088e-07,2.0375366108282847e-06,5.36,2.0310582034810122e-06,True,False,False,False,False,False
3550407,São Pedro,52,16,36,2025,True,1974,2025,52,0,0,0,1.0,0.0036970900611564017,0.007174472124416385,12405.111111111111,0.001938737376050057,True,True,True,True,True,True
3550506,São Pedro do Turvo,52,16,36,2025,True,1974,2025,52,0,0,0,1.0,0.0018739728093456688,0.003221056506534143,6761.583333333333,0.0014771332388952816,True,True,True,True,True,True
3550605,São Roque,18,0,18,2022,False,2001,2022,22,4,2,2,0.8181818181818182,6.659667821245442e-06,4.065310569400949e-05,24.38888888888889,0.0,True,True,False,False,False,False
3550704,São Sebastião,1,0,1,2000,False,2000,2000,1,0,0,0,1.0,1.3414949888454692e-07,4.024484966536407e-06,0.3333333333333333,0.0,False,False,False,False,False,False
3550803,São Sebastião da Grama,20,5,15,2021,False,1977,2021,45,25,25,1,0.4444444444444444,4.498887790253863e-05,0.00014214802180858002,234.69444444444446,0.0,True,False,False,False,False,False
3550902,São Simão,52,16,36,2025,True,1974,2025,52,0,0,0,1.0,0.005682941537367421,0.007362414872078042,21924.083333333332,0.004431399716685845,True,True,True,True,True,True
3551009,São Vicente,0,0,0,,False,,,0,0,,0,,0.0,0.0,0.0,,False,False,False,False,False,False
3551108,Sarapuí,9,1,8,2017,False,1980,2017,38,29,29,1,0.23684210526315788,1.2771510271846797e-05,0.0001616320748625225,66.27777777777777,0.0,False,False,False,False,False,False
3551207,Sarutaiá,39,5,34,2025,True,1985,2025,41,2,2,1,0.9512195121951219,9.854165516838019e-05,0.00018523060098438952,422.19444444444446,0.0001846416548619102,True,True,True,True,True,False
3551306,Sebastianópolis do Sul,46,10,36,2025,True,1979,2025,47,1,1,1,0.9787234042553191,0.0007977308814152129,0.001759782440092561,3871.75,0.0014771332388952816,True,True,True,True,True,True
3551405,Serra Azul,52,16,36,2025,True,1974,2025,52,0,0,0,1.0,0.003985722105516512,0.007017922694882315,14059.444444444445,0.0031389081326524734,True,True,True,True,True,True
3551504,Serrana,52,16,36,2025,True,1974,2025,52,0,0,0,1.0,0.0021630457652542564,0.0052904340315266685,7176.5,0.0013279427817668582,True,True,True,True,True,True
3551603,Serra Negra,52,16,36,2025,True,1974,2025,52,0,0,0,1.0,9.570206050507321e-05,0.00029354207436399217,301.55555555555554,7.385666194476408e-06,True,True,True,True,True,True
3551702,Sertãozinho,52,16,36,2025,True,1974,2025,52,0,0,0,1.0,0.008705943694723568,0.014459320743054558,29319.444444444445,0.005000096013660528,True,True,True,True,True,True
3551801,Sete Barras,9,0,9,2025,True,2015,2025,11,2,2,1,0.8181818181818182,2.570745189207977e-07,6.331907749531439e-06,1.4166666666666667,3.692833097238204e-07,False,False,False,False,False,False
3551900,Severínia,52,16,36,2025,True,1974,2025,52,0,0,0,1.0,0.001210157503430644,0.0019179903522216022,5086.777777777777,0.0013478840804919444,True,True,True,True,True,True
3552007,Silveiras,29,7,22,2024,False,1974,2024,51,22,21,2,0.5686274509803921,1.3714392607577296e-06,4.287839829172461e-06,6.138888888888889,0.0,True,False,False,False,False,False
3552106,Socorro,52,16,36,2025,True,1974,2025,52,0,0,0,1.0,3.8041654687543046e-05,6.874642699491277e-05,165.80555555555554,9.23208274309551e-07,True,True,True,True,True,True
3552205,Sorocaba,37,4,33,2025,True,1986,2025,40,3,2,2,0.925,6.494461681631702e-05,0.0002778459014765843,288.94444444444446,0.0002769624822928653,True,True,True,True,True,False
3552304,Sud Mennucci,47,11,36,2025,True,1979,2025,47,0,0,0,1.0,0.0023124685660337804,0.0030381823689978266,9318.472222222223,0.0022526281893153043,True,True,True,True,True,True
3552403,Sumaré,51,16,35,2025,True,1974,2025,52,1,1,1,0.9807692307692307,0.001096565105556169,0.0028146006026556585,3286.1111111111113,0.00014771332388952815,True,True,True,True,True,True
3552502,Suzano,1,0,1,2000,False,2000,2000,1,0,0,0,1.0,6.707474944227346e-08,1.2073454899609223e-06,0.16666666666666666,0.0,False,False,False,False,False,False
3552551,Suzanápolis,28,0,28,2025,True,1997,2025,29,1,1,1,0.9655172413793104,0.0012975582105463988,0.004373554966940049,6269.69696969697,0.0020033619552517258,True,True,True,False,False,False
3552601,Tabapuã,52,16,36,2025,True,1974,2025,52,0,0,0,1.0,0.003230098327138252,0.004415059768871621,13113.944444444445,0.0035576754058792856,True,True,True,True,True,True
3552700,Tabatinga,52,16,36,2025,True,1974,2025,52,0,0,0,1.0,0.001932292540559903,0.003276884872416593,8213.222222222223,0.0028920422401020993,True,True,True,True,True,True
3552809,Taboão da Serra,0,0,0,,False,,,0,0,,0,,0.0,0.0,0.0,,False,False,False,False,False,False
3552908,Taciba,51,16,35,2025,True,1974,2025,52,1,1,1,0.9807692307692307,0.0018993182684579836,0.003426766118211206,8482.527777777777,0.0034158706149453387,True,True,True,True,True,True
3553005,Taguaí,39,16,23,2014,False,1974,2014,41,2,2,1,0.9512195121951219,1.398266798782633e-05,4.0107214606084986e-05,49.166666666666664,0.0,True,True,True,True,True,False
3553104,Taiaçu,45,9,36,2025,True,1981,2025,45,0,0,0,1.0,0.0009103683283398651,0.0013521833871860435,3867.5833333333335,0.0013109557495195625,True,True,True,True,True,True
3553203,Taiúva,48,12,36,2025,True,1978,2025,48,0,0,0,1.0,0.0016258539733354216,0.0022682315706184886,6090.388888888889,0.0013663482459781355,True,True,True,True,True,True
3553302,Tambaú,52,16,36,2025,True,1974,2025,52,0,0,0,1.0,0.004085485002915079,0.007566248437475687,16385.333333333332,0.0033235497875143834,True,True,True,True,True,True
3553401,Tanabi,47,11,36,2025,True,1979,2025,47,0,0,0,1.0,0.0025191891965633153,0.005556342704105304,13245.055555555555,0.004800683026409665,True,True,True,True,True,True
3553500,Tapiraí,7,0,7,2008,False,2002,2008,7,0,0,0,1.0,3.150757158645533e-06,2.0326552847004746e-05,10.222222222222221,0.0,False,False,False,False,False,False
3553609,Tapiratiba,52,16,36,2025,True,1974,2025,52,0,0,0,1.0,0.001193025923747936,0.002317906378657601,4020.8333333333335,0.00024003415132048327,True,True,True,True,True,True
3553658,Taquaral,29,0,29,2025,True,1997,2025,29,0,0,0,1.0,0.0004784853468469284,0.0007011590158532054,1987.0344827586207,0.00040621164069620244,True,True,True,False,False,False
3553708,Taquaritinga,52,16,36,2025,True,1974,2025,52,0,0,0,1.0,0.005900997736015217,0.008282716731087797,22111.722222222223,0.005169966336133485,True,True,True,True,True,True
3553807,Taquarituba,52,16,36,2025,True,1974,2025,52,0,0,0,1.0,0.0005106013901910539,0.0011854637615991497,1811.0833333333333,4.191365565365361e-05,True,True,True,True,True,True
3553856,Taquarivaí,7,0,7,2011,False,1993,2011,19,12,11,2,0.3684210526315789,3.2991198304191986e-05,0.0005717119772229948,127.72727272727273,0.0,False,False,False,False,False,False
3553906,Tarabai,25,0,25,2025,True,1990,2025,36,11,11,1,0.6944444444444444,0.0003038439466281295,0.0008876923174611237,1595.888888888889,0.0005908532955581126,True,False,False,False,False,False
3553955,Tarumã,33,0,33,2025,True,1993,2025,33,0,0,0,1.0,0.004691563430621799,0.007968480233742086,17856.696969696968,0.003692833097238204,True,True,True,True,False,False
3554003,Tatuí,51,16,35,2025,True,1974,2025,52,1,1,1,0.9807692307692307,0.002263460973692245,0.007174472124416385,7633.944444444444,0.001827952383132911,True,True,True,True,True,True
3554102,Taubaté,25,16,9,2018,False,1974,2018,45,20,13,3,0.5555555555555556,3.3985588183728155e-06,8.067860697243731e-05,14.694444444444445,0.0,True,False,False,False,False,False
3554201,Tejupá,36,8,28,2019,False,1975,2019,45,9,7,2,0.8,3.8744563218877766e-05,0.0001073620674784909,158.22222222222223,0.0,True,True,False,False,False,False
3554300,Teodoro Sampaio,48,12,36,2025,True,1978,2025,48,0,0,0,1.0,0.005910266803109356,0.008575701718562015,23616.777777777777,0.006798505732015534,True,True,True,True,True,True
3554409,Terra Roxa,47,11,36,2025,True,1979,2025,47,0,0,0,1.0,0.004056590571892881,0.008175612148959654,14423.805555555555,0.002769624822928653,True,True,True,True,True,True
3554508,Tietê,52,16,36,2025,True,1974,2025,52,0,0,0,1.0,0.0041872059931185555,0.010181946965337111,14216.361111111111,0.0025849831680667427,True,True,True,True,True,True
3554607,Timburi,36,5,31,2025,True,1974,2025,52,16,8,4,0.6923076923076923,5.6901543794173566e-05,0.00013489760045783429,198.16666666666666,1.846416548619102e-05,True,True,False,False,False,False
3554656,Torre de Pedra,12,0,12,2025,True,2010,2025,16,4,4,1,0.75,1.0781591680315302e-06,1.0026803651521246e-05,5.666666666666667,1.2924915840333715e-06,True,False,False,False,False,False
3554706,Torrinha,52,16,36,2025,True,1974,2025,52,0,0,0,1.0,0.0016461615516578133,0.0023606435784789184,6165.472222222223,0.0009638294383791712,True,True,True,True,True,True
3554755,Trabiju,28,0,28,2025,True,1998,2025,28,0,0,0,1.0,0.0005258525205398112,0.0010104672241389393,2245.1071428571427,0.0003877474752100114,True,True,True,False,False,False
3554805,Tremembé,0,0,0,,False,,,0,0,,0,,0.0,0.0,0.0,0.0,False,False,False,False,False,False
3554904,Três Fronteiras,25,2,23,2025,True,1988,2025,38,13,9,2,0.6578947368421053,9.47405861400279e-05,0.0002963689615750232,511.94444444444446,0.0002954266477790563,True,True,False,False,False,False
3554953,Tuiuti,1,0,1,2011,False,2011,2011,1,0,0,0,1.0,2.910483657014333e-08,9.604596068147298e-07,0.15151515151515152,0.0,False,False,False,False,False,False
3555000,Tupã,43,13,30,2025,True,1974,2025,52,9,6,2,0.8269230769230769,0.0009258768216004106,0.0023220625827806273,4413.611111111111,0.001846416548619102,True,True,False,False,False,False
3555109,Tupi Paulista,21,0,21,2025,True,2005,2025,21,0,0,0,1.0,0.0006189370915179303,0.001713383059105603,3333.4166666666665,0.0016477421279876866,True,True,False,False,False,False
3555208,Turiúba,33,7,26,2025,True,1983,2025,43,10,5,2,0.7674418604651163,0.00046808084294563436,0.001383061833813211,2390.0,0.0011078499291714613,True,True,True,False,False,False
3555307,Turmalina,41,5,36,2025,True,1983,2025,43,2,1,2,0.9534883720930233,0.0003672477727456442,0.000941672439795742,1907.0277777777778,0.000941672439795742,True,True,True,True,True,True
3555356,Ubarana,33,0,33,2025,True,1993,2025,33,0,0,0,1.0,0.0019035106962136707,0.0026802867962441163,8341.030303030304,0.0025258978385109317,True,True,True,True,False,False
3555406,Ubatuba,9,9,0,1982,False,1974,1982,9,0,0,0,1.0,0.0,0.0,0.0,0.0,False,False,False,False,False,False
3555505,Ubirajara,11,0,11,2017,False,2007,2017,11,0,0,0,1.0,1.217233187608664e-05,5.354313149912346e-05,63.22222222222222,0.0,False,False,False,False,False,False
3555604,Uchoa,52,16,36,2025,True,1974,2025,52,0,0,0,1.0,0.002361974820177259,0.0036077454524707335,9889.555555555555,0.0025499012536429797,True,True,True,True,True,True
3555703,União Paulista,45,9,36,2025,True,1981,2025,45,0,0,0,1.0,0.0004818954965816113,0.000976759799856776,2305.3055555555557,0.0006093174610443037,True,True,True,True,True,True
3555802,Urânia,26,0,26,2025,True,1991,2025,35,9,5,2,0.7428571428571429,0.0002319692374305987,0.0006041314974750751,1256.3055555555557,0.0005816212128150172,True,True,True,False,False,False
3555901,Uru,19,0,19,2025,True,2006,2025,20,1,1,1,0.95,0.00028714298498556213,0.0008776017855586591,1553.8333333333333,0.0008776017855586591,True,True,False,False,False,False
3556008,Urupês,52,16,36,2025,True,1974,2025,52,0,0,0,1.0,0.0022169929134766048,0.0035193814187034008,10197.777777777777,0.003508191442376294,True,True,True,True,True,True
3556107,Valentim Gentil,37,5,32,2025,True,1974,2025,52,15,11,5,0.7115384615384616,0.00031682316167211,0.0007801097414843312,1620.361111111111,0.0007385666194476408,True,False,False,False,False,False
3556206,Valinhos,0,0,0,,False,,,0,0,,0,,0.0,0.0,0.0,0.0,False,False,False,False,False,False
3556305,Valparaíso,47,11,36,2025,True,1979,2025,47,0,0,0,1.0,0.008590701475237338,0.01314937547612888,35072.694444444445,0.008639936955953364,True,True,True,True,True,True
3556354,Vargem,16,0,16,2012,False,1995,2012,18,2,2,1,0.8888888888888888,2.7454092895265594e-06,7.432255703898933e-06,9.515151515151516,0.0,True,False,False,False,False,False
3556404,Vargem Grande do Sul,44,8,36,2025,True,1982,2025,44,0,0,0,1.0,0.001480009237849118,0.002007196547423261,5515.666666666667,0.0011817065911162252,True,True,True,True,True,True
3556453,Vargem Grande Paulista,3,3,0,1985,False,1983,1985,3,0,0,0,1.0,0.0,0.0,0.0,,False,False,False,False,False,False
3556503,Várzea Paulista,12,4,8,2010,False,1975,2010,36,24,22,3,0.3333333333333333,2.143467844146245e-07,7.516112666528871e-07,0.7272727272727273,,True,False,False,False,False,False
3556602,Vera Cruz,0,0,0,,False,,,0,0,,0,,0.0,0.0,0.0,0.0,False,False,False,False,False,False
3556701,Vinhedo,0,0,0,,False,,,0,0,,0,,0.0,0.0,0.0,0.0,False,False,False,False,False,False
3556800,Viradouro,52,16,36,2025,True,1974,2025,52,0,0,0,1.0,0.0037828810548360295,0.006037758192069268,13720.222222222223,0.002732696491956271,True,True,True,True,True,True
3556909,Vista Alegre do Alto,52,16,36,2025,True,1974,2025,52,0,0,0,1.0,0.001279060948119843,0.0027429777133060793,4286.666666666667,0.0007219488705100689,True,True,True,True,True,True
3556958,Vitória Brasil,26,0,26,2025,True,1998,2025,28,2,2,1,0.9285714285714286,5.688120104930429e-05,9.96864046956284e-05,268.1034482758621,4.616041371547755e-05,True,True,True,False,False,False
3557006,Votorantim,9,1,8,2008,False,1986,2008,23,14,14,1,0.391304347826087,6.956158464220534e-06,4.5736958177839586e-05,22.02777777777778,0.0,False,False,False,False,False,False
3557105,Votuporanga,47,16,31,2025,True,1974,2025,52,5,5,1,0.9038461538461539,0.0008828355780227925,0.002215100947276021,4531.75,0.0016617748937571917,True,True,True,False,False,False
3557154,Zacarias,23,0,23,2025,True,1998,2025,28,5,5,1,0.8214285714285714,0.0008135928799777387,0.00175810568281381,4271.878787878788,0.0015140615698676636,True,True,True,False,False,False
3557204,Chavantes,52,16,36,2025,True,1974,2025,52,0,0,0,1.0,0.002387941626625213,0.0038631772977626684,8774.916666666666,0.0017725598866743378,True,True,True,True,True,True
3557303,Estiva Gerbi,32,0,32,2025,True,1993,2025,33,1,1,1,0.9696969696969697,0.00021949992744058747,0.0005870841487279843,815.5151515151515,9.41672439795742e-05,True,True,True,True,False,False
