season,horizon,harvest_block_order,block_start_date,block_end_date,block_crush_tonnes,predicted_crush_tonnes,residual_tonnes,absolute_error_tonnes,squared_error_tonnes,specification,evaluation_type,held_out_season
10-11,1,1,2010-04-16,2010-05-01,35863885,25311804.562500022,10552080.437499978,10552080.437499978,111346401559469.72,block_only,in_sample,
10-11,1,2,2010-05-16,2010-06-01,51305918,47742236.9375,3563681.0625,3563681.0625,12699822715221.129,block_only,in_sample,
10-11,1,3,2010-06-16,2010-07-01,52523414,48421418.750000015,4101995.249999985,4101995.249999985,16826365031022.44,block_only,in_sample,
10-11,1,4,2010-07-16,2010-08-01,52596637,54451064.125000015,-1854427.125000015,1854427.125000015,3438899961935.821,block_only,in_sample,
10-11,1,5,2010-08-16,2010-09-01,52065647,52550907.75,-485260.75,485260.75,235477995490.5625,block_only,in_sample,
10-11,1,6,2010-09-16,2010-10-01,40115962,44918120.1875,-4802158.1875,4802158.1875,23060723257773.285,block_only,in_sample,
10-11,1,7,2010-10-16,2010-11-01,36567655,37165319.9375,-597664.9375,597664.9375,357203377516.8789,block_only,in_sample,
10-11,1,8,2010-11-16,2010-12-01,27871957,23403849.81249998,4468107.187500019,4468107.187500019,19963981838989.33,block_only,in_sample,
10-11,1,9,2010-12-16,2011-01-01,5606184,7107822.750000007,-1501638.7500000075,1501638.7500000075,2254918935501.585,block_only,in_sample,
10-11,1,10,2011-01-16,2011-02-01,294577,472622.7499999851,-178045.7499999851,178045.7499999851,31700289093.057194,block_only,in_sample,
10-11,1,11,2011-02-16,2011-03-01,105892,238602.81250000373,-132710.81250000373,132710.81250000373,17612159754.411144,block_only,in_sample,
10-11,1,12,2011-03-16,2011-04-01,965541,3462184.9374999814,-2496643.9374999814,2496643.9374999814,6233230950655.411,block_only,in_sample,
11-12,1,1,2011-04-16,2011-05-01,13464081,25311804.562500022,-11847723.562500022,11847723.562500022,140368553613418.22,block_only,in_sample,
11-12,1,2,2011-05-16,2011-06-01,49442941,47742236.9375,1700704.0625,1700704.0625,2892394308204.004,block_only,in_sample,
11-12,1,3,2011-06-16,2011-07-01,48574952,48421418.750000015,153533.2499999851,153533.2499999851,23572458855.557926,block_only,in_sample,
11-12,1,4,2011-07-16,2011-08-01,53335388,54451064.125000015,-1115676.125000015,1115676.125000015,1244733215895.0488,block_only,in_sample,
11-12,1,5,2011-08-16,2011-09-01,49139941,52550907.75,-3410966.75,3410966.75,11634694169605.562,block_only,in_sample,
11-12,1,6,2011-09-16,2011-10-01,46245895,44918120.1875,1327774.8125,1327774.8125,1762985952709.4102,block_only,in_sample,
11-12,1,7,2011-10-16,2011-11-01,27754502,37165319.9375,-9410817.9375,9410817.9375,88563494252771.75,block_only,in_sample,
11-12,1,8,2011-11-16,2011-12-01,14814387,23403849.81249998,-8589462.812499981,8589462.812499981,73778871407320.1,block_only,in_sample,
11-12,1,9,2011-12-16,2012-01-01,702437,7107822.750000007,-6405385.750000007,6405385.750000007,41028966606303.16,block_only,in_sample,
11-12,1,10,2012-01-16,2012-02-01,0,472622.7499999851,-472622.7499999851,472622.7499999851,223372263817.5484,block_only,in_sample,
11-12,1,11,2012-02-16,2012-03-01,23943,238602.81250000373,-214659.81250000373,214659.81250000373,46078835102.53676,block_only,in_sample,
11-12,1,12,2012-03-16,2012-04-01,127710,3462184.9374999814,-3334474.9374999814,3334474.9374999814,11118723108815.504,block_only,in_sample,
12-13,1,1,2012-04-16,2012-05-01,6649075,25311804.562500022,-18662729.562500022,18662729.562500022,348297474723012.25,block_only,in_sample,
12-13,1,2,2012-05-16,2012-06-01,34196975,47742236.9375,-13545261.9375,13545261.9375,183474120955486.25,block_only,in_sample,
12-13,1,3,2012-06-16,2012-07-01,32888145,48421418.750000015,-15533273.750000015,15533273.750000015,241282593392439.53,block_only,in_sample,
12-13,1,4,2012-07-16,2012-08-01,54517208,54451064.125000015,66143.8749999851,66143.8749999851,4375012200.013654,block_only,in_sample,
12-13,1,5,2012-08-16,2012-09-01,56677700,52550907.75,4126792.25,4126792.25,17030414274660.062,block_only,in_sample,
12-13,1,6,2012-09-16,2012-10-01,44961644,44918120.1875,43523.8125,43523.8125,1894322254.5351562,block_only,in_sample,
12-13,1,7,2012-10-16,2012-11-01,47015427,37165319.9375,9850107.0625,9850107.0625,97024609142712.38,block_only,in_sample,
12-13,1,8,2012-11-16,2012-12-01,37562343,23403849.81249998,14158493.187500019,14158493.187500019,200462929340484.44,block_only,in_sample,
12-13,1,9,2012-12-16,2013-01-01,14497760,7107822.750000007,7389937.249999993,7389937.249999993,54611172558937.45,block_only,in_sample,
12-13,1,10,2013-01-16,2013-02-01,581911,472622.7499999851,109288.2500000149,109288.2500000149,11943921588.065758,block_only,in_sample,
12-13,1,11,2013-02-16,2013-03-01,122497,238602.81250000373,-116105.81250000373,116105.81250000373,13480559696.286022,block_only,in_sample,
12-13,1,12,2013-03-16,2013-04-01,1077026,3462184.9374999814,-2385158.9374999814,2385158.9374999814,5688983157136.04,block_only,in_sample,
13-14,1,1,2013-04-16,2013-05-01,25653101,25311804.562500022,341296.43749997765,341296.43749997765,116483258250.17615,block_only,in_sample,
13-14,1,2,2013-05-16,2013-06-01,47856881,47742236.9375,114644.0625,114644.0625,13143261066.503906,block_only,in_sample,
13-14,1,3,2013-06-16,2013-07-01,39392988,48421418.750000015,-9028430.750000015,9028430.750000015,81512561807545.83,block_only,in_sample,
13-14,1,4,2013-07-16,2013-08-01,52875131,54451064.125000015,-1575933.125000015,1575933.125000015,2483565214472.3125,block_only,in_sample,
13-14,1,5,2013-08-16,2013-09-01,57867510,52550907.75,5316602.25,5316602.25,28266259484705.062,block_only,in_sample,
13-14,1,6,2013-09-16,2013-10-01,46718620,44918120.1875,1800499.8125,1800499.8125,3241799574812.535,block_only,in_sample,
13-14,1,7,2013-10-16,2013-11-01,43116896,37165319.9375,5951576.0625,5951576.0625,35421257627723.0,block_only,in_sample,
13-14,1,8,2013-11-16,2013-12-01,36445289,23403849.81249998,13041439.187500019,13041439.187500019,170079136081261.16,block_only,in_sample,
13-14,1,9,2013-12-16,2014-01-01,15481905,7107822.750000007,8374082.249999993,8374082.249999993,70125253529764.94,block_only,in_sample,
13-14,1,10,2014-01-16,2014-02-01,525135,472622.7499999851,52512.2500000149,52512.2500000149,2757536400.064065,block_only,in_sample,
13-14,1,11,2014-02-16,2014-03-01,19324,238602.81250000373,-219278.81250000373,219278.81250000373,48083197611.41179,block_only,in_sample,
13-14,1,12,2014-03-16,2014-04-01,2942462,3462184.9374999814,-519722.9374999814,519722.9374999814,270111931763.60956,block_only,in_sample,
14-15,1,1,2014-04-16,2014-05-01,23489459,25311804.562500022,-1822345.5625000224,1822345.5625000224,3320943349163.523,block_only,in_sample,
14-15,1,2,2014-05-16,2014-06-01,48509641,47742236.9375,767404.0625,767404.0625,588908995141.5039,block_only,in_sample,
14-15,1,3,2014-06-16,2014-07-01,53885252,48421418.750000015,5463833.249999985,5463833.249999985,29853473783805.4,block_only,in_sample,
14-15,1,4,2014-07-16,2014-08-01,48033598,54451064.125000015,-6417466.125000015,6417466.125000015,41183871465522.7,block_only,in_sample,
14-15,1,5,2014-08-16,2014-09-01,54735765,52550907.75,2184857.25,2184857.25,4773601202877.5625,block_only,in_sample,
14-15,1,6,2014-09-16,2014-10-01,39289013,44918120.1875,-5629107.1875,5629107.1875,31686847728364.16,block_only,in_sample,
14-15,1,7,2014-10-16,2014-11-01,42557556,37165319.9375,5392236.0625,5392236.0625,29076209753725.504,block_only,in_sample,
14-15,1,8,2014-11-16,2014-12-01,19129990,23403849.81249998,-4273859.812499981,4273859.812499981,18265877696902.375,block_only,in_sample,
14-15,1,9,2014-12-16,2015-01-01,5106403,7107822.750000007,-2001419.7500000075,2001419.7500000075,4005681015690.0923,block_only,in_sample,
14-15,1,10,2015-01-16,2015-02-01,573473,472622.7499999851,100850.2500000149,100850.2500000149,10170772925.065506,block_only,in_sample,
14-15,1,11,2015-02-16,2015-03-01,167766,238602.81250000373,-70836.81250000373,70836.81250000373,5017854005.160684,block_only,in_sample,
14-15,1,12,2015-03-16,2015-04-01,1509111,3462184.9374999814,-1953073.9374999814,1953073.9374999814,3814497805341.681,block_only,in_sample,
15-16,1,1,2015-04-16,2015-05-01,22419779,25311804.562500022,-2892025.5625000224,2892025.5625000224,8363811854153.57,block_only,in_sample,
15-16,1,2,2015-05-16,2015-06-01,40913611,47742236.9375,-6828625.9375,6828625.9375,46630132194297.75,block_only,in_sample,
15-16,1,3,2015-06-16,2015-07-01,51559852,48421418.750000015,3138433.249999985,3138433.249999985,9849763264705.469,block_only,in_sample,
15-16,1,4,2015-07-16,2015-08-01,46975159,54451064.125000015,-7475905.125000015,7475905.125000015,55889157438001.49,block_only,in_sample,
15-16,1,5,2015-08-16,2015-09-01,56700999,52550907.75,4150091.25,4150091.25,17223257383326.562,block_only,in_sample,
15-16,1,6,2015-09-16,2015-10-01,40025712,44918120.1875,-4892408.1875,4892408.1875,23935657873117.035,block_only,in_sample,
15-16,1,7,2015-10-16,2015-11-01,46093055,37165319.9375,8927735.0625,8927735.0625,79704453346191.88,block_only,in_sample,
15-16,1,8,2015-11-16,2015-12-01,26382747,23403849.81249998,2978897.1875000186,2978897.1875000186,8873828453695.521,block_only,in_sample,
15-16,1,9,2015-12-16,2016-01-01,19726736,7107822.750000007,12618913.249999993,12618913.249999993,159236971611025.38,block_only,in_sample,
15-16,1,10,2016-01-16,2016-02-01,3549332,472622.7499999851,3076709.250000015,3076709.250000015,9466139809035.654,block_only,in_sample,
15-16,1,11,2016-02-16,2016-03-01,2125136,238602.81250000373,1886533.1874999963,1886533.1874999963,3559007467538.896,block_only,in_sample,
15-16,1,12,2016-03-16,2016-04-01,11850513,3462184.9374999814,8388328.062500019,8388328.062500019,70364047684125.31,block_only,in_sample,
16-17,1,1,2016-04-16,2016-05-01,43810763,25311804.562500022,18498958.437499978,18498958.437499978,342211463272351.6,block_only,in_sample,
16-17,1,2,2016-05-16,2016-06-01,43889437,47742236.9375,-3852799.9375,3852799.9375,14844067358400.004,block_only,in_sample,
16-17,1,3,2016-06-16,2016-07-01,41351162,48421418.750000015,-7070256.750000015,7070256.750000015,49988530510920.77,block_only,in_sample,
16-17,1,4,2016-07-16,2016-08-01,58180942,54451064.125000015,3729877.874999985,3729877.874999985,13911988962414.404,block_only,in_sample,
16-17,1,5,2016-08-16,2016-09-01,50535926,52550907.75,-2014981.75,2014981.75,4060151452833.0625,block_only,in_sample,
16-17,1,6,2016-09-16,2016-10-01,48160320,44918120.1875,3242199.8125,3242199.8125,10511859624175.035,block_only,in_sample,
16-17,1,7,2016-10-16,2016-11-01,39456393,37165319.9375,2291073.0625,2291073.0625,5249015777713.129,block_only,in_sample,
16-17,1,8,2016-11-16,2016-12-01,26082913,23403849.81249998,2679063.1875000186,2679063.1875000186,7177379562617.76,block_only,in_sample,
16-17,1,9,2016-12-16,2017-01-01,6848360,7107822.750000007,-259462.75000000745,259462.75000000745,67320918637.56637,block_only,in_sample,
16-17,1,10,2017-01-16,2017-02-01,697362,472622.7499999851,224739.2500000149,224739.2500000149,50507730490.5692,block_only,in_sample,
16-17,1,11,2017-02-16,2017-03-01,554974,238602.81250000373,316371.1874999963,316371.1874999963,100090728280.1578,block_only,in_sample,
16-17,1,12,2017-03-16,2017-04-01,6421087,3462184.9374999814,2958902.0625000186,2958902.0625000186,8755101415466.864,block_only,in_sample,
17-18,1,1,2017-04-16,2017-05-01,25457747,25311804.562500022,145942.43749997765,145942.43749997765,21299195063.434883,block_only,in_sample,
17-18,1,2,2017-05-16,2017-06-01,42330199,47742236.9375,-5412037.9375,5412037.9375,29290154636939.254,block_only,in_sample,
17-18,1,3,2017-06-16,2017-07-01,53295057,48421418.750000015,4873638.249999985,4873638.249999985,23752349791862.918,block_only,in_sample,
17-18,1,4,2017-07-16,2017-08-01,58936001,54451064.125000015,4484936.874999985,4484936.874999985,20114658772734.633,block_only,in_sample,
17-18,1,5,2017-08-16,2017-09-01,49584932,52550907.75,-2965975.75,2965975.75,8797012149588.062,block_only,in_sample,
17-18,1,6,2017-09-16,2017-10-01,51954294,44918120.1875,7036173.8125,7036173.8125,49507741919710.78,block_only,in_sample,
17-18,1,7,2017-10-16,2017-11-01,37068378,37165319.9375,-96941.9375,96941.9375,9397739246.253906,block_only,in_sample,
17-18,1,8,2017-11-16,2017-12-01,22742945,23403849.81249998,-660904.8124999814,660904.8124999814,436795171185.63556,block_only,in_sample,
17-18,1,9,2017-12-16,2018-01-01,8281823,7107822.750000007,1174000.2499999925,1174000.2499999925,1378276587000.045,block_only,in_sample,
17-18,1,10,2018-01-16,2018-02-01,25578,472622.7499999851,-447044.7499999851,447044.7499999851,199849008502.54916,block_only,in_sample,
17-18,1,11,2018-02-16,2018-03-01,188067,238602.81250000373,-50535.812500003725,50535.812500003725,2553868345.035533,block_only,in_sample,
17-18,1,12,2018-03-16,2018-04-01,7277321,3462184.9374999814,3815136.0625000186,3815136.0625000186,14555263175388.146,block_only,in_sample,
18-19,1,1,2018-04-16,2018-05-01,36989641,25311804.562500022,11677836.437499978,11677836.437499978,136371863861002.17,block_only,in_sample,
18-19,1,2,2018-05-16,2018-06-01,46305680,47742236.9375,-1436556.9375,1436556.9375,2063695834679.379,block_only,in_sample,
18-19,1,3,2018-06-16,2018-07-01,53019243,48421418.750000015,4597824.249999985,4597824.249999985,21139987833887.926,block_only,in_sample,
18-19,1,4,2018-07-16,2018-08-01,54203334,54451064.125000015,-247730.1250000149,247730.1250000149,61370214832.52301,block_only,in_sample,
18-19,1,5,2018-08-16,2018-09-01,44695397,52550907.75,-7855510.75,7855510.75,61709049143365.56,block_only,in_sample,
18-19,1,6,2018-09-16,2018-10-01,38840569,44918120.1875,-6077551.1875,6077551.1875,36936628436682.66,block_only,in_sample,
18-19,1,7,2018-10-16,2018-11-01,27946096,37165319.9375,-9219223.9375,9219223.9375,84994090009773.0,block_only,in_sample,
18-19,1,8,2018-11-16,2018-12-01,20396811,23403849.81249998,-3007038.8124999814,3007038.8124999814,9042282419881.299,block_only,in_sample,
18-19,1,9,2018-12-16,2019-01-01,6855169,7107822.750000007,-252653.75000000745,252653.75000000745,63833917389.06626,block_only,in_sample,
18-19,1,10,2019-01-16,2019-02-01,173070,472622.7499999851,-299552.7499999851,299552.7499999851,89731850032.55357,block_only,in_sample,
18-19,1,11,2019-02-16,2019-03-01,64729,238602.81250000373,-173873.81250000373,173873.81250000373,30232102673.286453,block_only,in_sample,
18-19,1,12,2019-03-16,2019-04-01,3848430,3462184.9374999814,386245.0625000186,386245.0625000186,149185248305.64328,block_only,in_sample,
19-20,1,1,2019-04-16,2019-05-01,25179709,25311804.562500022,-132095.56250002235,132095.56250002235,17449237632.19731,block_only,in_sample,
19-20,1,2,2019-05-16,2019-06-01,50387582,47742236.9375,2645345.0625,2645345.0625,6997850499693.129,block_only,in_sample,
19-20,1,3,2019-06-16,2019-07-01,52431797,48421418.750000015,4010378.249999985,4010378.249999985,16083133708072.943,block_only,in_sample,
19-20,1,4,2019-07-16,2019-08-01,52558745,54451064.125000015,-1892319.125000015,1892319.125000015,3580871670840.822,block_only,in_sample,
19-20,1,5,2019-08-16,2019-09-01,53273213,52550907.75,722305.25,722305.25,521724874177.5625,block_only,in_sample,
19-20,1,6,2019-09-16,2019-10-01,43605692,44918120.1875,-1312428.1875,1312428.1875,1722467747344.5352,block_only,in_sample,
19-20,1,7,2019-10-16,2019-11-01,42854529,37165319.9375,5689209.0625,5689209.0625,32367099756832.13,block_only,in_sample,
19-20,1,8,2019-11-16,2019-12-01,17106453,23403849.81249998,-6297396.812499981,6297396.812499981,39657206614084.92,block_only,in_sample,
19-20,1,9,2019-12-16,2020-01-01,1261108,7107822.750000007,-5846714.750000007,5846714.750000007,34184073367867.65,block_only,in_sample,
19-20,1,10,2020-01-16,2020-02-01,19992,472622.7499999851,-452630.7499999851,452630.7499999851,204874595845.549,block_only,in_sample,
19-20,1,11,2020-02-16,2020-03-01,0,238602.81250000373,-238602.81250000373,238602.81250000373,56931302132.911934,block_only,in_sample,
19-20,1,12,2020-03-16,2020-04-01,4634695,3462184.9374999814,1172510.0625000186,1172510.0625000186,1374779846663.7976,block_only,in_sample,
20-21,1,1,2020-04-16,2020-05-01,37969735,25311804.562500022,12657930.437499978,12657930.437499978,160223202960588.38,block_only,in_sample,
20-21,1,2,2020-05-16,2020-06-01,52641606,47742236.9375,4899369.0625,4899369.0625,24003817210582.13,block_only,in_sample,
20-21,1,3,2020-06-16,2020-07-01,50182327,48421418.750000015,1760908.249999985,1760908.249999985,3100797864918.0103,block_only,in_sample,
20-21,1,4,2020-07-16,2020-08-01,57730882,54451064.125000015,3279817.874999985,3279817.874999985,10757205293169.418,block_only,in_sample,
20-21,1,5,2020-08-16,2020-09-01,52776407,52550907.75,225499.25,225499.25,50849911750.5625,block_only,in_sample,
20-21,1,6,2020-09-16,2020-10-01,49758856,44918120.1875,4840735.8125,4840735.8125,23432723206420.035,block_only,in_sample,
20-21,1,7,2020-10-16,2020-11-01,37894982,37165319.9375,729662.0625,729662.0625,532406725451.7539,block_only,in_sample,
20-21,1,8,2020-11-16,2020-12-01,15229986,23403849.81249998,-8173863.812499981,8173863.812499981,66812049625296.734,block_only,in_sample,
20-21,1,9,2020-12-16,2021-01-01,617019,7107822.750000007,-6490803.750000007,6490803.750000007,42130533321014.16,block_only,in_sample,
20-21,1,10,2021-01-16,2021-02-01,10265,472622.7499999851,-462357.7499999851,462357.7499999851,213774688985.0487,block_only,in_sample,
20-21,1,11,2021-02-16,2021-03-01,16595,238602.81250000373,-222007.81250000373,222007.81250000373,49287468811.03681,block_only,in_sample,
20-21,1,12,2021-03-16,2021-04-01,1678855,3462184.9374999814,-1783329.9374999814,1783329.9374999814,3180265665983.6875,block_only,in_sample,
21-22,1,1,2021-04-16,2021-05-01,23522409,25311804.562500022,-1789395.5625000224,1789395.5625000224,3201936479094.7715,block_only,in_sample,
21-22,1,2,2021-05-16,2021-06-01,51001348,47742236.9375,3259111.0625,3259111.0625,10621804917709.879,block_only,in_sample,
21-22,1,3,2021-06-16,2021-07-01,48736569,48421418.750000015,315150.2499999851,315150.2499999851,99319680075.0531,block_only,in_sample,
21-22,1,4,2021-07-16,2021-08-01,53983106,54451064.125000015,-467958.1250000149,467958.1250000149,218984806753.52957,block_only,in_sample,
21-22,1,5,2021-08-16,2021-09-01,51550157,52550907.75,-1000750.75,1000750.75,1001502063625.5625,block_only,in_sample,
21-22,1,6,2021-09-16,2021-10-01,43252331,44918120.1875,-1665789.1875,1665789.1875,2774853617191.91,block_only,in_sample,
21-22,1,7,2021-10-16,2021-11-01,19354723,37165319.9375,-17810596.9375,17810596.9375,317217363270084.4,block_only,in_sample,
21-22,1,8,2021-11-16,2021-12-01,7028226,23403849.81249998,-16375623.812499981,16375623.812499981,268161055248516.44,block_only,in_sample,
21-22,1,9,2021-12-16,2022-01-01,190682,7107822.750000007,-6917140.750000007,6917140.750000007,47846836155310.664,block_only,in_sample,
21-22,1,10,2022-01-16,2022-02-01,0,472622.7499999851,-472622.7499999851,472622.7499999851,223372263817.5484,block_only,in_sample,
21-22,1,11,2022-02-16,2022-03-01,0,238602.81250000373,-238602.81250000373,238602.81250000373,56931302132.911934,block_only,in_sample,
21-22,1,12,2022-03-16,2022-04-01,68753,3462184.9374999814,-3393431.9374999814,3393431.9374999814,11515380314444.877,block_only,in_sample,
22-23,1,1,2022-04-16,2022-05-01,14681891,25311804.562500022,-10629913.562500022,10629913.562500022,112995062346221.92,block_only,in_sample,
22-23,1,2,2022-05-16,2022-06-01,45258737,47742236.9375,-2483499.9375,2483499.9375,6167771939562.504,block_only,in_sample,
22-23,1,3,2022-06-16,2022-07-01,47363873,48421418.750000015,-1057545.750000015,1057545.750000015,1118403013343.094,block_only,in_sample,
22-23,1,4,2022-07-16,2022-08-01,55574655,54451064.125000015,1123590.874999985,1123590.874999985,1262456454383.2322,block_only,in_sample,
22-23,1,5,2022-08-16,2022-09-01,48196640,52550907.75,-4354267.75,4354267.75,18959647638690.062,block_only,in_sample,
22-23,1,6,2022-09-16,2022-10-01,36585620,44918120.1875,-8332500.1875,8332500.1875,69430559374687.53,block_only,in_sample,
22-23,1,7,2022-10-16,2022-11-01,36743555,37165319.9375,-421764.9375,421764.9375,177885662504.3789,block_only,in_sample,
22-23,1,8,2022-11-16,2022-12-01,24673613,23403849.81249998,1269763.1875000186,1269763.1875000186,1612298552330.2075,block_only,in_sample,
22-23,1,9,2022-12-16,2023-01-01,3024763,7107822.750000007,-4083059.7500000075,4083059.7500000075,16671376922070.123,block_only,in_sample,
22-23,1,10,2023-01-16,2023-02-01,0,472622.7499999851,-472622.7499999851,472622.7499999851,223372263817.5484,block_only,in_sample,
22-23,1,11,2023-02-16,2023-03-01,17480,238602.81250000373,-221122.81250000373,221122.81250000373,48895298207.911804,block_only,in_sample,
22-23,1,12,2023-03-16,2023-04-01,2387836,3462184.9374999814,-1074348.9374999814,1074348.9374999814,1154225639507.3389,block_only,in_sample,
23-24,1,1,2023-04-16,2023-05-01,19502051,25311804.562500022,-5809753.562500022,5809753.562500022,33753236456981.7,block_only,in_sample,
23-24,1,2,2023-05-16,2023-06-01,54613215,47742236.9375,6870978.0625,6870978.0625,47210339535356.25,block_only,in_sample,
23-24,1,3,2023-06-16,2023-07-01,47191995,48421418.750000015,-1229423.750000015,1229423.750000015,1511482757064.099,block_only,in_sample,
23-24,1,4,2023-07-16,2023-08-01,59486498,54451064.125000015,5035433.874999985,5035433.874999985,25355594309497.367,block_only,in_sample,
23-24,1,5,2023-08-16,2023-09-01,56127609,52550907.75,3576701.25,3576701.25,12792791831751.562,block_only,in_sample,
23-24,1,6,2023-09-16,2023-10-01,51809218,44918120.1875,6891097.8125,6891097.8125,47487229061442.28,block_only,in_sample,
23-24,1,7,2023-10-16,2023-11-01,38439426,37165319.9375,1274106.0625,1274106.0625,1623346258499.254,block_only,in_sample,
23-24,1,8,2023-11-16,2023-12-01,38187359,23403849.81249998,14783509.187500019,14783509.187500019,218552143896897.47,block_only,in_sample,
23-24,1,9,2023-12-16,2024-01-01,16959995,7107822.750000007,9852172.249999993,9852172.249999993,97065298043669.92,block_only,in_sample,
23-24,1,10,2024-01-16,2024-02-01,948654,472622.7499999851,476031.2500000149,476031.2500000149,226605750976.5767,block_only,in_sample,
23-24,1,11,2024-02-16,2024-03-01,363793,238602.81250000373,125190.18749999627,125190.18749999627,15672583046.284224,block_only,in_sample,
23-24,1,12,2024-03-16,2024-04-01,3972760,3462184.9374999814,510575.0625000186,510575.0625000186,260686894446.89792,block_only,in_sample,
24-25,1,1,2024-04-16,2024-05-01,32053800,25311804.562500022,6741995.437499978,6741995.437499978,45454502479270.516,block_only,in_sample,
24-25,1,2,2024-05-16,2024-06-01,52911731,47742236.9375,5169494.0625,5169494.0625,26723668862222.754,block_only,in_sample,
24-25,1,3,2024-06-16,2024-07-01,57005563,48421418.750000015,8584144.249999985,8584144.249999985,73687532504807.81,block_only,in_sample,
24-25,1,4,2024-07-16,2024-08-01,55100624,54451064.125000015,649559.8749999851,649559.8749999851,421928031209.9963,block_only,in_sample,
24-25,1,5,2024-08-16,2024-09-01,50314323,52550907.75,-2236584.75,2236584.75,5002311343932.5625,block_only,in_sample,
24-25,1,6,2024-09-16,2024-10-01,47649759,44918120.1875,2731638.8125,2731638.8125,7461850601956.41,block_only,in_sample,
24-25,1,7,2024-10-16,2024-11-01,35063996,37165319.9375,-2101323.9375,2101323.9375,4415562290310.504,block_only,in_sample,
24-25,1,8,2024-11-16,2024-12-01,20111231,23403849.81249998,-3292618.8124999814,3292618.8124999814,10841338644428.787,block_only,in_sample,
24-25,1,9,2024-12-16,2025-01-01,4344693,7107822.750000007,-2763129.7500000075,2763129.7500000075,7634886015335.104,block_only,in_sample,
24-25,1,10,2025-01-16,2025-02-01,0,472622.7499999851,-472622.7499999851,472622.7499999851,223372263817.5484,block_only,in_sample,
24-25,1,11,2025-02-16,2025-03-01,0,238602.81250000373,-238602.81250000373,238602.81250000373,56931302132.911934,block_only,in_sample,
24-25,1,12,2025-03-16,2025-04-01,2893723,3462184.9374999814,-568461.9374999814,568461.9374999814,323148974386.2327,block_only,in_sample,
25-26,1,1,2025-04-16,2025-05-01,18281747,25311804.562500022,-7030057.562500022,7030057.562500022,49421709332063.76,block_only,in_sample,
25-26,1,2,2025-05-16,2025-06-01,52310289,47742236.9375,4568052.0625,4568052.0625,20867099645710.504,block_only,in_sample,
25-26,1,3,2025-06-16,2025-07-01,45340511,48421418.750000015,-3080907.750000015,3080907.750000015,9491992564010.154,block_only,in_sample,
25-26,1,4,2025-07-16,2025-08-01,57129118,54451064.125000015,2678053.874999985,2678053.874999985,7171972557402.436,block_only,in_sample,
25-26,1,5,2025-08-16,2025-09-01,56572358,52550907.75,4021450.25,4021450.25,16172062113225.062,block_only,in_sample,
25-26,1,6,2025-09-16,2025-10-01,49716418,44918120.1875,4798297.8125,4798297.8125,23023661897442.285,block_only,in_sample,
25-26,1,7,2025-10-16,2025-11-01,36717950,37165319.9375,-447369.9375,447369.9375,200139860978.7539,block_only,in_sample,
25-26,1,8,2025-11-16,2025-12-01,20695347,23403849.81249998,-2708502.8124999814,2708502.8124999814,7335987485320.31,block_only,in_sample,
25-26,1,9,2025-12-16,2026-01-01,4220127,7107822.750000007,-2887695.7500000075,2887695.7500000075,8338786744568.105,block_only,in_sample,
25-26,1,10,2026-01-16,2026-02-01,162615,472622.7499999851,-310007.7499999851,310007.7499999851,96104805060.05327,block_only,in_sample,
25-26,1,11,2026-02-16,2026-03-01,47449,238602.81250000373,-191153.81250000373,191153.81250000373,36539780033.28658,block_only,in_sample,
25-26,1,12,2026-03-16,2026-04-01,3739136,3462184.9374999814,276951.0625000186,276951.0625000186,76701891019.88922,block_only,in_sample,
10-11,1,1,2010-04-16,2010-05-01,35863885,24608332.533333372,11255552.466666628,11255552.466666628,126687461329885.2,block_only,leave_one_season_out,10-11
10-11,1,2,2010-05-16,2010-06-01,51305918,47504658.19999999,3801259.800000012,3801259.800000012,14449576067096.13,block_only,leave_one_season_out,10-11
10-11,1,3,2010-06-16,2010-07-01,52523414,48147952.39999999,4375461.600000009,4375461.600000009,19144664213074.637,block_only,leave_one_season_out,10-11
10-11,1,4,2010-07-16,2010-08-01,52596637,54574692.59999999,-1978055.5999999866,1978055.5999999866,3912703956691.307,block_only,leave_one_season_out,10-11
10-11,1,5,2010-08-16,2010-09-01,52065647,52583258.46666667,-517611.46666666865,517611.46666666865,267921630424.81982,block_only,leave_one_season_out,10-11
10-11,1,6,2010-09-16,2010-10-01,40115962,45238264.06666668,-5122302.066666678,5122302.066666678,26237978462177.715,block_only,leave_one_season_out,10-11
10-11,1,7,2010-10-16,2010-11-01,36567655,37205164.26666665,-637509.2666666508,637509.2666666508,406418065085.8508,block_only,leave_one_season_out,10-11
10-11,1,8,2010-11-16,2010-12-01,27871957,23105975.999999996,4765981.000000004,4765981.000000004,22714574892361.035,block_only,leave_one_season_out,10-11
10-11,1,9,2010-12-16,2011-01-01,5606184,7207932.000000004,-1601748.0000000037,1601748.0000000037,2565596655504.0117,block_only,leave_one_season_out,10-11
10-11,1,10,2011-01-16,2011-02-01,294577,484492.4666666463,-189915.4666666463,189915.4666666463,36067884479.210045,block_only,leave_one_season_out,10-11
10-11,1,11,2011-02-16,2011-03-01,105892,247450.19999997318,-141558.19999997318,141558.19999997318,20038723987.232407,block_only,leave_one_season_out,10-11
10-11,1,12,2011-03-16,2011-04-01,965541,3628627.866666671,-2663086.866666671,2663086.866666671,7092031659412.507,block_only,leave_one_season_out,10-11
11-12,1,1,2011-04-16,2011-05-01,13464081,26101652.800000038,-12637571.800000038,12637571.800000038,159708221000156.2,block_only,leave_one_season_out,11-12
11-12,1,2,2011-05-16,2011-06-01,49442941,47628856.66666666,1814084.3333333433,1814084.3333333433,3290901968445.4805,block_only,leave_one_season_out,11-12
11-12,1,3,2011-06-16,2011-07-01,48574952,48411183.19999997,163768.80000002682,163768.80000002682,26820219853.448784,block_only,leave_one_season_out,11-12
11-12,1,4,2011-07-16,2011-08-01,53335388,54525442.53333332,-1190054.5333333164,1190054.5333333164,1416229792307.1775,block_only,leave_one_season_out,11-12
11-12,1,5,2011-08-16,2011-09-01,49139941,52778305.533333346,-3638364.5333333462,3638364.5333333462,13237696477417.979,block_only,leave_one_season_out,11-12
11-12,1,6,2011-09-16,2011-10-01,46245895,44829601.86666669,1416293.1333333105,1416293.1333333105,2005886239527.0864,block_only,leave_one_season_out,11-12
11-12,1,7,2011-10-16,2011-11-01,27754502,37792707.79999998,-10038205.799999982,10038205.799999982,100765575683153.28,block_only,leave_one_season_out,11-12
11-12,1,8,2011-11-16,2011-12-01,14814387,23976480.666666668,-9162093.666666668,9162093.666666668,83943960356773.47,block_only,leave_one_season_out,11-12
11-12,1,9,2011-12-16,2012-01-01,702437,7534848.4666666575,-6832411.4666666575,6832411.4666666575,46681846449838.02,block_only,leave_one_season_out,11-12
11-12,1,10,2012-01-16,2012-02-01,0,504130.9333333187,-504130.9333333187,504130.9333333187,254147997943.523,block_only,leave_one_season_out,11-12
11-12,1,11,2012-02-16,2012-03-01,23943,252913.46666665003,-228970.46666665003,228970.46666665003,52427474605.54349,block_only,leave_one_season_out,11-12
11-12,1,12,2012-03-16,2012-04-01,127710,3684483.2666666694,-3556773.2666666694,3556773.2666666694,12650636070474.691,block_only,leave_one_season_out,11-12
12-13,1,1,2012-04-16,2012-05-01,6649075,26555986.533333384,-19906911.533333384,19906911.533333384,396285126795961.7,block_only,leave_one_season_out,12-13
12-13,1,2,2012-05-16,2012-06-01,34196975,48645254.39999999,-14448279.399999991,14448279.399999991,208752777620464.1,block_only,leave_one_season_out,12-13
12-13,1,3,2012-06-16,2012-07-01,32888145,49456970.33333333,-16568825.333333328,16568825.333333328,274525972926508.28,block_only,leave_one_season_out,12-13
12-13,1,4,2012-07-16,2012-08-01,54517208,54446654.533333346,70553.46666665375,70553.46666665375,4977791658.682622,block_only,leave_one_season_out,12-13
12-13,1,5,2012-08-16,2012-09-01,56677700,52275788.26666668,4401911.733333319,4401911.733333319,19376826908057.547,block_only,leave_one_season_out,12-13
12-13,1,6,2012-09-16,2012-10-01,44961644,44915218.60000001,46425.39999999106,46425.39999999106,2155317765.1591697,block_only,leave_one_season_out,12-13
12-13,1,7,2012-10-16,2012-11-01,47015427,36508646.133333325,10506780.866666675,10506780.866666675,110392444180152.92,block_only,leave_one_season_out,12-13
12-13,1,8,2012-11-16,2012-12-01,37562343,22459950.266666662,15102392.733333338,15102392.733333338,228082266271839.62,block_only,leave_one_season_out,12-13
12-13,1,9,2012-12-16,2013-01-01,14497760,6615160.266666666,7882599.733333334,7882599.733333334,62135378555946.75,block_only,leave_one_season_out,12-13
12-13,1,10,2013-01-16,2013-02-01,581911,465336.8666666709,116574.13333332911,116574.13333332911,13589528562.416794,block_only,leave_one_season_out,12-13
12-13,1,11,2013-02-16,2013-03-01,122497,246343.19999998063,-123846.19999998063,123846.19999998063,15337881254.435202,block_only,leave_one_season_out,12-13
12-13,1,12,2013-03-16,2013-04-01,1077026,3621195.5333333313,-2544169.5333333313,2544169.5333333313,6472798614341.541,block_only,leave_one_season_out,12-13
13-14,1,1,2013-04-16,2013-05-01,25653101,25289051.466666717,364049.5333332829,364049.5333332829,132532062720.18108,block_only,leave_one_season_out,13-14
13-14,1,2,2013-05-16,2013-06-01,47856881,47734594.0,122287.0,122287.0,14954110369.0,block_only,leave_one_season_out,13-14
13-14,1,3,2013-06-16,2013-07-01,39392988,49023314.133333325,-9630326.133333325,9630326.133333325,92743181434362.8,block_only,leave_one_season_out,13-14
13-14,1,4,2013-07-16,2013-08-01,52875131,54556126.333333336,-1680995.3333333358,1680995.3333333358,2825745310688.4526,block_only,leave_one_season_out,13-14
13-14,1,5,2013-08-16,2013-09-01,57867510,52196467.60000002,5671042.399999984,5671042.399999984,32160721902597.574,block_only,leave_one_season_out,13-14
13-14,1,6,2013-09-16,2013-10-01,46718620,44798086.866666704,1920533.1333332956,1920533.1333332956,3688447516231.0063,block_only,leave_one_season_out,13-14
13-14,1,7,2013-10-16,2013-11-01,43116896,36768548.19999998,6348347.800000019,6348347.800000019,40301519789765.086,block_only,leave_one_season_out,13-14
13-14,1,8,2013-11-16,2013-12-01,36445289,22534420.533333335,13910868.466666665,13910868.466666665,193512261496900.97,block_only,leave_one_season_out,13-14
13-14,1,9,2013-12-16,2014-01-01,15481905,6549550.599999998,8932354.400000002,8932354.400000002,79786955127199.4,block_only,leave_one_season_out,13-14
13-14,1,10,2014-01-16,2014-02-01,525135,469121.93333331123,56013.06666668877,56013.06666668877,3137463637.4069204,block_only,leave_one_season_out,13-14
13-14,1,11,2014-02-16,2014-03-01,19324,253221.39999997616,-233897.39999997616,233897.39999997616,54707993726.74885,block_only,leave_one_season_out,13-14
13-14,1,12,2014-03-16,2014-04-01,2942462,3496833.1333333477,-554371.1333333477,554371.1333333477,307327353473.3004,block_only,leave_one_season_out,13-14
14-15,1,1,2014-04-16,2014-05-01,23489459,25433294.26666671,-1943835.2666667104,1943835.2666667104,3778495543937.241,block_only,leave_one_season_out,14-15
14-15,1,2,2014-05-16,2014-06-01,48509641,47691076.66666666,818564.3333333433,818564.3333333433,670047567805.4607,block_only,leave_one_season_out,14-15
14-15,1,3,2014-06-16,2014-07-01,53885252,48057163.2,5828088.799999997,5828088.799999997,33966619060685.406,block_only,leave_one_season_out,14-15
14-15,1,4,2014-07-16,2014-08-01,48033598,54878895.200000025,-6845297.200000025,6845297.200000025,46858093756328.19,block_only,leave_one_season_out,14-15
14-15,1,5,2014-08-16,2014-09-01,54735765,52405250.60000001,2330514.399999991,2330514.399999991,5431297368607.318,block_only,leave_one_season_out,14-15
14-15,1,6,2014-09-16,2014-10-01,39289013,45293394.00000002,-6004381.000000022,6004381.000000022,36052591193161.266,block_only,leave_one_season_out,14-15
14-15,1,7,2014-10-16,2014-11-01,42557556,36805837.53333332,5751718.466666684,5751718.466666684,33082265319794.547,block_only,leave_one_season_out,14-15
14-15,1,8,2014-11-16,2014-12-01,19129990,23688773.799999997,-4558783.799999997,4558783.799999997,20782509735142.414,block_only,leave_one_season_out,14-15
14-15,1,9,2014-12-16,2015-01-01,5106403,7241250.733333327,-2134847.733333327,2134847.733333327,4557574844518.443,block_only,leave_one_season_out,14-15
14-15,1,10,2015-01-16,2015-02-01,573473,465899.3999999799,107573.60000002012,107573.60000002012,11572079416.964329,block_only,leave_one_season_out,14-15
14-15,1,11,2015-02-16,2015-03-01,167766,243325.26666664705,-75559.26666664705,75559.26666664705,5709202779.20148,block_only,leave_one_season_out,14-15
14-15,1,12,2015-03-16,2015-04-01,1509111,3592389.8666666523,-2083278.8666666523,2083278.8666666523,4340050836299.891,block_only,leave_one_season_out,14-15
15-16,1,1,2015-04-16,2015-05-01,22419779,25504606.266666707,-3084827.2666667067,3084827.2666667067,9516159265170.385,block_only,leave_one_season_out,15-16
15-16,1,2,2015-05-16,2015-06-01,40913611,48197478.66666666,-7283867.666666657,7283867.666666657,53054728185511.97,block_only,leave_one_season_out,15-16
15-16,1,3,2015-06-16,2015-07-01,51559852,48212189.86666666,3347662.1333333403,3347662.1333333403,11206841758953.932,block_only,leave_one_season_out,15-16
15-16,1,4,2015-07-16,2015-08-01,46975159,54949457.8,-7974298.799999997,7974298.799999997,63589441351681.39,block_only,leave_one_season_out,15-16
15-16,1,5,2015-08-16,2015-09-01,56700999,52274235.000000015,4426763.999999985,4426763.999999985,19596239511695.867,block_only,leave_one_season_out,15-16
15-16,1,6,2015-09-16,2015-10-01,40025712,45244280.733333364,-5218568.733333364,5218568.733333364,27233459624524.594,block_only,leave_one_season_out,15-16
15-16,1,7,2015-10-16,2015-11-01,46093055,36570137.59999998,9522917.40000002,9522917.40000002,90685955807223.16,block_only,leave_one_season_out,15-16
15-16,1,8,2015-11-16,2015-12-01,26382747,23205256.666666664,3177490.333333336,3177490.333333336,10096444818426.793,block_only,leave_one_season_out,15-16
15-16,1,9,2015-12-16,2016-01-01,19726736,6266561.866666663,13460174.133333337,13460174.133333337,181176287699655.84,block_only,leave_one_season_out,15-16
15-16,1,10,2016-01-16,2016-02-01,3549332,267508.7999999933,3281823.2000000067,3281823.2000000067,10770363516058.283,block_only,leave_one_season_out,15-16
15-16,1,11,2016-02-16,2016-03-01,2125136,112833.93333331496,2012302.066666685,2012302.066666685,4049359607511.0117,block_only,leave_one_season_out,15-16
15-16,1,12,2016-03-16,2016-04-01,11850513,2902963.0666666627,8947549.933333337,8947549.933333337,80058649809493.4,block_only,leave_one_season_out,15-16
16-17,1,1,2016-04-16,2016-05-01,43810763,24078540.666666716,19732222.333333284,19732222.333333284,389360598212096.8,block_only,leave_one_season_out,16-17
16-17,1,2,2016-05-16,2016-06-01,43889437,47999090.26666665,-4109653.266666651,4109653.266666651,16889249972223.873,block_only,leave_one_season_out,16-17
16-17,1,3,2016-06-16,2016-07-01,41351162,48892769.19999999,-7541607.199999988,7541607.199999988,56875839159091.664,block_only,leave_one_season_out,16-17
16-17,1,4,2016-07-16,2016-08-01,58180942,54202405.6,3978536.3999999985,3978536.3999999985,15828751886124.947,block_only,leave_one_season_out,16-17
16-17,1,5,2016-08-16,2016-09-01,50535926,52685239.86666669,-2149313.8666666895,2149313.8666666895,4619550097445.716,block_only,leave_one_season_out,16-17
16-17,1,6,2016-09-16,2016-10-01,48160320,44701973.53333336,3458346.466666639,3458346.466666639,11960160283505.625,block_only,leave_one_season_out,16-17
16-17,1,7,2016-10-16,2016-11-01,39456393,37012581.733333305,2443811.2666666955,2443811.2666666955,5972213507087.078,block_only,leave_one_season_out,16-17
16-17,1,8,2016-11-16,2016-12-01,26082913,23225245.600000005,2857667.399999995,2857667.399999995,8166262969022.73,block_only,leave_one_season_out,16-17
16-17,1,9,2016-12-16,2017-01-01,6848360,7125120.266666658,-276760.2666666582,276760.2666666582,76596245205.39977,block_only,leave_one_season_out,16-17
16-17,1,10,2017-01-16,2017-02-01,697362,457640.1333333105,239721.86666668952,239721.86666668952,57466573358.16206,block_only,leave_one_season_out,16-17
16-17,1,11,2017-02-16,2017-03-01,554974,217511.39999997988,337462.6000000201,337462.6000000201,113881006398.77357,block_only,leave_one_season_out,16-17
16-17,1,12,2017-03-16,2017-04-01,6421087,3264924.8000000007,3156162.1999999993,3156162.1999999993,9961359832708.836,block_only,leave_one_season_out,16-17
17-18,1,1,2017-04-16,2017-05-01,25457747,25302075.066666715,155671.93333328515,155671.93333328515,24233750827.72278,block_only,leave_one_season_out,17-18
17-18,1,2,2017-05-16,2017-06-01,42330199,48103039.466666654,-5772840.466666654,5772840.466666654,33325687053584.07,block_only,leave_one_season_out,17-18
17-18,1,3,2017-06-16,2017-07-01,53295057,48096509.53333332,5198547.466666684,5198547.466666684,27024895763186.594,block_only,leave_one_season_out,17-18
17-18,1,4,2017-07-16,2017-08-01,58936001,54152068.33333333,4783932.666666672,4783932.666666672,22886011759200.492,block_only,leave_one_season_out,17-18
17-18,1,5,2017-08-16,2017-09-01,49584932,52748639.46666667,-3163707.4666666687,3163707.4666666687,10009044934642.43,block_only,leave_one_season_out,17-18
17-18,1,6,2017-09-16,2017-10-01,51954294,44449041.93333335,7505252.066666648,7505252.066666648,56328808584203.984,block_only,leave_one_season_out,17-18
17-18,1,7,2017-10-16,2017-11-01,37068378,37171782.73333331,-103404.73333331198,103404.73333331198,10692538875.73336,block_only,leave_one_season_out,17-18
17-18,1,8,2017-11-16,2017-12-01,22742945,23447910.133333333,-704965.1333333328,704965.1333333328,496975839215.6837,block_only,leave_one_season_out,17-18
17-18,1,9,2017-12-16,2018-01-01,8281823,7029556.066666666,1252266.9333333336,1252266.9333333336,1568172472320.0718,block_only,leave_one_season_out,17-18
17-18,1,10,2018-01-16,2018-02-01,25578,502425.73333332315,-476847.73333332315,476847.73333332315,227383760785.12805,block_only,leave_one_season_out,17-18
17-18,1,11,2018-02-16,2018-03-01,188067,241971.8666666448,-53904.86666664481,53904.86666664481,2905734650.348755,block_only,leave_one_season_out,17-18
17-18,1,12,2018-03-16,2018-04-01,7277321,3207842.5333333425,4069478.4666666575,4069478.4666666575,16560654990663.61,block_only,leave_one_season_out,17-18
18-19,1,1,2018-04-16,2018-05-01,36989641,24533282.13333337,12456358.86666663,12456358.86666663,155160876215184.38,block_only,leave_one_season_out,18-19
18-19,1,2,2018-05-16,2018-06-01,46305680,47838007.39999999,-1532327.399999991,1532327.399999991,2348027260790.7324,block_only,leave_one_season_out,18-19
18-19,1,3,2018-06-16,2018-07-01,53019243,48114897.13333334,4904345.86666666,4904345.86666666,24052608379890.348,block_only,leave_one_season_out,18-19
18-19,1,4,2018-07-16,2018-08-01,54203334,54467579.46666667,-264245.46666666865,264245.46666666865,69825666653.8855,block_only,leave_one_season_out,18-19
18-19,1,5,2018-08-16,2018-09-01,44695397,53074608.46666666,-8379211.466666661,8379211.466666661,70211184803118.06,block_only,leave_one_season_out,18-19
18-19,1,6,2018-09-16,2018-10-01,38840569,45323290.266666695,-6482721.2666666955,6482721.2666666955,42025675021292.65,block_only,leave_one_season_out,18-19
18-19,1,7,2018-10-16,2018-11-01,27946096,37779934.866666645,-9833838.866666645,9833838.866666645,96704386855563.52,block_only,leave_one_season_out,18-19
18-19,1,8,2018-11-16,2018-12-01,20396811,23604319.066666663,-3207508.0666666627,3207508.0666666627,10288107997731.713,block_only,leave_one_season_out,18-19
18-19,1,9,2018-12-16,2019-01-01,6855169,7124666.333333328,-269497.33333332837,269497.33333332837,72628812673.7751,block_only,leave_one_season_out,18-19
18-19,1,10,2019-01-16,2019-02-01,173070,492592.93333332613,-319522.93333332613,319522.93333332613,102094904925.93318,block_only,leave_one_season_out,18-19
18-19,1,11,2019-02-16,2019-03-01,64729,250194.39999997616,-185465.39999997616,185465.39999997616,34397414597.15115,block_only,leave_one_season_out,18-19
18-19,1,12,2019-03-16,2019-04-01,3848430,3436435.2666666657,411994.7333333343,411994.7333333343,169739660294.40527,block_only,leave_one_season_out,18-19
19-20,1,1,2019-04-16,2019-05-01,25179709,25320610.933333367,-140901.9333333671,140901.9333333671,19853354817.080627,block_only,leave_one_season_out,19-20
19-20,1,2,2019-05-16,2019-06-01,50387582,47565880.59999998,2821701.400000021,2821701.400000021,7961998790762.078,block_only,leave_one_season_out,19-20
19-20,1,3,2019-06-16,2019-07-01,52431797,48154060.2,4277736.799999997,4277736.799999997,18299032130074.215,block_only,leave_one_season_out,19-20
19-20,1,4,2019-07-16,2019-08-01,52558745,54577218.73333335,-2018473.7333333492,2018473.7333333492,4074236212156.6685,block_only,leave_one_season_out,19-20
19-20,1,5,2019-08-16,2019-09-01,53273213,52502754.06666667,770458.9333333299,770458.9333333299,593606967953.1324,block_only,leave_one_season_out,19-20
19-20,1,6,2019-09-16,2019-10-01,43605692,45005615.40000003,-1399923.4000000283,1399923.4000000283,1959785525867.6392,block_only,leave_one_season_out,19-20
19-20,1,7,2019-10-16,2019-11-01,42854529,36786039.33333331,6068489.666666687,6068489.666666687,36826566834440.35,block_only,leave_one_season_out,19-20
19-20,1,8,2019-11-16,2019-12-01,17106453,23823676.26666665,-6717223.266666651,6717223.266666651,45121088414247.79,block_only,leave_one_season_out,19-20
19-20,1,9,2019-12-16,2020-01-01,1261108,7497603.733333334,-6236495.733333334,6236495.733333334,38893879031884.88,block_only,leave_one_season_out,19-20
19-20,1,10,2020-01-16,2020-02-01,19992,502798.13333332166,-482806.13333332166,482806.13333332166,233101762384.27316,block_only,leave_one_season_out,19-20
19-20,1,11,2020-02-16,2020-03-01,0,254509.66666664183,-254509.66666664183,254509.66666664183,64775170426.76514,block_only,leave_one_season_out,19-20
19-20,1,12,2020-03-16,2020-04-01,4634695,3384017.599999994,1250677.400000006,1250677.400000006,1564193958870.775,block_only,leave_one_season_out,19-20
20-21,1,1,2020-04-16,2020-05-01,37969735,24467942.53333337,13501792.466666631,13501792.466666631,182298399812935.8,block_only,leave_one_season_out,20-21
20-21,1,2,2020-05-16,2020-06-01,52641606,47415612.33333333,5225993.666666672,5225993.666666672,27311009804040.164,block_only,leave_one_season_out,20-21
20-21,1,3,2020-06-16,2020-07-01,50182327,48304024.866666675,1878302.1333333254,1878302.1333333254,3528018904084.5215,block_only,leave_one_season_out,20-21
20-21,1,4,2020-07-16,2020-08-01,57730882,54232409.60000001,3498472.399999991,3498472.399999991,12239309133561.697,block_only,leave_one_season_out,20-21
20-21,1,5,2020-08-16,2020-09-01,52776407,52535874.466666676,240532.5333333239,240532.5333333239,57855899591.746574,block_only,leave_one_season_out,20-21
20-21,1,6,2020-09-16,2020-10-01,49758856,44595404.46666669,5163451.533333309,5163451.533333309,26661231737082.1,block_only,leave_one_season_out,20-21
20-21,1,7,2020-10-16,2020-11-01,37894982,37116675.8,778306.200000003,778306.200000003,605760540958.4446,block_only,leave_one_season_out,20-21
20-21,1,8,2020-11-16,2020-12-01,15229986,23948774.066666655,-8718788.066666655,8718788.066666655,76017265351448.88,block_only,leave_one_season_out,20-21
20-21,1,9,2020-12-16,2021-01-01,617019,7540542.999999996,-6923523.999999996,6923523.999999996,47935184578575.945,block_only,leave_one_season_out,20-21
20-21,1,10,2021-01-16,2021-02-01,10265,503446.59999997914,-493181.59999997914,493181.59999997914,243228090578.53943,block_only,leave_one_season_out,20-21
20-21,1,11,2021-02-16,2021-03-01,16595,253403.33333331347,-236808.33333331347,236808.33333331347,56078186736.1017,block_only,leave_one_season_out,20-21
20-21,1,12,2021-03-16,2021-04-01,1678855,3581073.6000000015,-1902218.6000000015,1902218.6000000015,3618435602185.966,block_only,leave_one_season_out,20-21
21-22,1,1,2021-04-16,2021-05-01,23522409,25431097.600000046,-1908688.6000000462,1908688.6000000462,3643092171770.136,block_only,leave_one_season_out,21-22
21-22,1,2,2021-05-16,2021-06-01,51001348,47524962.86666666,3476385.1333333403,3476385.1333333403,12085253595261.066,block_only,leave_one_season_out,21-22
21-22,1,3,2021-06-16,2021-07-01,48736569,48400408.73333332,336160.2666666806,336160.2666666806,113003724885.41379,block_only,leave_one_season_out,21-22
21-22,1,4,2021-07-16,2021-08-01,53983106,54482261.33333334,-499155.33333334327,499155.33333334327,249156046795.12103,block_only,leave_one_season_out,21-22
21-22,1,5,2021-08-16,2021-09-01,51550157,52617624.46666667,-1067467.4666666687,1067467.4666666687,1139486792391.7554,block_only,leave_one_season_out,21-22
21-22,1,6,2021-09-16,2021-10-01,43252331,45029172.80000001,-1776841.800000012,1776841.800000012,3157166782227.282,block_only,leave_one_season_out,21-22
21-22,1,7,2021-10-16,2021-11-01,19354723,38352693.06666665,-18997970.066666648,18997970.066666648,360922866653961.94,block_only,leave_one_season_out,21-22
21-22,1,8,2021-11-16,2021-12-01,7028226,24495558.06666666,-17467332.06666666,17467332.06666666,305107689527201.3,block_only,leave_one_season_out,21-22
21-22,1,9,2021-12-16,2022-01-01,190682,7568965.4666666575,-7378283.4666666575,7378283.4666666575,54439066914486.55,block_only,leave_one_season_out,21-22
21-22,1,10,2022-01-16,2022-02-01,0,504130.93333331123,-504130.93333331123,504130.93333331123,254147997943.5155,block_only,leave_one_season_out,21-22
21-22,1,11,2022-02-16,2022-03-01,0,254509.66666664183,-254509.66666664183,254509.66666664183,64775170426.76514,block_only,leave_one_season_out,21-22
21-22,1,12,2022-03-16,2022-04-01,68753,3688413.7333333194,-3619660.7333333194,3619660.7333333194,13101943824435.104,block_only,leave_one_season_out,21-22
22-23,1,1,2022-04-16,2022-05-01,14681891,26020465.46666671,-11338574.46666671,11338574.46666671,128563270936146.27,block_only,leave_one_season_out,22-23
22-23,1,2,2022-05-16,2022-06-01,45258737,47907803.59999998,-2649066.599999979,2649066.599999979,7017553851235.449,block_only,leave_one_season_out,22-23
22-23,1,3,2022-06-16,2022-07-01,47363873,48491921.8,-1128048.799999997,1128048.799999997,1272494095181.4333,block_only,leave_one_season_out,22-23
22-23,1,4,2022-07-16,2022-08-01,55574655,54376158.06666665,1198496.9333333522,1198496.9333333522,1436394899209.4497,block_only,leave_one_season_out,22-23
22-23,1,5,2022-08-16,2022-09-01,48196640,52841192.26666668,-4644552.266666681,4644552.266666681,21571865757798.6,block_only,leave_one_season_out,22-23
22-23,1,6,2022-09-16,2022-10-01,36585620,45473620.20000002,-8888000.200000018,8888000.200000018,78996547555200.36,block_only,leave_one_season_out,22-23
22-23,1,7,2022-10-16,2022-11-01,36743555,37193437.59999998,-449882.59999997914,449882.59999997914,202394353782.74124,block_only,leave_one_season_out,22-23
22-23,1,8,2022-11-16,2022-12-01,24673613,23319198.93333333,1354414.0666666701,1354414.0666666701,1834437463984.547,block_only,leave_one_season_out,22-23
22-23,1,9,2022-12-16,2023-01-01,3024763,7380026.733333334,-4355263.733333334,4355263.733333334,18968322186888.613,block_only,leave_one_season_out,22-23
22-23,1,10,2023-01-16,2023-02-01,0,504130.93333331123,-504130.93333331123,504130.93333331123,254147997943.5155,block_only,leave_one_season_out,22-23
22-23,1,11,2023-02-16,2023-03-01,17480,253344.33333330974,-235864.33333330974,235864.33333330974,55631983738.76665,block_only,leave_one_season_out,22-23
22-23,1,12,2023-03-16,2023-04-01,2387836,3533808.2000000067,-1145972.2000000067,1145972.2000000067,1313252283172.8555,block_only,leave_one_season_out,22-23
23-24,1,1,2023-04-16,2023-05-01,19502051,25699121.466666702,-6197070.466666702,6197070.466666702,38403682368832.66,block_only,leave_one_season_out,23-24
23-24,1,2,2023-05-16,2023-06-01,54613215,47284171.73333333,7329043.266666673,7329043.266666673,53714875204672.1,block_only,leave_one_season_out,23-24
23-24,1,3,2023-06-16,2023-07-01,47191995,48503380.33333333,-1311385.3333333284,1311385.3333333284,1719731492481.7646,block_only,leave_one_season_out,23-24
23-24,1,4,2023-07-16,2023-08-01,59486498,54115368.533333346,5371129.466666654,5371129.466666654,28849031747694.812,block_only,leave_one_season_out,23-24
23-24,1,5,2023-08-16,2023-09-01,56127609,52312461.000000015,3815147.999999985,3815147.999999985,14555354261903.887,block_only,leave_one_season_out,23-24
23-24,1,6,2023-09-16,2023-10-01,51809218,44458713.66666669,7350504.333333313,7350504.333333313,54029913954351.82,block_only,leave_one_season_out,23-24
23-24,1,7,2023-10-16,2023-11-01,38439426,37080379.53333332,1359046.4666666836,1359046.4666666836,1847007298559.197,block_only,leave_one_season_out,23-24
23-24,1,8,2023-11-16,2023-12-01,38187359,22418282.53333333,15769076.466666669,15769076.466666669,248663772611580.56,block_only,leave_one_season_out,23-24
23-24,1,9,2023-12-16,2024-01-01,16959995,6451011.266666669,10508983.73333333,10508983.73333333,110438739107464.55,block_only,leave_one_season_out,23-24
23-24,1,10,2024-01-16,2024-02-01,948654,440887.3333333209,507766.6666666791,507766.6666666791,257826987777.79037,block_only,leave_one_season_out,23-24
23-24,1,11,2024-02-16,2024-03-01,363793,230256.7999999933,133536.2000000067,133536.2000000067,17831916710.44179,block_only,leave_one_season_out,23-24
23-24,1,12,2024-03-16,2024-04-01,3972760,3428146.600000005,544613.3999999948,544613.3999999948,296603755459.5543,block_only,leave_one_season_out,23-24
24-25,1,1,2024-04-16,2024-05-01,32053800,24862338.200000033,7191461.799999967,7191461.799999967,51717122820858.766,block_only,leave_one_season_out,24-25
24-25,1,2,2024-05-16,2024-06-01,52911731,47397604.0,5514127.0,5514127.0,30405596572129.0,block_only,leave_one_season_out,24-25
24-25,1,3,2024-06-16,2024-07-01,57005563,47849142.46666666,9156420.533333339,9156420.533333339,83840036983248.39,block_only,leave_one_season_out,24-25
24-25,1,4,2024-07-16,2024-08-01,55100624,54407760.13333333,692863.8666666672,692863.8666666672,480060337732.28516,block_only,leave_one_season_out,24-25
24-25,1,5,2024-08-16,2024-09-01,50314323,52700013.400000006,-2385690.400000006,2385690.400000006,5691518684652.188,block_only,leave_one_season_out,24-25
24-25,1,6,2024-09-16,2024-10-01,47649759,44736010.93333336,2913748.0666666403,2913748.0666666403,8489927796003.584,block_only,leave_one_season_out,24-25
24-25,1,7,2024-10-16,2024-11-01,35063996,37305408.19999998,-2241412.1999999806,2241412.1999999806,5023928650308.753,block_only,leave_one_season_out,24-25
24-25,1,8,2024-11-16,2024-12-01,20111231,23623357.733333334,-3512126.7333333343,3512126.7333333343,12335034190994.678,block_only,leave_one_season_out,24-25
24-25,1,9,2024-12-16,2025-01-01,4344693,7292031.399999991,-2947338.399999991,2947338.399999991,8686803644114.507,block_only,leave_one_season_out,24-25
24-25,1,10,2025-01-16,2025-02-01,0,504130.9333333038,-504130.9333333038,504130.9333333038,254147997943.50797,block_only,leave_one_season_out,24-25
24-25,1,11,2025-02-16,2025-03-01,0,254509.66666664556,-254509.66666664556,254509.66666664556,64775170426.76703,block_only,leave_one_season_out,24-25
24-25,1,12,2025-03-16,2025-04-01,2893723,3500082.3999999873,-606359.3999999873,606359.3999999873,367671721968.34467,block_only,leave_one_season_out,24-25
25-26,1,1,2025-04-16,2025-05-01,18281747,25780475.066666707,-7498728.066666707,7498728.066666707,56230922617815.016,block_only,leave_one_season_out,25-26
25-26,1,2,2025-05-16,2025-06-01,52310289,47437700.13333331,4872588.8666666895,4872588.8666666895,23742122263564.17,block_only,leave_one_season_out,25-26
25-26,1,3,2025-06-16,2025-07-01,45340511,48626812.599999994,-3286301.599999994,3286301.599999994,10799778206162.521,block_only,leave_one_season_out,25-26
25-26,1,4,2025-07-16,2025-08-01,57129118,54272527.2,2856590.799999997,2856590.799999997,8160110998644.623,block_only,leave_one_season_out,25-26
25-26,1,5,2025-08-16,2025-09-01,56572358,52282811.06666666,4289546.933333337,4289546.933333337,18400212893269.438,block_only,leave_one_season_out,25-26
25-26,1,6,2025-09-16,2025-10-01,49716418,44598233.6666667,5118184.333333299,5118184.333333299,26195810869978.42,block_only,leave_one_season_out,25-26
25-26,1,7,2025-10-16,2025-11-01,36717950,37195144.59999998,-477194.59999997914,477194.59999997914,227714686269.14008,block_only,leave_one_season_out,25-26
25-26,1,8,2025-11-16,2025-12-01,20695347,23584416.66666666,-2889069.6666666605,2889069.6666666605,8346723538853.408,block_only,leave_one_season_out,25-26
25-26,1,9,2025-12-16,2026-01-01,4220127,7300335.799999997,-3080208.799999997,3080208.799999997,9487686251597.422,block_only,leave_one_season_out,25-26
25-26,1,10,2026-01-16,2026-02-01,162615,493289.93333331123,-330674.93333331123,330674.93333331123,109345911534.98982,block_only,leave_one_season_out,25-26
25-26,1,11,2026-02-16,2026-03-01,47449,251346.39999998733,-203897.39999998733,203897.39999998733,41574149726.75484,block_only,leave_one_season_out,25-26
25-26,1,12,2026-03-16,2026-04-01,3739136,3443721.533333335,295414.4666666649,295414.4666666649,87269707115.95009,block_only,leave_one_season_out,25-26
10-11,1,1,2010-04-16,2010-05-01,35863885,26522974.497074444,9340910.502925556,9340910.502925556,87252609023664.97,weather_block,in_sample,
10-11,1,2,2010-05-16,2010-06-01,51305918,48953406.87207443,2352511.1279255673,2352511.1279255673,5534308607013.625,weather_block,in_sample,
10-11,1,3,2010-06-16,2010-07-01,52523414,49632588.68457444,2890825.31542556,2890825.31542556,8356871004305.288,weather_block,in_sample,
10-11,1,4,2010-07-16,2010-08-01,52596637,55662234.05957447,-3065597.05957447,3065597.05957447,9397885331671.637,weather_block,in_sample,
10-11,1,5,2010-08-16,2010-09-01,52065647,53762077.684574425,-1696430.6845744252,1696430.6845744252,2877877067565.653,weather_block,in_sample,
10-11,1,6,2010-09-16,2010-10-01,40115962,46129290.122074455,-6013328.122074455,6013328.122074455,36160115103731.49,weather_block,in_sample,
10-11,1,7,2010-10-16,2010-11-01,36567655,38376489.87207443,-1808834.8720744327,1808834.8720744327,3271883594432.5293,weather_block,in_sample,
10-11,1,8,2010-11-16,2010-12-01,27871957,24615019.747074436,3256937.2529255636,3256937.2529255636,10607640269494.316,weather_block,in_sample,
10-11,1,9,2010-12-16,2011-01-01,5606184,8318992.684574444,-2712808.684574444,2712808.684574444,7359330959102.524,weather_block,in_sample,
10-11,1,10,2011-01-16,2011-02-01,294577,1683792.6845744215,-1389215.6845744215,1389215.6845744215,1929920218267.5786,weather_block,in_sample,
10-11,1,11,2011-02-16,2011-03-01,105892,1449772.7470744215,-1343880.7470744215,1343880.7470744215,1806015462357.3052,weather_block,in_sample,
10-11,1,12,2011-03-16,2011-04-01,965541,4673354.87207444,-3707813.87207444,3707813.87207444,13747883709947.652,weather_block,in_sample,
11-12,1,1,2011-04-16,2011-05-01,13464081,26010672.633838437,-12546591.633838437,12546591.633838437,157416961626304.7,weather_block,in_sample,
11-12,1,2,2011-05-16,2011-06-01,49442941,48441105.00883843,1001835.99116157,1001835.99116157,1003675353186.6853,weather_block,in_sample,
11-12,1,3,2011-06-16,2011-07-01,48574952,49120286.82133843,-545334.82133843,545334.82133843,297390067364.2174,weather_block,in_sample,
11-12,1,4,2011-07-16,2011-08-01,53335388,55149932.19633846,-1814544.1963384598,1814544.1963384598,3292570640465.587,weather_block,in_sample,
11-12,1,5,2011-08-16,2011-09-01,49139941,53249775.82133842,-4109834.8213384226,4109834.8213384226,16890742258685.824,weather_block,in_sample,
11-12,1,6,2011-09-16,2011-10-01,46245895,45616988.258838445,628906.741161555,628906.741161555,395523689078.4472,weather_block,in_sample,
11-12,1,7,2011-10-16,2011-11-01,27754502,37864188.00883843,-10109686.00883843,10109686.00883843,102205751197303.5,weather_block,in_sample,
11-12,1,8,2011-11-16,2011-12-01,14814387,24102717.88383843,-9288330.88383843,9288330.88383843,86273090607666.8,weather_block,in_sample,
11-12,1,9,2011-12-16,2012-01-01,702437,7806690.8213384375,-7104253.8213384375,7104253.8213384375,50470422358001.79,weather_block,in_sample,
11-12,1,10,2012-01-16,2012-02-01,0,1171490.8213384151,-1171490.8213384151,1171490.8213384151,1372390744480.1545,weather_block,in_sample,
11-12,1,11,2012-02-16,2012-03-01,23943,937470.8838384151,-913527.8838384151,913527.8838384151,834533194550.293,weather_block,in_sample,
11-12,1,12,2012-03-16,2012-04-01,127710,4161053.008838434,-4033343.008838434,4033343.008838434,16267855826945.87,weather_block,in_sample,
12-13,1,1,2012-04-16,2012-05-01,6649075,24805116.908730995,-18156041.908730995,18156041.908730995,329641857791596.25,weather_block,in_sample,
12-13,1,2,2012-05-16,2012-06-01,34196975,47235549.283730984,-13038574.283730984,13038574.283730984,170004419352370.94,weather_block,in_sample,
12-13,1,3,2012-06-16,2012-07-01,32888145,47914731.096230984,-15026586.096230984,15026586.096230984,225798289707442.3,weather_block,in_sample,
12-13,1,4,2012-07-16,2012-08-01,54517208,53944376.47123101,572831.5287689865,572831.5287689865,328135960351.81415,weather_block,in_sample,
12-13,1,5,2012-08-16,2012-09-01,56677700,52044220.096230984,4633479.903769016,4633479.903769016,21469136018631.332,weather_block,in_sample,
12-13,1,6,2012-09-16,2012-10-01,44961644,44411432.533731,550211.4662690014,550211.4662690014,302732657613.8844,weather_block,in_sample,
12-13,1,7,2012-10-16,2012-11-01,47015427,36658632.28373099,10356794.716269009,10356794.716269009,107263196794937.66,weather_block,in_sample,
12-13,1,8,2012-11-16,2012-12-01,37562343,22897162.158730987,14665180.841269013,14665180.841269013,215067529107123.7,weather_block,in_sample,
12-13,1,9,2012-12-16,2013-01-01,14497760,6601135.096230995,7896624.903769005,7896624.903769005,62356684870824.85,weather_block,in_sample,
12-13,1,10,2013-01-16,2013-02-01,581911,-34064.90376902744,615975.9037690274,615975.9037690274,379426314024.0701,weather_block,in_sample,
12-13,1,11,2013-02-16,2013-03-01,122497,-268084.84126902744,390581.84126902744,390581.84126902744,152554174729.10376,weather_block,in_sample,
12-13,1,12,2013-03-16,2013-04-01,1077026,2955497.283730991,-1878471.2837309912,1878471.2837309912,3528654363801.958,weather_block,in_sample,
13-14,1,1,2013-04-16,2013-05-01,25653101,25433795.507011555,219305.49298844486,219305.49298844486,48094899254.90484,weather_block,in_sample,
13-14,1,2,2013-05-16,2013-06-01,47856881,47864227.88201155,-7346.882011547685,7346.882011547685,53976675.291602954,weather_block,in_sample,
13-14,1,3,2013-06-16,2013-07-01,39392988,48543409.69451155,-9150421.694511548,9150421.694511548,83730217187387.58,weather_block,in_sample,
13-14,1,4,2013-07-16,2013-08-01,52875131,54573055.06951158,-1697924.0695115775,1697924.0695115775,2882946145826.7563,weather_block,in_sample,
13-14,1,5,2013-08-16,2013-09-01,57867510,52672898.69451154,5194611.30548846,5194611.30548846,26983986615108.52,weather_block,in_sample,
13-14,1,6,2013-09-16,2013-10-01,46718620,45040111.13201156,1678508.8679884374,1678508.8679884374,2817392019915.8257,weather_block,in_sample,
13-14,1,7,2013-10-16,2013-11-01,43116896,37287310.88201155,5829585.117988452,5829585.117988452,33984062647872.438,weather_block,in_sample,
13-14,1,8,2013-11-16,2013-12-01,36445289,23525840.757011548,12919448.242988452,12919448.242988452,166912142903257.4,weather_block,in_sample,
13-14,1,9,2013-12-16,2014-01-01,15481905,7229813.694511555,8252091.305488445,8252091.305488445,68097010914117.984,weather_block,in_sample,
13-14,1,10,2014-01-16,2014-02-01,525135,594613.6945115328,-69478.69451153278,69478.69451153278,4827288991.0268955,weather_block,in_sample,
13-14,1,11,2014-02-16,2014-03-01,19324,360593.7570115328,-341269.7570115328,341269.7570115328,116465047050.71063,weather_block,in_sample,
13-14,1,12,2014-03-16,2014-04-01,2942462,3584175.8820115514,-641713.8820115514,641713.8820115514,411796706366.3353,weather_block,in_sample,
14-15,1,1,2014-04-16,2014-05-01,23489459,24547873.819121297,-1058414.8191212974,1058414.8191212974,1120241929335.5688,weather_block,in_sample,
14-15,1,2,2014-05-16,2014-06-01,48509641,46978306.194121286,1531334.8058787137,1531334.8058787137,2344986287695.5977,weather_block,in_sample,
14-15,1,3,2014-06-16,2014-07-01,53885252,47657488.006621286,6227763.993378714,6227763.993378714,38785044357224.38,weather_block,in_sample,
14-15,1,4,2014-07-16,2014-08-01,48033598,53687133.381621316,-5653535.381621316,5653535.381621316,31962462311244.08,weather_block,in_sample,
14-15,1,5,2014-08-16,2014-09-01,54735765,51786977.006621286,2948787.9933787137,2948787.9933787137,8695350629894.461,weather_block,in_sample,
14-15,1,6,2014-09-16,2014-10-01,39289013,44154189.4441213,-4865176.444121301,4865176.444121301,23669941832432.79,weather_block,in_sample,
14-15,1,7,2014-10-16,2014-11-01,42557556,36401389.19412129,6156166.805878706,6156166.805878706,37898389741802.836,weather_block,in_sample,
14-15,1,8,2014-11-16,2014-12-01,19129990,22639919.06912129,-3509929.06912129,3509929.06912129,12319602070262.645,weather_block,in_sample,
14-15,1,9,2014-12-16,2015-01-01,5106403,6343892.006621297,-1237489.0066212974,1237489.0066212974,1531379041508.5657,weather_block,in_sample,
14-15,1,10,2015-01-16,2015-02-01,573473,-291307.9933787249,864780.9933787249,864780.9933787249,747846166509.0942,weather_block,in_sample,
14-15,1,11,2015-02-16,2015-03-01,167766,-525327.9308787249,693093.9308787249,693093.9308787249,480379197020.92267,weather_block,in_sample,
14-15,1,12,2015-03-16,2015-04-01,1509111,2698254.1941212937,-1189143.1941212937,1189143.1941212937,1414061536124.993,weather_block,in_sample,
15-16,1,1,2015-04-16,2015-05-01,22419779,25143325.367502674,-2723546.3675026745,2723546.3675026745,7417704815937.013,weather_block,in_sample,
15-16,1,2,2015-05-16,2015-06-01,40913611,47573757.74250266,-6660146.74250266,6660146.74250266,44357554631668.79,weather_block,in_sample,
15-16,1,3,2015-06-16,2015-07-01,51559852,48252939.55500267,3306912.444997333,3306912.444997333,10935669918878.238,weather_block,in_sample,
15-16,1,4,2015-07-16,2015-08-01,46975159,54282584.9300027,-7307425.930002697,7307425.930002697,53398473722475.78,weather_block,in_sample,
15-16,1,5,2015-08-16,2015-09-01,56700999,52382428.55500266,4318570.44499734,4318570.44499734,18650050688404.527,weather_block,in_sample,
15-16,1,6,2015-09-16,2015-10-01,40025712,44749640.99250268,-4723928.992502682,4723928.992502682,22315505126207.402,weather_block,in_sample,
15-16,1,7,2015-10-16,2015-11-01,46093055,36996840.74250267,9096214.257497333,9096214.257497333,82741113818297.75,weather_block,in_sample,
15-16,1,8,2015-11-16,2015-12-01,26382747,23235370.617502667,3147376.382497333,3147376.382497333,9905978093101.998,weather_block,in_sample,
15-16,1,9,2015-12-16,2016-01-01,19726736,6939343.555002674,12787392.444997326,12787392.444997326,163517405542374.7,weather_block,in_sample,
15-16,1,10,2016-01-16,2016-02-01,3549332,304143.5550026521,3245188.444997348,3245188.444997348,10531248043544.305,weather_block,in_sample,
15-16,1,11,2016-02-16,2016-03-01,2125136,70123.61750265211,2055012.382497348,2055012.382497348,4223075892217.4263,weather_block,in_sample,
15-16,1,12,2016-03-16,2016-04-01,11850513,3293705.7425026707,8556807.25749733,8556807.25749733,73218950441958.97,weather_block,in_sample,
16-17,1,1,2016-04-16,2016-05-01,43810763,26515691.649029743,17295071.350970257,17295071.350970257,299119493035152.1,weather_block,in_sample,
16-17,1,2,2016-05-16,2016-06-01,43889437,48946124.02402973,-5056687.024029732,5056687.024029732,25570083658990.664,weather_block,in_sample,
16-17,1,3,2016-06-16,2016-07-01,41351162,49625305.83652974,-8274143.836529739,8274143.836529739,68461456227583.07,weather_block,in_sample,
16-17,1,4,2016-07-16,2016-08-01,58180942,55654951.21152977,2525990.788470231,2525990.788470231,6380629463436.459,weather_block,in_sample,
16-17,1,5,2016-08-16,2016-09-01,50535926,53754794.83652973,-3218868.8365297318,3218868.8365297318,10361116586782.27,weather_block,in_sample,
16-17,1,6,2016-09-16,2016-10-01,48160320,46122007.274029754,2038312.725970246,2038312.725970246,4154718768852.255,weather_block,in_sample,
16-17,1,7,2016-10-16,2016-11-01,39456393,38369207.02402973,1087185.9759702682,1087185.9759702682,1181973346346.4248,weather_block,in_sample,
16-17,1,8,2016-11-16,2016-12-01,26082913,24607736.899029735,1475176.1009702645,1475176.1009702645,2176144528873.832,weather_block,in_sample,
16-17,1,9,2016-12-16,2017-01-01,6848360,8311709.836529747,-1463349.8365297467,1463349.8365297467,2141392744071.6362,weather_block,in_sample,
16-17,1,10,2017-01-16,2017-02-01,697362,1676509.8365297243,-979147.8365297243,979147.8365297243,958730485780.8397,weather_block,in_sample,
16-17,1,11,2017-02-16,2017-03-01,554974,1442489.8990297243,-887515.8990297243,887515.8990297243,787684471030.5398,weather_block,in_sample,
16-17,1,12,2017-03-16,2017-04-01,6421087,4666072.024029739,1755014.9759702608,1755014.9759702608,3080077565879.895,weather_block,in_sample,
17-18,1,1,2017-04-16,2017-05-01,25457747,25048729.807002515,409017.1929974854,409017.1929974854,167295064167.5422,weather_block,in_sample,
17-18,1,2,2017-05-16,2017-06-01,42330199,47479162.1820025,-5148963.1820025,5148963.1820025,26511821849617.31,weather_block,in_sample,
17-18,1,3,2017-06-16,2017-07-01,53295057,48158343.99450251,5136713.005497493,5136713.005497493,26385820500847.086,weather_block,in_sample,
17-18,1,4,2017-07-16,2017-08-01,58936001,54187989.36950254,4748011.630497463,4748011.630497463,22543614443339.176,weather_block,in_sample,
17-18,1,5,2017-08-16,2017-09-01,49584932,52287832.9945025,-2702900.9945024997,2702900.9945024997,7305673786082.602,weather_block,in_sample,
17-18,1,6,2017-09-16,2017-10-01,51954294,44655045.43200252,7299248.567997478,7299248.567997478,53279029657413.234,weather_block,in_sample,
17-18,1,7,2017-10-16,2017-11-01,37068378,36902245.18200251,166132.81799749285,166132.81799749285,27600113215.788086,weather_block,in_sample,
17-18,1,8,2017-11-16,2017-12-01,22742945,23140775.057002507,-397830.05700250715,397830.05700250715,158268754254.6181,weather_block,in_sample,
17-18,1,9,2017-12-16,2018-01-01,8281823,6844747.994502515,1437075.0054974854,1437075.0054974854,2065184571425.5977,weather_block,in_sample,
17-18,1,10,2018-01-16,2018-02-01,25578,209547.99450249225,-183969.99450249225,183969.99450249225,33844958877.24703,weather_block,in_sample,
17-18,1,11,2018-02-16,2018-03-01,188067,-24471.94299750775,212538.94299750775,212538.94299750775,45172802290.49785,weather_block,in_sample,
17-18,1,12,2018-03-16,2018-04-01,7277321,3199110.182002511,4078210.817997489,4078210.817997489,16631803476031.75,weather_block,in_sample,
18-19,1,1,2018-04-16,2018-05-01,36989641,25355233.65394661,11634407.346053392,11634407.346053392,135359434293901.12,weather_block,in_sample,
18-19,1,2,2018-05-16,2018-06-01,46305680,47785666.02894659,-1479986.0289465934,1479986.0289465934,2190358645877.1067,weather_block,in_sample,
18-19,1,3,2018-06-16,2018-07-01,53019243,48464847.8414466,4554395.158553399,4554395.158553399,20742515260254.64,weather_block,in_sample,
18-19,1,4,2018-07-16,2018-08-01,54203334,54494493.21644663,-291159.21644663066,291159.21644663066,84773689321.81592,weather_block,in_sample,
18-19,1,5,2018-08-16,2018-09-01,44695397,52594336.84144659,-7898939.841446593,7898939.841446593,62393250618792.336,weather_block,in_sample,
18-19,1,6,2018-09-16,2018-10-01,38840569,44961549.278946616,-6120980.278946616,6120980.278946616,37466399575253.39,weather_block,in_sample,
18-19,1,7,2018-10-16,2018-11-01,27946096,37208749.0289466,-9262653.0289466,9262653.0289466,85796741134653.64,weather_block,in_sample,
18-19,1,8,2018-11-16,2018-12-01,20396811,23447278.9039466,-3050467.903946601,3050467.903946601,9305354433008.37,weather_block,in_sample,
18-19,1,9,2018-12-16,2019-01-01,6855169,7151251.841446608,-296082.8414466083,296082.8414466083,87665048999.0974,weather_block,in_sample,
18-19,1,10,2019-01-16,2019-02-01,173070,516051.84144658595,-342981.84144658595,342981.84144658595,117636543562.09102,weather_block,in_sample,
18-19,1,11,2019-02-16,2019-03-01,64729,282031.90394658595,-217302.90394658595,217302.90394658595,47220552063.61916,weather_block,in_sample,
18-19,1,12,2019-03-16,2019-04-01,3848430,3505614.0289466046,342815.9710533954,342815.9710533954,117522790009.28244,weather_block,in_sample,
19-20,1,1,2019-04-16,2019-05-01,25179709,25590674.703003127,-410965.7030031271,410965.7030031271,168892809044.8545,weather_block,in_sample,
19-20,1,2,2019-05-16,2019-06-01,50387582,48021107.078003116,2366474.921996884,2366474.921996884,5600203556440.158,weather_block,in_sample,
19-20,1,3,2019-06-16,2019-07-01,52431797,48700288.89050312,3731508.1094968766,3731508.1094968766,13924152771240.953,weather_block,in_sample,
19-20,1,4,2019-07-16,2019-08-01,52558745,54729934.26550315,-2171189.265503153,2171189.265503153,4714062826636.122,weather_block,in_sample,
19-20,1,5,2019-08-16,2019-09-01,53273213,52829777.89050311,443435.1094968915,443435.1094968915,196634696334.52014,weather_block,in_sample,
19-20,1,6,2019-09-16,2019-10-01,43605692,45196990.32800314,-1591298.3280031383,1591298.3280031383,2532230368705.5835,weather_block,in_sample,
19-20,1,7,2019-10-16,2019-11-01,42854529,37444190.07800312,5410338.921996877,5410338.921996877,29271767250874.324,weather_block,in_sample,
19-20,1,8,2019-11-16,2019-12-01,17106453,23682719.95300312,-6576266.95300312,6576266.95300312,43247287037160.94,weather_block,in_sample,
19-20,1,9,2019-12-16,2020-01-01,1261108,7386692.890503127,-6125584.890503127,6125584.890503127,37522790250760.21,weather_block,in_sample,
19-20,1,10,2020-01-16,2020-02-01,19992,751492.8905031048,-731500.8905031048,731500.8905031048,535093552806.83527,weather_block,in_sample,
19-20,1,11,2020-02-16,2020-03-01,0,517472.9530031048,-517472.9530031048,517472.9530031048,267778257089.75348,weather_block,in_sample,
19-20,1,12,2020-03-16,2020-04-01,4634695,3741055.0780031234,893639.9219968766,893639.9219968766,798592310186.5837,weather_block,in_sample,
20-21,1,1,2020-04-16,2020-05-01,37969735,25112481.17625147,12857253.823748529,12857253.823748529,165308975888296.16,weather_block,in_sample,
20-21,1,2,2020-05-16,2020-06-01,52641606,47542913.551251456,5098692.448748544,5098692.448748544,25996664686925.42,weather_block,in_sample,
20-21,1,3,2020-06-16,2020-07-01,50182327,48222095.36375146,1960231.6362485364,1960231.6362485364,3842508067749.6143,weather_block,in_sample,
20-21,1,4,2020-07-16,2020-08-01,57730882,54251740.73875149,3479141.2612485066,3479141.2612485066,12104423915721.85,weather_block,in_sample,
20-21,1,5,2020-08-16,2020-09-01,52776407,52351584.363751456,424822.63624854386,424822.63624854386,180474272269.1626,weather_block,in_sample,
20-21,1,6,2020-09-16,2020-10-01,49758856,44718796.80125148,5040059.1987485215,5040059.1987485215,25402196726889.59,weather_block,in_sample,
20-21,1,7,2020-10-16,2020-11-01,37894982,36965996.55125146,928985.4487485364,928985.4487485364,863013963986.5195,weather_block,in_sample,
20-21,1,8,2020-11-16,2020-12-01,15229986,23204526.426251464,-7974540.426251464,7974540.426251464,63593295009918.875,weather_block,in_sample,
20-21,1,9,2020-12-16,2021-01-01,617019,6908499.363751471,-6291480.363751471,6291480.363751471,39582725167470.34,weather_block,in_sample,
20-21,1,10,2021-01-16,2021-02-01,10265,273299.3637514487,-263034.3637514487,263034.3637514487,69187076514.12943,weather_block,in_sample,
20-21,1,11,2021-02-16,2021-03-01,16595,39279.42625144869,-22684.42625144869,22684.42625144869,514583194.3574145,weather_block,in_sample,
20-21,1,12,2021-03-16,2021-04-01,1678855,3262861.5512514673,-1584006.5512514673,1584006.5512514673,2509076754407.5674,weather_block,in_sample,
21-22,1,1,2021-04-16,2021-05-01,23522409,24271758.894502215,-749349.8945022151,749349.8945022151,561525264390.4808,weather_block,in_sample,
21-22,1,2,2021-05-16,2021-06-01,51001348,46702191.26950221,4299156.730497792,4299156.730497792,18482748593384.47,weather_block,in_sample,
21-22,1,3,2021-06-16,2021-07-01,48736569,47381373.08200221,1355195.9179977924,1355195.9179977924,1836555976157.8792,weather_block,in_sample,
21-22,1,4,2021-07-16,2021-08-01,53983106,53411018.45700224,572087.5429977626,572087.5429977626,327284156853.2168,weather_block,in_sample,
21-22,1,5,2021-08-16,2021-09-01,51550157,51510862.0820022,39294.917997799814,39294.917997799814,1544090580.4538116,weather_block,in_sample,
21-22,1,6,2021-09-16,2021-10-01,43252331,43878074.51950222,-625743.5195022225,625743.5195022225,391554952199.0284,weather_block,in_sample,
21-22,1,7,2021-10-16,2021-11-01,19354723,36125274.26950221,-16770551.269502208,16770551.269502208,281251389883002.1,weather_block,in_sample,
21-22,1,8,2021-11-16,2021-12-01,7028226,22363804.144502208,-15335578.144502208,15335578.144502208,235179957026133.78,weather_block,in_sample,
21-22,1,9,2021-12-16,2022-01-01,190682,6067777.082002215,-5877095.082002215,5877095.082002215,34540246602894.625,weather_block,in_sample,
21-22,1,10,2022-01-16,2022-02-01,0,-567422.9179978073,567422.9179978073,567422.9179978073,321968767869.1463,weather_block,in_sample,
21-22,1,11,2022-02-16,2022-03-01,0,-801442.8554978073,801442.8554978073,801442.8554978073,642310650628.4791,weather_block,in_sample,
21-22,1,12,2022-03-16,2022-04-01,68753,2422139.2695022114,-2353386.2695022114,2353386.2695022114,5538426933481.535,weather_block,in_sample,
22-23,1,1,2022-04-16,2022-05-01,14681891,25212255.090758283,-10530364.090758283,10530364.090758283,110888567883931.52,weather_block,in_sample,
22-23,1,2,2022-05-16,2022-06-01,45258737,47642687.46575827,-2383950.4657582715,2383950.4657582715,5683219823189.08,weather_block,in_sample,
22-23,1,3,2022-06-16,2022-07-01,47363873,48321869.27825828,-957996.278258279,957996.278258279,917756869156.7139,weather_block,in_sample,
22-23,1,4,2022-07-16,2022-08-01,55574655,54351514.65325831,1223140.3467416912,1223140.3467416912,1496072307827.3848,weather_block,in_sample,
22-23,1,5,2022-08-16,2022-09-01,48196640,52451358.278258264,-4254718.278258264,4254718.278258264,18102627627344.97,weather_block,in_sample,
22-23,1,6,2022-09-16,2022-10-01,36585620,44818570.715758294,-8232950.715758294,8232950.715758294,67781477488105.0,weather_block,in_sample,
22-23,1,7,2022-10-16,2022-11-01,36743555,37065770.46575827,-322215.4657582715,322215.4657582715,103822806373.81984,weather_block,in_sample,
22-23,1,8,2022-11-16,2022-12-01,24673613,23304300.340758275,1369312.6592417248,1369312.6592417248,1875017158759.6438,weather_block,in_sample,
22-23,1,9,2022-12-16,2023-01-01,3024763,7008273.278258283,-3983510.2782582827,3983510.2782582827,15868354136989.38,weather_block,in_sample,
22-23,1,10,2023-01-16,2023-02-01,0,373073.27825826034,-373073.27825826034,373073.27825826034,139183670950.36536,weather_block,in_sample,
22-23,1,11,2023-02-16,2023-03-01,17480,139053.34075826034,-121573.34075826034,121573.34075826034,14780077183.124084,weather_block,in_sample,
22-23,1,12,2023-03-16,2023-04-01,2387836,3362635.465758279,-974799.465758279,974799.465758279,950233998442.6261,weather_block,in_sample,
23-24,1,1,2023-04-16,2023-05-01,19502051,25455658.939283922,-5953607.939283922,5953607.939283922,35445447494704.555,weather_block,in_sample,
23-24,1,2,2023-05-16,2023-06-01,54613215,47886091.314283915,6727123.685716085,6727123.685716085,45254193082922.37,weather_block,in_sample,
23-24,1,3,2023-06-16,2023-07-01,47191995,48565273.12678392,-1373278.1267839223,1373278.1267839223,1885892813503.1587,weather_block,in_sample,
23-24,1,4,2023-07-16,2023-08-01,59486498,54594918.50178395,4891579.498216048,4891579.498216048,23927549987367.562,weather_block,in_sample,
23-24,1,5,2023-08-16,2023-09-01,56127609,52694762.12678391,3432846.8732160926,3432846.8732160926,11784437654949.504,weather_block,in_sample,
23-24,1,6,2023-09-16,2023-10-01,51809218,45061974.56428394,6747243.435716063,6747243.435716063,45525293980813.5,weather_block,in_sample,
23-24,1,7,2023-10-16,2023-11-01,38439426,37309174.314283915,1130251.6857160851,1130251.6857160851,1277468873064.052,weather_block,in_sample,
23-24,1,8,2023-11-16,2023-12-01,38187359,23547704.189283915,14639654.810716085,14639654.810716085,214319492976922.62,weather_block,in_sample,
23-24,1,9,2023-12-16,2024-01-01,16959995,7251677.126783926,9708317.873216074,9708317.873216074,94251435927406.67,weather_block,in_sample,
23-24,1,10,2024-01-16,2024-02-01,948654,616477.1267839037,332176.8732160963,332176.8732160963,110341475099.62253,weather_block,in_sample,
23-24,1,11,2024-02-16,2024-03-01,363793,382457.1892839037,-18664.18928390369,18664.18928390369,348351961.6253853,weather_block,in_sample,
23-24,1,12,2024-03-16,2024-04-01,3972760,3606039.3142839186,366720.6857160814,366720.6857160814,134484061332.07295,weather_block,in_sample,
24-25,1,1,2024-04-16,2024-05-01,32053800,25086914.91547685,6966885.084523149,6966885.084523149,48537487780951.125,weather_block,in_sample,
24-25,1,2,2024-05-16,2024-06-01,52911731,47517347.29047684,5394383.709523156,5394383.709523156,29099375605568.81,weather_block,in_sample,
24-25,1,3,2024-06-16,2024-07-01,57005563,48196529.10297684,8809033.897023156,8809033.897023156,77599078198902.97,weather_block,in_sample,
24-25,1,4,2024-07-16,2024-08-01,55100624,54226174.47797687,874449.5220231265,874449.5220231265,764661966566.4744,weather_block,in_sample,
24-25,1,5,2024-08-16,2024-09-01,50314323,52326018.102976836,-2011695.1029768363,2011695.1029768363,4046917187340.984,weather_block,in_sample,
24-25,1,6,2024-09-16,2024-10-01,47649759,44693230.54047686,2956528.4595231414,2956528.4595231414,8741060531970.279,weather_block,in_sample,
24-25,1,7,2024-10-16,2024-11-01,35063996,36940430.29047684,-1876434.2904768437,1876434.2904768437,3521005646477.336,weather_block,in_sample,
24-25,1,8,2024-11-16,2024-12-01,20111231,23178960.165476844,-3067729.1654768437,3067729.1654768437,9410962232717.252,weather_block,in_sample,
24-25,1,9,2024-12-16,2025-01-01,4344693,6882933.102976851,-2538240.102976851,2538240.102976851,6442662820359.936,weather_block,in_sample,
24-25,1,10,2025-01-16,2025-02-01,0,247733.1029768288,-247733.1029768288,247733.1029768288,61371690310.52807,weather_block,in_sample,
24-25,1,11,2025-02-16,2025-03-01,0,13713.165476828814,-13713.165476828814,13713.165476828814,188050907.39488962,weather_block,in_sample,
24-25,1,12,2025-03-16,2025-04-01,2893723,3237295.2904768474,-343572.29047684744,343572.29047684744,118041918783.50723,weather_block,in_sample,
25-26,1,1,2025-04-16,2025-05-01,18281747,24875715.437465973,-6593968.437465973,6593968.437465973,43480419754297.445,weather_block,in_sample,
25-26,1,2,2025-05-16,2025-06-01,52310289,47306147.812465966,5004141.187534034,5004141.187534034,25041429024774.535,weather_block,in_sample,
25-26,1,3,2025-06-16,2025-07-01,45340511,47985329.624965966,-2644818.6249659657,2644818.6249659657,6995065558966.861,weather_block,in_sample,
25-26,1,4,2025-07-16,2025-08-01,57129118,54014974.999965996,3114143.0000340044,3114143.0000340044,9697886624660.79,weather_block,in_sample,
25-26,1,5,2025-08-16,2025-09-01,56572358,52114818.624965966,4457539.375034034,4457539.375034034,19869657279978.81,weather_block,in_sample,
25-26,1,6,2025-09-16,2025-10-01,49716418,44482031.06246598,5234386.937534019,5234386.937534019,27398806611826.77,weather_block,in_sample,
25-26,1,7,2025-10-16,2025-11-01,36717950,36729230.812465966,-11280.812465965748,11280.812465965748,127256729.89228822,weather_block,in_sample,
25-26,1,8,2025-11-16,2025-12-01,20695347,22967760.687465966,-2272413.6874659657,2272413.6874659657,5163863966982.668,weather_block,in_sample,
25-26,1,9,2025-12-16,2026-01-01,4220127,6671733.624965977,-2451606.624965977,2451606.624965977,6010375043577.068,weather_block,in_sample,
25-26,1,10,2026-01-16,2026-02-01,162615,36533.62496595457,126081.37503404543,126081.37503404543,15896513130.475615,weather_block,in_sample,
25-26,1,11,2026-02-16,2026-03-01,47449,-197486.31253404543,244935.31253404543,244935.31253404543,59993307326.15051,weather_block,in_sample,
25-26,1,12,2026-03-16,2026-04-01,3739136,3026095.8124659695,713040.1875340305,713040.1875340305,508426309038.5654,weather_block,in_sample,
10-11,1,1,2010-04-16,2010-05-01,35863885,26028442.52651261,9835442.473487388,9835442.473487388,96735928649279.72,weather_block,leave_one_season_out,10-11
10-11,1,2,2010-05-16,2010-06-01,51305918,48924768.19317925,2381149.8068207502,2381149.8068207502,5669874402522.496,weather_block,leave_one_season_out,10-11
10-11,1,3,2010-06-16,2010-07-01,52523414,49568062.393179275,2955351.606820725,2955351.606820725,8734103119937.841,weather_block,leave_one_season_out,10-11
10-11,1,4,2010-07-16,2010-08-01,52596637,55994802.59317927,-3398165.5931792706,3398165.5931792706,11547529398667.424,weather_block,leave_one_season_out,10-11
10-11,1,5,2010-08-16,2010-09-01,52065647,54003368.45984594,-1937721.4598459378,1937721.4598459378,3754764455947.472,weather_block,leave_one_season_out,10-11
10-11,1,6,2010-09-16,2010-10-01,40115962,46658374.059845924,-6542412.059845924,6542412.059845924,42803155560817.39,weather_block,leave_one_season_out,10-11
10-11,1,7,2010-10-16,2010-11-01,36567655,38625274.25984594,-2057619.2598459423,2057619.2598459423,4233797018488.9634,weather_block,leave_one_season_out,10-11
10-11,1,8,2010-11-16,2010-12-01,27871957,24526085.99317927,3345871.006820731,3345871.006820731,11194852794283.57,weather_block,leave_one_season_out,10-11
10-11,1,9,2010-12-16,2011-01-01,5606184,8628041.993179247,-3021857.993179247,3021857.993179247,9131625730941.305,weather_block,leave_one_season_out,10-11
10-11,1,10,2011-01-16,2011-02-01,294577,1904602.459845923,-1610025.459845923,1610025.459845923,2592181981352.0757,weather_block,leave_one_season_out,10-11
10-11,1,11,2011-02-16,2011-03-01,105892,1667560.1931792572,-1561668.1931792572,1561668.1931792572,2438807545587.7656,weather_block,leave_one_season_out,10-11
10-11,1,12,2011-03-16,2011-04-01,965541,5048737.859845933,-4083196.8598459326,4083196.8598459326,16672496596255.684,weather_block,leave_one_season_out,10-11
11-12,1,1,2011-04-16,2011-05-01,13464081,27394285.884439617,-13930204.884439617,13930204.884439617,194050608122465.38,weather_block,leave_one_season_out,11-12
11-12,1,2,2011-05-16,2011-06-01,49442941,48921489.75110629,521451.248893708,521451.248893708,271911404972.8078,weather_block,leave_one_season_out,11-12
11-12,1,3,2011-06-16,2011-07-01,48574952,49703816.28443964,-1128864.2844396383,1128864.2844396383,1274334572683.4165,weather_block,leave_one_season_out,11-12
11-12,1,4,2011-07-16,2011-08-01,53335388,55818075.61777295,-2482687.6177729517,2482687.6177729517,6163737807443.134,weather_block,leave_one_season_out,11-12
11-12,1,5,2011-08-16,2011-09-01,49139941,54070938.61777298,-4930997.6177729815,4930997.6177729815,24314737506482.82,weather_block,leave_one_season_out,11-12
11-12,1,6,2011-09-16,2011-10-01,46245895,46122234.95110629,123660.04889371246,123660.04889371246,15291807692.395357,weather_block,leave_one_season_out,11-12
11-12,1,7,2011-10-16,2011-11-01,27754502,39085340.88443963,-11330838.884439632,11330838.884439632,128387909825129.17,weather_block,leave_one_season_out,11-12
11-12,1,8,2011-11-16,2011-12-01,14814387,25269113.75110629,-10454726.751106288,10454726.751106288,109301311440297.45,weather_block,leave_one_season_out,11-12
11-12,1,9,2011-12-16,2012-01-01,702437,8827481.551106285,-8125044.551106285,8125044.551106285,66016348957461.94,weather_block,leave_one_season_out,11-12
11-12,1,10,2012-01-16,2012-02-01,0,1796764.0177729726,-1796764.0177729726,1796764.0177729726,3228360935563.675,weather_block,leave_one_season_out,11-12
11-12,1,11,2012-02-16,2012-03-01,23943,1545546.5511063114,-1521603.5511063114,1521603.5511063114,2315277366739.337,weather_block,leave_one_season_out,11-12
11-12,1,12,2012-03-16,2012-04-01,127710,4977116.351106286,-4849406.351106286,4849406.351106286,23516741958149.984,weather_block,leave_one_season_out,11-12
12-13,1,1,2012-04-16,2012-05-01,6649075,26138772.634704545,-19489697.634704545,19489697.634704545,379848313892207.94,weather_block,leave_one_season_out,12-13
12-13,1,2,2012-05-16,2012-06-01,34196975,48228040.5013712,-14031065.501371197,14031065.501371197,196870799103768.97,weather_block,leave_one_season_out,12-13
12-13,1,3,2012-06-16,2012-07-01,32888145,49039756.43470451,-16151611.434704512,16151611.434704512,260874551937677.56,weather_block,leave_one_season_out,12-13
12-13,1,4,2012-07-16,2012-08-01,54517208,54029440.63470451,487767.3652954921,487767.3652954921,237917002647.30603,weather_block,leave_one_season_out,12-13
12-13,1,5,2012-08-16,2012-09-01,56677700,51858574.36803788,4819125.6319621205,4819125.6319621205,23223971856634.31,weather_block,leave_one_season_out,12-13
12-13,1,6,2012-09-16,2012-10-01,44961644,44498004.701371185,463639.2986288145,463639.2986288145,214961399233.01904,weather_block,leave_one_season_out,12-13
12-13,1,7,2012-10-16,2012-11-01,47015427,36091432.23470452,10923994.765295483,10923994.765295483,119333661632203.12,weather_block,leave_one_season_out,12-13
12-13,1,8,2012-11-16,2012-12-01,37562343,22042736.36803786,15519606.63196214,15519606.63196214,240858190010843.22,weather_block,leave_one_season_out,12-13
12-13,1,9,2012-12-16,2013-01-01,14497760,6197946.368037861,8299813.631962139,8299813.631962139,68886906325304.555,weather_block,leave_one_season_out,12-13
12-13,1,10,2013-01-16,2013-02-01,581911,48122.968037851155,533788.0319621488,533788.0319621488,284929663066.02405,weather_block,leave_one_season_out,12-13
12-13,1,11,2013-02-16,2013-03-01,122497,-170870.69862880185,293367.69862880185,293367.69862880185,86064606598.7595,weather_block,leave_one_season_out,12-13
12-13,1,12,2013-03-16,2013-04-01,1077026,3203981.634704523,-2126955.634704523,2126955.634704523,4523940272001.319,weather_block,leave_one_season_out,12-13
13-14,1,1,2013-04-16,2013-05-01,25653101,25395291.880432397,257809.11956760287,257809.11956760287,66465542132.22256,weather_block,leave_one_season_out,13-14
13-14,1,2,2013-05-16,2013-06-01,47856881,47840834.41376571,16046.586234286427,16046.586234286427,257492929.77439067,weather_block,leave_one_season_out,13-14
13-14,1,3,2013-06-16,2013-07-01,39392988,49129554.54709903,-9736566.547099032,9736566.547099032,94800728126087.95,weather_block,leave_one_season_out,13-14
13-14,1,4,2013-07-16,2013-08-01,52875131,54662366.74709906,-1787235.7470990568,1787235.7470990568,3194211615708.7236,weather_block,leave_one_season_out,13-14
13-14,1,5,2013-08-16,2013-09-01,57867510,52302708.01376569,5564801.986234307,5564801.986234307,30967021145997.293,weather_block,leave_one_season_out,13-14
13-14,1,6,2013-09-16,2013-10-01,46718620,44904327.28043239,1814292.7195676118,1814292.7195676118,3291658072276.041,weather_block,leave_one_season_out,13-14
13-14,1,7,2013-10-16,2013-11-01,43116896,36874788.61376569,6242107.386234313,6242107.386234313,38963904621280.97,weather_block,leave_one_season_out,13-14
13-14,1,8,2013-11-16,2013-12-01,36445289,22640660.94709903,13804628.05290097,13804628.05290097,190567755678940.44,weather_block,leave_one_season_out,13-14
13-14,1,9,2013-12-16,2014-01-01,15481905,6655791.013765696,8826113.986234304,8826113.986234304,77900288098000.78,weather_block,leave_one_season_out,13-14
13-14,1,10,2014-01-16,2014-02-01,525135,575362.3470990248,-50227.3470990248,50227.3470990248,2522786396.605915,weather_block,leave_one_season_out,13-14
13-14,1,11,2014-02-16,2014-03-01,19324,359461.8137656972,-340137.8137656972,340137.8137656972,115693732353.3081,weather_block,leave_one_season_out,13-14
13-14,1,12,2014-03-16,2014-04-01,2942462,3603073.5470990017,-660611.5470990017,660611.5470990017,436407616160.53656,weather_block,leave_one_season_out,13-14
14-15,1,1,2014-04-16,2014-05-01,23489459,24607007.063522,-1117548.0635219999,1117548.0635219999,1248913674281.7717,weather_block,leave_one_season_out,14-15
14-15,1,2,2014-05-16,2014-06-01,48509641,46864789.463522,1644851.536477998,1644851.536477998,2705536577054.0303,weather_block,leave_one_season_out,14-15
14-15,1,3,2014-06-16,2014-07-01,53885252,47230875.99685532,6654376.003144681,6654376.003144681,44280719991227.79,weather_block,leave_one_season_out,14-15
14-15,1,4,2014-07-16,2014-08-01,48033598,54052607.99685535,-6019009.996855348,6019009.996855348,36228481342244.62,weather_block,leave_one_season_out,14-15
14-15,1,5,2014-08-16,2014-09-01,54735765,51578963.396855325,3156801.6031446755,3156801.6031446755,9965396361616.793,weather_block,leave_one_season_out,14-15
14-15,1,6,2014-09-16,2014-10-01,39289013,44467106.796855345,-5178093.796855345,5178093.796855345,26812655369031.81,weather_block,leave_one_season_out,14-15
14-15,1,7,2014-10-16,2014-11-01,42557556,35979550.330188654,6578005.669811346,6578005.669811346,43270158592070.21,weather_block,leave_one_season_out,14-15
14-15,1,8,2014-11-16,2014-12-01,19129990,22862486.596855354,-3732496.5968553536,3732496.5968553536,13931530845536.795,weather_block,leave_one_season_out,14-15
14-15,1,9,2014-12-16,2015-01-01,5106403,6414963.530188646,-1308560.5301886462,1308560.5301886462,1712330661167.5908,weather_block,leave_one_season_out,14-15
14-15,1,10,2015-01-16,2015-02-01,573473,-360387.803144671,933860.803144671,933860.803144671,872095999650.01,weather_block,leave_one_season_out,14-15
14-15,1,11,2015-02-16,2015-03-01,167766,-582961.9364780001,750727.9364780001,750727.9364780001,563592434608.5162,weather_block,leave_one_season_out,14-15
14-15,1,12,2015-03-16,2015-04-01,1509111,2766102.663521994,-1256991.663521994,1256991.663521994,1580028042163.7896,weather_block,leave_one_season_out,14-15
15-16,1,1,2015-04-16,2015-05-01,22419779,25309900.830257338,-2890121.8302573375,2890121.8302573375,8352804193730.022,weather_block,leave_one_season_out,15-16
15-16,1,2,2015-05-16,2015-06-01,40913611,48002773.23025736,-7089162.230257362,7089162.230257362,50256221126907.54,weather_block,leave_one_season_out,15-16
15-16,1,3,2015-06-16,2015-07-01,51559852,48017484.430257365,3542367.569742635,3542367.569742635,12548367999164.342,weather_block,leave_one_season_out,15-16
15-16,1,4,2015-07-16,2015-08-01,46975159,54754752.36359066,-7779593.363590658,7779593.363590658,60522072902823.805,weather_block,leave_one_season_out,15-16
15-16,1,5,2015-08-16,2015-09-01,56700999,52079529.563590676,4621469.436409324,4621469.436409324,21357979751665.52,weather_block,leave_one_season_out,15-16
15-16,1,6,2015-09-16,2015-10-01,40025712,45049575.29692401,-5023863.29692401,5023863.29692401,25239202426180.184,weather_block,leave_one_season_out,15-16
15-16,1,7,2015-10-16,2015-11-01,46093055,36375432.1635907,9717622.8364093,9717622.8364093,94432193590703.55,weather_block,leave_one_season_out,15-16
15-16,1,8,2015-11-16,2015-12-01,26382747,23010551.230257355,3372195.7697426453,3372195.7697426453,11371704309470.191,weather_block,leave_one_season_out,15-16
15-16,1,9,2015-12-16,2016-01-01,19726736,6071856.43025735,13654879.56974265,13654879.56974265,186455736064175.22,weather_block,leave_one_season_out,15-16
15-16,1,10,2016-01-16,2016-02-01,3549332,72803.36359069496,3476528.636409305,3476528.636409305,12086251359773.941,weather_block,leave_one_season_out,15-16
15-16,1,11,2016-02-16,2016-03-01,2125136,-81871.50307598338,2207007.5030759834,2207007.5030759834,4870882118633.687,weather_block,leave_one_season_out,15-16
15-16,1,12,2016-03-16,2016-04-01,11850513,2708257.630257368,9142255.369742632,9142255.369742632,83580833245587.98,weather_block,leave_one_season_out,15-16
16-17,1,1,2016-04-16,2016-05-01,43810763,25097168.98138939,18713594.01861061,18713594.01861061,350198601093378.9,weather_block,leave_one_season_out,16-17
16-17,1,2,2016-05-16,2016-06-01,43889437,49017718.58138935,-5128281.581389353,5128281.581389353,26299271978017.28,weather_block,leave_one_season_out,16-17
16-17,1,3,2016-06-16,2016-07-01,41351162,49911397.51472267,-8560235.514722668,8560235.514722668,73277632067519.25,weather_block,leave_one_season_out,16-17
16-17,1,4,2016-07-16,2016-08-01,58180942,55221033.91472269,2959908.0852773115,2959908.0852773115,8761055873290.0,weather_block,leave_one_season_out,16-17
16-17,1,5,2016-08-16,2016-09-01,50535926,53703868.18138935,-3167942.1813893467,3167942.1813893467,10035857664625.893,weather_block,leave_one_season_out,16-17
16-17,1,6,2016-09-16,2016-10-01,48160320,45720601.848056,2439718.1519439965,2439718.1519439965,5952224660925.03,weather_block,leave_one_season_out,16-17
16-17,1,7,2016-10-16,2016-11-01,39456393,38031210.048056014,1425182.9519439861,1425182.9519439861,2031146446511.7742,weather_block,leave_one_season_out,16-17
16-17,1,8,2016-11-16,2016-12-01,26082913,24243873.914722677,1839039.0852773227,1839039.0852773227,3382064757177.652,weather_block,leave_one_season_out,16-17
16-17,1,9,2016-12-16,2017-01-01,6848360,8143748.581389343,-1295388.5813893434,1295388.5813893434,1678031576793.8955,weather_block,leave_one_season_out,16-17
16-17,1,10,2017-01-16,2017-02-01,697362,1476268.4480559975,-778906.4480559975,778906.4480559975,606695254823.2103,weather_block,leave_one_season_out,16-17
16-17,1,11,2017-02-16,2017-03-01,554974,1236139.7147226892,-681165.7147226892,681165.7147226892,463986730913.67206,weather_block,leave_one_season_out,16-17
16-17,1,12,2017-03-16,2017-04-01,6421087,4283553.114722684,2137533.885277316,2137533.885277316,4569051110708.738,weather_block,leave_one_season_out,16-17
17-18,1,1,2017-04-16,2017-05-01,25457747,24842469.235049225,615277.7649507746,615277.7649507746,378566728042.8207,weather_block,leave_one_season_out,17-18
17-18,1,2,2017-05-16,2017-06-01,42330199,47643433.63504924,-5313234.635049239,5313234.635049239,28230462287086.816,weather_block,leave_one_season_out,17-18
17-18,1,3,2017-06-16,2017-07-01,53295057,47636903.70171589,5658153.298284113,5658153.298284113,32014698746883.39,weather_block,leave_one_season_out,17-18
17-18,1,4,2017-07-16,2017-08-01,58936001,53692462.50171588,5243538.498284116,5243538.498284116,27494695982987.645,weather_block,leave_one_season_out,17-18
17-18,1,5,2017-08-16,2017-09-01,49584932,52289033.635049224,-2704101.635049224,2704101.635049224,7312165652675.886,weather_block,leave_one_season_out,17-18
17-18,1,6,2017-09-16,2017-10-01,51954294,43989436.10171587,7964857.89828413,7964857.89828413,63438961339859.086,weather_block,leave_one_season_out,17-18
17-18,1,7,2017-10-16,2017-11-01,37068378,36712176.90171589,356201.0982841104,356201.0982841104,126879222418.8065,weather_block,leave_one_season_out,17-18
17-18,1,8,2017-11-16,2017-12-01,22742945,22988304.301715884,-245359.30171588436,245359.30171588436,60201186938.50637,weather_block,leave_one_season_out,17-18
17-18,1,9,2017-12-16,2018-01-01,8281823,6569950.235049207,1711872.7649507932,1711872.7649507932,2930508363380.274,weather_block,leave_one_season_out,17-18
17-18,1,10,2018-01-16,2018-02-01,25578,42819.90171588585,-17241.901715885848,17241.901715885848,297283174.78026736,weather_block,leave_one_season_out,17-18
17-18,1,11,2018-02-16,2018-03-01,188067,-217633.96495078877,405700.96495078877,405700.96495078877,164593272962.00113,weather_block,leave_one_season_out,17-18
17-18,1,12,2018-03-16,2018-04-01,7277321,2748236.701715879,4529084.298284121,4529084.298284121,20512604580963.766,weather_block,leave_one_season_out,17-18
18-19,1,1,2018-04-16,2018-05-01,36989641,24591883.57495061,12397757.42504939,12397757.42504939,153704389170367.3,weather_block,leave_one_season_out,18-19
18-19,1,2,2018-05-16,2018-06-01,46305680,47896608.841617286,-1590928.8416172862,1590928.8416172862,2531054579089.72,weather_block,leave_one_season_out,18-19
18-19,1,3,2018-06-16,2018-07-01,53019243,48173498.57495063,4845744.425049372,4845744.425049372,23481239032897.07,weather_block,leave_one_season_out,18-19
18-19,1,4,2018-07-16,2018-08-01,54203334,54526180.90828397,-322846.90828397125,322846.90828397125,104230126188.51895,weather_block,leave_one_season_out,18-19
18-19,1,5,2018-08-16,2018-09-01,44695397,53133209.90828395,-8437812.908283949,8437812.908283949,71196686675203.23,weather_block,leave_one_season_out,18-19
18-19,1,6,2018-09-16,2018-10-01,38840569,45381891.70828393,-6541322.708283931,6541322.708283931,42788902773911.02,weather_block,leave_one_season_out,18-19
18-19,1,7,2018-10-16,2018-11-01,27946096,37838536.30828393,-9892440.308283933,9892440.308283933,97860375252960.7,weather_block,leave_one_season_out,18-19
18-19,1,8,2018-11-16,2018-12-01,20396811,23662920.50828394,-3266109.508283939,3266109.508283939,10667471320102.756,weather_block,leave_one_season_out,18-19
18-19,1,9,2018-12-16,2019-01-01,6855169,7183267.774950635,-328098.7749506347,328098.7749506347,107648806124.10722,weather_block,leave_one_season_out,18-19
18-19,1,10,2019-01-16,2019-02-01,173070,551194.3749506362,-378124.3749506362,378124.3749506362,142978042931.8093,weather_block,leave_one_season_out,18-19
18-19,1,11,2019-02-16,2019-03-01,64729,308795.84161727875,-244066.84161727875,244066.84161727875,59568623177.03384,weather_block,leave_one_season_out,18-19
18-19,1,12,2019-03-16,2019-04-01,3848430,3495036.7082839645,353393.29171603546,353393.29171603546,124886818629.89493,weather_block,leave_one_season_out,18-19
19-20,1,1,2019-04-16,2019-05-01,25179709,25626137.693769675,-446428.69376967475,446428.69376967475,199298578620.89804,weather_block,leave_one_season_out,19-20
19-20,1,2,2019-05-16,2019-06-01,50387582,47871407.36043635,2516174.63956365,2516174.63956365,6331134816783.264,weather_block,leave_one_season_out,19-20
19-20,1,3,2019-06-16,2019-07-01,52431797,48459586.96043635,3972210.0395636484,3972210.0395636484,15778452598410.24,weather_block,leave_one_season_out,19-20
19-20,1,4,2019-07-16,2019-08-01,52558745,54882745.49376966,-2324000.4937696606,2324000.4937696606,5400978295041.626,weather_block,leave_one_season_out,19-20
19-20,1,5,2019-08-16,2019-09-01,53273213,52808280.82710301,464932.1728969887,464932.1728969887,216161925394.7154,weather_block,leave_one_season_out,19-20
19-20,1,6,2019-09-16,2019-10-01,43605692,45311142.16043635,-1705450.1604363471,1705450.1604363471,2908560249732.3623,weather_block,leave_one_season_out,19-20
19-20,1,7,2019-10-16,2019-11-01,42854529,37091566.0937697,5762962.906230301,5762962.906230301,33211741458586.395,weather_block,leave_one_season_out,19-20
19-20,1,8,2019-11-16,2019-12-01,17106453,24129203.027103044,-7022750.027103044,7022750.027103044,49319017943175.805,weather_block,leave_one_season_out,19-20
19-20,1,9,2019-12-16,2020-01-01,1261108,7803130.4937696755,-6542022.4937696755,6542022.4937696755,42798058308988.41,weather_block,leave_one_season_out,19-20
19-20,1,10,2020-01-16,2020-02-01,19992,808324.8937696666,-788332.8937696666,788332.8937696666,621468751399.2563,weather_block,leave_one_season_out,19-20
19-20,1,11,2020-02-16,2020-03-01,0,560036.4271030203,-560036.4271030203,560036.4271030203,313640799682.3165,weather_block,leave_one_season_out,19-20
19-20,1,12,2020-03-16,2020-04-01,4634695,3689544.36043635,945150.6395636499,945150.6395636499,893309731467.5764,weather_block,leave_one_season_out,19-20
20-21,1,1,2020-04-16,2020-05-01,37969735,24245223.262966666,13724511.737033334,13724511.737033334,188362222419965.72,weather_block,leave_one_season_out,20-21
20-21,1,2,2020-05-16,2020-06-01,52641606,47192893.062966645,5448712.937033355,5448712.937033355,29688472670194.652,weather_block,leave_one_season_out,20-21
20-21,1,3,2020-06-16,2020-07-01,50182327,48081305.59629998,2101021.4037000164,2101021.4037000164,4414290938805.588,weather_block,leave_one_season_out,20-21
20-21,1,4,2020-07-16,2020-08-01,57730882,54009690.3296333,3721191.670366697,3721191.670366697,13847267447606.488,weather_block,leave_one_season_out,20-21
20-21,1,5,2020-08-16,2020-09-01,52776407,52313155.19629996,463251.8037000373,463251.8037000373,214602233631.3379,weather_block,leave_one_season_out,20-21
20-21,1,6,2020-09-16,2020-10-01,49758856,44372685.196299955,5386170.803700045,5386170.803700045,29010835926630.785,weather_block,leave_one_season_out,20-21
20-21,1,7,2020-10-16,2020-11-01,37894982,36893956.52963331,1001025.4703666866,1001025.4703666866,1002051992322.8461,weather_block,leave_one_season_out,20-21
20-21,1,8,2020-11-16,2020-12-01,15229986,23726054.796299968,-8496068.796299968,8496068.796299968,72183184991461.98,weather_block,leave_one_season_out,20-21
20-21,1,9,2020-12-16,2021-01-01,617019,7317823.729633305,-6700804.729633305,6700804.729633305,44900784024676.07,weather_block,leave_one_season_out,20-21
20-21,1,10,2021-01-16,2021-02-01,10265,280727.32963332906,-270462.32963332906,270462.32963332906,73149871750.68755,weather_block,leave_one_season_out,20-21
20-21,1,11,2021-02-16,2021-03-01,16595,30684.062966637313,-14089.062966637313,14089.062966637313,198501695.277871,weather_block,leave_one_season_out,20-21
20-21,1,12,2021-03-16,2021-04-01,1678855,3358354.3296333104,-1679499.3296333104,1679499.3296333104,2820717998238.7393,weather_block,leave_one_season_out,20-21
21-22,1,1,2021-04-16,2021-05-01,23522409,25136622.319007885,-1614213.3190078847,1614213.3190078847,2605684639262.451,weather_block,leave_one_season_out,21-22
21-22,1,2,2021-05-16,2021-06-01,51001348,47230487.585674495,3770860.4143255055,3770860.4143255055,14219388264327.123,weather_block,leave_one_season_out,21-22
21-22,1,3,2021-06-16,2021-07-01,48736569,48105933.45234116,630635.5476588383,630635.5476588383,397701193970.96295,weather_block,leave_one_season_out,21-22
21-22,1,4,2021-07-16,2021-08-01,53983106,54187786.05234118,-204680.05234117806,204680.05234117806,41893923826.38739,weather_block,leave_one_season_out,21-22
21-22,1,5,2021-08-16,2021-09-01,51550157,52323149.18567449,-772992.1856744885,772992.1856744885,597516919113.823,weather_block,leave_one_season_out,21-22
21-22,1,6,2021-09-16,2021-10-01,43252331,44734697.51900782,-1482366.519007817,1482366.519007817,2197410496675.3523,weather_block,leave_one_season_out,21-22
21-22,1,7,2021-10-16,2021-11-01,19354723,38058217.7856745,-18703494.785674497,18703494.785674497,349820717197753.1,weather_block,leave_one_season_out,21-22
21-22,1,8,2021-11-16,2021-12-01,7028226,24201082.785674516,-17172856.785674516,17172856.785674516,294907010181287.25,weather_block,leave_one_season_out,21-22
21-22,1,9,2021-12-16,2022-01-01,190682,7274490.185674496,-7083808.185674496,7083808.185674496,50180338411428.99,weather_block,leave_one_season_out,21-22
21-22,1,10,2022-01-16,2022-02-01,0,209655.65234116092,-209655.65234116092,209655.65234116092,43955492558.59773,weather_block,leave_one_season_out,21-22
21-22,1,11,2022-02-16,2022-03-01,0,-39965.6143254973,39965.6143254973,39965.6143254973,1597250328.4143949,weather_block,leave_one_season_out,21-22
21-22,1,12,2022-03-16,2022-04-01,68753,3393938.452341169,-3325185.452341169,3325185.452341169,11056858292461.346,weather_block,leave_one_season_out,21-22
22-23,1,1,2022-04-16,2022-05-01,14681891,25919201.911500946,-11237310.911500946,11237310.911500946,126277156521738.22,weather_block,leave_one_season_out,22-23
22-23,1,2,2022-05-16,2022-06-01,45258737,47806540.04483424,-2547803.0448342413,2547803.0448342413,6491300355266.631,weather_block,leave_one_season_out,22-23
22-23,1,3,2022-06-16,2022-07-01,47363873,48390658.24483425,-1026785.2448342517,1026785.2448342517,1054287939009.3342,weather_block,leave_one_season_out,22-23
22-23,1,4,2022-07-16,2022-08-01,55574655,54274894.511500895,1299760.488499105,1299760.488499105,1689377327463.432,weather_block,leave_one_season_out,22-23
22-23,1,5,2022-08-16,2022-09-01,48196640,52739928.71150091,-4543288.711500913,4543288.711500913,20641472316051.625,weather_block,leave_one_season_out,22-23
22-23,1,6,2022-09-16,2022-10-01,36585620,45372356.64483423,-8786736.644834228,8786736.644834228,77206740865672.66,weather_block,leave_one_season_out,22-23
22-23,1,7,2022-10-16,2022-11-01,36743555,37092174.04483427,-348619.0448342711,348619.0448342711,121535238421.1595,weather_block,leave_one_season_out,22-23
22-23,1,8,2022-11-16,2022-12-01,24673613,23217935.378167577,1455677.621832423,1455677.621832423,2118997338703.6985,weather_block,leave_one_season_out,22-23
22-23,1,9,2022-12-16,2023-01-01,3024763,7278763.178167596,-4254000.178167596,4254000.178167596,18096517515849.94,weather_block,leave_one_season_out,22-23
22-23,1,10,2023-01-16,2023-02-01,0,402867.37816759944,-402867.37816759944,402867.37816759944,162302124391.6356,weather_block,leave_one_season_out,22-23
22-23,1,11,2023-02-16,2023-03-01,17480,152080.77816758305,-134600.77816758305,134600.77816758305,18117369483.3189,weather_block,leave_one_season_out,22-23
22-23,1,12,2023-03-16,2023-04-01,2387836,3432544.6448342614,-1044708.6448342614,1044708.6448342614,1091416152591.4388,weather_block,leave_one_season_out,22-23
23-24,1,1,2023-04-16,2023-05-01,19502051,25435452.926993646,-5933401.926993646,5933401.926993646,35205258427251.91,weather_block,leave_one_season_out,23-24
23-24,1,2,2023-05-16,2023-06-01,54613215,47020503.193660304,7592711.806339696,7592711.806339696,57649272574130.21,weather_block,leave_one_season_out,23-24
23-24,1,3,2023-06-16,2023-07-01,47191995,48239711.7936603,-1047716.793660298,1047716.793660298,1097710479717.8154,weather_block,leave_one_season_out,23-24
23-24,1,4,2023-07-16,2023-08-01,59486498,53851699.99366028,5634798.006339721,5634798.006339721,31750948572250.098,weather_block,leave_one_season_out,23-24
23-24,1,5,2023-08-16,2023-09-01,56127609,52048792.46032693,4078816.5396730676,4078816.5396730676,16636744364310.578,weather_block,leave_one_season_out,23-24
23-24,1,6,2023-09-16,2023-10-01,51809218,44195045.12699359,7614172.873006411,7614172.873006411,57975628540026.7,weather_block,leave_one_season_out,23-24
23-24,1,7,2023-10-16,2023-11-01,38439426,36816710.9936603,1622715.006339699,1622715.006339699,2633203991800.0493,weather_block,leave_one_season_out,23-24
23-24,1,8,2023-11-16,2023-12-01,38187359,22154613.993660305,16032745.006339695,16032745.006339695,257048912438310.44,weather_block,leave_one_season_out,23-24
23-24,1,9,2023-12-16,2024-01-01,16959995,6187342.72699365,10772652.27300635,10772652.27300635,116050036995108.88,weather_block,leave_one_season_out,23-24
23-24,1,10,2024-01-16,2024-02-01,948654,177218.79366029054,771435.2063397095,771435.2063397095,595112277580.3901,weather_block,leave_one_season_out,23-24
23-24,1,11,2024-02-16,2024-03-01,363793,-33411.73967303336,397204.73967303336,397204.73967303336,157771605218.7222,weather_block,leave_one_season_out,23-24
23-24,1,12,2024-03-16,2024-04-01,3972760,3164478.060326945,808281.939673055,808281.939673055,653319694001.6361,weather_block,leave_one_season_out,23-24
24-25,1,1,2024-04-16,2024-05-01,32053800,23113403.007022757,8940396.992977243,8940396.992977243,79930698392036.53,weather_block,leave_one_season_out,24-25
24-25,1,2,2024-05-16,2024-06-01,52911731,45648668.80702275,7263062.19297725,7263062.19297725,52752072419055.49,weather_block,leave_one_season_out,24-25
24-25,1,3,2024-06-16,2024-07-01,57005563,46100207.273689404,10905355.726310596,10905355.726310596,118926783517375.3,weather_block,leave_one_season_out,24-25
24-25,1,4,2024-07-16,2024-08-01,55100624,52658824.940356046,2441799.059643954,2441799.059643954,5962382647678.099,weather_block,leave_one_season_out,24-25
24-25,1,5,2024-08-16,2024-09-01,50314323,50951078.20702274,-636755.2070227414,636755.2070227414,405457193670.5743,weather_block,leave_one_season_out,24-25
24-25,1,6,2024-09-16,2024-10-01,47649759,42987075.74035609,4662683.259643912,4662683.259643912,21740615179763.58,weather_block,leave_one_season_out,24-25
24-25,1,7,2024-10-16,2024-11-01,35063996,35556473.007022716,-492477.0070227161,492477.0070227161,242533602446.05237,weather_block,leave_one_season_out,24-25
24-25,1,8,2024-11-16,2024-12-01,20111231,21874422.540356062,-1763191.5403560624,1763191.5403560624,3108844407983.184,weather_block,leave_one_season_out,24-25
24-25,1,9,2024-12-16,2025-01-01,4344693,5543096.207022749,-1198403.207022749,1198403.207022749,1436170246602.4094,weather_block,leave_one_season_out,24-25
24-25,1,10,2025-01-16,2025-02-01,0,-1244804.2596439272,1244804.2596439272,1244804.2596439272,1549537644827.6658,weather_block,leave_one_season_out,24-25
24-25,1,11,2025-02-16,2025-03-01,0,-1494425.526310578,1494425.526310578,1494425.526310578,2233307653688.648,weather_block,leave_one_season_out,24-25
24-25,1,12,2025-03-16,2025-04-01,2893723,1751147.207022734,1142575.792977266,1142575.792977266,1305479442697.6282,weather_block,leave_one_season_out,24-25
25-26,1,1,2025-04-16,2025-05-01,18281747,25241909.15131637,-6960162.151316371,6960162.151316371,48443857172616.93,weather_block,leave_one_season_out,25-26
25-26,1,2,2025-05-16,2025-06-01,52310289,46899134.21798302,5411154.782016978,5411154.782016978,29280596074945.207,weather_block,leave_one_season_out,25-26
25-26,1,3,2025-06-16,2025-07-01,45340511,48088246.68464969,-2747735.684649691,2747735.684649691,7550051392697.306,weather_block,leave_one_season_out,25-26
25-26,1,4,2025-07-16,2025-08-01,57129118,53733961.28464969,3395156.7153503075,3395156.7153503075,11527089121788.29,weather_block,leave_one_season_out,25-26
25-26,1,5,2025-08-16,2025-09-01,56572358,51744245.15131633,4828112.84868367,4828112.84868367,23310673679624.344,weather_block,leave_one_season_out,25-26
25-26,1,6,2025-09-16,2025-10-01,49716418,44059667.75131635,5656750.248683646,5656750.248683646,31998823375982.496,weather_block,leave_one_season_out,25-26
25-26,1,7,2025-10-16,2025-11-01,36717950,36656578.68464969,61371.315350309014,61371.315350309014,3766438347.827075,weather_block,leave_one_season_out,25-26
25-26,1,8,2025-11-16,2025-12-01,20695347,23045850.75131635,-2350503.75131635,2350503.75131635,5524867884952.233,weather_block,leave_one_season_out,25-26
25-26,1,9,2025-12-16,2026-01-01,4220127,6761769.88464969,-2541642.8846496902,2541642.8846496902,6459948553090.398,weather_block,leave_one_season_out,25-26
25-26,1,10,2026-01-16,2026-02-01,162615,-45275.98201699555,207890.98201699555,207890.98201699555,43218660403.99077,weather_block,leave_one_season_out,25-26
25-26,1,11,2026-02-16,2026-03-01,47449,-287219.51535028964,334668.51535028964,334668.51535028964,112003015166.76706,weather_block,leave_one_season_out,25-26
25-26,1,12,2026-03-16,2026-04-01,3739136,2905155.617983002,833980.3820169978,833980.3820169978,695523277589.2175,weather_block,leave_one_season_out,25-26
10-11,2,1,2010-04-16,2010-06-01,87169803,73054041.5,14115761.5,14115761.5,199254722724882.25,block_only,in_sample,
10-11,2,2,2010-06-16,2010-08-01,105120051,102872482.87500006,2247568.1249999404,2247568.1249999404,5051562476515.748,block_only,in_sample,
10-11,2,3,2010-08-16,2010-10-01,92181609,97469027.93749999,-5287418.937499985,5287418.937499985,27956799020633.473,block_only,in_sample,
10-11,2,4,2010-10-16,2010-12-01,64439612,60569169.74999998,3870442.2500000224,3870442.2500000224,14980323210585.236,block_only,in_sample,
10-11,2,5,2010-12-16,2011-02-01,5900761,7580445.499999978,-1679684.4999999776,1679684.4999999776,2821340019540.175,block_only,in_sample,
10-11,2,6,2011-02-16,2011-04-01,1071433,3700787.75,-2629354.75,2629354.75,6913506401347.5625,block_only,in_sample,
11-12,2,1,2011-04-16,2011-06-01,62907022,73054041.5,-10147019.5,10147019.5,102962004733380.25,block_only,in_sample,
11-12,2,2,2011-06-16,2011-08-01,101910340,102872482.87500006,-962142.8750000596,962142.8750000596,925718911913.3804,block_only,in_sample,
11-12,2,3,2011-08-16,2011-10-01,95385836,97469027.93749999,-2083191.937499985,2083191.937499985,4339688648464.942,block_only,in_sample,
11-12,2,4,2011-10-16,2011-12-01,42568889,60569169.74999998,-18000280.749999978,18000280.749999978,324010107078819.75,block_only,in_sample,
11-12,2,5,2011-12-16,2012-02-01,702437,7580445.499999978,-6878008.499999978,6878008.499999978,47307000926071.945,block_only,in_sample,
11-12,2,6,2012-02-16,2012-04-01,151653,3700787.75,-3549134.75,3549134.75,12596357473657.562,block_only,in_sample,
12-13,2,1,2012-04-16,2012-06-01,40846050,73054041.5,-32207991.5,32207991.5,1037354716464072.2,block_only,in_sample,
12-13,2,2,2012-06-16,2012-08-01,87405353,102872482.87500006,-15467129.87500006,15467129.87500006,239232106570119.38,block_only,in_sample,
12-13,2,3,2012-08-16,2012-10-01,101639344,97469027.93749999,4170316.062500015,4170316.062500015,17391536061145.629,block_only,in_sample,
12-13,2,4,2012-10-16,2012-12-01,84577770,60569169.74999998,24008600.250000022,24008600.250000022,576412885964301.1,block_only,in_sample,
12-13,2,5,2012-12-16,2013-02-01,15079671,7580445.499999978,7499225.500000022,7499225.500000022,56238383099850.586,block_only,in_sample,
12-13,2,6,2013-02-16,2013-04-01,1199523,3700787.75,-2501264.75,2501264.75,6256325349592.5625,block_only,in_sample,
13-14,2,1,2013-04-16,2013-06-01,73509982,73054041.5,455940.5,455940.5,207881739540.25,block_only,in_sample,
13-14,2,2,2013-06-16,2013-08-01,92268119,102872482.87500006,-10604363.87500006,10604363.87500006,112452533193406.28,block_only,in_sample,
13-14,2,3,2013-08-16,2013-10-01,104586130,97469027.93749999,7117102.062500015,7117102.062500015,50653141768041.97,block_only,in_sample,
13-14,2,4,2013-10-16,2013-12-01,79562185,60569169.74999998,18993015.250000022,18993015.250000022,360734628286733.44,block_only,in_sample,
13-14,2,5,2013-12-16,2014-02-01,16007040,7580445.499999978,8426594.500000022,8426594.500000022,71007494867430.62,block_only,in_sample,
13-14,2,6,2014-02-16,2014-04-01,2961786,3700787.75,-739001.75,739001.75,546123586503.0625,block_only,in_sample,
14-15,2,1,2014-04-16,2014-06-01,71999100,73054041.5,-1054941.5,1054941.5,1112901568422.25,block_only,in_sample,
14-15,2,2,2014-06-16,2014-08-01,101918850,102872482.87500006,-953632.8750000596,953632.8750000596,909415660280.8793,block_only,in_sample,
14-15,2,3,2014-08-16,2014-10-01,94024778,97469027.93749999,-3444249.937499985,3444249.937499985,11862857631968.65,block_only,in_sample,
14-15,2,4,2014-10-16,2014-12-01,61687546,60569169.74999998,1118376.2500000224,1118376.2500000224,1250765436564.1125,block_only,in_sample,
14-15,2,5,2014-12-16,2015-02-01,5679876,7580445.499999978,-1900569.4999999776,1900569.4999999776,3612164424330.165,block_only,in_sample,
14-15,2,6,2015-02-16,2015-04-01,1676877,3700787.75,-2023910.75,2023910.75,4096214723965.5625,block_only,in_sample,
15-16,2,1,2015-04-16,2015-06-01,63333390,73054041.5,-9720651.5,9720651.5,94491065584452.25,block_only,in_sample,
15-16,2,2,2015-06-16,2015-08-01,98535011,102872482.87500006,-4337471.87500006,4337471.87500006,18813662266416.53,block_only,in_sample,
15-16,2,3,2015-08-16,2015-10-01,96726711,97469027.93749999,-742316.9374999851,742316.9374999851,551034435699.3568,block_only,in_sample,
15-16,2,4,2015-10-16,2015-12-01,72475802,60569169.74999998,11906632.250000022,11906632.250000022,141767891536740.6,block_only,in_sample,
15-16,2,5,2015-12-16,2016-02-01,23276068,7580445.499999978,15695622.500000022,15695622.500000022,246352565662506.94,block_only,in_sample,
15-16,2,6,2016-02-16,2016-04-01,13975649,3700787.75,10274861.25,10274861.25,105572773706751.56,block_only,in_sample,
16-17,2,1,2016-04-16,2016-06-01,87700200,73054041.5,14646158.5,14646158.5,214509958807122.25,block_only,in_sample,
16-17,2,2,2016-06-16,2016-08-01,99532104,102872482.87500006,-3340378.8750000596,3340378.8750000596,11158131028546.664,block_only,in_sample,
16-17,2,3,2016-08-16,2016-10-01,98696246,97469027.93749999,1227218.062500015,1227218.062500015,1506064172926.2905,block_only,in_sample,
16-17,2,4,2016-10-16,2016-12-01,65539306,60569169.74999998,4970136.250000022,4970136.250000022,24702254343564.285,block_only,in_sample,
16-17,2,5,2016-12-16,2017-02-01,7545722,7580445.499999978,-34723.49999997765,34723.49999997765,1205721452.2484477,block_only,in_sample,
16-17,2,6,2017-02-16,2017-04-01,6976061,3700787.75,3275273.25,3275273.25,10727414862165.562,block_only,in_sample,
17-18,2,1,2017-04-16,2017-06-01,67787946,73054041.5,-5266095.5,5266095.5,27731761815120.25,block_only,in_sample,
17-18,2,2,2017-06-16,2017-08-01,112231058,102872482.87500006,9358575.12499994,9358575.12499994,87582928370267.66,block_only,in_sample,
17-18,2,3,2017-08-16,2017-10-01,101539226,97469027.93749999,4070198.062500015,4070198.062500015,16566512267978.875,block_only,in_sample,
17-18,2,4,2017-10-16,2017-12-01,59811323,60569169.74999998,-757846.7499999776,757846.7499999776,574331696485.5286,block_only,in_sample,
17-18,2,5,2017-12-16,2018-02-01,8307401,7580445.499999978,726955.5000000224,726955.5000000224,528464298980.2825,block_only,in_sample,
17-18,2,6,2018-02-16,2018-04-01,7465388,3700787.75,3764600.25,3764600.25,14172215042300.062,block_only,in_sample,
18-19,2,1,2018-04-16,2018-06-01,83295321,73054041.5,10241279.5,10241279.5,104883805797120.25,block_only,in_sample,
18-19,2,2,2018-06-16,2018-08-01,107222577,102872482.87500006,4350094.12499994,4350094.12499994,18923318896358.996,block_only,in_sample,
18-19,2,3,2018-08-16,2018-10-01,83535966,97469027.93749999,-13933061.937499985,13933061.937499985,194130214954210.84,block_only,in_sample,
18-19,2,4,2018-10-16,2018-12-01,48342907,60569169.74999998,-12226262.749999978,12226262.749999978,149481500832037.03,block_only,in_sample,
18-19,2,5,2018-12-16,2019-02-01,7028239,7580445.499999978,-552206.4999999776,552206.4999999776,304932018642.22534,block_only,in_sample,
18-19,2,6,2019-02-16,2019-04-01,3913159,3700787.75,212371.25,212371.25,45101547826.5625,block_only,in_sample,
19-20,2,1,2019-04-16,2019-06-01,75567291,73054041.5,2513249.5,2513249.5,6316423049250.25,block_only,in_sample,
19-20,2,2,2019-06-16,2019-08-01,104990542,102872482.87500006,2118059.1249999404,2118059.1249999404,4486174456995.513,block_only,in_sample,
19-20,2,3,2019-08-16,2019-10-01,96878905,97469027.93749999,-590122.9374999851,590122.9374999851,348245081363.6113,block_only,in_sample,
19-20,2,4,2019-10-16,2019-12-01,59960982,60569169.74999998,-608187.7499999776,608187.7499999776,369892339250.03534,block_only,in_sample,
19-20,2,5,2019-12-16,2020-02-01,1281100,7580445.499999978,-6299345.499999978,6299345.499999978,39681753728369.97,block_only,in_sample,
19-20,2,6,2020-02-16,2020-04-01,4634695,3700787.75,933907.25,933907.25,872182751602.5625,block_only,in_sample,
20-21,2,1,2020-04-16,2020-06-01,90611341,73054041.5,17557299.5,17557299.5,308258765732700.25,block_only,in_sample,
20-21,2,2,2020-06-16,2020-08-01,107913209,102872482.87500006,5040726.12499994,5040726.12499994,25408919867256.914,block_only,in_sample,
20-21,2,3,2020-08-16,2020-10-01,102535263,97469027.93749999,5066235.062500015,5066235.062500015,25666737708504.53,block_only,in_sample,
20-21,2,4,2020-10-16,2020-12-01,53124968,60569169.74999998,-7444201.749999978,7444201.749999978,55416139694702.73,block_only,in_sample,
20-21,2,5,2020-12-16,2021-02-01,627284,7580445.499999978,-6953161.499999978,6953161.499999978,48346454845081.94,block_only,in_sample,
20-21,2,6,2021-02-16,2021-04-01,1695450,3700787.75,-2005337.75,2005337.75,4021379491575.0625,block_only,in_sample,
21-22,2,1,2021-04-16,2021-06-01,74523757,73054041.5,1469715.5,1469715.5,2160063650940.25,block_only,in_sample,
21-22,2,2,2021-06-16,2021-08-01,102719675,102872482.87500006,-152807.8750000596,152807.8750000596,23350246662.03384,block_only,in_sample,
21-22,2,3,2021-08-16,2021-10-01,94802488,97469027.93749999,-2666539.937499985,2666539.937499985,7110435238282.425,block_only,in_sample,
21-22,2,4,2021-10-16,2021-12-01,26382949,60569169.74999998,-34186220.74999998,34186220.74999998,1168697689167729.0,block_only,in_sample,
21-22,2,5,2021-12-16,2022-02-01,190682,7580445.499999978,-7389763.499999978,7389763.499999978,54608604585931.92,block_only,in_sample,
21-22,2,6,2022-02-16,2022-04-01,68753,3700787.75,-3632034.75,3632034.75,13191676425207.562,block_only,in_sample,
22-23,2,1,2022-04-16,2022-06-01,59940628,73054041.5,-13113413.5,13113413.5,171961613621982.25,block_only,in_sample,
22-23,2,2,2022-06-16,2022-08-01,102938528,102872482.87500006,66045.1249999404,66045.1249999404,4361958536.257751,block_only,in_sample,
22-23,2,3,2022-08-16,2022-10-01,84782260,97469027.93749999,-12686767.937499985,12686767.937499985,160954080699977.62,block_only,in_sample,
22-23,2,4,2022-10-16,2022-12-01,61417168,60569169.74999998,847998.2500000224,847998.2500000224,719101032003.1005,block_only,in_sample,
22-23,2,5,2022-12-16,2023-02-01,3024763,7580445.499999978,-4555682.499999978,4555682.499999978,20754243040806.047,block_only,in_sample,
22-23,2,6,2023-02-16,2023-04-01,2405316,3700787.75,-1295471.75,1295471.75,1678247055048.0625,block_only,in_sample,
23-24,2,1,2023-04-16,2023-06-01,74115266,73054041.5,1061224.5,1061224.5,1126197439400.25,block_only,in_sample,
23-24,2,2,2023-06-16,2023-08-01,106678493,102872482.87500006,3806010.1249999404,3806010.1249999404,14485713071602.062,block_only,in_sample,
23-24,2,3,2023-08-16,2023-10-01,107936827,97469027.93749999,10467799.062500015,10467799.062500015,109574817212876.19,block_only,in_sample,
23-24,2,4,2023-10-16,2023-12-01,76626785,60569169.74999998,16057615.250000022,16057615.250000022,257847007517033.28,block_only,in_sample,
23-24,2,5,2023-12-16,2024-02-01,17908649,7580445.499999978,10328203.500000022,10328203.500000022,106671787537412.72,block_only,in_sample,
23-24,2,6,2024-02-16,2024-04-01,4336553,3700787.75,635765.25,635765.25,404197453107.5625,block_only,in_sample,
24-25,2,1,2024-04-16,2024-06-01,84965531,73054041.5,11911489.5,11911489.5,141883582108610.25,block_only,in_sample,
24-25,2,2,2024-06-16,2024-08-01,112106187,102872482.87500006,9233704.12499994,9233704.12499994,85261291868040.92,block_only,in_sample,
24-25,2,3,2024-08-16,2024-10-01,97964082,97469027.93749999,495054.0625000149,495054.0625000149,245078524797.76865,block_only,in_sample,
24-25,2,4,2024-10-16,2024-12-01,55175227,60569169.74999998,-5393942.749999978,5393942.749999978,29094618390277.32,block_only,in_sample,
24-25,2,5,2024-12-16,2025-02-01,4344693,7580445.499999978,-3235752.4999999776,3235752.4999999776,10470094241256.105,block_only,in_sample,
24-25,2,6,2025-02-16,2025-04-01,2893723,3700787.75,-807064.75,807064.75,651353510692.5625,block_only,in_sample,
25-26,2,1,2025-04-16,2025-06-01,70592036,73054041.5,-2462005.5,2462005.5,6061471082030.25,block_only,in_sample,
25-26,2,2,2025-06-16,2025-08-01,102469629,102872482.87500006,-402853.8750000596,402853.8750000596,162291244602.56366,block_only,in_sample,
25-26,2,3,2025-08-16,2025-10-01,106288776,97469027.93749999,8819748.062500015,8819748.062500015,77787955885972.77,block_only,in_sample,
25-26,2,4,2025-10-16,2025-12-01,57413297,60569169.74999998,-3155872.7499999776,3155872.7499999776,9959532814192.422,block_only,in_sample,
25-26,2,5,2025-12-16,2026-02-01,4382742,7580445.499999978,-3197703.4999999776,3197703.4999999776,10225307673912.107,block_only,in_sample,
25-26,2,6,2026-02-16,2026-04-01,3786585,3700787.75,85797.25,85797.25,7361168107.5625,block_only,in_sample,
10-11,2,1,2010-04-16,2010-06-01,87169803,72112990.73333332,15056812.26666668,15056812.26666668,226707595633644.22,block_only,leave_one_season_out,10-11
10-11,2,2,2010-06-16,2010-08-01,105120051,102722645.0,2397406.0,2397406.0,5747555528836.0,block_only,leave_one_season_out,10-11
10-11,2,3,2010-08-16,2010-10-01,92181609,97821522.53333333,-5639913.533333331,5639913.533333331,31808624663476.46,block_only,leave_one_season_out,10-11
10-11,2,4,2010-10-16,2010-12-01,64439612,60311140.266666666,4128471.7333333343,4128471.7333333343,17044278852932.346,block_only,leave_one_season_out,10-11
10-11,2,5,2010-12-16,2011-02-01,5900761,7692424.466666646,-1791663.4666666463,1791663.4666666463,3210057977787.945,block_only,leave_one_season_out,10-11
10-11,2,6,2011-02-16,2011-04-01,1071433,3876078.066666633,-2804645.066666633,2804645.066666633,7866033949977.481,block_only,leave_one_season_out,10-11
11-12,2,1,2011-04-16,2011-06-01,62907022,73730509.46666665,-10823487.466666654,10823487.466666654,117147880941090.14,block_only,leave_one_season_out,11-12
11-12,2,2,2011-06-16,2011-08-01,101910340,102936625.73333335,-1026285.7333333492,1026285.7333333492,1053262406443.5704,block_only,leave_one_season_out,11-12
11-12,2,3,2011-08-16,2011-10-01,95385836,97607907.4,-2222071.400000006,2222071.400000006,4937601306697.986,block_only,leave_one_season_out,11-12
11-12,2,4,2011-10-16,2011-12-01,42568889,61769188.46666668,-19200299.466666684,19200299.466666684,368651499609680.94,block_only,leave_one_season_out,11-12
11-12,2,5,2011-12-16,2012-02-01,702437,8038979.3999999985,-7336542.3999999985,7336542.3999999985,53824854386997.734,block_only,leave_one_season_out,11-12
11-12,2,6,2012-02-16,2012-04-01,151653,3937396.7333333194,-3785743.7333333194,3785743.7333333194,14331855614472.5,block_only,leave_one_season_out,11-12
12-13,2,1,2012-04-16,2012-06-01,40846050,75201240.93333332,-34355190.93333332,34355190.93333332,1180279144065788.0,block_only,leave_one_season_out,12-13
12-13,2,2,2012-06-16,2012-08-01,87405353,103903624.86666669,-16498271.86666669,16498271.86666669,272192974586445.56,block_only,leave_one_season_out,12-13
12-13,2,3,2012-08-16,2012-10-01,101639344,97191006.86666667,4448337.133333325,4448337.133333325,19787703251792.15,block_only,leave_one_season_out,12-13
12-13,2,4,2012-10-16,2012-12-01,84577770,58968596.40000001,25609173.599999987,25609173.599999987,655829772474936.2,block_only,leave_one_season_out,12-13
12-13,2,5,2012-12-16,2013-02-01,15079671,7080497.133333325,7999173.866666675,7999173.866666675,63986782549163.08,block_only,leave_one_season_out,12-13
12-13,2,6,2013-02-16,2013-04-01,1199523,3867538.7333333045,-2668015.7333333045,2668015.7333333045,7118307953314.051,block_only,leave_one_season_out,12-13
13-14,2,1,2013-04-16,2013-06-01,73509982,73023645.46666665,486336.53333334625,486336.53333334625,236523223654.697,block_only,leave_one_season_out,13-14
13-14,2,2,2013-06-16,2013-08-01,92268119,103579440.46666668,-11311321.466666684,11311321.466666684,127945993322274.53,block_only,leave_one_season_out,13-14
13-14,2,3,2013-08-16,2013-10-01,104586130,96994554.46666667,7591575.533333331,7591575.533333331,57632019078305.26,block_only,leave_one_season_out,13-14
13-14,2,4,2013-10-16,2013-12-01,79562185,59302968.73333335,20259216.26666665,20259216.26666665,410435843739570.6,block_only,leave_one_season_out,13-14
13-14,2,5,2013-12-16,2014-02-01,16007040,7018672.533333324,8988367.466666676,8988367.466666676,80790749715831.92,block_only,leave_one_season_out,13-14
13-14,2,6,2014-02-16,2014-04-01,2961786,3750054.5333333015,-788268.5333333015,788268.5333333015,621367280643.4343,block_only,leave_one_season_out,13-14
14-15,2,1,2014-04-16,2014-06-01,71999100,73124370.93333331,-1125270.9333333075,1125270.9333333075,1266234673404.813,block_only,leave_one_season_out,14-15
14-15,2,2,2014-06-16,2014-08-01,101918850,102936058.4,-1017208.400000006,1017208.400000006,1034712929030.5721,block_only,leave_one_season_out,14-15
14-15,2,3,2014-08-16,2014-10-01,94024778,97698644.60000002,-3673866.600000024,3673866.600000024,13497295794595.734,block_only,leave_one_season_out,14-15
14-15,2,4,2014-10-16,2014-12-01,61687546,60494611.33333332,1192934.666666679,1192934.666666679,1423093118935.1406,block_only,leave_one_season_out,14-15
14-15,2,5,2014-12-16,2015-02-01,5679876,7707150.133333303,-2027274.133333303,2027274.133333303,4109840411682.295,block_only,leave_one_season_out,14-15
14-15,2,6,2015-02-16,2015-04-01,1676877,3835715.1333333105,-2158838.1333333105,2158838.1333333105,4660582085934.053,block_only,leave_one_season_out,14-15
15-16,2,1,2015-04-16,2015-06-01,63333390,73702084.93333334,-10368694.933333337,10368694.933333337,107509834620532.42,block_only,leave_one_season_out,15-16
15-16,2,2,2015-06-16,2015-08-01,98535011,103161647.66666669,-4626636.666666687,4626636.666666687,21405766845344.63,block_only,leave_one_season_out,15-16
15-16,2,3,2015-08-16,2015-10-01,96726711,97518515.73333335,-791804.7333333492,791804.7333333492,626954735729.0963,block_only,leave_one_season_out,15-16
15-16,2,4,2015-10-16,2015-12-01,72475802,59775394.266666666,12700407.733333334,12700407.733333334,161300356592913.16,block_only,leave_one_season_out,15-16
15-16,2,5,2015-12-16,2016-02-01,23276068,6534070.666666657,16741997.333333343,16741997.333333343,280294474709340.78,block_only,leave_one_season_out,15-16
15-16,2,6,2016-02-16,2016-04-01,13975649,3015796.99999997,10959852.00000003,10959852.00000003,120118355861904.66,block_only,leave_one_season_out,15-16
16-17,2,1,2016-04-16,2016-06-01,87700200,72077630.93333331,15622569.066666692,15622569.066666692,244064664242771.0,block_only,leave_one_season_out,16-17
16-17,2,2,2016-06-16,2016-08-01,99532104,103095174.80000001,-3563070.800000012,3563070.800000012,12695473525812.725,block_only,leave_one_season_out,16-17
16-17,2,3,2016-08-16,2016-10-01,98696246,97387213.4,1309032.599999994,1309032.599999994,1713566347862.7444,block_only,leave_one_season_out,16-17
16-17,2,4,2016-10-16,2016-12-01,65539306,60237827.333333336,5301478.666666664,5301478.666666664,28105676053121.75,block_only,leave_one_season_out,16-17
16-17,2,5,2016-12-16,2017-02-01,7545722,7582760.399999976,-37038.39999997616,37038.39999997616,1371843074.558234,block_only,leave_one_season_out,16-17
16-17,2,6,2017-02-16,2017-04-01,6976061,3482436.199999973,3493624.800000027,3493624.800000027,12205414243175.227,block_only,leave_one_season_out,16-17
17-18,2,1,2017-04-16,2017-06-01,67787946,73405114.53333333,-5617168.533333331,5617168.533333331,31552582331870.13,block_only,leave_one_season_out,17-18
17-18,2,2,2017-06-16,2017-08-01,112231058,102248577.86666669,9982480.13333331,9982480.13333331,99649909612394.23,block_only,leave_one_season_out,17-18
17-18,2,3,2017-08-16,2017-10-01,101539226,97197681.40000002,4341544.599999979,4341544.599999979,18849009513788.98,block_only,leave_one_season_out,17-18
17-18,2,4,2017-10-16,2017-12-01,59811323,60619692.86666668,-808369.8666666821,808369.8666666821,653461841334.7094,block_only,leave_one_season_out,17-18
17-18,2,5,2017-12-16,2018-02-01,8307401,7531981.799999997,775419.200000003,775419.200000003,601274935728.6447,block_only,leave_one_season_out,17-18
17-18,2,6,2018-02-16,2018-04-01,7465388,3449814.399999976,4015573.600000024,4015573.600000024,16124831337017.152,block_only,leave_one_season_out,17-18
18-19,2,1,2018-04-16,2018-06-01,83295321,72371289.53333333,10924031.466666669,10924031.466666669,119334463484723.53,block_only,leave_one_season_out,18-19
18-19,2,2,2018-06-16,2018-08-01,107222577,102582476.60000001,4640100.399999991,4640100.399999991,21530531722080.08,block_only,leave_one_season_out,18-19
18-19,2,3,2018-08-16,2018-10-01,83535966,98397898.73333332,-14861932.73333332,14861932.73333332,220877044570124.4,block_only,leave_one_season_out,18-19
18-19,2,4,2018-10-16,2018-12-01,48342907,61384253.933333345,-13041346.933333345,13041346.933333345,170076729835563.03,block_only,leave_one_season_out,18-19
18-19,2,5,2018-12-16,2019-02-01,7028239,7617259.266666651,-589020.2666666508,589020.2666666508,346944874544.05237,block_only,leave_one_season_out,18-19
18-19,2,6,2019-02-16,2019-04-01,3913159,3686629.666666642,226529.33333335817,226529.33333335817,51315538860.455696,block_only,leave_one_season_out,18-19
19-20,2,1,2019-04-16,2019-06-01,75567291,72886491.53333333,2680799.4666666687,2680799.4666666687,7186685780480.295,block_only,leave_one_season_out,19-20
19-20,2,2,2019-06-16,2019-08-01,104990542,102731278.93333337,2259263.066666633,2259263.066666633,5104269604403.919,block_only,leave_one_season_out,19-20
19-20,2,3,2019-08-16,2019-10-01,96878905,97508369.46666668,-629464.4666666836,629464.4666666836,396225514795.97235,block_only,leave_one_season_out,19-20
19-20,2,4,2019-10-16,2019-12-01,59960982,60609715.60000001,-648733.6000000089,648733.6000000089,420855283768.9716,block_only,leave_one_season_out,19-20
19-20,2,5,2019-12-16,2020-02-01,1281100,8000401.86666666,-6719301.86666666,6719301.86666666,45149017575390.055,block_only,leave_one_season_out,19-20
19-20,2,6,2020-02-16,2020-04-01,4634695,3638527.266666651,996167.7333333492,996167.7333333492,992350152934.5028,block_only,leave_one_season_out,19-20
20-21,2,1,2020-04-16,2020-06-01,90611341,71883554.86666667,18727786.133333325,18727786.133333325,350729973455872.0,block_only,leave_one_season_out,20-21
20-21,2,2,2020-06-16,2020-08-01,107913209,102536434.4666667,5376774.533333302,5376774.533333302,28909704382301.543,block_only,leave_one_season_out,20-21
20-21,2,3,2020-08-16,2020-10-01,102535263,97131278.93333335,5403984.066666648,5403984.066666648,29203043792787.0,block_only,leave_one_season_out,20-21
20-21,2,4,2020-10-16,2020-12-01,53124968,61065449.86666668,-7940481.866666682,7940481.866666682,63051252274862.4,block_only,leave_one_season_out,20-21
20-21,2,5,2020-12-16,2021-02-01,627284,8043989.599999994,-7416705.599999994,7416705.599999994,55007521957071.27,block_only,leave_one_season_out,20-21
20-21,2,6,2021-02-16,2021-04-01,1695450,3834476.9333332926,-2139026.9333332926,2139026.9333332926,4575436221525.23,block_only,leave_one_season_out,20-21
21-22,2,1,2021-04-16,2021-06-01,74523757,72956060.46666665,1567696.5333333462,1567696.5333333462,2457672420625.3916,block_only,leave_one_season_out,21-22
21-22,2,2,2021-06-16,2021-08-01,102719675,102882670.06666669,-162995.0666666925,162995.0666666925,26567391757.67953,block_only,leave_one_season_out,21-22
21-22,2,3,2021-08-16,2021-10-01,94802488,97646797.26666667,-2844309.2666666657,2844309.2666666657,8090095204445.865,block_only,leave_one_season_out,21-22
21-22,2,4,2021-10-16,2021-12-01,26382949,62848251.13333334,-36465302.13333334,36465302.13333334,1329718259675285.0,block_only,leave_one_season_out,21-22
21-22,2,5,2021-12-16,2022-02-01,190682,8073096.399999991,-7882414.399999991,7882414.399999991,62132456773327.22,block_only,leave_one_season_out,21-22
21-22,2,6,2022-02-16,2022-04-01,68753,3942923.399999976,-3874170.399999976,3874170.399999976,15009196288235.975,block_only,leave_one_season_out,21-22
22-23,2,1,2022-04-16,2022-06-01,59940628,73928269.06666665,-13987641.066666648,13987641.066666648,195654102609899.28,block_only,leave_one_season_out,22-23
22-23,2,2,2022-06-16,2022-08-01,102938528,102868079.8666667,70448.13333329558,70448.13333329558,4962939490.145792,block_only,leave_one_season_out,22-23
22-23,2,3,2022-08-16,2022-10-01,84782260,98314812.46666668,-13532552.466666684,13532552.466666684,183129976263086.53,block_only,leave_one_season_out,22-23
22-23,2,4,2022-10-16,2022-12-01,61417168,60512636.53333334,904531.4666666612,904531.4666666612,818177174190.1412,block_only,leave_one_season_out,22-23
22-23,2,5,2022-12-16,2023-02-01,3024763,7884157.666666657,-4859394.666666657,4859394.666666657,23613716526428.348,block_only,leave_one_season_out,22-23
22-23,2,6,2023-02-16,2023-04-01,2405316,3787152.5333332866,-1381836.5333332866,1381836.5333332866,1909472204854.5554,block_only,leave_one_season_out,22-23
23-24,2,1,2023-04-16,2023-06-01,74115266,72983293.19999999,1131972.800000012,1131972.800000012,1281362419939.867,block_only,leave_one_season_out,23-24
23-24,2,2,2023-06-16,2023-08-01,106678493,102618748.86666669,4059744.1333333105,4059744.1333333105,16481522428134.232,block_only,leave_one_season_out,23-24
23-24,2,3,2023-08-16,2023-10-01,107936827,96771174.66666669,11165652.333333313,11165652.333333313,124671792028871.67,block_only,leave_one_season_out,23-24
23-24,2,4,2023-10-16,2023-12-01,76626785,59498662.066666685,17128122.933333315,17128122.933333315,293372595219378.6,block_only,leave_one_season_out,23-24
23-24,2,5,2023-12-16,2024-02-01,17908649,6891898.599999994,11016750.400000006,11016750.400000006,121368789375900.3,block_only,leave_one_season_out,23-24
23-24,2,6,2024-02-16,2024-04-01,4336553,3658403.399999991,678149.6000000089,678149.6000000089,459886879980.1721,block_only,leave_one_season_out,23-24
24-25,2,1,2024-04-16,2024-06-01,84965531,72259942.2,12705588.799999997,12705588.799999997,161431986754685.38,block_only,leave_one_season_out,24-25
24-25,2,2,2024-06-16,2024-08-01,112106187,102256902.60000002,9849284.399999976,9849284.399999976,97008403192082.89,block_only,leave_one_season_out,24-25
24-25,2,3,2024-08-16,2024-10-01,97964082,97436024.33333334,528057.6666666567,528057.6666666567,278844899325.43396,block_only,leave_one_season_out,24-25
24-25,2,4,2024-10-16,2024-12-01,55175227,60928765.93333335,-5753538.933333352,5753538.933333352,33103210257382.688,block_only,leave_one_season_out,24-25
24-25,2,5,2024-12-16,2025-02-01,4344693,7796162.333333321,-3451469.333333321,3451469.333333321,11912640558940.36,block_only,leave_one_season_out,24-25
24-25,2,6,2025-02-16,2025-04-01,2893723,3754592.066666648,-860869.0666666478,860869.0666666478,741095549943.5052,block_only,leave_one_season_out,24-25
25-26,2,1,2025-04-16,2025-06-01,70592036,73218175.2,-2626139.200000003,2626139.200000003,6896607097776.655,block_only,leave_one_season_out,25-26
25-26,2,2,2025-06-16,2025-08-01,102469629,102899339.80000001,-429710.8000000119,429710.8000000119,184651371636.65024,block_only,leave_one_season_out,25-26
25-26,2,3,2025-08-16,2025-10-01,106288776,96881044.73333332,9407731.26666668,9407731.26666668,88505407585817.86,block_only,leave_one_season_out,25-26
25-26,2,4,2025-10-16,2025-12-01,57413297,60779561.26666668,-3366264.2666666806,3366264.2666666806,11331735113036.965,block_only,leave_one_season_out,25-26
25-26,2,5,2025-12-16,2026-02-01,4382742,7793625.733333327,-3410883.733333327,3410883.733333327,11634127842317.895,block_only,leave_one_season_out,25-26
25-26,2,6,2026-02-16,2026-04-01,3786585,3695067.9333333075,91517.0666666925,91517.0666666925,8375373491.275839,block_only,leave_one_season_out,25-26
10-11,2,1,2010-04-16,2010-06-01,87169803,75476381.36914891,11693421.63085109,11693421.63085109,136736109436856.17,weather_block,in_sample,
10-11,2,2,2010-06-16,2010-08-01,105120051,105294822.74414882,-174771.74414882064,174771.74414882064,30545162552.82082,weather_block,in_sample,
10-11,2,3,2010-08-16,2010-10-01,92181609,99891367.80664891,-7709758.80664891,7709758.80664891,59440380856700.42,weather_block,in_sample,
10-11,2,4,2010-10-16,2010-12-01,64439612,62991509.619148865,1448102.3808511347,1448102.3808511347,2097000505426.7246,weather_block,in_sample,
10-11,2,5,2010-12-16,2011-02-01,5900761,10002785.369148873,-4102024.369148873,4102024.369148873,16826603925091.207,weather_block,in_sample,
10-11,2,6,2011-02-16,2011-04-01,1071433,6123127.619148873,-5051694.619148873,5051694.619148873,25519618525137.676,weather_block,in_sample,
11-12,2,1,2011-04-16,2011-06-01,62907022,74451777.64267689,-11544755.64267689,11544755.64267689,133281382849119.89,weather_block,in_sample,
11-12,2,2,2011-06-16,2011-08-01,101910340,104270219.01767683,-2359879.0176768303,2359879.0176768303,5569028978071.361,weather_block,in_sample,
11-12,2,3,2011-08-16,2011-10-01,95385836,98866764.08017689,-3480928.08017689,3480928.08017689,12116860299363.969,weather_block,in_sample,
11-12,2,4,2011-10-16,2011-12-01,42568889,61966905.89267686,-19398016.89267686,19398016.89267686,376283059368576.8,weather_block,in_sample,
11-12,2,5,2011-12-16,2012-02-01,702437,8978181.642676868,-8275744.642676868,8275744.642676868,68487949390794.875,weather_block,in_sample,
11-12,2,6,2012-02-16,2012-04-01,151653,5098523.89267686,-4946870.89267686,4946870.89267686,24471531628813.555,weather_block,in_sample,
12-13,2,1,2012-04-16,2012-06-01,40846050,72040666.19246201,-31194616.192462012,31194616.192462012,973104079395013.1,weather_block,in_sample,
12-13,2,2,2012-06-16,2012-08-01,87405353,101859107.56746194,-14453754.567461938,14453754.567461938,208911021096426.8,weather_block,in_sample,
12-13,2,3,2012-08-16,2012-10-01,101639344,96455652.62996201,5183691.370037988,5183691.370037988,26870656219806.312,weather_block,in_sample,
12-13,2,4,2012-10-16,2012-12-01,84577770,59555794.44246197,25021975.557538033,25021975.557538033,626099260802030.8,weather_block,in_sample,
12-13,2,5,2012-12-16,2013-02-01,15079671,6567070.192461982,8512600.807538018,8512600.807538018,72464372508496.9,weather_block,in_sample,
12-13,2,6,2013-02-16,2013-04-01,1199523,2687412.4424619824,-1487889.4424619824,1487889.4424619824,2213814992989.8286,weather_block,in_sample,
13-14,2,1,2013-04-16,2013-06-01,73509982,73298023.38902313,211958.61097687483,211958.61097687483,44926452767.24616,weather_block,in_sample,
13-14,2,2,2013-06-16,2013-08-01,92268119,103116464.76402305,-10848345.76402305,10848345.76402305,117686605815796.86,weather_block,in_sample,
13-14,2,3,2013-08-16,2013-10-01,104586130,97713009.82652313,6873120.173476875,6873120.173476875,47239780919054.79,weather_block,in_sample,
13-14,2,4,2013-10-16,2013-12-01,79562185,60813151.63902309,18749033.360976912,18749033.360976912,351526251971025.2,weather_block,in_sample,
13-14,2,5,2013-12-16,2014-02-01,16007040,7824427.389023095,8182612.610976905,8182612.610976905,66955149141318.27,weather_block,in_sample,
13-14,2,6,2014-02-16,2014-04-01,2961786,3944769.6390230954,-982983.6390230954,982983.6390230954,966256834587.087,weather_block,in_sample,
14-15,2,1,2014-04-16,2014-06-01,71999100,71526180.01324262,472919.98675738275,472919.98675738275,223653313874.6031,weather_block,in_sample,
14-15,2,2,2014-06-16,2014-08-01,101918850,101344621.38824254,574228.6117574573,574228.6117574573,329738498560.8966,weather_block,in_sample,
14-15,2,3,2014-08-16,2014-10-01,94024778,95941166.45074262,-1916388.4507426172,1916388.4507426172,3672544694139.689,weather_block,in_sample,
14-15,2,4,2014-10-16,2014-12-01,61687546,59041308.26324257,2646237.7367574275,2646237.7367574275,7002574159439.072,weather_block,in_sample,
14-15,2,5,2014-12-16,2015-02-01,5679876,6052584.01324258,-372708.01324258,372708.01324258,138911263135.2312,weather_block,in_sample,
14-15,2,6,2015-02-16,2015-04-01,1676877,2172926.2632425874,-496049.26324258745,496049.26324258745,246064871563.51382,weather_block,in_sample,
15-16,2,1,2015-04-16,2015-06-01,63333390,72717083.11000536,-9383693.110005364,9383693.110005364,88053696382762.14,weather_block,in_sample,
15-16,2,2,2015-06-16,2015-08-01,98535011,102535524.48500529,-4000513.4850052893,4000513.4850052893,16004108143709.166,weather_block,in_sample,
15-16,2,3,2015-08-16,2015-10-01,96726711,97132069.54750536,-405358.5475053638,405358.5475053638,164315552035.6583,weather_block,in_sample,
15-16,2,4,2015-10-16,2015-12-01,72475802,60232211.36000533,12243590.639994673,12243590.639994673,149905511759765.2,weather_block,in_sample,
15-16,2,5,2015-12-16,2016-02-01,23276068,7243487.110005334,16032580.889994666,16032580.889994666,257043649994222.16,weather_block,in_sample,
15-16,2,6,2016-02-16,2016-04-01,13975649,3363829.360005334,10611819.639994666,10611819.639994666,112610716071776.52,weather_block,in_sample,
16-17,2,1,2016-04-16,2016-06-01,87700200,75461815.67305951,12238384.326940492,12238384.326940492,149778050933902.7,weather_block,in_sample,
16-17,2,2,2016-06-16,2016-08-01,99532104,105280257.04805943,-5748153.048059434,5748153.048059434,33041263463914.957,weather_block,in_sample,
16-17,2,3,2016-08-16,2016-10-01,98696246,99876802.1105595,-1180556.1105594933,1180556.1105594933,1393712730179.3586,weather_block,in_sample,
16-17,2,4,2016-10-16,2016-12-01,65539306,62976943.92305946,2562362.0769405365,2562362.0769405365,6565699413343.02,weather_block,in_sample,
16-17,2,5,2016-12-16,2017-02-01,7545722,9988219.673059471,-2442497.673059471,2442497.673059471,5965794882900.931,weather_block,in_sample,
16-17,2,6,2017-02-16,2017-04-01,6976061,6108561.923059471,867499.076940529,867499.076940529,752554648492.6699,weather_block,in_sample,
17-18,2,1,2017-04-16,2017-06-01,67787946,72527891.98900504,-4739945.989005044,4739945.989005044,22467087978685.004,weather_block,in_sample,
17-18,2,2,2017-06-16,2017-08-01,112231058,102346333.36400497,9884724.63599503,9884724.63599503,97707781129447.1,weather_block,in_sample,
17-18,2,3,2017-08-16,2017-10-01,101539226,96942878.42650504,4596347.573494956,4596347.573494956,21126411016372.97,weather_block,in_sample,
17-18,2,4,2017-10-16,2017-12-01,59811323,60043020.239005,-231697.2390049994,231697.2390049994,53683610562.53982,weather_block,in_sample,
17-18,2,5,2017-12-16,2018-02-01,8307401,7054295.989005014,1253105.0109949857,1253105.0109949857,1570272168580.7432,weather_block,in_sample,
17-18,2,6,2018-02-16,2018-04-01,7465388,3174638.2390050143,4290749.760994986,4290749.760994986,18410533511478.527,weather_block,in_sample,
18-19,2,1,2018-04-16,2018-06-01,83295321,73140899.68289323,10154421.317106768,10154421.317106768,103112272285312.36,weather_block,in_sample,
18-19,2,2,2018-06-16,2018-08-01,107222577,102959341.05789316,4263235.942106843,4263235.942106843,18175180698071.62,weather_block,in_sample,
18-19,2,3,2018-08-16,2018-10-01,83535966,97555886.12039323,-14019920.120393232,14019920.120393232,196558160182206.97,weather_block,in_sample,
18-19,2,4,2018-10-16,2018-12-01,48342907,60656027.932893194,-12313120.932893194,12313120.932893194,151612947108052.56,weather_block,in_sample,
18-19,2,5,2018-12-16,2019-02-01,7028239,7667303.682893209,-639064.6828932092,639064.6828932092,408403668921.39795,weather_block,in_sample,
18-19,2,6,2019-02-16,2019-04-01,3913159,3787645.9328932017,125513.06710679829,125513.06710679829,15753530014.55565,weather_block,in_sample,
19-20,2,1,2019-04-16,2019-06-01,75567291,73611781.78100628,1955509.2189937234,1955509.2189937234,3824016305569.442,weather_block,in_sample,
19-20,2,2,2019-06-16,2019-08-01,104990542,103430223.15600619,1560318.8439938128,1560318.8439938128,2434594894922.1885,weather_block,in_sample,
19-20,2,3,2019-08-16,2019-10-01,96878905,98026768.21850628,-1147863.2185062766,1147863.2185062766,1317589968399.5881,weather_block,in_sample,
19-20,2,4,2019-10-16,2019-12-01,59960982,61126910.03100623,-1165928.031006232,1165928.031006232,1359388173486.0688,weather_block,in_sample,
19-20,2,5,2019-12-16,2020-02-01,1281100,8138185.781006239,-6857085.781006239,6857085.781006239,47019625408077.945,weather_block,in_sample,
19-20,2,6,2020-02-16,2020-04-01,4634695,4258528.031006247,376166.9689937532,376166.9689937532,141501588561.94727,weather_block,in_sample,
20-21,2,1,2020-04-16,2020-06-01,90611341,72655394.72750296,17955946.272497043,17955946.272497043,322416006540800.44,weather_block,in_sample,
20-21,2,2,2020-06-16,2020-08-01,107913209,102473836.10250288,5439372.8974971175,5439372.8974971175,29586777518026.188,weather_block,in_sample,
20-21,2,3,2020-08-16,2020-10-01,102535263,97070381.16500296,5464881.834997043,5464881.834997043,29864933470480.65,weather_block,in_sample,
20-21,2,4,2020-10-16,2020-12-01,53124968,60170522.97750291,-7045554.977502912,7045554.977502912,49639844941016.06,weather_block,in_sample,
20-21,2,5,2020-12-16,2021-02-01,627284,7181798.72750292,-6554514.72750292,6554514.72750292,42961663313052.67,weather_block,in_sample,
20-21,2,6,2021-02-16,2021-04-01,1695450,3302140.977502927,-1606690.9775029272,1606690.9775029272,2581455897189.3115,weather_block,in_sample,
21-22,2,1,2021-04-16,2021-06-01,74523757,70973950.16400445,3549806.835995555,3549806.835995555,12601128572880.773,weather_block,in_sample,
21-22,2,2,2021-06-16,2021-08-01,102719675,100792391.53900437,1927283.4609956294,1927283.4609956294,3714421539027.292,weather_block,in_sample,
21-22,2,3,2021-08-16,2021-10-01,94802488,95388936.60150445,-586448.6015044451,586448.6015044451,343921962206.5194,weather_block,in_sample,
21-22,2,4,2021-10-16,2021-12-01,26382949,58489078.4140044,-32106129.4140044,32106129.4140044,1030803545948798.5,weather_block,in_sample,
21-22,2,5,2021-12-16,2022-02-01,190682,5500354.164004415,-5309672.164004415,5309672.164004415,28192618489203.332,weather_block,in_sample,
21-22,2,6,2022-02-16,2022-04-01,68753,1620696.4140044153,-1551943.4140044153,1551943.4140044153,2408528360271.6797,weather_block,in_sample,
22-23,2,1,2022-04-16,2022-06-01,59940628,72854942.55651657,-12914314.556516573,12914314.556516573,166779520464655.84,weather_block,in_sample,
22-23,2,2,2022-06-16,2022-08-01,102938528,102673383.9315165,265144.0684835017,265144.0684835017,70301377051.98383,weather_block,in_sample,
22-23,2,3,2022-08-16,2022-10-01,84782260,97269928.99401657,-12487668.994016573,12487668.994016573,155941876904122.88,weather_block,in_sample,
22-23,2,4,2022-10-16,2022-12-01,61417168,60370070.806516536,1047097.1934834644,1047097.1934834644,1096412532600.9478,weather_block,in_sample,
22-23,2,5,2022-12-16,2023-02-01,3024763,7381346.5565165505,-4356583.5565165505,4356583.5565165505,18979820284910.395,weather_block,in_sample,
22-23,2,6,2023-02-16,2023-04-01,2405316,3501688.806516543,-1096372.806516543,1096372.806516543,1202033330868.9612,weather_block,in_sample,
23-24,2,1,2023-04-16,2023-06-01,74115266,73341750.25356787,773515.7464321256,773515.7464321256,598326609978.4484,weather_block,in_sample,
23-24,2,2,2023-06-16,2023-08-01,106678493,103160191.62856779,3518301.371432215,3518301.371432215,12378444540221.805,weather_block,in_sample,
23-24,2,3,2023-08-16,2023-10-01,107936827,97756736.69106787,10180090.308932126,10180090.308932126,103634238698013.78,weather_block,in_sample,
23-24,2,4,2023-10-16,2023-12-01,76626785,60856878.50356783,15769906.49643217,15769906.49643217,248689950906213.56,weather_block,in_sample,
23-24,2,5,2023-12-16,2024-02-01,17908649,7868154.253567837,10040494.746432163,10040494.746432163,100811534753131.86,weather_block,in_sample,
23-24,2,6,2024-02-16,2024-04-01,4336553,3988496.5035678446,348056.49643215537,348056.49643215537,121143324708.62698,weather_block,in_sample,
24-25,2,1,2024-04-16,2024-06-01,84965531,72604262.2059537,12361268.794046298,12361268.794046298,152800966198662.8,weather_block,in_sample,
24-25,2,2,2024-06-16,2024-08-01,112106187,102422703.58095363,9683483.419046372,9683483.419046372,93769851126946.02,weather_block,in_sample,
24-25,2,3,2024-08-16,2024-10-01,97964082,97019248.64345372,944833.3565462828,944833.3565462828,892710071642.5151,weather_block,in_sample,
24-25,2,4,2024-10-16,2024-12-01,55175227,60119390.455953665,-4944163.455953665,4944163.455953665,24444752279187.688,weather_block,in_sample,
24-25,2,5,2024-12-16,2025-02-01,4344693,7130666.20595368,-2785973.20595368,2785973.20595368,7761646704291.826,weather_block,in_sample,
24-25,2,6,2025-02-16,2025-04-01,2893723,3251008.4559536725,-357285.4559536725,357285.4559536725,127652897036.02367,weather_block,in_sample,
25-26,2,1,2025-04-16,2025-06-01,70592036,72181863.24993196,-1589827.2499319613,1589827.2499319613,2527550684626.223,weather_block,in_sample,
25-26,2,2,2025-06-16,2025-08-01,102469629,102000304.62493189,469324.3750681132,469324.3750681132,220265369033.075,weather_block,in_sample,
25-26,2,3,2025-08-16,2025-10-01,106288776,96596849.68743196,9691926.312568039,9691926.312568039,93933435648248.7,weather_block,in_sample,
25-26,2,4,2025-10-16,2025-12-01,57413297,59696991.49993192,-2283694.4999319166,2283694.4999319166,5215260569019.286,weather_block,in_sample,
25-26,2,5,2025-12-16,2026-02-01,4382742,6708267.2499319315,-2325525.2499319315,2325525.2499319315,5408067688070.973,weather_block,in_sample,
25-26,2,6,2026-02-16,2026-04-01,3786585,2828609.4999319315,957975.5000680685,957975.5000680685,917717058730.6659,weather_block,in_sample,
10-11,2,1,2010-04-16,2010-06-01,87169803,74953210.71969175,12216592.280308247,12216592.280308247,149245126943287.03,weather_block,leave_one_season_out,10-11
10-11,2,2,2010-06-16,2010-08-01,105120051,105562864.98635855,-442813.9863585532,442813.9863585532,196084226514.7529,weather_block,leave_one_season_out,10-11
10-11,2,3,2010-08-16,2010-10-01,92181609,100661742.51969187,-8480133.51969187,8480133.51969187,71912664511801.61,weather_block,leave_one_season_out,10-11
10-11,2,4,2010-10-16,2010-12-01,64439612,63151360.253025234,1288251.7469747663,1288251.7469747663,1659592563583.537,weather_block,leave_one_season_out,10-11
10-11,2,5,2010-12-16,2011-02-01,5900761,10532644.453025222,-4631883.453025222,4631883.453025222,21454344322408.85,weather_block,leave_one_season_out,10-11
10-11,2,6,2011-02-16,2011-04-01,1071433,6716298.053025201,-5644865.053025201,5644865.053025201,31864501466865.203,weather_block,leave_one_season_out,10-11
11-12,2,1,2011-04-16,2011-06-01,62907022,76315775.63554594,-13408753.63554594,13408753.63554594,179794674058766.44,weather_block,leave_one_season_out,11-12
11-12,2,2,2011-06-16,2011-08-01,101910340,105521891.90221259,-3611551.90221259,3611551.90221259,13043307142375.377,weather_block,leave_one_season_out,11-12
11-12,2,3,2011-08-16,2011-10-01,95385836,100193173.56887925,-4807337.568879247,4807337.568879247,23110494501157.824,weather_block,leave_one_season_out,11-12
11-12,2,4,2011-10-16,2011-12-01,42568889,64354454.63554592,-21785565.635545917,21785565.635545917,474610870060679.2,weather_block,leave_one_season_out,11-12
11-12,2,5,2011-12-16,2012-02-01,702437,10624245.568879187,-9921808.568879187,9921808.568879187,98442285277484.47,weather_block,leave_one_season_out,11-12
11-12,2,6,2012-02-16,2012-04-01,151653,6522662.902212635,-6371009.902212635,6371009.902212635,40589767174091.445,weather_block,leave_one_season_out,11-12
12-13,2,1,2012-04-16,2012-06-01,40846050,74366813.13607576,-33520763.136075765,33520763.136075765,1123641561224896.0,weather_block,leave_one_season_out,12-13
12-13,2,2,2012-06-16,2012-08-01,87405353,103069197.06940906,-15663844.069409057,15663844.069409057,245356011030761.3,weather_block,leave_one_season_out,12-13
12-13,2,3,2012-08-16,2012-10-01,101639344,96356579.06940903,5282764.930590972,5282764.930590972,27907605311881.84,weather_block,leave_one_season_out,12-13
12-13,2,4,2012-10-16,2012-12-01,84577770,58134168.60274238,26443601.39725762,26443601.39725762,699264054857045.1,weather_block,leave_one_season_out,12-13
12-13,2,5,2012-12-16,2013-02-01,15079671,6246069.336075693,8833601.663924307,8833601.663924307,78032518356886.28,weather_block,leave_one_season_out,12-13
12-13,2,6,2013-02-16,2013-04-01,1199523,3033110.9360757023,-1833587.9360757023,1833587.9360757023,3362044719322.354,weather_block,leave_one_season_out,12-13
13-14,2,1,2013-04-16,2013-06-01,73509982,73236126.29419811,273855.7058018893,273855.7058018893,74996947600.25095,weather_block,leave_one_season_out,13-14
13-14,2,2,2013-06-16,2013-08-01,92268119,103791921.29419804,-11523802.294198036,11523802.294198036,132798019315763.92,weather_block,leave_one_season_out,13-14
13-14,2,3,2013-08-16,2013-10-01,104586130,97207035.29419808,7379094.705801919,7379094.705801919,54451038677193.914,weather_block,leave_one_season_out,13-14
13-14,2,4,2013-10-16,2013-12-01,79562185,59515449.56086473,20046735.43913527,20046735.43913527,401871601766681.9,weather_block,leave_one_season_out,13-14
13-14,2,5,2013-12-16,2014-02-01,16007040,7231153.360864729,8775886.639135271,8775886.639135271,77016186302952.97,weather_block,leave_one_season_out,13-14
13-14,2,6,2014-02-16,2014-04-01,2961786,3962535.360864714,-1000749.3608647138,1000749.3608647138,1001499283271.1332,weather_block,leave_one_season_out,13-14
14-15,2,1,2014-04-16,2014-06-01,71999100,71471796.527044,527303.4729560018,527303.4729560018,278048952591.4609,weather_block,leave_one_season_out,14-15
14-15,2,2,2014-06-16,2014-08-01,101918850,101283483.99371064,635366.0062893629,635366.0062893629,403689961948.0947,weather_block,leave_one_season_out,14-15
14-15,2,3,2014-08-16,2014-10-01,94024778,96046070.19371067,-2021292.1937106699,2021292.1937106699,4085622132355.6924,weather_block,leave_one_season_out,14-15
14-15,2,4,2014-10-16,2014-12-01,61687546,58842036.92704399,2845509.0729560107,2845509.0729560107,8096921884274.976,weather_block,leave_one_season_out,14-15
14-15,2,5,2014-12-16,2015-02-01,5679876,6054575.727043927,-374699.7270439267,374699.7270439267,140399885446.79318,weather_block,leave_one_season_out,14-15
14-15,2,6,2015-02-16,2015-04-01,1676877,2183140.7270439863,-506263.7270439863,506263.7270439863,256302961320.4679,weather_block,leave_one_season_out,14-15
15-16,2,1,2015-04-16,2015-06-01,63333390,73312674.06051466,-9979284.060514659,9979284.060514659,99586110360441.94,weather_block,leave_one_season_out,15-16
15-16,2,2,2015-06-16,2015-08-01,98535011,102772236.79384807,-4237225.7938480675,4237225.7938480675,17954082428051.387,weather_block,leave_one_season_out,15-16
15-16,2,3,2015-08-16,2015-10-01,96726711,97129104.8605147,-402393.8605147004,402393.8605147004,161920818979.92416,weather_block,leave_one_season_out,15-16
15-16,2,4,2015-10-16,2015-12-01,72475802,59385983.39384805,13089818.606151953,13089818.606151953,171343351141961.88,weather_block,leave_one_season_out,15-16
15-16,2,5,2015-12-16,2016-02-01,23276068,6144659.793848082,17131408.206151918,17131408.206151918,293485147125809.25,weather_block,leave_one_season_out,15-16
15-16,2,6,2016-02-16,2016-04-01,13975649,2626386.127181351,11349262.872818649,11349262.872818649,128805767756339.81,weather_block,leave_one_season_out,15-16
16-17,2,1,2016-04-16,2016-06-01,87700200,74114887.56277853,13585312.437221467,13585312.437221467,184560714016924.28,weather_block,leave_one_season_out,16-17
16-17,2,2,2016-06-16,2016-08-01,99532104,105132431.4294454,-5600327.429445401,5600327.429445401,31363667316998.53,weather_block,leave_one_season_out,16-17
16-17,2,3,2016-08-16,2016-10-01,98696246,99424470.02944542,-728224.0294454247,728224.0294454247,530310237061.7308,weather_block,leave_one_season_out,16-17
16-17,2,4,2016-10-16,2016-12-01,65539306,62275083.96277875,3264222.037221253,3264222.037221253,10655145508280.867,weather_block,leave_one_season_out,16-17
16-17,2,5,2016-12-16,2017-02-01,7545722,9620017.029445432,-2074295.0294454321,2074295.0294454321,4302699869182.0264,weather_block,leave_one_season_out,16-17
16-17,2,6,2017-02-16,2017-04-01,6976061,5519692.829445399,1456368.1705546007,1456368.1705546007,2121008248204.5544,weather_block,leave_one_season_out,16-17
17-18,2,1,2017-04-16,2017-06-01,67787946,72485902.87009847,-4697956.870098472,4697956.870098472,22070798753305.43,weather_block,leave_one_season_out,17-18
17-18,2,2,2017-06-16,2017-08-01,112231058,101329366.20343176,10901691.796568245,10901691.796568245,118846884027363.36,weather_block,leave_one_season_out,17-18
17-18,2,3,2017-08-16,2017-10-01,101539226,96278469.7367651,5260756.263234898,5260756.263234898,27675556461165.21,weather_block,leave_one_season_out,17-18
17-18,2,4,2017-10-16,2017-12-01,59811323,59700481.203431755,110841.7965682447,110841.7965682447,12285903866.476141,weather_block,leave_one_season_out,17-18
17-18,2,5,2017-12-16,2018-02-01,8307401,6612770.1367651075,1694630.8632348925,1694630.8632348925,2871773762628.237,weather_block,leave_one_season_out,17-18
17-18,2,6,2018-02-16,2018-04-01,7465388,2530602.7367651314,4934785.263234869,4934785.263234869,24352105594240.03,weather_block,leave_one_season_out,17-18
18-19,2,1,2018-04-16,2018-06-01,83295321,72488492.4165679,10806828.583432093,10806828.583432093,116787544031684.9,weather_block,leave_one_season_out,18-19
18-19,2,2,2018-06-16,2018-08-01,107222577,102699679.48323454,4522897.51676546,4522897.51676546,20456601947163.168,weather_block,leave_one_season_out,18-19
18-19,2,3,2018-08-16,2018-10-01,83535966,98515101.61656791,-14979135.61656791,14979135.61656791,224374503819533.28,weather_block,leave_one_season_out,18-19
18-19,2,4,2018-10-16,2018-12-01,48342907,61501456.816567905,-13158549.816567905,13158549.816567905,173147433275099.25,weather_block,leave_one_season_out,18-19
18-19,2,5,2018-12-16,2019-02-01,7028239,7734462.149901241,-706223.1499012411,706223.1499012411,498751137456.4308,weather_block,leave_one_season_out,18-19
18-19,2,6,2019-02-16,2019-04-01,3913159,3803832.549901247,109326.45009875298,109326.45009875298,11952272691.195124,weather_block,leave_one_season_out,18-19
19-20,2,1,2019-04-16,2019-06-01,75567291,73497545.05420604,2069745.9457939565,2069745.9457939565,4283848280130.5195,weather_block,leave_one_season_out,19-20
19-20,2,2,2019-06-16,2019-08-01,104990542,103342332.45420603,1648209.5457939655,1648209.5457939655,2716594706846.35,weather_block,leave_one_season_out,19-20
19-20,2,3,2019-08-16,2019-10-01,96878905,98119422.98753937,-1240517.987539366,1240517.987539366,1538884877408.7183,weather_block,leave_one_season_out,19-20
19-20,2,4,2019-10-16,2019-12-01,59960982,61220769.120872706,-1259787.1208727062,1259787.1208727062,1587063589916.7424,weather_block,leave_one_season_out,19-20
19-20,2,5,2019-12-16,2020-02-01,1281100,8611455.387539394,-7330355.387539394,7330355.387539394,53734110107627.82,weather_block,leave_one_season_out,19-20
19-20,2,6,2020-02-16,2020-04-01,4634695,4249580.787539363,385114.2124606371,385114.2124606371,148312956639.17673,weather_block,leave_one_season_out,19-20
20-21,2,1,2020-04-16,2020-06-01,90611341,71438116.3259335,19173224.6740665,19173224.6740665,367612544402232.4,weather_block,leave_one_season_out,20-21
20-21,2,2,2020-06-16,2020-08-01,107913209,102090995.92593327,5822213.074066728,5822213.074066728,33898165079833.543,weather_block,leave_one_season_out,20-21
20-21,2,3,2020-08-16,2020-10-01,102535263,96685840.39259991,5849422.6074000895,5849422.6074000895,34215744839963.26,weather_block,leave_one_season_out,20-21
20-21,2,4,2020-10-16,2020-12-01,53124968,60620011.3259332,-7495043.325933203,7495043.325933203,56175674457615.85,weather_block,leave_one_season_out,20-21
20-21,2,5,2020-12-16,2021-02-01,627284,7598551.059266597,-6971267.059266597,6971267.059266597,48598564411615.55,weather_block,leave_one_season_out,20-21
20-21,2,6,2021-02-16,2021-04-01,1695450,3389038.3925998956,-1693588.3925998956,1693588.3925998956,2868241643549.098,weather_block,leave_one_season_out,20-21
21-22,2,1,2021-04-16,2021-06-01,74523757,72367109.9046824,2156647.095317602,2156647.095317602,4651126693741.851,weather_block,leave_one_season_out,21-22
21-22,2,2,2021-06-16,2021-08-01,102719675,102293719.50468233,425955.4953176677,425955.4953176677,181438083991.31964,weather_block,leave_one_season_out,21-22
21-22,2,3,2021-08-16,2021-10-01,94802488,97057846.70468234,-2255358.7046823353,2255358.7046823353,5086642886786.381,weather_block,leave_one_season_out,21-22
21-22,2,4,2021-10-16,2021-12-01,26382949,62259300.571348965,-35876351.571348965,35876351.571348965,1287112602071033.2,weather_block,leave_one_season_out,21-22
21-22,2,5,2021-12-16,2022-02-01,190682,7484145.838015668,-7293463.838015668,7293463.838015668,53194614756442.24,weather_block,leave_one_season_out,21-22
21-22,2,6,2022-02-16,2022-04-01,68753,3353972.8380156755,-3285219.8380156755,3285219.8380156755,10792669384091.742,weather_block,leave_one_season_out,21-22
22-23,2,1,2022-04-16,2022-06-01,59940628,73725741.95633517,-13785113.956335172,13785113.956335172,190029366789146.75,weather_block,leave_one_season_out,22-23
22-23,2,2,2022-06-16,2022-08-01,102938528,102665552.75633515,272975.2436648458,272975.2436648458,74515483653.88194,weather_block,leave_one_season_out,22-23
22-23,2,3,2022-08-16,2022-10-01,84782260,98112285.35633518,-13330025.356335178,13330025.356335178,177689576000538.78,weather_block,leave_one_season_out,22-23
22-23,2,4,2022-10-16,2022-12-01,61417168,60310109.42300184,1107058.5769981593,1107058.5769981593,1225578692905.1895,weather_block,leave_one_season_out,22-23
22-23,2,5,2022-12-16,2023-02-01,3024763,7681630.556335203,-4656867.556335203,4656867.556335203,21686415437247.41,weather_block,leave_one_season_out,22-23
22-23,2,6,2023-02-16,2023-04-01,2405316,3584625.4230018556,-1179309.4230018556,1179309.4230018556,1390770715180.9697,weather_block,leave_one_season_out,22-23
23-24,2,1,2023-04-16,2023-06-01,74115266,72455956.12065394,1659309.8793460578,1659309.8793460578,2753309275695.4287,weather_block,leave_one_season_out,23-24
23-24,2,2,2023-06-16,2023-08-01,106678493,102091411.78732057,4587081.212679431,4587081.212679431,21041314051716.598,weather_block,leave_one_season_out,23-24
23-24,2,3,2023-08-16,2023-10-01,107936827,96243837.58732058,11692989.412679419,11692989.412679419,136726001405032.98,weather_block,leave_one_season_out,23-24
23-24,2,4,2023-10-16,2023-12-01,76626785,58971324.98732054,17655460.012679458,17655460.012679458,311715268259323.3,weather_block,leave_one_season_out,23-24
23-24,2,5,2023-12-16,2024-02-01,17908649,6364561.5206539035,11544087.479346097,11544087.479346097,133265955730795.31,weather_block,leave_one_season_out,23-24
23-24,2,6,2024-02-16,2024-04-01,4336553,3131066.3206539005,1205486.6793460995,1205486.6793460995,1453198134080.8857,weather_block,leave_one_season_out,23-24
24-25,2,1,2024-04-16,2024-06-01,84965531,68762071.81404535,16203459.185954645,16203459.185954645,262552089590897.97,weather_block,leave_one_season_out,24-25
24-25,2,2,2024-06-16,2024-08-01,112106187,98759032.2140455,13347154.785954505,13347154.785954505,178146540880228.25,weather_block,leave_one_season_out,24-25
24-25,2,3,2024-08-16,2024-10-01,97964082,93938153.94737884,4025928.052621156,4025928.052621156,16208096684881.973,weather_block,leave_one_season_out,24-25
24-25,2,4,2024-10-16,2024-12-01,55175227,57430895.54737881,-2255668.5473788083,2255668.5473788083,5088040595634.023,weather_block,leave_one_season_out,24-25
24-25,2,5,2024-12-16,2025-02-01,4344693,4298291.947378814,46401.05262118578,46401.05262118578,2153057684.3540516,weather_block,leave_one_season_out,24-25
24-25,2,6,2025-02-16,2025-04-01,2893723,256721.68071214855,2637001.3192878515,2637001.3192878515,6953775957925.869,weather_block,leave_one_season_out,24-25
25-26,2,1,2025-04-16,2025-06-01,70592036,72141043.36929892,-1549007.36929892,1549007.36929892,2399423830142.361,weather_block,leave_one_season_out,25-26
25-26,2,2,2025-06-16,2025-08-01,102469629,101822207.96929948,647421.0307005197,647421.0307005197,419153990993.32324,weather_block,leave_one_season_out,25-26
25-26,2,3,2025-08-16,2025-10-01,106288776,95803912.90263277,10484863.097367227,10484863.097367227,109932354170533.08,weather_block,leave_one_season_out,25-26
25-26,2,4,2025-10-16,2025-12-01,57413297,59702429.435966164,-2289132.435966164,2289132.435966164,5240127309392.384,weather_block,leave_one_season_out,25-26
25-26,2,5,2025-12-16,2026-02-01,4382742,6716493.902632795,-2333751.9026327953,2333751.9026327953,5446397943042.192,weather_block,leave_one_season_out,25-26
25-26,2,6,2026-02-16,2026-04-01,3786585,2617936.1026328504,1168648.8973671496,1168648.8973671496,1365740245317.4546,weather_block,leave_one_season_out,25-26
10-11,3,1,2010-04-16,2010-07-01,139693217,121475460.25,18217756.75,18217756.75,331886661002170.56,block_only,in_sample,
10-11,3,2,2010-07-16,2010-10-01,144778246,151920092.0625,-7141846.0625,7141846.0625,51005965180446.75,block_only,in_sample,
10-11,3,3,2010-10-16,2011-01-01,70045796,67676992.49999997,2368803.50000003,2368803.50000003,5611230021612.392,block_only,in_sample,
10-11,3,4,2011-01-16,2011-04-01,1366010,4173410.5,-2807400.5,2807400.5,7881497567400.25,block_only,in_sample,
11-12,3,1,2011-04-16,2011-07-01,111481974,121475460.25,-9993486.25,9993486.25,99869767428939.06,block_only,in_sample,
11-12,3,2,2011-07-16,2011-10-01,148721224,151920092.0625,-3198868.0625,3198868.0625,10232756881282.504,block_only,in_sample,
11-12,3,3,2011-10-16,2012-01-01,43271326,67676992.49999997,-24405666.49999997,24405666.49999997,595636557309220.8,block_only,in_sample,
11-12,3,4,2012-01-16,2012-04-01,151653,4173410.5,-4021757.5,4021757.5,16174533388806.25,block_only,in_sample,
12-13,3,1,2012-04-16,2012-07-01,73734195,121475460.25,-47741265.25,47741265.25,2279228407670857.5,block_only,in_sample,
12-13,3,2,2012-07-16,2012-10-01,156156552,151920092.0625,4236459.9375,4236459.9375,17947592802042.504,block_only,in_sample,
12-13,3,3,2012-10-16,2013-01-01,99075530,67676992.49999997,31398537.50000003,31398537.50000003,985868157138908.1,block_only,in_sample,
12-13,3,4,2013-01-16,2013-04-01,1781434,4173410.5,-2391976.5,2391976.5,5721551576552.25,block_only,in_sample,
13-14,3,1,2013-04-16,2013-07-01,112902970,121475460.25,-8572490.25,8572490.25,73487589086345.06,block_only,in_sample,
13-14,3,2,2013-07-16,2013-10-01,157461261,151920092.0625,5541168.9375,5541168.9375,30704553193914.88,block_only,in_sample,
13-14,3,3,2013-10-16,2014-01-01,95044090,67676992.49999997,27367097.50000003,27367097.50000003,748958025574507.9,block_only,in_sample,
13-14,3,4,2014-01-16,2014-04-01,3486921,4173410.5,-686489.5,686489.5,471267833610.25,block_only,in_sample,
14-15,3,1,2014-04-16,2014-07-01,125884352,121475460.25,4408891.75,4408891.75,19438326463218.062,block_only,in_sample,
14-15,3,2,2014-07-16,2014-10-01,142058376,151920092.0625,-9861716.0625,9861716.0625,97253443697370.5,block_only,in_sample,
14-15,3,3,2014-10-16,2015-01-01,66793949,67676992.49999997,-883043.4999999702,883043.4999999702,779765822892.1974,block_only,in_sample,
14-15,3,4,2015-01-16,2015-04-01,2250350,4173410.5,-1923060.5,1923060.5,3698161686660.25,block_only,in_sample,
15-16,3,1,2015-04-16,2015-07-01,114893242,121475460.25,-6582218.25,6582218.25,43325597090633.06,block_only,in_sample,
15-16,3,2,2015-07-16,2015-10-01,143701870,151920092.0625,-8218222.0625,8218222.0625,67539173868561.75,block_only,in_sample,
15-16,3,3,2015-10-16,2016-01-01,92202538,67676992.49999997,24525545.50000003,24525545.50000003,601502382072571.8,block_only,in_sample,
15-16,3,4,2016-01-16,2016-04-01,17524981,4173410.5,13351570.5,13351570.5,178264434816470.25,block_only,in_sample,
16-17,3,1,2016-04-16,2016-07-01,129051362,121475460.25,7575901.75,7575901.75,57394287325653.06,block_only,in_sample,
16-17,3,2,2016-07-16,2016-10-01,156877188,151920092.0625,4957095.9375,4957095.9375,24572800133579.004,block_only,in_sample,
16-17,3,3,2016-10-16,2017-01-01,72387666,67676992.49999997,4710673.50000003,4710673.50000003,22190444823602.53,block_only,in_sample,
16-17,3,4,2017-01-16,2017-04-01,7673423,4173410.5,3500012.5,3500012.5,12250087500156.25,block_only,in_sample,
17-18,3,1,2017-04-16,2017-07-01,121083003,121475460.25,-392457.25,392457.25,154022693077.5625,block_only,in_sample,
17-18,3,2,2017-07-16,2017-10-01,160475227,151920092.0625,8555134.9375,8555134.9375,73190333798833.12,block_only,in_sample,
17-18,3,3,2017-10-16,2018-01-01,68093146,67676992.49999997,416153.5000000298,416153.5000000298,173183735562.2748,block_only,in_sample,
17-18,3,4,2018-01-16,2018-04-01,7490966,4173410.5,3317555.5,3317555.5,11006174495580.25,block_only,in_sample,
18-19,3,1,2018-04-16,2018-07-01,136314564,121475460.25,14839103.75,14839103.75,220199000103264.06,block_only,in_sample,
18-19,3,2,2018-07-16,2018-10-01,137739300,151920092.0625,-14180792.0625,14180792.0625,201094863519863.0,block_only,in_sample,
18-19,3,3,2018-10-16,2019-01-01,55198076,67676992.49999997,-12478916.49999997,12478916.49999997,155723357013971.5,block_only,in_sample,
18-19,3,4,2019-01-16,2019-04-01,4086229,4173410.5,-87181.5,87181.5,7600613942.25,block_only,in_sample,
19-20,3,1,2019-04-16,2019-07-01,127999088,121475460.25,6523627.75,6523627.75,42557719020570.06,block_only,in_sample,
19-20,3,2,2019-07-16,2019-10-01,149437650,151920092.0625,-2482442.0625,2482442.0625,6162518593669.254,block_only,in_sample,
19-20,3,3,2019-10-16,2020-01-01,61222090,67676992.49999997,-6454902.49999997,6454902.49999997,41665766284505.87,block_only,in_sample,
19-20,3,4,2020-01-16,2020-04-01,4654687,4173410.5,481276.5,481276.5,231627069452.25,block_only,in_sample,
20-21,3,1,2020-04-16,2020-07-01,140793668,121475460.25,19318207.75,19318207.75,373193150672160.06,block_only,in_sample,
20-21,3,2,2020-07-16,2020-10-01,160266145,151920092.0625,8346052.9375,8346052.9375,69656599635552.375,block_only,in_sample,
20-21,3,3,2020-10-16,2021-01-01,53741987,67676992.49999997,-13935005.49999997,13935005.49999997,194184378285029.4,block_only,in_sample,
20-21,3,4,2021-01-16,2021-04-01,1705715,4173410.5,-2467695.5,2467695.5,6089521080720.25,block_only,in_sample,
21-22,3,1,2021-04-16,2021-07-01,123260326,121475460.25,1784865.75,1784865.75,3185745745523.0625,block_only,in_sample,
21-22,3,2,2021-07-16,2021-10-01,148785594,151920092.0625,-3134498.0625,3134498.0625,9825078103816.254,block_only,in_sample,
21-22,3,3,2021-10-16,2022-01-01,26573631,67676992.49999997,-41103361.49999997,41103361.49999997,1689486326599679.8,block_only,in_sample,
21-22,3,4,2022-01-16,2022-04-01,68753,4173410.5,-4104657.5,4104657.5,16848213192306.25,block_only,in_sample,
22-23,3,1,2022-04-16,2022-07-01,107304501,121475460.25,-14170959.25,14170959.25,200816086065160.56,block_only,in_sample,
22-23,3,2,2022-07-16,2022-10-01,140356915,151920092.0625,-11563177.0625,11563177.0625,133707063778726.12,block_only,in_sample,
22-23,3,3,2022-10-16,2023-01-01,64441931,67676992.49999997,-3235061.49999997,3235061.49999997,10465622908782.057,block_only,in_sample,
22-23,3,4,2023-01-16,2023-04-01,2405316,4173410.5,-1768094.5,1768094.5,3126158160930.25,block_only,in_sample,
23-24,3,1,2023-04-16,2023-07-01,121307261,121475460.25,-168199.25,168199.25,28290987700.5625,block_only,in_sample,
23-24,3,2,2023-07-16,2023-10-01,167423325,151920092.0625,15503232.9375,15503232.9375,240350231514384.88,block_only,in_sample,
23-24,3,3,2023-10-16,2024-01-01,93586780,67676992.49999997,25909787.50000003,25909787.50000003,671317088295157.8,block_only,in_sample,
23-24,3,4,2024-01-16,2024-04-01,5285207,4173410.5,1111796.5,1111796.5,1236091457412.25,block_only,in_sample,
24-25,3,1,2024-04-16,2024-07-01,141971094,121475460.25,20495633.75,20495633.75,420071002814139.06,block_only,in_sample,
24-25,3,2,2024-07-16,2024-10-01,153064706,151920092.0625,1144613.9375,1144613.9375,1310141065919.254,block_only,in_sample,
24-25,3,3,2024-10-16,2025-01-01,59519920,67676992.49999997,-8157072.49999997,8157072.49999997,66537831770255.766,block_only,in_sample,
24-25,3,4,2025-01-16,2025-04-01,2893723,4173410.5,-1279687.5,1279687.5,1637600097656.25,block_only,in_sample,
25-26,3,1,2025-04-16,2025-07-01,115932547,121475460.25,-5542913.25,5542913.25,30723887297025.562,block_only,in_sample,
25-26,3,2,2025-07-16,2025-10-01,163417894,151920092.0625,11497801.9375,11497801.9375,132199449393978.75,block_only,in_sample,
25-26,3,3,2025-10-16,2026-01-01,61633424,67676992.49999997,-6043568.49999997,6043568.49999997,36524720214191.89,block_only,in_sample,
25-26,3,4,2026-01-16,2026-04-01,3949200,4173410.5,-224210.5,224210.5,50270348310.25,block_only,in_sample,
10-11,3,1,2010-04-16,2010-07-01,139693217,120260943.13333327,19432273.866666734,19432273.866666734,377613267629138.94,block_only,leave_one_season_out,10-11
10-11,3,2,2010-07-16,2010-10-01,144778246,152396215.13333336,-7617969.133333355,7617969.133333355,58033453716419.75,block_only,leave_one_season_out,10-11
10-11,3,3,2010-10-16,2011-01-01,70045796,67519072.2666667,2526723.7333333045,2526723.7333333045,6384332824589.792,block_only,leave_one_season_out,10-11
10-11,3,4,2011-01-16,2011-04-01,1366010,4360570.533333331,-2994560.5333333313,2994560.5333333313,8967392787797.605,block_only,leave_one_season_out,10-11
11-12,3,1,2011-04-16,2011-07-01,111481974,122141692.6666666,-10659718.666666597,10659718.666666597,113629602052480.3,block_only,leave_one_season_out,11-12
11-12,3,2,2011-07-16,2011-10-01,148721224,152133349.93333334,-3412125.9333333373,3412125.9333333373,11642603384925.898,block_only,leave_one_season_out,11-12
11-12,3,3,2011-10-16,2012-01-01,43271326,69304036.9333334,-26032710.933333397,26032710.933333397,677702038538496.1,block_only,leave_one_season_out,11-12
11-12,3,4,2012-01-16,2012-04-01,151653,4441527.666666687,-4289874.666666687,4289874.666666687,18403024655708.613,block_only,leave_one_season_out,11-12
12-13,3,1,2012-04-16,2012-07-01,73734195,124658211.26666659,-50924016.26666659,50924016.26666659,2593255432727723.5,block_only,leave_one_season_out,12-13
12-13,3,2,2012-07-16,2012-10-01,156156552,151637661.4,4518890.599999994,4518890.599999994,20420372254768.305,block_only,leave_one_season_out,12-13
12-13,3,3,2012-10-16,2013-01-01,99075530,65583756.66666672,33491773.333333284,33491773.333333284,1121698881011374.5,block_only,leave_one_season_out,12-13
12-13,3,4,2013-01-16,2013-04-01,1781434,4332875.600000009,-2551441.600000009,2551441.600000009,6509854238210.605,block_only,leave_one_season_out,12-13
13-14,3,1,2013-04-16,2013-07-01,112902970,122046959.59999993,-9143989.599999934,9143989.599999934,83612545804906.97,block_only,leave_one_season_out,13-14
13-14,3,2,2013-07-16,2013-10-01,157461261,151550680.79999998,5910580.200000018,5910580.200000018,34934958300632.25,block_only,leave_one_season_out,13-14
13-14,3,3,2013-10-16,2014-01-01,95044090,65852519.33333336,29191570.66666664,29191570.66666664,852147797986992.4,block_only,leave_one_season_out,13-14
13-14,3,4,2014-01-16,2014-04-01,3486921,4219176.466666669,-732255.4666666687,732255.4666666687,536198068463.2207,block_only,leave_one_season_out,13-14
14-15,3,1,2014-04-16,2014-07-01,125884352,121181534.13333327,4702817.866666734,4702817.866666734,22116495887039.85,block_only,leave_one_season_out,14-15
14-15,3,2,2014-07-16,2014-10-01,142058376,152577539.80000004,-10519163.800000042,10519163.800000042,110652807051231.31,block_only,leave_one_season_out,14-15
14-15,3,3,2014-10-16,2015-01-01,66793949,67735862.06666672,-941913.0666667223,941913.0666667223,887200225157.5093,block_only,leave_one_season_out,14-15
14-15,3,4,2015-01-16,2015-04-01,2250350,4301614.533333361,-2051264.5333333611,2051264.5333333611,4207686185711.332,block_only,leave_one_season_out,14-15
15-16,3,1,2015-04-16,2015-07-01,114893242,121914274.79999995,-7021032.799999952,7021032.799999952,49294901578675.17,block_only,leave_one_season_out,15-16
15-16,3,2,2015-07-16,2015-10-01,143701870,152467973.53333333,-8766103.533333331,8766103.533333331,76844571157119.11,block_only,leave_one_season_out,15-16
15-16,3,3,2015-10-16,2016-01-01,92202538,66041956.13333337,26160581.86666663,26160581.86666663,684376043602566.9,block_only,leave_one_season_out,15-16
15-16,3,4,2016-01-16,2016-04-01,17524981,3283305.799999982,14241675.200000018,14241675.200000018,202825312502295.56,block_only,leave_one_season_out,15-16
16-17,3,1,2016-04-16,2016-07-01,129051362,120970400.13333327,8080961.866666734,8080961.866666734,65301944690521.91,block_only,leave_one_season_out,16-17
16-17,3,2,2016-07-16,2016-10-01,156877188,151589619.0,5287569.0,5287569.0,27958385929761.0,block_only,leave_one_season_out,16-17
16-17,3,3,2016-10-16,2017-01-01,72387666,67362947.60000005,5024718.399999946,5024718.399999946,25247794999298.02,block_only,leave_one_season_out,16-17
16-17,3,4,2017-01-16,2017-04-01,7673423,3940076.3333333433,3733346.6666666567,3733346.6666666567,13937877333511.037,block_only,leave_one_season_out,16-17
17-18,3,1,2017-04-16,2017-07-01,121083003,121501624.06666662,-418621.066666618,418621.066666618,175243597457.09702,block_only,leave_one_season_out,17-18
17-18,3,2,2017-07-16,2017-10-01,160475227,151349749.73333332,9125477.26666668,9125477.26666668,83274335344450.39,block_only,leave_one_season_out,17-18
17-18,3,3,2017-10-16,2018-01-01,68093146,67649248.93333338,443897.066666618,443897.066666618,197044605795.2279,block_only,leave_one_season_out,17-18
17-18,3,4,2018-01-16,2018-04-01,7490966,3952240.1333333403,3538725.8666666597,3538725.8666666597,12522580759415.701,block_only,leave_one_season_out,17-18
18-19,3,1,2018-04-16,2018-07-01,136314564,120486186.66666661,15828377.333333388,15828377.333333388,250537529006382.2,block_only,leave_one_season_out,18-19
18-19,3,2,2018-07-16,2018-10-01,137739300,152865478.2,-15126178.199999988,15126178.199999988,228801266938154.88,block_only,leave_one_season_out,18-19
18-19,3,3,2018-10-16,2019-01-01,55198076,68508920.26666674,-13310844.26666674,13310844.26666674,177178575091454.84,block_only,leave_one_season_out,18-19
18-19,3,4,2019-01-16,2019-04-01,4086229,4179222.600000024,-92993.60000002384,92993.60000002384,8647809640.964434,block_only,leave_one_season_out,18-19
19-20,3,1,2019-04-16,2019-07-01,127999088,121040551.73333326,6958536.26666674,6958536.26666674,48421226974516.3,block_only,leave_one_season_out,19-20
19-20,3,2,2019-07-16,2019-10-01,149437650,152085588.2,-2647938.199999988,2647938.199999988,7011576711019.177,block_only,leave_one_season_out,19-20
19-20,3,3,2019-10-16,2020-01-01,61222090,68107319.3333334,-6885229.333333403,6885229.333333403,47406382972594.734,block_only,leave_one_season_out,19-20
19-20,3,4,2020-01-16,2020-04-01,4654687,4141325.400000006,513361.59999999404,513361.59999999404,263540132354.5539,block_only,leave_one_season_out,19-20
20-21,3,1,2020-04-16,2020-07-01,140793668,120187579.73333329,20606088.26666671,20606088.26666671,424610873653659.5,block_only,leave_one_season_out,20-21
20-21,3,2,2020-07-16,2020-10-01,160266145,151363688.53333333,8902456.466666669,8902456.466666669,79253731140895.19,block_only,leave_one_season_out,20-21
20-21,3,3,2020-10-16,2021-01-01,53741987,68605992.86666673,-14864005.866666734,14864005.866666734,220938670404303.1,block_only,leave_one_season_out,20-21
20-21,3,4,2021-01-16,2021-04-01,1705715,4337923.533333346,-2632208.5333333462,2632208.5333333462,6928521762952.886,block_only,leave_one_season_out,20-21
21-22,3,1,2021-04-16,2021-07-01,123260326,121356469.19999993,1903856.8000000715,1903856.8000000715,3624670714906.512,block_only,leave_one_season_out,21-22
21-22,3,2,2021-07-16,2021-10-01,148785594,152129058.6,-3343464.599999994,3343464.599999994,11178755531453.121,block_only,leave_one_season_out,21-22
21-22,3,3,2021-10-16,2022-01-01,26573631,70417216.60000005,-43843585.60000005,43843585.60000005,1922259998264532.0,block_only,leave_one_season_out,21-22
21-22,3,4,2022-01-16,2022-04-01,68753,4447054.333333343,-4378301.333333343,4378301.333333343,19169522565468.53,block_only,leave_one_season_out,21-22
22-23,3,1,2022-04-16,2022-07-01,107304501,122420190.8666666,-15115689.8666666,15115689.8666666,228484080145247.34,block_only,leave_one_season_out,22-23
22-23,3,2,2022-07-16,2022-10-01,140356915,152690970.5333333,-12334055.533333302,12334055.533333302,152128925899349.84,block_only,leave_one_season_out,22-23
22-23,3,3,2022-10-16,2023-01-01,64441931,67892663.26666673,-3450732.2666667253,3450732.2666667253,11907553176214.875,block_only,leave_one_season_out,22-23
22-23,3,4,2023-01-16,2023-04-01,2405316,4291283.466666684,-1885967.4666666836,1885967.4666666836,3556873285325.148,block_only,leave_one_season_out,22-23
23-24,3,1,2023-04-16,2023-07-01,121307261,121486673.53333327,-179412.53333327174,179412.53333327174,32188857117.062344,block_only,leave_one_season_out,23-24
23-24,3,2,2023-07-16,2023-10-01,167423325,150886543.20000002,16536781.799999982,16536781.799999982,273465152300810.66,block_only,leave_one_season_out,23-24
23-24,3,3,2023-10-16,2024-01-01,93586780,65949673.3333334,27637106.666666597,27637106.666666597,763809664904707.2,block_only,leave_one_season_out,23-24
23-24,3,4,2024-01-16,2024-04-01,5285207,4099290.733333364,1185916.2666666359,1185916.2666666359,1406397391544.5315,block_only,leave_one_season_out,23-24
24-25,3,1,2024-04-16,2024-07-01,141971094,120109084.66666661,21862009.333333388,21862009.333333388,477947452090756.2,block_only,leave_one_season_out,24-25
24-25,3,2,2024-07-16,2024-10-01,153064706,151843784.46666667,1220921.5333333313,1220921.5333333313,1490649390557.013,block_only,leave_one_season_out,24-25
24-25,3,3,2024-10-16,2025-01-01,59519920,68220797.33333336,-8700877.333333358,8700877.333333358,75705266369714.2,block_only,leave_one_season_out,24-25
24-25,3,4,2025-01-16,2025-04-01,2893723,4258722.999999985,-1364999.999999985,1364999.999999985,1863224999999.9592,block_only,leave_one_season_out,24-25
25-26,3,1,2025-04-16,2025-07-01,115932547,121844987.79999995,-5912440.799999952,5912440.799999952,34956956213504.074,block_only,leave_one_season_out,25-26
25-26,3,2,2025-07-16,2025-10-01,163417894,151153571.93333334,12264322.066666663,12264322.066666663,150413595754926.84,block_only,leave_one_season_out,25-26
25-26,3,3,2025-10-16,2026-01-01,61633424,68079897.06666672,-6446473.066666722,6446473.066666722,41557014999259.45,block_only,leave_one_season_out,25-26
25-26,3,4,2026-01-16,2026-04-01,3949200,4188357.8666666597,-239157.8666666597,239157.8666666597,57196485188.54778,block_only,leave_one_season_out,25-26
10-11,3,1,2010-04-16,2010-07-01,139693217,125108970.05372334,14584246.946276665,14584246.946276665,212700258989980.22,weather_block,in_sample,
10-11,3,2,2010-07-16,2010-10-01,144778246,155553601.86622328,-10775355.866223276,10775355.866223276,116108294043752.36,weather_block,in_sample,
10-11,3,3,2010-10-16,2011-01-01,70045796,71310502.30372332,-1264706.3037233204,1264706.3037233204,1599482034677.5034,weather_block,in_sample,
10-11,3,4,2011-01-16,2011-04-01,1366010,7806920.303723305,-6440910.303723305,6440910.303723305,41485325540609.05,weather_block,in_sample,
11-12,3,1,2011-04-16,2011-07-01,111481974,123572064.46401532,-12090090.46401532,12090090.46401532,146170287428074.2,weather_block,in_sample,
11-12,3,2,2011-07-16,2011-10-01,148721224,154016696.27651528,-5295472.276515275,5295472.276515275,28042026631341.87,weather_block,in_sample,
11-12,3,3,2011-10-16,2012-01-01,43271326,69773596.7140153,-26502270.714015305,26502270.714015305,702370352998953.2,weather_block,in_sample,
11-12,3,4,2012-01-16,2012-04-01,151653,6270014.71401529,-6118361.71401529,6118361.71401529,37434350063528.12,weather_block,in_sample,
12-13,3,1,2012-04-16,2012-07-01,73734195,119955397.288693,-46221202.288692996,46221202.288692996,2136399541012278.8,weather_block,in_sample,
12-13,3,2,2012-07-16,2012-10-01,156156552,150400029.10119295,5756522.898807049,5756522.898807049,33137555884489.906,weather_block,in_sample,
12-13,3,3,2012-10-16,2013-01-01,99075530,66156929.53869298,32918600.46130702,32918600.46130702,1083634256331162.6,weather_block,in_sample,
12-13,3,4,2013-01-16,2013-04-01,1781434,2653347.538692966,-871913.5386929661,871913.5386929661,760233218956.0905,weather_block,in_sample,
13-14,3,1,2013-04-16,2013-07-01,112902970,121841433.08353467,-8938463.083534673,8938463.083534673,79896122295712.17,weather_block,in_sample,
13-14,3,2,2013-07-16,2013-10-01,157461261,152286064.89603463,5175196.103965372,5175196.103965372,26782654714498.363,weather_block,in_sample,
13-14,3,3,2013-10-16,2014-01-01,95044090,68042965.33353466,27001124.666465342,27001124.666465342,729060733254003.1,weather_block,in_sample,
13-14,3,4,2014-01-16,2014-04-01,3486921,4539383.333534643,-1052462.333534643,1052462.333534643,1107676963509.1863,weather_block,in_sample,
14-15,3,1,2014-04-16,2014-07-01,125884352,119183668.0198639,6700683.9801360965,6700683.9801360965,44899165801652.516,weather_block,in_sample,
14-15,3,2,2014-07-16,2014-10-01,142058376,149628299.83236384,-7569923.832363844,7569923.832363844,57303746827790.11,weather_block,in_sample,
14-15,3,3,2014-10-16,2015-01-01,66793949,65385200.26986389,1408748.7301361114,1408748.7301361114,1984572984660.1064,weather_block,in_sample,
14-15,3,4,2015-01-16,2015-04-01,2250350,1881618.2698638737,368731.7301361263,368731.7301361263,135963088809.18106,weather_block,in_sample,
15-16,3,1,2015-04-16,2015-07-01,114893242,120970022.66500804,-6076780.665008038,6076780.665008038,36927263250615.54,weather_block,in_sample,
15-16,3,2,2015-07-16,2015-10-01,143701870,151414654.47750798,-7712784.477507979,7712784.477507979,59487044396488.02,weather_block,in_sample,
15-16,3,3,2015-10-16,2016-01-01,92202538,67171554.91500801,25030983.08499199,25030983.08499199,626550114201155.2,weather_block,in_sample,
15-16,3,4,2016-01-16,2016-04-01,17524981,3667972.9150080085,13857008.084991992,13857008.084991992,192016673067533.4,weather_block,in_sample,
16-17,3,1,2016-04-16,2016-07-01,129051362,125087121.50958924,3964240.49041076,3964240.49041076,15715202665812.143,weather_block,in_sample,
16-17,3,2,2016-07-16,2016-10-01,156877188,155531753.3220892,1345434.6779108047,1345434.6779108047,1810194472524.951,weather_block,in_sample,
16-17,3,3,2016-10-16,2017-01-01,72387666,71288653.75958923,1099012.240410775,1099012.240410775,1207827904572.711,weather_block,in_sample,
16-17,3,4,2017-01-16,2017-04-01,7673423,7785071.75958921,-111648.75958921015,111648.75958921015,12465445517.809246,weather_block,in_sample,
17-18,3,1,2017-04-16,2017-07-01,121083003,120686235.98350754,396767.0164924562,396767.0164924562,157424065376.325,weather_block,in_sample,
17-18,3,2,2017-07-16,2017-10-01,160475227,151130867.7960075,9344359.203992486,9344359.203992486,87317048933239.1,weather_block,in_sample,
17-18,3,3,2017-10-16,2018-01-01,68093146,66887768.23350753,1205377.766492471,1205377.766492471,1452935559954.3782,weather_block,in_sample,
17-18,3,4,2018-01-16,2018-04-01,7490966,3384186.233507514,4106779.766492486,4106779.766492486,16865640050472.078,weather_block,in_sample,
18-19,3,1,2018-04-16,2018-07-01,136314564,121605747.52433984,14708816.47566016,14708816.47566016,216349282114651.78,weather_block,in_sample,
18-19,3,2,2018-07-16,2018-10-01,137739300,152050379.3368398,-14311079.336839795,14311079.336839795,204806991785322.94,weather_block,in_sample,
18-19,3,3,2018-10-16,2019-01-01,55198076,67807279.77433982,-12609203.774339825,12609203.774339825,158992019822825.7,weather_block,in_sample,
18-19,3,4,2019-01-16,2019-04-01,4086229,4303697.77433981,-217468.77433981,217468.77433981,47292667812.85921,weather_block,in_sample,
19-20,3,1,2019-04-16,2019-07-01,127999088,122312070.67150939,5687017.328490615,5687017.328490615,32342166094552.53,weather_block,in_sample,
19-20,3,2,2019-07-16,2019-10-01,149437650,152756702.48400936,-3319052.4840093553,3319052.4840093553,11016109391608.672,weather_block,in_sample,
19-20,3,3,2019-10-16,2020-01-01,61222090,68513602.92150939,-7291512.921509385,7291512.921509385,53166160684538.33,weather_block,in_sample,
19-20,3,4,2020-01-16,2020-04-01,4654687,5010020.921509355,-355333.9215093553,355333.9215093553,126262195775.21667,weather_block,in_sample,
20-21,3,1,2020-04-16,2020-07-01,140793668,120877490.09125441,19916177.908745587,19916177.908745587,396654142492805.75,weather_block,in_sample,
20-21,3,2,2020-07-16,2020-10-01,160266145,151322121.90375438,8944023.096245617,8944023.096245617,79995549146175.03,weather_block,in_sample,
20-21,3,3,2020-10-16,2021-01-01,53741987,67079022.3412544,-13337035.341254398,13337035.341254398,177876511693868.8,weather_block,in_sample,
20-21,3,4,2021-01-16,2021-04-01,1705715,3575440.3412543833,-1869725.3412543833,1869725.3412543833,3495872851728.8203,weather_block,in_sample,
21-22,3,1,2021-04-16,2021-07-01,123260326,118355323.24600665,4905002.753993347,4905002.753993347,24059052016682.32,weather_block,in_sample,
21-22,3,2,2021-07-16,2021-10-01,148785594,148799955.0585066,-14361.05850660801,14361.05850660801,206240001.43021828,weather_block,in_sample,
21-22,3,3,2021-10-16,2022-01-01,26573631,64556855.496006645,-37983224.496006645,37983224.496006645,1442725343114039.2,weather_block,in_sample,
21-22,3,4,2022-01-16,2022-04-01,68753,1053273.496006623,-984520.4960066229,984520.4960066229,969280607057.1268,weather_block,in_sample,
22-23,3,1,2022-04-16,2022-07-01,107304501,121176811.83477485,-13872310.834774852,13872310.834774852,192441007896611.75,weather_block,in_sample,
22-23,3,2,2022-07-16,2022-10-01,140356915,151621443.6472748,-11264528.647274792,11264528.647274792,126889605645274.45,weather_block,in_sample,
22-23,3,3,2022-10-16,2023-01-01,64441931,67378344.08477485,-2936413.084774852,2936413.084774852,8622521804436.961,weather_block,in_sample,
22-23,3,4,2023-01-16,2023-04-01,2405316,3874762.084774822,-1469446.084774822,1469446.084774822,2159271796060.0535,weather_block,in_sample,
23-24,3,1,2023-04-16,2023-07-01,121307261,121907023.38035178,-599762.3803517818,599762.3803517818,359714912885.2354,weather_block,in_sample,
23-24,3,2,2023-07-16,2023-10-01,167423325,152351655.19285172,15071669.807148278,15071669.807148278,227155230775705.0,weather_block,in_sample,
23-24,3,3,2023-10-16,2024-01-01,93586780,68108555.63035177,25478224.369648233,25478224.369648233,649139917030137.1,weather_block,in_sample,
23-24,3,4,2024-01-16,2024-04-01,5285207,4604973.630351752,680233.369648248,680233.369648248,462717437183.00995,weather_block,in_sample,
24-25,3,1,2024-04-16,2024-07-01,141971094,120800791.30893056,21170302.69106944,21170302.69106944,448181716031501.94,weather_block,in_sample,
24-25,3,2,2024-07-16,2024-10-01,153064706,151245423.12143052,1819282.8785694838,1819282.8785694838,3309790192256.067,weather_block,in_sample,
24-25,3,3,2024-10-16,2025-01-01,59519920,67002323.55893055,-7482403.5589305535,7482403.5589305535,55986363018696.61,weather_block,in_sample,
24-25,3,4,2025-01-16,2025-04-01,2893723,3498741.558930531,-605018.5589305311,605018.5589305311,366047456650.3766,weather_block,in_sample,
25-26,3,1,2025-04-16,2025-07-01,115932547,120167192.87489793,-4234645.874897927,4234645.874897927,17932225685790.03,weather_block,in_sample,
25-26,3,2,2025-07-16,2025-10-01,163417894,150611824.6873979,12806069.312602103,12806069.312602103,163995411239169.28,weather_block,in_sample,
25-26,3,3,2025-10-16,2026-01-01,61633424,66368725.12489791,-4735301.124897912,4735301.124897912,22423076743459.434,weather_block,in_sample,
25-26,3,4,2026-01-16,2026-04-01,3949200,2865143.1248978972,1084056.8751021028,1084056.8751021028,1175179308456.136,weather_block,in_sample,
10-11,3,1,2010-04-16,2010-07-01,139693217,124521273.11287116,15171943.887128845,15171943.887128845,230187881314186.3,weather_block,leave_one_season_out,10-11
10-11,3,2,2010-07-16,2010-10-01,144778246,156656545.1128711,-11878299.11287111,11878299.11287111,141093989814834.6,weather_block,leave_one_season_out,10-11
10-11,3,3,2010-10-16,2011-01-01,70045796,71779402.24620448,-1733606.2462044805,1733606.2462044805,3005390616879.19,weather_block,leave_one_season_out,10-11
10-11,3,4,2011-01-16,2011-04-01,1366010,8620900.512871116,-7254890.512871116,7254890.512871116,52633436353747.33,weather_block,leave_one_season_out,10-11
11-12,3,1,2011-04-16,2011-07-01,111481974,126019591.91998556,-14537617.919985563,14537617.919985563,211342334787485.34,weather_block,leave_one_season_out,11-12
11-12,3,2,2011-07-16,2011-10-01,148721224,156011249.1866522,-7290025.186652213,7290025.186652213,53144467222023.64,weather_block,leave_one_season_out,11-12
11-12,3,3,2011-10-16,2012-01-01,43271326,73181936.18665221,-29910610.186652213,29910610.186652213,894644601737863.1,weather_block,leave_one_season_out,11-12
11-12,3,4,2012-01-16,2012-04-01,151653,8319426.919985592,-8167773.919985592,8167773.919985592,66712530807996.81,weather_block,leave_one_season_out,11-12
12-13,3,1,2012-04-16,2012-07-01,73734195,123406569.57078026,-49672374.57078026,49672374.57078026,2467344795499897.5,weather_block,leave_one_season_out,12-13
12-13,3,2,2012-07-16,2012-10-01,156156552,150386019.7041136,5770532.295886397,5770532.295886397,33299042977867.938,weather_block,leave_one_season_out,12-13
12-13,3,3,2012-10-16,2013-01-01,99075530,64332114.97078027,34743415.02921973,34743415.02921973,1207104887892611.5,weather_block,leave_one_season_out,12-13
12-13,3,4,2013-01-16,2013-04-01,1781434,3081233.904113546,-1299799.904113546,1299799.904113546,1689479790733.5835,weather_block,leave_one_season_out,12-13
13-14,3,1,2013-04-16,2013-07-01,112902970,122365680.84129702,-9462710.841297016,9462710.841297016,89542896466000.08,weather_block,leave_one_season_out,13-14
13-14,3,2,2013-07-16,2013-10-01,157461261,151869402.04129708,5591858.958702922,5591858.958702922,31268886614026.125,weather_block,leave_one_season_out,13-14
13-14,3,3,2013-10-16,2014-01-01,95044090,66171240.57463046,28872849.42536954,28872849.42536954,833641433940062.1,weather_block,leave_one_season_out,13-14
13-14,3,4,2014-01-16,2014-04-01,3486921,4537897.707963765,-1050976.7079637647,1050976.7079637647,1104552040682.3523,weather_block,leave_one_season_out,13-14
14-15,3,1,2014-04-16,2014-07-01,125884352,118702672.52389932,7181679.476100683,7181679.476100683,51576520097445.78,weather_block,leave_one_season_out,14-15
14-15,3,2,2014-07-16,2014-10-01,142058376,150098678.19056597,-8040302.1905659735,8040302.1905659735,64646459315619.99,weather_block,leave_one_season_out,14-15
14-15,3,3,2014-10-16,2015-01-01,66793949,65257000.457232684,1536948.542767316,1536948.542767316,2362210823114.5767,weather_block,leave_one_season_out,14-15
14-15,3,4,2015-01-16,2015-04-01,2250350,1822752.9238993526,427597.07610064745,427597.07610064745,182839259489.82288,weather_block,leave_one_season_out,14-15
15-16,3,1,2015-04-16,2015-07-01,114893242,121330158.49077202,-6436916.490772024,6436916.490772024,41433893909172.83,weather_block,leave_one_season_out,15-16
15-16,3,2,2015-07-16,2015-10-01,143701870,151883857.22410545,-8181987.2241054475,8181987.2241054475,66944914935424.766,weather_block,leave_one_season_out,15-16
15-16,3,3,2015-10-16,2016-01-01,92202538,65457839.82410535,26744698.175894648,26744698.175894648,715278880519702.5,weather_block,leave_one_season_out,15-16
15-16,3,4,2016-01-16,2016-04-01,17524981,2699189.4907720536,14825791.509227946,14825791.509227946,219804093875095.47,weather_block,leave_one_season_out,15-16
16-17,3,1,2016-04-16,2016-07-01,129051362,124026285.07750139,5025076.922498614,5025076.922498614,25251398077028.137,weather_block,leave_one_season_out,16-17
16-17,3,2,2016-07-16,2016-10-01,156877188,154645503.94416806,2231684.055831939,2231684.055831939,4980413725054.493,weather_block,leave_one_season_out,16-17
16-17,3,3,2016-10-16,2017-01-01,72387666,70418832.54416807,1968833.45583193,1968833.45583193,3876305176803.1006,weather_block,leave_one_season_out,16-17
16-17,3,4,2017-01-16,2017-04-01,7673423,6995961.27750136,677461.7224986404,677461.7224986404,458954385450.8249,weather_block,leave_one_season_out,16-17
17-18,3,1,2017-04-16,2017-07-01,121083003,120122806.57181434,960196.4281856567,960196.4281856567,921977180700.4929,weather_block,leave_one_season_out,17-18
17-18,3,2,2017-07-16,2017-10-01,160475227,149970932.238481,10504294.761519015,10504294.761519015,110340208436875.81,weather_block,leave_one_season_out,17-18
17-18,3,3,2017-10-16,2018-01-01,68093146,66270431.438481025,1822714.5615189746,1822714.5615189746,3322288372773.3076,weather_block,leave_one_season_out,17-18
17-18,3,4,2018-01-16,2018-04-01,7490966,2573422.638481006,4917543.361518994,4917543.361518994,24182232712419.527,weather_block,leave_one_season_out,17-18
18-19,3,1,2018-04-16,2018-07-01,136314564,120661990.99151856,15652573.008481443,15652573.008481443,245003041785841.8,weather_block,leave_one_season_out,18-19
18-19,3,2,2018-07-16,2018-10-01,137739300,153041282.52485186,-15301982.524851859,15301982.524851859,234150669190871.66,weather_block,leave_one_season_out,18-19
18-19,3,3,2018-10-16,2019-01-01,55198076,68684724.59151849,-13486648.591518492,13486648.591518492,181889690231107.72,weather_block,leave_one_season_out,18-19
18-19,3,4,2019-01-16,2019-04-01,4086229,4355026.924851865,-268797.9248518646,268797.9248518646,72252324404.66864,weather_block,leave_one_season_out,18-19
19-20,3,1,2019-04-16,2019-07-01,127999088,121957132.0146424,6041955.9853575975,6041955.9853575975,36505232128998.5,weather_block,leave_one_season_out,19-20
19-20,3,2,2019-07-16,2019-10-01,149437650,153002168.48130906,-3564518.4813090563,3564518.4813090563,12705792003593.82,weather_block,leave_one_season_out,19-20
19-20,3,3,2019-10-16,2020-01-01,61222090,69023899.6146424,-7801809.614642397,7801809.614642397,60868233263126.54,weather_block,leave_one_season_out,19-20
19-20,3,4,2020-01-16,2020-04-01,4654687,5057905.681309059,-403218.68130905926,403218.68130905926,162585304956.6167,weather_block,leave_one_season_out,19-20
20-21,3,1,2020-04-16,2020-07-01,140793668,119519421.92223328,21274246.077766716,21274246.077766716,452593546177372.5,weather_block,leave_one_season_out,20-21
20-21,3,2,2020-07-16,2020-10-01,160266145,150695530.72223333,9570614.277766675,9570614.277766675,91596657653791.33,weather_block,leave_one_season_out,20-21
20-21,3,3,2020-10-16,2021-01-01,53741987,67937835.05556658,-14195848.05556658,14195848.05556658,201522102016733.44,weather_block,leave_one_season_out,20-21
20-21,3,4,2021-01-16,2021-04-01,1705715,3669765.722233221,-1964050.722233221,1964050.722233221,3857495239504.837,weather_block,leave_one_season_out,20-21
21-22,3,1,2021-04-16,2021-07-01,123260326,120473043.35702349,2787282.6429765075,2787282.6429765075,7768944531838.105,weather_block,leave_one_season_out,21-22
21-22,3,2,2021-07-16,2021-10-01,148785594,151245632.7570235,-2460038.7570235133,2460038.7570235133,6051790686057.792,weather_block,leave_one_season_out,21-22
21-22,3,3,2021-10-16,2022-01-01,26573631,69533790.75702357,-42960159.75702357,42960159.75702357,1845575326348987.8,weather_block,leave_one_season_out,21-22
21-22,3,4,2022-01-16,2022-04-01,68753,3563628.4903568327,-3494875.4903568327,3494875.4903568327,12214154693096.912,weather_block,leave_one_season_out,21-22
22-23,3,1,2022-04-16,2022-07-01,107304501,122116400.20116946,-14811899.201169461,14811899.201169461,219392357945604.53,weather_block,leave_one_season_out,22-23
22-23,3,2,2022-07-16,2022-10-01,140356915,152387179.86783606,-12030264.867836058,12030264.867836058,144727272790290.53,weather_block,leave_one_season_out,22-23
22-23,3,3,2022-10-16,2023-01-01,64441931,67588872.60116942,-3146941.6011694223,3146941.6011694223,9903241441170.768,weather_block,leave_one_season_out,22-23
22-23,3,4,2023-01-16,2023-04-01,2405316,3987492.801169455,-1582176.801169455,1582176.801169455,2503283430158.809,weather_block,leave_one_season_out,22-23
23-24,3,1,2023-04-16,2023-07-01,121307261,120695667.91431424,611593.0856857598,611593.0856857598,374046102458.6291,weather_block,leave_one_season_out,23-24
23-24,3,2,2023-07-16,2023-10-01,167423325,150095537.58098087,17327787.419019133,17327787.419019133,300252216838717.75,weather_block,leave_one_season_out,23-24
23-24,3,3,2023-10-16,2024-01-01,93586780,65158667.71431419,28428112.285685807,28428112.285685807,808157568127560.4,weather_block,leave_one_season_out,23-24
23-24,3,4,2024-01-16,2024-04-01,5285207,3308285.1143141687,1976921.8856858313,1976921.8856858313,3908220142103.623,weather_block,leave_one_season_out,23-24
24-25,3,1,2024-04-16,2024-07-01,141971094,114862279.08773488,27108814.912265122,27108814.912265122,734887845947447.9,weather_block,leave_one_season_out,24-25
24-25,3,2,2024-07-16,2024-10-01,153064706,146596978.88773486,6467727.11226514,6467727.11226514,41831493998729.56,weather_block,leave_one_season_out,24-25
24-25,3,3,2024-10-16,2025-01-01,59519920,62973991.75440152,-3454071.75440152,3454071.75440152,11930611684554.395,weather_block,leave_one_season_out,24-25
24-25,3,4,2025-01-16,2025-04-01,2893723,-988082.5789318085,3881805.5789318085,3881805.5789318085,15068414552626.113,weather_block,leave_one_season_out,24-25
25-26,3,1,2025-04-16,2025-07-01,115932547,120229290.0539491,-4296743.053949103,4296743.053949103,18462000871659.863,weather_block,leave_one_season_out,25-26
25-26,3,2,2025-07-16,2025-10-01,163417894,149537874.1872824,13880019.812717587,13880019.812717587,192654950001432.75,weather_block,leave_one_season_out,25-26
25-26,3,3,2025-10-16,2026-01-01,61633424,66464199.32061574,-4830775.320615739,4830775.320615739,23336390198270.094,weather_block,leave_one_season_out,25-26
25-26,3,4,2026-01-16,2026-04-01,3949200,2572660.1206157357,1376539.8793842643,1376539.8793842643,1894862039535.245,weather_block,leave_one_season_out,25-26
10-11,4,1,2010-04-16,2010-08-01,192289854,175926524.37500006,16363329.62499994,16363329.62499994,267758556416400.7,block_only,in_sample,
10-11,4,2,2010-08-16,2010-12-01,156621221,158038197.6875,-1416976.6875,1416976.6875,2007822932918.4727,block_only,in_sample,
10-11,4,3,2010-12-16,2011-04-01,6972194,11281233.24999997,-4309039.24999997,4309039.24999997,18567819258040.305,block_only,in_sample,
11-12,4,1,2011-04-16,2011-08-01,164817362,175926524.37500006,-11109162.37500006,11109162.37500006,123413488674116.97,block_only,in_sample,
11-12,4,2,2011-08-16,2011-12-01,137954725,158038197.6875,-20083472.6875,20083472.6875,403345875189558.5,block_only,in_sample,
11-12,4,3,2011-12-16,2012-04-01,854090,11281233.24999997,-10427143.24999997,10427143.24999997,108725316356019.94,block_only,in_sample,
12-13,4,1,2012-04-16,2012-08-01,128251403,175926524.37500006,-47675121.37500006,47675121.37500006,2272917198120987.5,block_only,in_sample,
12-13,4,2,2012-08-16,2012-12-01,186217114,158038197.6875,28178916.3125,28178916.3125,794051324546878.6,block_only,in_sample,
12-13,4,3,2012-12-16,2013-04-01,16279194,11281233.24999997,4997960.75000003,4997960.75000003,24979611658540.86,block_only,in_sample,
13-14,4,1,2013-04-16,2013-08-01,165778101,175926524.37500006,-10148423.37500006,10148423.37500006,102990496998247.6,block_only,in_sample,
13-14,4,2,2013-08-16,2013-12-01,184148315,158038197.6875,26110117.3125,26110117.3125,681738226072512.2,block_only,in_sample,
13-14,4,3,2013-12-16,2014-04-01,18968826,11281233.24999997,7687592.75000003,7687592.75000003,59099082289853.02,block_only,in_sample,
14-15,4,1,2014-04-16,2014-08-01,173917950,175926524.37500006,-2008574.3750000596,2008574.3750000596,4034371019906.88,block_only,in_sample,
14-15,4,2,2014-08-16,2014-12-01,155712324,158038197.6875,-2325873.6875,2325873.6875,5409688410204.848,block_only,in_sample,
14-15,4,3,2014-12-16,2015-04-01,7356753,11281233.24999997,-3924480.24999997,3924480.24999997,15401545232639.828,block_only,in_sample,
15-16,4,1,2015-04-16,2015-08-01,161868401,175926524.37500006,-14058123.37500006,14058123.37500006,197630832826723.06,block_only,in_sample,
15-16,4,2,2015-08-16,2015-12-01,169202513,158038197.6875,11164315.3125,11164315.3125,124641936396921.97,block_only,in_sample,
15-16,4,3,2015-12-16,2016-04-01,37251717,11281233.24999997,25970483.75000003,25970483.75000003,674466026209015.6,block_only,in_sample,
16-17,4,1,2016-04-16,2016-08-01,187232304,175926524.37500006,11305779.62499994,11305779.62499994,127820652929063.8,block_only,in_sample,
16-17,4,2,2016-08-16,2016-12-01,164235552,158038197.6875,6197354.3125,6197354.3125,38407200474662.34,block_only,in_sample,
16-17,4,3,2016-12-16,2017-04-01,14521783,11281233.24999997,3240549.75000003,3240549.75000003,10501162682225.256,block_only,in_sample,
17-18,4,1,2017-04-16,2017-08-01,180019004,175926524.37500006,4092479.6249999404,4092479.6249999404,16748389481039.652,block_only,in_sample,
17-18,4,2,2017-08-16,2017-12-01,161350549,158038197.6875,3312351.3125,3312351.3125,10971671217420.473,block_only,in_sample,
17-18,4,3,2017-12-16,2018-04-01,15772789,11281233.24999997,4491555.75000003,4491555.75000003,20174073055358.332,block_only,in_sample,
18-19,4,1,2018-04-16,2018-08-01,190517898,175926524.37500006,14591373.62499994,14591373.62499994,212908184264343.9,block_only,in_sample,
18-19,4,2,2018-08-16,2018-12-01,131878873,158038197.6875,-26159324.6875,26159324.6875,684310268106047.0,block_only,in_sample,
18-19,4,3,2018-12-16,2019-04-01,10941398,11281233.24999997,-339835.2499999702,339835.2499999702,115487997142.54225,block_only,in_sample,
19-20,4,1,2019-04-16,2019-08-01,180557833,175926524.37500006,4631308.62499994,4631308.62499994,21449019579998.84,block_only,in_sample,
19-20,4,2,2019-08-16,2019-12-01,156839887,158038197.6875,-1198310.6875,1198310.6875,1435948503776.7227,block_only,in_sample,
19-20,4,3,2019-12-16,2020-04-01,5915795,11281233.24999997,-5365438.24999997,5365438.24999997,28787927614562.742,block_only,in_sample,
20-21,4,1,2020-04-16,2020-08-01,198524550,175926524.37500006,22598025.62499994,22598025.62499994,510670762148153.94,block_only,in_sample,
20-21,4,2,2020-08-16,2020-12-01,155660231,158038197.6875,-2377966.6875,2377966.6875,5654725566859.723,block_only,in_sample,
20-21,4,3,2020-12-16,2021-04-01,2322734,11281233.24999997,-8958499.24999997,8958499.24999997,80254708812250.03,block_only,in_sample,
21-22,4,1,2021-04-16,2021-08-01,177243432,175926524.37500006,1316907.6249999404,1316907.6249999404,1734245692782.9836,block_only,in_sample,
21-22,4,2,2021-08-16,2021-12-01,121185437,158038197.6875,-36852760.6875,36852760.6875,1358125970290145.5,block_only,in_sample,
21-22,4,3,2021-12-16,2022-04-01,259435,11281233.24999997,-11021798.24999997,11021798.24999997,121480036663702.4,block_only,in_sample,
22-23,4,1,2022-04-16,2022-08-01,162879156,175926524.37500006,-13047368.37500006,13047368.37500006,170233821512951.7,block_only,in_sample,
22-23,4,2,2022-08-16,2022-12-01,146199428,158038197.6875,-11838769.6875,11838769.6875,140156467713668.84,block_only,in_sample,
22-23,4,3,2022-12-16,2023-04-01,5430079,11281233.24999997,-5851154.24999997,5851154.24999997,34236006057292.715,block_only,in_sample,
23-24,4,1,2023-04-16,2023-08-01,180793759,175926524.37500006,4867234.62499994,4867234.62499994,23689972894798.31,block_only,in_sample,
23-24,4,2,2023-08-16,2023-12-01,184563612,158038197.6875,26525414.3125,26525414.3125,703597604449779.9,block_only,in_sample,
23-24,4,3,2023-12-16,2024-04-01,22245202,11281233.24999997,10963968.75000003,10963968.75000003,120208610750977.22,block_only,in_sample,
24-25,4,1,2024-04-16,2024-08-01,197071718,175926524.37500006,21145193.62499994,21145193.62499994,447119213438738.1,block_only,in_sample,
24-25,4,2,2024-08-16,2024-12-01,153139309,158038197.6875,-4898888.6875,4898888.6875,23999110372515.473,block_only,in_sample,
24-25,4,3,2024-12-16,2025-04-01,7238416,11281233.24999997,-4042817.24999997,4042817.24999997,16344371316897.322,block_only,in_sample,
25-26,4,1,2025-04-16,2025-08-01,173061665,175926524.37500006,-2864859.3750000596,2864859.3750000596,8207419238525.732,block_only,in_sample,
25-26,4,2,2025-08-16,2025-12-01,163702073,158038197.6875,5663875.3125,5663875.3125,32079483555546.973,block_only,in_sample,
25-26,4,3,2025-12-16,2026-04-01,8169327,11281233.24999997,-3111906.24999997,3111906.24999997,9683960508788.877,block_only,in_sample,
10-11,4,1,2010-04-16,2010-08-01,192289854,174835635.73333335,17454218.26666665,17454218.26666665,304649735300439.8,block_only,leave_one_season_out,10-11
10-11,4,2,2010-08-16,2010-12-01,156621221,158132662.79999998,-1511441.7999999821,1511441.7999999821,2284456314787.186,block_only,leave_one_season_out,10-11
10-11,4,3,2010-12-16,2011-04-01,6972194,11568502.533333302,-4596308.533333302,4596308.533333302,21126052133592.527,block_only,leave_one_season_out,10-11
11-12,4,1,2011-04-16,2011-08-01,164817362,176667135.20000002,-11849773.200000018,11849773.200000018,140417124891438.66,block_only,leave_one_season_out,11-12
11-12,4,2,2011-08-16,2011-12-01,137954725,159377095.86666667,-21422370.866666675,21422370.866666675,458917973549009.06,block_only,leave_one_season_out,11-12
11-12,4,3,2011-12-16,2012-04-01,854090,11976376.133333296,-11122286.133333296,11122286.133333296,123705248831738.11,block_only,leave_one_season_out,11-12
12-13,4,1,2012-04-16,2012-08-01,128251403,179104865.8,-50853462.80000001,50853462.80000001,2586074678750985.0,block_only,leave_one_season_out,12-13
12-13,4,2,2012-08-16,2012-12-01,186217114,156159603.26666668,30057510.73333332,30057510.73333332,903453951484447.8,block_only,leave_one_season_out,12-13
12-13,4,3,2012-12-16,2013-04-01,16279194,10948035.866666675,5331158.133333325,5331158.133333325,28421247042606.066,block_only,leave_one_season_out,12-13
13-14,4,1,2013-04-16,2013-08-01,165778101,176603085.93333334,-10824984.933333337,10824984.933333337,117180298806893.75,block_only,leave_one_season_out,13-14
13-14,4,2,2013-08-16,2013-12-01,184148315,156297523.2,27850791.800000012,27850791.800000012,775666603886947.9,block_only,leave_one_season_out,13-14
13-14,4,3,2013-12-16,2014-04-01,18968826,10768727.066666663,8200098.933333337,8200098.933333337,67241622516454.54,block_only,leave_one_season_out,13-14
14-15,4,1,2014-04-16,2014-08-01,173917950,176060429.3333333,-2142479.3333333135,2142479.3333333135,4590217693760.359,block_only,leave_one_season_out,14-15
14-15,4,2,2014-08-16,2014-12-01,155712324,158193255.9333333,-2480931.9333333075,2480931.9333333075,6155023257832.943,block_only,leave_one_season_out,14-15
14-15,4,3,2014-12-16,2015-04-01,7356753,11542865.26666665,-4186112.266666651,4186112.266666651,17523535909137.004,block_only,leave_one_season_out,14-15
15-16,4,1,2015-04-16,2015-08-01,161868401,176863732.60000002,-14995331.600000024,14995331.600000024,224859969793959.28,block_only,leave_one_season_out,15-16
15-16,4,2,2015-08-16,2015-12-01,169202513,157293910.0,11908603.0,11908603.0,141814825411609.0,block_only,leave_one_season_out,15-16
15-16,4,3,2015-12-16,2016-04-01,37251717,9549867.666666657,27701849.333333343,27701849.333333343,767392456486701.0,block_only,leave_one_season_out,15-16
16-17,4,1,2016-04-16,2016-08-01,187232304,175172805.73333332,12059498.26666668,12059498.26666668,145431498443736.7,block_only,leave_one_season_out,16-17
16-17,4,2,2016-08-16,2016-12-01,164235552,157625040.73333335,6610511.266666651,6610511.266666651,43698859206726.73,block_only,leave_one_season_out,16-17
16-17,4,3,2016-12-16,2017-04-01,14521783,11065196.599999964,3456586.4000000358,3456586.4000000358,11947989540665.207,block_only,leave_one_season_out,16-17
17-18,4,1,2017-04-16,2017-08-01,180019004,175653692.39999998,4365311.600000024,4365311.600000024,19055945365094.77,block_only,leave_one_season_out,17-18
17-18,4,2,2017-08-16,2017-12-01,161350549,157817374.26666665,3533174.733333349,3533174.733333349,12483323696265.184,block_only,leave_one_season_out,17-18
17-18,4,3,2017-12-16,2018-04-01,15772789,10981796.199999988,4790992.800000012,4790992.800000012,22953612009651.953,block_only,leave_one_season_out,17-18
18-19,4,1,2018-04-16,2018-08-01,190517898,174953766.13333333,15564131.866666675,15564131.866666675,242242200762989.06,block_only,leave_one_season_out,18-19
18-19,4,2,2018-08-16,2018-12-01,131878873,159782152.66666666,-27903279.666666657,27903279.666666657,778593016156212.9,block_only,leave_one_season_out,18-19
18-19,4,3,2018-12-16,2019-04-01,10941398,11303888.933333308,-362490.9333333075,362490.9333333075,131399676748.85239,block_only,leave_one_season_out,18-19
19-20,4,1,2019-04-16,2019-08-01,180557833,175617770.4666667,4940062.533333302,4940062.533333302,24404217833243.438,block_only,leave_one_season_out,19-20
19-20,4,2,2019-08-16,2019-12-01,156839887,158118085.0666667,-1278198.0666666925,1278198.0666666925,1633790297630.4705,block_only,leave_one_season_out,19-20
19-20,4,3,2019-12-16,2020-04-01,5915795,11638929.133333325,-5723134.133333325,5723134.133333325,32754264308124.992,block_only,leave_one_season_out,19-20
20-21,4,1,2020-04-16,2020-08-01,198524550,174419989.33333334,24104560.666666657,24104560.666666657,581029844933013.2,block_only,leave_one_season_out,20-21
20-21,4,2,2020-08-16,2020-12-01,155660231,158196728.8,-2536497.800000012,2536497.800000012,6433821089404.9,block_only,leave_one_season_out,20-21
20-21,4,3,2020-12-16,2021-04-01,2322734,11878466.533333302,-9555732.533333302,9555732.533333302,91312024248604.48,block_only,leave_one_season_out,20-21
21-22,4,1,2021-04-16,2021-08-01,177243432,175838730.53333336,1404701.4666666389,1404701.4666666389,1973186210455.4062,block_only,leave_one_season_out,21-22
21-22,4,2,2021-08-16,2021-12-01,121185437,160495048.4,-39309611.400000006,39309611.400000006,1545245548419010.5,block_only,leave_one_season_out,21-22
21-22,4,3,2021-12-16,2022-04-01,259435,12016019.799999982,-11756584.799999982,11756584.799999982,138217286159590.62,block_only,leave_one_season_out,21-22
22-23,4,1,2022-04-16,2022-08-01,162879156,176796348.93333334,-13917192.933333337,13917192.933333337,193688259143623.38,block_only,leave_one_season_out,22-23
22-23,4,2,2022-08-16,2022-12-01,146199428,158827449.0,-12628021.0,12628021.0,159466914376441.0,block_only,leave_one_season_out,22-23
22-23,4,3,2022-12-16,2023-04-01,5430079,11671310.199999988,-6241231.199999988,6241231.199999988,38952966891853.29,block_only,leave_one_season_out,22-23
23-24,4,1,2023-04-16,2023-08-01,180793759,175602042.06666666,5191716.933333337,5191716.933333337,26953924715860.113,block_only,leave_one_season_out,23-24
23-24,4,2,2023-08-16,2023-12-01,184563612,156269836.73333332,28293775.26666668,28293775.26666668,800537718840639.2,block_only,leave_one_season_out,23-24
23-24,4,3,2023-12-16,2024-04-01,22245202,10550302.0,11694900.0,11694900.0,136770686010000.0,block_only,leave_one_season_out,23-24
24-25,4,1,2024-04-16,2024-08-01,197071718,174516844.79999998,22554873.200000018,22554873.200000018,508722305068079.06,block_only,leave_one_season_out,24-25
24-25,4,2,2024-08-16,2024-12-01,153139309,158364790.26666668,-5225481.266666681,5225481.266666681,27305654468284.418,block_only,leave_one_season_out,24-25
24-25,4,3,2024-12-16,2025-04-01,7238416,11550754.399999976,-4312338.399999976,4312338.399999976,18596262476114.355,block_only,leave_one_season_out,24-25
25-26,4,1,2025-04-16,2025-08-01,173061665,176117515.0,-3055850.0,3055850.0,9338219222500.0,block_only,leave_one_season_out,25-26
25-26,4,2,2025-08-16,2025-12-01,163702073,157660606.0,6041467.0,6041467.0,36499323512089.0,block_only,leave_one_season_out,25-26
25-26,4,3,2025-12-16,2026-04-01,8169327,11488693.666666657,-3319366.6666666567,3319366.6666666567,11018195067777.71,block_only,leave_one_season_out,25-26
10-11,4,1,2010-04-16,2010-08-01,192289854,180771204.11329773,11518649.88670227,11518649.88670227,132679295212426.2,weather_block,in_sample,
10-11,4,2,2010-08-16,2010-12-01,156621221,162882877.42579776,-6261656.4257977605,6261656.4257977605,39208341194734.38,weather_block,in_sample,
10-11,4,3,2010-12-16,2011-04-01,6972194,16125912.98829776,-9153718.98829776,9153718.98829776,83790571316722.97,weather_block,in_sample,
11-12,4,1,2011-04-16,2011-08-01,164817362,178721996.66035372,-13904634.66035372,13904634.66035372,193338865037910.0,weather_block,in_sample,
11-12,4,2,2011-08-16,2011-12-01,137954725,160833669.97285375,-22878944.97285375,22878944.97285375,523446123070869.9,weather_block,in_sample,
11-12,4,3,2011-12-16,2012-04-01,854090,14076705.53535375,-13222615.53535375,13222615.53535375,174837561595778.34,weather_block,in_sample,
12-13,4,1,2012-04-16,2012-08-01,128251403,173899773.75992396,-45648370.759923965,45648370.759923965,2083773753035481.2,weather_block,in_sample,
12-13,4,2,2012-08-16,2012-12-01,186217114,156011447.07242396,30205666.927576035,30205666.927576035,912382314539660.6,weather_block,in_sample,
12-13,4,3,2012-12-16,2013-04-01,16279194,9254482.634923995,7024711.365076005,7024711.365076005,49346569762627.99,weather_block,in_sample,
13-14,4,1,2013-04-16,2013-08-01,165778101,176414488.1530462,-10636387.15304619,10636387.15304619,113132731669486.05,weather_block,in_sample,
13-14,4,2,2013-08-16,2013-12-01,184148315,158526161.46554622,25622153.53445378,25622153.53445378,656494751743122.2,weather_block,in_sample,
13-14,4,3,2013-12-16,2014-04-01,18968826,11769197.02804622,7199628.971953779,7199628.971953779,51834657333796.234,weather_block,in_sample,
14-15,4,1,2014-04-16,2014-08-01,173917950,172870801.40148517,1047148.5985148251,1047148.5985148251,1096520187371.5624,weather_block,in_sample,
14-15,4,2,2014-08-16,2014-12-01,155712324,154982474.71398517,729849.2860148251,729849.2860148251,532679980296.35,weather_block,in_sample,
14-15,4,3,2014-12-16,2015-04-01,7356753,8225510.276485175,-868757.2764851749,868757.2764851749,754739205445.9386,weather_block,in_sample,
15-16,4,1,2015-04-16,2015-08-01,161868401,175252607.59501067,-13384206.595010668,13384206.595010668,179136986177927.06,weather_block,in_sample,
15-16,4,2,2015-08-16,2015-12-01,169202513,157364280.9075107,11838232.092489302,11838232.092489302,140143739075643.64,weather_block,in_sample,
15-16,4,3,2015-12-16,2016-04-01,37251717,10607316.470010698,26644400.529989302,26644400.529989302,709924079602494.2,weather_block,in_sample,
16-17,4,1,2016-04-16,2016-08-01,187232304,180742072.72111896,6490231.278881043,6490231.278881043,42123102053365.86,weather_block,in_sample,
16-17,4,2,2016-08-16,2016-12-01,164235552,162853746.03361896,1381805.9663810432,1381805.9663810432,1909387728726.2488,weather_block,in_sample,
16-17,4,3,2016-12-16,2017-04-01,14521783,16096781.596118987,-1574998.5961189866,1574998.5961189866,2480620577776.779,weather_block,in_sample,
17-18,4,1,2017-04-16,2017-08-01,180019004,174874225.35301003,5144778.646989971,5144778.646989971,26468747326523.96,weather_block,in_sample,
17-18,4,2,2017-08-16,2017-12-01,161350549,156985898.66551003,4364650.334489971,4364650.334489971,19050172542363.418,weather_block,in_sample,
17-18,4,3,2017-12-16,2018-04-01,15772789,10228934.228010029,5543854.771989971,5543854.771989971,30734325732915.977,weather_block,in_sample,
18-19,4,1,2018-04-16,2018-08-01,190517898,176100240.7407864,14417657.259213597,14417657.259213597,207868840844154.53,weather_block,in_sample,
18-19,4,2,2018-08-16,2018-12-01,131878873,158211914.05328643,-26333041.053286433,26333041.053286433,693429051114068.6,weather_block,in_sample,
18-19,4,3,2018-12-16,2019-04-01,10941398,11454949.615786433,-513551.6157864332,513551.6157864332,263735262076.85632,weather_block,in_sample,
19-20,4,1,2019-04-16,2019-08-01,180557833,177042004.9370125,3515828.0629875064,3515828.0629875064,12361046968490.48,weather_block,in_sample,
19-20,4,2,2019-08-16,2019-12-01,156839887,159153678.2495125,-2313791.2495124936,2313791.2495124936,5353629946320.587,weather_block,in_sample,
19-20,4,3,2019-12-16,2020-04-01,5915795,12396713.812012523,-6480918.812012523,6480918.812012523,42002308647897.82,weather_block,in_sample,
20-21,4,1,2020-04-16,2020-08-01,198524550,175129230.83000585,23395319.169994146,23395319.169994146,547340959065895.56,weather_block,in_sample,
20-21,4,2,2020-08-16,2020-12-01,155660231,157240904.14250585,-1580673.1425058544,1580673.1425058544,2498527583439.333,weather_block,in_sample,
20-21,4,3,2020-12-16,2021-04-01,2322734,10483939.705005854,-8161205.705005854,8161205.705005854,66605278559420.1,weather_block,in_sample,
21-22,4,1,2021-04-16,2021-08-01,177243432,171766341.70300883,5477090.296991169,5477090.296991169,29998518121394.816,weather_block,in_sample,
21-22,4,2,2021-08-16,2021-12-01,121185437,153878015.01550886,-32692578.01550886,32692578.01550886,1068804657300133.2,weather_block,in_sample,
21-22,4,3,2021-12-16,2022-04-01,259435,7121050.57800886,-6861615.57800886,6861615.57800886,47081768340373.87,weather_block,in_sample,
22-23,4,1,2022-04-16,2022-08-01,162879156,175528326.4880331,-12649170.488033086,12649170.488033086,160001514035327.2,weather_block,in_sample,
22-23,4,2,2022-08-16,2022-12-01,146199428,157639999.80053312,-11440571.800533116,11440571.800533116,130886683123153.55,weather_block,in_sample,
22-23,4,3,2022-12-16,2023-04-01,5430079,10883035.363033116,-5452956.363033116,5452956.363033116,29734733097143.348,weather_block,in_sample,
23-24,4,1,2023-04-16,2023-08-01,180793759,176501941.88213566,4291817.117864341,4291817.117864341,18419694173193.375,weather_block,in_sample,
23-24,4,2,2023-08-16,2023-12-01,184563612,158613615.1946357,25949996.80536431,25949996.80536431,673402334198417.9,weather_block,in_sample,
23-24,4,3,2023-12-16,2024-04-01,22245202,11856650.75713569,10388551.24286431,10388551.24286431,107921996925617.61,weather_block,in_sample,
24-25,4,1,2024-04-16,2024-08-01,197071718,175026965.78690737,22044752.213092625,22044752.213092625,485971100136652.2,weather_block,in_sample,
24-25,4,2,2024-08-16,2024-12-01,153139309,157138639.0994074,-3999330.0994074047,3999330.0994074047,15994641244026.041,weather_block,in_sample,
24-25,4,3,2024-12-16,2025-04-01,7238416,10381674.661907405,-3143258.6619074047,3143258.6619074047,9880075015655.928,weather_block,in_sample,
25-26,4,1,2025-04-16,2025-08-01,173061665,174182167.87486386,-1120502.874863863,1120502.874863863,1255526692578.182,weather_block,in_sample,
25-26,4,2,2025-08-16,2025-12-01,163702073,156293841.1873639,7408231.812636107,7408231.812636107,54881898589753.664,weather_block,in_sample,
25-26,4,3,2025-12-16,2026-04-01,8169327,9536876.749863893,-1367549.7498638928,1367549.7498638928,1870192318352.7957,weather_block,in_sample,
10-11,4,1,2010-04-16,2010-08-01,192289854,180516075.70605043,11773778.293949574,11773778.293949574,138621855315078.14,weather_block,leave_one_season_out,10-11
10-11,4,2,2010-08-16,2010-12-01,156621221,163813102.77271706,-7191881.772717059,7191881.772717059,51723163432739.86,weather_block,leave_one_season_out,10-11
10-11,4,3,2010-12-16,2011-04-01,6972194,17248942.506050408,-10276748.506050408,10276748.506050408,105611559856609.3,weather_block,leave_one_season_out,10-11
11-12,4,1,2011-04-16,2011-08-01,164817362,181837667.53775853,-17020305.53775853,17020305.53775853,289690800598653.6,weather_block,leave_one_season_out,11-12
11-12,4,2,2011-08-16,2011-12-01,137954725,164547628.20442525,-26592903.204425246,26592903.204425246,707182500839930.5,weather_block,leave_one_season_out,11-12
11-12,4,3,2011-12-16,2012-04-01,854090,17146908.471091807,-16292818.471091807,16292818.471091807,265455933731950.38,weather_block,leave_one_season_out,11-12
12-13,4,1,2012-04-16,2012-08-01,128251403,177436010.20548475,-49184607.20548475,49184607.20548475,2419125585957822.0,weather_block,leave_one_season_out,12-13
12-13,4,2,2012-08-16,2012-12-01,186217114,154490747.67215148,31726366.327848524,31726366.327848524,1006562320368840.6,weather_block,leave_one_season_out,12-13
12-13,4,3,2012-12-16,2013-04-01,16279194,9279180.27215147,7000013.72784853,7000013.72784853,49000192190067.875,weather_block,leave_one_season_out,12-13
13-14,4,1,2013-04-16,2013-08-01,165778101,177028047.58839613,-11249946.588396132,11249946.588396132,126561298241765.77,weather_block,leave_one_season_out,13-14
13-14,4,2,2013-08-16,2013-12-01,184148315,156722484.8550628,27425830.144937187,27425830.144937187,752176159138945.4,weather_block,leave_one_season_out,13-14
13-14,4,3,2013-12-16,2014-04-01,18968826,11193688.721729428,7775137.278270572,7775137.278270572,60452759695952.73,weather_block,leave_one_season_out,13-14
14-15,4,1,2014-04-16,2014-08-01,173917950,172755280.52075467,1162669.4792453349,1162669.4792453349,1351800317968.6182,weather_block,leave_one_season_out,14-15
14-15,4,2,2014-08-16,2014-12-01,155712324,154888107.12075463,824216.8792453706,824216.8792453706,679333464032.9779,weather_block,leave_one_season_out,14-15
14-15,4,3,2014-12-16,2015-04-01,7356753,8237716.454087973,-880963.4540879726,880963.4540879726,776096607438.6115,weather_block,leave_one_season_out,14-15
15-16,4,1,2015-04-16,2015-08-01,161868401,176084910.85436273,-14216509.854362726,14216509.854362726,202109152439192.5,weather_block,leave_one_season_out,15-16
15-16,4,2,2015-08-16,2015-12-01,169202513,156515088.25436276,12687424.745637238,12687424.745637238,160970746676208.12,weather_block,leave_one_season_out,15-16
15-16,4,3,2015-12-16,2016-04-01,37251717,8771045.921029419,28480671.07897058,28480671.07897058,811148625108511.2,weather_block,leave_one_season_out,15-16
16-17,4,1,2016-04-16,2016-08-01,187232304,179247318.9922241,7984985.007775903,7984985.007775903,63759985574405.94,weather_block,leave_one_season_out,16-17
16-17,4,2,2016-08-16,2016-12-01,164235552,161699553.9922241,2535998.0077759027,2535998.0077759027,6431285895443.348,weather_block,leave_one_season_out,16-17
16-17,4,3,2016-12-16,2017-04-01,14521783,15139709.858890742,-617926.8588907421,617926.8588907421,381833602938.57904,weather_block,leave_one_season_out,16-17
17-18,4,1,2017-04-16,2017-08-01,180019004,173815269.0735302,6203734.926469803,6203734.926469803,38486327037901.29,weather_block,leave_one_season_out,17-18
17-18,4,2,2017-08-16,2017-12-01,161350549,155978950.94019687,5371598.059803128,5371598.059803128,28854065716080.73,weather_block,leave_one_season_out,17-18
17-18,4,3,2017-12-16,2018-04-01,15772789,9143372.873530269,6629416.126469731,6629416.126469731,43949158177896.94,weather_block,leave_one_season_out,17-18
18-19,4,1,2018-04-16,2018-08-01,190517898,175188171.89980248,15329726.100197524,15329726.100197524,235000502307077.2,weather_block,leave_one_season_out,18-19
18-19,4,2,2018-08-16,2018-12-01,131878873,160016558.43313578,-28137685.433135778,28137685.433135778,791729341534101.4,weather_block,leave_one_season_out,18-19
18-19,4,3,2018-12-16,2019-04-01,10941398,11538294.699802458,-596896.6998024583,596896.6998024583,356285670235.066,weather_block,leave_one_season_out,18-19
19-20,4,1,2019-04-16,2019-08-01,180557833,176839877.50841203,3717955.4915879667,3717955.4915879667,13823193037429.12,weather_block,leave_one_season_out,19-20
19-20,4,2,2019-08-16,2019-12-01,156839887,159340192.1084121,-2500305.108412087,2500305.108412087,6251525635151.578,weather_block,leave_one_season_out,19-20
19-20,4,3,2019-12-16,2020-04-01,5915795,12861036.17507869,-6945241.17507869,6945241.17507869,48236374980008.42,weather_block,leave_one_season_out,19-20
20-21,4,1,2020-04-16,2020-08-01,198524550,173529112.2518666,24995437.74813339,24995437.74813339,624771908220811.6,weather_block,leave_one_season_out,20-21
20-21,4,2,2020-08-16,2020-12-01,155660231,157305851.71853325,-1645620.7185332477,1645620.7185332477,2708067549265.8823,weather_block,leave_one_season_out,20-21
20-21,4,3,2020-12-16,2021-04-01,2322734,10987589.451866508,-8664855.451866508,8664855.451866508,75079720001740.73,weather_block,leave_one_season_out,20-21
21-22,4,1,2021-04-16,2021-08-01,177243432,174660829.40936464,2582602.5906353593,2582602.5906353593,6669836141156.469,weather_block,leave_one_season_out,21-22
21-22,4,2,2021-08-16,2021-12-01,121185437,159317147.27603137,-38131710.276031375,38131710.276031375,1454027328575196.8,weather_block,leave_one_season_out,21-22
21-22,4,3,2021-12-16,2022-04-01,259435,10838118.676031291,-10578683.676031291,10578683.676031291,111908548317530.92,weather_block,leave_one_season_out,21-22
22-23,4,1,2022-04-16,2022-08-01,162879156,176391294.71267036,-13512138.712670356,13512138.712670356,182577892590444.9,weather_block,leave_one_season_out,22-23
22-23,4,2,2022-08-16,2022-12-01,146199428,158422394.779337,-12222966.779336989,12222966.779336989,149400916888775.66,weather_block,leave_one_season_out,22-23
22-23,4,3,2022-12-16,2023-04-01,5430079,11266255.979337037,-5836176.979337037,5836176.979337037,34060961734143.58,weather_block,leave_one_season_out,22-23
23-24,4,1,2023-04-16,2023-08-01,180793759,174547367.9079745,6246391.092025489,6246391.092025489,39017401674535.375,weather_block,leave_one_season_out,23-24
23-24,4,2,2023-08-16,2023-12-01,184563612,155215162.57464108,29348449.42535892,29348449.42535892,861331483672850.4,weather_block,leave_one_season_out,23-24
23-24,4,3,2023-12-16,2024-04-01,22245202,9495627.841307849,12749574.158692151,12749574.158692151,162551641227990.7,weather_block,leave_one_season_out,23-24
24-25,4,1,2024-04-16,2024-08-01,197071718,167521104.02809095,29550613.971909046,29550613.971909046,873238786116786.1,weather_block,leave_one_season_out,24-25
24-25,4,2,2024-08-16,2024-12-01,153139309,151369049.4947576,1770259.5052424073,1770259.5052424073,3133818715901.093,weather_block,leave_one_season_out,24-25
24-25,4,3,2024-12-16,2025-04-01,7238416,4555013.628090918,2683402.371909082,2683402.371909082,7200648289567.287,weather_block,leave_one_season_out,24-25
25-26,4,1,2025-04-16,2025-08-01,173061665,173963251.33859876,-901586.338598758,901586.338598758,812857925947.9143,weather_block,leave_one_season_out,25-26
25-26,4,2,2025-08-16,2025-12-01,163702073,155506342.33859873,8195730.661401272,8195730.661401272,67170001074232.93,weather_block,leave_one_season_out,25-26
25-26,4,3,2025-12-16,2026-04-01,8169327,9334430.005265415,-1165103.0052654147,1165103.0052654147,1357465012878.501,weather_block,leave_one_season_out,25-26
10-11,5,1,2010-04-16,2010-09-01,244355501,228477432.125,15878068.875,15878068.875,252113071199243.75,block_only,in_sample,
10-11,5,2,2010-09-16,2011-02-01,110456335,113067735.43749999,-2611400.437499985,2611400.437499985,6819412244975.113,block_only,in_sample,
11-12,5,1,2011-04-16,2011-09-01,213957303,228477432.125,-14520129.125,14520129.125,210834149806673.25,block_only,in_sample,
11-12,5,2,2011-09-16,2012-02-01,89517221,113067735.43749999,-23550514.437499985,23550514.437499985,554626730270895.25,block_only,in_sample,
12-13,5,1,2012-04-16,2012-09-01,184929103,228477432.125,-43548329.125,43548329.125,1896456969579323.2,block_only,in_sample,
12-13,5,2,2012-09-16,2013-02-01,144619085,113067735.43749999,31551349.562500015,31551349.562500015,995487659215069.9,block_only,in_sample,
13-14,5,1,2013-04-16,2013-09-01,223645611,228477432.125,-4831821.125,4831821.125,23346495383996.266,block_only,in_sample,
13-14,5,2,2013-09-16,2014-02-01,142287845,113067735.43749999,29220109.562500015,29220109.562500015,853814802844504.8,block_only,in_sample,
14-15,5,1,2014-04-16,2014-09-01,228653715,228477432.125,176282.875,176282.875,31075652018.265625,block_only,in_sample,
14-15,5,2,2014-09-16,2015-02-01,106656435,113067735.43749999,-6411300.437499985,6411300.437499985,41104773299887.5,block_only,in_sample,
15-16,5,1,2015-04-16,2015-09-01,218569400,228477432.125,-9908032.125,9908032.125,98169100590032.02,block_only,in_sample,
15-16,5,2,2015-09-16,2016-02-01,135777582,113067735.43749999,22709846.562500015,22709846.562500015,515737130892293.75,block_only,in_sample,
16-17,5,1,2016-04-16,2016-09-01,237768230,228477432.125,9290797.875,9290797.875,86318925154104.52,block_only,in_sample,
16-17,5,2,2016-09-16,2017-02-01,121245348,113067735.43749999,8177612.562500015,8177612.562500015,66873347222358.06,block_only,in_sample,
17-18,5,1,2017-04-16,2017-09-01,229603936,228477432.125,1126503.875,1126503.875,1269010980390.0156,block_only,in_sample,
17-18,5,2,2017-09-16,2018-02-01,120073018,113067735.43749999,7005282.562500015,7005282.562500015,49073983780466.77,block_only,in_sample,
18-19,5,1,2018-04-16,2018-09-01,235213295,228477432.125,6735862.875,6735862.875,45371848670803.266,block_only,in_sample,
18-19,5,2,2018-09-16,2019-02-01,94211715,113067735.43749999,-18856020.437499985,18856020.437499985,355549506739417.1,block_only,in_sample,
19-20,5,1,2019-04-16,2019-09-01,233831046,228477432.125,5353613.875,5353613.875,28661181522592.516,block_only,in_sample,
19-20,5,2,2019-09-16,2020-02-01,104847774,113067735.43749999,-8219961.437499985,8219961.437499985,67567766033986.82,block_only,in_sample,
20-21,5,1,2020-04-16,2020-09-01,251300957,228477432.125,22823524.875,22823524.875,520913287719743.75,block_only,in_sample,
20-21,5,2,2020-09-16,2021-02-01,103511108,113067735.43749999,-9556627.437499985,9556627.437499985,91329127979177.53,block_only,in_sample,
21-22,5,1,2021-04-16,2021-09-01,228793589,228477432.125,316156.875,316156.875,99955169609.76562,block_only,in_sample,
21-22,5,2,2021-09-16,2022-02-01,69825962,113067735.43749999,-43241773.437499985,43241773.437499985,1869850970020079.2,block_only,in_sample,
22-23,5,1,2022-04-16,2022-09-01,211075796,228477432.125,-17401636.125,17401636.125,302816939826905.0,block_only,in_sample,
22-23,5,2,2022-09-16,2023-02-01,101027551,113067735.43749999,-12040184.437499985,12040184.437499985,144966041289016.84,block_only,in_sample,
23-24,5,1,2023-04-16,2023-09-01,236921368,228477432.125,8443935.875,8443935.875,71300053061112.02,block_only,in_sample,
23-24,5,2,2023-09-16,2024-02-01,146344652,113067735.43749999,33276916.562500015,33276916.562500015,1107353175907587.8,block_only,in_sample,
24-25,5,1,2024-04-16,2024-09-01,247386041,228477432.125,18908608.875,18908608.875,357535489587728.75,block_only,in_sample,
24-25,5,2,2024-09-16,2025-02-01,107169679,113067735.43749999,-5898056.437499985,5898056.437499985,34787069739935.016,block_only,in_sample,
25-26,5,1,2025-04-16,2025-09-01,229634023,228477432.125,1156590.875,1156590.875,1337702452133.2656,block_only,in_sample,
25-26,5,2,2025-09-16,2026-02-01,111512457,113067735.43749999,-1555278.437499985,1555278.437499985,2418891018152.395,block_only,in_sample,
10-11,5,1,2010-04-16,2010-09-01,244355501,227418894.2,16936606.800000012,16936606.800000012,286848649897806.6,block_only,leave_one_season_out,10-11
10-11,5,2,2010-09-16,2011-02-01,110456335,113241828.8,-2785493.799999997,2785493.799999997,7758975709838.424,block_only,leave_one_season_out,10-11
11-12,5,1,2011-04-16,2011-09-01,213957303,229445440.7333333,-15488137.73333329,15488137.73333329,239882410446702.44,block_only,leave_one_season_out,11-12
11-12,5,2,2011-09-16,2012-02-01,89517221,114637769.73333332,-25120548.73333332,25120548.73333332,631041968663774.2,block_only,leave_one_season_out,11-12
12-13,5,1,2012-04-16,2012-09-01,184929103,231380654.06666666,-46451551.06666666,46451551.06666666,2157746596499140.8,block_only,leave_one_season_out,12-13
12-13,5,2,2012-09-16,2013-02-01,144619085,110964312.13333334,33654772.86666666,33654772.86666666,1132643736706922.5,block_only,leave_one_season_out,12-13
13-14,5,1,2013-04-16,2013-09-01,223645611,228799553.53333333,-5153942.533333331,5153942.533333331,26563123636902.4,block_only,leave_one_season_out,13-14
13-14,5,2,2013-09-16,2014-02-01,142287845,111119728.13333334,31168116.86666666,31168116.86666666,971451509014190.8,block_only,leave_one_season_out,13-14
14-15,5,1,2014-04-16,2014-09-01,228653715,228465679.9333333,188035.0666666925,188035.0666666925,35357186296.34749,block_only,leave_one_season_out,14-15
14-15,5,2,2014-09-16,2015-02-01,106656435,113495155.46666668,-6838720.466666684,6838720.466666684,46768097621205.78,block_only,leave_one_season_out,14-15
15-16,5,1,2015-04-16,2015-09-01,218569400,229137967.59999996,-10568567.599999964,10568567.599999964,111694621115769.0,block_only,leave_one_season_out,15-16
15-16,5,2,2015-09-16,2016-02-01,135777582,111553745.66666666,24223836.333333343,24223836.333333343,586794246704120.6,block_only,leave_one_season_out,15-16
16-17,5,1,2016-04-16,2016-09-01,237768230,227858045.6,9910184.400000006,9910184.400000006,98211754842003.48,block_only,leave_one_season_out,16-17
16-17,5,2,2016-09-16,2017-02-01,121245348,112522561.26666668,8722786.73333332,8722786.73333332,76087008395215.77,block_only,leave_one_season_out,16-17
17-18,5,1,2017-04-16,2017-09-01,229603936,228402331.86666664,1201604.1333333552,1201604.1333333552,1443852493243.8037,block_only,leave_one_season_out,17-18
17-18,5,2,2017-09-16,2018-02-01,120073018,112600716.6,7472301.400000006,7472301.400000006,55835288212442.05,block_only,leave_one_season_out,17-18
18-19,5,1,2018-04-16,2018-09-01,235213295,228028374.6,7184920.400000006,7184920.400000006,51623081154336.24,block_only,leave_one_season_out,18-19
18-19,5,2,2018-09-16,2019-02-01,94211715,114324803.46666667,-20113088.46666667,20113088.46666667,404536327667959.75,block_only,leave_one_season_out,18-19
19-20,5,1,2019-04-16,2019-09-01,233831046,228120524.5333333,5710521.466666698,5710521.466666698,32610055421261.18,block_only,leave_one_season_out,19-20
19-20,5,2,2019-09-16,2020-02-01,104847774,113615732.86666666,-8767958.86666666,8767958.86666666,76877102687558.5,block_only,leave_one_season_out,19-20
20-21,5,1,2020-04-16,2020-09-01,251300957,226955863.8,24345093.199999988,24345093.199999988,592683562916685.6,block_only,leave_one_season_out,20-21
20-21,5,2,2020-09-16,2021-02-01,103511108,113704843.93333335,-10193735.933333352,10193735.933333352,103912252278531.6,block_only,leave_one_season_out,20-21
21-22,5,1,2021-04-16,2021-09-01,228793589,228456354.99999997,337234.0000000298,337234.0000000298,113726770756.0201,block_only,leave_one_season_out,21-22
21-22,5,2,2021-09-16,2022-02-01,69825962,115950520.33333334,-46124558.33333334,46124558.33333334,2127474881445070.2,block_only,leave_one_season_out,21-22
22-23,5,1,2022-04-16,2022-09-01,211075796,229637541.2,-18561745.199999988,18561745.199999988,344538384869722.6,block_only,leave_one_season_out,22-23
22-23,5,2,2022-09-16,2023-02-01,101027551,113870414.4,-12842863.400000006,12842863.400000006,164939140311059.72,block_only,leave_one_season_out,22-23
23-24,5,1,2023-04-16,2023-09-01,236921368,227914503.06666666,9006864.933333337,9006864.933333337,81123615927309.75,block_only,leave_one_season_out,23-24
23-24,5,2,2023-09-16,2024-02-01,146344652,110849274.33333333,35495377.66666667,35495377.66666667,1259921835699299.2,block_only,leave_one_season_out,23-24
24-25,5,1,2024-04-16,2024-09-01,247386041,227216858.2,20169182.800000012,20169182.800000012,406795934819816.3,block_only,leave_one_season_out,24-25
24-25,5,2,2024-09-16,2025-02-01,107169679,113460939.19999999,-6291260.199999988,6291260.199999988,39579954904103.89,block_only,leave_one_season_out,24-25
25-26,5,1,2025-04-16,2025-09-01,229634023,228400326.06666666,1233696.9333333373,1233696.9333333373,1522008123316.0808,block_only,leave_one_season_out,25-26
25-26,5,2,2025-09-16,2026-02-01,111512457,113171420.66666666,-1658963.6666666567,1658963.6666666567,2752160447320.078,block_only,leave_one_season_out,25-26
10-11,5,1,2010-04-16,2010-09-01,244355501,235416460.34893894,8939040.651061058,8939040.651061058,79906447761322.11,weather_block,in_sample,
10-11,5,2,2010-09-16,2011-02-01,110456335,120006763.66143894,-9550428.661438942,9550428.661438942,91210687617234.42,weather_block,in_sample,
11-12,5,1,2011-04-16,2011-09-01,213957303,232461837.70968783,-18504534.70968783,18504534.70968783,342417804822041.6,weather_block,in_sample,
11-12,5,2,2011-09-16,2012-02-01,89517221,117052141.0221878,-27534920.0221878,27534920.0221878,758171820628278.5,weather_block,in_sample,
12-13,5,1,2012-04-16,2012-09-01,184929103,225520847.2560086,-40591744.256008595,40591744.256008595,1647689701745206.8,weather_block,in_sample,
12-13,5,2,2012-09-16,2013-02-01,144619085,110111150.56850857,34507934.431491435,34507934.431491435,1190797538728112.0,weather_block,in_sample,
13-14,5,1,2013-04-16,2013-09-01,223645611,229161144.9596606,-5515533.95966059,5515533.95966059,30421114860169.223,weather_block,in_sample,
13-14,5,2,2013-09-16,2014-02-01,142287845,113751448.27216057,28536396.727839425,28536396.727839425,814325938208644.6,weather_block,in_sample,
14-15,5,1,2014-04-16,2014-09-01,228653715,224074694.33977354,4579020.660226464,4579020.660226464,20967430206780.805,weather_block,in_sample,
14-15,5,2,2014-09-16,2015-02-01,106656435,108664997.6522735,-2008562.652273506,2008562.652273506,4034323928107.9805,weather_block,in_sample,
15-16,5,1,2015-04-16,2015-09-01,218569400,227504860.95412475,-8935460.954124749,8935460.954124749,79842462462687.97,weather_block,in_sample,
15-16,5,2,2015-09-16,2016-02-01,135777582,112095164.26662473,23682417.733375266,23682417.733375266,560856909698087.25,weather_block,in_sample,
16-17,5,1,2016-04-16,2016-09-01,237768230,235420882.32948855,2347347.6705114543,2347347.6705114543,5510041086255.551,weather_block,in_sample,
16-17,5,2,2016-09-16,2017-02-01,121245348,120011185.64198853,1234162.3580114692,1234162.3580114692,1523156725932.43,weather_block,in_sample,
17-18,5,1,2017-04-16,2017-09-01,229603936,226915092.69669852,2688843.3033014834,2688843.3033014834,7229878309709.233,weather_block,in_sample,
17-18,5,2,2017-09-16,2018-02-01,120073018,111505396.0091985,8567621.990801498,8567621.990801498,73404146577265.42,weather_block,in_sample,
18-19,5,1,2018-04-16,2018-09-01,235213295,228709439.86818618,6503855.131813824,6503855.131813824,42300131575621.016,weather_block,in_sample,
18-19,5,2,2018-09-16,2019-02-01,94211715,113299743.18068615,-19088028.180686146,19088028.180686146,364352819826668.44,weather_block,in_sample,
19-20,5,1,2019-04-16,2019-09-01,233831046,230085256.0723162,3745789.9276838005,3745789.9276838005,14030942182337.41,weather_block,in_sample,
19-20,5,2,2019-09-16,2020-02-01,104847774,114675559.3848162,-9827785.3848162,9827785.3848162,96585365570006.89,weather_block,in_sample,
20-21,5,1,2020-04-16,2020-09-01,251300957,227339538.9030094,23961418.096990585,23961418.096990585,574149557218787.9,weather_block,in_sample,
20-21,5,2,2020-09-16,2021-02-01,103511108,111929842.21550938,-8418734.215509385,8418734.215509385,70875085791388.42,weather_block,in_sample,
21-22,5,1,2021-04-16,2021-09-01,228793589,222532514.31987986,6261074.68012014,6261074.68012014,39201056150041.516,weather_block,in_sample,
21-22,5,2,2021-09-16,2022-02-01,69825962,107122817.63237986,-37296855.63237986,37296855.63237986,1391055440062585.2,weather_block,in_sample,
22-23,5,1,2022-04-16,2022-09-01,211075796,227907785.18117857,-16831989.18117857,16831989.18117857,283315859795312.44,weather_block,in_sample,
22-23,5,2,2022-09-16,2023-02-01,101027551,112498088.49367857,-11470537.49367857,11470537.49367857,131573230393885.84,weather_block,in_sample,
23-24,5,1,2023-04-16,2023-09-01,236921368,229250219.37822855,7671148.621771455,7671148.621771455,58846521177306.09,weather_block,in_sample,
23-24,5,2,2023-09-16,2024-02-01,146344652,113840522.69072852,32504129.309271485,32504129.309271485,1056518422153841.5,weather_block,in_sample,
24-25,5,1,2024-04-16,2024-09-01,247386041,227307277.21569058,20078763.784309417,20078763.784309417,403156755106095.44,weather_block,in_sample,
24-25,5,2,2024-09-16,2025-02-01,107169679,111897580.52819058,-4727901.528190583,4727901.528190583,22353052860266.85,weather_block,in_sample,
25-26,5,1,2025-04-16,2025-09-01,229634023,226031062.46712938,3602960.5328706205,3602960.5328706205,12981324601423.346,weather_block,in_sample,
25-26,5,2,2025-09-16,2026-02-01,111512457,110621365.77962938,891091.2203706205,891091.2203706205,794043563021.6017,weather_block,in_sample,
10-11,5,1,2010-04-16,2010-09-01,244355501,234941205.8281093,9414295.171890706,9414295.171890706,88628953583484.66,weather_block,leave_one_season_out,10-11
10-11,5,2,2010-09-16,2011-02-01,110456335,120764140.42810929,-10307805.428109288,10307805.428109288,106250852743759.31,weather_block,leave_one_season_out,10-11
11-12,5,1,2011-04-16,2011-09-01,213957303,236718088.89831868,-22760785.89831868,22760785.89831868,518053374709102.4,weather_block,leave_one_season_out,11-12
11-12,5,2,2011-09-16,2012-02-01,89517221,121910417.89831866,-32393196.898318663,32393196.898318663,1049319205293241.9,weather_block,leave_one_season_out,11-12
12-13,5,1,2012-04-16,2012-09-01,184929103,228761424.03150785,-43832321.03150785,43832321.03150785,1921272367009165.2,weather_block,leave_one_season_out,12-13
12-13,5,2,2012-09-16,2013-02-01,144619085,108345082.09817448,36274002.90182552,36274002.90182552,1315803286521646.0,weather_block,leave_one_season_out,12-13
13-14,5,1,2013-04-16,2013-09-01,223645611,229380151.22316384,-5734540.223163843,5734540.223163843,32884951571084.02,weather_block,leave_one_season_out,13-14
13-14,5,2,2013-09-16,2014-02-01,142287845,111700325.8231639,30587519.176836103,30587519.176836103,935596329393316.4,weather_block,leave_one_season_out,13-14
14-15,5,1,2014-04-16,2014-09-01,228653715,223575372.86121553,5078342.138784468,5078342.138784468,25789558878554.008,weather_block,leave_one_season_out,14-15
14-15,5,2,2014-09-16,2015-02-01,106656435,108604848.39454883,-1948413.3945488334,1948413.3945488334,3796314756057.3076,weather_block,leave_one_season_out,14-15
15-16,5,1,2015-04-16,2015-09-01,218569400,228047697.61281434,-9478297.612814337,9478297.612814337,89838125637081.95,weather_block,leave_one_season_out,15-16
15-16,5,2,2015-09-16,2016-02-01,135777582,110463475.679481,25314106.320519,25314106.320519,640803978806540.0,weather_block,leave_one_season_out,15-16
16-17,5,1,2016-04-16,2016-09-01,237768230,234358295.08219123,3409934.917808771,3409934.917808771,11627656143691.512,weather_block,leave_one_season_out,16-17
16-17,5,2,2016-09-16,2017-02-01,121245348,119022810.74885787,2222537.2511421293,2222537.2511421293,4939671832714.412,weather_block,leave_one_season_out,16-17
17-18,5,1,2017-04-16,2017-09-01,229603936,225932758.89677426,3671177.103225738,3671177.103225738,13477541323248.92,weather_block,leave_one_season_out,17-18
17-18,5,2,2017-09-16,2018-02-01,120073018,110131143.63010755,9941874.369892448,9941874.369892448,98840865986724.36,weather_block,leave_one_season_out,17-18
18-19,5,1,2018-04-16,2018-09-01,235213295,228350432.0360888,6862862.9639112055,6862862.9639112055,47098888061424.09,weather_block,leave_one_season_out,18-19
18-19,5,2,2018-09-16,2019-02-01,94211715,114646860.90275548,-20435145.902755484,20435145.902755484,417595188066904.25,weather_block,leave_one_season_out,18-19
19-20,5,1,2019-04-16,2019-09-01,233831046,229891290.57141972,3939755.428580284,3939755.428580284,15521672837027.818,weather_block,leave_one_season_out,19-20
19-20,5,2,2019-09-16,2020-02-01,104847774,115386498.9047531,-10538724.904753104,10538724.904753104,111064722618063.31,weather_block,leave_one_season_out,19-20
20-21,5,1,2020-04-16,2020-09-01,251300957,225673073.42393017,25627883.57606983,25627883.57606983,656788416588589.9,weather_block,leave_one_season_out,20-21
20-21,5,2,2020-09-16,2021-02-01,103511108,112422053.55726351,-8910945.557263508,8910945.557263508,79404950724514.27,weather_block,leave_one_season_out,20-21
21-22,5,1,2021-04-16,2021-09-01,228793589,226568175.8411969,2225413.1588031054,2225413.1588031054,4952463727374.016,weather_block,leave_one_season_out,21-22
21-22,5,2,2021-09-16,2022-02-01,69825962,114062341.17453027,-44236379.17453027,44236379.17453027,1956857242472815.2,weather_block,leave_one_season_out,21-22
22-23,5,1,2022-04-16,2022-09-01,211075796,229058213.2205181,-17982417.220518112,17982417.220518112,323367329092786.4,weather_block,leave_one_season_out,22-23
22-23,5,2,2022-09-16,2023-02-01,101027551,113291086.42051809,-12263535.420518085,12263535.420518085,150394301010301.7,weather_block,leave_one_season_out,22-23
23-24,5,1,2023-04-16,2023-09-01,236921368,226264161.90029165,10657206.099708349,10657206.099708349,113576041851660.83,weather_block,leave_one_season_out,23-24
23-24,5,2,2023-09-16,2024-02-01,146344652,109198933.1669583,37145718.8330417,37145718.8330417,1379804427623388.8,weather_block,leave_one_season_out,23-24
24-25,5,1,2024-04-16,2024-09-01,247386041,216641753.29185757,30744287.70814243,30744287.70814243,945211226681037.6,weather_block,leave_one_season_out,24-25
24-25,5,2,2024-09-16,2025-02-01,107169679,102885834.29185756,4283844.7081424445,4283844.7081424445,18351325483480.027,weather_block,leave_one_season_out,24-25
25-26,5,1,2025-04-16,2025-09-01,229634023,225388584.3924757,4245438.607524306,4245438.607524306,18023748970257.914,weather_block,leave_one_season_out,25-26
25-26,5,2,2025-09-16,2026-02-01,111512457,110159678.99247566,1352778.0075243413,1352778.0075243413,1830008337641.5269,weather_block,leave_one_season_out,25-26
