grid_id,grid_latitude,grid_longitude,year,mapped_eligible_municipalities,usable_area_municipalities,unavailable_area_municipalities,matched_support_municipalities,explicit_or_numeric_zero_area_municipalities,observed_harvested_area_denominator_ha,matched_support_harvested_area_ha,positive_area_denominator,support_coverage,coverage_bucket
era5_-20.00_-47.50,-20.0,-47.5,1974,4,4,0,2,2,7800.0,7800.0,True,1.0,100%
era5_-20.00_-47.50,-20.0,-47.5,1975,4,4,0,2,2,10300.0,10300.0,True,1.0,100%
era5_-20.00_-47.50,-20.0,-47.5,1976,4,4,0,3,1,12020.0,12020.0,True,1.0,100%
era5_-20.00_-47.50,-20.0,-47.5,1977,4,4,0,3,1,11520.0,11520.0,True,1.0,100%
era5_-20.00_-47.50,-20.0,-47.5,1978,4,4,0,3,1,13289.0,13289.0,True,1.0,100%
era5_-20.00_-47.50,-20.0,-47.5,1979,4,4,0,3,1,14158.0,14158.0,True,1.0,100%
era5_-20.00_-47.50,-20.0,-47.5,1980,4,4,0,3,1,14033.0,14033.0,True,1.0,100%
era5_-20.00_-47.50,-20.0,-47.5,1981,4,4,0,3,1,15602.0,15602.0,True,1.0,100%
era5_-20.00_-47.50,-20.0,-47.5,1982,4,4,0,3,1,19853.0,19853.0,True,1.0,100%
era5_-20.00_-47.50,-20.0,-47.5,1983,4,4,0,3,1,21527.0,21527.0,True,1.0,100%
era5_-20.00_-47.50,-20.0,-47.5,1984,4,4,0,3,1,22251.0,22251.0,True,1.0,100%
era5_-20.00_-47.50,-20.0,-47.5,1985,4,4,0,3,1,22958.0,22958.0,True,1.0,100%
era5_-20.00_-47.50,-20.0,-47.5,1986,4,4,0,3,1,18270.0,18270.0,True,1.0,100%
era5_-20.00_-47.50,-20.0,-47.5,1987,4,4,0,4,0,21935.0,21935.0,True,1.0,100%
era5_-20.00_-47.50,-20.0,-47.5,1988,4,4,0,4,0,18535.0,18535.0,True,1.0,100%
era5_-20.00_-47.50,-20.0,-47.5,1989,4,4,0,4,0,18535.0,18535.0,True,1.0,100%
era5_-20.00_-47.50,-20.0,-47.5,1990,4,4,0,3,1,20700.0,20700.0,True,1.0,100%
era5_-20.00_-47.50,-20.0,-47.5,1991,4,4,0,3,1,18100.0,18100.0,True,1.0,100%
era5_-20.00_-47.50,-20.0,-47.5,1992,4,4,0,3,1,18600.0,18600.0,True,1.0,100%
era5_-20.00_-47.50,-20.0,-47.5,1993,4,4,0,3,1,19600.0,19600.0,True,1.0,100%
era5_-20.00_-47.50,-20.0,-47.5,1994,4,4,0,4,0,23884.0,23884.0,True,1.0,100%
era5_-20.00_-47.50,-20.0,-47.5,1995,4,4,0,4,0,23584.0,23584.0,True,1.0,100%
era5_-20.00_-47.50,-20.0,-47.5,1996,4,4,0,4,0,23584.0,23584.0,True,1.0,100%
era5_-20.00_-47.50,-20.0,-47.5,1997,4,4,0,4,0,30776.0,30776.0,True,1.0,100%
era5_-20.00_-47.50,-20.0,-47.5,1998,4,4,0,3,1,33973.0,33973.0,True,1.0,100%
era5_-20.00_-47.50,-20.0,-47.5,1999,4,4,0,3,1,33990.0,33990.0,True,1.0,100%
era5_-20.00_-47.50,-20.0,-47.5,2000,4,4,0,3,1,31000.0,31000.0,True,1.0,100%
era5_-20.00_-47.50,-20.0,-47.5,2001,4,4,0,4,0,33725.0,33725.0,True,1.0,100%
era5_-20.00_-47.50,-20.0,-47.5,2002,4,4,0,4,0,35675.0,35675.0,True,1.0,100%
era5_-20.00_-47.50,-20.0,-47.5,2003,4,4,0,4,0,38225.0,38225.0,True,1.0,100%
era5_-20.00_-47.50,-20.0,-47.5,2004,4,4,0,4,0,38225.0,38225.0,True,1.0,100%
era5_-20.00_-47.50,-20.0,-47.5,2005,4,4,0,4,0,41380.0,41380.0,True,1.0,100%
era5_-20.00_-47.50,-20.0,-47.5,2006,4,4,0,4,0,44700.0,44700.0,True,1.0,100%
era5_-20.00_-47.50,-20.0,-47.5,2007,4,4,0,4,0,49100.0,49100.0,True,1.0,100%
era5_-20.00_-47.50,-20.0,-47.5,2008,4,4,0,4,0,25568.0,25568.0,True,1.0,100%
era5_-20.00_-47.50,-20.0,-47.5,2009,4,4,0,4,0,53228.0,53228.0,True,1.0,100%
era5_-20.00_-47.50,-20.0,-47.5,2010,4,4,0,4,0,53228.0,53228.0,True,1.0,100%
era5_-20.00_-47.50,-20.0,-47.5,2011,4,4,0,4,0,53228.0,53228.0,True,1.0,100%
era5_-20.00_-47.50,-20.0,-47.5,2012,4,4,0,4,0,51328.0,51328.0,True,1.0,100%
era5_-20.00_-47.50,-20.0,-47.5,2013,4,4,0,4,0,50898.0,50898.0,True,1.0,100%
era5_-20.00_-47.50,-20.0,-47.5,2014,4,4,0,4,0,48662.0,48662.0,True,1.0,100%
era5_-20.00_-47.50,-20.0,-47.5,2015,4,4,0,4,0,48242.0,48242.0,True,1.0,100%
era5_-20.00_-47.50,-20.0,-47.5,2016,4,4,0,4,0,49582.0,49582.0,True,1.0,100%
era5_-20.00_-47.50,-20.0,-47.5,2017,4,4,0,4,0,53282.0,53282.0,True,1.0,100%
era5_-20.00_-47.50,-20.0,-47.5,2018,4,4,0,4,0,53282.0,53282.0,True,1.0,100%
era5_-20.00_-47.50,-20.0,-47.5,2019,4,4,0,4,0,51600.0,51600.0,True,1.0,100%
era5_-20.00_-47.50,-20.0,-47.5,2020,4,4,0,4,0,51250.0,51250.0,True,1.0,100%
era5_-20.00_-47.50,-20.0,-47.5,2021,4,4,0,4,0,51660.0,51660.0,True,1.0,100%
era5_-20.00_-47.50,-20.0,-47.5,2022,4,4,0,4,0,49877.0,49877.0,True,1.0,100%
era5_-20.00_-47.50,-20.0,-47.5,2023,4,4,0,4,0,49877.0,49877.0,True,1.0,100%
era5_-20.00_-47.50,-20.0,-47.5,2024,4,4,0,4,0,42370.0,42370.0,True,1.0,100%
era5_-20.00_-47.50,-20.0,-47.5,2025,4,4,0,4,0,41275.0,41275.0,True,1.0,100%
era5_-20.00_-49.50,-20.0,-49.5,1974,4,4,0,0,4,0.0,0.0,False,,invalid_nonpositive_denominator
era5_-20.00_-49.50,-20.0,-49.5,1975,4,4,0,0,4,0.0,0.0,False,,invalid_nonpositive_denominator
era5_-20.00_-49.50,-20.0,-49.5,1976,4,4,0,0,4,0.0,0.0,False,,invalid_nonpositive_denominator
era5_-20.00_-49.50,-20.0,-49.5,1977,4,4,0,0,4,0.0,0.0,False,,invalid_nonpositive_denominator
era5_-20.00_-49.50,-20.0,-49.5,1978,4,4,0,0,4,0.0,0.0,False,,invalid_nonpositive_denominator
era5_-20.00_-49.50,-20.0,-49.5,1979,4,4,0,0,4,0.0,0.0,False,,invalid_nonpositive_denominator
era5_-20.00_-49.50,-20.0,-49.5,1980,4,4,0,2,2,1923.0,1923.0,True,1.0,100%
era5_-20.00_-49.50,-20.0,-49.5,1981,4,4,0,2,2,2138.0,2138.0,True,1.0,100%
era5_-20.00_-49.50,-20.0,-49.5,1982,4,4,0,2,2,3435.0,3435.0,True,1.0,100%
era5_-20.00_-49.50,-20.0,-49.5,1983,4,4,0,2,2,4972.0,4972.0,True,1.0,100%
era5_-20.00_-49.50,-20.0,-49.5,1984,4,4,0,2,2,6253.0,6253.0,True,1.0,100%
era5_-20.00_-49.50,-20.0,-49.5,1985,4,4,0,2,2,6253.0,6253.0,True,1.0,100%
era5_-20.00_-49.50,-20.0,-49.5,1986,4,4,0,2,2,6600.0,6600.0,True,1.0,100%
era5_-20.00_-49.50,-20.0,-49.5,1987,4,4,0,2,2,6600.0,6600.0,True,1.0,100%
era5_-20.00_-49.50,-20.0,-49.5,1988,4,4,0,2,2,6600.0,6600.0,True,1.0,100%
era5_-20.00_-49.50,-20.0,-49.5,1989,4,4,0,2,2,7319.0,7319.0,True,1.0,100%
era5_-20.00_-49.50,-20.0,-49.5,1990,4,4,0,2,2,9359.0,9359.0,True,1.0,100%
era5_-20.00_-49.50,-20.0,-49.5,1991,4,4,0,2,2,9359.0,9359.0,True,1.0,100%
era5_-20.00_-49.50,-20.0,-49.5,1992,4,4,0,2,2,9700.0,9700.0,True,1.0,100%
era5_-20.00_-49.50,-20.0,-49.5,1993,4,4,0,2,2,8363.0,8363.0,True,1.0,100%
era5_-20.00_-49.50,-20.0,-49.5,1994,4,4,0,3,1,12520.0,12520.0,True,1.0,100%
era5_-20.00_-49.50,-20.0,-49.5,1995,4,4,0,2,2,8667.0,8667.0,True,1.0,100%
era5_-20.00_-49.50,-20.0,-49.5,1996,4,4,0,4,0,15520.0,15520.0,True,1.0,100%
era5_-20.00_-49.50,-20.0,-49.5,1997,4,4,0,4,0,16720.0,16720.0,True,1.0,100%
era5_-20.00_-49.50,-20.0,-49.5,1998,4,4,0,4,0,20640.0,20640.0,True,1.0,100%
era5_-20.00_-49.50,-20.0,-49.5,1999,4,4,0,3,1,22720.0,22720.0,True,1.0,100%
era5_-20.00_-49.50,-20.0,-49.5,2000,4,4,0,3,1,21914.0,21914.0,True,1.0,100%
era5_-20.00_-49.50,-20.0,-49.5,2001,4,4,0,3,1,24849.0,24849.0,True,1.0,100%
era5_-20.00_-49.50,-20.0,-49.5,2002,4,4,0,3,1,26785.0,26785.0,True,1.0,100%
era5_-20.00_-49.50,-20.0,-49.5,2003,4,4,0,3,1,25496.0,25496.0,True,1.0,100%
era5_-20.00_-49.50,-20.0,-49.5,2004,4,4,0,3,1,28615.0,28615.0,True,1.0,100%
era5_-20.00_-49.50,-20.0,-49.5,2005,4,4,0,4,0,33662.0,33662.0,True,1.0,100%
era5_-20.00_-49.50,-20.0,-49.5,2006,4,4,0,4,0,38723.0,38723.0,True,1.0,100%
era5_-20.00_-49.50,-20.0,-49.5,2007,4,4,0,4,0,44050.0,44050.0,True,1.0,100%
era5_-20.00_-49.50,-20.0,-49.5,2008,4,4,0,4,0,65270.0,65270.0,True,1.0,100%
era5_-20.00_-49.50,-20.0,-49.5,2009,4,4,0,4,0,67312.0,67312.0,True,1.0,100%
era5_-20.00_-49.50,-20.0,-49.5,2010,4,4,0,4,0,70515.0,70515.0,True,1.0,100%
era5_-20.00_-49.50,-20.0,-49.5,2011,4,4,0,4,0,77805.0,77805.0,True,1.0,100%
era5_-20.00_-49.50,-20.0,-49.5,2012,4,4,0,4,0,76500.0,76500.0,True,1.0,100%
era5_-20.00_-49.50,-20.0,-49.5,2013,4,4,0,4,0,67043.0,67043.0,True,1.0,100%
era5_-20.00_-49.50,-20.0,-49.5,2014,4,4,0,4,0,67693.0,67693.0,True,1.0,100%
era5_-20.00_-49.50,-20.0,-49.5,2015,4,4,0,4,0,70450.0,70450.0,True,1.0,100%
era5_-20.00_-49.50,-20.0,-49.5,2016,4,4,0,4,0,73673.0,73673.0,True,1.0,100%
era5_-20.00_-49.50,-20.0,-49.5,2017,4,4,0,4,0,87596.0,87596.0,True,1.0,100%
era5_-20.00_-49.50,-20.0,-49.5,2018,4,4,0,4,0,83666.0,83666.0,True,1.0,100%
era5_-20.00_-49.50,-20.0,-49.5,2019,4,4,0,4,0,87600.0,87600.0,True,1.0,100%
era5_-20.00_-49.50,-20.0,-49.5,2020,4,4,0,4,0,77340.0,77340.0,True,1.0,100%
era5_-20.00_-49.50,-20.0,-49.5,2021,4,4,0,4,0,76840.0,76840.0,True,1.0,100%
era5_-20.00_-49.50,-20.0,-49.5,2022,4,4,0,4,0,73020.0,73020.0,True,1.0,100%
era5_-20.00_-49.50,-20.0,-49.5,2023,4,4,0,4,0,73000.0,73000.0,True,1.0,100%
era5_-20.00_-49.50,-20.0,-49.5,2024,4,4,0,4,0,73500.0,73500.0,True,1.0,100%
era5_-20.00_-49.50,-20.0,-49.5,2025,4,4,0,4,0,77300.0,77300.0,True,1.0,100%
era5_-20.00_-50.00,-20.0,-50.0,1974,2,2,0,0,2,0.0,0.0,False,,invalid_nonpositive_denominator
era5_-20.00_-50.00,-20.0,-50.0,1975,2,2,0,0,2,0.0,0.0,False,,invalid_nonpositive_denominator
era5_-20.00_-50.00,-20.0,-50.0,1976,2,2,0,0,2,0.0,0.0,False,,invalid_nonpositive_denominator
era5_-20.00_-50.00,-20.0,-50.0,1977,2,2,0,0,2,0.0,0.0,False,,invalid_nonpositive_denominator
era5_-20.00_-50.00,-20.0,-50.0,1978,2,2,0,0,2,0.0,0.0,False,,invalid_nonpositive_denominator
era5_-20.00_-50.00,-20.0,-50.0,1979,2,2,0,0,2,0.0,0.0,False,,invalid_nonpositive_denominator
era5_-20.00_-50.00,-20.0,-50.0,1980,2,2,0,0,2,0.0,0.0,False,,invalid_nonpositive_denominator
era5_-20.00_-50.00,-20.0,-50.0,1981,2,2,0,1,1,50.0,50.0,True,1.0,100%
era5_-20.00_-50.00,-20.0,-50.0,1982,2,2,0,1,1,7.0,7.0,True,1.0,100%
era5_-20.00_-50.00,-20.0,-50.0,1983,2,2,0,2,0,63.0,63.0,True,1.0,100%
era5_-20.00_-50.00,-20.0,-50.0,1984,2,2,0,1,1,80.0,80.0,True,1.0,100%
era5_-20.00_-50.00,-20.0,-50.0,1985,2,2,0,1,1,49.0,49.0,True,1.0,100%
era5_-20.00_-50.00,-20.0,-50.0,1986,2,2,0,1,1,57.0,57.0,True,1.0,100%
era5_-20.00_-50.00,-20.0,-50.0,1987,2,2,0,1,1,50.0,50.0,True,1.0,100%
era5_-20.00_-50.00,-20.0,-50.0,1988,2,2,0,1,1,25.0,25.0,True,1.0,100%
era5_-20.00_-50.00,-20.0,-50.0,1989,2,2,0,1,1,370.0,370.0,True,1.0,100%
era5_-20.00_-50.00,-20.0,-50.0,1990,2,2,0,1,1,280.0,280.0,True,1.0,100%
era5_-20.00_-50.00,-20.0,-50.0,1991,2,2,0,1,1,280.0,280.0,True,1.0,100%
era5_-20.00_-50.00,-20.0,-50.0,1992,2,2,0,1,1,280.0,280.0,True,1.0,100%
era5_-20.00_-50.00,-20.0,-50.0,1993,2,2,0,1,1,200.0,200.0,True,1.0,100%
era5_-20.00_-50.00,-20.0,-50.0,1994,2,2,0,1,1,200.0,200.0,True,1.0,100%
era5_-20.00_-50.00,-20.0,-50.0,1995,2,2,0,1,1,327.0,327.0,True,1.0,100%
era5_-20.00_-50.00,-20.0,-50.0,1996,2,2,0,1,1,665.0,665.0,True,1.0,100%
era5_-20.00_-50.00,-20.0,-50.0,1997,2,2,0,1,1,670.0,670.0,True,1.0,100%
era5_-20.00_-50.00,-20.0,-50.0,1998,2,2,0,1,1,868.0,868.0,True,1.0,100%
era5_-20.00_-50.00,-20.0,-50.0,1999,2,2,0,1,1,866.0,866.0,True,1.0,100%
era5_-20.00_-50.00,-20.0,-50.0,2000,2,2,0,1,1,400.0,400.0,True,1.0,100%
era5_-20.00_-50.00,-20.0,-50.0,2001,2,2,0,1,1,350.0,350.0,True,1.0,100%
era5_-20.00_-50.00,-20.0,-50.0,2002,2,2,0,1,1,450.0,450.0,True,1.0,100%
era5_-20.00_-50.00,-20.0,-50.0,2003,2,2,0,1,1,641.0,641.0,True,1.0,100%
era5_-20.00_-50.00,-20.0,-50.0,2004,2,2,0,2,0,1041.0,1041.0,True,1.0,100%
era5_-20.00_-50.00,-20.0,-50.0,2005,2,2,0,1,1,630.0,630.0,True,1.0,100%
era5_-20.00_-50.00,-20.0,-50.0,2006,2,2,0,1,1,500.0,500.0,True,1.0,100%
era5_-20.00_-50.00,-20.0,-50.0,2007,2,2,0,2,0,1050.0,1050.0,True,1.0,100%
era5_-20.00_-50.00,-20.0,-50.0,2008,2,2,0,2,0,5000.0,5000.0,True,1.0,100%
era5_-20.00_-50.00,-20.0,-50.0,2009,2,2,0,2,0,8200.0,8200.0,True,1.0,100%
era5_-20.00_-50.00,-20.0,-50.0,2010,2,2,0,2,0,8670.0,8670.0,True,1.0,100%
era5_-20.00_-50.00,-20.0,-50.0,2011,2,2,0,2,0,8200.0,8200.0,True,1.0,100%
era5_-20.00_-50.00,-20.0,-50.0,2012,2,2,0,2,0,9100.0,9100.0,True,1.0,100%
era5_-20.00_-50.00,-20.0,-50.0,2013,2,2,0,2,0,10500.0,10500.0,True,1.0,100%
era5_-20.00_-50.00,-20.0,-50.0,2014,2,2,0,2,0,12500.0,12500.0,True,1.0,100%
era5_-20.00_-50.00,-20.0,-50.0,2015,2,2,0,2,0,12900.0,12900.0,True,1.0,100%
era5_-20.00_-50.00,-20.0,-50.0,2016,2,2,0,2,0,13110.0,13110.0,True,1.0,100%
era5_-20.00_-50.00,-20.0,-50.0,2017,2,2,0,2,0,12500.0,12500.0,True,1.0,100%
era5_-20.00_-50.00,-20.0,-50.0,2018,2,2,0,2,0,14500.0,14500.0,True,1.0,100%
era5_-20.00_-50.00,-20.0,-50.0,2019,2,2,0,2,0,13500.0,13500.0,True,1.0,100%
era5_-20.00_-50.00,-20.0,-50.0,2020,2,2,0,2,0,13000.0,13000.0,True,1.0,100%
era5_-20.00_-50.00,-20.0,-50.0,2021,2,2,0,2,0,12200.0,12200.0,True,1.0,100%
era5_-20.00_-50.00,-20.0,-50.0,2022,2,2,0,2,0,12200.0,12200.0,True,1.0,100%
era5_-20.00_-50.00,-20.0,-50.0,2023,2,2,0,2,0,12200.0,12200.0,True,1.0,100%
era5_-20.00_-50.00,-20.0,-50.0,2024,2,2,0,2,0,13300.0,13300.0,True,1.0,100%
era5_-20.00_-50.00,-20.0,-50.0,2025,2,2,0,2,0,14300.0,14300.0,True,1.0,100%
era5_-20.00_-50.50,-20.0,-50.5,1974,9,7,2,0,7,0.0,0.0,False,,invalid_nonpositive_denominator
era5_-20.00_-50.50,-20.0,-50.5,1975,9,7,2,0,7,0.0,0.0,False,,invalid_nonpositive_denominator
era5_-20.00_-50.50,-20.0,-50.5,1976,9,7,2,0,7,0.0,0.0,False,,invalid_nonpositive_denominator
era5_-20.00_-50.50,-20.0,-50.5,1977,9,7,2,0,7,0.0,0.0,False,,invalid_nonpositive_denominator
era5_-20.00_-50.50,-20.0,-50.5,1978,9,7,2,0,7,0.0,0.0,False,,invalid_nonpositive_denominator
era5_-20.00_-50.50,-20.0,-50.5,1979,9,7,2,0,7,0.0,0.0,False,,invalid_nonpositive_denominator
era5_-20.00_-50.50,-20.0,-50.5,1980,9,7,2,0,7,0.0,0.0,False,,invalid_nonpositive_denominator
era5_-20.00_-50.50,-20.0,-50.5,1981,9,7,2,0,7,0.0,0.0,False,,invalid_nonpositive_denominator
era5_-20.00_-50.50,-20.0,-50.5,1982,9,7,2,2,5,69.0,69.0,True,1.0,100%
era5_-20.00_-50.50,-20.0,-50.5,1983,9,7,2,3,4,146.0,146.0,True,1.0,100%
era5_-20.00_-50.50,-20.0,-50.5,1984,9,7,2,2,5,166.0,166.0,True,1.0,100%
era5_-20.00_-50.50,-20.0,-50.5,1985,9,7,2,3,4,177.0,177.0,True,1.0,100%
era5_-20.00_-50.50,-20.0,-50.5,1986,9,7,2,2,5,203.0,203.0,True,1.0,100%
era5_-20.00_-50.50,-20.0,-50.5,1987,9,7,2,3,4,712.0,712.0,True,1.0,100%
era5_-20.00_-50.50,-20.0,-50.5,1988,9,7,2,3,4,1166.0,1166.0,True,1.0,100%
era5_-20.00_-50.50,-20.0,-50.5,1989,9,7,2,2,5,1266.0,1266.0,True,1.0,100%
era5_-20.00_-50.50,-20.0,-50.5,1990,9,7,2,2,5,420.0,420.0,True,1.0,100%
era5_-20.00_-50.50,-20.0,-50.5,1991,9,7,2,4,3,530.0,530.0,True,1.0,100%
era5_-20.00_-50.50,-20.0,-50.5,1992,9,7,2,3,4,441.0,441.0,True,1.0,100%
era5_-20.00_-50.50,-20.0,-50.5,1993,9,7,2,4,3,602.0,602.0,True,1.0,100%
era5_-20.00_-50.50,-20.0,-50.5,1994,9,7,2,4,3,590.0,590.0,True,1.0,100%
era5_-20.00_-50.50,-20.0,-50.5,1995,9,7,2,5,2,765.0,765.0,True,1.0,100%
era5_-20.00_-50.50,-20.0,-50.5,1996,9,7,2,4,3,742.0,742.0,True,1.0,100%
era5_-20.00_-50.50,-20.0,-50.5,1997,9,9,0,2,7,631.0,631.0,True,1.0,100%
era5_-20.00_-50.50,-20.0,-50.5,1998,9,9,0,3,6,774.0,774.0,True,1.0,100%
era5_-20.00_-50.50,-20.0,-50.5,1999,9,9,0,3,6,833.0,833.0,True,1.0,100%
era5_-20.00_-50.50,-20.0,-50.5,2000,9,9,0,3,6,750.0,750.0,True,1.0,100%
era5_-20.00_-50.50,-20.0,-50.5,2001,9,9,0,6,3,1291.0,1291.0,True,1.0,100%
era5_-20.00_-50.50,-20.0,-50.5,2002,9,9,0,6,3,1133.0,1133.0,True,1.0,100%
era5_-20.00_-50.50,-20.0,-50.5,2003,9,9,0,7,2,2294.0,2294.0,True,1.0,100%
era5_-20.00_-50.50,-20.0,-50.5,2004,9,9,0,7,2,2700.0,2700.0,True,1.0,100%
era5_-20.00_-50.50,-20.0,-50.5,2005,9,9,0,6,3,1616.0,1616.0,True,1.0,100%
era5_-20.00_-50.50,-20.0,-50.5,2006,9,9,0,6,3,4590.0,4590.0,True,1.0,100%
era5_-20.00_-50.50,-20.0,-50.5,2007,9,9,0,9,0,6860.0,6860.0,True,1.0,100%
era5_-20.00_-50.50,-20.0,-50.5,2008,9,9,0,9,0,13546.0,13546.0,True,1.0,100%
era5_-20.00_-50.50,-20.0,-50.5,2009,9,9,0,9,0,19549.0,19549.0,True,1.0,100%
era5_-20.00_-50.50,-20.0,-50.5,2010,9,9,0,9,0,23834.0,23834.0,True,1.0,100%
era5_-20.00_-50.50,-20.0,-50.5,2011,9,9,0,9,0,22790.0,22790.0,True,1.0,100%
era5_-20.00_-50.50,-20.0,-50.5,2012,9,9,0,9,0,27433.0,27433.0,True,1.0,100%
era5_-20.00_-50.50,-20.0,-50.5,2013,9,9,0,9,0,33444.0,33444.0,True,1.0,100%
era5_-20.00_-50.50,-20.0,-50.5,2014,9,9,0,9,0,40947.0,40947.0,True,1.0,100%
era5_-20.00_-50.50,-20.0,-50.5,2015,9,9,0,9,0,42097.0,42097.0,True,1.0,100%
era5_-20.00_-50.50,-20.0,-50.5,2016,9,9,0,9,0,42681.0,42681.0,True,1.0,100%
era5_-20.00_-50.50,-20.0,-50.5,2017,9,9,0,9,0,45502.0,45502.0,True,1.0,100%
era5_-20.00_-50.50,-20.0,-50.5,2018,9,9,0,9,0,47534.0,47534.0,True,1.0,100%
era5_-20.00_-50.50,-20.0,-50.5,2019,9,9,0,9,0,48580.0,48580.0,True,1.0,100%
era5_-20.00_-50.50,-20.0,-50.5,2020,9,9,0,9,0,49010.0,49010.0,True,1.0,100%
era5_-20.00_-50.50,-20.0,-50.5,2021,9,9,0,9,0,47730.0,47730.0,True,1.0,100%
era5_-20.00_-50.50,-20.0,-50.5,2022,9,9,0,9,0,48746.0,48746.0,True,1.0,100%
era5_-20.00_-50.50,-20.0,-50.5,2023,9,9,0,9,0,46840.0,46840.0,True,1.0,100%
era5_-20.00_-50.50,-20.0,-50.5,2024,9,9,0,9,0,47845.0,47845.0,True,1.0,100%
era5_-20.00_-50.50,-20.0,-50.5,2025,9,9,0,9,0,49820.0,49820.0,True,1.0,100%
era5_-20.00_-51.00,-20.0,-51.0,1974,2,2,0,0,2,0.0,0.0,False,,invalid_nonpositive_denominator
era5_-20.00_-51.00,-20.0,-51.0,1975,2,2,0,0,2,0.0,0.0,False,,invalid_nonpositive_denominator
era5_-20.00_-51.00,-20.0,-51.0,1976,2,2,0,0,2,0.0,0.0,False,,invalid_nonpositive_denominator
era5_-20.00_-51.00,-20.0,-51.0,1977,2,2,0,0,2,0.0,0.0,False,,invalid_nonpositive_denominator
era5_-20.00_-51.00,-20.0,-51.0,1978,2,2,0,0,2,0.0,0.0,False,,invalid_nonpositive_denominator
era5_-20.00_-51.00,-20.0,-51.0,1979,2,2,0,0,2,0.0,0.0,False,,invalid_nonpositive_denominator
era5_-20.00_-51.00,-20.0,-51.0,1980,2,2,0,0,2,0.0,0.0,False,,invalid_nonpositive_denominator
era5_-20.00_-51.00,-20.0,-51.0,1981,2,2,0,0,2,0.0,0.0,False,,invalid_nonpositive_denominator
era5_-20.00_-51.00,-20.0,-51.0,1982,2,2,0,0,2,0.0,0.0,False,,invalid_nonpositive_denominator
era5_-20.00_-51.00,-20.0,-51.0,1983,2,2,0,1,1,5.0,5.0,True,1.0,100%
era5_-20.00_-51.00,-20.0,-51.0,1984,2,2,0,1,1,5.0,5.0,True,1.0,100%
era5_-20.00_-51.00,-20.0,-51.0,1985,2,2,0,1,1,5.0,5.0,True,1.0,100%
era5_-20.00_-51.00,-20.0,-51.0,1986,2,2,0,1,1,5.0,5.0,True,1.0,100%
era5_-20.00_-51.00,-20.0,-51.0,1987,2,2,0,1,1,5.0,5.0,True,1.0,100%
era5_-20.00_-51.00,-20.0,-51.0,1988,2,2,0,2,0,10.0,10.0,True,1.0,100%
era5_-20.00_-51.00,-20.0,-51.0,1989,2,2,0,2,0,10.0,10.0,True,1.0,100%
era5_-20.00_-51.00,-20.0,-51.0,1990,2,2,0,2,0,10.0,10.0,True,1.0,100%
era5_-20.00_-51.00,-20.0,-51.0,1991,2,2,0,2,0,10.0,10.0,True,1.0,100%
era5_-20.00_-51.00,-20.0,-51.0,1992,2,2,0,2,0,10.0,10.0,True,1.0,100%
era5_-20.00_-51.00,-20.0,-51.0,1993,2,2,0,2,0,10.0,10.0,True,1.0,100%
era5_-20.00_-51.00,-20.0,-51.0,1994,2,2,0,1,1,5.0,5.0,True,1.0,100%
era5_-20.00_-51.00,-20.0,-51.0,1995,2,2,0,1,1,5.0,5.0,True,1.0,100%
era5_-20.00_-51.00,-20.0,-51.0,1996,2,2,0,1,1,5.0,5.0,True,1.0,100%
era5_-20.00_-51.00,-20.0,-51.0,1997,2,2,0,1,1,5.0,5.0,True,1.0,100%
era5_-20.00_-51.00,-20.0,-51.0,1998,2,2,0,1,1,5.0,5.0,True,1.0,100%
era5_-20.00_-51.00,-20.0,-51.0,1999,2,2,0,1,1,5.0,5.0,True,1.0,100%
era5_-20.00_-51.00,-20.0,-51.0,2000,2,2,0,0,2,0.0,0.0,False,,invalid_nonpositive_denominator
era5_-20.00_-51.00,-20.0,-51.0,2001,2,2,0,0,2,0.0,0.0,False,,invalid_nonpositive_denominator
era5_-20.00_-51.00,-20.0,-51.0,2002,2,2,0,0,2,0.0,0.0,False,,invalid_nonpositive_denominator
era5_-20.00_-51.00,-20.0,-51.0,2003,2,2,0,0,2,0.0,0.0,False,,invalid_nonpositive_denominator
era5_-20.00_-51.00,-20.0,-51.0,2004,2,2,0,0,2,0.0,0.0,False,,invalid_nonpositive_denominator
era5_-20.00_-51.00,-20.0,-51.0,2005,2,2,0,0,2,0.0,0.0,False,,invalid_nonpositive_denominator
era5_-20.00_-51.00,-20.0,-51.0,2006,2,2,0,0,2,0.0,0.0,False,,invalid_nonpositive_denominator
era5_-20.00_-51.00,-20.0,-51.0,2007,2,2,0,0,2,0.0,0.0,False,,invalid_nonpositive_denominator
era5_-20.00_-51.00,-20.0,-51.0,2008,2,2,0,0,2,0.0,0.0,False,,invalid_nonpositive_denominator
era5_-20.00_-51.00,-20.0,-51.0,2009,2,2,0,2,0,745.0,745.0,True,1.0,100%
era5_-20.00_-51.00,-20.0,-51.0,2010,2,2,0,2,0,945.0,945.0,True,1.0,100%
era5_-20.00_-51.00,-20.0,-51.0,2011,2,2,0,2,0,945.0,945.0,True,1.0,100%
era5_-20.00_-51.00,-20.0,-51.0,2012,2,2,0,2,0,1045.0,1045.0,True,1.0,100%
era5_-20.00_-51.00,-20.0,-51.0,2013,2,2,0,2,0,1050.0,1050.0,True,1.0,100%
era5_-20.00_-51.00,-20.0,-51.0,2014,2,2,0,2,0,1380.0,1380.0,True,1.0,100%
era5_-20.00_-51.00,-20.0,-51.0,2015,2,2,0,2,0,1259.0,1259.0,True,1.0,100%
era5_-20.00_-51.00,-20.0,-51.0,2016,2,2,0,2,0,1260.0,1260.0,True,1.0,100%
era5_-20.00_-51.00,-20.0,-51.0,2017,2,2,0,2,0,1263.0,1263.0,True,1.0,100%
era5_-20.00_-51.00,-20.0,-51.0,2018,2,2,0,2,0,1264.0,1264.0,True,1.0,100%
era5_-20.00_-51.00,-20.0,-51.0,2019,2,2,0,2,0,1264.0,1264.0,True,1.0,100%
era5_-20.00_-51.00,-20.0,-51.0,2020,2,2,0,2,0,1264.0,1264.0,True,1.0,100%
era5_-20.00_-51.00,-20.0,-51.0,2021,2,2,0,2,0,1252.0,1252.0,True,1.0,100%
era5_-20.00_-51.00,-20.0,-51.0,2022,2,2,0,2,0,1212.0,1212.0,True,1.0,100%
era5_-20.00_-51.00,-20.0,-51.0,2023,2,2,0,2,0,1412.0,1412.0,True,1.0,100%
era5_-20.00_-51.00,-20.0,-51.0,2024,2,2,0,2,0,2630.0,2630.0,True,1.0,100%
era5_-20.00_-51.00,-20.0,-51.0,2025,2,2,0,2,0,2680.0,2680.0,True,1.0,100%
era5_-20.50_-47.50,-20.5,-47.5,1974,9,9,0,0,9,0.0,0.0,False,,invalid_nonpositive_denominator
era5_-20.50_-47.50,-20.5,-47.5,1975,9,9,0,0,9,0.0,0.0,False,,invalid_nonpositive_denominator
era5_-20.50_-47.50,-20.5,-47.5,1976,9,9,0,0,9,0.0,0.0,False,,invalid_nonpositive_denominator
era5_-20.50_-47.50,-20.5,-47.5,1977,9,9,0,0,9,0.0,0.0,False,,invalid_nonpositive_denominator
era5_-20.50_-47.50,-20.5,-47.5,1978,9,9,0,0,9,0.0,0.0,False,,invalid_nonpositive_denominator
era5_-20.50_-47.50,-20.5,-47.5,1979,9,9,0,0,9,0.0,0.0,False,,invalid_nonpositive_denominator
era5_-20.50_-47.50,-20.5,-47.5,1980,9,9,0,1,8,250.0,250.0,True,1.0,100%
era5_-20.50_-47.50,-20.5,-47.5,1981,9,9,0,2,7,448.0,448.0,True,1.0,100%
era5_-20.50_-47.50,-20.5,-47.5,1982,9,9,0,2,7,420.0,420.0,True,1.0,100%
era5_-20.50_-47.50,-20.5,-47.5,1983,9,9,0,2,7,783.0,783.0,True,1.0,100%
era5_-20.50_-47.50,-20.5,-47.5,1984,9,9,0,2,7,1683.0,1683.0,True,1.0,100%
era5_-20.50_-47.50,-20.5,-47.5,1985,9,9,0,3,6,1748.0,1748.0,True,1.0,100%
era5_-20.50_-47.50,-20.5,-47.5,1986,9,9,0,3,6,2083.0,2083.0,True,1.0,100%
era5_-20.50_-47.50,-20.5,-47.5,1987,9,9,0,4,5,2031.0,2031.0,True,1.0,100%
era5_-20.50_-47.50,-20.5,-47.5,1988,9,9,0,4,5,2043.0,2043.0,True,1.0,100%
era5_-20.50_-47.50,-20.5,-47.5,1989,9,9,0,4,5,2108.0,2108.0,True,1.0,100%
era5_-20.50_-47.50,-20.5,-47.5,1990,9,9,0,4,5,3436.0,3436.0,True,1.0,100%
era5_-20.50_-47.50,-20.5,-47.5,1991,9,9,0,3,6,3455.0,3455.0,True,1.0,100%
era5_-20.50_-47.50,-20.5,-47.5,1992,9,9,0,3,6,5790.0,5790.0,True,1.0,100%
era5_-20.50_-47.50,-20.5,-47.5,1993,9,9,0,3,6,9180.0,9180.0,True,1.0,100%
era5_-20.50_-47.50,-20.5,-47.5,1994,9,9,0,4,5,15965.0,15965.0,True,1.0,100%
era5_-20.50_-47.50,-20.5,-47.5,1995,9,9,0,5,4,22064.0,22064.0,True,1.0,100%
era5_-20.50_-47.50,-20.5,-47.5,1996,9,9,0,7,2,32274.0,32274.0,True,1.0,100%
era5_-20.50_-47.50,-20.5,-47.5,1997,9,9,0,7,2,31616.0,31616.0,True,1.0,100%
era5_-20.50_-47.50,-20.5,-47.5,1998,9,9,0,8,1,43040.0,43040.0,True,1.0,100%
era5_-20.50_-47.50,-20.5,-47.5,1999,9,9,0,8,1,42725.0,42725.0,True,1.0,100%
era5_-20.50_-47.50,-20.5,-47.5,2000,9,9,0,8,1,40187.0,40187.0,True,1.0,100%
era5_-20.50_-47.50,-20.5,-47.5,2001,9,9,0,8,1,41892.0,41892.0,True,1.0,100%
era5_-20.50_-47.50,-20.5,-47.5,2002,9,9,0,8,1,47100.0,47100.0,True,1.0,100%
era5_-20.50_-47.50,-20.5,-47.5,2003,9,9,0,8,1,47392.0,47392.0,True,1.0,100%
era5_-20.50_-47.50,-20.5,-47.5,2004,9,9,0,8,1,54900.0,54900.0,True,1.0,100%
era5_-20.50_-47.50,-20.5,-47.5,2005,9,9,0,8,1,55248.0,55248.0,True,1.0,100%
era5_-20.50_-47.50,-20.5,-47.5,2006,9,9,0,9,0,62138.0,62138.0,True,1.0,100%
era5_-20.50_-47.50,-20.5,-47.5,2007,9,9,0,9,0,71424.0,71424.0,True,1.0,100%
era5_-20.50_-47.50,-20.5,-47.5,2008,9,9,0,9,0,80677.0,80677.0,True,1.0,100%
era5_-20.50_-47.50,-20.5,-47.5,2009,9,9,0,9,0,73312.0,73312.0,True,1.0,100%
era5_-20.50_-47.50,-20.5,-47.5,2010,9,9,0,9,0,86332.0,86332.0,True,1.0,100%
era5_-20.50_-47.50,-20.5,-47.5,2011,9,9,0,9,0,85882.0,85882.0,True,1.0,100%
era5_-20.50_-47.50,-20.5,-47.5,2012,9,9,0,9,0,85032.0,85032.0,True,1.0,100%
era5_-20.50_-47.50,-20.5,-47.5,2013,9,9,0,9,0,90554.0,90554.0,True,1.0,100%
era5_-20.50_-47.50,-20.5,-47.5,2014,9,9,0,9,0,94788.0,94788.0,True,1.0,100%
era5_-20.50_-47.50,-20.5,-47.5,2015,9,9,0,9,0,96688.0,96688.0,True,1.0,100%
era5_-20.50_-47.50,-20.5,-47.5,2016,9,9,0,9,0,97463.0,97463.0,True,1.0,100%
era5_-20.50_-47.50,-20.5,-47.5,2017,9,9,0,9,0,90462.0,90462.0,True,1.0,100%
era5_-20.50_-47.50,-20.5,-47.5,2018,9,9,0,9,0,95940.0,95940.0,True,1.0,100%
era5_-20.50_-47.50,-20.5,-47.5,2019,9,9,0,9,0,96140.0,96140.0,True,1.0,100%
era5_-20.50_-47.50,-20.5,-47.5,2020,9,9,0,9,0,93830.0,93830.0,True,1.0,100%
era5_-20.50_-47.50,-20.5,-47.5,2021,9,9,0,9,0,95400.0,95400.0,True,1.0,100%
era5_-20.50_-47.50,-20.5,-47.5,2022,9,9,0,9,0,96700.0,96700.0,True,1.0,100%
era5_-20.50_-47.50,-20.5,-47.5,2023,9,9,0,9,0,99300.0,99300.0,True,1.0,100%
era5_-20.50_-47.50,-20.5,-47.5,2024,9,9,0,9,0,91959.0,91959.0,True,1.0,100%
era5_-20.50_-47.50,-20.5,-47.5,2025,9,9,0,9,0,94109.0,94109.0,True,1.0,100%
era5_-20.50_-48.00,-20.5,-48.0,1974,7,7,0,3,4,8160.0,8160.0,True,1.0,100%
era5_-20.50_-48.00,-20.5,-48.0,1975,7,7,0,3,4,8455.0,8455.0,True,1.0,100%
era5_-20.50_-48.00,-20.5,-48.0,1976,7,7,0,3,4,9155.0,9155.0,True,1.0,100%
era5_-20.50_-48.00,-20.5,-48.0,1977,7,7,0,3,4,10079.0,10079.0,True,1.0,100%
era5_-20.50_-48.00,-20.5,-48.0,1978,7,7,0,4,3,18518.0,18518.0,True,1.0,100%
era5_-20.50_-48.00,-20.5,-48.0,1979,7,7,0,4,3,31784.0,31784.0,True,1.0,100%
era5_-20.50_-48.00,-20.5,-48.0,1980,7,7,0,5,2,32454.0,32454.0,True,1.0,100%
era5_-20.50_-48.00,-20.5,-48.0,1981,7,7,0,5,2,36080.0,36080.0,True,1.0,100%
era5_-20.50_-48.00,-20.5,-48.0,1982,7,7,0,6,1,41579.0,41579.0,True,1.0,100%
era5_-20.50_-48.00,-20.5,-48.0,1983,7,7,0,7,0,51881.0,51881.0,True,1.0,100%
era5_-20.50_-48.00,-20.5,-48.0,1984,7,7,0,7,0,57131.0,57131.0,True,1.0,100%
era5_-20.50_-48.00,-20.5,-48.0,1985,7,7,0,7,0,66053.0,66053.0,True,1.0,100%
era5_-20.50_-48.00,-20.5,-48.0,1986,7,7,0,7,0,67970.0,67970.0,True,1.0,100%
era5_-20.50_-48.00,-20.5,-48.0,1987,7,7,0,7,0,66514.0,66514.0,True,1.0,100%
era5_-20.50_-48.00,-20.5,-48.0,1988,7,7,0,7,0,65797.0,65797.0,True,1.0,100%
era5_-20.50_-48.00,-20.5,-48.0,1989,7,7,0,7,0,67934.0,67934.0,True,1.0,100%
era5_-20.50_-48.00,-20.5,-48.0,1990,7,7,0,7,0,63334.0,63334.0,True,1.0,100%
era5_-20.50_-48.00,-20.5,-48.0,1991,7,7,0,7,0,71220.0,71220.0,True,1.0,100%
era5_-20.50_-48.00,-20.5,-48.0,1992,7,7,0,7,0,83537.0,83537.0,True,1.0,100%
era5_-20.50_-48.00,-20.5,-48.0,1993,7,7,0,7,0,105361.0,105361.0,True,1.0,100%
era5_-20.50_-48.00,-20.5,-48.0,1994,7,7,0,7,0,119975.0,119975.0,True,1.0,100%
era5_-20.50_-48.00,-20.5,-48.0,1995,7,7,0,7,0,127545.0,127545.0,True,1.0,100%
era5_-20.50_-48.00,-20.5,-48.0,1996,7,7,0,7,0,176009.0,176009.0,True,1.0,100%
era5_-20.50_-48.00,-20.5,-48.0,1997,7,7,0,7,0,176590.0,176590.0,True,1.0,100%
era5_-20.50_-48.00,-20.5,-48.0,1998,7,7,0,7,0,176590.0,176590.0,True,1.0,100%
era5_-20.50_-48.00,-20.5,-48.0,1999,7,7,0,7,0,180990.0,180990.0,True,1.0,100%
era5_-20.50_-48.00,-20.5,-48.0,2000,7,7,0,7,0,171400.0,171400.0,True,1.0,100%
era5_-20.50_-48.00,-20.5,-48.0,2001,7,7,0,7,0,184949.0,184949.0,True,1.0,100%
era5_-20.50_-48.00,-20.5,-48.0,2002,7,7,0,7,0,171501.0,171501.0,True,1.0,100%
era5_-20.50_-48.00,-20.5,-48.0,2003,7,7,0,7,0,204307.0,204307.0,True,1.0,100%
era5_-20.50_-48.00,-20.5,-48.0,2004,7,7,0,7,0,214671.0,214671.0,True,1.0,100%
era5_-20.50_-48.00,-20.5,-48.0,2005,7,7,0,7,0,212851.0,212851.0,True,1.0,100%
era5_-20.50_-48.00,-20.5,-48.0,2006,7,7,0,7,0,246460.0,246460.0,True,1.0,100%
era5_-20.50_-48.00,-20.5,-48.0,2007,7,7,0,7,0,271100.0,271100.0,True,1.0,100%
era5_-20.50_-48.00,-20.5,-48.0,2008,7,7,0,7,0,298821.0,298821.0,True,1.0,100%
era5_-20.50_-48.00,-20.5,-48.0,2009,7,7,0,7,0,274833.0,274833.0,True,1.0,100%
era5_-20.50_-48.00,-20.5,-48.0,2010,7,7,0,7,0,274839.0,274839.0,True,1.0,100%
era5_-20.50_-48.00,-20.5,-48.0,2011,7,7,0,7,0,279569.0,279569.0,True,1.0,100%
era5_-20.50_-48.00,-20.5,-48.0,2012,7,7,0,7,0,278725.0,278725.0,True,1.0,100%
era5_-20.50_-48.00,-20.5,-48.0,2013,7,7,0,7,0,272363.0,272363.0,True,1.0,100%
era5_-20.50_-48.00,-20.5,-48.0,2014,7,7,0,7,0,276441.0,276441.0,True,1.0,100%
era5_-20.50_-48.00,-20.5,-48.0,2015,7,7,0,7,0,273441.0,273441.0,True,1.0,100%
era5_-20.50_-48.00,-20.5,-48.0,2016,7,7,0,7,0,275508.0,275508.0,True,1.0,100%
era5_-20.50_-48.00,-20.5,-48.0,2017,7,7,0,7,0,277717.0,277717.0,True,1.0,100%
era5_-20.50_-48.00,-20.5,-48.0,2018,7,7,0,7,0,277797.0,277797.0,True,1.0,100%
era5_-20.50_-48.00,-20.5,-48.0,2019,7,7,0,7,0,280433.0,280433.0,True,1.0,100%
era5_-20.50_-48.00,-20.5,-48.0,2020,7,7,0,7,0,280433.0,280433.0,True,1.0,100%
era5_-20.50_-48.00,-20.5,-48.0,2021,7,7,0,7,0,280805.0,280805.0,True,1.0,100%
era5_-20.50_-48.00,-20.5,-48.0,2022,7,7,0,7,0,269430.0,269430.0,True,1.0,100%
era5_-20.50_-48.00,-20.5,-48.0,2023,7,7,0,7,0,268480.0,268480.0,True,1.0,100%
era5_-20.50_-48.00,-20.5,-48.0,2024,7,7,0,7,0,260481.0,260481.0,True,1.0,100%
era5_-20.50_-48.00,-20.5,-48.0,2025,7,7,0,7,0,260511.0,260511.0,True,1.0,100%
era5_-20.50_-48.50,-20.5,-48.5,1974,5,5,0,0,5,0.0,0.0,False,,invalid_nonpositive_denominator
era5_-20.50_-48.50,-20.5,-48.5,1975,5,5,0,0,5,0.0,0.0,False,,invalid_nonpositive_denominator
era5_-20.50_-48.50,-20.5,-48.5,1976,5,5,0,1,4,500.0,500.0,True,1.0,100%
era5_-20.50_-48.50,-20.5,-48.5,1977,5,5,0,0,5,0.0,0.0,False,,invalid_nonpositive_denominator
era5_-20.50_-48.50,-20.5,-48.5,1978,5,5,0,0,5,0.0,0.0,False,,invalid_nonpositive_denominator
era5_-20.50_-48.50,-20.5,-48.5,1979,5,5,0,2,3,1408.0,1408.0,True,1.0,100%
era5_-20.50_-48.50,-20.5,-48.5,1980,5,5,0,3,2,1904.0,1904.0,True,1.0,100%
era5_-20.50_-48.50,-20.5,-48.5,1981,5,5,0,3,2,2117.0,2117.0,True,1.0,100%
era5_-20.50_-48.50,-20.5,-48.5,1982,5,5,0,2,3,9458.0,9458.0,True,1.0,100%
era5_-20.50_-48.50,-20.5,-48.5,1983,5,5,0,4,1,10545.0,10545.0,True,1.0,100%
era5_-20.50_-48.50,-20.5,-48.5,1984,5,5,0,4,1,13782.0,13782.0,True,1.0,100%
era5_-20.50_-48.50,-20.5,-48.5,1985,5,5,0,4,1,17850.0,17850.0,True,1.0,100%
era5_-20.50_-48.50,-20.5,-48.5,1986,5,5,0,4,1,17300.0,17300.0,True,1.0,100%
era5_-20.50_-48.50,-20.5,-48.5,1987,5,5,0,5,0,17337.0,17337.0,True,1.0,100%
era5_-20.50_-48.50,-20.5,-48.5,1988,5,5,0,5,0,19619.0,19619.0,True,1.0,100%
era5_-20.50_-48.50,-20.5,-48.5,1989,5,5,0,5,0,19211.0,19211.0,True,1.0,100%
era5_-20.50_-48.50,-20.5,-48.5,1990,5,5,0,5,0,19045.0,19045.0,True,1.0,100%
era5_-20.50_-48.50,-20.5,-48.5,1991,5,5,0,5,0,18786.0,18786.0,True,1.0,100%
era5_-20.50_-48.50,-20.5,-48.5,1992,5,5,0,4,1,20230.0,20230.0,True,1.0,100%
era5_-20.50_-48.50,-20.5,-48.5,1993,5,5,0,4,1,26300.0,26300.0,True,1.0,100%
era5_-20.50_-48.50,-20.5,-48.5,1994,5,5,0,4,1,37499.0,37499.0,True,1.0,100%
era5_-20.50_-48.50,-20.5,-48.5,1995,5,5,0,4,1,55150.0,55150.0,True,1.0,100%
era5_-20.50_-48.50,-20.5,-48.5,1996,5,5,0,4,1,55100.0,55100.0,True,1.0,100%
era5_-20.50_-48.50,-20.5,-48.5,1997,5,5,0,5,0,60760.0,60760.0,True,1.0,100%
era5_-20.50_-48.50,-20.5,-48.5,1998,5,5,0,5,0,67283.0,67283.0,True,1.0,100%
era5_-20.50_-48.50,-20.5,-48.5,1999,5,5,0,5,0,65960.0,65960.0,True,1.0,100%
era5_-20.50_-48.50,-20.5,-48.5,2000,5,5,0,5,0,64260.0,64260.0,True,1.0,100%
era5_-20.50_-48.50,-20.5,-48.5,2001,5,5,0,5,0,68796.0,68796.0,True,1.0,100%
era5_-20.50_-48.50,-20.5,-48.5,2002,5,5,0,5,0,74454.0,74454.0,True,1.0,100%
era5_-20.50_-48.50,-20.5,-48.5,2003,5,5,0,5,0,80841.0,80841.0,True,1.0,100%
era5_-20.50_-48.50,-20.5,-48.5,2004,5,5,0,5,0,86999.0,86999.0,True,1.0,100%
era5_-20.50_-48.50,-20.5,-48.5,2005,5,5,0,5,0,98011.0,98011.0,True,1.0,100%
era5_-20.50_-48.50,-20.5,-48.5,2006,5,5,0,5,0,119595.0,119595.0,True,1.0,100%
era5_-20.50_-48.50,-20.5,-48.5,2007,5,5,0,5,0,164420.0,164420.0,True,1.0,100%
era5_-20.50_-48.50,-20.5,-48.5,2008,5,5,0,5,0,187810.0,187810.0,True,1.0,100%
era5_-20.50_-48.50,-20.5,-48.5,2009,5,5,0,5,0,190332.0,190332.0,True,1.0,100%
era5_-20.50_-48.50,-20.5,-48.5,2010,5,5,0,5,0,194962.0,194962.0,True,1.0,100%
era5_-20.50_-48.50,-20.5,-48.5,2011,5,5,0,5,0,192937.0,192937.0,True,1.0,100%
era5_-20.50_-48.50,-20.5,-48.5,2012,5,5,0,5,0,200732.0,200732.0,True,1.0,100%
era5_-20.50_-48.50,-20.5,-48.5,2013,5,5,0,5,0,203595.0,203595.0,True,1.0,100%
era5_-20.50_-48.50,-20.5,-48.5,2014,5,5,0,5,0,209900.0,209900.0,True,1.0,100%
era5_-20.50_-48.50,-20.5,-48.5,2015,5,5,0,5,0,211500.0,211500.0,True,1.0,100%
era5_-20.50_-48.50,-20.5,-48.5,2016,5,5,0,5,0,210500.0,210500.0,True,1.0,100%
era5_-20.50_-48.50,-20.5,-48.5,2017,5,5,0,5,0,208124.0,208124.0,True,1.0,100%
era5_-20.50_-48.50,-20.5,-48.5,2018,5,5,0,5,0,211120.0,211120.0,True,1.0,100%
era5_-20.50_-48.50,-20.5,-48.5,2019,5,5,0,5,0,211120.0,211120.0,True,1.0,100%
era5_-20.50_-48.50,-20.5,-48.5,2020,5,5,0,5,0,211120.0,211120.0,True,1.0,100%
era5_-20.50_-48.50,-20.5,-48.5,2021,5,5,0,5,0,222085.0,222085.0,True,1.0,100%
era5_-20.50_-48.50,-20.5,-48.5,2022,5,5,0,5,0,222085.0,222085.0,True,1.0,100%
era5_-20.50_-48.50,-20.5,-48.5,2023,5,5,0,5,0,222085.0,222085.0,True,1.0,100%
era5_-20.50_-48.50,-20.5,-48.5,2024,5,5,0,5,0,222085.0,222085.0,True,1.0,100%
era5_-20.50_-48.50,-20.5,-48.5,2025,5,5,0,5,0,223215.0,223215.0,True,1.0,100%
era5_-20.50_-49.00,-20.5,-49.0,1974,4,4,0,2,2,124.0,124.0,True,1.0,100%
era5_-20.50_-49.00,-20.5,-49.0,1975,4,4,0,2,2,392.0,392.0,True,1.0,100%
era5_-20.50_-49.00,-20.5,-49.0,1976,4,4,0,2,2,542.0,542.0,True,1.0,100%
era5_-20.50_-49.00,-20.5,-49.0,1977,4,4,0,2,2,3042.0,3042.0,True,1.0,100%
era5_-20.50_-49.00,-20.5,-49.0,1978,4,4,0,3,1,3610.0,3610.0,True,1.0,100%
era5_-20.50_-49.00,-20.5,-49.0,1979,4,4,0,3,1,4390.0,4390.0,True,1.0,100%
era5_-20.50_-49.00,-20.5,-49.0,1980,4,4,0,2,2,4482.0,4482.0,True,1.0,100%
era5_-20.50_-49.00,-20.5,-49.0,1981,4,4,0,1,3,4447.0,4447.0,True,1.0,100%
era5_-20.50_-49.00,-20.5,-49.0,1982,4,4,0,2,2,8383.0,8383.0,True,1.0,100%
era5_-20.50_-49.00,-20.5,-49.0,1983,4,4,0,2,2,7639.0,7639.0,True,1.0,100%
era5_-20.50_-49.00,-20.5,-49.0,1984,4,4,0,2,2,8632.0,8632.0,True,1.0,100%
era5_-20.50_-49.00,-20.5,-49.0,1985,4,4,0,2,2,8803.0,8803.0,True,1.0,100%
era5_-20.50_-49.00,-20.5,-49.0,1986,4,4,0,2,2,8823.0,8823.0,True,1.0,100%
era5_-20.50_-49.00,-20.5,-49.0,1987,4,4,0,2,2,9770.0,9770.0,True,1.0,100%
era5_-20.50_-49.00,-20.5,-49.0,1988,4,4,0,4,0,9533.0,9533.0,True,1.0,100%
era5_-20.50_-49.00,-20.5,-49.0,1989,4,4,0,4,0,11576.0,11576.0,True,1.0,100%
era5_-20.50_-49.00,-20.5,-49.0,1990,4,4,0,4,0,14789.0,14789.0,True,1.0,100%
era5_-20.50_-49.00,-20.5,-49.0,1991,4,4,0,4,0,16315.0,16315.0,True,1.0,100%
era5_-20.50_-49.00,-20.5,-49.0,1992,4,4,0,4,0,15800.0,15800.0,True,1.0,100%
era5_-20.50_-49.00,-20.5,-49.0,1993,4,4,0,4,0,16542.0,16542.0,True,1.0,100%
era5_-20.50_-49.00,-20.5,-49.0,1994,4,4,0,4,0,20490.0,20490.0,True,1.0,100%
era5_-20.50_-49.00,-20.5,-49.0,1995,4,4,0,4,0,24790.0,24790.0,True,1.0,100%
era5_-20.50_-49.00,-20.5,-49.0,1996,4,4,0,4,0,26800.0,26800.0,True,1.0,100%
era5_-20.50_-49.00,-20.5,-49.0,1997,4,4,0,4,0,31567.0,31567.0,True,1.0,100%
era5_-20.50_-49.00,-20.5,-49.0,1998,4,4,0,4,0,31578.0,31578.0,True,1.0,100%
era5_-20.50_-49.00,-20.5,-49.0,1999,4,4,0,4,0,32380.0,32380.0,True,1.0,100%
era5_-20.50_-49.00,-20.5,-49.0,2000,4,4,0,4,0,34773.0,34773.0,True,1.0,100%
era5_-20.50_-49.00,-20.5,-49.0,2001,4,4,0,4,0,38299.0,38299.0,True,1.0,100%
era5_-20.50_-49.00,-20.5,-49.0,2002,4,4,0,4,0,36599.0,36599.0,True,1.0,100%
era5_-20.50_-49.00,-20.5,-49.0,2003,4,4,0,4,0,43300.0,43300.0,True,1.0,100%
era5_-20.50_-49.00,-20.5,-49.0,2004,4,4,0,4,0,46092.0,46092.0,True,1.0,100%
era5_-20.50_-49.00,-20.5,-49.0,2005,4,4,0,4,0,48228.0,48228.0,True,1.0,100%
era5_-20.50_-49.00,-20.5,-49.0,2006,4,4,0,4,0,67069.0,67069.0,True,1.0,100%
era5_-20.50_-49.00,-20.5,-49.0,2007,4,4,0,4,0,76356.0,76356.0,True,1.0,100%
era5_-20.50_-49.00,-20.5,-49.0,2008,4,4,0,4,0,75785.0,75785.0,True,1.0,100%
era5_-20.50_-49.00,-20.5,-49.0,2009,4,4,0,4,0,77870.0,77870.0,True,1.0,100%
era5_-20.50_-49.00,-20.5,-49.0,2010,4,4,0,4,0,85050.0,85050.0,True,1.0,100%
era5_-20.50_-49.00,-20.5,-49.0,2011,4,4,0,4,0,92950.0,92950.0,True,1.0,100%
era5_-20.50_-49.00,-20.5,-49.0,2012,4,4,0,4,0,96100.0,96100.0,True,1.0,100%
era5_-20.50_-49.00,-20.5,-49.0,2013,4,4,0,4,0,111850.0,111850.0,True,1.0,100%
era5_-20.50_-49.00,-20.5,-49.0,2014,4,4,0,4,0,121750.0,121750.0,True,1.0,100%
era5_-20.50_-49.00,-20.5,-49.0,2015,4,4,0,4,0,127000.0,127000.0,True,1.0,100%
era5_-20.50_-49.00,-20.5,-49.0,2016,4,4,0,4,0,150500.0,150500.0,True,1.0,100%
era5_-20.50_-49.00,-20.5,-49.0,2017,4,4,0,4,0,150500.0,150500.0,True,1.0,100%
era5_-20.50_-49.00,-20.5,-49.0,2018,4,4,0,4,0,108900.0,108900.0,True,1.0,100%
era5_-20.50_-49.00,-20.5,-49.0,2019,4,4,0,4,0,104400.0,104400.0,True,1.0,100%
era5_-20.50_-49.00,-20.5,-49.0,2020,4,4,0,4,0,106900.0,106900.0,True,1.0,100%
era5_-20.50_-49.00,-20.5,-49.0,2021,4,4,0,4,0,104800.0,104800.0,True,1.0,100%
era5_-20.50_-49.00,-20.5,-49.0,2022,4,4,0,4,0,104700.0,104700.0,True,1.0,100%
era5_-20.50_-49.00,-20.5,-49.0,2023,4,4,0,4,0,107200.0,107200.0,True,1.0,100%
era5_-20.50_-49.00,-20.5,-49.0,2024,4,4,0,4,0,111400.0,111400.0,True,1.0,100%
era5_-20.50_-49.00,-20.5,-49.0,2025,4,4,0,4,0,114200.0,114200.0,True,1.0,100%
era5_-20.50_-49.50,-20.5,-49.5,1974,7,6,1,0,6,0.0,0.0,False,,invalid_nonpositive_denominator
era5_-20.50_-49.50,-20.5,-49.5,1975,7,6,1,0,6,0.0,0.0,False,,invalid_nonpositive_denominator
era5_-20.50_-49.50,-20.5,-49.5,1976,7,6,1,0,6,0.0,0.0,False,,invalid_nonpositive_denominator
era5_-20.50_-49.50,-20.5,-49.5,1977,7,6,1,0,6,0.0,0.0,False,,invalid_nonpositive_denominator
era5_-20.50_-49.50,-20.5,-49.5,1978,7,6,1,0,6,0.0,0.0,False,,invalid_nonpositive_denominator
era5_-20.50_-49.50,-20.5,-49.5,1979,7,6,1,1,5,10.0,10.0,True,1.0,100%
era5_-20.50_-49.50,-20.5,-49.5,1980,7,6,1,1,5,10.0,10.0,True,1.0,100%
era5_-20.50_-49.50,-20.5,-49.5,1981,7,6,1,1,5,11.0,11.0,True,1.0,100%
era5_-20.50_-49.50,-20.5,-49.5,1982,7,6,1,1,5,175.0,175.0,True,1.0,100%
era5_-20.50_-49.50,-20.5,-49.5,1983,7,6,1,1,5,220.0,220.0,True,1.0,100%
era5_-20.50_-49.50,-20.5,-49.5,1984,7,6,1,3,3,2380.0,2380.0,True,1.0,100%
era5_-20.50_-49.50,-20.5,-49.5,1985,7,6,1,3,3,4590.0,4590.0,True,1.0,100%
era5_-20.50_-49.50,-20.5,-49.5,1986,7,6,1,5,1,6214.0,6214.0,True,1.0,100%
era5_-20.50_-49.50,-20.5,-49.5,1987,7,6,1,4,2,6300.0,6300.0,True,1.0,100%
era5_-20.50_-49.50,-20.5,-49.5,1988,7,6,1,4,2,5248.0,5248.0,True,1.0,100%
era5_-20.50_-49.50,-20.5,-49.5,1989,7,6,1,4,2,5067.0,5067.0,True,1.0,100%
era5_-20.50_-49.50,-20.5,-49.5,1990,7,6,1,4,2,5796.0,5796.0,True,1.0,100%
era5_-20.50_-49.50,-20.5,-49.5,1991,7,6,1,4,2,5796.0,5796.0,True,1.0,100%
era5_-20.50_-49.50,-20.5,-49.5,1992,7,6,1,4,2,6550.0,6550.0,True,1.0,100%
era5_-20.50_-49.50,-20.5,-49.5,1993,7,6,1,4,2,6050.0,6050.0,True,1.0,100%
era5_-20.50_-49.50,-20.5,-49.5,1994,7,6,1,4,2,5534.0,5534.0,True,1.0,100%
era5_-20.50_-49.50,-20.5,-49.5,1995,7,6,1,5,1,9815.0,9815.0,True,1.0,100%
era5_-20.50_-49.50,-20.5,-49.5,1996,7,6,1,5,1,6795.0,6795.0,True,1.0,100%
era5_-20.50_-49.50,-20.5,-49.5,1997,7,7,0,6,1,8200.0,8200.0,True,1.0,100%
era5_-20.50_-49.50,-20.5,-49.5,1998,7,7,0,6,1,9145.0,9145.0,True,1.0,100%
era5_-20.50_-49.50,-20.5,-49.5,1999,7,7,0,6,1,11370.0,11370.0,True,1.0,100%
era5_-20.50_-49.50,-20.5,-49.5,2000,7,7,0,6,1,9645.0,9645.0,True,1.0,100%
era5_-20.50_-49.50,-20.5,-49.5,2001,7,7,0,6,1,10097.0,10097.0,True,1.0,100%
era5_-20.50_-49.50,-20.5,-49.5,2002,7,7,0,6,1,11267.0,11267.0,True,1.0,100%
era5_-20.50_-49.50,-20.5,-49.5,2003,7,7,0,7,0,11202.0,11202.0,True,1.0,100%
era5_-20.50_-49.50,-20.5,-49.5,2004,7,7,0,7,0,14501.0,14501.0,True,1.0,100%
era5_-20.50_-49.50,-20.5,-49.5,2005,7,7,0,7,0,16736.0,16736.0,True,1.0,100%
era5_-20.50_-49.50,-20.5,-49.5,2006,7,7,0,7,0,23153.0,23153.0,True,1.0,100%
era5_-20.50_-49.50,-20.5,-49.5,2007,7,7,0,7,0,35983.0,35983.0,True,1.0,100%
era5_-20.50_-49.50,-20.5,-49.5,2008,7,7,0,7,0,66500.0,66500.0,True,1.0,100%
era5_-20.50_-49.50,-20.5,-49.5,2009,7,7,0,7,0,67707.0,67707.0,True,1.0,100%
era5_-20.50_-49.50,-20.5,-49.5,2010,7,7,0,7,0,83900.0,83900.0,True,1.0,100%
era5_-20.50_-49.50,-20.5,-49.5,2011,7,7,0,7,0,78700.0,78700.0,True,1.0,100%
era5_-20.50_-49.50,-20.5,-49.5,2012,7,7,0,7,0,90300.0,90300.0,True,1.0,100%
era5_-20.50_-49.50,-20.5,-49.5,2013,7,7,0,7,0,103200.0,103200.0,True,1.0,100%
era5_-20.50_-49.50,-20.5,-49.5,2014,7,7,0,7,0,101950.0,101950.0,True,1.0,100%
era5_-20.50_-49.50,-20.5,-49.5,2015,7,7,0,7,0,97280.0,97280.0,True,1.0,100%
era5_-20.50_-49.50,-20.5,-49.5,2016,7,7,0,7,0,101100.0,101100.0,True,1.0,100%
era5_-20.50_-49.50,-20.5,-49.5,2017,7,7,0,7,0,100970.0,100970.0,True,1.0,100%
era5_-20.50_-49.50,-20.5,-49.5,2018,7,7,0,7,0,101370.0,101370.0,True,1.0,100%
era5_-20.50_-49.50,-20.5,-49.5,2019,7,7,0,7,0,100300.0,100300.0,True,1.0,100%
era5_-20.50_-49.50,-20.5,-49.5,2020,7,7,0,7,0,89550.0,89550.0,True,1.0,100%
era5_-20.50_-49.50,-20.5,-49.5,2021,7,7,0,7,0,89800.0,89800.0,True,1.0,100%
era5_-20.50_-49.50,-20.5,-49.5,2022,7,7,0,7,0,88500.0,88500.0,True,1.0,100%
era5_-20.50_-49.50,-20.5,-49.5,2023,7,7,0,7,0,92050.0,92050.0,True,1.0,100%
era5_-20.50_-49.50,-20.5,-49.5,2024,7,7,0,7,0,98578.0,98578.0,True,1.0,100%
era5_-20.50_-49.50,-20.5,-49.5,2025,7,7,0,7,0,100776.0,100776.0,True,1.0,100%
era5_-20.50_-50.00,-20.5,-50.0,1974,11,10,1,3,7,472.0,472.0,True,1.0,100%
era5_-20.50_-50.00,-20.5,-50.0,1975,11,10,1,3,7,380.0,380.0,True,1.0,100%
era5_-20.50_-50.00,-20.5,-50.0,1976,11,10,1,3,7,370.0,370.0,True,1.0,100%
era5_-20.50_-50.00,-20.5,-50.0,1977,11,10,1,2,8,230.0,230.0,True,1.0,100%
era5_-20.50_-50.00,-20.5,-50.0,1978,11,10,1,1,9,120.0,120.0,True,1.0,100%
era5_-20.50_-50.00,-20.5,-50.0,1979,11,10,1,2,8,75.0,75.0,True,1.0,100%
era5_-20.50_-50.00,-20.5,-50.0,1980,11,10,1,2,8,184.0,184.0,True,1.0,100%
era5_-20.50_-50.00,-20.5,-50.0,1981,11,10,1,2,8,102.0,102.0,True,1.0,100%
era5_-20.50_-50.00,-20.5,-50.0,1982,11,10,1,5,5,1595.0,1595.0,True,1.0,100%
era5_-20.50_-50.00,-20.5,-50.0,1983,11,10,1,5,5,2476.0,2476.0,True,1.0,100%
era5_-20.50_-50.00,-20.5,-50.0,1984,11,10,1,4,6,2949.0,2949.0,True,1.0,100%
era5_-20.50_-50.00,-20.5,-50.0,1985,11,10,1,5,5,3484.0,3484.0,True,1.0,100%
era5_-20.50_-50.00,-20.5,-50.0,1986,11,10,1,5,5,3519.0,3519.0,True,1.0,100%
era5_-20.50_-50.00,-20.5,-50.0,1987,11,10,1,6,4,4039.0,4039.0,True,1.0,100%
era5_-20.50_-50.00,-20.5,-50.0,1988,11,10,1,6,4,3201.0,3201.0,True,1.0,100%
era5_-20.50_-50.00,-20.5,-50.0,1989,11,10,1,7,3,3389.0,3389.0,True,1.0,100%
era5_-20.50_-50.00,-20.5,-50.0,1990,11,10,1,7,3,5014.0,5014.0,True,1.0,100%
era5_-20.50_-50.00,-20.5,-50.0,1991,11,10,1,6,4,4007.0,4007.0,True,1.0,100%
era5_-20.50_-50.00,-20.5,-50.0,1992,11,10,1,6,4,4477.0,4477.0,True,1.0,100%
era5_-20.50_-50.00,-20.5,-50.0,1993,11,11,0,7,4,4975.0,4975.0,True,1.0,100%
era5_-20.50_-50.00,-20.5,-50.0,1994,11,11,0,6,5,4993.0,4993.0,True,1.0,100%
era5_-20.50_-50.00,-20.5,-50.0,1995,11,11,0,6,5,5870.0,5870.0,True,1.0,100%
era5_-20.50_-50.00,-20.5,-50.0,1996,11,11,0,7,4,8677.0,8677.0,True,1.0,100%
era5_-20.50_-50.00,-20.5,-50.0,1997,11,11,0,7,4,6961.0,6961.0,True,1.0,100%
era5_-20.50_-50.00,-20.5,-50.0,1998,11,11,0,8,3,8524.0,8524.0,True,1.0,100%
era5_-20.50_-50.00,-20.5,-50.0,1999,11,11,0,7,4,8408.0,8408.0,True,1.0,100%
era5_-20.50_-50.00,-20.5,-50.0,2000,11,11,0,6,5,9777.0,9777.0,True,1.0,100%
era5_-20.50_-50.00,-20.5,-50.0,2001,11,11,0,4,7,7895.0,7895.0,True,1.0,100%
era5_-20.50_-50.00,-20.5,-50.0,2002,11,11,0,6,5,7906.0,7906.0,True,1.0,100%
era5_-20.50_-50.00,-20.5,-50.0,2003,11,11,0,6,5,8202.0,8202.0,True,1.0,100%
era5_-20.50_-50.00,-20.5,-50.0,2004,11,11,0,8,3,16431.0,16431.0,True,1.0,100%
era5_-20.50_-50.00,-20.5,-50.0,2005,11,11,0,7,4,17459.0,17459.0,True,1.0,100%
era5_-20.50_-50.00,-20.5,-50.0,2006,11,11,0,10,1,23875.0,23875.0,True,1.0,100%
era5_-20.50_-50.00,-20.5,-50.0,2007,11,11,0,10,1,33502.0,33502.0,True,1.0,100%
era5_-20.50_-50.00,-20.5,-50.0,2008,11,11,0,11,0,47275.0,47275.0,True,1.0,100%
era5_-20.50_-50.00,-20.5,-50.0,2009,11,11,0,11,0,66542.0,66542.0,True,1.0,100%
era5_-20.50_-50.00,-20.5,-50.0,2010,11,11,0,11,0,73898.0,73898.0,True,1.0,100%
era5_-20.50_-50.00,-20.5,-50.0,2011,11,11,0,11,0,60646.0,60646.0,True,1.0,100%
era5_-20.50_-50.00,-20.5,-50.0,2012,11,11,0,10,1,76370.0,76370.0,True,1.0,100%
era5_-20.50_-50.00,-20.5,-50.0,2013,11,11,0,11,0,84918.0,84918.0,True,1.0,100%
era5_-20.50_-50.00,-20.5,-50.0,2014,11,11,0,11,0,88754.0,88754.0,True,1.0,100%
era5_-20.50_-50.00,-20.5,-50.0,2015,11,11,0,11,0,85916.0,85916.0,True,1.0,100%
era5_-20.50_-50.00,-20.5,-50.0,2016,11,11,0,11,0,84449.0,84449.0,True,1.0,100%
era5_-20.50_-50.00,-20.5,-50.0,2017,11,11,0,11,0,97614.0,97614.0,True,1.0,100%
era5_-20.50_-50.00,-20.5,-50.0,2018,11,11,0,11,0,103387.0,103387.0,True,1.0,100%
era5_-20.50_-50.00,-20.5,-50.0,2019,11,11,0,11,0,106148.0,106148.0,True,1.0,100%
era5_-20.50_-50.00,-20.5,-50.0,2020,11,11,0,11,0,105304.0,105304.0,True,1.0,100%
era5_-20.50_-50.00,-20.5,-50.0,2021,11,11,0,11,0,103004.0,103004.0,True,1.0,100%
era5_-20.50_-50.00,-20.5,-50.0,2022,11,11,0,11,0,99800.0,99800.0,True,1.0,100%
era5_-20.50_-50.00,-20.5,-50.0,2023,11,11,0,11,0,104000.0,104000.0,True,1.0,100%
era5_-20.50_-50.00,-20.5,-50.0,2024,11,11,0,11,0,105653.0,105653.0,True,1.0,100%
era5_-20.50_-50.00,-20.5,-50.0,2025,11,11,0,11,0,109175.0,109175.0,True,1.0,100%
era5_-20.50_-50.50,-20.5,-50.5,1974,10,7,3,0,7,0.0,0.0,False,,invalid_nonpositive_denominator
era5_-20.50_-50.50,-20.5,-50.5,1975,10,7,3,0,7,0.0,0.0,False,,invalid_nonpositive_denominator
era5_-20.50_-50.50,-20.5,-50.5,1976,10,7,3,0,7,0.0,0.0,False,,invalid_nonpositive_denominator
era5_-20.50_-50.50,-20.5,-50.5,1977,10,7,3,0,7,0.0,0.0,False,,invalid_nonpositive_denominator
era5_-20.50_-50.50,-20.5,-50.5,1978,10,7,3,0,7,0.0,0.0,False,,invalid_nonpositive_denominator
era5_-20.50_-50.50,-20.5,-50.5,1979,10,7,3,0,7,0.0,0.0,False,,invalid_nonpositive_denominator
era5_-20.50_-50.50,-20.5,-50.5,1980,10,7,3,0,7,0.0,0.0,False,,invalid_nonpositive_denominator
era5_-20.50_-50.50,-20.5,-50.5,1981,10,7,3,0,7,0.0,0.0,False,,invalid_nonpositive_denominator
era5_-20.50_-50.50,-20.5,-50.5,1982,10,7,3,4,3,845.0,845.0,True,1.0,100%
era5_-20.50_-50.50,-20.5,-50.5,1983,10,7,3,5,2,3280.0,3280.0,True,1.0,100%
era5_-20.50_-50.50,-20.5,-50.5,1984,10,7,3,5,2,3839.0,3839.0,True,1.0,100%
era5_-20.50_-50.50,-20.5,-50.5,1985,10,7,3,5,2,4287.0,4287.0,True,1.0,100%
era5_-20.50_-50.50,-20.5,-50.5,1986,10,7,3,6,1,6124.0,6124.0,True,1.0,100%
era5_-20.50_-50.50,-20.5,-50.5,1987,10,7,3,7,0,5204.0,5204.0,True,1.0,100%
era5_-20.50_-50.50,-20.5,-50.5,1988,10,7,3,6,1,6097.0,6097.0,True,1.0,100%
era5_-20.50_-50.50,-20.5,-50.5,1989,10,7,3,5,2,5952.0,5952.0,True,1.0,100%
era5_-20.50_-50.50,-20.5,-50.5,1990,10,7,3,6,1,6567.0,6567.0,True,1.0,100%
era5_-20.50_-50.50,-20.5,-50.5,1991,10,7,3,6,1,5785.0,5785.0,True,1.0,100%
era5_-20.50_-50.50,-20.5,-50.5,1992,10,7,3,6,1,6541.0,6541.0,True,1.0,100%
era5_-20.50_-50.50,-20.5,-50.5,1993,10,10,0,8,2,6807.0,6807.0,True,1.0,100%
era5_-20.50_-50.50,-20.5,-50.5,1994,10,10,0,8,2,7227.0,7227.0,True,1.0,100%
era5_-20.50_-50.50,-20.5,-50.5,1995,10,10,0,8,2,7117.0,7117.0,True,1.0,100%
era5_-20.50_-50.50,-20.5,-50.5,1996,10,10,0,8,2,10051.0,10051.0,True,1.0,100%
era5_-20.50_-50.50,-20.5,-50.5,1997,10,10,0,7,3,10784.0,10784.0,True,1.0,100%
era5_-20.50_-50.50,-20.5,-50.5,1998,10,10,0,7,3,11112.0,11112.0,True,1.0,100%
era5_-20.50_-50.50,-20.5,-50.5,1999,10,10,0,7,3,12143.0,12143.0,True,1.0,100%
era5_-20.50_-50.50,-20.5,-50.5,2000,10,10,0,6,4,17738.0,17738.0,True,1.0,100%
era5_-20.50_-50.50,-20.5,-50.5,2001,10,10,0,5,5,10078.0,10078.0,True,1.0,100%
era5_-20.50_-50.50,-20.5,-50.5,2002,10,10,0,6,4,11712.0,11712.0,True,1.0,100%
era5_-20.50_-50.50,-20.5,-50.5,2003,10,10,0,6,4,12194.0,12194.0,True,1.0,100%
era5_-20.50_-50.50,-20.5,-50.5,2004,10,10,0,7,3,10336.0,10336.0,True,1.0,100%
era5_-20.50_-50.50,-20.5,-50.5,2005,10,10,0,7,3,14438.0,14438.0,True,1.0,100%
era5_-20.50_-50.50,-20.5,-50.5,2006,10,10,0,7,3,13627.0,13627.0,True,1.0,100%
era5_-20.50_-50.50,-20.5,-50.5,2007,10,10,0,10,0,19299.0,19299.0,True,1.0,100%
era5_-20.50_-50.50,-20.5,-50.5,2008,10,10,0,7,3,18268.0,18268.0,True,1.0,100%
era5_-20.50_-50.50,-20.5,-50.5,2009,10,10,0,8,2,25205.0,25205.0,True,1.0,100%
era5_-20.50_-50.50,-20.5,-50.5,2010,10,10,0,10,0,29440.0,29440.0,True,1.0,100%
era5_-20.50_-50.50,-20.5,-50.5,2011,10,10,0,10,0,37305.0,37305.0,True,1.0,100%
era5_-20.50_-50.50,-20.5,-50.5,2012,10,10,0,10,0,42827.0,42827.0,True,1.0,100%
era5_-20.50_-50.50,-20.5,-50.5,2013,10,10,0,10,0,40509.0,40509.0,True,1.0,100%
era5_-20.50_-50.50,-20.5,-50.5,2014,10,10,0,10,0,41442.0,41442.0,True,1.0,100%
era5_-20.50_-50.50,-20.5,-50.5,2015,10,10,0,10,0,42844.0,42844.0,True,1.0,100%
era5_-20.50_-50.50,-20.5,-50.5,2016,10,10,0,10,0,41562.0,41562.0,True,1.0,100%
era5_-20.50_-50.50,-20.5,-50.5,2017,10,10,0,10,0,50551.0,50551.0,True,1.0,100%
era5_-20.50_-50.50,-20.5,-50.5,2018,10,10,0,10,0,53420.0,53420.0,True,1.0,100%
era5_-20.50_-50.50,-20.5,-50.5,2019,10,10,0,10,0,56720.0,56720.0,True,1.0,100%
era5_-20.50_-50.50,-20.5,-50.5,2020,10,10,0,10,0,55200.0,55200.0,True,1.0,100%
era5_-20.50_-50.50,-20.5,-50.5,2021,10,10,0,10,0,58170.0,58170.0,True,1.0,100%
era5_-20.50_-50.50,-20.5,-50.5,2022,10,10,0,10,0,57820.0,57820.0,True,1.0,100%
era5_-20.50_-50.50,-20.5,-50.5,2023,10,10,0,10,0,57490.0,57490.0,True,1.0,100%
era5_-20.50_-50.50,-20.5,-50.5,2024,10,10,0,10,0,58072.0,58072.0,True,1.0,100%
era5_-20.50_-50.50,-20.5,-50.5,2025,10,10,0,10,0,57860.0,57860.0,True,1.0,100%
era5_-20.50_-51.00,-20.5,-51.0,1974,6,4,2,1,3,6.0,6.0,True,1.0,100%
era5_-20.50_-51.00,-20.5,-51.0,1975,6,4,2,1,3,2.0,2.0,True,1.0,100%
era5_-20.50_-51.00,-20.5,-51.0,1976,6,4,2,1,3,2.0,2.0,True,1.0,100%
era5_-20.50_-51.00,-20.5,-51.0,1977,6,4,2,1,3,2.0,2.0,True,1.0,100%
era5_-20.50_-51.00,-20.5,-51.0,1978,6,4,2,1,3,2.0,2.0,True,1.0,100%
era5_-20.50_-51.00,-20.5,-51.0,1979,6,4,2,2,2,27.0,27.0,True,1.0,100%
era5_-20.50_-51.00,-20.5,-51.0,1980,6,4,2,2,2,302.0,302.0,True,1.0,100%
era5_-20.50_-51.00,-20.5,-51.0,1981,6,4,2,1,3,334.0,334.0,True,1.0,100%
era5_-20.50_-51.00,-20.5,-51.0,1982,6,4,2,1,3,2441.0,2441.0,True,1.0,100%
era5_-20.50_-51.00,-20.5,-51.0,1983,6,4,2,2,2,3580.0,3580.0,True,1.0,100%
era5_-20.50_-51.00,-20.5,-51.0,1984,6,4,2,2,2,5091.0,5091.0,True,1.0,100%
era5_-20.50_-51.00,-20.5,-51.0,1985,6,4,2,2,2,4685.0,4685.0,True,1.0,100%
era5_-20.50_-51.00,-20.5,-51.0,1986,6,4,2,2,2,6012.0,6012.0,True,1.0,100%
era5_-20.50_-51.00,-20.5,-51.0,1987,6,4,2,2,2,6774.0,6774.0,True,1.0,100%
era5_-20.50_-51.00,-20.5,-51.0,1988,6,4,2,2,2,6691.0,6691.0,True,1.0,100%
era5_-20.50_-51.00,-20.5,-51.0,1989,6,4,2,2,2,4686.0,4686.0,True,1.0,100%
era5_-20.50_-51.00,-20.5,-51.0,1990,6,4,2,2,2,4364.0,4364.0,True,1.0,100%
era5_-20.50_-51.00,-20.5,-51.0,1991,6,4,2,2,2,4117.0,4117.0,True,1.0,100%
era5_-20.50_-51.00,-20.5,-51.0,1992,6,4,2,2,2,4291.0,4291.0,True,1.0,100%
era5_-20.50_-51.00,-20.5,-51.0,1993,6,6,0,2,4,4250.0,4250.0,True,1.0,100%
era5_-20.50_-51.00,-20.5,-51.0,1994,6,6,0,2,4,4220.0,4220.0,True,1.0,100%
era5_-20.50_-51.00,-20.5,-51.0,1995,6,6,0,3,3,4414.0,4414.0,True,1.0,100%
era5_-20.50_-51.00,-20.5,-51.0,1996,6,6,0,3,3,5022.0,5022.0,True,1.0,100%
era5_-20.50_-51.00,-20.5,-51.0,1997,6,6,0,3,3,7534.0,7534.0,True,1.0,100%
era5_-20.50_-51.00,-20.5,-51.0,1998,6,6,0,3,3,7592.0,7592.0,True,1.0,100%
era5_-20.50_-51.00,-20.5,-51.0,1999,6,6,0,3,3,7635.0,7635.0,True,1.0,100%
era5_-20.50_-51.00,-20.5,-51.0,2000,6,6,0,3,3,9235.0,9235.0,True,1.0,100%
era5_-20.50_-51.00,-20.5,-51.0,2001,6,6,0,3,3,8115.0,8115.0,True,1.0,100%
era5_-20.50_-51.00,-20.5,-51.0,2002,6,6,0,3,3,7159.0,7159.0,True,1.0,100%
era5_-20.50_-51.00,-20.5,-51.0,2003,6,6,0,4,2,7730.0,7730.0,True,1.0,100%
era5_-20.50_-51.00,-20.5,-51.0,2004,6,6,0,5,1,12999.0,12999.0,True,1.0,100%
era5_-20.50_-51.00,-20.5,-51.0,2005,6,6,0,5,1,15129.0,15129.0,True,1.0,100%
era5_-20.50_-51.00,-20.5,-51.0,2006,6,6,0,5,1,16959.0,16959.0,True,1.0,100%
era5_-20.50_-51.00,-20.5,-51.0,2007,6,6,0,5,1,12948.0,12948.0,True,1.0,100%
era5_-20.50_-51.00,-20.5,-51.0,2008,6,6,0,5,1,44658.0,44658.0,True,1.0,100%
era5_-20.50_-51.00,-20.5,-51.0,2009,6,6,0,6,0,64629.0,64629.0,True,1.0,100%
era5_-20.50_-51.00,-20.5,-51.0,2010,6,6,0,6,0,63430.0,63430.0,True,1.0,100%
era5_-20.50_-51.00,-20.5,-51.0,2011,6,6,0,6,0,57580.0,57580.0,True,1.0,100%
era5_-20.50_-51.00,-20.5,-51.0,2012,6,6,0,6,0,62635.0,62635.0,True,1.0,100%
era5_-20.50_-51.00,-20.5,-51.0,2013,6,6,0,6,0,54338.0,54338.0,True,1.0,100%
era5_-20.50_-51.00,-20.5,-51.0,2014,6,6,0,6,0,65494.0,65494.0,True,1.0,100%
era5_-20.50_-51.00,-20.5,-51.0,2015,6,6,0,6,0,60055.0,60055.0,True,1.0,100%
era5_-20.50_-51.00,-20.5,-51.0,2016,6,6,0,6,0,63229.0,63229.0,True,1.0,100%
era5_-20.50_-51.00,-20.5,-51.0,2017,6,6,0,6,0,64188.0,64188.0,True,1.0,100%
era5_-20.50_-51.00,-20.5,-51.0,2018,6,6,0,6,0,70156.0,70156.0,True,1.0,100%
era5_-20.50_-51.00,-20.5,-51.0,2019,6,6,0,6,0,79800.0,79800.0,True,1.0,100%
era5_-20.50_-51.00,-20.5,-51.0,2020,6,6,0,6,0,75975.0,75975.0,True,1.0,100%
era5_-20.50_-51.00,-20.5,-51.0,2021,6,6,0,6,0,73200.0,73200.0,True,1.0,100%
era5_-20.50_-51.00,-20.5,-51.0,2022,6,6,0,6,0,71850.0,71850.0,True,1.0,100%
era5_-20.50_-51.00,-20.5,-51.0,2023,6,6,0,6,0,77750.0,77750.0,True,1.0,100%
era5_-20.50_-51.00,-20.5,-51.0,2024,6,6,0,5,1,57020.0,57020.0,True,1.0,100%
era5_-20.50_-51.00,-20.5,-51.0,2025,6,6,0,5,1,72220.0,72220.0,True,1.0,100%
era5_-21.00_-47.50,-21.0,-47.5,1974,5,5,0,2,3,7828.0,7828.0,True,1.0,100%
era5_-21.00_-47.50,-21.0,-47.5,1975,5,5,0,2,3,5902.0,5902.0,True,1.0,100%
era5_-21.00_-47.50,-21.0,-47.5,1976,5,5,0,2,3,9600.0,9600.0,True,1.0,100%
era5_-21.00_-47.50,-21.0,-47.5,1977,5,5,0,3,2,11800.0,11800.0,True,1.0,100%
era5_-21.00_-47.50,-21.0,-47.5,1978,5,5,0,3,2,13454.0,13454.0,True,1.0,100%
era5_-21.00_-47.50,-21.0,-47.5,1979,5,5,0,3,2,13464.0,13464.0,True,1.0,100%
era5_-21.00_-47.50,-21.0,-47.5,1980,5,5,0,3,2,18500.0,18500.0,True,1.0,100%
era5_-21.00_-47.50,-21.0,-47.5,1981,5,5,0,3,2,20567.0,20567.0,True,1.0,100%
era5_-21.00_-47.50,-21.0,-47.5,1982,5,5,0,3,2,22150.0,22150.0,True,1.0,100%
era5_-21.00_-47.50,-21.0,-47.5,1983,5,5,0,4,1,22446.0,22446.0,True,1.0,100%
era5_-21.00_-47.50,-21.0,-47.5,1984,5,5,0,4,1,22850.0,22850.0,True,1.0,100%
era5_-21.00_-47.50,-21.0,-47.5,1985,5,5,0,4,1,21900.0,21900.0,True,1.0,100%
era5_-21.00_-47.50,-21.0,-47.5,1986,5,5,0,4,1,22100.0,22100.0,True,1.0,100%
era5_-21.00_-47.50,-21.0,-47.5,1987,5,5,0,4,1,23000.0,23000.0,True,1.0,100%
era5_-21.00_-47.50,-21.0,-47.5,1988,5,5,0,4,1,23900.0,23900.0,True,1.0,100%
era5_-21.00_-47.50,-21.0,-47.5,1989,5,5,0,4,1,25700.0,25700.0,True,1.0,100%
era5_-21.00_-47.50,-21.0,-47.5,1990,5,5,0,4,1,28800.0,28800.0,True,1.0,100%
era5_-21.00_-47.50,-21.0,-47.5,1991,5,5,0,4,1,32000.0,32000.0,True,1.0,100%
era5_-21.00_-47.50,-21.0,-47.5,1992,5,5,0,4,1,29700.0,29700.0,True,1.0,100%
era5_-21.00_-47.50,-21.0,-47.5,1993,5,5,0,4,1,38500.0,38500.0,True,1.0,100%
era5_-21.00_-47.50,-21.0,-47.5,1994,5,5,0,5,0,46600.0,46600.0,True,1.0,100%
era5_-21.00_-47.50,-21.0,-47.5,1995,5,5,0,5,0,45600.0,45600.0,True,1.0,100%
era5_-21.00_-47.50,-21.0,-47.5,1996,5,5,0,5,0,49500.0,49500.0,True,1.0,100%
era5_-21.00_-47.50,-21.0,-47.5,1997,5,5,0,5,0,55479.0,55479.0,True,1.0,100%
era5_-21.00_-47.50,-21.0,-47.5,1998,5,5,0,5,0,58189.0,58189.0,True,1.0,100%
era5_-21.00_-47.50,-21.0,-47.5,1999,5,5,0,5,0,54640.0,54640.0,True,1.0,100%
era5_-21.00_-47.50,-21.0,-47.5,2000,5,5,0,5,0,53500.0,53500.0,True,1.0,100%
era5_-21.00_-47.50,-21.0,-47.5,2001,5,5,0,5,0,56300.0,56300.0,True,1.0,100%
era5_-21.00_-47.50,-21.0,-47.5,2002,5,5,0,5,0,58700.0,58700.0,True,1.0,100%
era5_-21.00_-47.50,-21.0,-47.5,2003,5,5,0,5,0,58615.0,58615.0,True,1.0,100%
era5_-21.00_-47.50,-21.0,-47.5,2004,5,5,0,5,0,59965.0,59965.0,True,1.0,100%
era5_-21.00_-47.50,-21.0,-47.5,2005,5,5,0,5,0,67885.0,67885.0,True,1.0,100%
era5_-21.00_-47.50,-21.0,-47.5,2006,5,5,0,5,0,71815.0,71815.0,True,1.0,100%
era5_-21.00_-47.50,-21.0,-47.5,2007,5,5,0,5,0,75915.0,75915.0,True,1.0,100%
era5_-21.00_-47.50,-21.0,-47.5,2008,5,5,0,5,0,78810.0,78810.0,True,1.0,100%
era5_-21.00_-47.50,-21.0,-47.5,2009,5,5,0,5,0,93975.0,93975.0,True,1.0,100%
era5_-21.00_-47.50,-21.0,-47.5,2010,5,5,0,5,0,96187.0,96187.0,True,1.0,100%
era5_-21.00_-47.50,-21.0,-47.5,2011,5,5,0,5,0,96584.0,96584.0,True,1.0,100%
era5_-21.00_-47.50,-21.0,-47.5,2012,5,5,0,4,1,80586.0,80586.0,True,1.0,100%
era5_-21.00_-47.50,-21.0,-47.5,2013,5,5,0,5,0,84921.0,84921.0,True,1.0,100%
era5_-21.00_-47.50,-21.0,-47.5,2014,5,5,0,5,0,97774.0,97774.0,True,1.0,100%
era5_-21.00_-47.50,-21.0,-47.5,2015,5,5,0,5,0,99276.0,99276.0,True,1.0,100%
era5_-21.00_-47.50,-21.0,-47.5,2016,5,5,0,5,0,98776.0,98776.0,True,1.0,100%
era5_-21.00_-47.50,-21.0,-47.5,2017,5,5,0,5,0,99276.0,99276.0,True,1.0,100%
era5_-21.00_-47.50,-21.0,-47.5,2018,5,5,0,5,0,98676.0,98676.0,True,1.0,100%
era5_-21.00_-47.50,-21.0,-47.5,2019,5,5,0,5,0,92898.0,92898.0,True,1.0,100%
era5_-21.00_-47.50,-21.0,-47.5,2020,5,5,0,5,0,93698.0,93698.0,True,1.0,100%
era5_-21.00_-47.50,-21.0,-47.5,2021,5,5,0,5,0,93698.0,93698.0,True,1.0,100%
era5_-21.00_-47.50,-21.0,-47.5,2022,5,5,0,5,0,91898.0,91898.0,True,1.0,100%
era5_-21.00_-47.50,-21.0,-47.5,2023,5,5,0,5,0,91898.0,91898.0,True,1.0,100%
era5_-21.00_-47.50,-21.0,-47.5,2024,5,5,0,5,0,92198.0,92198.0,True,1.0,100%
era5_-21.00_-47.50,-21.0,-47.5,2025,5,5,0,5,0,89086.0,89086.0,True,1.0,100%
era5_-21.00_-48.00,-21.0,-48.0,1974,8,8,0,8,0,81356.0,81356.0,True,1.0,100%
era5_-21.00_-48.00,-21.0,-48.0,1975,8,8,0,8,0,70646.0,70646.0,True,1.0,100%
era5_-21.00_-48.00,-21.0,-48.0,1976,8,8,0,8,0,89500.0,89500.0,True,1.0,100%
era5_-21.00_-48.00,-21.0,-48.0,1977,8,8,0,8,0,89391.0,89391.0,True,1.0,100%
era5_-21.00_-48.00,-21.0,-48.0,1978,8,8,0,8,0,96837.0,96837.0,True,1.0,100%
era5_-21.00_-48.00,-21.0,-48.0,1979,8,8,0,8,0,104798.0,104798.0,True,1.0,100%
era5_-21.00_-48.00,-21.0,-48.0,1980,8,8,0,8,0,105420.0,105420.0,True,1.0,100%
era5_-21.00_-48.00,-21.0,-48.0,1981,8,8,0,8,0,117199.0,117199.0,True,1.0,100%
era5_-21.00_-48.00,-21.0,-48.0,1982,8,8,0,8,0,126913.0,126913.0,True,1.0,100%
era5_-21.00_-48.00,-21.0,-48.0,1983,8,8,0,8,0,140438.0,140438.0,True,1.0,100%
era5_-21.00_-48.00,-21.0,-48.0,1984,8,8,0,8,0,139700.0,139700.0,True,1.0,100%
era5_-21.00_-48.00,-21.0,-48.0,1985,8,8,0,8,0,151650.0,151650.0,True,1.0,100%
era5_-21.00_-48.00,-21.0,-48.0,1986,8,8,0,8,0,149630.0,149630.0,True,1.0,100%
era5_-21.00_-48.00,-21.0,-48.0,1987,8,8,0,8,0,140391.0,140391.0,True,1.0,100%
era5_-21.00_-48.00,-21.0,-48.0,1988,8,8,0,8,0,163450.0,163450.0,True,1.0,100%
era5_-21.00_-48.00,-21.0,-48.0,1989,8,8,0,8,0,145950.0,145950.0,True,1.0,100%
era5_-21.00_-48.00,-21.0,-48.0,1990,8,8,0,8,0,172150.0,172150.0,True,1.0,100%
era5_-21.00_-48.00,-21.0,-48.0,1991,8,8,0,8,0,175280.0,175280.0,True,1.0,100%
era5_-21.00_-48.00,-21.0,-48.0,1992,8,8,0,8,0,167961.0,167961.0,True,1.0,100%
era5_-21.00_-48.00,-21.0,-48.0,1993,8,8,0,8,0,154350.0,154350.0,True,1.0,100%
era5_-21.00_-48.00,-21.0,-48.0,1994,8,8,0,8,0,168500.0,168500.0,True,1.0,100%
era5_-21.00_-48.00,-21.0,-48.0,1995,8,8,0,8,0,171920.0,171920.0,True,1.0,100%
era5_-21.00_-48.00,-21.0,-48.0,1996,8,8,0,8,0,180150.0,180150.0,True,1.0,100%
era5_-21.00_-48.00,-21.0,-48.0,1997,8,8,0,8,0,173678.0,173678.0,True,1.0,100%
era5_-21.00_-48.00,-21.0,-48.0,1998,8,8,0,8,0,173600.0,173600.0,True,1.0,100%
era5_-21.00_-48.00,-21.0,-48.0,1999,8,8,0,8,0,174500.0,174500.0,True,1.0,100%
era5_-21.00_-48.00,-21.0,-48.0,2000,8,8,0,8,0,176000.0,176000.0,True,1.0,100%
era5_-21.00_-48.00,-21.0,-48.0,2001,8,8,0,8,0,181300.0,181300.0,True,1.0,100%
era5_-21.00_-48.00,-21.0,-48.0,2002,8,8,0,8,0,176100.0,176100.0,True,1.0,100%
era5_-21.00_-48.00,-21.0,-48.0,2003,8,8,0,8,0,179800.0,179800.0,True,1.0,100%
era5_-21.00_-48.00,-21.0,-48.0,2004,8,8,0,8,0,186200.0,186200.0,True,1.0,100%
era5_-21.00_-48.00,-21.0,-48.0,2005,8,8,0,8,0,183081.0,183081.0,True,1.0,100%
era5_-21.00_-48.00,-21.0,-48.0,2006,8,8,0,8,0,180700.0,180700.0,True,1.0,100%
era5_-21.00_-48.00,-21.0,-48.0,2007,8,8,0,8,0,182100.0,182100.0,True,1.0,100%
era5_-21.00_-48.00,-21.0,-48.0,2008,8,8,0,8,0,193099.0,193099.0,True,1.0,100%
era5_-21.00_-48.00,-21.0,-48.0,2009,8,8,0,8,0,198345.0,198345.0,True,1.0,100%
era5_-21.00_-48.00,-21.0,-48.0,2010,8,8,0,8,0,193821.0,193821.0,True,1.0,100%
era5_-21.00_-48.00,-21.0,-48.0,2011,8,8,0,8,0,201540.0,201540.0,True,1.0,100%
era5_-21.00_-48.00,-21.0,-48.0,2012,8,8,0,8,0,198921.0,198921.0,True,1.0,100%
era5_-21.00_-48.00,-21.0,-48.0,2013,8,8,0,8,0,198921.0,198921.0,True,1.0,100%
era5_-21.00_-48.00,-21.0,-48.0,2014,8,8,0,8,0,198864.0,198864.0,True,1.0,100%
era5_-21.00_-48.00,-21.0,-48.0,2015,8,8,0,8,0,196334.0,196334.0,True,1.0,100%
era5_-21.00_-48.00,-21.0,-48.0,2016,8,8,0,8,0,196354.0,196354.0,True,1.0,100%
era5_-21.00_-48.00,-21.0,-48.0,2017,8,8,0,8,0,196334.0,196334.0,True,1.0,100%
era5_-21.00_-48.00,-21.0,-48.0,2018,8,8,0,8,0,196334.0,196334.0,True,1.0,100%
era5_-21.00_-48.00,-21.0,-48.0,2019,8,8,0,8,0,196894.0,196894.0,True,1.0,100%
era5_-21.00_-48.00,-21.0,-48.0,2020,8,8,0,8,0,197894.0,197894.0,True,1.0,100%
era5_-21.00_-48.00,-21.0,-48.0,2021,8,8,0,8,0,197894.0,197894.0,True,1.0,100%
era5_-21.00_-48.00,-21.0,-48.0,2022,8,8,0,8,0,198089.0,198089.0,True,1.0,100%
era5_-21.00_-48.00,-21.0,-48.0,2023,8,8,0,8,0,202484.0,202484.0,True,1.0,100%
era5_-21.00_-48.00,-21.0,-48.0,2024,8,8,0,8,0,194089.0,194089.0,True,1.0,100%
era5_-21.00_-48.00,-21.0,-48.0,2025,8,8,0,8,0,193507.0,193507.0,True,1.0,100%
era5_-21.00_-48.50,-21.0,-48.5,1974,9,8,1,5,3,1919.0,1919.0,True,1.0,100%
era5_-21.00_-48.50,-21.0,-48.5,1975,9,8,1,5,3,1399.0,1399.0,True,1.0,100%
era5_-21.00_-48.50,-21.0,-48.5,1976,9,8,1,4,4,930.0,930.0,True,1.0,100%
era5_-21.00_-48.50,-21.0,-48.5,1977,9,8,1,4,4,1800.0,1800.0,True,1.0,100%
era5_-21.00_-48.50,-21.0,-48.5,1978,9,8,1,6,2,3834.0,3834.0,True,1.0,100%
era5_-21.00_-48.50,-21.0,-48.5,1979,9,8,1,7,1,4854.0,4854.0,True,1.0,100%
era5_-21.00_-48.50,-21.0,-48.5,1980,9,8,1,7,1,5930.0,5930.0,True,1.0,100%
era5_-21.00_-48.50,-21.0,-48.5,1981,9,8,1,8,0,6991.0,6991.0,True,1.0,100%
era5_-21.00_-48.50,-21.0,-48.5,1982,9,8,1,8,0,9530.0,9530.0,True,1.0,100%
era5_-21.00_-48.50,-21.0,-48.5,1983,9,8,1,8,0,12430.0,12430.0,True,1.0,100%
era5_-21.00_-48.50,-21.0,-48.5,1984,9,8,1,8,0,17424.0,17424.0,True,1.0,100%
era5_-21.00_-48.50,-21.0,-48.5,1985,9,8,1,8,0,21394.0,21394.0,True,1.0,100%
era5_-21.00_-48.50,-21.0,-48.5,1986,9,8,1,8,0,21297.0,21297.0,True,1.0,100%
era5_-21.00_-48.50,-21.0,-48.5,1987,9,8,1,8,0,20400.0,20400.0,True,1.0,100%
era5_-21.00_-48.50,-21.0,-48.5,1988,9,8,1,8,0,22090.0,22090.0,True,1.0,100%
era5_-21.00_-48.50,-21.0,-48.5,1989,9,8,1,7,1,19141.0,19141.0,True,1.0,100%
era5_-21.00_-48.50,-21.0,-48.5,1990,9,8,1,8,0,23263.0,23263.0,True,1.0,100%
era5_-21.00_-48.50,-21.0,-48.5,1991,9,8,1,8,0,25080.0,25080.0,True,1.0,100%
era5_-21.00_-48.50,-21.0,-48.5,1992,9,8,1,8,0,31772.0,31772.0,True,1.0,100%
era5_-21.00_-48.50,-21.0,-48.5,1993,9,8,1,8,0,43057.0,43057.0,True,1.0,100%
era5_-21.00_-48.50,-21.0,-48.5,1994,9,8,1,8,0,44992.0,44992.0,True,1.0,100%
era5_-21.00_-48.50,-21.0,-48.5,1995,9,8,1,8,0,50135.0,50135.0,True,1.0,100%
era5_-21.00_-48.50,-21.0,-48.5,1996,9,8,1,8,0,68245.0,68245.0,True,1.0,100%
era5_-21.00_-48.50,-21.0,-48.5,1997,9,9,0,9,0,69594.0,69594.0,True,1.0,100%
era5_-21.00_-48.50,-21.0,-48.5,1998,9,9,0,9,0,57278.0,57278.0,True,1.0,100%
era5_-21.00_-48.50,-21.0,-48.5,1999,9,9,0,9,0,61158.0,61158.0,True,1.0,100%
era5_-21.00_-48.50,-21.0,-48.5,2000,9,9,0,9,0,60800.0,60800.0,True,1.0,100%
era5_-21.00_-48.50,-21.0,-48.5,2001,9,9,0,9,0,74302.0,74302.0,True,1.0,100%
era5_-21.00_-48.50,-21.0,-48.5,2002,9,9,0,9,0,72050.0,72050.0,True,1.0,100%
era5_-21.00_-48.50,-21.0,-48.5,2003,9,9,0,9,0,74090.0,74090.0,True,1.0,100%
era5_-21.00_-48.50,-21.0,-48.5,2004,9,9,0,9,0,76140.0,76140.0,True,1.0,100%
era5_-21.00_-48.50,-21.0,-48.5,2005,9,9,0,9,0,82223.0,82223.0,True,1.0,100%
era5_-21.00_-48.50,-21.0,-48.5,2006,9,9,0,9,0,88920.0,88920.0,True,1.0,100%
era5_-21.00_-48.50,-21.0,-48.5,2007,9,9,0,9,0,95070.0,95070.0,True,1.0,100%
era5_-21.00_-48.50,-21.0,-48.5,2008,9,9,0,9,0,97263.0,97263.0,True,1.0,100%
era5_-21.00_-48.50,-21.0,-48.5,2009,9,9,0,9,0,95580.0,95580.0,True,1.0,100%
era5_-21.00_-48.50,-21.0,-48.5,2010,9,9,0,9,0,98250.0,98250.0,True,1.0,100%
era5_-21.00_-48.50,-21.0,-48.5,2011,9,9,0,9,0,104750.0,104750.0,True,1.0,100%
era5_-21.00_-48.50,-21.0,-48.5,2012,9,9,0,9,0,103200.0,103200.0,True,1.0,100%
era5_-21.00_-48.50,-21.0,-48.5,2013,9,9,0,9,0,102120.0,102120.0,True,1.0,100%
era5_-21.00_-48.50,-21.0,-48.5,2014,9,9,0,9,0,107460.0,107460.0,True,1.0,100%
era5_-21.00_-48.50,-21.0,-48.5,2015,9,9,0,9,0,108770.0,108770.0,True,1.0,100%
era5_-21.00_-48.50,-21.0,-48.5,2016,9,9,0,9,0,110385.0,110385.0,True,1.0,100%
era5_-21.00_-48.50,-21.0,-48.5,2017,9,9,0,9,0,111085.0,111085.0,True,1.0,100%
era5_-21.00_-48.50,-21.0,-48.5,2018,9,9,0,9,0,116100.0,116100.0,True,1.0,100%
era5_-21.00_-48.50,-21.0,-48.5,2019,9,9,0,9,0,113125.0,113125.0,True,1.0,100%
era5_-21.00_-48.50,-21.0,-48.5,2020,9,9,0,9,0,113665.0,113665.0,True,1.0,100%
era5_-21.00_-48.50,-21.0,-48.5,2021,9,9,0,9,0,114500.0,114500.0,True,1.0,100%
era5_-21.00_-48.50,-21.0,-48.5,2022,9,9,0,9,0,114000.0,114000.0,True,1.0,100%
era5_-21.00_-48.50,-21.0,-48.5,2023,9,9,0,9,0,116230.0,116230.0,True,1.0,100%
era5_-21.00_-48.50,-21.0,-48.5,2024,9,9,0,9,0,116250.0,116250.0,True,1.0,100%
era5_-21.00_-48.50,-21.0,-48.5,2025,9,9,0,9,0,116005.0,116005.0,True,1.0,100%
era5_-21.00_-49.00,-21.0,-49.0,1974,16,13,3,12,1,23070.0,23070.0,True,1.0,100%
era5_-21.00_-49.00,-21.0,-49.0,1975,16,13,3,12,1,15400.0,15400.0,True,1.0,100%
era5_-21.00_-49.00,-21.0,-49.0,1976,16,13,3,12,1,17515.0,17515.0,True,1.0,100%
era5_-21.00_-49.00,-21.0,-49.0,1977,16,13,3,12,1,18250.0,18250.0,True,1.0,100%
era5_-21.00_-49.00,-21.0,-49.0,1978,16,13,3,12,1,21773.0,21773.0,True,1.0,100%
era5_-21.00_-49.00,-21.0,-49.0,1979,16,13,3,12,1,26500.0,26500.0,True,1.0,100%
era5_-21.00_-49.00,-21.0,-49.0,1980,16,13,3,12,1,30500.0,30500.0,True,1.0,100%
era5_-21.00_-49.00,-21.0,-49.0,1981,16,13,3,12,1,33907.0,33907.0,True,1.0,100%
era5_-21.00_-49.00,-21.0,-49.0,1982,16,13,3,13,0,45174.0,45174.0,True,1.0,100%
era5_-21.00_-49.00,-21.0,-49.0,1983,16,13,3,13,0,56623.0,56623.0,True,1.0,100%
era5_-21.00_-49.00,-21.0,-49.0,1984,16,13,3,13,0,63210.0,63210.0,True,1.0,100%
era5_-21.00_-49.00,-21.0,-49.0,1985,16,13,3,13,0,69007.0,69007.0,True,1.0,100%
era5_-21.00_-49.00,-21.0,-49.0,1986,16,13,3,13,0,71502.0,71502.0,True,1.0,100%
era5_-21.00_-49.00,-21.0,-49.0,1987,16,13,3,13,0,73821.0,73821.0,True,1.0,100%
era5_-21.00_-49.00,-21.0,-49.0,1988,16,13,3,13,0,74546.0,74546.0,True,1.0,100%
era5_-21.00_-49.00,-21.0,-49.0,1989,16,13,3,13,0,73089.0,73089.0,True,1.0,100%
era5_-21.00_-49.00,-21.0,-49.0,1990,16,13,3,13,0,72574.0,72574.0,True,1.0,100%
era5_-21.00_-49.00,-21.0,-49.0,1991,16,13,3,13,0,73168.0,73168.0,True,1.0,100%
era5_-21.00_-49.00,-21.0,-49.0,1992,16,13,3,13,0,71570.0,71570.0,True,1.0,100%
era5_-21.00_-49.00,-21.0,-49.0,1993,16,16,0,16,0,73463.0,73463.0,True,1.0,100%
era5_-21.00_-49.00,-21.0,-49.0,1994,16,16,0,16,0,69282.0,69282.0,True,1.0,100%
era5_-21.00_-49.00,-21.0,-49.0,1995,16,16,0,16,0,75660.0,75660.0,True,1.0,100%
era5_-21.00_-49.00,-21.0,-49.0,1996,16,16,0,16,0,82223.0,82223.0,True,1.0,100%
era5_-21.00_-49.00,-21.0,-49.0,1997,16,16,0,16,0,78834.0,78834.0,True,1.0,100%
era5_-21.00_-49.00,-21.0,-49.0,1998,16,16,0,16,0,101151.0,101151.0,True,1.0,100%
era5_-21.00_-49.00,-21.0,-49.0,1999,16,16,0,16,0,85636.0,85636.0,True,1.0,100%
era5_-21.00_-49.00,-21.0,-49.0,2000,16,16,0,16,0,90929.0,90929.0,True,1.0,100%
era5_-21.00_-49.00,-21.0,-49.0,2001,16,16,0,16,0,98466.0,98466.0,True,1.0,100%
era5_-21.00_-49.00,-21.0,-49.0,2002,16,16,0,16,0,101725.0,101725.0,True,1.0,100%
era5_-21.00_-49.00,-21.0,-49.0,2003,16,16,0,16,0,105913.0,105913.0,True,1.0,100%
era5_-21.00_-49.00,-21.0,-49.0,2004,16,16,0,16,0,106687.0,106687.0,True,1.0,100%
era5_-21.00_-49.00,-21.0,-49.0,2005,16,16,0,16,0,120345.0,120345.0,True,1.0,100%
era5_-21.00_-49.00,-21.0,-49.0,2006,16,16,0,16,0,128181.0,128181.0,True,1.0,100%
era5_-21.00_-49.00,-21.0,-49.0,2007,16,16,0,16,0,133023.0,133023.0,True,1.0,100%
era5_-21.00_-49.00,-21.0,-49.0,2008,16,16,0,16,0,151147.0,151147.0,True,1.0,100%
era5_-21.00_-49.00,-21.0,-49.0,2009,16,16,0,16,0,155227.0,155227.0,True,1.0,100%
era5_-21.00_-49.00,-21.0,-49.0,2010,16,16,0,16,0,169028.0,169028.0,True,1.0,100%
era5_-21.00_-49.00,-21.0,-49.0,2011,16,16,0,16,0,168374.0,168374.0,True,1.0,100%
era5_-21.00_-49.00,-21.0,-49.0,2012,16,16,0,16,0,177891.0,177891.0,True,1.0,100%
era5_-21.00_-49.00,-21.0,-49.0,2013,16,16,0,16,0,184581.0,184581.0,True,1.0,100%
era5_-21.00_-49.00,-21.0,-49.0,2014,16,16,0,16,0,185571.0,185571.0,True,1.0,100%
era5_-21.00_-49.00,-21.0,-49.0,2015,16,16,0,16,0,183425.0,183425.0,True,1.0,100%
era5_-21.00_-49.00,-21.0,-49.0,2016,16,16,0,16,0,176964.0,176964.0,True,1.0,100%
era5_-21.00_-49.00,-21.0,-49.0,2017,16,16,0,16,0,175034.0,175034.0,True,1.0,100%
era5_-21.00_-49.00,-21.0,-49.0,2018,16,16,0,16,0,166459.0,166459.0,True,1.0,100%
era5_-21.00_-49.00,-21.0,-49.0,2019,16,16,0,16,0,166111.0,166111.0,True,1.0,100%
era5_-21.00_-49.00,-21.0,-49.0,2020,16,16,0,16,0,169373.0,169373.0,True,1.0,100%
era5_-21.00_-49.00,-21.0,-49.0,2021,16,16,0,16,0,171838.0,171838.0,True,1.0,100%
era5_-21.00_-49.00,-21.0,-49.0,2022,16,16,0,16,0,171310.0,171310.0,True,1.0,100%
era5_-21.00_-49.00,-21.0,-49.0,2023,16,16,0,16,0,172439.0,172439.0,True,1.0,100%
era5_-21.00_-49.00,-21.0,-49.0,2024,16,16,0,16,0,174191.0,174191.0,True,1.0,100%
era5_-21.00_-49.00,-21.0,-49.0,2025,16,16,0,16,0,171343.0,171343.0,True,1.0,100%
era5_-21.00_-49.50,-21.0,-49.5,1974,14,13,1,5,8,346.0,346.0,True,1.0,100%
era5_-21.00_-49.50,-21.0,-49.5,1975,14,13,1,7,6,328.0,328.0,True,1.0,100%
era5_-21.00_-49.50,-21.0,-49.5,1976,14,13,1,5,8,138.0,138.0,True,1.0,100%
era5_-21.00_-49.50,-21.0,-49.5,1977,14,13,1,5,8,248.0,248.0,True,1.0,100%
era5_-21.00_-49.50,-21.0,-49.5,1978,14,13,1,5,8,115.0,115.0,True,1.0,100%
era5_-21.00_-49.50,-21.0,-49.5,1979,14,13,1,5,8,824.0,824.0,True,1.0,100%
era5_-21.00_-49.50,-21.0,-49.5,1980,14,13,1,7,6,1973.0,1973.0,True,1.0,100%
era5_-21.00_-49.50,-21.0,-49.5,1981,14,13,1,9,4,2577.0,2577.0,True,1.0,100%
era5_-21.00_-49.50,-21.0,-49.5,1982,14,13,1,8,5,4129.0,4129.0,True,1.0,100%
era5_-21.00_-49.50,-21.0,-49.5,1983,14,13,1,9,4,6448.0,6448.0,True,1.0,100%
era5_-21.00_-49.50,-21.0,-49.5,1984,14,13,1,10,3,7880.0,7880.0,True,1.0,100%
era5_-21.00_-49.50,-21.0,-49.5,1985,14,13,1,10,3,7059.0,7059.0,True,1.0,100%
era5_-21.00_-49.50,-21.0,-49.5,1986,14,13,1,10,3,6335.0,6335.0,True,1.0,100%
era5_-21.00_-49.50,-21.0,-49.5,1987,14,13,1,10,3,6003.0,6003.0,True,1.0,100%
era5_-21.00_-49.50,-21.0,-49.5,1988,14,13,1,11,2,6567.0,6567.0,True,1.0,100%
era5_-21.00_-49.50,-21.0,-49.5,1989,14,13,1,10,3,5577.0,5577.0,True,1.0,100%
era5_-21.00_-49.50,-21.0,-49.5,1990,14,13,1,7,6,7010.0,7010.0,True,1.0,100%
era5_-21.00_-49.50,-21.0,-49.5,1991,14,13,1,8,5,7156.0,7156.0,True,1.0,100%
era5_-21.00_-49.50,-21.0,-49.5,1992,14,13,1,8,5,7364.0,7364.0,True,1.0,100%
era5_-21.00_-49.50,-21.0,-49.5,1993,14,14,0,9,5,7679.0,7679.0,True,1.0,100%
era5_-21.00_-49.50,-21.0,-49.5,1994,14,14,0,9,5,10980.0,10980.0,True,1.0,100%
era5_-21.00_-49.50,-21.0,-49.5,1995,14,14,0,9,5,13869.0,13869.0,True,1.0,100%
era5_-21.00_-49.50,-21.0,-49.5,1996,14,14,0,12,2,14788.0,14788.0,True,1.0,100%
era5_-21.00_-49.50,-21.0,-49.5,1997,14,14,0,12,2,18094.0,18094.0,True,1.0,100%
era5_-21.00_-49.50,-21.0,-49.5,1998,14,14,0,13,1,17066.0,17066.0,True,1.0,100%
era5_-21.00_-49.50,-21.0,-49.5,1999,14,14,0,13,1,16180.0,16180.0,True,1.0,100%
era5_-21.00_-49.50,-21.0,-49.5,2000,14,14,0,12,2,12337.0,12337.0,True,1.0,100%
era5_-21.00_-49.50,-21.0,-49.5,2001,14,14,0,10,4,15960.0,15960.0,True,1.0,100%
era5_-21.00_-49.50,-21.0,-49.5,2002,14,14,0,12,2,15169.0,15169.0,True,1.0,100%
era5_-21.00_-49.50,-21.0,-49.5,2003,14,14,0,12,2,23589.0,23589.0,True,1.0,100%
era5_-21.00_-49.50,-21.0,-49.5,2004,14,14,0,14,0,28599.0,28599.0,True,1.0,100%
era5_-21.00_-49.50,-21.0,-49.5,2005,14,14,0,14,0,38221.0,38221.0,True,1.0,100%
era5_-21.00_-49.50,-21.0,-49.5,2006,14,14,0,14,0,59981.0,59981.0,True,1.0,100%
era5_-21.00_-49.50,-21.0,-49.5,2007,14,14,0,14,0,85582.0,85582.0,True,1.0,100%
era5_-21.00_-49.50,-21.0,-49.5,2008,14,14,0,14,0,105254.0,105254.0,True,1.0,100%
era5_-21.00_-49.50,-21.0,-49.5,2009,14,14,0,14,0,126972.0,126972.0,True,1.0,100%
era5_-21.00_-49.50,-21.0,-49.5,2010,14,14,0,14,0,137673.0,137673.0,True,1.0,100%
era5_-21.00_-49.50,-21.0,-49.5,2011,14,14,0,14,0,128773.0,128773.0,True,1.0,100%
era5_-21.00_-49.50,-21.0,-49.5,2012,14,14,0,14,0,134211.0,134211.0,True,1.0,100%
era5_-21.00_-49.50,-21.0,-49.5,2013,14,14,0,14,0,152259.0,152259.0,True,1.0,100%
era5_-21.00_-49.50,-21.0,-49.5,2014,14,14,0,14,0,164727.0,164727.0,True,1.0,100%
era5_-21.00_-49.50,-21.0,-49.5,2015,14,14,0,14,0,159082.0,159082.0,True,1.0,100%
era5_-21.00_-49.50,-21.0,-49.5,2016,14,14,0,14,0,161227.0,161227.0,True,1.0,100%
era5_-21.00_-49.50,-21.0,-49.5,2017,14,14,0,14,0,175663.0,175663.0,True,1.0,100%
era5_-21.00_-49.50,-21.0,-49.5,2018,14,14,0,14,0,156089.0,156089.0,True,1.0,100%
era5_-21.00_-49.50,-21.0,-49.5,2019,14,14,0,14,0,154629.0,154629.0,True,1.0,100%
era5_-21.00_-49.50,-21.0,-49.5,2020,14,14,0,14,0,150089.0,150089.0,True,1.0,100%
era5_-21.00_-49.50,-21.0,-49.5,2021,14,14,0,14,0,147939.0,147939.0,True,1.0,100%
era5_-21.00_-49.50,-21.0,-49.5,2022,14,14,0,14,0,149374.0,149374.0,True,1.0,100%
era5_-21.00_-49.50,-21.0,-49.5,2023,14,14,0,14,0,159644.0,159644.0,True,1.0,100%
era5_-21.00_-49.50,-21.0,-49.5,2024,14,14,0,14,0,162764.0,162764.0,True,1.0,100%
era5_-21.00_-49.50,-21.0,-49.5,2025,14,14,0,14,0,163856.0,163856.0,True,1.0,100%
era5_-21.00_-50.00,-21.0,-50.0,1974,12,9,3,1,8,30.0,30.0,True,1.0,100%
era5_-21.00_-50.00,-21.0,-50.0,1975,12,9,3,2,7,60.0,60.0,True,1.0,100%
era5_-21.00_-50.00,-21.0,-50.0,1976,12,9,3,1,8,30.0,30.0,True,1.0,100%
era5_-21.00_-50.00,-21.0,-50.0,1977,12,9,3,1,8,36.0,36.0,True,1.0,100%
era5_-21.00_-50.00,-21.0,-50.0,1978,12,9,3,1,8,36.0,36.0,True,1.0,100%
era5_-21.00_-50.00,-21.0,-50.0,1979,12,9,3,3,6,101.0,101.0,True,1.0,100%
era5_-21.00_-50.00,-21.0,-50.0,1980,12,9,3,4,5,574.0,574.0,True,1.0,100%
era5_-21.00_-50.00,-21.0,-50.0,1981,12,9,3,6,3,841.0,841.0,True,1.0,100%
era5_-21.00_-50.00,-21.0,-50.0,1982,12,9,3,6,3,2550.0,2550.0,True,1.0,100%
era5_-21.00_-50.00,-21.0,-50.0,1983,12,9,3,7,2,3675.0,3675.0,True,1.0,100%
era5_-21.00_-50.00,-21.0,-50.0,1984,12,9,3,7,2,4912.0,4912.0,True,1.0,100%
era5_-21.00_-50.00,-21.0,-50.0,1985,12,9,3,7,2,3828.0,3828.0,True,1.0,100%
era5_-21.00_-50.00,-21.0,-50.0,1986,12,9,3,7,2,2708.0,2708.0,True,1.0,100%
era5_-21.00_-50.00,-21.0,-50.0,1987,12,9,3,7,2,2989.0,2989.0,True,1.0,100%
era5_-21.00_-50.00,-21.0,-50.0,1988,12,9,3,7,2,3187.0,3187.0,True,1.0,100%
era5_-21.00_-50.00,-21.0,-50.0,1989,12,9,3,7,2,2888.0,2888.0,True,1.0,100%
era5_-21.00_-50.00,-21.0,-50.0,1990,12,9,3,7,2,2920.0,2920.0,True,1.0,100%
era5_-21.00_-50.00,-21.0,-50.0,1991,12,9,3,7,2,2920.0,2920.0,True,1.0,100%
era5_-21.00_-50.00,-21.0,-50.0,1992,12,9,3,7,2,2876.0,2876.0,True,1.0,100%
era5_-21.00_-50.00,-21.0,-50.0,1993,12,11,1,7,4,2788.0,2788.0,True,1.0,100%
era5_-21.00_-50.00,-21.0,-50.0,1994,12,11,1,8,3,2902.0,2902.0,True,1.0,100%
era5_-21.00_-50.00,-21.0,-50.0,1995,12,11,1,8,3,3623.0,3623.0,True,1.0,100%
era5_-21.00_-50.00,-21.0,-50.0,1996,12,11,1,8,3,4140.0,4140.0,True,1.0,100%
era5_-21.00_-50.00,-21.0,-50.0,1997,12,11,1,8,3,4416.0,4416.0,True,1.0,100%
era5_-21.00_-50.00,-21.0,-50.0,1998,12,12,0,11,1,4076.0,4076.0,True,1.0,100%
era5_-21.00_-50.00,-21.0,-50.0,1999,12,12,0,8,4,4083.0,4083.0,True,1.0,100%
era5_-21.00_-50.00,-21.0,-50.0,2000,12,12,0,7,5,4593.0,4593.0,True,1.0,100%
era5_-21.00_-50.00,-21.0,-50.0,2001,12,12,0,7,5,4774.0,4774.0,True,1.0,100%
era5_-21.00_-50.00,-21.0,-50.0,2002,12,12,0,8,4,6901.0,6901.0,True,1.0,100%
era5_-21.00_-50.00,-21.0,-50.0,2003,12,12,0,7,5,9635.0,9635.0,True,1.0,100%
era5_-21.00_-50.00,-21.0,-50.0,2004,12,12,0,10,2,11594.0,11594.0,True,1.0,100%
era5_-21.00_-50.00,-21.0,-50.0,2005,12,12,0,10,2,17375.0,17375.0,True,1.0,100%
era5_-21.00_-50.00,-21.0,-50.0,2006,12,12,0,12,0,23780.0,23780.0,True,1.0,100%
era5_-21.00_-50.00,-21.0,-50.0,2007,12,12,0,12,0,40802.0,40802.0,True,1.0,100%
era5_-21.00_-50.00,-21.0,-50.0,2008,12,12,0,12,0,41525.0,41525.0,True,1.0,100%
era5_-21.00_-50.00,-21.0,-50.0,2009,12,12,0,12,0,74240.0,74240.0,True,1.0,100%
era5_-21.00_-50.00,-21.0,-50.0,2010,12,12,0,12,0,75243.0,75243.0,True,1.0,100%
era5_-21.00_-50.00,-21.0,-50.0,2011,12,12,0,12,0,68658.0,68658.0,True,1.0,100%
era5_-21.00_-50.00,-21.0,-50.0,2012,12,12,0,12,0,71970.0,71970.0,True,1.0,100%
era5_-21.00_-50.00,-21.0,-50.0,2013,12,12,0,12,0,69199.0,69199.0,True,1.0,100%
era5_-21.00_-50.00,-21.0,-50.0,2014,12,12,0,12,0,71532.0,71532.0,True,1.0,100%
era5_-21.00_-50.00,-21.0,-50.0,2015,12,12,0,12,0,68128.0,68128.0,True,1.0,100%
era5_-21.00_-50.00,-21.0,-50.0,2016,12,12,0,12,0,64106.0,64106.0,True,1.0,100%
era5_-21.00_-50.00,-21.0,-50.0,2017,12,12,0,12,0,66631.0,66631.0,True,1.0,100%
era5_-21.00_-50.00,-21.0,-50.0,2018,12,12,0,12,0,70288.0,70288.0,True,1.0,100%
era5_-21.00_-50.00,-21.0,-50.0,2019,12,12,0,12,0,62245.0,62245.0,True,1.0,100%
era5_-21.00_-50.00,-21.0,-50.0,2020,12,12,0,12,0,65656.0,65656.0,True,1.0,100%
era5_-21.00_-50.00,-21.0,-50.0,2021,12,12,0,12,0,64776.0,64776.0,True,1.0,100%
era5_-21.00_-50.00,-21.0,-50.0,2022,12,12,0,12,0,63968.0,63968.0,True,1.0,100%
era5_-21.00_-50.00,-21.0,-50.0,2023,12,12,0,12,0,64176.0,64176.0,True,1.0,100%
era5_-21.00_-50.00,-21.0,-50.0,2024,12,12,0,12,0,70255.0,70255.0,True,1.0,100%
era5_-21.00_-50.00,-21.0,-50.0,2025,12,12,0,12,0,75428.0,75428.0,True,1.0,100%
era5_-21.00_-50.50,-21.0,-50.5,1974,5,3,2,0,3,0.0,0.0,False,,invalid_nonpositive_denominator
era5_-21.00_-50.50,-21.0,-50.5,1975,5,3,2,0,3,0.0,0.0,False,,invalid_nonpositive_denominator
era5_-21.00_-50.50,-21.0,-50.5,1976,5,3,2,0,3,0.0,0.0,False,,invalid_nonpositive_denominator
era5_-21.00_-50.50,-21.0,-50.5,1977,5,3,2,0,3,0.0,0.0,False,,invalid_nonpositive_denominator
era5_-21.00_-50.50,-21.0,-50.5,1978,5,3,2,0,3,0.0,0.0,False,,invalid_nonpositive_denominator
era5_-21.00_-50.50,-21.0,-50.5,1979,5,3,2,1,2,2000.0,2000.0,True,1.0,100%
era5_-21.00_-50.50,-21.0,-50.5,1980,5,3,2,1,2,2200.0,2200.0,True,1.0,100%
era5_-21.00_-50.50,-21.0,-50.5,1981,5,3,2,2,1,3006.0,3006.0,True,1.0,100%
era5_-21.00_-50.50,-21.0,-50.5,1982,5,3,2,1,2,4300.0,4300.0,True,1.0,100%
era5_-21.00_-50.50,-21.0,-50.5,1983,5,3,2,2,1,23419.0,23419.0,True,1.0,100%
era5_-21.00_-50.50,-21.0,-50.5,1984,5,3,2,2,1,26002.0,26002.0,True,1.0,100%
era5_-21.00_-50.50,-21.0,-50.5,1985,5,3,2,2,1,28158.0,28158.0,True,1.0,100%
era5_-21.00_-50.50,-21.0,-50.5,1986,5,3,2,2,1,31527.0,31527.0,True,1.0,100%
era5_-21.00_-50.50,-21.0,-50.5,1987,5,3,2,2,1,30753.0,30753.0,True,1.0,100%
era5_-21.00_-50.50,-21.0,-50.5,1988,5,3,2,2,1,30345.0,30345.0,True,1.0,100%
era5_-21.00_-50.50,-21.0,-50.5,1989,5,3,2,2,1,31100.0,31100.0,True,1.0,100%
era5_-21.00_-50.50,-21.0,-50.5,1990,5,3,2,2,1,32384.0,32384.0,True,1.0,100%
era5_-21.00_-50.50,-21.0,-50.5,1991,5,3,2,2,1,36224.0,36224.0,True,1.0,100%
era5_-21.00_-50.50,-21.0,-50.5,1992,5,3,2,2,1,30757.0,30757.0,True,1.0,100%
era5_-21.00_-50.50,-21.0,-50.5,1993,5,4,1,4,0,29897.0,29897.0,True,1.0,100%
era5_-21.00_-50.50,-21.0,-50.5,1994,5,4,1,4,0,38149.0,38149.0,True,1.0,100%
era5_-21.00_-50.50,-21.0,-50.5,1995,5,4,1,4,0,37880.0,37880.0,True,1.0,100%
era5_-21.00_-50.50,-21.0,-50.5,1996,5,4,1,4,0,45130.0,45130.0,True,1.0,100%
era5_-21.00_-50.50,-21.0,-50.5,1997,5,5,0,4,1,44340.0,44340.0,True,1.0,100%
era5_-21.00_-50.50,-21.0,-50.5,1998,5,5,0,5,0,45130.0,45130.0,True,1.0,100%
era5_-21.00_-50.50,-21.0,-50.5,1999,5,5,0,5,0,45504.0,45504.0,True,1.0,100%
era5_-21.00_-50.50,-21.0,-50.5,2000,5,5,0,5,0,47883.0,47883.0,True,1.0,100%
era5_-21.00_-50.50,-21.0,-50.5,2001,5,5,0,5,0,57630.0,57630.0,True,1.0,100%
era5_-21.00_-50.50,-21.0,-50.5,2002,5,5,0,5,0,50121.0,50121.0,True,1.0,100%
era5_-21.00_-50.50,-21.0,-50.5,2003,5,5,0,5,0,55982.0,55982.0,True,1.0,100%
era5_-21.00_-50.50,-21.0,-50.5,2004,5,5,0,5,0,55366.0,55366.0,True,1.0,100%
era5_-21.00_-50.50,-21.0,-50.5,2005,5,5,0,5,0,77824.0,77824.0,True,1.0,100%
era5_-21.00_-50.50,-21.0,-50.5,2006,5,5,0,5,0,94460.0,94460.0,True,1.0,100%
era5_-21.00_-50.50,-21.0,-50.5,2007,5,5,0,5,0,99130.0,99130.0,True,1.0,100%
era5_-21.00_-50.50,-21.0,-50.5,2008,5,5,0,5,0,102978.0,102978.0,True,1.0,100%
era5_-21.00_-50.50,-21.0,-50.5,2009,5,5,0,5,0,107525.0,107525.0,True,1.0,100%
era5_-21.00_-50.50,-21.0,-50.5,2010,5,5,0,5,0,104447.0,104447.0,True,1.0,100%
era5_-21.00_-50.50,-21.0,-50.5,2011,5,5,0,5,0,104628.0,104628.0,True,1.0,100%
era5_-21.00_-50.50,-21.0,-50.5,2012,5,5,0,5,0,110121.0,110121.0,True,1.0,100%
era5_-21.00_-50.50,-21.0,-50.5,2013,5,5,0,5,0,112512.0,112512.0,True,1.0,100%
era5_-21.00_-50.50,-21.0,-50.5,2014,5,5,0,5,0,109700.0,109700.0,True,1.0,100%
era5_-21.00_-50.50,-21.0,-50.5,2015,5,5,0,5,0,97098.0,97098.0,True,1.0,100%
era5_-21.00_-50.50,-21.0,-50.5,2016,5,5,0,5,0,102955.0,102955.0,True,1.0,100%
era5_-21.00_-50.50,-21.0,-50.5,2017,5,5,0,5,0,109983.0,109983.0,True,1.0,100%
era5_-21.00_-50.50,-21.0,-50.5,2018,5,5,0,5,0,110270.0,110270.0,True,1.0,100%
era5_-21.00_-50.50,-21.0,-50.5,2019,5,5,0,5,0,122788.0,122788.0,True,1.0,100%
era5_-21.00_-50.50,-21.0,-50.5,2020,5,5,0,5,0,120700.0,120700.0,True,1.0,100%
era5_-21.00_-50.50,-21.0,-50.5,2021,5,5,0,5,0,127516.0,127516.0,True,1.0,100%
era5_-21.00_-50.50,-21.0,-50.5,2022,5,5,0,5,0,127220.0,127220.0,True,1.0,100%
era5_-21.00_-50.50,-21.0,-50.5,2023,5,5,0,5,0,128927.0,128927.0,True,1.0,100%
era5_-21.00_-50.50,-21.0,-50.5,2024,5,5,0,5,0,118064.0,118064.0,True,1.0,100%
era5_-21.00_-50.50,-21.0,-50.5,2025,5,5,0,5,0,117076.0,117076.0,True,1.0,100%
era5_-21.00_-51.50,-21.0,-51.5,1974,8,8,0,3,5,98.0,98.0,True,1.0,100%
era5_-21.00_-51.50,-21.0,-51.5,1975,8,8,0,3,5,98.0,98.0,True,1.0,100%
era5_-21.00_-51.50,-21.0,-51.5,1976,8,8,0,0,8,0.0,0.0,False,,invalid_nonpositive_denominator
era5_-21.00_-51.50,-21.0,-51.5,1977,8,8,0,0,8,0.0,0.0,False,,invalid_nonpositive_denominator
era5_-21.00_-51.50,-21.0,-51.5,1978,8,8,0,0,8,0.0,0.0,False,,invalid_nonpositive_denominator
era5_-21.00_-51.50,-21.0,-51.5,1979,8,8,0,0,8,0.0,0.0,False,,invalid_nonpositive_denominator
era5_-21.00_-51.50,-21.0,-51.5,1980,8,8,0,1,7,10.0,10.0,True,1.0,100%
era5_-21.00_-51.50,-21.0,-51.5,1981,8,8,0,1,7,294.0,294.0,True,1.0,100%
era5_-21.00_-51.50,-21.0,-51.5,1982,8,8,0,2,6,4205.0,4205.0,True,1.0,100%
era5_-21.00_-51.50,-21.0,-51.5,1983,8,8,0,2,6,4505.0,4505.0,True,1.0,100%
era5_-21.00_-51.50,-21.0,-51.5,1984,8,8,0,2,6,5051.0,5051.0,True,1.0,100%
era5_-21.00_-51.50,-21.0,-51.5,1985,8,8,0,3,5,5595.0,5595.0,True,1.0,100%
era5_-21.00_-51.50,-21.0,-51.5,1986,8,8,0,3,5,6601.0,6601.0,True,1.0,100%
era5_-21.00_-51.50,-21.0,-51.5,1987,8,8,0,3,5,5495.0,5495.0,True,1.0,100%
era5_-21.00_-51.50,-21.0,-51.5,1988,8,8,0,3,5,6145.0,6145.0,True,1.0,100%
era5_-21.00_-51.50,-21.0,-51.5,1989,8,8,0,3,5,6693.0,6693.0,True,1.0,100%
era5_-21.00_-51.50,-21.0,-51.5,1990,8,8,0,3,5,6192.0,6192.0,True,1.0,100%
era5_-21.00_-51.50,-21.0,-51.5,1991,8,8,0,3,5,8240.0,8240.0,True,1.0,100%
era5_-21.00_-51.50,-21.0,-51.5,1992,8,8,0,3,5,10699.0,10699.0,True,1.0,100%
era5_-21.00_-51.50,-21.0,-51.5,1993,8,8,0,3,5,9397.0,9397.0,True,1.0,100%
era5_-21.00_-51.50,-21.0,-51.5,1994,8,8,0,3,5,10419.0,10419.0,True,1.0,100%
era5_-21.00_-51.50,-21.0,-51.5,1995,8,8,0,3,5,10400.0,10400.0,True,1.0,100%
era5_-21.00_-51.50,-21.0,-51.5,1996,8,8,0,5,3,12439.0,12439.0,True,1.0,100%
era5_-21.00_-51.50,-21.0,-51.5,1997,8,8,0,5,3,12677.0,12677.0,True,1.0,100%
era5_-21.00_-51.50,-21.0,-51.5,1998,8,8,0,6,2,20881.0,20881.0,True,1.0,100%
era5_-21.00_-51.50,-21.0,-51.5,1999,8,8,0,6,2,20427.0,20427.0,True,1.0,100%
era5_-21.00_-51.50,-21.0,-51.5,2000,8,8,0,6,2,18837.0,18837.0,True,1.0,100%
era5_-21.00_-51.50,-21.0,-51.5,2001,8,8,0,3,5,10842.0,10842.0,True,1.0,100%
era5_-21.00_-51.50,-21.0,-51.5,2002,8,8,0,6,2,22212.0,22212.0,True,1.0,100%
era5_-21.00_-51.50,-21.0,-51.5,2003,8,8,0,5,3,25398.0,25398.0,True,1.0,100%
era5_-21.00_-51.50,-21.0,-51.5,2004,8,8,0,5,3,38610.0,38610.0,True,1.0,100%
era5_-21.00_-51.50,-21.0,-51.5,2005,8,8,0,8,0,28363.0,28363.0,True,1.0,100%
era5_-21.00_-51.50,-21.0,-51.5,2006,8,8,0,8,0,42540.0,42540.0,True,1.0,100%
era5_-21.00_-51.50,-21.0,-51.5,2007,8,8,0,8,0,64090.0,64090.0,True,1.0,100%
era5_-21.00_-51.50,-21.0,-51.5,2008,8,8,0,8,0,90094.0,90094.0,True,1.0,100%
era5_-21.00_-51.50,-21.0,-51.5,2009,8,8,0,8,0,107957.0,107957.0,True,1.0,100%
era5_-21.00_-51.50,-21.0,-51.5,2010,8,8,0,8,0,115556.0,115556.0,True,1.0,100%
era5_-21.00_-51.50,-21.0,-51.5,2011,8,8,0,8,0,134496.0,134496.0,True,1.0,100%
era5_-21.00_-51.50,-21.0,-51.5,2012,8,8,0,8,0,144582.0,144582.0,True,1.0,100%
era5_-21.00_-51.50,-21.0,-51.5,2013,8,8,0,8,0,136746.0,136746.0,True,1.0,100%
era5_-21.00_-51.50,-21.0,-51.5,2014,8,8,0,8,0,146229.0,146229.0,True,1.0,100%
era5_-21.00_-51.50,-21.0,-51.5,2015,8,8,0,8,0,146124.0,146124.0,True,1.0,100%
era5_-21.00_-51.50,-21.0,-51.5,2016,8,8,0,8,0,154552.0,154552.0,True,1.0,100%
era5_-21.00_-51.50,-21.0,-51.5,2017,8,8,0,8,0,170858.0,170858.0,True,1.0,100%
era5_-21.00_-51.50,-21.0,-51.5,2018,8,8,0,8,0,162010.0,162010.0,True,1.0,100%
era5_-21.00_-51.50,-21.0,-51.5,2019,8,8,0,8,0,177754.0,177754.0,True,1.0,100%
era5_-21.00_-51.50,-21.0,-51.5,2020,8,8,0,8,0,176754.0,176754.0,True,1.0,100%
era5_-21.00_-51.50,-21.0,-51.5,2021,8,8,0,8,0,176454.0,176454.0,True,1.0,100%
era5_-21.00_-51.50,-21.0,-51.5,2022,8,8,0,8,0,179654.0,179654.0,True,1.0,100%
era5_-21.00_-51.50,-21.0,-51.5,2023,8,8,0,8,0,168559.0,168559.0,True,1.0,100%
era5_-21.00_-51.50,-21.0,-51.5,2024,8,8,0,8,0,178532.0,178532.0,True,1.0,100%
era5_-21.00_-51.50,-21.0,-51.5,2025,8,8,0,8,0,187527.0,187527.0,True,1.0,100%
era5_-21.50_-47.00,-21.5,-47.0,1974,7,7,0,5,2,4386.0,4386.0,True,1.0,100%
era5_-21.50_-47.00,-21.5,-47.0,1975,7,7,0,5,2,5156.0,5156.0,True,1.0,100%
era5_-21.50_-47.00,-21.5,-47.0,1976,7,7,0,4,3,4960.0,4960.0,True,1.0,100%
era5_-21.50_-47.00,-21.5,-47.0,1977,7,7,0,5,2,10557.0,10557.0,True,1.0,100%
era5_-21.50_-47.00,-21.5,-47.0,1978,7,7,0,5,2,10820.0,10820.0,True,1.0,100%
era5_-21.50_-47.00,-21.5,-47.0,1979,7,7,0,5,2,12270.0,12270.0,True,1.0,100%
era5_-21.50_-47.00,-21.5,-47.0,1980,7,7,0,6,1,8800.0,8800.0,True,1.0,100%
era5_-21.50_-47.00,-21.5,-47.0,1981,7,7,0,6,1,9784.0,9784.0,True,1.0,100%
era5_-21.50_-47.00,-21.5,-47.0,1982,7,7,0,6,1,11083.0,11083.0,True,1.0,100%
era5_-21.50_-47.00,-21.5,-47.0,1983,7,7,0,6,1,12055.0,12055.0,True,1.0,100%
era5_-21.50_-47.00,-21.5,-47.0,1984,7,7,0,6,1,14059.0,14059.0,True,1.0,100%
era5_-21.50_-47.00,-21.5,-47.0,1985,7,7,0,6,1,12965.0,12965.0,True,1.0,100%
era5_-21.50_-47.00,-21.5,-47.0,1986,7,7,0,5,2,11765.0,11765.0,True,1.0,100%
era5_-21.50_-47.00,-21.5,-47.0,1987,7,7,0,5,2,11911.0,11911.0,True,1.0,100%
era5_-21.50_-47.00,-21.5,-47.0,1988,7,7,0,6,1,11800.0,11800.0,True,1.0,100%
era5_-21.50_-47.00,-21.5,-47.0,1989,7,7,0,6,1,11440.0,11440.0,True,1.0,100%
era5_-21.50_-47.00,-21.5,-47.0,1990,7,7,0,6,1,11860.0,11860.0,True,1.0,100%
era5_-21.50_-47.00,-21.5,-47.0,1991,7,7,0,6,1,12600.0,12600.0,True,1.0,100%
era5_-21.50_-47.00,-21.5,-47.0,1992,7,7,0,5,2,12790.0,12790.0,True,1.0,100%
era5_-21.50_-47.00,-21.5,-47.0,1993,7,7,0,5,2,15750.0,15750.0,True,1.0,100%
era5_-21.50_-47.00,-21.5,-47.0,1994,7,7,0,5,2,14135.0,14135.0,True,1.0,100%
era5_-21.50_-47.00,-21.5,-47.0,1995,7,7,0,5,2,13650.0,13650.0,True,1.0,100%
era5_-21.50_-47.00,-21.5,-47.0,1996,7,7,0,5,2,14430.0,14430.0,True,1.0,100%
era5_-21.50_-47.00,-21.5,-47.0,1997,7,7,0,6,1,15030.0,15030.0,True,1.0,100%
era5_-21.50_-47.00,-21.5,-47.0,1998,7,7,0,6,1,21480.0,21480.0,True,1.0,100%
era5_-21.50_-47.00,-21.5,-47.0,1999,7,7,0,6,1,21880.0,21880.0,True,1.0,100%
era5_-21.50_-47.00,-21.5,-47.0,2000,7,7,0,6,1,15852.0,15852.0,True,1.0,100%
era5_-21.50_-47.00,-21.5,-47.0,2001,7,7,0,6,1,15152.0,15152.0,True,1.0,100%
era5_-21.50_-47.00,-21.5,-47.0,2002,7,7,0,6,1,16252.0,16252.0,True,1.0,100%
era5_-21.50_-47.00,-21.5,-47.0,2003,7,7,0,6,1,19231.0,19231.0,True,1.0,100%
era5_-21.50_-47.00,-21.5,-47.0,2004,7,7,0,6,1,20091.0,20091.0,True,1.0,100%
era5_-21.50_-47.00,-21.5,-47.0,2005,7,7,0,6,1,21272.0,21272.0,True,1.0,100%
era5_-21.50_-47.00,-21.5,-47.0,2006,7,7,0,6,1,23049.0,23049.0,True,1.0,100%
era5_-21.50_-47.00,-21.5,-47.0,2007,7,7,0,7,0,25125.0,25125.0,True,1.0,100%
era5_-21.50_-47.00,-21.5,-47.0,2008,7,7,0,7,0,25977.0,25977.0,True,1.0,100%
era5_-21.50_-47.00,-21.5,-47.0,2009,7,7,0,7,0,27177.0,27177.0,True,1.0,100%
era5_-21.50_-47.00,-21.5,-47.0,2010,7,7,0,7,0,28350.0,28350.0,True,1.0,100%
era5_-21.50_-47.00,-21.5,-47.0,2011,7,7,0,7,0,29637.0,29637.0,True,1.0,100%
era5_-21.50_-47.00,-21.5,-47.0,2012,7,7,0,7,0,31835.0,31835.0,True,1.0,100%
era5_-21.50_-47.00,-21.5,-47.0,2013,7,7,0,7,0,30635.0,30635.0,True,1.0,100%
era5_-21.50_-47.00,-21.5,-47.0,2014,7,7,0,7,0,30635.0,30635.0,True,1.0,100%
era5_-21.50_-47.00,-21.5,-47.0,2015,7,7,0,7,0,28936.0,28936.0,True,1.0,100%
era5_-21.50_-47.00,-21.5,-47.0,2016,7,7,0,7,0,29136.0,29136.0,True,1.0,100%
era5_-21.50_-47.00,-21.5,-47.0,2017,7,7,0,7,0,28528.0,28528.0,True,1.0,100%
era5_-21.50_-47.00,-21.5,-47.0,2018,7,7,0,7,0,28636.0,28636.0,True,1.0,100%
era5_-21.50_-47.00,-21.5,-47.0,2019,7,7,0,7,0,30000.0,30000.0,True,1.0,100%
era5_-21.50_-47.00,-21.5,-47.0,2020,7,7,0,7,0,29650.0,29650.0,True,1.0,100%
era5_-21.50_-47.00,-21.5,-47.0,2021,7,7,0,7,0,26800.0,26800.0,True,1.0,100%
era5_-21.50_-47.00,-21.5,-47.0,2022,7,7,0,6,1,27100.0,27100.0,True,1.0,100%
era5_-21.50_-47.00,-21.5,-47.0,2023,7,7,0,6,1,25526.0,25526.0,True,1.0,100%
era5_-21.50_-47.00,-21.5,-47.0,2024,7,7,0,6,1,25222.0,25222.0,True,1.0,100%
era5_-21.50_-47.00,-21.5,-47.0,2025,7,7,0,6,1,24616.0,24616.0,True,1.0,100%
era5_-21.50_-47.50,-21.5,-47.5,1974,8,7,1,7,0,18173.0,18173.0,True,1.0,100%
era5_-21.50_-47.50,-21.5,-47.5,1975,8,7,1,7,0,17592.0,17592.0,True,1.0,100%
era5_-21.50_-47.50,-21.5,-47.5,1976,8,7,1,7,0,20785.0,20785.0,True,1.0,100%
era5_-21.50_-47.50,-21.5,-47.5,1977,8,7,1,7,0,20898.0,20898.0,True,1.0,100%
era5_-21.50_-47.50,-21.5,-47.5,1978,8,7,1,7,0,24347.0,24347.0,True,1.0,100%
era5_-21.50_-47.50,-21.5,-47.5,1979,8,7,1,7,0,28115.0,28115.0,True,1.0,100%
era5_-21.50_-47.50,-21.5,-47.5,1980,8,7,1,7,0,32460.0,32460.0,True,1.0,100%
era5_-21.50_-47.50,-21.5,-47.5,1981,8,7,1,7,0,36088.0,36088.0,True,1.0,100%
era5_-21.50_-47.50,-21.5,-47.5,1982,8,7,1,7,0,43490.0,43490.0,True,1.0,100%
era5_-21.50_-47.50,-21.5,-47.5,1983,8,7,1,7,0,45971.0,45971.0,True,1.0,100%
era5_-21.50_-47.50,-21.5,-47.5,1984,8,7,1,7,0,52865.0,52865.0,True,1.0,100%
era5_-21.50_-47.50,-21.5,-47.5,1985,8,7,1,7,0,52743.0,52743.0,True,1.0,100%
era5_-21.50_-47.50,-21.5,-47.5,1986,8,7,1,7,0,55543.0,55543.0,True,1.0,100%
era5_-21.50_-47.50,-21.5,-47.5,1987,8,7,1,7,0,53653.0,53653.0,True,1.0,100%
era5_-21.50_-47.50,-21.5,-47.5,1988,8,7,1,7,0,59843.0,59843.0,True,1.0,100%
era5_-21.50_-47.50,-21.5,-47.5,1989,8,7,1,7,0,62742.0,62742.0,True,1.0,100%
era5_-21.50_-47.50,-21.5,-47.5,1990,8,7,1,7,0,76612.0,76612.0,True,1.0,100%
era5_-21.50_-47.50,-21.5,-47.5,1991,8,7,1,7,0,80810.0,80810.0,True,1.0,100%
era5_-21.50_-47.50,-21.5,-47.5,1992,8,7,1,7,0,56770.0,56770.0,True,1.0,100%
era5_-21.50_-47.50,-21.5,-47.5,1993,8,7,1,7,0,61300.0,61300.0,True,1.0,100%
era5_-21.50_-47.50,-21.5,-47.5,1994,8,7,1,7,0,81570.0,81570.0,True,1.0,100%
era5_-21.50_-47.50,-21.5,-47.5,1995,8,7,1,7,0,83270.0,83270.0,True,1.0,100%
era5_-21.50_-47.50,-21.5,-47.5,1996,8,7,1,7,0,86370.0,86370.0,True,1.0,100%
era5_-21.50_-47.50,-21.5,-47.5,1997,8,8,0,8,0,84829.0,84829.0,True,1.0,100%
era5_-21.50_-47.50,-21.5,-47.5,1998,8,8,0,8,0,89045.0,89045.0,True,1.0,100%
era5_-21.50_-47.50,-21.5,-47.5,1999,8,8,0,8,0,88523.0,88523.0,True,1.0,100%
era5_-21.50_-47.50,-21.5,-47.5,2000,8,8,0,8,0,94933.0,94933.0,True,1.0,100%
era5_-21.50_-47.50,-21.5,-47.5,2001,8,8,0,8,0,93253.0,93253.0,True,1.0,100%
era5_-21.50_-47.50,-21.5,-47.5,2002,8,8,0,8,0,93450.0,93450.0,True,1.0,100%
era5_-21.50_-47.50,-21.5,-47.5,2003,8,8,0,8,0,103463.0,103463.0,True,1.0,100%
era5_-21.50_-47.50,-21.5,-47.5,2004,8,8,0,8,0,105263.0,105263.0,True,1.0,100%
era5_-21.50_-47.50,-21.5,-47.5,2005,8,8,0,8,0,113182.0,113182.0,True,1.0,100%
era5_-21.50_-47.50,-21.5,-47.5,2006,8,8,0,8,0,118563.0,118563.0,True,1.0,100%
era5_-21.50_-47.50,-21.5,-47.5,2007,8,8,0,8,0,133853.0,133853.0,True,1.0,100%
era5_-21.50_-47.50,-21.5,-47.5,2008,8,8,0,8,0,152994.0,152994.0,True,1.0,100%
era5_-21.50_-47.50,-21.5,-47.5,2009,8,8,0,8,0,146309.0,146309.0,True,1.0,100%
era5_-21.50_-47.50,-21.5,-47.5,2010,8,8,0,8,0,143725.0,143725.0,True,1.0,100%
era5_-21.50_-47.50,-21.5,-47.5,2011,8,8,0,8,0,144020.0,144020.0,True,1.0,100%
era5_-21.50_-47.50,-21.5,-47.5,2012,8,8,0,8,0,148517.0,148517.0,True,1.0,100%
era5_-21.50_-47.50,-21.5,-47.5,2013,8,8,0,8,0,148817.0,148817.0,True,1.0,100%
era5_-21.50_-47.50,-21.5,-47.5,2014,8,8,0,8,0,141454.0,141454.0,True,1.0,100%
era5_-21.50_-47.50,-21.5,-47.5,2015,8,8,0,8,0,147632.0,147632.0,True,1.0,100%
era5_-21.50_-47.50,-21.5,-47.5,2016,8,8,0,8,0,148632.0,148632.0,True,1.0,100%
era5_-21.50_-47.50,-21.5,-47.5,2017,8,8,0,8,0,152325.0,152325.0,True,1.0,100%
era5_-21.50_-47.50,-21.5,-47.5,2018,8,8,0,8,0,139625.0,139625.0,True,1.0,100%
era5_-21.50_-47.50,-21.5,-47.5,2019,8,8,0,8,0,146625.0,146625.0,True,1.0,100%
era5_-21.50_-47.50,-21.5,-47.5,2020,8,8,0,8,0,146625.0,146625.0,True,1.0,100%
era5_-21.50_-47.50,-21.5,-47.5,2021,8,8,0,8,0,146825.0,146825.0,True,1.0,100%
era5_-21.50_-47.50,-21.5,-47.5,2022,8,8,0,8,0,146625.0,146625.0,True,1.0,100%
era5_-21.50_-47.50,-21.5,-47.5,2023,8,8,0,8,0,142522.0,142522.0,True,1.0,100%
era5_-21.50_-47.50,-21.5,-47.5,2024,8,8,0,8,0,142767.0,142767.0,True,1.0,100%
era5_-21.50_-47.50,-21.5,-47.5,2025,8,8,0,8,0,141487.0,141487.0,True,1.0,100%
era5_-21.50_-48.00,-21.5,-48.0,1974,8,6,2,6,0,38623.0,38623.0,True,1.0,100%
era5_-21.50_-48.00,-21.5,-48.0,1975,8,6,2,6,0,35685.0,35685.0,True,1.0,100%
era5_-21.50_-48.00,-21.5,-48.0,1976,8,6,2,6,0,37220.0,37220.0,True,1.0,100%
era5_-21.50_-48.00,-21.5,-48.0,1977,8,6,2,6,0,38520.0,38520.0,True,1.0,100%
era5_-21.50_-48.00,-21.5,-48.0,1978,8,6,2,6,0,44798.0,44798.0,True,1.0,100%
era5_-21.50_-48.00,-21.5,-48.0,1979,8,6,2,6,0,62397.0,62397.0,True,1.0,100%
era5_-21.50_-48.00,-21.5,-48.0,1980,8,6,2,6,0,47500.0,47500.0,True,1.0,100%
era5_-21.50_-48.00,-21.5,-48.0,1981,8,6,2,6,0,52239.0,52239.0,True,1.0,100%
era5_-21.50_-48.00,-21.5,-48.0,1982,8,6,2,6,0,54200.0,54200.0,True,1.0,100%
era5_-21.50_-48.00,-21.5,-48.0,1983,8,6,2,6,0,65169.0,65169.0,True,1.0,100%
era5_-21.50_-48.00,-21.5,-48.0,1984,8,6,2,6,0,60138.0,60138.0,True,1.0,100%
era5_-21.50_-48.00,-21.5,-48.0,1985,8,6,2,6,0,59146.0,59146.0,True,1.0,100%
era5_-21.50_-48.00,-21.5,-48.0,1986,8,6,2,6,0,59900.0,59900.0,True,1.0,100%
era5_-21.50_-48.00,-21.5,-48.0,1987,8,6,2,6,0,60700.0,60700.0,True,1.0,100%
era5_-21.50_-48.00,-21.5,-48.0,1988,8,6,2,6,0,60300.0,60300.0,True,1.0,100%
era5_-21.50_-48.00,-21.5,-48.0,1989,8,6,2,6,0,59947.0,59947.0,True,1.0,100%
era5_-21.50_-48.00,-21.5,-48.0,1990,8,6,2,4,2,49600.0,49600.0,True,1.0,100%
era5_-21.50_-48.00,-21.5,-48.0,1991,8,6,2,6,0,62500.0,62500.0,True,1.0,100%
era5_-21.50_-48.00,-21.5,-48.0,1992,8,6,2,6,0,63090.0,63090.0,True,1.0,100%
era5_-21.50_-48.00,-21.5,-48.0,1993,8,8,0,8,0,102400.0,102400.0,True,1.0,100%
era5_-21.50_-48.00,-21.5,-48.0,1994,8,8,0,8,0,107650.0,107650.0,True,1.0,100%
era5_-21.50_-48.00,-21.5,-48.0,1995,8,8,0,8,0,124126.0,124126.0,True,1.0,100%
era5_-21.50_-48.00,-21.5,-48.0,1996,8,8,0,8,0,129126.0,129126.0,True,1.0,100%
era5_-21.50_-48.00,-21.5,-48.0,1997,8,8,0,8,0,101630.0,101630.0,True,1.0,100%
era5_-21.50_-48.00,-21.5,-48.0,1998,8,8,0,8,0,121246.0,121246.0,True,1.0,100%
era5_-21.50_-48.00,-21.5,-48.0,1999,8,8,0,8,0,112125.0,112125.0,True,1.0,100%
era5_-21.50_-48.00,-21.5,-48.0,2000,8,8,0,8,0,126885.0,126885.0,True,1.0,100%
era5_-21.50_-48.00,-21.5,-48.0,2001,8,8,0,8,0,123000.0,123000.0,True,1.0,100%
era5_-21.50_-48.00,-21.5,-48.0,2002,8,8,0,8,0,122450.0,122450.0,True,1.0,100%
era5_-21.50_-48.00,-21.5,-48.0,2003,8,8,0,8,0,123750.0,123750.0,True,1.0,100%
era5_-21.50_-48.00,-21.5,-48.0,2004,8,8,0,8,0,125700.0,125700.0,True,1.0,100%
era5_-21.50_-48.00,-21.5,-48.0,2005,8,8,0,8,0,127893.0,127893.0,True,1.0,100%
era5_-21.50_-48.00,-21.5,-48.0,2006,8,8,0,8,0,126239.0,126239.0,True,1.0,100%
era5_-21.50_-48.00,-21.5,-48.0,2007,8,8,0,8,0,133167.0,133167.0,True,1.0,100%
era5_-21.50_-48.00,-21.5,-48.0,2008,8,8,0,8,0,145514.0,145514.0,True,1.0,100%
era5_-21.50_-48.00,-21.5,-48.0,2009,8,8,0,8,0,147334.0,147334.0,True,1.0,100%
era5_-21.50_-48.00,-21.5,-48.0,2010,8,8,0,8,0,144571.0,144571.0,True,1.0,100%
era5_-21.50_-48.00,-21.5,-48.0,2011,8,8,0,8,0,147871.0,147871.0,True,1.0,100%
era5_-21.50_-48.00,-21.5,-48.0,2012,8,8,0,8,0,141176.0,141176.0,True,1.0,100%
era5_-21.50_-48.00,-21.5,-48.0,2013,8,8,0,8,0,140076.0,140076.0,True,1.0,100%
era5_-21.50_-48.00,-21.5,-48.0,2014,8,8,0,8,0,142396.0,142396.0,True,1.0,100%
era5_-21.50_-48.00,-21.5,-48.0,2015,8,8,0,8,0,143917.0,143917.0,True,1.0,100%
era5_-21.50_-48.00,-21.5,-48.0,2016,8,8,0,8,0,140946.0,140946.0,True,1.0,100%
era5_-21.50_-48.00,-21.5,-48.0,2017,8,8,0,8,0,154471.0,154471.0,True,1.0,100%
era5_-21.50_-48.00,-21.5,-48.0,2018,8,8,0,8,0,149776.0,149776.0,True,1.0,100%
era5_-21.50_-48.00,-21.5,-48.0,2019,8,8,0,8,0,143096.0,143096.0,True,1.0,100%
era5_-21.50_-48.00,-21.5,-48.0,2020,8,8,0,8,0,144296.0,144296.0,True,1.0,100%
era5_-21.50_-48.00,-21.5,-48.0,2021,8,8,0,8,0,144296.0,144296.0,True,1.0,100%
era5_-21.50_-48.00,-21.5,-48.0,2022,8,8,0,8,0,144891.0,144891.0,True,1.0,100%
era5_-21.50_-48.00,-21.5,-48.0,2023,8,8,0,8,0,140866.0,140866.0,True,1.0,100%
era5_-21.50_-48.00,-21.5,-48.0,2024,8,8,0,8,0,133473.0,133473.0,True,1.0,100%
era5_-21.50_-48.00,-21.5,-48.0,2025,8,8,0,8,0,131921.0,131921.0,True,1.0,100%
era5_-21.50_-48.50,-21.5,-48.5,1974,9,9,0,7,2,29932.0,29932.0,True,1.0,100%
era5_-21.50_-48.50,-21.5,-48.5,1975,9,9,0,7,2,33574.0,33574.0,True,1.0,100%
era5_-21.50_-48.50,-21.5,-48.5,1976,9,9,0,7,2,41310.0,41310.0,True,1.0,100%
era5_-21.50_-48.50,-21.5,-48.5,1977,9,9,0,8,1,43425.0,43425.0,True,1.0,100%
era5_-21.50_-48.50,-21.5,-48.5,1978,9,9,0,8,1,50216.0,50216.0,True,1.0,100%
era5_-21.50_-48.50,-21.5,-48.5,1979,9,9,0,9,0,59140.0,59140.0,True,1.0,100%
era5_-21.50_-48.50,-21.5,-48.5,1980,9,9,0,9,0,54582.0,54582.0,True,1.0,100%
era5_-21.50_-48.50,-21.5,-48.5,1981,9,9,0,9,0,60683.0,60683.0,True,1.0,100%
era5_-21.50_-48.50,-21.5,-48.5,1982,9,9,0,9,0,75931.0,75931.0,True,1.0,100%
era5_-21.50_-48.50,-21.5,-48.5,1983,9,9,0,9,0,87065.0,87065.0,True,1.0,100%
era5_-21.50_-48.50,-21.5,-48.5,1984,9,9,0,9,0,85805.0,85805.0,True,1.0,100%
era5_-21.50_-48.50,-21.5,-48.5,1985,9,9,0,9,0,95155.0,95155.0,True,1.0,100%
era5_-21.50_-48.50,-21.5,-48.5,1986,9,9,0,9,0,91755.0,91755.0,True,1.0,100%
era5_-21.50_-48.50,-21.5,-48.5,1987,9,9,0,9,0,94055.0,94055.0,True,1.0,100%
era5_-21.50_-48.50,-21.5,-48.5,1988,9,9,0,9,0,95232.0,95232.0,True,1.0,100%
era5_-21.50_-48.50,-21.5,-48.5,1989,9,9,0,9,0,73326.0,73326.0,True,1.0,100%
era5_-21.50_-48.50,-21.5,-48.5,1990,9,9,0,9,0,98200.0,98200.0,True,1.0,100%
era5_-21.50_-48.50,-21.5,-48.5,1991,9,9,0,9,0,97820.0,97820.0,True,1.0,100%
era5_-21.50_-48.50,-21.5,-48.5,1992,9,9,0,9,0,105200.0,105200.0,True,1.0,100%
era5_-21.50_-48.50,-21.5,-48.5,1993,9,9,0,9,0,122875.0,122875.0,True,1.0,100%
era5_-21.50_-48.50,-21.5,-48.5,1994,9,9,0,9,0,124000.0,124000.0,True,1.0,100%
era5_-21.50_-48.50,-21.5,-48.5,1995,9,9,0,9,0,102429.0,102429.0,True,1.0,100%
era5_-21.50_-48.50,-21.5,-48.5,1996,9,9,0,9,0,100384.0,100384.0,True,1.0,100%
era5_-21.50_-48.50,-21.5,-48.5,1997,9,9,0,9,0,102234.0,102234.0,True,1.0,100%
era5_-21.50_-48.50,-21.5,-48.5,1998,9,9,0,9,0,103846.0,103846.0,True,1.0,100%
era5_-21.50_-48.50,-21.5,-48.5,1999,9,9,0,9,0,103820.0,103820.0,True,1.0,100%
era5_-21.50_-48.50,-21.5,-48.5,2000,9,9,0,9,0,104560.0,104560.0,True,1.0,100%
era5_-21.50_-48.50,-21.5,-48.5,2001,9,9,0,8,1,92630.0,92630.0,True,1.0,100%
era5_-21.50_-48.50,-21.5,-48.5,2002,9,9,0,9,0,105960.0,105960.0,True,1.0,100%
era5_-21.50_-48.50,-21.5,-48.5,2003,9,9,0,9,0,104860.0,104860.0,True,1.0,100%
era5_-21.50_-48.50,-21.5,-48.5,2004,9,9,0,9,0,107960.0,107960.0,True,1.0,100%
era5_-21.50_-48.50,-21.5,-48.5,2005,9,9,0,9,0,110996.0,110996.0,True,1.0,100%
era5_-21.50_-48.50,-21.5,-48.5,2006,9,9,0,9,0,110310.0,110310.0,True,1.0,100%
era5_-21.50_-48.50,-21.5,-48.5,2007,9,9,0,9,0,110910.0,110910.0,True,1.0,100%
era5_-21.50_-48.50,-21.5,-48.5,2008,9,9,0,9,0,126927.0,126927.0,True,1.0,100%
era5_-21.50_-48.50,-21.5,-48.5,2009,9,9,0,8,1,104660.0,104660.0,True,1.0,100%
era5_-21.50_-48.50,-21.5,-48.5,2010,9,9,0,9,0,118350.0,118350.0,True,1.0,100%
era5_-21.50_-48.50,-21.5,-48.5,2011,9,9,0,9,0,137470.0,137470.0,True,1.0,100%
era5_-21.50_-48.50,-21.5,-48.5,2012,9,9,0,9,0,136250.0,136250.0,True,1.0,100%
era5_-21.50_-48.50,-21.5,-48.5,2013,9,9,0,9,0,135350.0,135350.0,True,1.0,100%
era5_-21.50_-48.50,-21.5,-48.5,2014,9,9,0,9,0,146765.0,146765.0,True,1.0,100%
era5_-21.50_-48.50,-21.5,-48.5,2015,9,9,0,9,0,144104.0,144104.0,True,1.0,100%
era5_-21.50_-48.50,-21.5,-48.5,2016,9,9,0,9,0,160884.0,160884.0,True,1.0,100%
era5_-21.50_-48.50,-21.5,-48.5,2017,9,9,0,9,0,163085.0,163085.0,True,1.0,100%
era5_-21.50_-48.50,-21.5,-48.5,2018,9,9,0,9,0,158695.0,158695.0,True,1.0,100%
era5_-21.50_-48.50,-21.5,-48.5,2019,9,9,0,9,0,154325.0,154325.0,True,1.0,100%
era5_-21.50_-48.50,-21.5,-48.5,2020,9,9,0,9,0,164895.0,164895.0,True,1.0,100%
era5_-21.50_-48.50,-21.5,-48.5,2021,9,9,0,9,0,164055.0,164055.0,True,1.0,100%
era5_-21.50_-48.50,-21.5,-48.5,2022,9,9,0,9,0,163970.0,163970.0,True,1.0,100%
era5_-21.50_-48.50,-21.5,-48.5,2023,9,9,0,9,0,161185.0,161185.0,True,1.0,100%
era5_-21.50_-48.50,-21.5,-48.5,2024,9,9,0,9,0,155268.0,155268.0,True,1.0,100%
era5_-21.50_-48.50,-21.5,-48.5,2025,9,9,0,9,0,156113.0,156113.0,True,1.0,100%
era5_-21.50_-49.00,-21.5,-49.0,1974,5,4,1,4,0,5470.0,5470.0,True,1.0,100%
era5_-21.50_-49.00,-21.5,-49.0,1975,5,4,1,4,0,4535.0,4535.0,True,1.0,100%
era5_-21.50_-49.00,-21.5,-49.0,1976,5,4,1,4,0,4980.0,4980.0,True,1.0,100%
era5_-21.50_-49.00,-21.5,-49.0,1977,5,4,1,4,0,5144.0,5144.0,True,1.0,100%
era5_-21.50_-49.00,-21.5,-49.0,1978,5,4,1,4,0,6730.0,6730.0,True,1.0,100%
era5_-21.50_-49.00,-21.5,-49.0,1979,5,4,1,4,0,8066.0,8066.0,True,1.0,100%
era5_-21.50_-49.00,-21.5,-49.0,1980,5,4,1,4,0,9647.0,9647.0,True,1.0,100%
era5_-21.50_-49.00,-21.5,-49.0,1981,5,4,1,4,0,10726.0,10726.0,True,1.0,100%
era5_-21.50_-49.00,-21.5,-49.0,1982,5,4,1,4,0,13358.0,13358.0,True,1.0,100%
era5_-21.50_-49.00,-21.5,-49.0,1983,5,4,1,4,0,13350.0,13350.0,True,1.0,100%
era5_-21.50_-49.00,-21.5,-49.0,1984,5,4,1,4,0,15324.0,15324.0,True,1.0,100%
era5_-21.50_-49.00,-21.5,-49.0,1985,5,4,1,4,0,16770.0,16770.0,True,1.0,100%
era5_-21.50_-49.00,-21.5,-49.0,1986,5,4,1,4,0,19573.0,19573.0,True,1.0,100%
era5_-21.50_-49.00,-21.5,-49.0,1987,5,4,1,4,0,26659.0,26659.0,True,1.0,100%
era5_-21.50_-49.00,-21.5,-49.0,1988,5,4,1,4,0,28733.0,28733.0,True,1.0,100%
era5_-21.50_-49.00,-21.5,-49.0,1989,5,4,1,4,0,29478.0,29478.0,True,1.0,100%
era5_-21.50_-49.00,-21.5,-49.0,1990,5,4,1,4,0,31009.0,31009.0,True,1.0,100%
era5_-21.50_-49.00,-21.5,-49.0,1991,5,4,1,4,0,30887.0,30887.0,True,1.0,100%
era5_-21.50_-49.00,-21.5,-49.0,1992,5,4,1,4,0,33090.0,33090.0,True,1.0,100%
era5_-21.50_-49.00,-21.5,-49.0,1993,5,5,0,5,0,28684.0,28684.0,True,1.0,100%
era5_-21.50_-49.00,-21.5,-49.0,1994,5,5,0,5,0,34615.0,34615.0,True,1.0,100%
era5_-21.50_-49.00,-21.5,-49.0,1995,5,5,0,5,0,34450.0,34450.0,True,1.0,100%
era5_-21.50_-49.00,-21.5,-49.0,1996,5,5,0,5,0,38400.0,38400.0,True,1.0,100%
era5_-21.50_-49.00,-21.5,-49.0,1997,5,5,0,5,0,35200.0,35200.0,True,1.0,100%
era5_-21.50_-49.00,-21.5,-49.0,1998,5,5,0,5,0,39160.0,39160.0,True,1.0,100%
era5_-21.50_-49.00,-21.5,-49.0,1999,5,5,0,5,0,41780.0,41780.0,True,1.0,100%
era5_-21.50_-49.00,-21.5,-49.0,2000,5,5,0,5,0,43100.0,43100.0,True,1.0,100%
era5_-21.50_-49.00,-21.5,-49.0,2001,5,5,0,5,0,58089.0,58089.0,True,1.0,100%
era5_-21.50_-49.00,-21.5,-49.0,2002,5,5,0,5,0,62925.0,62925.0,True,1.0,100%
era5_-21.50_-49.00,-21.5,-49.0,2003,5,5,0,5,0,68117.0,68117.0,True,1.0,100%
era5_-21.50_-49.00,-21.5,-49.0,2004,5,5,0,5,0,69338.0,69338.0,True,1.0,100%
era5_-21.50_-49.00,-21.5,-49.0,2005,5,5,0,5,0,78700.0,78700.0,True,1.0,100%
era5_-21.50_-49.00,-21.5,-49.0,2006,5,5,0,5,0,76141.0,76141.0,True,1.0,100%
era5_-21.50_-49.00,-21.5,-49.0,2007,5,5,0,5,0,100600.0,100600.0,True,1.0,100%
era5_-21.50_-49.00,-21.5,-49.0,2008,5,5,0,5,0,119773.0,119773.0,True,1.0,100%
era5_-21.50_-49.00,-21.5,-49.0,2009,5,5,0,5,0,118973.0,118973.0,True,1.0,100%
era5_-21.50_-49.00,-21.5,-49.0,2010,5,5,0,5,0,121700.0,121700.0,True,1.0,100%
era5_-21.50_-49.00,-21.5,-49.0,2011,5,5,0,5,0,134400.0,134400.0,True,1.0,100%
era5_-21.50_-49.00,-21.5,-49.0,2012,5,5,0,5,0,138834.0,138834.0,True,1.0,100%
era5_-21.50_-49.00,-21.5,-49.0,2013,5,5,0,5,0,144342.0,144342.0,True,1.0,100%
era5_-21.50_-49.00,-21.5,-49.0,2014,5,5,0,5,0,145500.0,145500.0,True,1.0,100%
era5_-21.50_-49.00,-21.5,-49.0,2015,5,5,0,5,0,141809.0,141809.0,True,1.0,100%
era5_-21.50_-49.00,-21.5,-49.0,2016,5,5,0,5,0,141270.0,141270.0,True,1.0,100%
era5_-21.50_-49.00,-21.5,-49.0,2017,5,5,0,5,0,131070.0,131070.0,True,1.0,100%
era5_-21.50_-49.00,-21.5,-49.0,2018,5,5,0,5,0,134036.0,134036.0,True,1.0,100%
era5_-21.50_-49.00,-21.5,-49.0,2019,5,5,0,5,0,135036.0,135036.0,True,1.0,100%
era5_-21.50_-49.00,-21.5,-49.0,2020,5,5,0,5,0,137036.0,137036.0,True,1.0,100%
era5_-21.50_-49.00,-21.5,-49.0,2021,5,5,0,5,0,149376.0,149376.0,True,1.0,100%
era5_-21.50_-49.00,-21.5,-49.0,2022,5,5,0,5,0,149376.0,149376.0,True,1.0,100%
era5_-21.50_-49.00,-21.5,-49.0,2023,5,5,0,5,0,153236.0,153236.0,True,1.0,100%
era5_-21.50_-49.00,-21.5,-49.0,2024,5,5,0,5,0,151696.0,151696.0,True,1.0,100%
era5_-21.50_-49.00,-21.5,-49.0,2025,5,5,0,5,0,151700.0,151700.0,True,1.0,100%
era5_-21.50_-49.50,-21.5,-49.5,1974,4,4,0,2,2,610.0,610.0,True,1.0,100%
era5_-21.50_-49.50,-21.5,-49.5,1975,4,4,0,2,2,104.0,104.0,True,1.0,100%
era5_-21.50_-49.50,-21.5,-49.5,1976,4,4,0,1,3,73.0,73.0,True,1.0,100%
era5_-21.50_-49.50,-21.5,-49.5,1977,4,4,0,2,2,115.0,115.0,True,1.0,100%
era5_-21.50_-49.50,-21.5,-49.5,1978,4,4,0,2,2,120.0,120.0,True,1.0,100%
era5_-21.50_-49.50,-21.5,-49.5,1979,4,4,0,2,2,70.0,70.0,True,1.0,100%
era5_-21.50_-49.50,-21.5,-49.5,1980,4,4,0,2,2,70.0,70.0,True,1.0,100%
era5_-21.50_-49.50,-21.5,-49.5,1981,4,4,0,2,2,78.0,78.0,True,1.0,100%
era5_-21.50_-49.50,-21.5,-49.5,1982,4,4,0,2,2,102.0,102.0,True,1.0,100%
era5_-21.50_-49.50,-21.5,-49.5,1983,4,4,0,2,2,250.0,250.0,True,1.0,100%
era5_-21.50_-49.50,-21.5,-49.5,1984,4,4,0,2,2,480.0,480.0,True,1.0,100%
era5_-21.50_-49.50,-21.5,-49.5,1985,4,4,0,2,2,800.0,800.0,True,1.0,100%
era5_-21.50_-49.50,-21.5,-49.5,1986,4,4,0,2,2,900.0,900.0,True,1.0,100%
era5_-21.50_-49.50,-21.5,-49.5,1987,4,4,0,2,2,1000.0,1000.0,True,1.0,100%
era5_-21.50_-49.50,-21.5,-49.5,1988,4,4,0,2,2,1200.0,1200.0,True,1.0,100%
era5_-21.50_-49.50,-21.5,-49.5,1989,4,4,0,3,1,1250.0,1250.0,True,1.0,100%
era5_-21.50_-49.50,-21.5,-49.5,1990,4,4,0,3,1,1150.0,1150.0,True,1.0,100%
era5_-21.50_-49.50,-21.5,-49.5,1991,4,4,0,3,1,1500.0,1500.0,True,1.0,100%
era5_-21.50_-49.50,-21.5,-49.5,1992,4,4,0,3,1,1250.0,1250.0,True,1.0,100%
era5_-21.50_-49.50,-21.5,-49.5,1993,4,4,0,3,1,1450.0,1450.0,True,1.0,100%
era5_-21.50_-49.50,-21.5,-49.5,1994,4,4,0,3,1,1890.0,1890.0,True,1.0,100%
era5_-21.50_-49.50,-21.5,-49.5,1995,4,4,0,3,1,1905.0,1905.0,True,1.0,100%
era5_-21.50_-49.50,-21.5,-49.5,1996,4,4,0,3,1,6904.0,6904.0,True,1.0,100%
era5_-21.50_-49.50,-21.5,-49.5,1997,4,4,0,2,2,3000.0,3000.0,True,1.0,100%
era5_-21.50_-49.50,-21.5,-49.5,1998,4,4,0,3,1,3104.0,3104.0,True,1.0,100%
era5_-21.50_-49.50,-21.5,-49.5,1999,4,4,0,3,1,4700.0,4700.0,True,1.0,100%
era5_-21.50_-49.50,-21.5,-49.5,2000,4,4,0,4,0,4550.0,4550.0,True,1.0,100%
era5_-21.50_-49.50,-21.5,-49.5,2001,4,4,0,3,1,4900.0,4900.0,True,1.0,100%
era5_-21.50_-49.50,-21.5,-49.5,2002,4,4,0,3,1,4914.0,4914.0,True,1.0,100%
era5_-21.50_-49.50,-21.5,-49.5,2003,4,4,0,3,1,5114.0,5114.0,True,1.0,100%
era5_-21.50_-49.50,-21.5,-49.5,2004,4,4,0,3,1,5799.0,5799.0,True,1.0,100%
era5_-21.50_-49.50,-21.5,-49.5,2005,4,4,0,3,1,6915.0,6915.0,True,1.0,100%
era5_-21.50_-49.50,-21.5,-49.5,2006,4,4,0,3,1,12790.0,12790.0,True,1.0,100%
era5_-21.50_-49.50,-21.5,-49.5,2007,4,4,0,4,0,16750.0,16750.0,True,1.0,100%
era5_-21.50_-49.50,-21.5,-49.5,2008,4,4,0,4,0,14020.0,14020.0,True,1.0,100%
era5_-21.50_-49.50,-21.5,-49.5,2009,4,4,0,4,0,22270.0,22270.0,True,1.0,100%
era5_-21.50_-49.50,-21.5,-49.5,2010,4,4,0,4,0,26865.0,26865.0,True,1.0,100%
era5_-21.50_-49.50,-21.5,-49.5,2011,4,4,0,4,0,28703.0,28703.0,True,1.0,100%
era5_-21.50_-49.50,-21.5,-49.5,2012,4,4,0,2,2,18282.0,18282.0,True,1.0,100%
era5_-21.50_-49.50,-21.5,-49.5,2013,4,4,0,4,0,33165.0,33165.0,True,1.0,100%
era5_-21.50_-49.50,-21.5,-49.5,2014,4,4,0,4,0,31796.0,31796.0,True,1.0,100%
era5_-21.50_-49.50,-21.5,-49.5,2015,4,4,0,4,0,33249.0,33249.0,True,1.0,100%
era5_-21.50_-49.50,-21.5,-49.5,2016,4,4,0,4,0,32238.0,32238.0,True,1.0,100%
era5_-21.50_-49.50,-21.5,-49.5,2017,4,4,0,4,0,32819.0,32819.0,True,1.0,100%
era5_-21.50_-49.50,-21.5,-49.5,2018,4,4,0,4,0,36823.0,36823.0,True,1.0,100%
era5_-21.50_-49.50,-21.5,-49.5,2019,4,4,0,4,0,36299.0,36299.0,True,1.0,100%
era5_-21.50_-49.50,-21.5,-49.5,2020,4,4,0,4,0,38450.0,38450.0,True,1.0,100%
era5_-21.50_-49.50,-21.5,-49.5,2021,4,4,0,4,0,37180.0,37180.0,True,1.0,100%
era5_-21.50_-49.50,-21.5,-49.5,2022,4,4,0,4,0,38060.0,38060.0,True,1.0,100%
era5_-21.50_-49.50,-21.5,-49.5,2023,4,4,0,4,0,36640.0,36640.0,True,1.0,100%
era5_-21.50_-49.50,-21.5,-49.5,2024,4,4,0,4,0,37900.0,37900.0,True,1.0,100%
era5_-21.50_-49.50,-21.5,-49.5,2025,4,4,0,4,0,36900.0,36900.0,True,1.0,100%
era5_-21.50_-50.00,-21.5,-50.0,1974,8,8,0,5,3,10290.0,10290.0,True,1.0,100%
era5_-21.50_-50.00,-21.5,-50.0,1975,8,8,0,5,3,5751.0,5751.0,True,1.0,100%
era5_-21.50_-50.00,-21.5,-50.0,1976,8,8,0,4,4,6850.0,6850.0,True,1.0,100%
era5_-21.50_-50.00,-21.5,-50.0,1977,8,8,0,5,3,10268.0,10268.0,True,1.0,100%
era5_-21.50_-50.00,-21.5,-50.0,1978,8,8,0,5,3,7905.0,7905.0,True,1.0,100%
era5_-21.50_-50.00,-21.5,-50.0,1979,8,8,0,5,3,9382.0,9382.0,True,1.0,100%
era5_-21.50_-50.00,-21.5,-50.0,1980,8,8,0,5,3,12109.0,12109.0,True,1.0,100%
era5_-21.50_-50.00,-21.5,-50.0,1981,8,8,0,5,3,12665.0,12665.0,True,1.0,100%
era5_-21.50_-50.00,-21.5,-50.0,1982,8,8,0,7,1,15494.0,15494.0,True,1.0,100%
era5_-21.50_-50.00,-21.5,-50.0,1983,8,8,0,8,0,24217.0,24217.0,True,1.0,100%
era5_-21.50_-50.00,-21.5,-50.0,1984,8,8,0,8,0,27859.0,27859.0,True,1.0,100%
era5_-21.50_-50.00,-21.5,-50.0,1985,8,8,0,8,0,31744.0,31744.0,True,1.0,100%
era5_-21.50_-50.00,-21.5,-50.0,1986,8,8,0,8,0,31544.0,31544.0,True,1.0,100%
era5_-21.50_-50.00,-21.5,-50.0,1987,8,8,0,8,0,32833.0,32833.0,True,1.0,100%
era5_-21.50_-50.00,-21.5,-50.0,1988,8,8,0,8,0,36835.0,36835.0,True,1.0,100%
era5_-21.50_-50.00,-21.5,-50.0,1989,8,8,0,8,0,44242.0,44242.0,True,1.0,100%
era5_-21.50_-50.00,-21.5,-50.0,1990,8,8,0,8,0,46085.0,46085.0,True,1.0,100%
era5_-21.50_-50.00,-21.5,-50.0,1991,8,8,0,8,0,43562.0,43562.0,True,1.0,100%
era5_-21.50_-50.00,-21.5,-50.0,1992,8,8,0,8,0,43665.0,43665.0,True,1.0,100%
era5_-21.50_-50.00,-21.5,-50.0,1993,8,8,0,8,0,46487.0,46487.0,True,1.0,100%
era5_-21.50_-50.00,-21.5,-50.0,1994,8,8,0,8,0,47987.0,47987.0,True,1.0,100%
era5_-21.50_-50.00,-21.5,-50.0,1995,8,8,0,8,0,52255.0,52255.0,True,1.0,100%
era5_-21.50_-50.00,-21.5,-50.0,1996,8,8,0,7,1,55259.0,55259.0,True,1.0,100%
era5_-21.50_-50.00,-21.5,-50.0,1997,8,8,0,8,0,55721.0,55721.0,True,1.0,100%
era5_-21.50_-50.00,-21.5,-50.0,1998,8,8,0,8,0,62752.0,62752.0,True,1.0,100%
era5_-21.50_-50.00,-21.5,-50.0,1999,8,8,0,8,0,64795.0,64795.0,True,1.0,100%
era5_-21.50_-50.00,-21.5,-50.0,2000,8,8,0,8,0,59189.0,59189.0,True,1.0,100%
era5_-21.50_-50.00,-21.5,-50.0,2001,8,8,0,6,2,49370.0,49370.0,True,1.0,100%
era5_-21.50_-50.00,-21.5,-50.0,2002,8,8,0,8,0,66853.0,66853.0,True,1.0,100%
era5_-21.50_-50.00,-21.5,-50.0,2003,8,8,0,8,0,82209.0,82209.0,True,1.0,100%
era5_-21.50_-50.00,-21.5,-50.0,2004,8,8,0,8,0,86693.0,86693.0,True,1.0,100%
era5_-21.50_-50.00,-21.5,-50.0,2005,8,8,0,8,0,66819.0,66819.0,True,1.0,100%
era5_-21.50_-50.00,-21.5,-50.0,2006,8,8,0,8,0,98028.0,98028.0,True,1.0,100%
era5_-21.50_-50.00,-21.5,-50.0,2007,8,8,0,7,1,108932.0,108932.0,True,1.0,100%
era5_-21.50_-50.00,-21.5,-50.0,2008,8,8,0,8,0,128222.0,128222.0,True,1.0,100%
era5_-21.50_-50.00,-21.5,-50.0,2009,8,8,0,6,2,88722.0,88722.0,True,1.0,100%
era5_-21.50_-50.00,-21.5,-50.0,2010,8,8,0,8,0,157414.0,157414.0,True,1.0,100%
era5_-21.50_-50.00,-21.5,-50.0,2011,8,8,0,8,0,158271.0,158271.0,True,1.0,100%
era5_-21.50_-50.00,-21.5,-50.0,2012,8,8,0,6,2,126478.0,126478.0,True,1.0,100%
era5_-21.50_-50.00,-21.5,-50.0,2013,8,8,0,8,0,151283.0,151283.0,True,1.0,100%
era5_-21.50_-50.00,-21.5,-50.0,2014,8,8,0,8,0,160036.0,160036.0,True,1.0,100%
era5_-21.50_-50.00,-21.5,-50.0,2015,8,8,0,8,0,124665.0,124665.0,True,1.0,100%
era5_-21.50_-50.00,-21.5,-50.0,2016,8,8,0,8,0,138581.0,138581.0,True,1.0,100%
era5_-21.50_-50.00,-21.5,-50.0,2017,8,8,0,8,0,132463.0,132463.0,True,1.0,100%
era5_-21.50_-50.00,-21.5,-50.0,2018,8,8,0,8,0,149015.0,149015.0,True,1.0,100%
era5_-21.50_-50.00,-21.5,-50.0,2019,8,8,0,8,0,166072.0,166072.0,True,1.0,100%
era5_-21.50_-50.00,-21.5,-50.0,2020,8,8,0,8,0,147555.0,147555.0,True,1.0,100%
era5_-21.50_-50.00,-21.5,-50.0,2021,8,8,0,8,0,95747.0,95747.0,True,1.0,100%
era5_-21.50_-50.00,-21.5,-50.0,2022,8,8,0,8,0,110635.0,110635.0,True,1.0,100%
era5_-21.50_-50.00,-21.5,-50.0,2023,8,8,0,8,0,126875.0,126875.0,True,1.0,100%
era5_-21.50_-50.00,-21.5,-50.0,2024,8,8,0,8,0,138683.0,138683.0,True,1.0,100%
era5_-21.50_-50.00,-21.5,-50.0,2025,8,8,0,8,0,145139.0,145139.0,True,1.0,100%
era5_-21.50_-50.50,-21.5,-50.5,1974,14,14,0,2,12,280.0,280.0,True,1.0,100%
era5_-21.50_-50.50,-21.5,-50.5,1975,14,14,0,3,11,380.0,380.0,True,1.0,100%
era5_-21.50_-50.50,-21.5,-50.5,1976,14,14,0,2,12,290.0,290.0,True,1.0,100%
era5_-21.50_-50.50,-21.5,-50.5,1977,14,14,0,3,11,340.0,340.0,True,1.0,100%
era5_-21.50_-50.50,-21.5,-50.5,1978,14,14,0,2,12,300.0,300.0,True,1.0,100%
era5_-21.50_-50.50,-21.5,-50.5,1979,14,14,0,3,11,862.0,862.0,True,1.0,100%
era5_-21.50_-50.50,-21.5,-50.5,1980,14,14,0,4,10,1428.0,1428.0,True,1.0,100%
era5_-21.50_-50.50,-21.5,-50.5,1981,14,14,0,3,11,1546.0,1546.0,True,1.0,100%
era5_-21.50_-50.50,-21.5,-50.5,1982,14,14,0,6,8,4590.0,4590.0,True,1.0,100%
era5_-21.50_-50.50,-21.5,-50.5,1983,14,14,0,9,5,10780.0,10780.0,True,1.0,100%
era5_-21.50_-50.50,-21.5,-50.5,1984,14,14,0,10,4,13984.0,13984.0,True,1.0,100%
era5_-21.50_-50.50,-21.5,-50.5,1985,14,14,0,10,4,15899.0,15899.0,True,1.0,100%
era5_-21.50_-50.50,-21.5,-50.5,1986,14,14,0,10,4,15544.0,15544.0,True,1.0,100%
era5_-21.50_-50.50,-21.5,-50.5,1987,14,14,0,10,4,16669.0,16669.0,True,1.0,100%
era5_-21.50_-50.50,-21.5,-50.5,1988,14,14,0,11,3,19481.0,19481.0,True,1.0,100%
era5_-21.50_-50.50,-21.5,-50.5,1989,14,14,0,11,3,18887.0,18887.0,True,1.0,100%
era5_-21.50_-50.50,-21.5,-50.5,1990,14,14,0,11,3,20132.0,20132.0,True,1.0,100%
era5_-21.50_-50.50,-21.5,-50.5,1991,14,14,0,12,2,18569.0,18569.0,True,1.0,100%
era5_-21.50_-50.50,-21.5,-50.5,1992,14,14,0,12,2,18407.0,18407.0,True,1.0,100%
era5_-21.50_-50.50,-21.5,-50.5,1993,14,14,0,12,2,21912.0,21912.0,True,1.0,100%
era5_-21.50_-50.50,-21.5,-50.5,1994,14,14,0,13,1,27966.0,27966.0,True,1.0,100%
era5_-21.50_-50.50,-21.5,-50.5,1995,14,14,0,13,1,29203.0,29203.0,True,1.0,100%
era5_-21.50_-50.50,-21.5,-50.5,1996,14,14,0,13,1,34554.0,34554.0,True,1.0,100%
era5_-21.50_-50.50,-21.5,-50.5,1997,14,14,0,14,0,40746.0,40746.0,True,1.0,100%
era5_-21.50_-50.50,-21.5,-50.5,1998,14,14,0,14,0,41392.0,41392.0,True,1.0,100%
era5_-21.50_-50.50,-21.5,-50.5,1999,14,14,0,14,0,43057.0,43057.0,True,1.0,100%
era5_-21.50_-50.50,-21.5,-50.5,2000,14,14,0,14,0,44671.0,44671.0,True,1.0,100%
era5_-21.50_-50.50,-21.5,-50.5,2001,14,14,0,14,0,53703.0,53703.0,True,1.0,100%
era5_-21.50_-50.50,-21.5,-50.5,2002,14,14,0,14,0,52305.0,52305.0,True,1.0,100%
era5_-21.50_-50.50,-21.5,-50.5,2003,14,14,0,14,0,61405.0,61405.0,True,1.0,100%
era5_-21.50_-50.50,-21.5,-50.5,2004,14,14,0,14,0,61763.0,61763.0,True,1.0,100%
era5_-21.50_-50.50,-21.5,-50.5,2005,14,14,0,14,0,70544.0,70544.0,True,1.0,100%
era5_-21.50_-50.50,-21.5,-50.5,2006,14,14,0,14,0,80319.0,80319.0,True,1.0,100%
era5_-21.50_-50.50,-21.5,-50.5,2007,14,14,0,14,0,107357.0,107357.0,True,1.0,100%
era5_-21.50_-50.50,-21.5,-50.5,2008,14,14,0,14,0,122786.0,122786.0,True,1.0,100%
era5_-21.50_-50.50,-21.5,-50.5,2009,14,14,0,14,0,134247.0,134247.0,True,1.0,100%
era5_-21.50_-50.50,-21.5,-50.5,2010,14,14,0,14,0,141059.0,141059.0,True,1.0,100%
era5_-21.50_-50.50,-21.5,-50.5,2011,14,14,0,14,0,141729.0,141729.0,True,1.0,100%
era5_-21.50_-50.50,-21.5,-50.5,2012,14,14,0,14,0,142562.0,142562.0,True,1.0,100%
era5_-21.50_-50.50,-21.5,-50.5,2013,14,14,0,14,0,111636.0,111636.0,True,1.0,100%
era5_-21.50_-50.50,-21.5,-50.5,2014,14,14,0,14,0,115069.0,115069.0,True,1.0,100%
era5_-21.50_-50.50,-21.5,-50.5,2015,14,14,0,14,0,132491.0,132491.0,True,1.0,100%
era5_-21.50_-50.50,-21.5,-50.5,2016,14,14,0,13,1,123822.0,123822.0,True,1.0,100%
era5_-21.50_-50.50,-21.5,-50.5,2017,14,14,0,14,0,131965.0,131965.0,True,1.0,100%
era5_-21.50_-50.50,-21.5,-50.5,2018,14,14,0,14,0,139847.0,139847.0,True,1.0,100%
era5_-21.50_-50.50,-21.5,-50.5,2019,14,14,0,14,0,141323.0,141323.0,True,1.0,100%
era5_-21.50_-50.50,-21.5,-50.5,2020,14,14,0,14,0,129907.0,129907.0,True,1.0,100%
era5_-21.50_-50.50,-21.5,-50.5,2021,14,14,0,14,0,128211.0,128211.0,True,1.0,100%
era5_-21.50_-50.50,-21.5,-50.5,2022,14,14,0,14,0,126798.0,126798.0,True,1.0,100%
era5_-21.50_-50.50,-21.5,-50.5,2023,14,14,0,14,0,136505.0,136505.0,True,1.0,100%
era5_-21.50_-50.50,-21.5,-50.5,2024,14,14,0,14,0,135594.0,135594.0,True,1.0,100%
era5_-21.50_-50.50,-21.5,-50.5,2025,14,14,0,14,0,129971.0,129971.0,True,1.0,100%
era5_-21.50_-51.50,-21.5,-51.5,1974,12,12,0,0,12,0.0,0.0,False,,invalid_nonpositive_denominator
era5_-21.50_-51.50,-21.5,-51.5,1975,12,12,0,0,12,0.0,0.0,False,,invalid_nonpositive_denominator
era5_-21.50_-51.50,-21.5,-51.5,1976,12,12,0,0,12,0.0,0.0,False,,invalid_nonpositive_denominator
era5_-21.50_-51.50,-21.5,-51.5,1977,12,12,0,0,12,0.0,0.0,False,,invalid_nonpositive_denominator
era5_-21.50_-51.50,-21.5,-51.5,1978,12,12,0,0,12,0.0,0.0,False,,invalid_nonpositive_denominator
era5_-21.50_-51.50,-21.5,-51.5,1979,12,12,0,0,12,0.0,0.0,False,,invalid_nonpositive_denominator
era5_-21.50_-51.50,-21.5,-51.5,1980,12,12,0,6,6,2352.0,2352.0,True,1.0,100%
era5_-21.50_-51.50,-21.5,-51.5,1981,12,12,0,7,5,2235.0,2235.0,True,1.0,100%
era5_-21.50_-51.50,-21.5,-51.5,1982,12,12,0,7,5,8781.0,8781.0,True,1.0,100%
era5_-21.50_-51.50,-21.5,-51.5,1983,12,12,0,7,5,10147.0,10147.0,True,1.0,100%
era5_-21.50_-51.50,-21.5,-51.5,1984,12,12,0,8,4,11046.0,11046.0,True,1.0,100%
era5_-21.50_-51.50,-21.5,-51.5,1985,12,12,0,7,5,13759.0,13759.0,True,1.0,100%
era5_-21.50_-51.50,-21.5,-51.5,1986,12,12,0,6,6,12877.0,12877.0,True,1.0,100%
era5_-21.50_-51.50,-21.5,-51.5,1987,12,12,0,6,6,14870.0,14870.0,True,1.0,100%
era5_-21.50_-51.50,-21.5,-51.5,1988,12,12,0,6,6,10852.0,10852.0,True,1.0,100%
era5_-21.50_-51.50,-21.5,-51.5,1989,12,12,0,6,6,7521.0,7521.0,True,1.0,100%
era5_-21.50_-51.50,-21.5,-51.5,1990,12,12,0,6,6,6685.0,6685.0,True,1.0,100%
era5_-21.50_-51.50,-21.5,-51.5,1991,12,12,0,7,5,6196.0,6196.0,True,1.0,100%
era5_-21.50_-51.50,-21.5,-51.5,1992,12,12,0,6,6,7600.0,7600.0,True,1.0,100%
era5_-21.50_-51.50,-21.5,-51.5,1993,12,12,0,5,7,6661.0,6661.0,True,1.0,100%
era5_-21.50_-51.50,-21.5,-51.5,1994,12,12,0,5,7,7565.0,7565.0,True,1.0,100%
era5_-21.50_-51.50,-21.5,-51.5,1995,12,12,0,4,8,9583.0,9583.0,True,1.0,100%
era5_-21.50_-51.50,-21.5,-51.5,1996,12,12,0,4,8,11430.0,11430.0,True,1.0,100%
era5_-21.50_-51.50,-21.5,-51.5,1997,12,12,0,4,8,13573.0,13573.0,True,1.0,100%
era5_-21.50_-51.50,-21.5,-51.5,1998,12,12,0,3,9,12484.0,12484.0,True,1.0,100%
era5_-21.50_-51.50,-21.5,-51.5,1999,12,12,0,3,9,13646.0,13646.0,True,1.0,100%
era5_-21.50_-51.50,-21.5,-51.5,2000,12,12,0,2,10,10670.0,10670.0,True,1.0,100%
era5_-21.50_-51.50,-21.5,-51.5,2001,12,12,0,3,9,11670.0,11670.0,True,1.0,100%
era5_-21.50_-51.50,-21.5,-51.5,2002,12,12,0,5,7,18154.0,18154.0,True,1.0,100%
era5_-21.50_-51.50,-21.5,-51.5,2003,12,12,0,5,7,19658.0,19658.0,True,1.0,100%
era5_-21.50_-51.50,-21.5,-51.5,2004,12,12,0,8,4,25480.0,25480.0,True,1.0,100%
era5_-21.50_-51.50,-21.5,-51.5,2005,12,12,0,9,3,32621.0,32621.0,True,1.0,100%
era5_-21.50_-51.50,-21.5,-51.5,2006,12,12,0,10,2,48061.0,48061.0,True,1.0,100%
era5_-21.50_-51.50,-21.5,-51.5,2007,12,12,0,11,1,59332.0,59332.0,True,1.0,100%
era5_-21.50_-51.50,-21.5,-51.5,2008,12,12,0,11,1,84175.0,84175.0,True,1.0,100%
era5_-21.50_-51.50,-21.5,-51.5,2009,12,12,0,11,1,87745.0,87745.0,True,1.0,100%
era5_-21.50_-51.50,-21.5,-51.5,2010,12,12,0,12,0,110672.0,110672.0,True,1.0,100%
era5_-21.50_-51.50,-21.5,-51.5,2011,12,12,0,12,0,112722.0,112722.0,True,1.0,100%
era5_-21.50_-51.50,-21.5,-51.5,2012,12,12,0,12,0,111863.0,111863.0,True,1.0,100%
era5_-21.50_-51.50,-21.5,-51.5,2013,12,12,0,12,0,117033.0,117033.0,True,1.0,100%
era5_-21.50_-51.50,-21.5,-51.5,2014,12,12,0,12,0,123637.0,123637.0,True,1.0,100%
era5_-21.50_-51.50,-21.5,-51.5,2015,12,12,0,12,0,118104.0,118104.0,True,1.0,100%
era5_-21.50_-51.50,-21.5,-51.5,2016,12,12,0,12,0,112883.0,112883.0,True,1.0,100%
era5_-21.50_-51.50,-21.5,-51.5,2017,12,12,0,12,0,119863.0,119863.0,True,1.0,100%
era5_-21.50_-51.50,-21.5,-51.5,2018,12,12,0,12,0,116092.0,116092.0,True,1.0,100%
era5_-21.50_-51.50,-21.5,-51.5,2019,12,12,0,12,0,118890.0,118890.0,True,1.0,100%
era5_-21.50_-51.50,-21.5,-51.5,2020,12,12,0,12,0,111210.0,111210.0,True,1.0,100%
era5_-21.50_-51.50,-21.5,-51.5,2021,12,12,0,12,0,110750.0,110750.0,True,1.0,100%
era5_-21.50_-51.50,-21.5,-51.5,2022,12,12,0,12,0,107690.0,107690.0,True,1.0,100%
era5_-21.50_-51.50,-21.5,-51.5,2023,12,12,0,12,0,106000.0,106000.0,True,1.0,100%
era5_-21.50_-51.50,-21.5,-51.5,2024,12,12,0,12,0,110375.0,110375.0,True,1.0,100%
era5_-21.50_-51.50,-21.5,-51.5,2025,12,12,0,12,0,110281.0,110281.0,True,1.0,100%
era5_-22.00_-47.00,-22.0,-47.0,1974,7,7,0,5,2,18879.0,18879.0,True,1.0,100%
era5_-22.00_-47.00,-22.0,-47.0,1975,7,7,0,5,2,8185.0,8185.0,True,1.0,100%
era5_-22.00_-47.00,-22.0,-47.0,1976,7,7,0,5,2,8485.0,8485.0,True,1.0,100%
era5_-22.00_-47.00,-22.0,-47.0,1977,7,7,0,5,2,9885.0,9885.0,True,1.0,100%
era5_-22.00_-47.00,-22.0,-47.0,1978,7,7,0,5,2,12935.0,12935.0,True,1.0,100%
era5_-22.00_-47.00,-22.0,-47.0,1979,7,7,0,5,2,13850.0,13850.0,True,1.0,100%
era5_-22.00_-47.00,-22.0,-47.0,1980,7,7,0,3,4,14000.0,14000.0,True,1.0,100%
era5_-22.00_-47.00,-22.0,-47.0,1981,7,7,0,5,2,15887.0,15887.0,True,1.0,100%
era5_-22.00_-47.00,-22.0,-47.0,1982,7,7,0,5,2,16995.0,16995.0,True,1.0,100%
era5_-22.00_-47.00,-22.0,-47.0,1983,7,7,0,7,0,15578.0,15578.0,True,1.0,100%
era5_-22.00_-47.00,-22.0,-47.0,1984,7,7,0,7,0,25652.0,25652.0,True,1.0,100%
era5_-22.00_-47.00,-22.0,-47.0,1985,7,7,0,7,0,14470.0,14470.0,True,1.0,100%
era5_-22.00_-47.00,-22.0,-47.0,1986,7,7,0,7,0,28097.0,28097.0,True,1.0,100%
era5_-22.00_-47.00,-22.0,-47.0,1987,7,7,0,7,0,28322.0,28322.0,True,1.0,100%
era5_-22.00_-47.00,-22.0,-47.0,1988,7,7,0,7,0,26924.0,26924.0,True,1.0,100%
era5_-22.00_-47.00,-22.0,-47.0,1989,7,7,0,6,1,24503.0,24503.0,True,1.0,100%
era5_-22.00_-47.00,-22.0,-47.0,1990,7,7,0,7,0,24948.0,24948.0,True,1.0,100%
era5_-22.00_-47.00,-22.0,-47.0,1991,7,7,0,7,0,26836.0,26836.0,True,1.0,100%
era5_-22.00_-47.00,-22.0,-47.0,1992,7,7,0,7,0,27266.0,27266.0,True,1.0,100%
era5_-22.00_-47.00,-22.0,-47.0,1993,7,7,0,7,0,26620.0,26620.0,True,1.0,100%
era5_-22.00_-47.00,-22.0,-47.0,1994,7,7,0,7,0,35368.0,35368.0,True,1.0,100%
era5_-22.00_-47.00,-22.0,-47.0,1995,7,7,0,7,0,36072.0,36072.0,True,1.0,100%
era5_-22.00_-47.00,-22.0,-47.0,1996,7,7,0,7,0,32870.0,32870.0,True,1.0,100%
era5_-22.00_-47.00,-22.0,-47.0,1997,7,7,0,7,0,26065.0,26065.0,True,1.0,100%
era5_-22.00_-47.00,-22.0,-47.0,1998,7,7,0,7,0,36700.0,36700.0,True,1.0,100%
era5_-22.00_-47.00,-22.0,-47.0,1999,7,7,0,7,0,36900.0,36900.0,True,1.0,100%
era5_-22.00_-47.00,-22.0,-47.0,2000,7,7,0,7,0,36034.0,36034.0,True,1.0,100%
era5_-22.00_-47.00,-22.0,-47.0,2001,7,7,0,6,1,33659.0,33659.0,True,1.0,100%
era5_-22.00_-47.00,-22.0,-47.0,2002,7,7,0,7,0,36715.0,36715.0,True,1.0,100%
era5_-22.00_-47.00,-22.0,-47.0,2003,7,7,0,6,1,43490.0,43490.0,True,1.0,100%
era5_-22.00_-47.00,-22.0,-47.0,2004,7,7,0,6,1,45050.0,45050.0,True,1.0,100%
era5_-22.00_-47.00,-22.0,-47.0,2005,7,7,0,6,1,49628.0,49628.0,True,1.0,100%
era5_-22.00_-47.00,-22.0,-47.0,2006,7,7,0,6,1,60427.0,60427.0,True,1.0,100%
era5_-22.00_-47.00,-22.0,-47.0,2007,7,7,0,6,1,58232.0,58232.0,True,1.0,100%
era5_-22.00_-47.00,-22.0,-47.0,2008,7,7,0,6,1,63562.0,63562.0,True,1.0,100%
era5_-22.00_-47.00,-22.0,-47.0,2009,7,7,0,6,1,60961.0,60961.0,True,1.0,100%
era5_-22.00_-47.00,-22.0,-47.0,2010,7,7,0,7,0,68750.0,68750.0,True,1.0,100%
era5_-22.00_-47.00,-22.0,-47.0,2011,7,7,0,7,0,72280.0,72280.0,True,1.0,100%
era5_-22.00_-47.00,-22.0,-47.0,2012,7,7,0,7,0,76385.0,76385.0,True,1.0,100%
era5_-22.00_-47.00,-22.0,-47.0,2013,7,7,0,7,0,72445.0,72445.0,True,1.0,100%
era5_-22.00_-47.00,-22.0,-47.0,2014,7,7,0,6,1,72384.0,72384.0,True,1.0,100%
era5_-22.00_-47.00,-22.0,-47.0,2015,7,7,0,6,1,72903.0,72903.0,True,1.0,100%
era5_-22.00_-47.00,-22.0,-47.0,2016,7,7,0,6,1,68599.0,68599.0,True,1.0,100%
era5_-22.00_-47.00,-22.0,-47.0,2017,7,7,0,6,1,71038.0,71038.0,True,1.0,100%
era5_-22.00_-47.00,-22.0,-47.0,2018,7,7,0,6,1,62489.0,62489.0,True,1.0,100%
era5_-22.00_-47.00,-22.0,-47.0,2019,7,7,0,6,1,62612.0,62612.0,True,1.0,100%
era5_-22.00_-47.00,-22.0,-47.0,2020,7,7,0,6,1,63291.0,63291.0,True,1.0,100%
era5_-22.00_-47.00,-22.0,-47.0,2021,7,7,0,6,1,63291.0,63291.0,True,1.0,100%
era5_-22.00_-47.00,-22.0,-47.0,2022,7,7,0,6,1,63691.0,63691.0,True,1.0,100%
era5_-22.00_-47.00,-22.0,-47.0,2023,7,7,0,6,1,54671.0,54671.0,True,1.0,100%
era5_-22.00_-47.00,-22.0,-47.0,2024,7,7,0,6,1,57811.0,57811.0,True,1.0,100%
era5_-22.00_-47.00,-22.0,-47.0,2025,7,7,0,6,1,55900.0,55900.0,True,1.0,100%
era5_-22.00_-47.50,-22.0,-47.5,1974,7,7,0,6,1,30331.0,30331.0,True,1.0,100%
era5_-22.00_-47.50,-22.0,-47.5,1975,7,7,0,6,1,13100.0,13100.0,True,1.0,100%
era5_-22.00_-47.50,-22.0,-47.5,1976,7,7,0,6,1,18112.0,18112.0,True,1.0,100%
era5_-22.00_-47.50,-22.0,-47.5,1977,7,7,0,6,1,17540.0,17540.0,True,1.0,100%
era5_-22.00_-47.50,-22.0,-47.5,1978,7,7,0,6,1,20891.0,20891.0,True,1.0,100%
era5_-22.00_-47.50,-22.0,-47.5,1979,7,7,0,6,1,18476.0,18476.0,True,1.0,100%
era5_-22.00_-47.50,-22.0,-47.5,1980,7,7,0,5,2,23330.0,23330.0,True,1.0,100%
era5_-22.00_-47.50,-22.0,-47.5,1981,7,7,0,7,0,26827.0,26827.0,True,1.0,100%
era5_-22.00_-47.50,-22.0,-47.5,1982,7,7,0,7,0,27987.0,27987.0,True,1.0,100%
era5_-22.00_-47.50,-22.0,-47.5,1983,7,7,0,7,0,32200.0,32200.0,True,1.0,100%
era5_-22.00_-47.50,-22.0,-47.5,1984,7,7,0,7,0,33359.0,33359.0,True,1.0,100%
era5_-22.00_-47.50,-22.0,-47.5,1985,7,7,0,7,0,34131.0,34131.0,True,1.0,100%
era5_-22.00_-47.50,-22.0,-47.5,1986,7,7,0,7,0,33754.0,33754.0,True,1.0,100%
era5_-22.00_-47.50,-22.0,-47.5,1987,7,7,0,7,0,33858.0,33858.0,True,1.0,100%
era5_-22.00_-47.50,-22.0,-47.5,1988,7,7,0,7,0,35022.0,35022.0,True,1.0,100%
era5_-22.00_-47.50,-22.0,-47.5,1989,7,7,0,7,0,32559.0,32559.0,True,1.0,100%
era5_-22.00_-47.50,-22.0,-47.5,1990,7,7,0,7,0,34352.0,34352.0,True,1.0,100%
era5_-22.00_-47.50,-22.0,-47.5,1991,7,7,0,7,0,36200.0,36200.0,True,1.0,100%
era5_-22.00_-47.50,-22.0,-47.5,1992,7,7,0,7,0,34620.0,34620.0,True,1.0,100%
era5_-22.00_-47.50,-22.0,-47.5,1993,7,7,0,7,0,34553.0,34553.0,True,1.0,100%
era5_-22.00_-47.50,-22.0,-47.5,1994,7,7,0,7,0,54843.0,54843.0,True,1.0,100%
era5_-22.00_-47.50,-22.0,-47.5,1995,7,7,0,7,0,52936.0,52936.0,True,1.0,100%
era5_-22.00_-47.50,-22.0,-47.5,1996,7,7,0,7,0,59120.0,59120.0,True,1.0,100%
era5_-22.00_-47.50,-22.0,-47.5,1997,7,7,0,7,0,64489.0,64489.0,True,1.0,100%
era5_-22.00_-47.50,-22.0,-47.5,1998,7,7,0,7,0,66286.0,66286.0,True,1.0,100%
era5_-22.00_-47.50,-22.0,-47.5,1999,7,7,0,7,0,65915.0,65915.0,True,1.0,100%
era5_-22.00_-47.50,-22.0,-47.5,2000,7,7,0,7,0,56900.0,56900.0,True,1.0,100%
era5_-22.00_-47.50,-22.0,-47.5,2001,7,7,0,7,0,58900.0,58900.0,True,1.0,100%
era5_-22.00_-47.50,-22.0,-47.5,2002,7,7,0,7,0,76637.0,76637.0,True,1.0,100%
era5_-22.00_-47.50,-22.0,-47.5,2003,7,7,0,7,0,59718.0,59718.0,True,1.0,100%
era5_-22.00_-47.50,-22.0,-47.5,2004,7,7,0,7,0,60294.0,60294.0,True,1.0,100%
era5_-22.00_-47.50,-22.0,-47.5,2005,7,7,0,7,0,60118.0,60118.0,True,1.0,100%
era5_-22.00_-47.50,-22.0,-47.5,2006,7,7,0,7,0,62434.0,62434.0,True,1.0,100%
era5_-22.00_-47.50,-22.0,-47.5,2007,7,7,0,7,0,63651.0,63651.0,True,1.0,100%
era5_-22.00_-47.50,-22.0,-47.5,2008,7,7,0,7,0,69880.0,69880.0,True,1.0,100%
era5_-22.00_-47.50,-22.0,-47.5,2009,7,7,0,7,0,77400.0,77400.0,True,1.0,100%
era5_-22.00_-47.50,-22.0,-47.5,2010,7,7,0,7,0,84088.0,84088.0,True,1.0,100%
era5_-22.00_-47.50,-22.0,-47.5,2011,7,7,0,7,0,81215.0,81215.0,True,1.0,100%
era5_-22.00_-47.50,-22.0,-47.5,2012,7,7,0,7,0,81880.0,81880.0,True,1.0,100%
era5_-22.00_-47.50,-22.0,-47.5,2013,7,7,0,7,0,83479.0,83479.0,True,1.0,100%
era5_-22.00_-47.50,-22.0,-47.5,2014,7,7,0,7,0,92212.0,92212.0,True,1.0,100%
era5_-22.00_-47.50,-22.0,-47.5,2015,7,7,0,7,0,85712.0,85712.0,True,1.0,100%
era5_-22.00_-47.50,-22.0,-47.5,2016,7,7,0,7,0,95608.0,95608.0,True,1.0,100%
era5_-22.00_-47.50,-22.0,-47.5,2017,7,7,0,7,0,103608.0,103608.0,True,1.0,100%
era5_-22.00_-47.50,-22.0,-47.5,2018,7,7,0,7,0,93808.0,93808.0,True,1.0,100%
era5_-22.00_-47.50,-22.0,-47.5,2019,7,7,0,7,0,95740.0,95740.0,True,1.0,100%
era5_-22.00_-47.50,-22.0,-47.5,2020,7,7,0,7,0,100300.0,100300.0,True,1.0,100%
era5_-22.00_-47.50,-22.0,-47.5,2021,7,7,0,7,0,93470.0,93470.0,True,1.0,100%
era5_-22.00_-47.50,-22.0,-47.5,2022,7,7,0,7,0,98830.0,98830.0,True,1.0,100%
era5_-22.00_-47.50,-22.0,-47.5,2023,7,7,0,7,0,99063.0,99063.0,True,1.0,100%
era5_-22.00_-47.50,-22.0,-47.5,2024,7,7,0,7,0,90583.0,90583.0,True,1.0,100%
era5_-22.00_-47.50,-22.0,-47.5,2025,7,7,0,7,0,90163.0,90163.0,True,1.0,100%
era5_-22.00_-48.00,-22.0,-48.0,1974,4,4,0,4,0,36020.0,36020.0,True,1.0,100%
era5_-22.00_-48.00,-22.0,-48.0,1975,4,4,0,4,0,28291.0,28291.0,True,1.0,100%
era5_-22.00_-48.00,-22.0,-48.0,1976,4,4,0,4,0,41675.0,41675.0,True,1.0,100%
era5_-22.00_-48.00,-22.0,-48.0,1977,4,4,0,4,0,44000.0,44000.0,True,1.0,100%
era5_-22.00_-48.00,-22.0,-48.0,1978,4,4,0,4,0,50984.0,50984.0,True,1.0,100%
era5_-22.00_-48.00,-22.0,-48.0,1979,4,4,0,4,0,63201.0,63201.0,True,1.0,100%
era5_-22.00_-48.00,-22.0,-48.0,1980,4,4,0,4,0,56643.0,56643.0,True,1.0,100%
era5_-22.00_-48.00,-22.0,-48.0,1981,4,4,0,4,0,62972.0,62972.0,True,1.0,100%
era5_-22.00_-48.00,-22.0,-48.0,1982,4,4,0,4,0,57600.0,57600.0,True,1.0,100%
era5_-22.00_-48.00,-22.0,-48.0,1983,4,4,0,4,0,68142.0,68142.0,True,1.0,100%
era5_-22.00_-48.00,-22.0,-48.0,1984,4,4,0,4,0,63399.0,63399.0,True,1.0,100%
era5_-22.00_-48.00,-22.0,-48.0,1985,4,4,0,4,0,60697.0,60697.0,True,1.0,100%
era5_-22.00_-48.00,-22.0,-48.0,1986,4,4,0,4,0,57000.0,57000.0,True,1.0,100%
era5_-22.00_-48.00,-22.0,-48.0,1987,4,4,0,4,0,58500.0,58500.0,True,1.0,100%
era5_-22.00_-48.00,-22.0,-48.0,1988,4,4,0,4,0,58500.0,58500.0,True,1.0,100%
era5_-22.00_-48.00,-22.0,-48.0,1989,4,4,0,4,0,57202.0,57202.0,True,1.0,100%
era5_-22.00_-48.00,-22.0,-48.0,1990,4,4,0,4,0,55900.0,55900.0,True,1.0,100%
era5_-22.00_-48.00,-22.0,-48.0,1991,4,4,0,4,0,61100.0,61100.0,True,1.0,100%
era5_-22.00_-48.00,-22.0,-48.0,1992,4,4,0,4,0,62300.0,62300.0,True,1.0,100%
era5_-22.00_-48.00,-22.0,-48.0,1993,4,4,0,4,0,48300.0,48300.0,True,1.0,100%
era5_-22.00_-48.00,-22.0,-48.0,1994,4,4,0,4,0,63900.0,63900.0,True,1.0,100%
era5_-22.00_-48.00,-22.0,-48.0,1995,4,4,0,4,0,61877.0,61877.0,True,1.0,100%
era5_-22.00_-48.00,-22.0,-48.0,1996,4,4,0,4,0,79677.0,79677.0,True,1.0,100%
era5_-22.00_-48.00,-22.0,-48.0,1997,4,4,0,4,0,74285.0,74285.0,True,1.0,100%
era5_-22.00_-48.00,-22.0,-48.0,1998,4,4,0,4,0,75000.0,75000.0,True,1.0,100%
era5_-22.00_-48.00,-22.0,-48.0,1999,4,4,0,4,0,76159.0,76159.0,True,1.0,100%
era5_-22.00_-48.00,-22.0,-48.0,2000,4,4,0,4,0,68400.0,68400.0,True,1.0,100%
era5_-22.00_-48.00,-22.0,-48.0,2001,4,4,0,4,0,68200.0,68200.0,True,1.0,100%
era5_-22.00_-48.00,-22.0,-48.0,2002,4,4,0,4,0,68800.0,68800.0,True,1.0,100%
era5_-22.00_-48.00,-22.0,-48.0,2003,4,4,0,4,0,88738.0,88738.0,True,1.0,100%
era5_-22.00_-48.00,-22.0,-48.0,2004,4,4,0,4,0,90738.0,90738.0,True,1.0,100%
era5_-22.00_-48.00,-22.0,-48.0,2005,4,4,0,4,0,90046.0,90046.0,True,1.0,100%
era5_-22.00_-48.00,-22.0,-48.0,2006,4,4,0,4,0,84000.0,84000.0,True,1.0,100%
era5_-22.00_-48.00,-22.0,-48.0,2007,4,4,0,4,0,84000.0,84000.0,True,1.0,100%
era5_-22.00_-48.00,-22.0,-48.0,2008,4,4,0,4,0,105000.0,105000.0,True,1.0,100%
era5_-22.00_-48.00,-22.0,-48.0,2009,4,4,0,4,0,119084.0,119084.0,True,1.0,100%
era5_-22.00_-48.00,-22.0,-48.0,2010,4,4,0,4,0,101406.0,101406.0,True,1.0,100%
era5_-22.00_-48.00,-22.0,-48.0,2011,4,4,0,4,0,105156.0,105156.0,True,1.0,100%
era5_-22.00_-48.00,-22.0,-48.0,2012,4,4,0,4,0,103781.0,103781.0,True,1.0,100%
era5_-22.00_-48.00,-22.0,-48.0,2013,4,4,0,4,0,108167.0,108167.0,True,1.0,100%
era5_-22.00_-48.00,-22.0,-48.0,2014,4,4,0,4,0,107680.0,107680.0,True,1.0,100%
era5_-22.00_-48.00,-22.0,-48.0,2015,4,4,0,4,0,107200.0,107200.0,True,1.0,100%
era5_-22.00_-48.00,-22.0,-48.0,2016,4,4,0,4,0,108300.0,108300.0,True,1.0,100%
era5_-22.00_-48.00,-22.0,-48.0,2017,4,4,0,4,0,131700.0,131700.0,True,1.0,100%
era5_-22.00_-48.00,-22.0,-48.0,2018,4,4,0,4,0,106900.0,106900.0,True,1.0,100%
era5_-22.00_-48.00,-22.0,-48.0,2019,4,4,0,4,0,106900.0,106900.0,True,1.0,100%
era5_-22.00_-48.00,-22.0,-48.0,2020,4,4,0,4,0,109000.0,109000.0,True,1.0,100%
era5_-22.00_-48.00,-22.0,-48.0,2021,4,4,0,4,0,108200.0,108200.0,True,1.0,100%
era5_-22.00_-48.00,-22.0,-48.0,2022,4,4,0,4,0,113700.0,113700.0,True,1.0,100%
era5_-22.00_-48.00,-22.0,-48.0,2023,4,4,0,4,0,107000.0,107000.0,True,1.0,100%
era5_-22.00_-48.00,-22.0,-48.0,2024,4,4,0,4,0,100125.0,100125.0,True,1.0,100%
era5_-22.00_-48.00,-22.0,-48.0,2025,4,4,0,4,0,99625.0,99625.0,True,1.0,100%
era5_-22.00_-48.50,-22.0,-48.5,1974,8,6,2,6,0,7243.0,7243.0,True,1.0,100%
era5_-22.00_-48.50,-22.0,-48.5,1975,8,6,2,6,0,14268.0,14268.0,True,1.0,100%
era5_-22.00_-48.50,-22.0,-48.5,1976,8,6,2,6,0,18899.0,18899.0,True,1.0,100%
era5_-22.00_-48.50,-22.0,-48.5,1977,8,6,2,6,0,18918.0,18918.0,True,1.0,100%
era5_-22.00_-48.50,-22.0,-48.5,1978,8,6,2,5,1,20441.0,20441.0,True,1.0,100%
era5_-22.00_-48.50,-22.0,-48.5,1979,8,6,2,5,1,23289.0,23289.0,True,1.0,100%
era5_-22.00_-48.50,-22.0,-48.5,1980,8,6,2,5,1,37600.0,37600.0,True,1.0,100%
era5_-22.00_-48.50,-22.0,-48.5,1981,8,6,2,5,1,41802.0,41802.0,True,1.0,100%
era5_-22.00_-48.50,-22.0,-48.5,1982,8,6,2,5,1,40444.0,40444.0,True,1.0,100%
era5_-22.00_-48.50,-22.0,-48.5,1983,8,6,2,5,1,49004.0,49004.0,True,1.0,100%
era5_-22.00_-48.50,-22.0,-48.5,1984,8,6,2,5,1,29567.0,29567.0,True,1.0,100%
era5_-22.00_-48.50,-22.0,-48.5,1985,8,6,2,6,0,29823.0,29823.0,True,1.0,100%
era5_-22.00_-48.50,-22.0,-48.5,1986,8,6,2,6,0,31490.0,31490.0,True,1.0,100%
era5_-22.00_-48.50,-22.0,-48.5,1987,8,6,2,6,0,33992.0,33992.0,True,1.0,100%
era5_-22.00_-48.50,-22.0,-48.5,1988,8,6,2,6,0,34181.0,34181.0,True,1.0,100%
era5_-22.00_-48.50,-22.0,-48.5,1989,8,6,2,6,0,36262.0,36262.0,True,1.0,100%
era5_-22.00_-48.50,-22.0,-48.5,1990,8,6,2,6,0,37349.0,37349.0,True,1.0,100%
era5_-22.00_-48.50,-22.0,-48.5,1991,8,6,2,6,0,42650.0,42650.0,True,1.0,100%
era5_-22.00_-48.50,-22.0,-48.5,1992,8,6,2,6,0,45000.0,45000.0,True,1.0,100%
era5_-22.00_-48.50,-22.0,-48.5,1993,8,6,2,6,0,47300.0,47300.0,True,1.0,100%
era5_-22.00_-48.50,-22.0,-48.5,1994,8,6,2,6,0,61550.0,61550.0,True,1.0,100%
era5_-22.00_-48.50,-22.0,-48.5,1995,8,6,2,6,0,57750.0,57750.0,True,1.0,100%
era5_-22.00_-48.50,-22.0,-48.5,1996,8,6,2,6,0,62750.0,62750.0,True,1.0,100%
era5_-22.00_-48.50,-22.0,-48.5,1997,8,7,1,6,1,59950.0,59950.0,True,1.0,100%
era5_-22.00_-48.50,-22.0,-48.5,1998,8,8,0,8,0,72340.0,72340.0,True,1.0,100%
era5_-22.00_-48.50,-22.0,-48.5,1999,8,8,0,8,0,67779.0,67779.0,True,1.0,100%
era5_-22.00_-48.50,-22.0,-48.5,2000,8,8,0,8,0,59438.0,59438.0,True,1.0,100%
era5_-22.00_-48.50,-22.0,-48.5,2001,8,8,0,8,0,64600.0,64600.0,True,1.0,100%
era5_-22.00_-48.50,-22.0,-48.5,2002,8,8,0,8,0,61820.0,61820.0,True,1.0,100%
era5_-22.00_-48.50,-22.0,-48.5,2003,8,8,0,8,0,74325.0,74325.0,True,1.0,100%
era5_-22.00_-48.50,-22.0,-48.5,2004,8,8,0,8,0,75525.0,75525.0,True,1.0,100%
era5_-22.00_-48.50,-22.0,-48.5,2005,8,8,0,8,0,73901.0,73901.0,True,1.0,100%
era5_-22.00_-48.50,-22.0,-48.5,2006,8,8,0,8,0,74449.0,74449.0,True,1.0,100%
era5_-22.00_-48.50,-22.0,-48.5,2007,8,8,0,8,0,88640.0,88640.0,True,1.0,100%
era5_-22.00_-48.50,-22.0,-48.5,2008,8,8,0,8,0,102281.0,102281.0,True,1.0,100%
era5_-22.00_-48.50,-22.0,-48.5,2009,8,8,0,8,0,99594.0,99594.0,True,1.0,100%
era5_-22.00_-48.50,-22.0,-48.5,2010,8,8,0,8,0,69406.0,69406.0,True,1.0,100%
era5_-22.00_-48.50,-22.0,-48.5,2011,8,8,0,8,0,100990.0,100990.0,True,1.0,100%
era5_-22.00_-48.50,-22.0,-48.5,2012,8,8,0,8,0,102690.0,102690.0,True,1.0,100%
era5_-22.00_-48.50,-22.0,-48.5,2013,8,8,0,8,0,107000.0,107000.0,True,1.0,100%
era5_-22.00_-48.50,-22.0,-48.5,2014,8,8,0,8,0,106000.0,106000.0,True,1.0,100%
era5_-22.00_-48.50,-22.0,-48.5,2015,8,8,0,8,0,106100.0,106100.0,True,1.0,100%
era5_-22.00_-48.50,-22.0,-48.5,2016,8,8,0,8,0,106400.0,106400.0,True,1.0,100%
era5_-22.00_-48.50,-22.0,-48.5,2017,8,8,0,8,0,115870.0,115870.0,True,1.0,100%
era5_-22.00_-48.50,-22.0,-48.5,2018,8,8,0,8,0,103317.0,103317.0,True,1.0,100%
era5_-22.00_-48.50,-22.0,-48.5,2019,8,8,0,8,0,102675.0,102675.0,True,1.0,100%
era5_-22.00_-48.50,-22.0,-48.5,2020,8,8,0,8,0,102350.0,102350.0,True,1.0,100%
era5_-22.00_-48.50,-22.0,-48.5,2021,8,8,0,8,0,102250.0,102250.0,True,1.0,100%
era5_-22.00_-48.50,-22.0,-48.5,2022,8,8,0,8,0,102450.0,102450.0,True,1.0,100%
era5_-22.00_-48.50,-22.0,-48.5,2023,8,8,0,8,0,100618.0,100618.0,True,1.0,100%
era5_-22.00_-48.50,-22.0,-48.5,2024,8,8,0,8,0,95891.0,95891.0,True,1.0,100%
era5_-22.00_-48.50,-22.0,-48.5,2025,8,8,0,8,0,98425.0,98425.0,True,1.0,100%
era5_-22.00_-49.00,-22.0,-49.0,1974,6,6,0,3,3,2126.0,2126.0,True,1.0,100%
era5_-22.00_-49.00,-22.0,-49.0,1975,6,6,0,3,3,1776.0,1776.0,True,1.0,100%
era5_-22.00_-49.00,-22.0,-49.0,1976,6,6,0,3,3,4460.0,4460.0,True,1.0,100%
era5_-22.00_-49.00,-22.0,-49.0,1977,6,6,0,3,3,4850.0,4850.0,True,1.0,100%
era5_-22.00_-49.00,-22.0,-49.0,1978,6,6,0,3,3,4404.0,4404.0,True,1.0,100%
era5_-22.00_-49.00,-22.0,-49.0,1979,6,6,0,3,3,6164.0,6164.0,True,1.0,100%
era5_-22.00_-49.00,-22.0,-49.0,1980,6,6,0,4,2,5910.0,5910.0,True,1.0,100%
era5_-22.00_-49.00,-22.0,-49.0,1981,6,6,0,4,2,6570.0,6570.0,True,1.0,100%
era5_-22.00_-49.00,-22.0,-49.0,1982,6,6,0,5,1,8493.0,8493.0,True,1.0,100%
era5_-22.00_-49.00,-22.0,-49.0,1983,6,6,0,4,2,5702.0,5702.0,True,1.0,100%
era5_-22.00_-49.00,-22.0,-49.0,1984,6,6,0,5,1,5672.0,5672.0,True,1.0,100%
era5_-22.00_-49.00,-22.0,-49.0,1985,6,6,0,5,1,5492.0,5492.0,True,1.0,100%
era5_-22.00_-49.00,-22.0,-49.0,1986,6,6,0,5,1,5559.0,5559.0,True,1.0,100%
era5_-22.00_-49.00,-22.0,-49.0,1987,6,6,0,5,1,5722.0,5722.0,True,1.0,100%
era5_-22.00_-49.00,-22.0,-49.0,1988,6,6,0,5,1,6987.0,6987.0,True,1.0,100%
era5_-22.00_-49.00,-22.0,-49.0,1989,6,6,0,5,1,7996.0,7996.0,True,1.0,100%
era5_-22.00_-49.00,-22.0,-49.0,1990,6,6,0,5,1,8805.0,8805.0,True,1.0,100%
era5_-22.00_-49.00,-22.0,-49.0,1991,6,6,0,5,1,8780.0,8780.0,True,1.0,100%
era5_-22.00_-49.00,-22.0,-49.0,1992,6,6,0,5,1,8201.0,8201.0,True,1.0,100%
era5_-22.00_-49.00,-22.0,-49.0,1993,6,6,0,4,2,7535.0,7535.0,True,1.0,100%
era5_-22.00_-49.00,-22.0,-49.0,1994,6,6,0,5,1,12364.0,12364.0,True,1.0,100%
era5_-22.00_-49.00,-22.0,-49.0,1995,6,6,0,6,0,14715.0,14715.0,True,1.0,100%
era5_-22.00_-49.00,-22.0,-49.0,1996,6,6,0,6,0,17118.0,17118.0,True,1.0,100%
era5_-22.00_-49.00,-22.0,-49.0,1997,6,6,0,6,0,20833.0,20833.0,True,1.0,100%
era5_-22.00_-49.00,-22.0,-49.0,1998,6,6,0,6,0,20327.0,20327.0,True,1.0,100%
era5_-22.00_-49.00,-22.0,-49.0,1999,6,6,0,6,0,19827.0,19827.0,True,1.0,100%
era5_-22.00_-49.00,-22.0,-49.0,2000,6,6,0,5,1,18200.0,18200.0,True,1.0,100%
era5_-22.00_-49.00,-22.0,-49.0,2001,6,6,0,6,0,20790.0,20790.0,True,1.0,100%
era5_-22.00_-49.00,-22.0,-49.0,2002,6,6,0,6,0,19464.0,19464.0,True,1.0,100%
era5_-22.00_-49.00,-22.0,-49.0,2003,6,6,0,6,0,20223.0,20223.0,True,1.0,100%
era5_-22.00_-49.00,-22.0,-49.0,2004,6,6,0,6,0,22077.0,22077.0,True,1.0,100%
era5_-22.00_-49.00,-22.0,-49.0,2005,6,6,0,6,0,22101.0,22101.0,True,1.0,100%
era5_-22.00_-49.00,-22.0,-49.0,2006,6,6,0,6,0,28000.0,28000.0,True,1.0,100%
era5_-22.00_-49.00,-22.0,-49.0,2007,6,6,0,6,0,50621.0,50621.0,True,1.0,100%
era5_-22.00_-49.00,-22.0,-49.0,2008,6,6,0,6,0,69841.0,69841.0,True,1.0,100%
era5_-22.00_-49.00,-22.0,-49.0,2009,6,6,0,6,0,70506.0,70506.0,True,1.0,100%
era5_-22.00_-49.00,-22.0,-49.0,2010,6,6,0,6,0,71191.0,71191.0,True,1.0,100%
era5_-22.00_-49.00,-22.0,-49.0,2011,6,6,0,6,0,68303.0,68303.0,True,1.0,100%
era5_-22.00_-49.00,-22.0,-49.0,2012,6,6,0,6,0,72953.0,72953.0,True,1.0,100%
era5_-22.00_-49.00,-22.0,-49.0,2013,6,6,0,6,0,74703.0,74703.0,True,1.0,100%
era5_-22.00_-49.00,-22.0,-49.0,2014,6,6,0,6,0,78151.0,78151.0,True,1.0,100%
era5_-22.00_-49.00,-22.0,-49.0,2015,6,6,0,6,0,79043.0,79043.0,True,1.0,100%
era5_-22.00_-49.00,-22.0,-49.0,2016,6,6,0,6,0,85374.0,85374.0,True,1.0,100%
era5_-22.00_-49.00,-22.0,-49.0,2017,6,6,0,6,0,89958.0,89958.0,True,1.0,100%
era5_-22.00_-49.00,-22.0,-49.0,2018,6,6,0,6,0,85700.0,85700.0,True,1.0,100%
era5_-22.00_-49.00,-22.0,-49.0,2019,6,6,0,6,0,83400.0,83400.0,True,1.0,100%
era5_-22.00_-49.00,-22.0,-49.0,2020,6,6,0,6,0,85699.0,85699.0,True,1.0,100%
era5_-22.00_-49.00,-22.0,-49.0,2021,6,6,0,6,0,85699.0,85699.0,True,1.0,100%
era5_-22.00_-49.00,-22.0,-49.0,2022,6,6,0,6,0,86954.0,86954.0,True,1.0,100%
era5_-22.00_-49.00,-22.0,-49.0,2023,6,6,0,6,0,84900.0,84900.0,True,1.0,100%
era5_-22.00_-49.00,-22.0,-49.0,2024,6,6,0,6,0,89600.0,89600.0,True,1.0,100%
era5_-22.00_-49.00,-22.0,-49.0,2025,6,6,0,6,0,80910.0,80910.0,True,1.0,100%
era5_-22.00_-49.50,-22.0,-49.5,1974,7,7,0,4,3,4330.0,4330.0,True,1.0,100%
era5_-22.00_-49.50,-22.0,-49.5,1975,7,7,0,4,3,2260.0,2260.0,True,1.0,100%
era5_-22.00_-49.50,-22.0,-49.5,1976,7,7,0,2,5,2520.0,2520.0,True,1.0,100%
era5_-22.00_-49.50,-22.0,-49.5,1977,7,7,0,1,6,1500.0,1500.0,True,1.0,100%
era5_-22.00_-49.50,-22.0,-49.5,1978,7,7,0,1,6,1500.0,1500.0,True,1.0,100%
era5_-22.00_-49.50,-22.0,-49.5,1979,7,7,0,2,5,3320.0,3320.0,True,1.0,100%
era5_-22.00_-49.50,-22.0,-49.5,1980,7,7,0,3,4,4310.0,4310.0,True,1.0,100%
era5_-22.00_-49.50,-22.0,-49.5,1981,7,7,0,3,4,4791.0,4791.0,True,1.0,100%
era5_-22.00_-49.50,-22.0,-49.5,1982,7,7,0,4,3,5244.0,5244.0,True,1.0,100%
era5_-22.00_-49.50,-22.0,-49.5,1983,7,7,0,4,3,7790.0,7790.0,True,1.0,100%
era5_-22.00_-49.50,-22.0,-49.5,1984,7,7,0,4,3,8290.0,8290.0,True,1.0,100%
era5_-22.00_-49.50,-22.0,-49.5,1985,7,7,0,6,1,8411.0,8411.0,True,1.0,100%
era5_-22.00_-49.50,-22.0,-49.5,1986,7,7,0,6,1,9157.0,9157.0,True,1.0,100%
era5_-22.00_-49.50,-22.0,-49.5,1987,7,7,0,6,1,7537.0,7537.0,True,1.0,100%
era5_-22.00_-49.50,-22.0,-49.5,1988,7,7,0,5,2,8964.0,8964.0,True,1.0,100%
era5_-22.00_-49.50,-22.0,-49.5,1989,7,7,0,5,2,4320.0,4320.0,True,1.0,100%
era5_-22.00_-49.50,-22.0,-49.5,1990,7,7,0,6,1,5735.0,5735.0,True,1.0,100%
era5_-22.00_-49.50,-22.0,-49.5,1991,7,7,0,6,1,8139.0,8139.0,True,1.0,100%
era5_-22.00_-49.50,-22.0,-49.5,1992,7,7,0,5,2,8139.0,8139.0,True,1.0,100%
era5_-22.00_-49.50,-22.0,-49.5,1993,7,7,0,4,3,6215.0,6215.0,True,1.0,100%
era5_-22.00_-49.50,-22.0,-49.5,1994,7,7,0,4,3,7764.0,7764.0,True,1.0,100%
era5_-22.00_-49.50,-22.0,-49.5,1995,7,7,0,5,2,6111.0,6111.0,True,1.0,100%
era5_-22.00_-49.50,-22.0,-49.5,1996,7,7,0,5,2,7285.0,7285.0,True,1.0,100%
era5_-22.00_-49.50,-22.0,-49.5,1997,7,7,0,4,3,4644.0,4644.0,True,1.0,100%
era5_-22.00_-49.50,-22.0,-49.5,1998,7,7,0,5,2,6797.0,6797.0,True,1.0,100%
era5_-22.00_-49.50,-22.0,-49.5,1999,7,7,0,4,3,8819.0,8819.0,True,1.0,100%
era5_-22.00_-49.50,-22.0,-49.5,2000,7,7,0,4,3,6725.0,6725.0,True,1.0,100%
era5_-22.00_-49.50,-22.0,-49.5,2001,7,7,0,4,3,6725.0,6725.0,True,1.0,100%
era5_-22.00_-49.50,-22.0,-49.5,2002,7,7,0,4,3,6976.0,6976.0,True,1.0,100%
era5_-22.00_-49.50,-22.0,-49.5,2003,7,7,0,4,3,9254.0,9254.0,True,1.0,100%
era5_-22.00_-49.50,-22.0,-49.5,2004,7,7,0,4,3,6940.0,6940.0,True,1.0,100%
era5_-22.00_-49.50,-22.0,-49.5,2005,7,7,0,4,3,8889.0,8889.0,True,1.0,100%
era5_-22.00_-49.50,-22.0,-49.5,2006,7,7,0,6,1,15855.0,15855.0,True,1.0,100%
era5_-22.00_-49.50,-22.0,-49.5,2007,7,7,0,6,1,7927.0,7927.0,True,1.0,100%
era5_-22.00_-49.50,-22.0,-49.5,2008,7,7,0,7,0,16390.0,16390.0,True,1.0,100%
era5_-22.00_-49.50,-22.0,-49.5,2009,7,7,0,7,0,53614.0,53614.0,True,1.0,100%
era5_-22.00_-49.50,-22.0,-49.5,2010,7,7,0,7,0,65033.0,65033.0,True,1.0,100%
era5_-22.00_-49.50,-22.0,-49.5,2011,7,7,0,7,0,66018.0,66018.0,True,1.0,100%
era5_-22.00_-49.50,-22.0,-49.5,2012,7,7,0,5,2,22817.0,22817.0,True,1.0,100%
era5_-22.00_-49.50,-22.0,-49.5,2013,7,7,0,7,0,67366.0,67366.0,True,1.0,100%
era5_-22.00_-49.50,-22.0,-49.5,2014,7,7,0,7,0,61901.0,61901.0,True,1.0,100%
era5_-22.00_-49.50,-22.0,-49.5,2015,7,7,0,7,0,65043.0,65043.0,True,1.0,100%
era5_-22.00_-49.50,-22.0,-49.5,2016,7,7,0,7,0,68174.0,68174.0,True,1.0,100%
era5_-22.00_-49.50,-22.0,-49.5,2017,7,7,0,7,0,65495.0,65495.0,True,1.0,100%
era5_-22.00_-49.50,-22.0,-49.5,2018,7,7,0,7,0,74245.0,74245.0,True,1.0,100%
era5_-22.00_-49.50,-22.0,-49.5,2019,7,7,0,7,0,73770.0,73770.0,True,1.0,100%
era5_-22.00_-49.50,-22.0,-49.5,2020,7,7,0,7,0,73851.0,73851.0,True,1.0,100%
era5_-22.00_-49.50,-22.0,-49.5,2021,7,7,0,7,0,72234.0,72234.0,True,1.0,100%
era5_-22.00_-49.50,-22.0,-49.5,2022,7,7,0,7,0,83349.0,83349.0,True,1.0,100%
era5_-22.00_-49.50,-22.0,-49.5,2023,7,7,0,7,0,70092.0,70092.0,True,1.0,100%
era5_-22.00_-49.50,-22.0,-49.5,2024,7,7,0,7,0,74354.0,74354.0,True,1.0,100%
era5_-22.00_-49.50,-22.0,-49.5,2025,7,7,0,7,0,68259.0,68259.0,True,1.0,100%
era5_-22.00_-50.00,-22.0,-50.0,1974,7,7,0,2,5,3630.0,3630.0,True,1.0,100%
era5_-22.00_-50.00,-22.0,-50.0,1975,7,7,0,2,5,3180.0,3180.0,True,1.0,100%
era5_-22.00_-50.00,-22.0,-50.0,1976,7,7,0,3,4,4440.0,4440.0,True,1.0,100%
era5_-22.00_-50.00,-22.0,-50.0,1977,7,7,0,3,4,6305.0,6305.0,True,1.0,100%
era5_-22.00_-50.00,-22.0,-50.0,1978,7,7,0,4,3,6605.0,6605.0,True,1.0,100%
era5_-22.00_-50.00,-22.0,-50.0,1979,7,7,0,4,3,5986.0,5986.0,True,1.0,100%
era5_-22.00_-50.00,-22.0,-50.0,1980,7,7,0,4,3,6490.0,6490.0,True,1.0,100%
era5_-22.00_-50.00,-22.0,-50.0,1981,7,7,0,4,3,5214.0,5214.0,True,1.0,100%
era5_-22.00_-50.00,-22.0,-50.0,1982,7,7,0,4,3,5573.0,5573.0,True,1.0,100%
era5_-22.00_-50.00,-22.0,-50.0,1983,7,7,0,6,1,7850.0,7850.0,True,1.0,100%
era5_-22.00_-50.00,-22.0,-50.0,1984,7,7,0,6,1,8118.0,8118.0,True,1.0,100%
era5_-22.00_-50.00,-22.0,-50.0,1985,7,7,0,6,1,16129.0,16129.0,True,1.0,100%
era5_-22.00_-50.00,-22.0,-50.0,1986,7,7,0,6,1,10178.0,10178.0,True,1.0,100%
era5_-22.00_-50.00,-22.0,-50.0,1987,7,7,0,6,1,11806.0,11806.0,True,1.0,100%
era5_-22.00_-50.00,-22.0,-50.0,1988,7,7,0,6,1,12305.0,12305.0,True,1.0,100%
era5_-22.00_-50.00,-22.0,-50.0,1989,7,7,0,6,1,9830.0,9830.0,True,1.0,100%
era5_-22.00_-50.00,-22.0,-50.0,1990,7,7,0,6,1,9518.0,9518.0,True,1.0,100%
era5_-22.00_-50.00,-22.0,-50.0,1991,7,7,0,6,1,7500.0,7500.0,True,1.0,100%
era5_-22.00_-50.00,-22.0,-50.0,1992,7,7,0,6,1,10453.0,10453.0,True,1.0,100%
era5_-22.00_-50.00,-22.0,-50.0,1993,7,7,0,6,1,10913.0,10913.0,True,1.0,100%
era5_-22.00_-50.00,-22.0,-50.0,1994,7,7,0,6,1,9002.0,9002.0,True,1.0,100%
era5_-22.00_-50.00,-22.0,-50.0,1995,7,7,0,6,1,5953.0,5953.0,True,1.0,100%
era5_-22.00_-50.00,-22.0,-50.0,1996,7,7,0,6,1,10920.0,10920.0,True,1.0,100%
era5_-22.00_-50.00,-22.0,-50.0,1997,7,7,0,6,1,9053.0,9053.0,True,1.0,100%
era5_-22.00_-50.00,-22.0,-50.0,1998,7,7,0,2,5,2314.0,2314.0,True,1.0,100%
era5_-22.00_-50.00,-22.0,-50.0,1999,7,7,0,2,5,3446.0,3446.0,True,1.0,100%
era5_-22.00_-50.00,-22.0,-50.0,2000,7,7,0,1,6,3676.0,3676.0,True,1.0,100%
era5_-22.00_-50.00,-22.0,-50.0,2001,7,7,0,1,6,3676.0,3676.0,True,1.0,100%
era5_-22.00_-50.00,-22.0,-50.0,2002,7,7,0,1,6,2282.0,2282.0,True,1.0,100%
era5_-22.00_-50.00,-22.0,-50.0,2003,7,7,0,1,6,3156.0,3156.0,True,1.0,100%
era5_-22.00_-50.00,-22.0,-50.0,2004,7,7,0,2,5,1956.0,1956.0,True,1.0,100%
era5_-22.00_-50.00,-22.0,-50.0,2005,7,7,0,3,4,3413.0,3413.0,True,1.0,100%
era5_-22.00_-50.00,-22.0,-50.0,2006,7,7,0,4,3,9285.0,9285.0,True,1.0,100%
era5_-22.00_-50.00,-22.0,-50.0,2007,7,7,0,4,3,6624.0,6624.0,True,1.0,100%
era5_-22.00_-50.00,-22.0,-50.0,2008,7,7,0,7,0,14394.0,14394.0,True,1.0,100%
era5_-22.00_-50.00,-22.0,-50.0,2009,7,7,0,7,0,47536.0,47536.0,True,1.0,100%
era5_-22.00_-50.00,-22.0,-50.0,2010,7,7,0,6,1,50226.0,50226.0,True,1.0,100%
era5_-22.00_-50.00,-22.0,-50.0,2011,7,7,0,7,0,50716.0,50716.0,True,1.0,100%
era5_-22.00_-50.00,-22.0,-50.0,2012,7,7,0,5,2,26648.0,26648.0,True,1.0,100%
era5_-22.00_-50.00,-22.0,-50.0,2013,7,7,0,7,0,52014.0,52014.0,True,1.0,100%
era5_-22.00_-50.00,-22.0,-50.0,2014,7,7,0,7,0,61116.0,61116.0,True,1.0,100%
era5_-22.00_-50.00,-22.0,-50.0,2015,7,7,0,7,0,60269.0,60269.0,True,1.0,100%
era5_-22.00_-50.00,-22.0,-50.0,2016,7,7,0,7,0,54299.0,54299.0,True,1.0,100%
era5_-22.00_-50.00,-22.0,-50.0,2017,7,7,0,7,0,62930.0,62930.0,True,1.0,100%
era5_-22.00_-50.00,-22.0,-50.0,2018,7,7,0,7,0,57169.0,57169.0,True,1.0,100%
era5_-22.00_-50.00,-22.0,-50.0,2019,7,7,0,6,1,49046.0,49046.0,True,1.0,100%
era5_-22.00_-50.00,-22.0,-50.0,2020,7,7,0,6,1,47700.0,47700.0,True,1.0,100%
era5_-22.00_-50.00,-22.0,-50.0,2021,7,7,0,6,1,45207.0,45207.0,True,1.0,100%
era5_-22.00_-50.00,-22.0,-50.0,2022,7,7,0,6,1,45400.0,45400.0,True,1.0,100%
era5_-22.00_-50.00,-22.0,-50.0,2023,7,7,0,6,1,44245.0,44245.0,True,1.0,100%
era5_-22.00_-50.00,-22.0,-50.0,2024,7,7,0,6,1,34655.0,34655.0,True,1.0,100%
era5_-22.00_-50.00,-22.0,-50.0,2025,7,7,0,6,1,34765.0,34765.0,True,1.0,100%
era5_-22.00_-50.50,-22.0,-50.5,1974,7,6,1,2,4,2450.0,2450.0,True,1.0,100%
era5_-22.00_-50.50,-22.0,-50.5,1975,7,6,1,2,4,1850.0,1850.0,True,1.0,100%
era5_-22.00_-50.50,-22.0,-50.5,1976,7,6,1,1,5,2900.0,2900.0,True,1.0,100%
era5_-22.00_-50.50,-22.0,-50.5,1977,7,6,1,1,5,3400.0,3400.0,True,1.0,100%
era5_-22.00_-50.50,-22.0,-50.5,1978,7,6,1,1,5,3809.0,3809.0,True,1.0,100%
era5_-22.00_-50.50,-22.0,-50.5,1979,7,6,1,3,3,5850.0,5850.0,True,1.0,100%
era5_-22.00_-50.50,-22.0,-50.5,1980,7,6,1,2,4,9063.0,9063.0,True,1.0,100%
era5_-22.00_-50.50,-22.0,-50.5,1981,7,6,1,2,4,10075.0,10075.0,True,1.0,100%
era5_-22.00_-50.50,-22.0,-50.5,1982,7,6,1,2,4,8000.0,8000.0,True,1.0,100%
era5_-22.00_-50.50,-22.0,-50.5,1983,7,6,1,3,3,15308.0,15308.0,True,1.0,100%
era5_-22.00_-50.50,-22.0,-50.5,1984,7,6,1,3,3,16440.0,16440.0,True,1.0,100%
era5_-22.00_-50.50,-22.0,-50.5,1985,7,6,1,3,3,21130.0,21130.0,True,1.0,100%
era5_-22.00_-50.50,-22.0,-50.5,1986,7,6,1,4,2,20876.0,20876.0,True,1.0,100%
era5_-22.00_-50.50,-22.0,-50.5,1987,7,6,1,4,2,16318.0,16318.0,True,1.0,100%
era5_-22.00_-50.50,-22.0,-50.5,1988,7,6,1,4,2,17700.0,17700.0,True,1.0,100%
era5_-22.00_-50.50,-22.0,-50.5,1989,7,6,1,4,2,14269.0,14269.0,True,1.0,100%
era5_-22.00_-50.50,-22.0,-50.5,1990,7,6,1,4,2,14747.0,14747.0,True,1.0,100%
era5_-22.00_-50.50,-22.0,-50.5,1991,7,6,1,3,3,17562.0,17562.0,True,1.0,100%
era5_-22.00_-50.50,-22.0,-50.5,1992,7,6,1,3,3,18150.0,18150.0,True,1.0,100%
era5_-22.00_-50.50,-22.0,-50.5,1993,7,6,1,4,2,22350.0,22350.0,True,1.0,100%
era5_-22.00_-50.50,-22.0,-50.5,1994,7,6,1,4,2,24575.0,24575.0,True,1.0,100%
era5_-22.00_-50.50,-22.0,-50.5,1995,7,6,1,4,2,19890.0,19890.0,True,1.0,100%
era5_-22.00_-50.50,-22.0,-50.5,1996,7,6,1,4,2,19975.0,19975.0,True,1.0,100%
era5_-22.00_-50.50,-22.0,-50.5,1997,7,7,0,4,3,20425.0,20425.0,True,1.0,100%
era5_-22.00_-50.50,-22.0,-50.5,1998,7,7,0,4,3,19539.0,19539.0,True,1.0,100%
era5_-22.00_-50.50,-22.0,-50.5,1999,7,7,0,3,4,22484.0,22484.0,True,1.0,100%
era5_-22.00_-50.50,-22.0,-50.5,2000,7,7,0,3,4,15556.0,15556.0,True,1.0,100%
era5_-22.00_-50.50,-22.0,-50.5,2001,7,7,0,3,4,16556.0,16556.0,True,1.0,100%
era5_-22.00_-50.50,-22.0,-50.5,2002,7,7,0,4,3,17991.0,17991.0,True,1.0,100%
era5_-22.00_-50.50,-22.0,-50.5,2003,7,7,0,4,3,18368.0,18368.0,True,1.0,100%
era5_-22.00_-50.50,-22.0,-50.5,2004,7,7,0,7,0,20400.0,20400.0,True,1.0,100%
era5_-22.00_-50.50,-22.0,-50.5,2005,7,7,0,7,0,24004.0,24004.0,True,1.0,100%
era5_-22.00_-50.50,-22.0,-50.5,2006,7,7,0,7,0,28646.0,28646.0,True,1.0,100%
era5_-22.00_-50.50,-22.0,-50.5,2007,7,7,0,7,0,32429.0,32429.0,True,1.0,100%
era5_-22.00_-50.50,-22.0,-50.5,2008,7,7,0,7,0,47496.0,47496.0,True,1.0,100%
era5_-22.00_-50.50,-22.0,-50.5,2009,7,7,0,7,0,49534.0,49534.0,True,1.0,100%
era5_-22.00_-50.50,-22.0,-50.5,2010,7,7,0,7,0,42248.0,42248.0,True,1.0,100%
era5_-22.00_-50.50,-22.0,-50.5,2011,7,7,0,7,0,58875.0,58875.0,True,1.0,100%
era5_-22.00_-50.50,-22.0,-50.5,2012,7,7,0,7,0,61201.0,61201.0,True,1.0,100%
era5_-22.00_-50.50,-22.0,-50.5,2013,7,7,0,7,0,63625.0,63625.0,True,1.0,100%
era5_-22.00_-50.50,-22.0,-50.5,2014,7,7,0,7,0,73796.0,73796.0,True,1.0,100%
era5_-22.00_-50.50,-22.0,-50.5,2015,7,7,0,7,0,72074.0,72074.0,True,1.0,100%
era5_-22.00_-50.50,-22.0,-50.5,2016,7,7,0,7,0,71038.0,71038.0,True,1.0,100%
era5_-22.00_-50.50,-22.0,-50.5,2017,7,7,0,7,0,72608.0,72608.0,True,1.0,100%
era5_-22.00_-50.50,-22.0,-50.5,2018,7,7,0,7,0,70777.0,70777.0,True,1.0,100%
era5_-22.00_-50.50,-22.0,-50.5,2019,7,7,0,7,0,56337.0,56337.0,True,1.0,100%
era5_-22.00_-50.50,-22.0,-50.5,2020,7,7,0,7,0,65880.0,65880.0,True,1.0,100%
era5_-22.00_-50.50,-22.0,-50.5,2021,7,7,0,7,0,61320.0,61320.0,True,1.0,100%
era5_-22.00_-50.50,-22.0,-50.5,2022,7,7,0,7,0,65520.0,65520.0,True,1.0,100%
era5_-22.00_-50.50,-22.0,-50.5,2023,7,7,0,7,0,57574.0,57574.0,True,1.0,100%
era5_-22.00_-50.50,-22.0,-50.5,2024,7,7,0,7,0,57390.0,57390.0,True,1.0,100%
era5_-22.00_-50.50,-22.0,-50.5,2025,7,7,0,7,0,49677.0,49677.0,True,1.0,100%
era5_-22.00_-51.00,-22.0,-51.0,1974,12,11,1,2,9,265.0,265.0,True,1.0,100%
era5_-22.00_-51.00,-22.0,-51.0,1975,12,11,1,2,9,385.0,385.0,True,1.0,100%
era5_-22.00_-51.00,-22.0,-51.0,1976,12,11,1,2,9,576.0,576.0,True,1.0,100%
era5_-22.00_-51.00,-22.0,-51.0,1977,12,11,1,2,9,390.0,390.0,True,1.0,100%
era5_-22.00_-51.00,-22.0,-51.0,1978,12,11,1,2,9,291.0,291.0,True,1.0,100%
era5_-22.00_-51.00,-22.0,-51.0,1979,12,11,1,2,9,315.0,315.0,True,1.0,100%
era5_-22.00_-51.00,-22.0,-51.0,1980,12,11,1,5,6,546.0,546.0,True,1.0,100%
era5_-22.00_-51.00,-22.0,-51.0,1981,12,11,1,6,5,668.0,668.0,True,1.0,100%
era5_-22.00_-51.00,-22.0,-51.0,1982,12,11,1,11,0,9612.0,9612.0,True,1.0,100%
era5_-22.00_-51.00,-22.0,-51.0,1983,12,11,1,11,0,14603.0,14603.0,True,1.0,100%
era5_-22.00_-51.00,-22.0,-51.0,1984,12,11,1,11,0,17741.0,17741.0,True,1.0,100%
era5_-22.00_-51.00,-22.0,-51.0,1985,12,11,1,11,0,23279.0,23279.0,True,1.0,100%
era5_-22.00_-51.00,-22.0,-51.0,1986,12,11,1,11,0,24902.0,24902.0,True,1.0,100%
era5_-22.00_-51.00,-22.0,-51.0,1987,12,11,1,11,0,26346.0,26346.0,True,1.0,100%
era5_-22.00_-51.00,-22.0,-51.0,1988,12,11,1,11,0,23253.0,23253.0,True,1.0,100%
era5_-22.00_-51.00,-22.0,-51.0,1989,12,11,1,10,1,26177.0,26177.0,True,1.0,100%
era5_-22.00_-51.00,-22.0,-51.0,1990,12,11,1,10,1,26598.0,26598.0,True,1.0,100%
era5_-22.00_-51.00,-22.0,-51.0,1991,12,11,1,10,1,26746.0,26746.0,True,1.0,100%
era5_-22.00_-51.00,-22.0,-51.0,1992,12,11,1,10,1,28429.0,28429.0,True,1.0,100%
era5_-22.00_-51.00,-22.0,-51.0,1993,12,11,1,11,0,28038.0,28038.0,True,1.0,100%
era5_-22.00_-51.00,-22.0,-51.0,1994,12,11,1,10,1,33139.0,33139.0,True,1.0,100%
era5_-22.00_-51.00,-22.0,-51.0,1995,12,11,1,10,1,34274.0,34274.0,True,1.0,100%
era5_-22.00_-51.00,-22.0,-51.0,1996,12,11,1,10,1,34015.0,34015.0,True,1.0,100%
era5_-22.00_-51.00,-22.0,-51.0,1997,12,12,0,12,0,36650.0,36650.0,True,1.0,100%
era5_-22.00_-51.00,-22.0,-51.0,1998,12,12,0,11,1,35755.0,35755.0,True,1.0,100%
era5_-22.00_-51.00,-22.0,-51.0,1999,12,12,0,11,1,36470.0,36470.0,True,1.0,100%
era5_-22.00_-51.00,-22.0,-51.0,2000,12,12,0,11,1,36082.0,36082.0,True,1.0,100%
era5_-22.00_-51.00,-22.0,-51.0,2001,12,12,0,10,2,32252.0,32252.0,True,1.0,100%
era5_-22.00_-51.00,-22.0,-51.0,2002,12,12,0,11,1,43104.0,43104.0,True,1.0,100%
era5_-22.00_-51.00,-22.0,-51.0,2003,12,12,0,11,1,44876.0,44876.0,True,1.0,100%
era5_-22.00_-51.00,-22.0,-51.0,2004,12,12,0,11,1,50626.0,50626.0,True,1.0,100%
era5_-22.00_-51.00,-22.0,-51.0,2005,12,12,0,12,0,52552.0,52552.0,True,1.0,100%
era5_-22.00_-51.00,-22.0,-51.0,2006,12,12,0,12,0,69971.0,69971.0,True,1.0,100%
era5_-22.00_-51.00,-22.0,-51.0,2007,12,12,0,12,0,69889.0,69889.0,True,1.0,100%
era5_-22.00_-51.00,-22.0,-51.0,2008,12,12,0,12,0,79791.0,79791.0,True,1.0,100%
era5_-22.00_-51.00,-22.0,-51.0,2009,12,12,0,12,0,89153.0,89153.0,True,1.0,100%
era5_-22.00_-51.00,-22.0,-51.0,2010,12,12,0,12,0,96842.0,96842.0,True,1.0,100%
era5_-22.00_-51.00,-22.0,-51.0,2011,12,12,0,12,0,110002.0,110002.0,True,1.0,100%
era5_-22.00_-51.00,-22.0,-51.0,2012,12,12,0,12,0,119707.0,119707.0,True,1.0,100%
era5_-22.00_-51.00,-22.0,-51.0,2013,12,12,0,12,0,128507.0,128507.0,True,1.0,100%
era5_-22.00_-51.00,-22.0,-51.0,2014,12,12,0,12,0,132884.0,132884.0,True,1.0,100%
era5_-22.00_-51.00,-22.0,-51.0,2015,12,12,0,12,0,160472.0,160472.0,True,1.0,100%
era5_-22.00_-51.00,-22.0,-51.0,2016,12,12,0,12,0,161270.0,161270.0,True,1.0,100%
era5_-22.00_-51.00,-22.0,-51.0,2017,12,12,0,12,0,134405.0,134405.0,True,1.0,100%
era5_-22.00_-51.00,-22.0,-51.0,2018,12,12,0,12,0,104036.0,104036.0,True,1.0,100%
era5_-22.00_-51.00,-22.0,-51.0,2019,12,12,0,12,0,104438.0,104438.0,True,1.0,100%
era5_-22.00_-51.00,-22.0,-51.0,2020,12,12,0,12,0,132069.0,132069.0,True,1.0,100%
era5_-22.00_-51.00,-22.0,-51.0,2021,12,12,0,12,0,167522.0,167522.0,True,1.0,100%
era5_-22.00_-51.00,-22.0,-51.0,2022,12,12,0,12,0,160287.0,160287.0,True,1.0,100%
era5_-22.00_-51.00,-22.0,-51.0,2023,12,12,0,12,0,162459.0,162459.0,True,1.0,100%
era5_-22.00_-51.00,-22.0,-51.0,2024,12,12,0,12,0,163609.0,163609.0,True,1.0,100%
era5_-22.00_-51.00,-22.0,-51.0,2025,12,12,0,12,0,167233.0,167233.0,True,1.0,100%
era5_-22.00_-51.50,-22.0,-51.5,1974,10,8,2,3,5,640.0,640.0,True,1.0,100%
era5_-22.00_-51.50,-22.0,-51.5,1975,10,8,2,3,5,670.0,670.0,True,1.0,100%
era5_-22.00_-51.50,-22.0,-51.5,1976,10,8,2,1,7,103.0,103.0,True,1.0,100%
era5_-22.00_-51.50,-22.0,-51.5,1977,10,8,2,1,7,180.0,180.0,True,1.0,100%
era5_-22.00_-51.50,-22.0,-51.5,1978,10,8,2,1,7,180.0,180.0,True,1.0,100%
era5_-22.00_-51.50,-22.0,-51.5,1979,10,8,2,1,7,150.0,150.0,True,1.0,100%
era5_-22.00_-51.50,-22.0,-51.5,1980,10,8,2,2,6,470.0,470.0,True,1.0,100%
era5_-22.00_-51.50,-22.0,-51.5,1981,10,8,2,4,4,1664.0,1664.0,True,1.0,100%
era5_-22.00_-51.50,-22.0,-51.5,1982,10,8,2,7,1,5996.0,5996.0,True,1.0,100%
era5_-22.00_-51.50,-22.0,-51.5,1983,10,8,2,8,0,6764.0,6764.0,True,1.0,100%
era5_-22.00_-51.50,-22.0,-51.5,1984,10,8,2,8,0,6481.0,6481.0,True,1.0,100%
era5_-22.00_-51.50,-22.0,-51.5,1985,10,8,2,7,1,6664.0,6664.0,True,1.0,100%
era5_-22.00_-51.50,-22.0,-51.5,1986,10,8,2,7,1,6889.0,6889.0,True,1.0,100%
era5_-22.00_-51.50,-22.0,-51.5,1987,10,8,2,5,3,4207.0,4207.0,True,1.0,100%
era5_-22.00_-51.50,-22.0,-51.5,1988,10,8,2,5,3,4123.0,4123.0,True,1.0,100%
era5_-22.00_-51.50,-22.0,-51.5,1989,10,8,2,5,3,4503.0,4503.0,True,1.0,100%
era5_-22.00_-51.50,-22.0,-51.5,1990,10,8,2,6,2,4769.0,4769.0,True,1.0,100%
era5_-22.00_-51.50,-22.0,-51.5,1991,10,8,2,5,3,4469.0,4469.0,True,1.0,100%
era5_-22.00_-51.50,-22.0,-51.5,1992,10,8,2,4,4,4766.0,4766.0,True,1.0,100%
era5_-22.00_-51.50,-22.0,-51.5,1993,10,9,1,5,4,4786.0,4786.0,True,1.0,100%
era5_-22.00_-51.50,-22.0,-51.5,1994,10,9,1,5,4,4448.0,4448.0,True,1.0,100%
era5_-22.00_-51.50,-22.0,-51.5,1995,10,9,1,3,6,3572.0,3572.0,True,1.0,100%
era5_-22.00_-51.50,-22.0,-51.5,1996,10,9,1,3,6,4362.0,4362.0,True,1.0,100%
era5_-22.00_-51.50,-22.0,-51.5,1997,10,10,0,4,6,7868.0,7868.0,True,1.0,100%
era5_-22.00_-51.50,-22.0,-51.5,1998,10,10,0,4,6,10825.0,10825.0,True,1.0,100%
era5_-22.00_-51.50,-22.0,-51.5,1999,10,10,0,5,5,11420.0,11420.0,True,1.0,100%
era5_-22.00_-51.50,-22.0,-51.5,2000,10,10,0,6,4,10860.0,10860.0,True,1.0,100%
era5_-22.00_-51.50,-22.0,-51.5,2001,10,10,0,5,5,11700.0,11700.0,True,1.0,100%
era5_-22.00_-51.50,-22.0,-51.5,2002,10,10,0,5,5,13550.0,13550.0,True,1.0,100%
era5_-22.00_-51.50,-22.0,-51.5,2003,10,10,0,6,4,11083.0,11083.0,True,1.0,100%
era5_-22.00_-51.50,-22.0,-51.5,2004,10,10,0,6,4,15418.0,15418.0,True,1.0,100%
era5_-22.00_-51.50,-22.0,-51.5,2005,10,10,0,8,2,23046.0,23046.0,True,1.0,100%
era5_-22.00_-51.50,-22.0,-51.5,2006,10,10,0,8,2,28565.0,28565.0,True,1.0,100%
era5_-22.00_-51.50,-22.0,-51.5,2007,10,10,0,7,3,24955.0,24955.0,True,1.0,100%
era5_-22.00_-51.50,-22.0,-51.5,2008,10,10,0,9,1,31537.0,31537.0,True,1.0,100%
era5_-22.00_-51.50,-22.0,-51.5,2009,10,10,0,9,1,38016.0,38016.0,True,1.0,100%
era5_-22.00_-51.50,-22.0,-51.5,2010,10,10,0,9,1,30716.0,30716.0,True,1.0,100%
era5_-22.00_-51.50,-22.0,-51.5,2011,10,10,0,9,1,28699.0,28699.0,True,1.0,100%
era5_-22.00_-51.50,-22.0,-51.5,2012,10,10,0,9,1,27124.0,27124.0,True,1.0,100%
era5_-22.00_-51.50,-22.0,-51.5,2013,10,10,0,9,1,26124.0,26124.0,True,1.0,100%
era5_-22.00_-51.50,-22.0,-51.5,2014,10,10,0,10,0,26258.0,26258.0,True,1.0,100%
era5_-22.00_-51.50,-22.0,-51.5,2015,10,10,0,10,0,31407.0,31407.0,True,1.0,100%
era5_-22.00_-51.50,-22.0,-51.5,2016,10,10,0,10,0,27020.0,27020.0,True,1.0,100%
era5_-22.00_-51.50,-22.0,-51.5,2017,10,10,0,10,0,25953.0,25953.0,True,1.0,100%
era5_-22.00_-51.50,-22.0,-51.5,2018,10,10,0,10,0,24340.0,24340.0,True,1.0,100%
era5_-22.00_-51.50,-22.0,-51.5,2019,10,10,0,10,0,23893.0,23893.0,True,1.0,100%
era5_-22.00_-51.50,-22.0,-51.5,2020,10,10,0,10,0,22355.0,22355.0,True,1.0,100%
era5_-22.00_-51.50,-22.0,-51.5,2021,10,10,0,10,0,20769.0,20769.0,True,1.0,100%
era5_-22.00_-51.50,-22.0,-51.5,2022,10,10,0,10,0,23014.0,23014.0,True,1.0,100%
era5_-22.00_-51.50,-22.0,-51.5,2023,10,10,0,10,0,23688.0,23688.0,True,1.0,100%
era5_-22.00_-51.50,-22.0,-51.5,2024,10,10,0,9,1,29318.0,29318.0,True,1.0,100%
era5_-22.00_-51.50,-22.0,-51.5,2025,10,10,0,9,1,30345.0,30345.0,True,1.0,100%
era5_-22.00_-52.00,-22.0,-52.0,1974,5,5,0,0,5,0.0,0.0,False,,invalid_nonpositive_denominator
era5_-22.00_-52.00,-22.0,-52.0,1975,5,5,0,0,5,0.0,0.0,False,,invalid_nonpositive_denominator
era5_-22.00_-52.00,-22.0,-52.0,1976,5,5,0,0,5,0.0,0.0,False,,invalid_nonpositive_denominator
era5_-22.00_-52.00,-22.0,-52.0,1977,5,5,0,0,5,0.0,0.0,False,,invalid_nonpositive_denominator
era5_-22.00_-52.00,-22.0,-52.0,1978,5,5,0,0,5,0.0,0.0,False,,invalid_nonpositive_denominator
era5_-22.00_-52.00,-22.0,-52.0,1979,5,5,0,0,5,0.0,0.0,False,,invalid_nonpositive_denominator
era5_-22.00_-52.00,-22.0,-52.0,1980,5,5,0,0,5,0.0,0.0,False,,invalid_nonpositive_denominator
era5_-22.00_-52.00,-22.0,-52.0,1981,5,5,0,2,3,521.0,521.0,True,1.0,100%
era5_-22.00_-52.00,-22.0,-52.0,1982,5,5,0,3,2,2438.0,2438.0,True,1.0,100%
era5_-22.00_-52.00,-22.0,-52.0,1983,5,5,0,5,0,5107.0,5107.0,True,1.0,100%
era5_-22.00_-52.00,-22.0,-52.0,1984,5,5,0,5,0,7412.0,7412.0,True,1.0,100%
era5_-22.00_-52.00,-22.0,-52.0,1985,5,5,0,5,0,8118.0,8118.0,True,1.0,100%
era5_-22.00_-52.00,-22.0,-52.0,1986,5,5,0,5,0,6971.0,6971.0,True,1.0,100%
era5_-22.00_-52.00,-22.0,-52.0,1987,5,5,0,5,0,7556.0,7556.0,True,1.0,100%
era5_-22.00_-52.00,-22.0,-52.0,1988,5,5,0,5,0,8364.0,8364.0,True,1.0,100%
era5_-22.00_-52.00,-22.0,-52.0,1989,5,5,0,5,0,9482.0,9482.0,True,1.0,100%
era5_-22.00_-52.00,-22.0,-52.0,1990,5,5,0,5,0,12280.0,12280.0,True,1.0,100%
era5_-22.00_-52.00,-22.0,-52.0,1991,5,5,0,5,0,7752.0,7752.0,True,1.0,100%
era5_-22.00_-52.00,-22.0,-52.0,1992,5,5,0,5,0,7861.0,7861.0,True,1.0,100%
era5_-22.00_-52.00,-22.0,-52.0,1993,5,5,0,4,1,6107.0,6107.0,True,1.0,100%
era5_-22.00_-52.00,-22.0,-52.0,1994,5,5,0,4,1,7268.0,7268.0,True,1.0,100%
era5_-22.00_-52.00,-22.0,-52.0,1995,5,5,0,4,1,7765.0,7765.0,True,1.0,100%
era5_-22.00_-52.00,-22.0,-52.0,1996,5,5,0,4,1,8145.0,8145.0,True,1.0,100%
era5_-22.00_-52.00,-22.0,-52.0,1997,5,5,0,4,1,6430.0,6430.0,True,1.0,100%
era5_-22.00_-52.00,-22.0,-52.0,1998,5,5,0,4,1,6220.0,6220.0,True,1.0,100%
era5_-22.00_-52.00,-22.0,-52.0,1999,5,5,0,4,1,4833.0,4833.0,True,1.0,100%
era5_-22.00_-52.00,-22.0,-52.0,2000,5,5,0,2,3,5145.0,5145.0,True,1.0,100%
era5_-22.00_-52.00,-22.0,-52.0,2001,5,5,0,1,4,1800.0,1800.0,True,1.0,100%
era5_-22.00_-52.00,-22.0,-52.0,2002,5,5,0,3,2,5425.0,5425.0,True,1.0,100%
era5_-22.00_-52.00,-22.0,-52.0,2003,5,5,0,3,2,4997.0,4997.0,True,1.0,100%
era5_-22.00_-52.00,-22.0,-52.0,2004,5,5,0,3,2,4997.0,4997.0,True,1.0,100%
era5_-22.00_-52.00,-22.0,-52.0,2005,5,5,0,4,1,7770.0,7770.0,True,1.0,100%
era5_-22.00_-52.00,-22.0,-52.0,2006,5,5,0,5,0,18027.0,18027.0,True,1.0,100%
era5_-22.00_-52.00,-22.0,-52.0,2007,5,5,0,5,0,18113.0,18113.0,True,1.0,100%
era5_-22.00_-52.00,-22.0,-52.0,2008,5,5,0,5,0,26300.0,26300.0,True,1.0,100%
era5_-22.00_-52.00,-22.0,-52.0,2009,5,5,0,4,1,24450.0,24450.0,True,1.0,100%
era5_-22.00_-52.00,-22.0,-52.0,2010,5,5,0,5,0,41275.0,41275.0,True,1.0,100%
era5_-22.00_-52.00,-22.0,-52.0,2011,5,5,0,5,0,44966.0,44966.0,True,1.0,100%
era5_-22.00_-52.00,-22.0,-52.0,2012,5,5,0,5,0,52230.0,52230.0,True,1.0,100%
era5_-22.00_-52.00,-22.0,-52.0,2013,5,5,0,5,0,56979.0,56979.0,True,1.0,100%
era5_-22.00_-52.00,-22.0,-52.0,2014,5,5,0,5,0,89786.0,89786.0,True,1.0,100%
era5_-22.00_-52.00,-22.0,-52.0,2015,5,5,0,5,0,67123.0,67123.0,True,1.0,100%
era5_-22.00_-52.00,-22.0,-52.0,2016,5,5,0,5,0,70480.0,70480.0,True,1.0,100%
era5_-22.00_-52.00,-22.0,-52.0,2017,5,5,0,5,0,67088.0,67088.0,True,1.0,100%
era5_-22.00_-52.00,-22.0,-52.0,2018,5,5,0,5,0,62078.0,62078.0,True,1.0,100%
era5_-22.00_-52.00,-22.0,-52.0,2019,5,5,0,5,0,62272.0,62272.0,True,1.0,100%
era5_-22.00_-52.00,-22.0,-52.0,2020,5,5,0,5,0,57587.0,57587.0,True,1.0,100%
era5_-22.00_-52.00,-22.0,-52.0,2021,5,5,0,5,0,57587.0,57587.0,True,1.0,100%
era5_-22.00_-52.00,-22.0,-52.0,2022,5,5,0,5,0,60842.0,60842.0,True,1.0,100%
era5_-22.00_-52.00,-22.0,-52.0,2023,5,5,0,5,0,53431.0,53431.0,True,1.0,100%
era5_-22.00_-52.00,-22.0,-52.0,2024,5,5,0,5,0,49500.0,49500.0,True,1.0,100%
era5_-22.00_-52.00,-22.0,-52.0,2025,5,5,0,5,0,50700.0,50700.0,True,1.0,100%
era5_-22.50_-45.00,-22.5,-45.0,1974,8,7,1,7,0,221.0,221.0,True,1.0,100%
era5_-22.50_-45.00,-22.5,-45.0,1975,8,7,1,7,0,327.0,327.0,True,1.0,100%
era5_-22.50_-45.00,-22.5,-45.0,1976,8,7,1,7,0,189.0,189.0,True,1.0,100%
era5_-22.50_-45.00,-22.5,-45.0,1977,8,7,1,7,0,371.0,371.0,True,1.0,100%
era5_-22.50_-45.00,-22.5,-45.0,1978,8,7,1,7,0,373.0,373.0,True,1.0,100%
era5_-22.50_-45.00,-22.5,-45.0,1979,8,7,1,7,0,405.0,405.0,True,1.0,100%
era5_-22.50_-45.00,-22.5,-45.0,1980,8,7,1,7,0,427.0,427.0,True,1.0,100%
era5_-22.50_-45.00,-22.5,-45.0,1981,8,7,1,3,4,228.0,228.0,True,1.0,100%
era5_-22.50_-45.00,-22.5,-45.0,1982,8,7,1,3,4,100.0,100.0,True,1.0,100%
era5_-22.50_-45.00,-22.5,-45.0,1983,8,7,1,3,4,250.0,250.0,True,1.0,100%
era5_-22.50_-45.00,-22.5,-45.0,1984,8,7,1,3,4,98.0,98.0,True,1.0,100%
era5_-22.50_-45.00,-22.5,-45.0,1985,8,7,1,3,4,108.0,108.0,True,1.0,100%
era5_-22.50_-45.00,-22.5,-45.0,1986,8,7,1,3,4,228.0,228.0,True,1.0,100%
era5_-22.50_-45.00,-22.5,-45.0,1987,8,7,1,3,4,248.0,248.0,True,1.0,100%
era5_-22.50_-45.00,-22.5,-45.0,1988,8,7,1,2,5,205.0,205.0,True,1.0,100%
era5_-22.50_-45.00,-22.5,-45.0,1989,8,7,1,1,6,200.0,200.0,True,1.0,100%
era5_-22.50_-45.00,-22.5,-45.0,1990,8,7,1,1,6,250.0,250.0,True,1.0,100%
era5_-22.50_-45.00,-22.5,-45.0,1991,8,7,1,1,6,50.0,50.0,True,1.0,100%
era5_-22.50_-45.00,-22.5,-45.0,1992,8,7,1,0,7,0.0,0.0,False,,invalid_nonpositive_denominator
era5_-22.50_-45.00,-22.5,-45.0,1993,8,8,0,2,6,55.0,55.0,True,1.0,100%
era5_-22.50_-45.00,-22.5,-45.0,1994,8,8,0,3,5,57.0,57.0,True,1.0,100%
era5_-22.50_-45.00,-22.5,-45.0,1995,8,8,0,4,4,62.0,62.0,True,1.0,100%
era5_-22.50_-45.00,-22.5,-45.0,1996,8,8,0,0,8,0.0,0.0,False,,invalid_nonpositive_denominator
era5_-22.50_-45.00,-22.5,-45.0,1997,8,8,0,4,4,131.0,131.0,True,1.0,100%
era5_-22.50_-45.00,-22.5,-45.0,1998,8,8,0,3,5,200.0,200.0,True,1.0,100%
era5_-22.50_-45.00,-22.5,-45.0,1999,8,8,0,4,4,206.0,206.0,True,1.0,100%
era5_-22.50_-45.00,-22.5,-45.0,2000,8,8,0,4,4,200.0,200.0,True,1.0,100%
era5_-22.50_-45.00,-22.5,-45.0,2001,8,8,0,3,5,160.0,160.0,True,1.0,100%
era5_-22.50_-45.00,-22.5,-45.0,2002,8,8,0,7,1,260.0,260.0,True,1.0,100%
era5_-22.50_-45.00,-22.5,-45.0,2003,8,8,0,7,1,245.0,245.0,True,1.0,100%
era5_-22.50_-45.00,-22.5,-45.0,2004,8,8,0,7,1,245.0,245.0,True,1.0,100%
era5_-22.50_-45.00,-22.5,-45.0,2005,8,8,0,7,1,318.0,318.0,True,1.0,100%
era5_-22.50_-45.00,-22.5,-45.0,2006,8,8,0,7,1,233.0,233.0,True,1.0,100%
era5_-22.50_-45.00,-22.5,-45.0,2007,8,8,0,3,5,120.0,120.0,True,1.0,100%
era5_-22.50_-45.00,-22.5,-45.0,2008,8,8,0,7,1,274.0,274.0,True,1.0,100%
era5_-22.50_-45.00,-22.5,-45.0,2009,8,8,0,7,1,212.0,212.0,True,1.0,100%
era5_-22.50_-45.00,-22.5,-45.0,2010,8,8,0,7,1,191.0,191.0,True,1.0,100%
era5_-22.50_-45.00,-22.5,-45.0,2011,8,8,0,7,1,210.0,210.0,True,1.0,100%
era5_-22.50_-45.00,-22.5,-45.0,2012,8,8,0,8,0,375.0,375.0,True,1.0,100%
era5_-22.50_-45.00,-22.5,-45.0,2013,8,8,0,8,0,455.0,455.0,True,1.0,100%
era5_-22.50_-45.00,-22.5,-45.0,2014,8,8,0,8,0,455.0,455.0,True,1.0,100%
era5_-22.50_-45.00,-22.5,-45.0,2015,8,8,0,8,0,455.0,455.0,True,1.0,100%
era5_-22.50_-45.00,-22.5,-45.0,2016,8,8,0,6,2,366.0,366.0,True,1.0,100%
era5_-22.50_-45.00,-22.5,-45.0,2017,8,8,0,8,0,455.0,455.0,True,1.0,100%
era5_-22.50_-45.00,-22.5,-45.0,2018,8,8,0,8,0,440.0,440.0,True,1.0,100%
era5_-22.50_-45.00,-22.5,-45.0,2019,8,8,0,8,0,306.0,306.0,True,1.0,100%
era5_-22.50_-45.00,-22.5,-45.0,2020,8,8,0,8,0,350.0,350.0,True,1.0,100%
era5_-22.50_-45.00,-22.5,-45.0,2021,8,8,0,8,0,341.0,341.0,True,1.0,100%
era5_-22.50_-45.00,-22.5,-45.0,2022,8,8,0,8,0,350.0,350.0,True,1.0,100%
era5_-22.50_-45.00,-22.5,-45.0,2023,8,8,0,8,0,304.0,304.0,True,1.0,100%
era5_-22.50_-45.00,-22.5,-45.0,2024,8,8,0,8,0,333.0,333.0,True,1.0,100%
era5_-22.50_-45.00,-22.5,-45.0,2025,8,8,0,4,4,117.0,117.0,True,1.0,100%
era5_-22.50_-46.50,-22.5,-46.5,1974,5,5,0,4,1,159.0,159.0,True,1.0,100%
era5_-22.50_-46.50,-22.5,-46.5,1975,5,5,0,4,1,159.0,159.0,True,1.0,100%
era5_-22.50_-46.50,-22.5,-46.5,1976,5,5,0,4,1,577.0,577.0,True,1.0,100%
era5_-22.50_-46.50,-22.5,-46.5,1977,5,5,0,4,1,602.0,602.0,True,1.0,100%
era5_-22.50_-46.50,-22.5,-46.5,1978,5,5,0,4,1,602.0,602.0,True,1.0,100%
era5_-22.50_-46.50,-22.5,-46.5,1979,5,5,0,4,1,562.0,562.0,True,1.0,100%
era5_-22.50_-46.50,-22.5,-46.5,1980,5,5,0,4,1,534.0,534.0,True,1.0,100%
era5_-22.50_-46.50,-22.5,-46.5,1981,5,5,0,4,1,593.0,593.0,True,1.0,100%
era5_-22.50_-46.50,-22.5,-46.5,1982,5,5,0,4,1,292.0,292.0,True,1.0,100%
era5_-22.50_-46.50,-22.5,-46.5,1983,5,5,0,5,0,227.0,227.0,True,1.0,100%
era5_-22.50_-46.50,-22.5,-46.5,1984,5,5,0,5,0,280.0,280.0,True,1.0,100%
era5_-22.50_-46.50,-22.5,-46.5,1985,5,5,0,5,0,342.0,342.0,True,1.0,100%
era5_-22.50_-46.50,-22.5,-46.5,1986,5,5,0,3,2,296.0,296.0,True,1.0,100%
era5_-22.50_-46.50,-22.5,-46.5,1987,5,5,0,3,2,249.0,249.0,True,1.0,100%
era5_-22.50_-46.50,-22.5,-46.5,1988,5,5,0,4,1,203.0,203.0,True,1.0,100%
era5_-22.50_-46.50,-22.5,-46.5,1989,5,5,0,4,1,154.0,154.0,True,1.0,100%
era5_-22.50_-46.50,-22.5,-46.5,1990,5,5,0,4,1,314.0,314.0,True,1.0,100%
era5_-22.50_-46.50,-22.5,-46.5,1991,5,5,0,4,1,164.0,164.0,True,1.0,100%
era5_-22.50_-46.50,-22.5,-46.5,1992,5,5,0,5,0,174.0,174.0,True,1.0,100%
era5_-22.50_-46.50,-22.5,-46.5,1993,5,5,0,5,0,179.0,179.0,True,1.0,100%
era5_-22.50_-46.50,-22.5,-46.5,1994,5,5,0,5,0,136.0,136.0,True,1.0,100%
era5_-22.50_-46.50,-22.5,-46.5,1995,5,5,0,4,1,240.0,240.0,True,1.0,100%
era5_-22.50_-46.50,-22.5,-46.5,1996,5,5,0,4,1,310.0,310.0,True,1.0,100%
era5_-22.50_-46.50,-22.5,-46.5,1997,5,5,0,4,1,308.0,308.0,True,1.0,100%
era5_-22.50_-46.50,-22.5,-46.5,1998,5,5,0,4,1,885.0,885.0,True,1.0,100%
era5_-22.50_-46.50,-22.5,-46.5,1999,5,5,0,3,2,800.0,800.0,True,1.0,100%
era5_-22.50_-46.50,-22.5,-46.5,2000,5,5,0,4,1,840.0,840.0,True,1.0,100%
era5_-22.50_-46.50,-22.5,-46.5,2001,5,5,0,4,1,880.0,880.0,True,1.0,100%
era5_-22.50_-46.50,-22.5,-46.5,2002,5,5,0,3,2,800.0,800.0,True,1.0,100%
era5_-22.50_-46.50,-22.5,-46.5,2003,5,5,0,3,2,730.0,730.0,True,1.0,100%
era5_-22.50_-46.50,-22.5,-46.5,2004,5,5,0,3,2,740.0,740.0,True,1.0,100%
era5_-22.50_-46.50,-22.5,-46.5,2005,5,5,0,3,2,881.0,881.0,True,1.0,100%
era5_-22.50_-46.50,-22.5,-46.5,2006,5,5,0,4,1,720.0,720.0,True,1.0,100%
era5_-22.50_-46.50,-22.5,-46.5,2007,5,5,0,4,1,697.0,697.0,True,1.0,100%
era5_-22.50_-46.50,-22.5,-46.5,2008,5,5,0,4,1,790.0,790.0,True,1.0,100%
era5_-22.50_-46.50,-22.5,-46.5,2009,5,5,0,4,1,790.0,790.0,True,1.0,100%
era5_-22.50_-46.50,-22.5,-46.5,2010,5,5,0,4,1,840.0,840.0,True,1.0,100%
era5_-22.50_-46.50,-22.5,-46.5,2011,5,5,0,4,1,856.0,856.0,True,1.0,100%
era5_-22.50_-46.50,-22.5,-46.5,2012,5,5,0,4,1,501.0,501.0,True,1.0,100%
era5_-22.50_-46.50,-22.5,-46.5,2013,5,5,0,4,1,494.0,494.0,True,1.0,100%
era5_-22.50_-46.50,-22.5,-46.5,2014,5,5,0,4,1,670.0,670.0,True,1.0,100%
era5_-22.50_-46.50,-22.5,-46.5,2015,5,5,0,4,1,751.0,751.0,True,1.0,100%
era5_-22.50_-46.50,-22.5,-46.5,2016,5,5,0,4,1,591.0,591.0,True,1.0,100%
era5_-22.50_-46.50,-22.5,-46.5,2017,5,5,0,4,1,591.0,591.0,True,1.0,100%
era5_-22.50_-46.50,-22.5,-46.5,2018,5,5,0,4,1,542.0,542.0,True,1.0,100%
era5_-22.50_-46.50,-22.5,-46.5,2019,5,5,0,4,1,542.0,542.0,True,1.0,100%
era5_-22.50_-46.50,-22.5,-46.5,2020,5,5,0,4,1,422.0,422.0,True,1.0,100%
era5_-22.50_-46.50,-22.5,-46.5,2021,5,5,0,4,1,422.0,422.0,True,1.0,100%
era5_-22.50_-46.50,-22.5,-46.5,2022,5,5,0,4,1,422.0,422.0,True,1.0,100%
era5_-22.50_-46.50,-22.5,-46.5,2023,5,5,0,4,1,422.0,422.0,True,1.0,100%
era5_-22.50_-46.50,-22.5,-46.5,2024,5,5,0,4,1,432.0,432.0,True,1.0,100%
era5_-22.50_-46.50,-22.5,-46.5,2025,5,5,0,4,1,137.0,137.0,True,1.0,100%
era5_-22.50_-47.00,-22.5,-47.0,1974,13,10,3,10,0,32380.0,32380.0,True,1.0,100%
era5_-22.50_-47.00,-22.5,-47.0,1975,13,10,3,10,0,22463.0,22463.0,True,1.0,100%
era5_-22.50_-47.00,-22.5,-47.0,1976,13,10,3,10,0,25513.0,25513.0,True,1.0,100%
era5_-22.50_-47.00,-22.5,-47.0,1977,13,10,3,10,0,30891.0,30891.0,True,1.0,100%
era5_-22.50_-47.00,-22.5,-47.0,1978,13,10,3,10,0,34070.0,34070.0,True,1.0,100%
era5_-22.50_-47.00,-22.5,-47.0,1979,13,10,3,10,0,33656.0,33656.0,True,1.0,100%
era5_-22.50_-47.00,-22.5,-47.0,1980,13,10,3,10,0,31540.0,31540.0,True,1.0,100%
era5_-22.50_-47.00,-22.5,-47.0,1981,13,10,3,10,0,35063.0,35063.0,True,1.0,100%
era5_-22.50_-47.00,-22.5,-47.0,1982,13,10,3,10,0,27238.0,27238.0,True,1.0,100%
era5_-22.50_-47.00,-22.5,-47.0,1983,13,10,3,10,0,30786.0,30786.0,True,1.0,100%
era5_-22.50_-47.00,-22.5,-47.0,1984,13,10,3,10,0,40885.0,40885.0,True,1.0,100%
era5_-22.50_-47.00,-22.5,-47.0,1985,13,10,3,10,0,44413.0,44413.0,True,1.0,100%
era5_-22.50_-47.00,-22.5,-47.0,1986,13,10,3,10,0,43568.0,43568.0,True,1.0,100%
era5_-22.50_-47.00,-22.5,-47.0,1987,13,10,3,10,0,42648.0,42648.0,True,1.0,100%
era5_-22.50_-47.00,-22.5,-47.0,1988,13,10,3,10,0,42648.0,42648.0,True,1.0,100%
era5_-22.50_-47.00,-22.5,-47.0,1989,13,10,3,10,0,39493.0,39493.0,True,1.0,100%
era5_-22.50_-47.00,-22.5,-47.0,1990,13,10,3,10,0,43492.0,43492.0,True,1.0,100%
era5_-22.50_-47.00,-22.5,-47.0,1991,13,10,3,10,0,38817.0,38817.0,True,1.0,100%
era5_-22.50_-47.00,-22.5,-47.0,1992,13,10,3,10,0,45472.0,45472.0,True,1.0,100%
era5_-22.50_-47.00,-22.5,-47.0,1993,13,13,0,11,2,31270.0,31270.0,True,1.0,100%
era5_-22.50_-47.00,-22.5,-47.0,1994,13,13,0,11,2,33620.0,33620.0,True,1.0,100%
era5_-22.50_-47.00,-22.5,-47.0,1995,13,13,0,12,1,36595.0,36595.0,True,1.0,100%
era5_-22.50_-47.00,-22.5,-47.0,1996,13,13,0,11,2,40480.0,40480.0,True,1.0,100%
era5_-22.50_-47.00,-22.5,-47.0,1997,13,13,0,12,1,42660.0,42660.0,True,1.0,100%
era5_-22.50_-47.00,-22.5,-47.0,1998,13,13,0,12,1,42905.0,42905.0,True,1.0,100%
era5_-22.50_-47.00,-22.5,-47.0,1999,13,13,0,12,1,49460.0,49460.0,True,1.0,100%
era5_-22.50_-47.00,-22.5,-47.0,2000,13,13,0,12,1,41550.0,41550.0,True,1.0,100%
era5_-22.50_-47.00,-22.5,-47.0,2001,13,13,0,12,1,38650.0,38650.0,True,1.0,100%
era5_-22.50_-47.00,-22.5,-47.0,2002,13,13,0,13,0,41210.0,41210.0,True,1.0,100%
era5_-22.50_-47.00,-22.5,-47.0,2003,13,13,0,13,0,44810.0,44810.0,True,1.0,100%
era5_-22.50_-47.00,-22.5,-47.0,2004,13,13,0,13,0,46758.0,46758.0,True,1.0,100%
era5_-22.50_-47.00,-22.5,-47.0,2005,13,13,0,13,0,44391.0,44391.0,True,1.0,100%
era5_-22.50_-47.00,-22.5,-47.0,2006,13,13,0,13,0,42615.0,42615.0,True,1.0,100%
era5_-22.50_-47.00,-22.5,-47.0,2007,13,13,0,13,0,46021.0,46021.0,True,1.0,100%
era5_-22.50_-47.00,-22.5,-47.0,2008,13,13,0,13,0,48425.0,48425.0,True,1.0,100%
era5_-22.50_-47.00,-22.5,-47.0,2009,13,13,0,13,0,47628.0,47628.0,True,1.0,100%
era5_-22.50_-47.00,-22.5,-47.0,2010,13,13,0,12,1,38960.0,38960.0,True,1.0,100%
era5_-22.50_-47.00,-22.5,-47.0,2011,13,13,0,13,0,47126.0,47126.0,True,1.0,100%
era5_-22.50_-47.00,-22.5,-47.0,2012,13,13,0,13,0,47558.0,47558.0,True,1.0,100%
era5_-22.50_-47.00,-22.5,-47.0,2013,13,13,0,13,0,50423.0,50423.0,True,1.0,100%
era5_-22.50_-47.00,-22.5,-47.0,2014,13,13,0,13,0,53060.0,53060.0,True,1.0,100%
era5_-22.50_-47.00,-22.5,-47.0,2015,13,13,0,13,0,52374.0,52374.0,True,1.0,100%
era5_-22.50_-47.00,-22.5,-47.0,2016,13,13,0,12,1,50827.0,50827.0,True,1.0,100%
era5_-22.50_-47.00,-22.5,-47.0,2017,13,13,0,12,1,50197.0,50197.0,True,1.0,100%
era5_-22.50_-47.00,-22.5,-47.0,2018,13,13,0,12,1,44382.0,44382.0,True,1.0,100%
era5_-22.50_-47.00,-22.5,-47.0,2019,13,13,0,12,1,47870.0,47870.0,True,1.0,100%
era5_-22.50_-47.00,-22.5,-47.0,2020,13,13,0,12,1,45186.0,45186.0,True,1.0,100%
era5_-22.50_-47.00,-22.5,-47.0,2021,13,13,0,12,1,42430.0,42430.0,True,1.0,100%
era5_-22.50_-47.00,-22.5,-47.0,2022,13,13,0,12,1,42270.0,42270.0,True,1.0,100%
era5_-22.50_-47.00,-22.5,-47.0,2023,13,13,0,12,1,41547.0,41547.0,True,1.0,100%
era5_-22.50_-47.00,-22.5,-47.0,2024,13,13,0,12,1,32814.0,32814.0,True,1.0,100%
era5_-22.50_-47.00,-22.5,-47.0,2025,13,13,0,12,1,27758.0,27758.0,True,1.0,100%
era5_-22.50_-47.50,-22.5,-47.5,1974,9,9,0,9,0,108666.0,108666.0,True,1.0,100%
era5_-22.50_-47.50,-22.5,-47.5,1975,9,9,0,9,0,102930.0,102930.0,True,1.0,100%
era5_-22.50_-47.50,-22.5,-47.5,1976,9,9,0,9,0,92346.0,92346.0,True,1.0,100%
era5_-22.50_-47.50,-22.5,-47.5,1977,9,9,0,9,0,103800.0,103800.0,True,1.0,100%
era5_-22.50_-47.50,-22.5,-47.5,1978,9,9,0,9,0,99640.0,99640.0,True,1.0,100%
era5_-22.50_-47.50,-22.5,-47.5,1979,9,9,0,9,0,98898.0,98898.0,True,1.0,100%
era5_-22.50_-47.50,-22.5,-47.5,1980,9,9,0,9,0,109070.0,109070.0,True,1.0,100%
era5_-22.50_-47.50,-22.5,-47.5,1981,9,9,0,9,0,119946.0,119946.0,True,1.0,100%
era5_-22.50_-47.50,-22.5,-47.5,1982,9,9,0,9,0,116372.0,116372.0,True,1.0,100%
era5_-22.50_-47.50,-22.5,-47.5,1983,9,9,0,9,0,135563.0,135563.0,True,1.0,100%
era5_-22.50_-47.50,-22.5,-47.5,1984,9,9,0,9,0,137908.0,137908.0,True,1.0,100%
era5_-22.50_-47.50,-22.5,-47.5,1985,9,9,0,9,0,135088.0,135088.0,True,1.0,100%
era5_-22.50_-47.50,-22.5,-47.5,1986,9,9,0,9,0,128660.0,128660.0,True,1.0,100%
era5_-22.50_-47.50,-22.5,-47.5,1987,9,9,0,9,0,131908.0,131908.0,True,1.0,100%
era5_-22.50_-47.50,-22.5,-47.5,1988,9,9,0,9,0,135544.0,135544.0,True,1.0,100%
era5_-22.50_-47.50,-22.5,-47.5,1989,9,9,0,9,0,131621.0,131621.0,True,1.0,100%
era5_-22.50_-47.50,-22.5,-47.5,1990,9,9,0,9,0,124371.0,124371.0,True,1.0,100%
era5_-22.50_-47.50,-22.5,-47.5,1991,9,9,0,9,0,130029.0,130029.0,True,1.0,100%
era5_-22.50_-47.50,-22.5,-47.5,1992,9,9,0,9,0,128110.0,128110.0,True,1.0,100%
era5_-22.50_-47.50,-22.5,-47.5,1993,9,9,0,9,0,121438.0,121438.0,True,1.0,100%
era5_-22.50_-47.50,-22.5,-47.5,1994,9,9,0,9,0,122199.0,122199.0,True,1.0,100%
era5_-22.50_-47.50,-22.5,-47.5,1995,9,9,0,9,0,127188.0,127188.0,True,1.0,100%
era5_-22.50_-47.50,-22.5,-47.5,1996,9,9,0,9,0,145200.0,145200.0,True,1.0,100%
era5_-22.50_-47.50,-22.5,-47.5,1997,9,9,0,9,0,126799.0,126799.0,True,1.0,100%
era5_-22.50_-47.50,-22.5,-47.5,1998,9,9,0,9,0,120377.0,120377.0,True,1.0,100%
era5_-22.50_-47.50,-22.5,-47.5,1999,9,9,0,9,0,112659.0,112659.0,True,1.0,100%
era5_-22.50_-47.50,-22.5,-47.5,2000,9,9,0,9,0,117600.0,117600.0,True,1.0,100%
era5_-22.50_-47.50,-22.5,-47.5,2001,9,9,0,9,0,123800.0,123800.0,True,1.0,100%
era5_-22.50_-47.50,-22.5,-47.5,2002,9,9,0,9,0,115832.0,115832.0,True,1.0,100%
era5_-22.50_-47.50,-22.5,-47.5,2003,9,9,0,9,0,116167.0,116167.0,True,1.0,100%
era5_-22.50_-47.50,-22.5,-47.5,2004,9,9,0,9,0,117900.0,117900.0,True,1.0,100%
era5_-22.50_-47.50,-22.5,-47.5,2005,9,9,0,9,0,115556.0,115556.0,True,1.0,100%
era5_-22.50_-47.50,-22.5,-47.5,2006,9,9,0,9,0,123024.0,123024.0,True,1.0,100%
era5_-22.50_-47.50,-22.5,-47.5,2007,9,9,0,9,0,124060.0,124060.0,True,1.0,100%
era5_-22.50_-47.50,-22.5,-47.5,2008,9,9,0,9,0,135650.0,135650.0,True,1.0,100%
era5_-22.50_-47.50,-22.5,-47.5,2009,9,9,0,9,0,127490.0,127490.0,True,1.0,100%
era5_-22.50_-47.50,-22.5,-47.5,2010,9,9,0,9,0,138090.0,138090.0,True,1.0,100%
era5_-22.50_-47.50,-22.5,-47.5,2011,9,9,0,9,0,140903.0,140903.0,True,1.0,100%
era5_-22.50_-47.50,-22.5,-47.5,2012,9,9,0,9,0,135154.0,135154.0,True,1.0,100%
era5_-22.50_-47.50,-22.5,-47.5,2013,9,9,0,9,0,137200.0,137200.0,True,1.0,100%
era5_-22.50_-47.50,-22.5,-47.5,2014,9,9,0,8,1,105365.0,105365.0,True,1.0,100%
era5_-22.50_-47.50,-22.5,-47.5,2015,9,9,0,9,0,132767.0,132767.0,True,1.0,100%
era5_-22.50_-47.50,-22.5,-47.5,2016,9,9,0,9,0,135191.0,135191.0,True,1.0,100%
era5_-22.50_-47.50,-22.5,-47.5,2017,9,9,0,9,0,139504.0,139504.0,True,1.0,100%
era5_-22.50_-47.50,-22.5,-47.5,2018,9,9,0,9,0,138028.0,138028.0,True,1.0,100%
era5_-22.50_-47.50,-22.5,-47.5,2019,9,9,0,9,0,137230.0,137230.0,True,1.0,100%
era5_-22.50_-47.50,-22.5,-47.5,2020,9,9,0,9,0,142760.0,142760.0,True,1.0,100%
era5_-22.50_-47.50,-22.5,-47.5,2021,9,9,0,9,0,136810.0,136810.0,True,1.0,100%
era5_-22.50_-47.50,-22.5,-47.5,2022,9,9,0,9,0,130375.0,130375.0,True,1.0,100%
era5_-22.50_-47.50,-22.5,-47.5,2023,9,9,0,9,0,132758.0,132758.0,True,1.0,100%
era5_-22.50_-47.50,-22.5,-47.5,2024,9,9,0,9,0,118955.0,118955.0,True,1.0,100%
era5_-22.50_-47.50,-22.5,-47.5,2025,9,9,0,9,0,118745.0,118745.0,True,1.0,100%
era5_-22.50_-48.00,-22.5,-48.0,1974,6,6,0,5,1,11860.0,11860.0,True,1.0,100%
era5_-22.50_-48.00,-22.5,-48.0,1975,6,6,0,5,1,13360.0,13360.0,True,1.0,100%
era5_-22.50_-48.00,-22.5,-48.0,1976,6,6,0,5,1,13650.0,13650.0,True,1.0,100%
era5_-22.50_-48.00,-22.5,-48.0,1977,6,6,0,6,0,12248.0,12248.0,True,1.0,100%
era5_-22.50_-48.00,-22.5,-48.0,1978,6,6,0,6,0,15778.0,15778.0,True,1.0,100%
era5_-22.50_-48.00,-22.5,-48.0,1979,6,6,0,6,0,14042.0,14042.0,True,1.0,100%
era5_-22.50_-48.00,-22.5,-48.0,1980,6,6,0,6,0,14600.0,14600.0,True,1.0,100%
era5_-22.50_-48.00,-22.5,-48.0,1981,6,6,0,6,0,16233.0,16233.0,True,1.0,100%
era5_-22.50_-48.00,-22.5,-48.0,1982,6,6,0,6,0,25566.0,25566.0,True,1.0,100%
era5_-22.50_-48.00,-22.5,-48.0,1983,6,6,0,6,0,28232.0,28232.0,True,1.0,100%
era5_-22.50_-48.00,-22.5,-48.0,1984,6,6,0,6,0,34650.0,34650.0,True,1.0,100%
era5_-22.50_-48.00,-22.5,-48.0,1985,6,6,0,6,0,37910.0,37910.0,True,1.0,100%
era5_-22.50_-48.00,-22.5,-48.0,1986,6,6,0,6,0,38660.0,38660.0,True,1.0,100%
era5_-22.50_-48.00,-22.5,-48.0,1987,6,6,0,6,0,40710.0,40710.0,True,1.0,100%
era5_-22.50_-48.00,-22.5,-48.0,1988,6,6,0,6,0,38683.0,38683.0,True,1.0,100%
era5_-22.50_-48.00,-22.5,-48.0,1989,6,6,0,6,0,35795.0,35795.0,True,1.0,100%
era5_-22.50_-48.00,-22.5,-48.0,1990,6,6,0,6,0,36055.0,36055.0,True,1.0,100%
era5_-22.50_-48.00,-22.5,-48.0,1991,6,6,0,6,0,36113.0,36113.0,True,1.0,100%
era5_-22.50_-48.00,-22.5,-48.0,1992,6,6,0,6,0,36709.0,36709.0,True,1.0,100%
era5_-22.50_-48.00,-22.5,-48.0,1993,6,6,0,6,0,36949.0,36949.0,True,1.0,100%
era5_-22.50_-48.00,-22.5,-48.0,1994,6,6,0,6,0,43022.0,43022.0,True,1.0,100%
era5_-22.50_-48.00,-22.5,-48.0,1995,6,6,0,6,0,44495.0,44495.0,True,1.0,100%
era5_-22.50_-48.00,-22.5,-48.0,1996,6,6,0,6,0,52270.0,52270.0,True,1.0,100%
era5_-22.50_-48.00,-22.5,-48.0,1997,6,6,0,6,0,50586.0,50586.0,True,1.0,100%
era5_-22.50_-48.00,-22.5,-48.0,1998,6,6,0,6,0,53044.0,53044.0,True,1.0,100%
era5_-22.50_-48.00,-22.5,-48.0,1999,6,6,0,6,0,48067.0,48067.0,True,1.0,100%
era5_-22.50_-48.00,-22.5,-48.0,2000,6,6,0,6,0,43153.0,43153.0,True,1.0,100%
era5_-22.50_-48.00,-22.5,-48.0,2001,6,6,0,6,0,44653.0,44653.0,True,1.0,100%
era5_-22.50_-48.00,-22.5,-48.0,2002,6,6,0,6,0,43274.0,43274.0,True,1.0,100%
era5_-22.50_-48.00,-22.5,-48.0,2003,6,6,0,6,0,44244.0,44244.0,True,1.0,100%
era5_-22.50_-48.00,-22.5,-48.0,2004,6,6,0,6,0,48445.0,48445.0,True,1.0,100%
era5_-22.50_-48.00,-22.5,-48.0,2005,6,6,0,6,0,52289.0,52289.0,True,1.0,100%
era5_-22.50_-48.00,-22.5,-48.0,2006,6,6,0,6,0,47606.0,47606.0,True,1.0,100%
era5_-22.50_-48.00,-22.5,-48.0,2007,6,6,0,6,0,61850.0,61850.0,True,1.0,100%
era5_-22.50_-48.00,-22.5,-48.0,2008,6,6,0,6,0,84941.0,84941.0,True,1.0,100%
era5_-22.50_-48.00,-22.5,-48.0,2009,6,6,0,6,0,69394.0,69394.0,True,1.0,100%
era5_-22.50_-48.00,-22.5,-48.0,2010,6,6,0,6,0,72768.0,72768.0,True,1.0,100%
era5_-22.50_-48.00,-22.5,-48.0,2011,6,6,0,6,0,75748.0,75748.0,True,1.0,100%
era5_-22.50_-48.00,-22.5,-48.0,2012,6,6,0,6,0,71480.0,71480.0,True,1.0,100%
era5_-22.50_-48.00,-22.5,-48.0,2013,6,6,0,6,0,72157.0,72157.0,True,1.0,100%
era5_-22.50_-48.00,-22.5,-48.0,2014,6,6,0,6,0,72431.0,72431.0,True,1.0,100%
era5_-22.50_-48.00,-22.5,-48.0,2015,6,6,0,6,0,73721.0,73721.0,True,1.0,100%
era5_-22.50_-48.00,-22.5,-48.0,2016,6,6,0,6,0,70571.0,70571.0,True,1.0,100%
era5_-22.50_-48.00,-22.5,-48.0,2017,6,6,0,6,0,70031.0,70031.0,True,1.0,100%
era5_-22.50_-48.00,-22.5,-48.0,2018,6,6,0,6,0,73500.0,73500.0,True,1.0,100%
era5_-22.50_-48.00,-22.5,-48.0,2019,6,6,0,6,0,73900.0,73900.0,True,1.0,100%
era5_-22.50_-48.00,-22.5,-48.0,2020,6,6,0,6,0,73300.0,73300.0,True,1.0,100%
era5_-22.50_-48.00,-22.5,-48.0,2021,6,6,0,6,0,70400.0,70400.0,True,1.0,100%
era5_-22.50_-48.00,-22.5,-48.0,2022,6,6,0,6,0,69006.0,69006.0,True,1.0,100%
era5_-22.50_-48.00,-22.5,-48.0,2023,6,6,0,6,0,67506.0,67506.0,True,1.0,100%
era5_-22.50_-48.00,-22.5,-48.0,2024,6,6,0,6,0,62406.0,62406.0,True,1.0,100%
era5_-22.50_-48.00,-22.5,-48.0,2025,6,6,0,6,0,62671.0,62671.0,True,1.0,100%
era5_-22.50_-48.50,-22.5,-48.5,1974,8,8,0,8,0,58187.0,58187.0,True,1.0,100%
era5_-22.50_-48.50,-22.5,-48.5,1975,8,8,0,8,0,48932.0,48932.0,True,1.0,100%
era5_-22.50_-48.50,-22.5,-48.5,1976,8,8,0,8,0,69650.0,69650.0,True,1.0,100%
era5_-22.50_-48.50,-22.5,-48.5,1977,8,8,0,8,0,76735.0,76735.0,True,1.0,100%
era5_-22.50_-48.50,-22.5,-48.5,1978,8,8,0,8,0,84012.0,84012.0,True,1.0,100%
era5_-22.50_-48.50,-22.5,-48.5,1979,8,8,0,8,0,85554.0,85554.0,True,1.0,100%
era5_-22.50_-48.50,-22.5,-48.5,1980,8,8,0,8,0,90880.0,90880.0,True,1.0,100%
era5_-22.50_-48.50,-22.5,-48.5,1981,8,8,0,8,0,101096.0,101096.0,True,1.0,100%
era5_-22.50_-48.50,-22.5,-48.5,1982,8,8,0,8,0,102015.0,102015.0,True,1.0,100%
era5_-22.50_-48.50,-22.5,-48.5,1983,8,8,0,8,0,110500.0,110500.0,True,1.0,100%
era5_-22.50_-48.50,-22.5,-48.5,1984,8,8,0,8,0,105979.0,105979.0,True,1.0,100%
era5_-22.50_-48.50,-22.5,-48.5,1985,8,8,0,8,0,107572.0,107572.0,True,1.0,100%
era5_-22.50_-48.50,-22.5,-48.5,1986,8,8,0,8,0,115538.0,115538.0,True,1.0,100%
era5_-22.50_-48.50,-22.5,-48.5,1987,8,8,0,8,0,118668.0,118668.0,True,1.0,100%
era5_-22.50_-48.50,-22.5,-48.5,1988,8,8,0,8,0,118032.0,118032.0,True,1.0,100%
era5_-22.50_-48.50,-22.5,-48.5,1989,8,8,0,8,0,123717.0,123717.0,True,1.0,100%
era5_-22.50_-48.50,-22.5,-48.5,1990,8,8,0,8,0,129127.0,129127.0,True,1.0,100%
era5_-22.50_-48.50,-22.5,-48.5,1991,8,8,0,8,0,125048.0,125048.0,True,1.0,100%
era5_-22.50_-48.50,-22.5,-48.5,1992,8,8,0,8,0,139744.0,139744.0,True,1.0,100%
era5_-22.50_-48.50,-22.5,-48.5,1993,8,8,0,8,0,118521.0,118521.0,True,1.0,100%
era5_-22.50_-48.50,-22.5,-48.5,1994,8,8,0,8,0,140950.0,140950.0,True,1.0,100%
era5_-22.50_-48.50,-22.5,-48.5,1995,8,8,0,8,0,154186.0,154186.0,True,1.0,100%
era5_-22.50_-48.50,-22.5,-48.5,1996,8,8,0,8,0,156030.0,156030.0,True,1.0,100%
era5_-22.50_-48.50,-22.5,-48.5,1997,8,8,0,8,0,135319.0,135319.0,True,1.0,100%
era5_-22.50_-48.50,-22.5,-48.5,1998,8,8,0,8,0,134459.0,134459.0,True,1.0,100%
era5_-22.50_-48.50,-22.5,-48.5,1999,8,8,0,8,0,139140.0,139140.0,True,1.0,100%
era5_-22.50_-48.50,-22.5,-48.5,2000,8,8,0,8,0,134336.0,134336.0,True,1.0,100%
era5_-22.50_-48.50,-22.5,-48.5,2001,8,8,0,8,0,137336.0,137336.0,True,1.0,100%
era5_-22.50_-48.50,-22.5,-48.5,2002,8,8,0,8,0,142900.0,142900.0,True,1.0,100%
era5_-22.50_-48.50,-22.5,-48.5,2003,8,8,0,8,0,149767.0,149767.0,True,1.0,100%
era5_-22.50_-48.50,-22.5,-48.5,2004,8,8,0,8,0,152800.0,152800.0,True,1.0,100%
era5_-22.50_-48.50,-22.5,-48.5,2005,8,8,0,8,0,151197.0,151197.0,True,1.0,100%
era5_-22.50_-48.50,-22.5,-48.5,2006,8,8,0,8,0,144236.0,144236.0,True,1.0,100%
era5_-22.50_-48.50,-22.5,-48.5,2007,8,8,0,8,0,158880.0,158880.0,True,1.0,100%
era5_-22.50_-48.50,-22.5,-48.5,2008,8,8,0,8,0,162612.0,162612.0,True,1.0,100%
era5_-22.50_-48.50,-22.5,-48.5,2009,8,8,0,8,0,162342.0,162342.0,True,1.0,100%
era5_-22.50_-48.50,-22.5,-48.5,2010,8,8,0,8,0,160090.0,160090.0,True,1.0,100%
era5_-22.50_-48.50,-22.5,-48.5,2011,8,8,0,8,0,163339.0,163339.0,True,1.0,100%
era5_-22.50_-48.50,-22.5,-48.5,2012,8,8,0,8,0,163199.0,163199.0,True,1.0,100%
era5_-22.50_-48.50,-22.5,-48.5,2013,8,8,0,8,0,162470.0,162470.0,True,1.0,100%
era5_-22.50_-48.50,-22.5,-48.5,2014,8,8,0,8,0,161494.0,161494.0,True,1.0,100%
era5_-22.50_-48.50,-22.5,-48.5,2015,8,8,0,8,0,159912.0,159912.0,True,1.0,100%
era5_-22.50_-48.50,-22.5,-48.5,2016,8,8,0,8,0,161834.0,161834.0,True,1.0,100%
era5_-22.50_-48.50,-22.5,-48.5,2017,8,8,0,8,0,161038.0,161038.0,True,1.0,100%
era5_-22.50_-48.50,-22.5,-48.5,2018,8,8,0,8,0,167528.0,167528.0,True,1.0,100%
era5_-22.50_-48.50,-22.5,-48.5,2019,8,8,0,8,0,167173.0,167173.0,True,1.0,100%
era5_-22.50_-48.50,-22.5,-48.5,2020,8,8,0,8,0,169587.0,169587.0,True,1.0,100%
era5_-22.50_-48.50,-22.5,-48.5,2021,8,8,0,8,0,164088.0,164088.0,True,1.0,100%
era5_-22.50_-48.50,-22.5,-48.5,2022,8,8,0,8,0,168872.0,168872.0,True,1.0,100%
era5_-22.50_-48.50,-22.5,-48.5,2023,8,8,0,8,0,157877.0,157877.0,True,1.0,100%
era5_-22.50_-48.50,-22.5,-48.5,2024,8,8,0,8,0,147191.0,147191.0,True,1.0,100%
era5_-22.50_-48.50,-22.5,-48.5,2025,8,8,0,8,0,143110.0,143110.0,True,1.0,100%
era5_-22.50_-49.00,-22.5,-49.0,1974,6,5,1,4,1,26304.0,26304.0,True,1.0,100%
era5_-22.50_-49.00,-22.5,-49.0,1975,6,5,1,4,1,23220.0,23220.0,True,1.0,100%
era5_-22.50_-49.00,-22.5,-49.0,1976,6,5,1,4,1,33725.0,33725.0,True,1.0,100%
era5_-22.50_-49.00,-22.5,-49.0,1977,6,5,1,4,1,36800.0,36800.0,True,1.0,100%
era5_-22.50_-49.00,-22.5,-49.0,1978,6,5,1,4,1,39562.0,39562.0,True,1.0,100%
era5_-22.50_-49.00,-22.5,-49.0,1979,6,5,1,4,1,42939.0,42939.0,True,1.0,100%
era5_-22.50_-49.00,-22.5,-49.0,1980,6,5,1,4,1,55715.0,55715.0,True,1.0,100%
era5_-22.50_-49.00,-22.5,-49.0,1981,6,5,1,5,0,61943.0,61943.0,True,1.0,100%
era5_-22.50_-49.00,-22.5,-49.0,1982,6,5,1,5,0,71151.0,71151.0,True,1.0,100%
era5_-22.50_-49.00,-22.5,-49.0,1983,6,5,1,5,0,77335.0,77335.0,True,1.0,100%
era5_-22.50_-49.00,-22.5,-49.0,1984,6,5,1,5,0,82335.0,82335.0,True,1.0,100%
era5_-22.50_-49.00,-22.5,-49.0,1985,6,5,1,5,0,84872.0,84872.0,True,1.0,100%
era5_-22.50_-49.00,-22.5,-49.0,1986,6,5,1,5,0,78971.0,78971.0,True,1.0,100%
era5_-22.50_-49.00,-22.5,-49.0,1987,6,5,1,5,0,78696.0,78696.0,True,1.0,100%
era5_-22.50_-49.00,-22.5,-49.0,1988,6,5,1,5,0,79516.0,79516.0,True,1.0,100%
era5_-22.50_-49.00,-22.5,-49.0,1989,6,5,1,5,0,58515.0,58515.0,True,1.0,100%
era5_-22.50_-49.00,-22.5,-49.0,1990,6,5,1,5,0,79114.0,79114.0,True,1.0,100%
era5_-22.50_-49.00,-22.5,-49.0,1991,6,5,1,5,0,71154.0,71154.0,True,1.0,100%
era5_-22.50_-49.00,-22.5,-49.0,1992,6,5,1,5,0,86667.0,86667.0,True,1.0,100%
era5_-22.50_-49.00,-22.5,-49.0,1993,6,6,0,5,1,67660.0,67660.0,True,1.0,100%
era5_-22.50_-49.00,-22.5,-49.0,1994,6,6,0,6,0,85735.0,85735.0,True,1.0,100%
era5_-22.50_-49.00,-22.5,-49.0,1995,6,6,0,6,0,101594.0,101594.0,True,1.0,100%
era5_-22.50_-49.00,-22.5,-49.0,1996,6,6,0,6,0,110194.0,110194.0,True,1.0,100%
era5_-22.50_-49.00,-22.5,-49.0,1997,6,6,0,6,0,92241.0,92241.0,True,1.0,100%
era5_-22.50_-49.00,-22.5,-49.0,1998,6,6,0,6,0,76762.0,76762.0,True,1.0,100%
era5_-22.50_-49.00,-22.5,-49.0,1999,6,6,0,6,0,86910.0,86910.0,True,1.0,100%
era5_-22.50_-49.00,-22.5,-49.0,2000,6,6,0,5,1,76458.0,76458.0,True,1.0,100%
era5_-22.50_-49.00,-22.5,-49.0,2001,6,6,0,6,0,78560.0,78560.0,True,1.0,100%
era5_-22.50_-49.00,-22.5,-49.0,2002,6,6,0,6,0,79815.0,79815.0,True,1.0,100%
era5_-22.50_-49.00,-22.5,-49.0,2003,6,6,0,6,0,77677.0,77677.0,True,1.0,100%
era5_-22.50_-49.00,-22.5,-49.0,2004,6,6,0,6,0,73359.0,73359.0,True,1.0,100%
era5_-22.50_-49.00,-22.5,-49.0,2005,6,6,0,6,0,71169.0,71169.0,True,1.0,100%
era5_-22.50_-49.00,-22.5,-49.0,2006,6,6,0,6,0,89067.0,89067.0,True,1.0,100%
era5_-22.50_-49.00,-22.5,-49.0,2007,6,6,0,6,0,85155.0,85155.0,True,1.0,100%
era5_-22.50_-49.00,-22.5,-49.0,2008,6,6,0,6,0,100190.0,100190.0,True,1.0,100%
era5_-22.50_-49.00,-22.5,-49.0,2009,6,6,0,6,0,100190.0,100190.0,True,1.0,100%
era5_-22.50_-49.00,-22.5,-49.0,2010,6,6,0,6,0,92358.0,92358.0,True,1.0,100%
era5_-22.50_-49.00,-22.5,-49.0,2011,6,6,0,6,0,96197.0,96197.0,True,1.0,100%
era5_-22.50_-49.00,-22.5,-49.0,2012,6,6,0,6,0,96197.0,96197.0,True,1.0,100%
era5_-22.50_-49.00,-22.5,-49.0,2013,6,6,0,6,0,96197.0,96197.0,True,1.0,100%
era5_-22.50_-49.00,-22.5,-49.0,2014,6,6,0,6,0,105310.0,105310.0,True,1.0,100%
era5_-22.50_-49.00,-22.5,-49.0,2015,6,6,0,6,0,97622.0,97622.0,True,1.0,100%
era5_-22.50_-49.00,-22.5,-49.0,2016,6,6,0,6,0,95127.0,95127.0,True,1.0,100%
era5_-22.50_-49.00,-22.5,-49.0,2017,6,6,0,6,0,86872.0,86872.0,True,1.0,100%
era5_-22.50_-49.00,-22.5,-49.0,2018,6,6,0,6,0,84663.0,84663.0,True,1.0,100%
era5_-22.50_-49.00,-22.5,-49.0,2019,6,6,0,6,0,84663.0,84663.0,True,1.0,100%
era5_-22.50_-49.00,-22.5,-49.0,2020,6,6,0,6,0,91805.0,91805.0,True,1.0,100%
era5_-22.50_-49.00,-22.5,-49.0,2021,6,6,0,6,0,87663.0,87663.0,True,1.0,100%
era5_-22.50_-49.00,-22.5,-49.0,2022,6,6,0,6,0,84094.0,84094.0,True,1.0,100%
era5_-22.50_-49.00,-22.5,-49.0,2023,6,6,0,6,0,87556.0,87556.0,True,1.0,100%
era5_-22.50_-49.00,-22.5,-49.0,2024,6,6,0,6,0,78910.0,78910.0,True,1.0,100%
era5_-22.50_-49.00,-22.5,-49.0,2025,6,6,0,6,0,83007.0,83007.0,True,1.0,100%
era5_-22.50_-49.50,-22.5,-49.5,1974,6,4,2,1,3,600.0,600.0,True,1.0,100%
era5_-22.50_-49.50,-22.5,-49.5,1975,6,4,2,1,3,600.0,600.0,True,1.0,100%
era5_-22.50_-49.50,-22.5,-49.5,1976,6,4,2,1,3,500.0,500.0,True,1.0,100%
era5_-22.50_-49.50,-22.5,-49.5,1977,6,4,2,1,3,200.0,200.0,True,1.0,100%
era5_-22.50_-49.50,-22.5,-49.5,1978,6,4,2,1,3,200.0,200.0,True,1.0,100%
era5_-22.50_-49.50,-22.5,-49.5,1979,6,4,2,1,3,500.0,500.0,True,1.0,100%
era5_-22.50_-49.50,-22.5,-49.5,1980,6,4,2,1,3,920.0,920.0,True,1.0,100%
era5_-22.50_-49.50,-22.5,-49.5,1981,6,4,2,1,3,1023.0,1023.0,True,1.0,100%
era5_-22.50_-49.50,-22.5,-49.5,1982,6,4,2,1,3,1204.0,1204.0,True,1.0,100%
era5_-22.50_-49.50,-22.5,-49.5,1983,6,4,2,3,1,2109.0,2109.0,True,1.0,100%
era5_-22.50_-49.50,-22.5,-49.5,1984,6,4,2,4,0,3006.0,3006.0,True,1.0,100%
era5_-22.50_-49.50,-22.5,-49.5,1985,6,4,2,4,0,3921.0,3921.0,True,1.0,100%
era5_-22.50_-49.50,-22.5,-49.5,1986,6,4,2,4,0,3921.0,3921.0,True,1.0,100%
era5_-22.50_-49.50,-22.5,-49.5,1987,6,4,2,4,0,4325.0,4325.0,True,1.0,100%
era5_-22.50_-49.50,-22.5,-49.5,1988,6,4,2,1,3,3200.0,3200.0,True,1.0,100%
era5_-22.50_-49.50,-22.5,-49.5,1989,6,4,2,2,2,3036.0,3036.0,True,1.0,100%
era5_-22.50_-49.50,-22.5,-49.5,1990,6,4,2,1,3,4000.0,4000.0,True,1.0,100%
era5_-22.50_-49.50,-22.5,-49.5,1991,6,4,2,1,3,4000.0,4000.0,True,1.0,100%
era5_-22.50_-49.50,-22.5,-49.5,1992,6,4,2,1,3,4000.0,4000.0,True,1.0,100%
era5_-22.50_-49.50,-22.5,-49.5,1993,6,5,1,2,3,7800.0,7800.0,True,1.0,100%
era5_-22.50_-49.50,-22.5,-49.5,1994,6,5,1,2,3,10800.0,10800.0,True,1.0,100%
era5_-22.50_-49.50,-22.5,-49.5,1995,6,5,1,2,3,9800.0,9800.0,True,1.0,100%
era5_-22.50_-49.50,-22.5,-49.5,1996,6,5,1,2,3,9800.0,9800.0,True,1.0,100%
era5_-22.50_-49.50,-22.5,-49.5,1997,6,6,0,2,4,10000.0,10000.0,True,1.0,100%
era5_-22.50_-49.50,-22.5,-49.5,1998,6,6,0,4,2,12784.0,12784.0,True,1.0,100%
era5_-22.50_-49.50,-22.5,-49.5,1999,6,6,0,4,2,12886.0,12886.0,True,1.0,100%
era5_-22.50_-49.50,-22.5,-49.5,2000,6,6,0,4,2,12085.0,12085.0,True,1.0,100%
era5_-22.50_-49.50,-22.5,-49.5,2001,6,6,0,3,3,11660.0,11660.0,True,1.0,100%
era5_-22.50_-49.50,-22.5,-49.5,2002,6,6,0,5,1,9825.0,9825.0,True,1.0,100%
era5_-22.50_-49.50,-22.5,-49.5,2003,6,6,0,5,1,12285.0,12285.0,True,1.0,100%
era5_-22.50_-49.50,-22.5,-49.5,2004,6,6,0,5,1,10785.0,10785.0,True,1.0,100%
era5_-22.50_-49.50,-22.5,-49.5,2005,6,6,0,6,0,11551.0,11551.0,True,1.0,100%
era5_-22.50_-49.50,-22.5,-49.5,2006,6,6,0,6,0,12272.0,12272.0,True,1.0,100%
era5_-22.50_-49.50,-22.5,-49.5,2007,6,6,0,6,0,13259.0,13259.0,True,1.0,100%
era5_-22.50_-49.50,-22.5,-49.5,2008,6,6,0,6,0,13734.0,13734.0,True,1.0,100%
era5_-22.50_-49.50,-22.5,-49.5,2009,6,6,0,6,0,14564.0,14564.0,True,1.0,100%
era5_-22.50_-49.50,-22.5,-49.5,2010,6,6,0,6,0,16674.0,16674.0,True,1.0,100%
era5_-22.50_-49.50,-22.5,-49.5,2011,6,6,0,6,0,16258.0,16258.0,True,1.0,100%
era5_-22.50_-49.50,-22.5,-49.5,2012,6,6,0,6,0,17658.0,17658.0,True,1.0,100%
era5_-22.50_-49.50,-22.5,-49.5,2013,6,6,0,6,0,16543.0,16543.0,True,1.0,100%
era5_-22.50_-49.50,-22.5,-49.5,2014,6,6,0,6,0,14494.0,14494.0,True,1.0,100%
era5_-22.50_-49.50,-22.5,-49.5,2015,6,6,0,6,0,15379.0,15379.0,True,1.0,100%
era5_-22.50_-49.50,-22.5,-49.5,2016,6,6,0,6,0,15046.0,15046.0,True,1.0,100%
era5_-22.50_-49.50,-22.5,-49.5,2017,6,6,0,6,0,13065.0,13065.0,True,1.0,100%
era5_-22.50_-49.50,-22.5,-49.5,2018,6,6,0,6,0,11560.0,11560.0,True,1.0,100%
era5_-22.50_-49.50,-22.5,-49.5,2019,6,6,0,6,0,11955.0,11955.0,True,1.0,100%
era5_-22.50_-49.50,-22.5,-49.5,2020,6,6,0,6,0,11996.0,11996.0,True,1.0,100%
era5_-22.50_-49.50,-22.5,-49.5,2021,6,6,0,6,0,11233.0,11233.0,True,1.0,100%
era5_-22.50_-49.50,-22.5,-49.5,2022,6,6,0,6,0,11173.0,11173.0,True,1.0,100%
era5_-22.50_-49.50,-22.5,-49.5,2023,6,6,0,5,1,11243.0,11243.0,True,1.0,100%
era5_-22.50_-49.50,-22.5,-49.5,2024,6,6,0,5,1,15745.0,15745.0,True,1.0,100%
era5_-22.50_-49.50,-22.5,-49.5,2025,6,6,0,5,1,11970.0,11970.0,True,1.0,100%
era5_-22.50_-50.00,-22.5,-50.0,1974,4,4,0,3,1,860.0,860.0,True,1.0,100%
era5_-22.50_-50.00,-22.5,-50.0,1975,4,4,0,3,1,455.0,455.0,True,1.0,100%
era5_-22.50_-50.00,-22.5,-50.0,1976,4,4,0,2,2,905.0,905.0,True,1.0,100%
era5_-22.50_-50.00,-22.5,-50.0,1977,4,4,0,2,2,1146.0,1146.0,True,1.0,100%
era5_-22.50_-50.00,-22.5,-50.0,1978,4,4,0,2,2,1446.0,1446.0,True,1.0,100%
era5_-22.50_-50.00,-22.5,-50.0,1979,4,4,0,2,2,1585.0,1585.0,True,1.0,100%
era5_-22.50_-50.00,-22.5,-50.0,1980,4,4,0,2,2,1265.0,1265.0,True,1.0,100%
era5_-22.50_-50.00,-22.5,-50.0,1981,4,4,0,2,2,1406.0,1406.0,True,1.0,100%
era5_-22.50_-50.00,-22.5,-50.0,1982,4,4,0,4,0,2713.0,2713.0,True,1.0,100%
era5_-22.50_-50.00,-22.5,-50.0,1983,4,4,0,4,0,2536.0,2536.0,True,1.0,100%
era5_-22.50_-50.00,-22.5,-50.0,1984,4,4,0,4,0,2930.0,2930.0,True,1.0,100%
era5_-22.50_-50.00,-22.5,-50.0,1985,4,4,0,4,0,2480.0,2480.0,True,1.0,100%
era5_-22.50_-50.00,-22.5,-50.0,1986,4,4,0,3,1,3600.0,3600.0,True,1.0,100%
era5_-22.50_-50.00,-22.5,-50.0,1987,4,4,0,4,0,6000.0,6000.0,True,1.0,100%
era5_-22.50_-50.00,-22.5,-50.0,1988,4,4,0,4,0,5180.0,5180.0,True,1.0,100%
era5_-22.50_-50.00,-22.5,-50.0,1989,4,4,0,4,0,5520.0,5520.0,True,1.0,100%
era5_-22.50_-50.00,-22.5,-50.0,1990,4,4,0,4,0,5500.0,5500.0,True,1.0,100%
era5_-22.50_-50.00,-22.5,-50.0,1991,4,4,0,4,0,5490.0,5490.0,True,1.0,100%
era5_-22.50_-50.00,-22.5,-50.0,1992,4,4,0,3,1,6200.0,6200.0,True,1.0,100%
era5_-22.50_-50.00,-22.5,-50.0,1993,4,4,0,3,1,7600.0,7600.0,True,1.0,100%
era5_-22.50_-50.00,-22.5,-50.0,1994,4,4,0,3,1,7370.0,7370.0,True,1.0,100%
era5_-22.50_-50.00,-22.5,-50.0,1995,4,4,0,3,1,6121.0,6121.0,True,1.0,100%
era5_-22.50_-50.00,-22.5,-50.0,1996,4,4,0,3,1,6421.0,6421.0,True,1.0,100%
era5_-22.50_-50.00,-22.5,-50.0,1997,4,4,0,3,1,6996.0,6996.0,True,1.0,100%
era5_-22.50_-50.00,-22.5,-50.0,1998,4,4,0,3,1,7123.0,7123.0,True,1.0,100%
era5_-22.50_-50.00,-22.5,-50.0,1999,4,4,0,3,1,6065.0,6065.0,True,1.0,100%
era5_-22.50_-50.00,-22.5,-50.0,2000,4,4,0,3,1,6421.0,6421.0,True,1.0,100%
era5_-22.50_-50.00,-22.5,-50.0,2001,4,4,0,3,1,6421.0,6421.0,True,1.0,100%
era5_-22.50_-50.00,-22.5,-50.0,2002,4,4,0,3,1,8126.0,8126.0,True,1.0,100%
era5_-22.50_-50.00,-22.5,-50.0,2003,4,4,0,3,1,8127.0,8127.0,True,1.0,100%
era5_-22.50_-50.00,-22.5,-50.0,2004,4,4,0,3,1,8077.0,8077.0,True,1.0,100%
era5_-22.50_-50.00,-22.5,-50.0,2005,4,4,0,3,1,9201.0,9201.0,True,1.0,100%
era5_-22.50_-50.00,-22.5,-50.0,2006,4,4,0,3,1,8988.0,8988.0,True,1.0,100%
era5_-22.50_-50.00,-22.5,-50.0,2007,4,4,0,4,0,11425.0,11425.0,True,1.0,100%
era5_-22.50_-50.00,-22.5,-50.0,2008,4,4,0,4,0,13752.0,13752.0,True,1.0,100%
era5_-22.50_-50.00,-22.5,-50.0,2009,4,4,0,4,0,16424.0,16424.0,True,1.0,100%
era5_-22.50_-50.00,-22.5,-50.0,2010,4,4,0,4,0,19321.0,19321.0,True,1.0,100%
era5_-22.50_-50.00,-22.5,-50.0,2011,4,4,0,4,0,20080.0,20080.0,True,1.0,100%
era5_-22.50_-50.00,-22.5,-50.0,2012,4,4,0,4,0,18680.0,18680.0,True,1.0,100%
era5_-22.50_-50.00,-22.5,-50.0,2013,4,4,0,4,0,19900.0,19900.0,True,1.0,100%
era5_-22.50_-50.00,-22.5,-50.0,2014,4,4,0,4,0,22700.0,22700.0,True,1.0,100%
era5_-22.50_-50.00,-22.5,-50.0,2015,4,4,0,4,0,23043.0,23043.0,True,1.0,100%
era5_-22.50_-50.00,-22.5,-50.0,2016,4,4,0,4,0,24043.0,24043.0,True,1.0,100%
era5_-22.50_-50.00,-22.5,-50.0,2017,4,4,0,4,0,22557.0,22557.0,True,1.0,100%
era5_-22.50_-50.00,-22.5,-50.0,2018,4,4,0,4,0,20957.0,20957.0,True,1.0,100%
era5_-22.50_-50.00,-22.5,-50.0,2019,4,4,0,4,0,20125.0,20125.0,True,1.0,100%
era5_-22.50_-50.00,-22.5,-50.0,2020,4,4,0,4,0,20520.0,20520.0,True,1.0,100%
era5_-22.50_-50.00,-22.5,-50.0,2021,4,4,0,4,0,19811.0,19811.0,True,1.0,100%
era5_-22.50_-50.00,-22.5,-50.0,2022,4,4,0,4,0,20325.0,20325.0,True,1.0,100%
era5_-22.50_-50.00,-22.5,-50.0,2023,4,4,0,4,0,20825.0,20825.0,True,1.0,100%
era5_-22.50_-50.00,-22.5,-50.0,2024,4,4,0,4,0,20825.0,20825.0,True,1.0,100%
era5_-22.50_-50.00,-22.5,-50.0,2025,4,4,0,4,0,21990.0,21990.0,True,1.0,100%
era5_-22.50_-50.50,-22.5,-50.5,1974,10,8,2,8,0,6728.0,6728.0,True,1.0,100%
era5_-22.50_-50.50,-22.5,-50.5,1975,10,8,2,8,0,9368.0,9368.0,True,1.0,100%
era5_-22.50_-50.50,-22.5,-50.5,1976,10,8,2,7,1,11957.0,11957.0,True,1.0,100%
era5_-22.50_-50.50,-22.5,-50.5,1977,10,8,2,7,1,12935.0,12935.0,True,1.0,100%
era5_-22.50_-50.50,-22.5,-50.5,1978,10,8,2,7,1,15685.0,15685.0,True,1.0,100%
era5_-22.50_-50.50,-22.5,-50.5,1979,10,8,2,5,3,19118.0,19118.0,True,1.0,100%
era5_-22.50_-50.50,-22.5,-50.5,1980,10,8,2,5,3,21450.0,21450.0,True,1.0,100%
era5_-22.50_-50.50,-22.5,-50.5,1981,10,8,2,5,3,24745.0,24745.0,True,1.0,100%
era5_-22.50_-50.50,-22.5,-50.5,1982,10,8,2,5,3,37900.0,37900.0,True,1.0,100%
era5_-22.50_-50.50,-22.5,-50.5,1983,10,8,2,7,1,45541.0,45541.0,True,1.0,100%
era5_-22.50_-50.50,-22.5,-50.5,1984,10,8,2,7,1,47237.0,47237.0,True,1.0,100%
era5_-22.50_-50.50,-22.5,-50.5,1985,10,8,2,8,0,57621.0,57621.0,True,1.0,100%
era5_-22.50_-50.50,-22.5,-50.5,1986,10,8,2,8,0,57361.0,57361.0,True,1.0,100%
era5_-22.50_-50.50,-22.5,-50.5,1987,10,8,2,8,0,68579.0,68579.0,True,1.0,100%
era5_-22.50_-50.50,-22.5,-50.5,1988,10,8,2,8,0,80674.0,80674.0,True,1.0,100%
era5_-22.50_-50.50,-22.5,-50.5,1989,10,8,2,8,0,64080.0,64080.0,True,1.0,100%
era5_-22.50_-50.50,-22.5,-50.5,1990,10,8,2,8,0,67294.0,67294.0,True,1.0,100%
era5_-22.50_-50.50,-22.5,-50.5,1991,10,8,2,8,0,75974.0,75974.0,True,1.0,100%
era5_-22.50_-50.50,-22.5,-50.5,1992,10,8,2,7,1,74544.0,74544.0,True,1.0,100%
era5_-22.50_-50.50,-22.5,-50.5,1993,10,10,0,7,3,67314.0,67314.0,True,1.0,100%
era5_-22.50_-50.50,-22.5,-50.5,1994,10,10,0,7,3,79400.0,79400.0,True,1.0,100%
era5_-22.50_-50.50,-22.5,-50.5,1995,10,10,0,8,2,76030.0,76030.0,True,1.0,100%
era5_-22.50_-50.50,-22.5,-50.5,1996,10,10,0,9,1,74250.0,74250.0,True,1.0,100%
era5_-22.50_-50.50,-22.5,-50.5,1997,10,10,0,9,1,84011.0,84011.0,True,1.0,100%
era5_-22.50_-50.50,-22.5,-50.5,1998,10,10,0,9,1,89732.0,89732.0,True,1.0,100%
era5_-22.50_-50.50,-22.5,-50.5,1999,10,10,0,9,1,80923.0,80923.0,True,1.0,100%
era5_-22.50_-50.50,-22.5,-50.5,2000,10,10,0,8,2,92272.0,92272.0,True,1.0,100%
era5_-22.50_-50.50,-22.5,-50.5,2001,10,10,0,9,1,98259.0,98259.0,True,1.0,100%
era5_-22.50_-50.50,-22.5,-50.5,2002,10,10,0,8,2,101168.0,101168.0,True,1.0,100%
era5_-22.50_-50.50,-22.5,-50.5,2003,10,10,0,9,1,88748.0,88748.0,True,1.0,100%
era5_-22.50_-50.50,-22.5,-50.5,2004,10,10,0,10,0,94102.0,94102.0,True,1.0,100%
era5_-22.50_-50.50,-22.5,-50.5,2005,10,10,0,10,0,100596.0,100596.0,True,1.0,100%
era5_-22.50_-50.50,-22.5,-50.5,2006,10,10,0,10,0,131538.0,131538.0,True,1.0,100%
era5_-22.50_-50.50,-22.5,-50.5,2007,10,10,0,10,0,134316.0,134316.0,True,1.0,100%
era5_-22.50_-50.50,-22.5,-50.5,2008,10,10,0,10,0,154511.0,154511.0,True,1.0,100%
era5_-22.50_-50.50,-22.5,-50.5,2009,10,10,0,10,0,145609.0,145609.0,True,1.0,100%
era5_-22.50_-50.50,-22.5,-50.5,2010,10,10,0,10,0,148984.0,148984.0,True,1.0,100%
era5_-22.50_-50.50,-22.5,-50.5,2011,10,10,0,10,0,158034.0,158034.0,True,1.0,100%
era5_-22.50_-50.50,-22.5,-50.5,2012,10,10,0,10,0,142042.0,142042.0,True,1.0,100%
era5_-22.50_-50.50,-22.5,-50.5,2013,10,10,0,10,0,144479.0,144479.0,True,1.0,100%
era5_-22.50_-50.50,-22.5,-50.5,2014,10,10,0,10,0,159799.0,159799.0,True,1.0,100%
era5_-22.50_-50.50,-22.5,-50.5,2015,10,10,0,10,0,160871.0,160871.0,True,1.0,100%
era5_-22.50_-50.50,-22.5,-50.5,2016,10,10,0,10,0,156145.0,156145.0,True,1.0,100%
era5_-22.50_-50.50,-22.5,-50.5,2017,10,10,0,10,0,147422.0,147422.0,True,1.0,100%
era5_-22.50_-50.50,-22.5,-50.5,2018,10,10,0,10,0,148283.0,148283.0,True,1.0,100%
era5_-22.50_-50.50,-22.5,-50.5,2019,10,10,0,10,0,143473.0,143473.0,True,1.0,100%
era5_-22.50_-50.50,-22.5,-50.5,2020,10,10,0,10,0,131824.0,131824.0,True,1.0,100%
era5_-22.50_-50.50,-22.5,-50.5,2021,10,10,0,10,0,133801.0,133801.0,True,1.0,100%
era5_-22.50_-50.50,-22.5,-50.5,2022,10,10,0,10,0,140262.0,140262.0,True,1.0,100%
era5_-22.50_-50.50,-22.5,-50.5,2023,10,10,0,10,0,138844.0,138844.0,True,1.0,100%
era5_-22.50_-50.50,-22.5,-50.5,2024,10,10,0,10,0,138955.0,138955.0,True,1.0,100%
era5_-22.50_-50.50,-22.5,-50.5,2025,10,10,0,10,0,147056.0,147056.0,True,1.0,100%
era5_-22.50_-51.50,-22.5,-51.5,1974,9,8,1,1,7,1936.0,1936.0,True,1.0,100%
era5_-22.50_-51.50,-22.5,-51.5,1975,9,8,1,1,7,1936.0,1936.0,True,1.0,100%
era5_-22.50_-51.50,-22.5,-51.5,1976,9,8,1,2,6,6638.0,6638.0,True,1.0,100%
era5_-22.50_-51.50,-22.5,-51.5,1977,9,8,1,2,6,5780.0,5780.0,True,1.0,100%
era5_-22.50_-51.50,-22.5,-51.5,1978,9,8,1,2,6,6200.0,6200.0,True,1.0,100%
era5_-22.50_-51.50,-22.5,-51.5,1979,9,8,1,2,6,6200.0,6200.0,True,1.0,100%
era5_-22.50_-51.50,-22.5,-51.5,1980,9,8,1,2,6,4800.0,4800.0,True,1.0,100%
era5_-22.50_-51.50,-22.5,-51.5,1981,9,8,1,2,6,4543.0,4543.0,True,1.0,100%
era5_-22.50_-51.50,-22.5,-51.5,1982,9,8,1,3,5,7120.0,7120.0,True,1.0,100%
era5_-22.50_-51.50,-22.5,-51.5,1983,9,8,1,4,4,7810.0,7810.0,True,1.0,100%
era5_-22.50_-51.50,-22.5,-51.5,1984,9,8,1,4,4,8498.0,8498.0,True,1.0,100%
era5_-22.50_-51.50,-22.5,-51.5,1985,9,8,1,4,4,9636.0,9636.0,True,1.0,100%
era5_-22.50_-51.50,-22.5,-51.5,1986,9,8,1,4,4,10268.0,10268.0,True,1.0,100%
era5_-22.50_-51.50,-22.5,-51.5,1987,9,8,1,4,4,10533.0,10533.0,True,1.0,100%
era5_-22.50_-51.50,-22.5,-51.5,1988,9,8,1,4,4,9711.0,9711.0,True,1.0,100%
era5_-22.50_-51.50,-22.5,-51.5,1989,9,8,1,4,4,6757.0,6757.0,True,1.0,100%
era5_-22.50_-51.50,-22.5,-51.5,1990,9,8,1,5,3,7440.0,7440.0,True,1.0,100%
era5_-22.50_-51.50,-22.5,-51.5,1991,9,8,1,6,2,7910.0,7910.0,True,1.0,100%
era5_-22.50_-51.50,-22.5,-51.5,1992,9,8,1,5,3,7791.0,7791.0,True,1.0,100%
era5_-22.50_-51.50,-22.5,-51.5,1993,9,8,1,6,2,9713.0,9713.0,True,1.0,100%
era5_-22.50_-51.50,-22.5,-51.5,1994,9,8,1,6,2,9005.0,9005.0,True,1.0,100%
era5_-22.50_-51.50,-22.5,-51.5,1995,9,8,1,4,4,6941.0,6941.0,True,1.0,100%
era5_-22.50_-51.50,-22.5,-51.5,1996,9,8,1,5,3,8670.0,8670.0,True,1.0,100%
era5_-22.50_-51.50,-22.5,-51.5,1997,9,9,0,6,3,10995.0,10995.0,True,1.0,100%
era5_-22.50_-51.50,-22.5,-51.5,1998,9,9,0,5,4,13760.0,13760.0,True,1.0,100%
era5_-22.50_-51.50,-22.5,-51.5,1999,9,9,0,4,5,14260.0,14260.0,True,1.0,100%
era5_-22.50_-51.50,-22.5,-51.5,2000,9,9,0,4,5,12309.0,12309.0,True,1.0,100%
era5_-22.50_-51.50,-22.5,-51.5,2001,9,9,0,6,3,15700.0,15700.0,True,1.0,100%
era5_-22.50_-51.50,-22.5,-51.5,2002,9,9,0,6,3,15690.0,15690.0,True,1.0,100%
era5_-22.50_-51.50,-22.5,-51.5,2003,9,9,0,7,2,18440.0,18440.0,True,1.0,100%
era5_-22.50_-51.50,-22.5,-51.5,2004,9,9,0,7,2,18936.0,18936.0,True,1.0,100%
era5_-22.50_-51.50,-22.5,-51.5,2005,9,9,0,7,2,20766.0,20766.0,True,1.0,100%
era5_-22.50_-51.50,-22.5,-51.5,2006,9,9,0,9,0,32157.0,32157.0,True,1.0,100%
era5_-22.50_-51.50,-22.5,-51.5,2007,9,9,0,8,1,38011.0,38011.0,True,1.0,100%
era5_-22.50_-51.50,-22.5,-51.5,2008,9,9,0,9,0,66499.0,66499.0,True,1.0,100%
era5_-22.50_-51.50,-22.5,-51.5,2009,9,9,0,9,0,90959.0,90959.0,True,1.0,100%
era5_-22.50_-51.50,-22.5,-51.5,2010,9,9,0,9,0,99579.0,99579.0,True,1.0,100%
era5_-22.50_-51.50,-22.5,-51.5,2011,9,9,0,9,0,118507.0,118507.0,True,1.0,100%
era5_-22.50_-51.50,-22.5,-51.5,2012,9,9,0,9,0,136707.0,136707.0,True,1.0,100%
era5_-22.50_-51.50,-22.5,-51.5,2013,9,9,0,9,0,141482.0,141482.0,True,1.0,100%
era5_-22.50_-51.50,-22.5,-51.5,2014,9,9,0,9,0,129740.0,129740.0,True,1.0,100%
era5_-22.50_-51.50,-22.5,-51.5,2015,9,9,0,9,0,106965.0,106965.0,True,1.0,100%
era5_-22.50_-51.50,-22.5,-51.5,2016,9,9,0,9,0,113357.0,113357.0,True,1.0,100%
era5_-22.50_-51.50,-22.5,-51.5,2017,9,9,0,9,0,114053.0,114053.0,True,1.0,100%
era5_-22.50_-51.50,-22.5,-51.5,2018,9,9,0,9,0,109157.0,109157.0,True,1.0,100%
era5_-22.50_-51.50,-22.5,-51.5,2019,9,9,0,9,0,109107.0,109107.0,True,1.0,100%
era5_-22.50_-51.50,-22.5,-51.5,2020,9,9,0,9,0,128442.0,128442.0,True,1.0,100%
era5_-22.50_-51.50,-22.5,-51.5,2021,9,9,0,9,0,123620.0,123620.0,True,1.0,100%
era5_-22.50_-51.50,-22.5,-51.5,2022,9,9,0,9,0,121741.0,121741.0,True,1.0,100%
era5_-22.50_-51.50,-22.5,-51.5,2023,9,9,0,9,0,121230.0,121230.0,True,1.0,100%
era5_-22.50_-51.50,-22.5,-51.5,2024,9,9,0,9,0,123482.0,123482.0,True,1.0,100%
era5_-22.50_-51.50,-22.5,-51.5,2025,9,9,0,9,0,128192.0,128192.0,True,1.0,100%
era5_-22.50_-52.50,-22.5,-52.5,1974,2,1,1,0,1,0.0,0.0,False,,invalid_nonpositive_denominator
era5_-22.50_-52.50,-22.5,-52.5,1975,2,1,1,0,1,0.0,0.0,False,,invalid_nonpositive_denominator
era5_-22.50_-52.50,-22.5,-52.5,1976,2,1,1,0,1,0.0,0.0,False,,invalid_nonpositive_denominator
era5_-22.50_-52.50,-22.5,-52.5,1977,2,1,1,0,1,0.0,0.0,False,,invalid_nonpositive_denominator
era5_-22.50_-52.50,-22.5,-52.5,1978,2,1,1,1,0,840.0,840.0,True,1.0,100%
era5_-22.50_-52.50,-22.5,-52.5,1979,2,1,1,1,0,3000.0,3000.0,True,1.0,100%
era5_-22.50_-52.50,-22.5,-52.5,1980,2,1,1,1,0,5900.0,5900.0,True,1.0,100%
era5_-22.50_-52.50,-22.5,-52.5,1981,2,1,1,1,0,6009.0,6009.0,True,1.0,100%
era5_-22.50_-52.50,-22.5,-52.5,1982,2,1,1,1,0,8500.0,8500.0,True,1.0,100%
era5_-22.50_-52.50,-22.5,-52.5,1983,2,1,1,1,0,9000.0,9000.0,True,1.0,100%
era5_-22.50_-52.50,-22.5,-52.5,1984,2,1,1,1,0,10086.0,10086.0,True,1.0,100%
era5_-22.50_-52.50,-22.5,-52.5,1985,2,1,1,1,0,10046.0,10046.0,True,1.0,100%
era5_-22.50_-52.50,-22.5,-52.5,1986,2,1,1,1,0,10046.0,10046.0,True,1.0,100%
era5_-22.50_-52.50,-22.5,-52.5,1987,2,1,1,1,0,10046.0,10046.0,True,1.0,100%
era5_-22.50_-52.50,-22.5,-52.5,1988,2,1,1,1,0,10000.0,10000.0,True,1.0,100%
era5_-22.50_-52.50,-22.5,-52.5,1989,2,1,1,1,0,14579.0,14579.0,True,1.0,100%
era5_-22.50_-52.50,-22.5,-52.5,1990,2,1,1,1,0,15539.0,15539.0,True,1.0,100%
era5_-22.50_-52.50,-22.5,-52.5,1991,2,1,1,1,0,15540.0,15540.0,True,1.0,100%
era5_-22.50_-52.50,-22.5,-52.5,1992,2,1,1,1,0,15000.0,15000.0,True,1.0,100%
era5_-22.50_-52.50,-22.5,-52.5,1993,2,2,0,2,0,6156.0,6156.0,True,1.0,100%
era5_-22.50_-52.50,-22.5,-52.5,1994,2,2,0,2,0,15842.0,15842.0,True,1.0,100%
era5_-22.50_-52.50,-22.5,-52.5,1995,2,2,0,2,0,3242.0,3242.0,True,1.0,100%
era5_-22.50_-52.50,-22.5,-52.5,1996,2,2,0,2,0,21022.0,21022.0,True,1.0,100%
era5_-22.50_-52.50,-22.5,-52.5,1997,2,2,0,2,0,18779.0,18779.0,True,1.0,100%
era5_-22.50_-52.50,-22.5,-52.5,1998,2,2,0,2,0,22139.0,22139.0,True,1.0,100%
era5_-22.50_-52.50,-22.5,-52.5,1999,2,2,0,2,0,17000.0,17000.0,True,1.0,100%
era5_-22.50_-52.50,-22.5,-52.5,2000,2,2,0,2,0,18000.0,18000.0,True,1.0,100%
era5_-22.50_-52.50,-22.5,-52.5,2001,2,2,0,2,0,13000.0,13000.0,True,1.0,100%
era5_-22.50_-52.50,-22.5,-52.5,2002,2,2,0,2,0,13074.0,13074.0,True,1.0,100%
era5_-22.50_-52.50,-22.5,-52.5,2003,2,2,0,2,0,12270.0,12270.0,True,1.0,100%
era5_-22.50_-52.50,-22.5,-52.5,2004,2,2,0,1,1,14178.0,14178.0,True,1.0,100%
era5_-22.50_-52.50,-22.5,-52.5,2005,2,2,0,1,1,16650.0,16650.0,True,1.0,100%
era5_-22.50_-52.50,-22.5,-52.5,2006,2,2,0,2,0,19650.0,19650.0,True,1.0,100%
era5_-22.50_-52.50,-22.5,-52.5,2007,2,2,0,2,0,19290.0,19290.0,True,1.0,100%
era5_-22.50_-52.50,-22.5,-52.5,2008,2,2,0,2,0,26600.0,26600.0,True,1.0,100%
era5_-22.50_-52.50,-22.5,-52.5,2009,2,2,0,1,1,26400.0,26400.0,True,1.0,100%
era5_-22.50_-52.50,-22.5,-52.5,2010,2,2,0,2,0,27247.0,27247.0,True,1.0,100%
era5_-22.50_-52.50,-22.5,-52.5,2011,2,2,0,2,0,35166.0,35166.0,True,1.0,100%
era5_-22.50_-52.50,-22.5,-52.5,2012,2,2,0,2,0,36393.0,36393.0,True,1.0,100%
era5_-22.50_-52.50,-22.5,-52.5,2013,2,2,0,2,0,41684.0,41684.0,True,1.0,100%
era5_-22.50_-52.50,-22.5,-52.5,2014,2,2,0,2,0,45674.0,45674.0,True,1.0,100%
era5_-22.50_-52.50,-22.5,-52.5,2015,2,2,0,2,0,28829.0,28829.0,True,1.0,100%
era5_-22.50_-52.50,-22.5,-52.5,2016,2,2,0,2,0,37529.0,37529.0,True,1.0,100%
era5_-22.50_-52.50,-22.5,-52.5,2017,2,2,0,2,0,39818.0,39818.0,True,1.0,100%
era5_-22.50_-52.50,-22.5,-52.5,2018,2,2,0,2,0,38781.0,38781.0,True,1.0,100%
era5_-22.50_-52.50,-22.5,-52.5,2019,2,2,0,2,0,39782.0,39782.0,True,1.0,100%
era5_-22.50_-52.50,-22.5,-52.5,2020,2,2,0,2,0,33276.0,33276.0,True,1.0,100%
era5_-22.50_-52.50,-22.5,-52.5,2021,2,2,0,2,0,37577.0,37577.0,True,1.0,100%
era5_-22.50_-52.50,-22.5,-52.5,2022,2,2,0,2,0,40892.0,40892.0,True,1.0,100%
era5_-22.50_-52.50,-22.5,-52.5,2023,2,2,0,2,0,40208.0,40208.0,True,1.0,100%
era5_-22.50_-52.50,-22.5,-52.5,2024,2,2,0,2,0,40950.0,40950.0,True,1.0,100%
era5_-22.50_-52.50,-22.5,-52.5,2025,2,2,0,2,0,39620.0,39620.0,True,1.0,100%
era5_-22.50_-53.00,-22.5,-53.0,1974,1,0,1,0,0,0.0,0.0,False,,invalid_nonpositive_denominator
era5_-22.50_-53.00,-22.5,-53.0,1975,1,0,1,0,0,0.0,0.0,False,,invalid_nonpositive_denominator
era5_-22.50_-53.00,-22.5,-53.0,1976,1,0,1,0,0,0.0,0.0,False,,invalid_nonpositive_denominator
era5_-22.50_-53.00,-22.5,-53.0,1977,1,0,1,0,0,0.0,0.0,False,,invalid_nonpositive_denominator
era5_-22.50_-53.00,-22.5,-53.0,1978,1,0,1,0,0,0.0,0.0,False,,invalid_nonpositive_denominator
era5_-22.50_-53.00,-22.5,-53.0,1979,1,0,1,0,0,0.0,0.0,False,,invalid_nonpositive_denominator
era5_-22.50_-53.00,-22.5,-53.0,1980,1,0,1,0,0,0.0,0.0,False,,invalid_nonpositive_denominator
era5_-22.50_-53.00,-22.5,-53.0,1981,1,0,1,0,0,0.0,0.0,False,,invalid_nonpositive_denominator
era5_-22.50_-53.00,-22.5,-53.0,1982,1,0,1,0,0,0.0,0.0,False,,invalid_nonpositive_denominator
era5_-22.50_-53.00,-22.5,-53.0,1983,1,0,1,0,0,0.0,0.0,False,,invalid_nonpositive_denominator
era5_-22.50_-53.00,-22.5,-53.0,1984,1,0,1,0,0,0.0,0.0,False,,invalid_nonpositive_denominator
era5_-22.50_-53.00,-22.5,-53.0,1985,1,0,1,0,0,0.0,0.0,False,,invalid_nonpositive_denominator
era5_-22.50_-53.00,-22.5,-53.0,1986,1,0,1,0,0,0.0,0.0,False,,invalid_nonpositive_denominator
era5_-22.50_-53.00,-22.5,-53.0,1987,1,0,1,0,0,0.0,0.0,False,,invalid_nonpositive_denominator
era5_-22.50_-53.00,-22.5,-53.0,1988,1,0,1,0,0,0.0,0.0,False,,invalid_nonpositive_denominator
era5_-22.50_-53.00,-22.5,-53.0,1989,1,0,1,0,0,0.0,0.0,False,,invalid_nonpositive_denominator
era5_-22.50_-53.00,-22.5,-53.0,1990,1,0,1,0,0,0.0,0.0,False,,invalid_nonpositive_denominator
era5_-22.50_-53.00,-22.5,-53.0,1991,1,0,1,0,0,0.0,0.0,False,,invalid_nonpositive_denominator
era5_-22.50_-53.00,-22.5,-53.0,1992,1,0,1,0,0,0.0,0.0,False,,invalid_nonpositive_denominator
era5_-22.50_-53.00,-22.5,-53.0,1993,1,1,0,0,1,0.0,0.0,False,,invalid_nonpositive_denominator
era5_-22.50_-53.00,-22.5,-53.0,1994,1,1,0,0,1,0.0,0.0,False,,invalid_nonpositive_denominator
era5_-22.50_-53.00,-22.5,-53.0,1995,1,1,0,0,1,0.0,0.0,False,,invalid_nonpositive_denominator
era5_-22.50_-53.00,-22.5,-53.0,1996,1,1,0,0,1,0.0,0.0,False,,invalid_nonpositive_denominator
era5_-22.50_-53.00,-22.5,-53.0,1997,1,1,0,1,0,596.0,596.0,True,1.0,100%
era5_-22.50_-53.00,-22.5,-53.0,1998,1,1,0,1,0,603.0,603.0,True,1.0,100%
era5_-22.50_-53.00,-22.5,-53.0,1999,1,1,0,1,0,589.0,589.0,True,1.0,100%
era5_-22.50_-53.00,-22.5,-53.0,2000,1,1,0,0,1,0.0,0.0,False,,invalid_nonpositive_denominator
era5_-22.50_-53.00,-22.5,-53.0,2001,1,1,0,1,0,100.0,100.0,True,1.0,100%
era5_-22.50_-53.00,-22.5,-53.0,2002,1,1,0,1,0,371.0,371.0,True,1.0,100%
era5_-22.50_-53.00,-22.5,-53.0,2003,1,1,0,0,1,0.0,0.0,False,,invalid_nonpositive_denominator
era5_-22.50_-53.00,-22.5,-53.0,2004,1,1,0,0,1,0.0,0.0,False,,invalid_nonpositive_denominator
era5_-22.50_-53.00,-22.5,-53.0,2005,1,1,0,1,0,217.0,217.0,True,1.0,100%
era5_-22.50_-53.00,-22.5,-53.0,2006,1,1,0,1,0,40.0,40.0,True,1.0,100%
era5_-22.50_-53.00,-22.5,-53.0,2007,1,1,0,1,0,696.0,696.0,True,1.0,100%
era5_-22.50_-53.00,-22.5,-53.0,2008,1,1,0,1,0,700.0,700.0,True,1.0,100%
era5_-22.50_-53.00,-22.5,-53.0,2009,1,1,0,0,1,0.0,0.0,False,,invalid_nonpositive_denominator
era5_-22.50_-53.00,-22.5,-53.0,2010,1,1,0,1,0,2254.0,2254.0,True,1.0,100%
era5_-22.50_-53.00,-22.5,-53.0,2011,1,1,0,1,0,2163.0,2163.0,True,1.0,100%
era5_-22.50_-53.00,-22.5,-53.0,2012,1,1,0,1,0,5923.0,5923.0,True,1.0,100%
era5_-22.50_-53.00,-22.5,-53.0,2013,1,1,0,1,0,6165.0,6165.0,True,1.0,100%
era5_-22.50_-53.00,-22.5,-53.0,2014,1,1,0,1,0,6923.0,6923.0,True,1.0,100%
era5_-22.50_-53.00,-22.5,-53.0,2015,1,1,0,1,0,6018.0,6018.0,True,1.0,100%
era5_-22.50_-53.00,-22.5,-53.0,2016,1,1,0,1,0,7599.0,7599.0,True,1.0,100%
era5_-22.50_-53.00,-22.5,-53.0,2017,1,1,0,1,0,7534.0,7534.0,True,1.0,100%
era5_-22.50_-53.00,-22.5,-53.0,2018,1,1,0,1,0,6591.0,6591.0,True,1.0,100%
era5_-22.50_-53.00,-22.5,-53.0,2019,1,1,0,1,0,5690.0,5690.0,True,1.0,100%
era5_-22.50_-53.00,-22.5,-53.0,2020,1,1,0,1,0,2626.0,2626.0,True,1.0,100%
era5_-22.50_-53.00,-22.5,-53.0,2021,1,1,0,1,0,2626.0,2626.0,True,1.0,100%
era5_-22.50_-53.00,-22.5,-53.0,2022,1,1,0,1,0,298.0,298.0,True,1.0,100%
era5_-22.50_-53.00,-22.5,-53.0,2023,1,1,0,0,1,0.0,0.0,False,,invalid_nonpositive_denominator
era5_-22.50_-53.00,-22.5,-53.0,2024,1,1,0,0,1,0.0,0.0,False,,invalid_nonpositive_denominator
era5_-22.50_-53.00,-22.5,-53.0,2025,1,1,0,0,1,0.0,0.0,False,,invalid_nonpositive_denominator
era5_-23.00_-45.00,-23.0,-45.0,1974,2,2,0,2,0,605.0,605.0,True,1.0,100%
era5_-23.00_-45.00,-23.0,-45.0,1975,2,2,0,2,0,655.0,655.0,True,1.0,100%
era5_-23.00_-45.00,-23.0,-45.0,1976,2,2,0,2,0,187.0,187.0,True,1.0,100%
era5_-23.00_-45.00,-23.0,-45.0,1977,2,2,0,2,0,260.0,260.0,True,1.0,100%
era5_-23.00_-45.00,-23.0,-45.0,1978,2,2,0,2,0,260.0,260.0,True,1.0,100%
era5_-23.00_-45.00,-23.0,-45.0,1979,2,2,0,2,0,187.0,187.0,True,1.0,100%
era5_-23.00_-45.00,-23.0,-45.0,1980,2,2,0,2,0,211.0,211.0,True,1.0,100%
era5_-23.00_-45.00,-23.0,-45.0,1981,2,2,0,1,1,388.0,388.0,True,1.0,100%
era5_-23.00_-45.00,-23.0,-45.0,1982,2,2,0,0,2,0.0,0.0,False,,invalid_nonpositive_denominator
era5_-23.00_-45.00,-23.0,-45.0,1983,2,2,0,2,0,620.0,620.0,True,1.0,100%
era5_-23.00_-45.00,-23.0,-45.0,1984,2,2,0,2,0,720.0,720.0,True,1.0,100%
era5_-23.00_-45.00,-23.0,-45.0,1985,2,2,0,2,0,720.0,720.0,True,1.0,100%
era5_-23.00_-45.00,-23.0,-45.0,1986,2,2,0,2,0,820.0,820.0,True,1.0,100%
era5_-23.00_-45.00,-23.0,-45.0,1987,2,2,0,1,1,424.0,424.0,True,1.0,100%
era5_-23.00_-45.00,-23.0,-45.0,1988,2,2,0,2,0,774.0,774.0,True,1.0,100%
era5_-23.00_-45.00,-23.0,-45.0,1989,2,2,0,1,1,560.0,560.0,True,1.0,100%
era5_-23.00_-45.00,-23.0,-45.0,1990,2,2,0,0,2,0.0,0.0,False,,invalid_nonpositive_denominator
era5_-23.00_-45.00,-23.0,-45.0,1991,2,2,0,1,1,500.0,500.0,True,1.0,100%
era5_-23.00_-45.00,-23.0,-45.0,1992,2,2,0,1,1,500.0,500.0,True,1.0,100%
era5_-23.00_-45.00,-23.0,-45.0,1993,2,2,0,1,1,500.0,500.0,True,1.0,100%
era5_-23.00_-45.00,-23.0,-45.0,1994,2,2,0,1,1,100.0,100.0,True,1.0,100%
era5_-23.00_-45.00,-23.0,-45.0,1995,2,2,0,1,1,10.0,10.0,True,1.0,100%
era5_-23.00_-45.00,-23.0,-45.0,1996,2,1,1,0,1,0.0,0.0,False,,invalid_nonpositive_denominator
era5_-23.00_-45.00,-23.0,-45.0,1997,2,2,0,1,1,500.0,500.0,True,1.0,100%
era5_-23.00_-45.00,-23.0,-45.0,1998,2,2,0,1,1,300.0,300.0,True,1.0,100%
era5_-23.00_-45.00,-23.0,-45.0,1999,2,2,0,1,1,300.0,300.0,True,1.0,100%
era5_-23.00_-45.00,-23.0,-45.0,2000,2,2,0,0,2,0.0,0.0,False,,invalid_nonpositive_denominator
era5_-23.00_-45.00,-23.0,-45.0,2001,2,2,0,0,2,0.0,0.0,False,,invalid_nonpositive_denominator
era5_-23.00_-45.00,-23.0,-45.0,2002,2,2,0,0,2,0.0,0.0,False,,invalid_nonpositive_denominator
era5_-23.00_-45.00,-23.0,-45.0,2003,2,2,0,0,2,0.0,0.0,False,,invalid_nonpositive_denominator
era5_-23.00_-45.00,-23.0,-45.0,2004,2,2,0,0,2,0.0,0.0,False,,invalid_nonpositive_denominator
era5_-23.00_-45.00,-23.0,-45.0,2005,2,2,0,0,2,0.0,0.0,False,,invalid_nonpositive_denominator
era5_-23.00_-45.00,-23.0,-45.0,2006,2,2,0,0,2,0.0,0.0,False,,invalid_nonpositive_denominator
era5_-23.00_-45.00,-23.0,-45.0,2007,2,2,0,1,1,6.0,6.0,True,1.0,100%
era5_-23.00_-45.00,-23.0,-45.0,2008,2,2,0,0,2,0.0,0.0,False,,invalid_nonpositive_denominator
era5_-23.00_-45.00,-23.0,-45.0,2009,2,2,0,0,2,0.0,0.0,False,,invalid_nonpositive_denominator
era5_-23.00_-45.00,-23.0,-45.0,2010,2,2,0,1,1,272.0,272.0,True,1.0,100%
era5_-23.00_-45.00,-23.0,-45.0,2011,2,2,0,1,1,72.0,72.0,True,1.0,100%
era5_-23.00_-45.00,-23.0,-45.0,2012,2,2,0,0,2,0.0,0.0,False,,invalid_nonpositive_denominator
era5_-23.00_-45.00,-23.0,-45.0,2013,2,2,0,0,2,0.0,0.0,False,,invalid_nonpositive_denominator
era5_-23.00_-45.00,-23.0,-45.0,2014,2,2,0,0,2,0.0,0.0,False,,invalid_nonpositive_denominator
era5_-23.00_-45.00,-23.0,-45.0,2015,2,2,0,0,2,0.0,0.0,False,,invalid_nonpositive_denominator
era5_-23.00_-45.00,-23.0,-45.0,2016,2,2,0,1,1,6.0,6.0,True,1.0,100%
era5_-23.00_-45.00,-23.0,-45.0,2017,2,2,0,1,1,6.0,6.0,True,1.0,100%
era5_-23.00_-45.00,-23.0,-45.0,2018,2,2,0,1,1,10.0,10.0,True,1.0,100%
era5_-23.00_-45.00,-23.0,-45.0,2019,2,2,0,1,1,10.0,10.0,True,1.0,100%
era5_-23.00_-45.00,-23.0,-45.0,2020,2,2,0,0,2,0.0,0.0,False,,invalid_nonpositive_denominator
era5_-23.00_-45.00,-23.0,-45.0,2021,2,2,0,2,0,25.0,25.0,True,1.0,100%
era5_-23.00_-45.00,-23.0,-45.0,2022,2,2,0,1,1,10.0,10.0,True,1.0,100%
era5_-23.00_-45.00,-23.0,-45.0,2023,2,2,0,2,0,18.0,18.0,True,1.0,100%
era5_-23.00_-45.00,-23.0,-45.0,2024,2,2,0,1,1,8.0,8.0,True,1.0,100%
era5_-23.00_-45.00,-23.0,-45.0,2025,2,2,0,0,2,0.0,0.0,False,,invalid_nonpositive_denominator
era5_-23.00_-45.50,-23.0,-45.5,1974,5,5,0,4,1,470.0,470.0,True,1.0,100%
era5_-23.00_-45.50,-23.0,-45.5,1975,5,5,0,4,1,501.0,501.0,True,1.0,100%
era5_-23.00_-45.50,-23.0,-45.5,1976,5,5,0,4,1,368.0,368.0,True,1.0,100%
era5_-23.00_-45.50,-23.0,-45.5,1977,5,5,0,4,1,652.0,652.0,True,1.0,100%
era5_-23.00_-45.50,-23.0,-45.5,1978,5,5,0,4,1,290.0,290.0,True,1.0,100%
era5_-23.00_-45.50,-23.0,-45.5,1979,5,5,0,4,1,435.0,435.0,True,1.0,100%
era5_-23.00_-45.50,-23.0,-45.5,1980,5,5,0,4,1,610.0,610.0,True,1.0,100%
era5_-23.00_-45.50,-23.0,-45.5,1981,5,5,0,4,1,919.0,919.0,True,1.0,100%
era5_-23.00_-45.50,-23.0,-45.5,1982,5,5,0,4,1,1190.0,1190.0,True,1.0,100%
era5_-23.00_-45.50,-23.0,-45.5,1983,5,5,0,5,0,1000.0,1000.0,True,1.0,100%
era5_-23.00_-45.50,-23.0,-45.5,1984,5,5,0,5,0,640.0,640.0,True,1.0,100%
era5_-23.00_-45.50,-23.0,-45.5,1985,5,5,0,5,0,1040.0,1040.0,True,1.0,100%
era5_-23.00_-45.50,-23.0,-45.5,1986,5,5,0,5,0,980.0,980.0,True,1.0,100%
era5_-23.00_-45.50,-23.0,-45.5,1987,5,5,0,5,0,980.0,980.0,True,1.0,100%
era5_-23.00_-45.50,-23.0,-45.5,1988,5,5,0,5,0,1033.0,1033.0,True,1.0,100%
era5_-23.00_-45.50,-23.0,-45.5,1989,5,5,0,5,0,1061.0,1061.0,True,1.0,100%
era5_-23.00_-45.50,-23.0,-45.5,1990,5,5,0,5,0,820.0,820.0,True,1.0,100%
era5_-23.00_-45.50,-23.0,-45.5,1991,5,5,0,5,0,790.0,790.0,True,1.0,100%
era5_-23.00_-45.50,-23.0,-45.5,1992,5,5,0,5,0,730.0,730.0,True,1.0,100%
era5_-23.00_-45.50,-23.0,-45.5,1993,5,5,0,5,0,450.0,450.0,True,1.0,100%
era5_-23.00_-45.50,-23.0,-45.5,1994,5,5,0,5,0,850.0,850.0,True,1.0,100%
era5_-23.00_-45.50,-23.0,-45.5,1995,5,5,0,5,0,850.0,850.0,True,1.0,100%
era5_-23.00_-45.50,-23.0,-45.5,1996,5,5,0,3,2,805.0,805.0,True,1.0,100%
era5_-23.00_-45.50,-23.0,-45.5,1997,5,5,0,5,0,860.0,860.0,True,1.0,100%
era5_-23.00_-45.50,-23.0,-45.5,1998,5,5,0,4,1,840.0,840.0,True,1.0,100%
era5_-23.00_-45.50,-23.0,-45.5,1999,5,5,0,3,2,640.0,640.0,True,1.0,100%
era5_-23.00_-45.50,-23.0,-45.5,2000,5,5,0,2,3,808.0,808.0,True,1.0,100%
era5_-23.00_-45.50,-23.0,-45.5,2001,5,5,0,3,2,878.0,878.0,True,1.0,100%
era5_-23.00_-45.50,-23.0,-45.5,2002,5,5,0,2,3,870.0,870.0,True,1.0,100%
era5_-23.00_-45.50,-23.0,-45.5,2003,5,5,0,2,3,870.0,870.0,True,1.0,100%
era5_-23.00_-45.50,-23.0,-45.5,2004,5,5,0,2,3,870.0,870.0,True,1.0,100%
era5_-23.00_-45.50,-23.0,-45.5,2005,5,5,0,3,2,1091.0,1091.0,True,1.0,100%
era5_-23.00_-45.50,-23.0,-45.5,2006,5,5,0,3,2,1340.0,1340.0,True,1.0,100%
era5_-23.00_-45.50,-23.0,-45.5,2007,5,5,0,3,2,1030.0,1030.0,True,1.0,100%
era5_-23.00_-45.50,-23.0,-45.5,2008,5,5,0,3,2,1001.0,1001.0,True,1.0,100%
era5_-23.00_-45.50,-23.0,-45.5,2009,5,5,0,3,2,911.0,911.0,True,1.0,100%
era5_-23.00_-45.50,-23.0,-45.5,2010,5,5,0,3,2,990.0,990.0,True,1.0,100%
era5_-23.00_-45.50,-23.0,-45.5,2011,5,5,0,3,2,500.0,500.0,True,1.0,100%
era5_-23.00_-45.50,-23.0,-45.5,2012,5,5,0,1,4,5.0,5.0,True,1.0,100%
era5_-23.00_-45.50,-23.0,-45.5,2013,5,5,0,3,2,2023.0,2023.0,True,1.0,100%
era5_-23.00_-45.50,-23.0,-45.5,2014,5,5,0,2,3,2020.0,2020.0,True,1.0,100%
era5_-23.00_-45.50,-23.0,-45.5,2015,5,5,0,1,4,2000.0,2000.0,True,1.0,100%
era5_-23.00_-45.50,-23.0,-45.5,2016,5,5,0,3,2,2025.0,2025.0,True,1.0,100%
era5_-23.00_-45.50,-23.0,-45.5,2017,5,5,0,2,3,2015.0,2015.0,True,1.0,100%
era5_-23.00_-45.50,-23.0,-45.5,2018,5,5,0,3,2,2054.0,2054.0,True,1.0,100%
era5_-23.00_-45.50,-23.0,-45.5,2019,5,5,0,2,3,2013.0,2013.0,True,1.0,100%
era5_-23.00_-45.50,-23.0,-45.5,2020,5,4,1,2,2,2013.0,2013.0,True,1.0,100%
era5_-23.00_-45.50,-23.0,-45.5,2021,5,5,0,2,3,2012.0,2012.0,True,1.0,100%
era5_-23.00_-45.50,-23.0,-45.5,2022,5,5,0,2,3,2012.0,2012.0,True,1.0,100%
era5_-23.00_-45.50,-23.0,-45.5,2023,5,4,1,2,2,1812.0,1812.0,True,1.0,100%
era5_-23.00_-45.50,-23.0,-45.5,2024,5,4,1,2,2,1812.0,1812.0,True,1.0,100%
era5_-23.00_-45.50,-23.0,-45.5,2025,5,5,0,2,3,2012.0,2012.0,True,1.0,100%
era5_-23.00_-46.50,-23.0,-46.5,1974,8,8,0,7,1,732.0,732.0,True,1.0,100%
era5_-23.00_-46.50,-23.0,-46.5,1975,8,8,0,6,2,819.0,819.0,True,1.0,100%
era5_-23.00_-46.50,-23.0,-46.5,1976,8,8,0,6,2,372.0,372.0,True,1.0,100%
era5_-23.00_-46.50,-23.0,-46.5,1977,8,8,0,7,1,1030.0,1030.0,True,1.0,100%
era5_-23.00_-46.50,-23.0,-46.5,1978,8,8,0,5,3,780.0,780.0,True,1.0,100%
era5_-23.00_-46.50,-23.0,-46.5,1979,8,8,0,5,3,790.0,790.0,True,1.0,100%
era5_-23.00_-46.50,-23.0,-46.5,1980,8,8,0,5,3,610.0,610.0,True,1.0,100%
era5_-23.00_-46.50,-23.0,-46.5,1981,8,8,0,5,3,679.0,679.0,True,1.0,100%
era5_-23.00_-46.50,-23.0,-46.5,1982,8,8,0,6,2,720.0,720.0,True,1.0,100%
era5_-23.00_-46.50,-23.0,-46.5,1983,8,8,0,5,3,435.0,435.0,True,1.0,100%
era5_-23.00_-46.50,-23.0,-46.5,1984,8,8,0,6,2,266.0,266.0,True,1.0,100%
era5_-23.00_-46.50,-23.0,-46.5,1985,8,8,0,6,2,346.0,346.0,True,1.0,100%
era5_-23.00_-46.50,-23.0,-46.5,1986,8,8,0,6,2,311.0,311.0,True,1.0,100%
era5_-23.00_-46.50,-23.0,-46.5,1987,8,8,0,7,1,321.0,321.0,True,1.0,100%
era5_-23.00_-46.50,-23.0,-46.5,1988,8,8,0,7,1,361.0,361.0,True,1.0,100%
era5_-23.00_-46.50,-23.0,-46.5,1989,8,8,0,7,1,441.0,441.0,True,1.0,100%
era5_-23.00_-46.50,-23.0,-46.5,1990,8,8,0,7,1,401.0,401.0,True,1.0,100%
era5_-23.00_-46.50,-23.0,-46.5,1991,8,8,0,7,1,491.0,491.0,True,1.0,100%
era5_-23.00_-46.50,-23.0,-46.5,1992,8,8,0,7,1,576.0,576.0,True,1.0,100%
era5_-23.00_-46.50,-23.0,-46.5,1993,8,8,0,7,1,576.0,576.0,True,1.0,100%
era5_-23.00_-46.50,-23.0,-46.5,1994,8,8,0,7,1,570.0,570.0,True,1.0,100%
era5_-23.00_-46.50,-23.0,-46.5,1995,8,8,0,7,1,570.0,570.0,True,1.0,100%
era5_-23.00_-46.50,-23.0,-46.5,1996,8,8,0,7,1,560.0,560.0,True,1.0,100%
era5_-23.00_-46.50,-23.0,-46.5,1997,8,8,0,6,2,515.0,515.0,True,1.0,100%
era5_-23.00_-46.50,-23.0,-46.5,1998,8,8,0,6,2,481.0,481.0,True,1.0,100%
era5_-23.00_-46.50,-23.0,-46.5,1999,8,8,0,6,2,461.0,461.0,True,1.0,100%
era5_-23.00_-46.50,-23.0,-46.5,2000,8,8,0,2,6,280.0,280.0,True,1.0,100%
era5_-23.00_-46.50,-23.0,-46.5,2001,8,8,0,2,6,347.0,347.0,True,1.0,100%
era5_-23.00_-46.50,-23.0,-46.5,2002,8,8,0,6,2,540.0,540.0,True,1.0,100%
era5_-23.00_-46.50,-23.0,-46.5,2003,8,8,0,6,2,540.0,540.0,True,1.0,100%
era5_-23.00_-46.50,-23.0,-46.5,2004,8,8,0,6,2,535.0,535.0,True,1.0,100%
era5_-23.00_-46.50,-23.0,-46.5,2005,8,8,0,6,2,535.0,535.0,True,1.0,100%
era5_-23.00_-46.50,-23.0,-46.5,2006,8,8,0,6,2,2919.0,2919.0,True,1.0,100%
era5_-23.00_-46.50,-23.0,-46.5,2007,8,8,0,6,2,524.0,524.0,True,1.0,100%
era5_-23.00_-46.50,-23.0,-46.5,2008,8,8,0,7,1,700.0,700.0,True,1.0,100%
era5_-23.00_-46.50,-23.0,-46.5,2009,8,8,0,7,1,700.0,700.0,True,1.0,100%
era5_-23.00_-46.50,-23.0,-46.5,2010,8,8,0,7,1,640.0,640.0,True,1.0,100%
era5_-23.00_-46.50,-23.0,-46.5,2011,8,8,0,8,0,609.0,609.0,True,1.0,100%
era5_-23.00_-46.50,-23.0,-46.5,2012,8,8,0,6,2,220.0,220.0,True,1.0,100%
era5_-23.00_-46.50,-23.0,-46.5,2013,8,8,0,6,2,230.0,230.0,True,1.0,100%
era5_-23.00_-46.50,-23.0,-46.5,2014,8,8,0,6,2,255.0,255.0,True,1.0,100%
era5_-23.00_-46.50,-23.0,-46.5,2015,8,8,0,6,2,255.0,255.0,True,1.0,100%
era5_-23.00_-46.50,-23.0,-46.5,2016,8,8,0,6,2,225.0,225.0,True,1.0,100%
era5_-23.00_-46.50,-23.0,-46.5,2017,8,8,0,6,2,235.0,235.0,True,1.0,100%
era5_-23.00_-46.50,-23.0,-46.5,2018,8,8,0,6,2,245.0,245.0,True,1.0,100%
era5_-23.00_-46.50,-23.0,-46.5,2019,8,8,0,6,2,172.0,172.0,True,1.0,100%
era5_-23.00_-46.50,-23.0,-46.5,2020,8,8,0,6,2,172.0,172.0,True,1.0,100%
era5_-23.00_-46.50,-23.0,-46.5,2021,8,8,0,6,2,172.0,172.0,True,1.0,100%
era5_-23.00_-46.50,-23.0,-46.5,2022,8,8,0,6,2,217.0,217.0,True,1.0,100%
era5_-23.00_-46.50,-23.0,-46.5,2023,8,8,0,6,2,217.0,217.0,True,1.0,100%
era5_-23.00_-46.50,-23.0,-46.5,2024,8,8,0,6,2,217.0,217.0,True,1.0,100%
era5_-23.00_-46.50,-23.0,-46.5,2025,8,8,0,6,2,217.0,217.0,True,1.0,100%
era5_-23.00_-47.00,-23.0,-47.0,1974,8,7,1,5,2,2655.0,2655.0,True,1.0,100%
era5_-23.00_-47.00,-23.0,-47.0,1975,8,7,1,5,2,2540.0,2540.0,True,1.0,100%
era5_-23.00_-47.00,-23.0,-47.0,1976,8,7,1,4,3,1985.0,1985.0,True,1.0,100%
era5_-23.00_-47.00,-23.0,-47.0,1977,8,7,1,5,2,2380.0,2380.0,True,1.0,100%
era5_-23.00_-47.00,-23.0,-47.0,1978,8,7,1,5,2,2815.0,2815.0,True,1.0,100%
era5_-23.00_-47.00,-23.0,-47.0,1979,8,7,1,5,2,2860.0,2860.0,True,1.0,100%
era5_-23.00_-47.00,-23.0,-47.0,1980,8,7,1,6,1,3285.0,3285.0,True,1.0,100%
era5_-23.00_-47.00,-23.0,-47.0,1981,8,7,1,7,0,3752.0,3752.0,True,1.0,100%
era5_-23.00_-47.00,-23.0,-47.0,1982,8,7,1,6,1,3030.0,3030.0,True,1.0,100%
era5_-23.00_-47.00,-23.0,-47.0,1983,8,7,1,6,1,3115.0,3115.0,True,1.0,100%
era5_-23.00_-47.00,-23.0,-47.0,1984,8,7,1,5,2,4365.0,4365.0,True,1.0,100%
era5_-23.00_-47.00,-23.0,-47.0,1985,8,7,1,5,2,4524.0,4524.0,True,1.0,100%
era5_-23.00_-47.00,-23.0,-47.0,1986,8,7,1,5,2,5545.0,5545.0,True,1.0,100%
era5_-23.00_-47.00,-23.0,-47.0,1987,8,7,1,5,2,6575.0,6575.0,True,1.0,100%
era5_-23.00_-47.00,-23.0,-47.0,1988,8,7,1,5,2,6625.0,6625.0,True,1.0,100%
era5_-23.00_-47.00,-23.0,-47.0,1989,8,7,1,5,2,6625.0,6625.0,True,1.0,100%
era5_-23.00_-47.00,-23.0,-47.0,1990,8,7,1,5,2,7580.0,7580.0,True,1.0,100%
era5_-23.00_-47.00,-23.0,-47.0,1991,8,7,1,5,2,7495.0,7495.0,True,1.0,100%
era5_-23.00_-47.00,-23.0,-47.0,1992,8,7,1,3,4,5450.0,5450.0,True,1.0,100%
era5_-23.00_-47.00,-23.0,-47.0,1993,8,8,0,2,6,2300.0,2300.0,True,1.0,100%
era5_-23.00_-47.00,-23.0,-47.0,1994,8,8,0,3,5,3700.0,3700.0,True,1.0,100%
era5_-23.00_-47.00,-23.0,-47.0,1995,8,8,0,3,5,2812.0,2812.0,True,1.0,100%
era5_-23.00_-47.00,-23.0,-47.0,1996,8,8,0,4,4,6612.0,6612.0,True,1.0,100%
era5_-23.00_-47.00,-23.0,-47.0,1997,8,8,0,5,3,4922.0,4922.0,True,1.0,100%
era5_-23.00_-47.00,-23.0,-47.0,1998,8,8,0,5,3,6101.0,6101.0,True,1.0,100%
era5_-23.00_-47.00,-23.0,-47.0,1999,8,8,0,5,3,6101.0,6101.0,True,1.0,100%
era5_-23.00_-47.00,-23.0,-47.0,2000,8,7,1,2,5,2260.0,2260.0,True,1.0,100%
era5_-23.00_-47.00,-23.0,-47.0,2001,8,8,0,3,5,3560.0,3560.0,True,1.0,100%
era5_-23.00_-47.00,-23.0,-47.0,2002,8,8,0,6,2,9160.0,9160.0,True,1.0,100%
era5_-23.00_-47.00,-23.0,-47.0,2003,8,8,0,6,2,8557.0,8557.0,True,1.0,100%
era5_-23.00_-47.00,-23.0,-47.0,2004,8,8,0,6,2,8607.0,8607.0,True,1.0,100%
era5_-23.00_-47.00,-23.0,-47.0,2005,8,8,0,6,2,8796.0,8796.0,True,1.0,100%
era5_-23.00_-47.00,-23.0,-47.0,2006,8,8,0,6,2,7810.0,7810.0,True,1.0,100%
era5_-23.00_-47.00,-23.0,-47.0,2007,8,8,0,6,2,9718.0,9718.0,True,1.0,100%
era5_-23.00_-47.00,-23.0,-47.0,2008,8,8,0,7,1,7116.0,7116.0,True,1.0,100%
era5_-23.00_-47.00,-23.0,-47.0,2009,8,7,1,5,2,4868.0,4868.0,True,1.0,100%
era5_-23.00_-47.00,-23.0,-47.0,2010,8,6,2,4,2,2848.0,2848.0,True,1.0,100%
era5_-23.00_-47.00,-23.0,-47.0,2011,8,7,1,6,1,6027.0,6027.0,True,1.0,100%
era5_-23.00_-47.00,-23.0,-47.0,2012,8,8,0,7,1,8727.0,8727.0,True,1.0,100%
era5_-23.00_-47.00,-23.0,-47.0,2013,8,8,0,7,1,8607.0,8607.0,True,1.0,100%
era5_-23.00_-47.00,-23.0,-47.0,2014,8,8,0,7,1,9100.0,9100.0,True,1.0,100%
era5_-23.00_-47.00,-23.0,-47.0,2015,8,7,1,6,1,8526.0,8526.0,True,1.0,100%
era5_-23.00_-47.00,-23.0,-47.0,2016,8,7,1,6,1,8576.0,8576.0,True,1.0,100%
era5_-23.00_-47.00,-23.0,-47.0,2017,8,7,1,6,1,8470.0,8470.0,True,1.0,100%
era5_-23.00_-47.00,-23.0,-47.0,2018,8,7,1,6,1,7276.0,7276.0,True,1.0,100%
era5_-23.00_-47.00,-23.0,-47.0,2019,8,7,1,6,1,7376.0,7376.0,True,1.0,100%
era5_-23.00_-47.00,-23.0,-47.0,2020,8,6,2,5,1,3733.0,3733.0,True,1.0,100%
era5_-23.00_-47.00,-23.0,-47.0,2021,8,6,2,4,2,3655.0,3655.0,True,1.0,100%
era5_-23.00_-47.00,-23.0,-47.0,2022,8,7,1,5,2,7155.0,7155.0,True,1.0,100%
era5_-23.00_-47.00,-23.0,-47.0,2023,8,7,1,5,2,6889.0,6889.0,True,1.0,100%
era5_-23.00_-47.00,-23.0,-47.0,2024,8,7,1,6,1,6764.0,6764.0,True,1.0,100%
era5_-23.00_-47.00,-23.0,-47.0,2025,8,7,1,6,1,6868.0,6868.0,True,1.0,100%
era5_-23.00_-47.50,-23.0,-47.5,1974,14,13,1,13,0,91692.0,91692.0,True,1.0,100%
era5_-23.00_-47.50,-23.0,-47.5,1975,14,13,1,13,0,73210.0,73210.0,True,1.0,100%
era5_-23.00_-47.50,-23.0,-47.5,1976,14,13,1,13,0,76565.0,76565.0,True,1.0,100%
era5_-23.00_-47.50,-23.0,-47.5,1977,14,13,1,13,0,90165.0,90165.0,True,1.0,100%
era5_-23.00_-47.50,-23.0,-47.5,1978,14,13,1,13,0,96253.0,96253.0,True,1.0,100%
era5_-23.00_-47.50,-23.0,-47.5,1979,14,13,1,13,0,80109.0,80109.0,True,1.0,100%
era5_-23.00_-47.50,-23.0,-47.5,1980,14,13,1,13,0,81857.0,81857.0,True,1.0,100%
era5_-23.00_-47.50,-23.0,-47.5,1981,14,13,1,13,0,91005.0,91005.0,True,1.0,100%
era5_-23.00_-47.50,-23.0,-47.5,1982,14,13,1,13,0,91099.0,91099.0,True,1.0,100%
era5_-23.00_-47.50,-23.0,-47.5,1983,14,13,1,13,0,102050.0,102050.0,True,1.0,100%
era5_-23.00_-47.50,-23.0,-47.5,1984,14,13,1,13,0,100900.0,100900.0,True,1.0,100%
era5_-23.00_-47.50,-23.0,-47.5,1985,14,13,1,13,0,107290.0,107290.0,True,1.0,100%
era5_-23.00_-47.50,-23.0,-47.5,1986,14,13,1,13,0,105940.0,105940.0,True,1.0,100%
era5_-23.00_-47.50,-23.0,-47.5,1987,14,13,1,13,0,107090.0,107090.0,True,1.0,100%
era5_-23.00_-47.50,-23.0,-47.5,1988,14,13,1,13,0,108800.0,108800.0,True,1.0,100%
era5_-23.00_-47.50,-23.0,-47.5,1989,14,13,1,13,0,112500.0,112500.0,True,1.0,100%
era5_-23.00_-47.50,-23.0,-47.5,1990,14,13,1,12,1,107100.0,107100.0,True,1.0,100%
era5_-23.00_-47.50,-23.0,-47.5,1991,14,13,1,13,0,105300.0,105300.0,True,1.0,100%
era5_-23.00_-47.50,-23.0,-47.5,1992,14,13,1,13,0,108400.0,108400.0,True,1.0,100%
era5_-23.00_-47.50,-23.0,-47.5,1993,14,14,0,14,0,107200.0,107200.0,True,1.0,100%
era5_-23.00_-47.50,-23.0,-47.5,1994,14,14,0,13,1,114155.0,114155.0,True,1.0,100%
era5_-23.00_-47.50,-23.0,-47.5,1995,14,14,0,14,0,120850.0,120850.0,True,1.0,100%
era5_-23.00_-47.50,-23.0,-47.5,1996,14,14,0,14,0,110050.0,110050.0,True,1.0,100%
era5_-23.00_-47.50,-23.0,-47.5,1997,14,14,0,14,0,108396.0,108396.0,True,1.0,100%
era5_-23.00_-47.50,-23.0,-47.5,1998,14,14,0,14,0,106189.0,106189.0,True,1.0,100%
era5_-23.00_-47.50,-23.0,-47.5,1999,14,14,0,14,0,112189.0,112189.0,True,1.0,100%
era5_-23.00_-47.50,-23.0,-47.5,2000,14,14,0,13,1,108693.0,108693.0,True,1.0,100%
era5_-23.00_-47.50,-23.0,-47.5,2001,14,14,0,14,0,117693.0,117693.0,True,1.0,100%
era5_-23.00_-47.50,-23.0,-47.5,2002,14,14,0,14,0,121544.0,121544.0,True,1.0,100%
era5_-23.00_-47.50,-23.0,-47.5,2003,14,14,0,14,0,121339.0,121339.0,True,1.0,100%
era5_-23.00_-47.50,-23.0,-47.5,2004,14,14,0,14,0,120439.0,120439.0,True,1.0,100%
era5_-23.00_-47.50,-23.0,-47.5,2005,14,14,0,14,0,116807.0,116807.0,True,1.0,100%
era5_-23.00_-47.50,-23.0,-47.5,2006,14,14,0,14,0,119929.0,119929.0,True,1.0,100%
era5_-23.00_-47.50,-23.0,-47.5,2007,14,14,0,14,0,125937.0,125937.0,True,1.0,100%
era5_-23.00_-47.50,-23.0,-47.5,2008,14,14,0,14,0,127553.0,127553.0,True,1.0,100%
era5_-23.00_-47.50,-23.0,-47.5,2009,14,14,0,14,0,127412.0,127412.0,True,1.0,100%
era5_-23.00_-47.50,-23.0,-47.5,2010,14,12,2,11,1,113166.0,113166.0,True,1.0,100%
era5_-23.00_-47.50,-23.0,-47.5,2011,14,14,0,14,0,129198.0,129198.0,True,1.0,100%
era5_-23.00_-47.50,-23.0,-47.5,2012,14,14,0,14,0,123866.0,123866.0,True,1.0,100%
era5_-23.00_-47.50,-23.0,-47.5,2013,14,14,0,14,0,128412.0,128412.0,True,1.0,100%
era5_-23.00_-47.50,-23.0,-47.5,2014,14,14,0,14,0,125778.0,125778.0,True,1.0,100%
era5_-23.00_-47.50,-23.0,-47.5,2015,14,14,0,14,0,128355.0,128355.0,True,1.0,100%
era5_-23.00_-47.50,-23.0,-47.5,2016,14,14,0,14,0,123411.0,123411.0,True,1.0,100%
era5_-23.00_-47.50,-23.0,-47.5,2017,14,14,0,14,0,130706.0,130706.0,True,1.0,100%
era5_-23.00_-47.50,-23.0,-47.5,2018,14,14,0,14,0,124673.0,124673.0,True,1.0,100%
era5_-23.00_-47.50,-23.0,-47.5,2019,14,14,0,14,0,120215.0,120215.0,True,1.0,100%
era5_-23.00_-47.50,-23.0,-47.5,2020,14,14,0,13,1,115292.0,115292.0,True,1.0,100%
era5_-23.00_-47.50,-23.0,-47.5,2021,14,14,0,13,1,116369.0,116369.0,True,1.0,100%
era5_-23.00_-47.50,-23.0,-47.5,2022,14,14,0,13,1,115899.0,115899.0,True,1.0,100%
era5_-23.00_-47.50,-23.0,-47.5,2023,14,14,0,13,1,119997.0,119997.0,True,1.0,100%
era5_-23.00_-47.50,-23.0,-47.5,2024,14,14,0,13,1,112200.0,112200.0,True,1.0,100%
era5_-23.00_-47.50,-23.0,-47.5,2025,14,14,0,13,1,112027.0,112027.0,True,1.0,100%
era5_-23.00_-48.00,-23.0,-48.0,1974,7,6,1,1,5,3000.0,3000.0,True,1.0,100%
era5_-23.00_-48.00,-23.0,-48.0,1975,7,6,1,2,4,2832.0,2832.0,True,1.0,100%
era5_-23.00_-48.00,-23.0,-48.0,1976,7,6,1,2,4,2080.0,2080.0,True,1.0,100%
era5_-23.00_-48.00,-23.0,-48.0,1977,7,6,1,2,4,2030.0,2030.0,True,1.0,100%
era5_-23.00_-48.00,-23.0,-48.0,1978,7,6,1,2,4,3350.0,3350.0,True,1.0,100%
era5_-23.00_-48.00,-23.0,-48.0,1979,7,6,1,2,4,2700.0,2700.0,True,1.0,100%
era5_-23.00_-48.00,-23.0,-48.0,1980,7,6,1,3,3,2766.0,2766.0,True,1.0,100%
era5_-23.00_-48.00,-23.0,-48.0,1981,7,6,1,3,3,3075.0,3075.0,True,1.0,100%
era5_-23.00_-48.00,-23.0,-48.0,1982,7,6,1,3,3,4006.0,4006.0,True,1.0,100%
era5_-23.00_-48.00,-23.0,-48.0,1983,7,6,1,5,1,4600.0,4600.0,True,1.0,100%
era5_-23.00_-48.00,-23.0,-48.0,1984,7,6,1,5,1,5608.0,5608.0,True,1.0,100%
era5_-23.00_-48.00,-23.0,-48.0,1985,7,6,1,5,1,6424.0,6424.0,True,1.0,100%
era5_-23.00_-48.00,-23.0,-48.0,1986,7,6,1,5,1,7496.0,7496.0,True,1.0,100%
era5_-23.00_-48.00,-23.0,-48.0,1987,7,6,1,5,1,9550.0,9550.0,True,1.0,100%
era5_-23.00_-48.00,-23.0,-48.0,1988,7,6,1,5,1,11130.0,11130.0,True,1.0,100%
era5_-23.00_-48.00,-23.0,-48.0,1989,7,6,1,6,0,10940.0,10940.0,True,1.0,100%
era5_-23.00_-48.00,-23.0,-48.0,1990,7,6,1,6,0,10920.0,10920.0,True,1.0,100%
era5_-23.00_-48.00,-23.0,-48.0,1991,7,6,1,6,0,10970.0,10970.0,True,1.0,100%
era5_-23.00_-48.00,-23.0,-48.0,1992,7,6,1,6,0,9670.0,9670.0,True,1.0,100%
era5_-23.00_-48.00,-23.0,-48.0,1993,7,6,1,6,0,10360.0,10360.0,True,1.0,100%
era5_-23.00_-48.00,-23.0,-48.0,1994,7,6,1,6,0,8510.0,8510.0,True,1.0,100%
era5_-23.00_-48.00,-23.0,-48.0,1995,7,6,1,6,0,8610.0,8610.0,True,1.0,100%
era5_-23.00_-48.00,-23.0,-48.0,1996,7,6,1,4,2,8800.0,8800.0,True,1.0,100%
era5_-23.00_-48.00,-23.0,-48.0,1997,7,6,1,6,0,11850.0,11850.0,True,1.0,100%
era5_-23.00_-48.00,-23.0,-48.0,1998,7,7,0,6,1,12320.0,12320.0,True,1.0,100%
era5_-23.00_-48.00,-23.0,-48.0,1999,7,7,0,7,0,13463.0,13463.0,True,1.0,100%
era5_-23.00_-48.00,-23.0,-48.0,2000,7,7,0,6,1,12466.0,12466.0,True,1.0,100%
era5_-23.00_-48.00,-23.0,-48.0,2001,7,7,0,5,2,9930.0,9930.0,True,1.0,100%
era5_-23.00_-48.00,-23.0,-48.0,2002,7,7,0,7,0,12330.0,12330.0,True,1.0,100%
era5_-23.00_-48.00,-23.0,-48.0,2003,7,7,0,6,1,12730.0,12730.0,True,1.0,100%
era5_-23.00_-48.00,-23.0,-48.0,2004,7,7,0,6,1,13223.0,13223.0,True,1.0,100%
era5_-23.00_-48.00,-23.0,-48.0,2005,7,7,0,6,1,15006.0,15006.0,True,1.0,100%
era5_-23.00_-48.00,-23.0,-48.0,2006,7,7,0,7,0,16030.0,16030.0,True,1.0,100%
era5_-23.00_-48.00,-23.0,-48.0,2007,7,7,0,7,0,20048.0,20048.0,True,1.0,100%
era5_-23.00_-48.00,-23.0,-48.0,2008,7,7,0,7,0,19430.0,19430.0,True,1.0,100%
era5_-23.00_-48.00,-23.0,-48.0,2009,7,7,0,6,1,18634.0,18634.0,True,1.0,100%
era5_-23.00_-48.00,-23.0,-48.0,2010,7,7,0,7,0,18934.0,18934.0,True,1.0,100%
era5_-23.00_-48.00,-23.0,-48.0,2011,7,7,0,7,0,19254.0,19254.0,True,1.0,100%
era5_-23.00_-48.00,-23.0,-48.0,2012,7,7,0,6,1,22786.0,22786.0,True,1.0,100%
era5_-23.00_-48.00,-23.0,-48.0,2013,7,7,0,7,0,24184.0,24184.0,True,1.0,100%
era5_-23.00_-48.00,-23.0,-48.0,2014,7,7,0,6,1,25894.0,25894.0,True,1.0,100%
era5_-23.00_-48.00,-23.0,-48.0,2015,7,7,0,6,1,25984.0,25984.0,True,1.0,100%
era5_-23.00_-48.00,-23.0,-48.0,2016,7,7,0,7,0,30534.0,30534.0,True,1.0,100%
era5_-23.00_-48.00,-23.0,-48.0,2017,7,7,0,7,0,30534.0,30534.0,True,1.0,100%
era5_-23.00_-48.00,-23.0,-48.0,2018,7,7,0,6,1,30903.0,30903.0,True,1.0,100%
era5_-23.00_-48.00,-23.0,-48.0,2019,7,7,0,7,0,28345.0,28345.0,True,1.0,100%
era5_-23.00_-48.00,-23.0,-48.0,2020,7,7,0,7,0,28345.0,28345.0,True,1.0,100%
era5_-23.00_-48.00,-23.0,-48.0,2021,7,7,0,7,0,28625.0,28625.0,True,1.0,100%
era5_-23.00_-48.00,-23.0,-48.0,2022,7,7,0,7,0,31693.0,31693.0,True,1.0,100%
era5_-23.00_-48.00,-23.0,-48.0,2023,7,7,0,7,0,31630.0,31630.0,True,1.0,100%
era5_-23.00_-48.00,-23.0,-48.0,2024,7,7,0,7,0,38960.0,38960.0,True,1.0,100%
era5_-23.00_-48.00,-23.0,-48.0,2025,7,7,0,7,0,41940.0,41940.0,True,1.0,100%
era5_-23.00_-48.50,-23.0,-48.5,1974,4,3,1,2,1,480.0,480.0,True,1.0,100%
era5_-23.00_-48.50,-23.0,-48.5,1975,4,3,1,2,1,320.0,320.0,True,1.0,100%
era5_-23.00_-48.50,-23.0,-48.5,1976,4,3,1,2,1,1082.0,1082.0,True,1.0,100%
era5_-23.00_-48.50,-23.0,-48.5,1977,4,3,1,2,1,1082.0,1082.0,True,1.0,100%
era5_-23.00_-48.50,-23.0,-48.5,1978,4,3,1,2,1,1082.0,1082.0,True,1.0,100%
era5_-23.00_-48.50,-23.0,-48.5,1979,4,3,1,2,1,1122.0,1122.0,True,1.0,100%
era5_-23.00_-48.50,-23.0,-48.5,1980,4,3,1,2,1,1082.0,1082.0,True,1.0,100%
era5_-23.00_-48.50,-23.0,-48.5,1981,4,3,1,2,1,1202.0,1202.0,True,1.0,100%
era5_-23.00_-48.50,-23.0,-48.5,1982,4,3,1,2,1,2435.0,2435.0,True,1.0,100%
era5_-23.00_-48.50,-23.0,-48.5,1983,4,3,1,2,1,3220.0,3220.0,True,1.0,100%
era5_-23.00_-48.50,-23.0,-48.5,1984,4,3,1,3,0,2878.0,2878.0,True,1.0,100%
era5_-23.00_-48.50,-23.0,-48.5,1985,4,3,1,3,0,2908.0,2908.0,True,1.0,100%
era5_-23.00_-48.50,-23.0,-48.5,1986,4,3,1,3,0,3528.0,3528.0,True,1.0,100%
era5_-23.00_-48.50,-23.0,-48.5,1987,4,3,1,3,0,3225.0,3225.0,True,1.0,100%
era5_-23.00_-48.50,-23.0,-48.5,1988,4,3,1,3,0,4247.0,4247.0,True,1.0,100%
era5_-23.00_-48.50,-23.0,-48.5,1989,4,3,1,3,0,4695.0,4695.0,True,1.0,100%
era5_-23.00_-48.50,-23.0,-48.5,1990,4,3,1,3,0,4247.0,4247.0,True,1.0,100%
era5_-23.00_-48.50,-23.0,-48.5,1991,4,3,1,3,0,4245.0,4245.0,True,1.0,100%
era5_-23.00_-48.50,-23.0,-48.5,1992,4,3,1,1,2,3500.0,3500.0,True,1.0,100%
era5_-23.00_-48.50,-23.0,-48.5,1993,4,3,1,1,2,3500.0,3500.0,True,1.0,100%
era5_-23.00_-48.50,-23.0,-48.5,1994,4,3,1,1,2,3000.0,3000.0,True,1.0,100%
era5_-23.00_-48.50,-23.0,-48.5,1995,4,3,1,1,2,3400.0,3400.0,True,1.0,100%
era5_-23.00_-48.50,-23.0,-48.5,1996,4,3,1,1,2,3000.0,3000.0,True,1.0,100%
era5_-23.00_-48.50,-23.0,-48.5,1997,4,4,0,2,2,13209.0,13209.0,True,1.0,100%
era5_-23.00_-48.50,-23.0,-48.5,1998,4,4,0,2,2,13000.0,13000.0,True,1.0,100%
era5_-23.00_-48.50,-23.0,-48.5,1999,4,4,0,2,2,12300.0,12300.0,True,1.0,100%
era5_-23.00_-48.50,-23.0,-48.5,2000,4,4,0,2,2,9057.0,9057.0,True,1.0,100%
era5_-23.00_-48.50,-23.0,-48.5,2001,4,4,0,2,2,8964.0,8964.0,True,1.0,100%
era5_-23.00_-48.50,-23.0,-48.5,2002,4,4,0,2,2,8964.0,8964.0,True,1.0,100%
era5_-23.00_-48.50,-23.0,-48.5,2003,4,4,0,2,2,9664.0,9664.0,True,1.0,100%
era5_-23.00_-48.50,-23.0,-48.5,2004,4,4,0,2,2,13112.0,13112.0,True,1.0,100%
era5_-23.00_-48.50,-23.0,-48.5,2005,4,4,0,2,2,10768.0,10768.0,True,1.0,100%
era5_-23.00_-48.50,-23.0,-48.5,2006,4,4,0,2,2,14447.0,14447.0,True,1.0,100%
era5_-23.00_-48.50,-23.0,-48.5,2007,4,4,0,3,1,17547.0,17547.0,True,1.0,100%
era5_-23.00_-48.50,-23.0,-48.5,2008,4,4,0,4,0,15765.0,15765.0,True,1.0,100%
era5_-23.00_-48.50,-23.0,-48.5,2009,4,4,0,4,0,23265.0,23265.0,True,1.0,100%
era5_-23.00_-48.50,-23.0,-48.5,2010,4,4,0,4,0,24128.0,24128.0,True,1.0,100%
era5_-23.00_-48.50,-23.0,-48.5,2011,4,4,0,4,0,25100.0,25100.0,True,1.0,100%
era5_-23.00_-48.50,-23.0,-48.5,2012,4,4,0,3,1,25600.0,25600.0,True,1.0,100%
era5_-23.00_-48.50,-23.0,-48.5,2013,4,4,0,4,0,25745.0,25745.0,True,1.0,100%
era5_-23.00_-48.50,-23.0,-48.5,2014,4,4,0,4,0,28745.0,28745.0,True,1.0,100%
era5_-23.00_-48.50,-23.0,-48.5,2015,4,4,0,4,0,30450.0,30450.0,True,1.0,100%
era5_-23.00_-48.50,-23.0,-48.5,2016,4,4,0,4,0,30140.0,30140.0,True,1.0,100%
era5_-23.00_-48.50,-23.0,-48.5,2017,4,4,0,4,0,31245.0,31245.0,True,1.0,100%
era5_-23.00_-48.50,-23.0,-48.5,2018,4,4,0,4,0,35145.0,35145.0,True,1.0,100%
era5_-23.00_-48.50,-23.0,-48.5,2019,4,4,0,4,0,35825.0,35825.0,True,1.0,100%
era5_-23.00_-48.50,-23.0,-48.5,2020,4,4,0,4,0,35825.0,35825.0,True,1.0,100%
era5_-23.00_-48.50,-23.0,-48.5,2021,4,4,0,4,0,30140.0,30140.0,True,1.0,100%
era5_-23.00_-48.50,-23.0,-48.5,2022,4,4,0,4,0,33530.0,33530.0,True,1.0,100%
era5_-23.00_-48.50,-23.0,-48.5,2023,4,4,0,3,1,33900.0,33900.0,True,1.0,100%
era5_-23.00_-48.50,-23.0,-48.5,2024,4,4,0,3,1,33160.0,33160.0,True,1.0,100%
era5_-23.00_-48.50,-23.0,-48.5,2025,4,4,0,3,1,27100.0,27100.0,True,1.0,100%
era5_-23.00_-49.00,-23.0,-49.0,1974,5,4,1,3,1,1540.0,1540.0,True,1.0,100%
era5_-23.00_-49.00,-23.0,-49.0,1975,5,4,1,3,1,1240.0,1240.0,True,1.0,100%
era5_-23.00_-49.00,-23.0,-49.0,1976,5,4,1,3,1,740.0,740.0,True,1.0,100%
era5_-23.00_-49.00,-23.0,-49.0,1977,5,4,1,2,2,790.0,790.0,True,1.0,100%
era5_-23.00_-49.00,-23.0,-49.0,1978,5,4,1,2,2,810.0,810.0,True,1.0,100%
era5_-23.00_-49.00,-23.0,-49.0,1979,5,4,1,2,2,895.0,895.0,True,1.0,100%
era5_-23.00_-49.00,-23.0,-49.0,1980,5,4,1,2,2,1010.0,1010.0,True,1.0,100%
era5_-23.00_-49.00,-23.0,-49.0,1981,5,4,1,3,1,1143.0,1143.0,True,1.0,100%
era5_-23.00_-49.00,-23.0,-49.0,1982,5,4,1,3,1,1297.0,1297.0,True,1.0,100%
era5_-23.00_-49.00,-23.0,-49.0,1983,5,4,1,3,1,8700.0,8700.0,True,1.0,100%
era5_-23.00_-49.00,-23.0,-49.0,1984,5,4,1,3,1,9500.0,9500.0,True,1.0,100%
era5_-23.00_-49.00,-23.0,-49.0,1985,5,4,1,3,1,9550.0,9550.0,True,1.0,100%
era5_-23.00_-49.00,-23.0,-49.0,1986,5,4,1,3,1,9300.0,9300.0,True,1.0,100%
era5_-23.00_-49.00,-23.0,-49.0,1987,5,4,1,3,1,9400.0,9400.0,True,1.0,100%
era5_-23.00_-49.00,-23.0,-49.0,1988,5,4,1,3,1,9650.0,9650.0,True,1.0,100%
era5_-23.00_-49.00,-23.0,-49.0,1989,5,4,1,4,0,10280.0,10280.0,True,1.0,100%
era5_-23.00_-49.00,-23.0,-49.0,1990,5,4,1,4,0,9630.0,9630.0,True,1.0,100%
era5_-23.00_-49.00,-23.0,-49.0,1991,5,4,1,4,0,9562.0,9562.0,True,1.0,100%
era5_-23.00_-49.00,-23.0,-49.0,1992,5,4,1,4,0,8860.0,8860.0,True,1.0,100%
era5_-23.00_-49.00,-23.0,-49.0,1993,5,5,0,5,0,6305.0,6305.0,True,1.0,100%
era5_-23.00_-49.00,-23.0,-49.0,1994,5,5,0,4,1,7084.0,7084.0,True,1.0,100%
era5_-23.00_-49.00,-23.0,-49.0,1995,5,5,0,5,0,6718.0,6718.0,True,1.0,100%
era5_-23.00_-49.00,-23.0,-49.0,1996,5,5,0,5,0,6900.0,6900.0,True,1.0,100%
era5_-23.00_-49.00,-23.0,-49.0,1997,5,5,0,5,0,7400.0,7400.0,True,1.0,100%
era5_-23.00_-49.00,-23.0,-49.0,1998,5,5,0,3,2,8500.0,8500.0,True,1.0,100%
era5_-23.00_-49.00,-23.0,-49.0,1999,5,5,0,3,2,6500.0,6500.0,True,1.0,100%
era5_-23.00_-49.00,-23.0,-49.0,2000,5,5,0,2,3,7000.0,7000.0,True,1.0,100%
era5_-23.00_-49.00,-23.0,-49.0,2001,5,5,0,2,3,8000.0,8000.0,True,1.0,100%
era5_-23.00_-49.00,-23.0,-49.0,2002,5,5,0,2,3,7000.0,7000.0,True,1.0,100%
era5_-23.00_-49.00,-23.0,-49.0,2003,5,5,0,3,2,7470.0,7470.0,True,1.0,100%
era5_-23.00_-49.00,-23.0,-49.0,2004,5,5,0,4,1,7388.0,7388.0,True,1.0,100%
era5_-23.00_-49.00,-23.0,-49.0,2005,5,5,0,3,2,8008.0,8008.0,True,1.0,100%
era5_-23.00_-49.00,-23.0,-49.0,2006,5,5,0,4,1,8210.0,8210.0,True,1.0,100%
era5_-23.00_-49.00,-23.0,-49.0,2007,5,5,0,5,0,14028.0,14028.0,True,1.0,100%
era5_-23.00_-49.00,-23.0,-49.0,2008,5,5,0,5,0,17710.0,17710.0,True,1.0,100%
era5_-23.00_-49.00,-23.0,-49.0,2009,5,5,0,5,0,28450.0,28450.0,True,1.0,100%
era5_-23.00_-49.00,-23.0,-49.0,2010,5,5,0,5,0,29650.0,29650.0,True,1.0,100%
era5_-23.00_-49.00,-23.0,-49.0,2011,5,5,0,5,0,31450.0,31450.0,True,1.0,100%
era5_-23.00_-49.00,-23.0,-49.0,2012,5,5,0,5,0,37200.0,37200.0,True,1.0,100%
era5_-23.00_-49.00,-23.0,-49.0,2013,5,5,0,5,0,37200.0,37200.0,True,1.0,100%
era5_-23.00_-49.00,-23.0,-49.0,2014,5,5,0,5,0,37200.0,37200.0,True,1.0,100%
era5_-23.00_-49.00,-23.0,-49.0,2015,5,5,0,5,0,37300.0,37300.0,True,1.0,100%
era5_-23.00_-49.00,-23.0,-49.0,2016,5,5,0,5,0,38750.0,38750.0,True,1.0,100%
era5_-23.00_-49.00,-23.0,-49.0,2017,5,5,0,5,0,35250.0,35250.0,True,1.0,100%
era5_-23.00_-49.00,-23.0,-49.0,2018,5,5,0,5,0,32100.0,32100.0,True,1.0,100%
era5_-23.00_-49.00,-23.0,-49.0,2019,5,5,0,4,1,29400.0,29400.0,True,1.0,100%
era5_-23.00_-49.00,-23.0,-49.0,2020,5,5,0,5,0,29400.0,29400.0,True,1.0,100%
era5_-23.00_-49.00,-23.0,-49.0,2021,5,5,0,5,0,26950.0,26950.0,True,1.0,100%
era5_-23.00_-49.00,-23.0,-49.0,2022,5,5,0,5,0,27150.0,27150.0,True,1.0,100%
era5_-23.00_-49.00,-23.0,-49.0,2023,5,5,0,5,0,29950.0,29950.0,True,1.0,100%
era5_-23.00_-49.00,-23.0,-49.0,2024,5,5,0,5,0,23276.0,23276.0,True,1.0,100%
era5_-23.00_-49.00,-23.0,-49.0,2025,5,5,0,5,0,25076.0,25076.0,True,1.0,100%
era5_-23.00_-49.50,-23.0,-49.5,1974,8,8,0,7,1,8730.0,8730.0,True,1.0,100%
era5_-23.00_-49.50,-23.0,-49.5,1975,8,8,0,7,1,7912.0,7912.0,True,1.0,100%
era5_-23.00_-49.50,-23.0,-49.5,1976,8,8,0,7,1,9263.0,9263.0,True,1.0,100%
era5_-23.00_-49.50,-23.0,-49.5,1977,8,8,0,5,3,9775.0,9775.0,True,1.0,100%
era5_-23.00_-49.50,-23.0,-49.5,1978,8,8,0,5,3,11325.0,11325.0,True,1.0,100%
era5_-23.00_-49.50,-23.0,-49.5,1979,8,8,0,4,4,11013.0,11013.0,True,1.0,100%
era5_-23.00_-49.50,-23.0,-49.5,1980,8,8,0,5,3,12800.0,12800.0,True,1.0,100%
era5_-23.00_-49.50,-23.0,-49.5,1981,8,8,0,5,3,13784.0,13784.0,True,1.0,100%
era5_-23.00_-49.50,-23.0,-49.5,1982,8,8,0,5,3,21790.0,21790.0,True,1.0,100%
era5_-23.00_-49.50,-23.0,-49.5,1983,8,8,0,5,3,30277.0,30277.0,True,1.0,100%
era5_-23.00_-49.50,-23.0,-49.5,1984,8,8,0,6,2,28471.0,28471.0,True,1.0,100%
era5_-23.00_-49.50,-23.0,-49.5,1985,8,8,0,7,1,25733.0,25733.0,True,1.0,100%
era5_-23.00_-49.50,-23.0,-49.5,1986,8,8,0,8,0,26583.0,26583.0,True,1.0,100%
era5_-23.00_-49.50,-23.0,-49.5,1987,8,8,0,7,1,28210.0,28210.0,True,1.0,100%
era5_-23.00_-49.50,-23.0,-49.5,1988,8,8,0,7,1,31498.0,31498.0,True,1.0,100%
era5_-23.00_-49.50,-23.0,-49.5,1989,8,8,0,7,1,28403.0,28403.0,True,1.0,100%
era5_-23.00_-49.50,-23.0,-49.5,1990,8,8,0,7,1,28900.0,28900.0,True,1.0,100%
era5_-23.00_-49.50,-23.0,-49.5,1991,8,8,0,7,1,29600.0,29600.0,True,1.0,100%
era5_-23.00_-49.50,-23.0,-49.5,1992,8,8,0,8,0,29979.0,29979.0,True,1.0,100%
era5_-23.00_-49.50,-23.0,-49.5,1993,8,8,0,8,0,20851.0,20851.0,True,1.0,100%
era5_-23.00_-49.50,-23.0,-49.5,1994,8,8,0,7,1,23880.0,23880.0,True,1.0,100%
era5_-23.00_-49.50,-23.0,-49.5,1995,8,8,0,8,0,39530.0,39530.0,True,1.0,100%
era5_-23.00_-49.50,-23.0,-49.5,1996,8,8,0,8,0,44200.0,44200.0,True,1.0,100%
era5_-23.00_-49.50,-23.0,-49.5,1997,8,8,0,8,0,34940.0,34940.0,True,1.0,100%
era5_-23.00_-49.50,-23.0,-49.5,1998,8,8,0,8,0,39380.0,39380.0,True,1.0,100%
era5_-23.00_-49.50,-23.0,-49.5,1999,8,8,0,8,0,41300.0,41300.0,True,1.0,100%
era5_-23.00_-49.50,-23.0,-49.5,2000,8,8,0,5,3,33250.0,33250.0,True,1.0,100%
era5_-23.00_-49.50,-23.0,-49.5,2001,8,8,0,6,2,35490.0,35490.0,True,1.0,100%
era5_-23.00_-49.50,-23.0,-49.5,2002,8,8,0,8,0,35520.0,35520.0,True,1.0,100%
era5_-23.00_-49.50,-23.0,-49.5,2003,8,8,0,8,0,38626.0,38626.0,True,1.0,100%
era5_-23.00_-49.50,-23.0,-49.5,2004,8,8,0,8,0,35926.0,35926.0,True,1.0,100%
era5_-23.00_-49.50,-23.0,-49.5,2005,8,8,0,8,0,35151.0,35151.0,True,1.0,100%
era5_-23.00_-49.50,-23.0,-49.5,2006,8,8,0,8,0,46470.0,46470.0,True,1.0,100%
era5_-23.00_-49.50,-23.0,-49.5,2007,8,8,0,8,0,42976.0,42976.0,True,1.0,100%
era5_-23.00_-49.50,-23.0,-49.5,2008,8,8,0,8,0,57628.0,57628.0,True,1.0,100%
era5_-23.00_-49.50,-23.0,-49.5,2009,8,8,0,8,0,55049.0,55049.0,True,1.0,100%
era5_-23.00_-49.50,-23.0,-49.5,2010,8,8,0,8,0,56486.0,56486.0,True,1.0,100%
era5_-23.00_-49.50,-23.0,-49.5,2011,8,8,0,8,0,56686.0,56686.0,True,1.0,100%
era5_-23.00_-49.50,-23.0,-49.5,2012,8,8,0,8,0,60486.0,60486.0,True,1.0,100%
era5_-23.00_-49.50,-23.0,-49.5,2013,8,8,0,8,0,63140.0,63140.0,True,1.0,100%
era5_-23.00_-49.50,-23.0,-49.5,2014,8,8,0,8,0,66040.0,66040.0,True,1.0,100%
era5_-23.00_-49.50,-23.0,-49.5,2015,8,8,0,8,0,73810.0,73810.0,True,1.0,100%
era5_-23.00_-49.50,-23.0,-49.5,2016,8,8,0,8,0,72450.0,72450.0,True,1.0,100%
era5_-23.00_-49.50,-23.0,-49.5,2017,8,8,0,8,0,72410.0,72410.0,True,1.0,100%
era5_-23.00_-49.50,-23.0,-49.5,2018,8,8,0,8,0,62810.0,62810.0,True,1.0,100%
era5_-23.00_-49.50,-23.0,-49.5,2019,8,8,0,8,0,64290.0,64290.0,True,1.0,100%
era5_-23.00_-49.50,-23.0,-49.5,2020,8,8,0,8,0,64114.0,64114.0,True,1.0,100%
era5_-23.00_-49.50,-23.0,-49.5,2021,8,8,0,8,0,65240.0,65240.0,True,1.0,100%
era5_-23.00_-49.50,-23.0,-49.5,2022,8,8,0,8,0,63710.0,63710.0,True,1.0,100%
era5_-23.00_-49.50,-23.0,-49.5,2023,8,8,0,8,0,68940.0,68940.0,True,1.0,100%
era5_-23.00_-49.50,-23.0,-49.5,2024,8,8,0,8,0,66840.0,66840.0,True,1.0,100%
era5_-23.00_-49.50,-23.0,-49.5,2025,8,8,0,8,0,64000.0,64000.0,True,1.0,100%
era5_-23.00_-50.00,-23.0,-50.0,1974,6,5,1,5,0,7112.0,7112.0,True,1.0,100%
era5_-23.00_-50.00,-23.0,-50.0,1975,6,5,1,5,0,6832.0,6832.0,True,1.0,100%
era5_-23.00_-50.00,-23.0,-50.0,1976,6,5,1,5,0,6570.0,6570.0,True,1.0,100%
era5_-23.00_-50.00,-23.0,-50.0,1977,6,5,1,5,0,6650.0,6650.0,True,1.0,100%
era5_-23.00_-50.00,-23.0,-50.0,1978,6,5,1,4,1,6935.0,6935.0,True,1.0,100%
era5_-23.00_-50.00,-23.0,-50.0,1979,6,5,1,4,1,7155.0,7155.0,True,1.0,100%
era5_-23.00_-50.00,-23.0,-50.0,1980,6,5,1,4,1,8615.0,8615.0,True,1.0,100%
era5_-23.00_-50.00,-23.0,-50.0,1981,6,5,1,5,0,11078.0,11078.0,True,1.0,100%
era5_-23.00_-50.00,-23.0,-50.0,1982,6,5,1,5,0,18930.0,18930.0,True,1.0,100%
era5_-23.00_-50.00,-23.0,-50.0,1983,6,5,1,5,0,18902.0,18902.0,True,1.0,100%
era5_-23.00_-50.00,-23.0,-50.0,1984,6,5,1,5,0,20008.0,20008.0,True,1.0,100%
era5_-23.00_-50.00,-23.0,-50.0,1985,6,5,1,5,0,16400.0,16400.0,True,1.0,100%
era5_-23.00_-50.00,-23.0,-50.0,1986,6,5,1,5,0,17650.0,17650.0,True,1.0,100%
era5_-23.00_-50.00,-23.0,-50.0,1987,6,5,1,5,0,27900.0,27900.0,True,1.0,100%
era5_-23.00_-50.00,-23.0,-50.0,1988,6,5,1,5,0,19760.0,19760.0,True,1.0,100%
era5_-23.00_-50.00,-23.0,-50.0,1989,6,5,1,5,0,19760.0,19760.0,True,1.0,100%
era5_-23.00_-50.00,-23.0,-50.0,1990,6,5,1,5,0,19144.0,19144.0,True,1.0,100%
era5_-23.00_-50.00,-23.0,-50.0,1991,6,5,1,5,0,14464.0,14464.0,True,1.0,100%
era5_-23.00_-50.00,-23.0,-50.0,1992,6,5,1,5,0,22390.0,22390.0,True,1.0,100%
era5_-23.00_-50.00,-23.0,-50.0,1993,6,6,0,6,0,25275.0,25275.0,True,1.0,100%
era5_-23.00_-50.00,-23.0,-50.0,1994,6,6,0,6,0,27600.0,27600.0,True,1.0,100%
era5_-23.00_-50.00,-23.0,-50.0,1995,6,6,0,6,0,27930.0,27930.0,True,1.0,100%
era5_-23.00_-50.00,-23.0,-50.0,1996,6,6,0,6,0,25430.0,25430.0,True,1.0,100%
era5_-23.00_-50.00,-23.0,-50.0,1997,6,6,0,6,0,28601.0,28601.0,True,1.0,100%
era5_-23.00_-50.00,-23.0,-50.0,1998,6,6,0,6,0,34114.0,34114.0,True,1.0,100%
era5_-23.00_-50.00,-23.0,-50.0,1999,6,6,0,6,0,30590.0,30590.0,True,1.0,100%
era5_-23.00_-50.00,-23.0,-50.0,2000,6,6,0,6,0,29880.0,29880.0,True,1.0,100%
era5_-23.00_-50.00,-23.0,-50.0,2001,6,6,0,6,0,28720.0,28720.0,True,1.0,100%
era5_-23.00_-50.00,-23.0,-50.0,2002,6,6,0,6,0,30320.0,30320.0,True,1.0,100%
era5_-23.00_-50.00,-23.0,-50.0,2003,6,6,0,6,0,30024.0,30024.0,True,1.0,100%
era5_-23.00_-50.00,-23.0,-50.0,2004,6,6,0,6,0,32212.0,32212.0,True,1.0,100%
era5_-23.00_-50.00,-23.0,-50.0,2005,6,6,0,6,0,34888.0,34888.0,True,1.0,100%
era5_-23.00_-50.00,-23.0,-50.0,2006,6,6,0,6,0,48880.0,48880.0,True,1.0,100%
era5_-23.00_-50.00,-23.0,-50.0,2007,6,6,0,6,0,42425.0,42425.0,True,1.0,100%
era5_-23.00_-50.00,-23.0,-50.0,2008,6,6,0,6,0,52202.0,52202.0,True,1.0,100%
era5_-23.00_-50.00,-23.0,-50.0,2009,6,6,0,6,0,51819.0,51819.0,True,1.0,100%
era5_-23.00_-50.00,-23.0,-50.0,2010,6,6,0,6,0,54949.0,54949.0,True,1.0,100%
era5_-23.00_-50.00,-23.0,-50.0,2011,6,6,0,6,0,60660.0,60660.0,True,1.0,100%
era5_-23.00_-50.00,-23.0,-50.0,2012,6,6,0,6,0,55800.0,55800.0,True,1.0,100%
era5_-23.00_-50.00,-23.0,-50.0,2013,6,6,0,6,0,57070.0,57070.0,True,1.0,100%
era5_-23.00_-50.00,-23.0,-50.0,2014,6,6,0,6,0,58042.0,58042.0,True,1.0,100%
era5_-23.00_-50.00,-23.0,-50.0,2015,6,6,0,6,0,62358.0,62358.0,True,1.0,100%
era5_-23.00_-50.00,-23.0,-50.0,2016,6,6,0,6,0,59098.0,59098.0,True,1.0,100%
era5_-23.00_-50.00,-23.0,-50.0,2017,6,6,0,6,0,51428.0,51428.0,True,1.0,100%
era5_-23.00_-50.00,-23.0,-50.0,2018,6,6,0,6,0,49895.0,49895.0,True,1.0,100%
era5_-23.00_-50.00,-23.0,-50.0,2019,6,6,0,6,0,47170.0,47170.0,True,1.0,100%
era5_-23.00_-50.00,-23.0,-50.0,2020,6,6,0,6,0,50199.0,50199.0,True,1.0,100%
era5_-23.00_-50.00,-23.0,-50.0,2021,6,6,0,6,0,51485.0,51485.0,True,1.0,100%
era5_-23.00_-50.00,-23.0,-50.0,2022,6,6,0,6,0,51985.0,51985.0,True,1.0,100%
era5_-23.00_-50.00,-23.0,-50.0,2023,6,6,0,6,0,52020.0,52020.0,True,1.0,100%
era5_-23.00_-50.00,-23.0,-50.0,2024,6,6,0,6,0,52620.0,52620.0,True,1.0,100%
era5_-23.00_-50.00,-23.0,-50.0,2025,6,6,0,6,0,52770.0,52770.0,True,1.0,100%
era5_-23.50_-45.50,-23.5,-45.5,1974,3,3,0,3,0,220.0,220.0,True,1.0,100%
era5_-23.50_-45.50,-23.5,-45.5,1975,3,3,0,3,0,240.0,240.0,True,1.0,100%
era5_-23.50_-45.50,-23.5,-45.5,1976,3,3,0,3,0,156.0,156.0,True,1.0,100%
era5_-23.50_-45.50,-23.5,-45.5,1977,3,3,0,3,0,190.0,190.0,True,1.0,100%
era5_-23.50_-45.50,-23.5,-45.5,1978,3,3,0,3,0,160.0,160.0,True,1.0,100%
era5_-23.50_-45.50,-23.5,-45.5,1979,3,3,0,3,0,160.0,160.0,True,1.0,100%
era5_-23.50_-45.50,-23.5,-45.5,1980,3,3,0,3,0,120.0,120.0,True,1.0,100%
era5_-23.50_-45.50,-23.5,-45.5,1981,3,3,0,3,0,138.0,138.0,True,1.0,100%
era5_-23.50_-45.50,-23.5,-45.5,1982,3,3,0,3,0,50.0,50.0,True,1.0,100%
era5_-23.50_-45.50,-23.5,-45.5,1983,3,3,0,3,0,60.0,60.0,True,1.0,100%
era5_-23.50_-45.50,-23.5,-45.5,1984,3,3,0,3,0,70.0,70.0,True,1.0,100%
era5_-23.50_-45.50,-23.5,-45.5,1985,3,3,0,3,0,70.0,70.0,True,1.0,100%
era5_-23.50_-45.50,-23.5,-45.5,1986,3,3,0,3,0,60.0,60.0,True,1.0,100%
era5_-23.50_-45.50,-23.5,-45.5,1987,3,3,0,3,0,60.0,60.0,True,1.0,100%
era5_-23.50_-45.50,-23.5,-45.5,1988,3,3,0,3,0,60.0,60.0,True,1.0,100%
era5_-23.50_-45.50,-23.5,-45.5,1989,3,3,0,3,0,100.0,100.0,True,1.0,100%
era5_-23.50_-45.50,-23.5,-45.5,1990,3,3,0,3,0,100.0,100.0,True,1.0,100%
era5_-23.50_-45.50,-23.5,-45.5,1991,3,3,0,3,0,100.0,100.0,True,1.0,100%
era5_-23.50_-45.50,-23.5,-45.5,1992,3,3,0,3,0,100.0,100.0,True,1.0,100%
era5_-23.50_-45.50,-23.5,-45.5,1993,3,3,0,2,1,60.0,60.0,True,1.0,100%
era5_-23.50_-45.50,-23.5,-45.5,1994,3,3,0,3,0,100.0,100.0,True,1.0,100%
era5_-23.50_-45.50,-23.5,-45.5,1995,3,3,0,3,0,100.0,100.0,True,1.0,100%
era5_-23.50_-45.50,-23.5,-45.5,1996,3,3,0,1,2,20.0,20.0,True,1.0,100%
era5_-23.50_-45.50,-23.5,-45.5,1997,3,3,0,3,0,100.0,100.0,True,1.0,100%
era5_-23.50_-45.50,-23.5,-45.5,1998,3,3,0,3,0,85.0,85.0,True,1.0,100%
era5_-23.50_-45.50,-23.5,-45.5,1999,3,3,0,2,1,65.0,65.0,True,1.0,100%
era5_-23.50_-45.50,-23.5,-45.5,2000,3,3,0,1,2,334.0,334.0,True,1.0,100%
era5_-23.50_-45.50,-23.5,-45.5,2001,3,3,0,2,1,384.0,384.0,True,1.0,100%
era5_-23.50_-45.50,-23.5,-45.5,2002,3,3,0,1,2,200.0,200.0,True,1.0,100%
era5_-23.50_-45.50,-23.5,-45.5,2003,3,3,0,1,2,150.0,150.0,True,1.0,100%
era5_-23.50_-45.50,-23.5,-45.5,2004,3,3,0,1,2,150.0,150.0,True,1.0,100%
era5_-23.50_-45.50,-23.5,-45.5,2005,3,3,0,2,1,230.0,230.0,True,1.0,100%
era5_-23.50_-45.50,-23.5,-45.5,2006,3,3,0,2,1,75.0,75.0,True,1.0,100%
era5_-23.50_-45.50,-23.5,-45.5,2007,3,3,0,3,0,170.0,170.0,True,1.0,100%
era5_-23.50_-45.50,-23.5,-45.5,2008,3,3,0,2,1,253.0,253.0,True,1.0,100%
era5_-23.50_-45.50,-23.5,-45.5,2009,3,2,1,2,0,238.0,238.0,True,1.0,100%
era5_-23.50_-45.50,-23.5,-45.5,2010,3,3,0,3,0,263.0,263.0,True,1.0,100%
era5_-23.50_-45.50,-23.5,-45.5,2011,3,3,0,2,1,73.0,73.0,True,1.0,100%
era5_-23.50_-45.50,-23.5,-45.5,2012,3,3,0,0,3,0.0,0.0,False,,invalid_nonpositive_denominator
era5_-23.50_-45.50,-23.5,-45.5,2013,3,3,0,2,1,30.0,30.0,True,1.0,100%
era5_-23.50_-45.50,-23.5,-45.5,2014,3,2,1,1,1,15.0,15.0,True,1.0,100%
era5_-23.50_-45.50,-23.5,-45.5,2015,3,3,0,0,3,0.0,0.0,False,,invalid_nonpositive_denominator
era5_-23.50_-45.50,-23.5,-45.5,2016,3,3,0,2,1,40.0,40.0,True,1.0,100%
era5_-23.50_-45.50,-23.5,-45.5,2017,3,3,0,1,2,4.0,4.0,True,1.0,100%
era5_-23.50_-45.50,-23.5,-45.5,2018,3,3,0,0,3,0.0,0.0,False,,invalid_nonpositive_denominator
era5_-23.50_-45.50,-23.5,-45.5,2019,3,3,0,1,2,5.0,5.0,True,1.0,100%
era5_-23.50_-45.50,-23.5,-45.5,2020,3,2,1,1,1,4.0,4.0,True,1.0,100%
era5_-23.50_-45.50,-23.5,-45.5,2021,3,3,0,1,2,4.0,4.0,True,1.0,100%
era5_-23.50_-45.50,-23.5,-45.5,2022,3,3,0,1,2,4.0,4.0,True,1.0,100%
era5_-23.50_-45.50,-23.5,-45.5,2023,3,3,0,2,1,6.0,6.0,True,1.0,100%
era5_-23.50_-45.50,-23.5,-45.5,2024,3,3,0,2,1,6.0,6.0,True,1.0,100%
era5_-23.50_-45.50,-23.5,-45.5,2025,3,3,0,2,1,6.0,6.0,True,1.0,100%
era5_-23.50_-46.00,-23.5,-46.0,1974,6,6,0,6,0,715.0,715.0,True,1.0,100%
era5_-23.50_-46.00,-23.5,-46.0,1975,6,6,0,6,0,816.0,816.0,True,1.0,100%
era5_-23.50_-46.00,-23.5,-46.0,1976,6,6,0,6,0,470.0,470.0,True,1.0,100%
era5_-23.50_-46.00,-23.5,-46.0,1977,6,6,0,6,0,935.0,935.0,True,1.0,100%
era5_-23.50_-46.00,-23.5,-46.0,1978,6,6,0,5,1,337.0,337.0,True,1.0,100%
era5_-23.50_-46.00,-23.5,-46.0,1979,6,6,0,5,1,375.0,375.0,True,1.0,100%
era5_-23.50_-46.00,-23.5,-46.0,1980,6,6,0,5,1,265.0,265.0,True,1.0,100%
era5_-23.50_-46.00,-23.5,-46.0,1981,6,6,0,5,1,304.0,304.0,True,1.0,100%
era5_-23.50_-46.00,-23.5,-46.0,1982,6,6,0,5,1,300.0,300.0,True,1.0,100%
era5_-23.50_-46.00,-23.5,-46.0,1983,6,6,0,6,0,604.0,604.0,True,1.0,100%
era5_-23.50_-46.00,-23.5,-46.0,1984,6,6,0,6,0,679.0,679.0,True,1.0,100%
era5_-23.50_-46.00,-23.5,-46.0,1985,6,6,0,6,0,764.0,764.0,True,1.0,100%
era5_-23.50_-46.00,-23.5,-46.0,1986,6,6,0,6,0,649.0,649.0,True,1.0,100%
era5_-23.50_-46.00,-23.5,-46.0,1987,6,6,0,6,0,579.0,579.0,True,1.0,100%
era5_-23.50_-46.00,-23.5,-46.0,1988,6,6,0,6,0,617.0,617.0,True,1.0,100%
era5_-23.50_-46.00,-23.5,-46.0,1989,6,6,0,5,1,545.0,545.0,True,1.0,100%
era5_-23.50_-46.00,-23.5,-46.0,1990,6,6,0,5,1,284.0,284.0,True,1.0,100%
era5_-23.50_-46.00,-23.5,-46.0,1991,6,6,0,5,1,310.0,310.0,True,1.0,100%
era5_-23.50_-46.00,-23.5,-46.0,1992,6,6,0,4,2,186.0,186.0,True,1.0,100%
era5_-23.50_-46.00,-23.5,-46.0,1993,6,6,0,4,2,121.0,121.0,True,1.0,100%
era5_-23.50_-46.00,-23.5,-46.0,1994,6,6,0,4,2,240.0,240.0,True,1.0,100%
era5_-23.50_-46.00,-23.5,-46.0,1995,6,5,1,4,1,235.0,235.0,True,1.0,100%
era5_-23.50_-46.00,-23.5,-46.0,1996,6,6,0,3,3,95.0,95.0,True,1.0,100%
era5_-23.50_-46.00,-23.5,-46.0,1997,6,6,0,2,4,90.0,90.0,True,1.0,100%
era5_-23.50_-46.00,-23.5,-46.0,1998,6,6,0,1,5,70.0,70.0,True,1.0,100%
era5_-23.50_-46.00,-23.5,-46.0,1999,6,6,0,2,4,90.0,90.0,True,1.0,100%
era5_-23.50_-46.00,-23.5,-46.0,2000,6,6,0,0,6,0.0,0.0,False,,invalid_nonpositive_denominator
era5_-23.50_-46.00,-23.5,-46.0,2001,6,6,0,3,3,170.0,170.0,True,1.0,100%
era5_-23.50_-46.00,-23.5,-46.0,2002,6,6,0,1,5,150.0,150.0,True,1.0,100%
era5_-23.50_-46.00,-23.5,-46.0,2003,6,6,0,2,4,230.0,230.0,True,1.0,100%
era5_-23.50_-46.00,-23.5,-46.0,2004,6,6,0,1,5,200.0,200.0,True,1.0,100%
era5_-23.50_-46.00,-23.5,-46.0,2005,6,6,0,1,5,210.0,210.0,True,1.0,100%
era5_-23.50_-46.00,-23.5,-46.0,2006,6,6,0,1,5,200.0,200.0,True,1.0,100%
era5_-23.50_-46.00,-23.5,-46.0,2007,6,6,0,1,5,200.0,200.0,True,1.0,100%
era5_-23.50_-46.00,-23.5,-46.0,2008,6,6,0,1,5,200.0,200.0,True,1.0,100%
era5_-23.50_-46.00,-23.5,-46.0,2009,6,6,0,3,3,228.0,228.0,True,1.0,100%
era5_-23.50_-46.00,-23.5,-46.0,2010,6,6,0,3,3,220.0,220.0,True,1.0,100%
era5_-23.50_-46.00,-23.5,-46.0,2011,6,6,0,2,4,40.0,40.0,True,1.0,100%
era5_-23.50_-46.00,-23.5,-46.0,2012,6,6,0,1,5,30.0,30.0,True,1.0,100%
era5_-23.50_-46.00,-23.5,-46.0,2013,6,6,0,1,5,50.0,50.0,True,1.0,100%
era5_-23.50_-46.00,-23.5,-46.0,2014,6,6,0,0,6,0.0,0.0,False,,invalid_nonpositive_denominator
era5_-23.50_-46.00,-23.5,-46.0,2015,6,6,0,0,6,0.0,0.0,False,,invalid_nonpositive_denominator
era5_-23.50_-46.00,-23.5,-46.0,2016,6,6,0,1,5,100.0,100.0,True,1.0,100%
era5_-23.50_-46.00,-23.5,-46.0,2017,6,6,0,2,4,43.0,43.0,True,1.0,100%
era5_-23.50_-46.00,-23.5,-46.0,2018,6,6,0,3,3,31.0,31.0,True,1.0,100%
era5_-23.50_-46.00,-23.5,-46.0,2019,6,6,0,3,3,31.0,31.0,True,1.0,100%
era5_-23.50_-46.00,-23.5,-46.0,2020,6,5,1,3,2,29.0,29.0,True,1.0,100%
era5_-23.50_-46.00,-23.5,-46.0,2021,6,6,0,3,3,28.0,28.0,True,1.0,100%
era5_-23.50_-46.00,-23.5,-46.0,2022,6,6,0,3,3,37.0,37.0,True,1.0,100%
era5_-23.50_-46.00,-23.5,-46.0,2023,6,6,0,3,3,36.0,36.0,True,1.0,100%
era5_-23.50_-46.00,-23.5,-46.0,2024,6,6,0,2,4,32.0,32.0,True,1.0,100%
era5_-23.50_-46.00,-23.5,-46.0,2025,6,6,0,2,4,60.0,60.0,True,1.0,100%
era5_-23.50_-46.50,-23.5,-46.5,1974,1,1,0,0,1,0.0,0.0,False,,invalid_nonpositive_denominator
era5_-23.50_-46.50,-23.5,-46.5,1975,1,1,0,1,0,18.0,18.0,True,1.0,100%
era5_-23.50_-46.50,-23.5,-46.5,1976,1,1,0,1,0,10.0,10.0,True,1.0,100%
era5_-23.50_-46.50,-23.5,-46.5,1977,1,1,0,0,1,0.0,0.0,False,,invalid_nonpositive_denominator
era5_-23.50_-46.50,-23.5,-46.5,1978,1,1,0,0,1,0.0,0.0,False,,invalid_nonpositive_denominator
era5_-23.50_-46.50,-23.5,-46.5,1979,1,1,0,0,1,0.0,0.0,False,,invalid_nonpositive_denominator
era5_-23.50_-46.50,-23.5,-46.5,1980,1,1,0,0,1,0.0,0.0,False,,invalid_nonpositive_denominator
era5_-23.50_-46.50,-23.5,-46.5,1981,1,1,0,0,1,0.0,0.0,False,,invalid_nonpositive_denominator
era5_-23.50_-46.50,-23.5,-46.5,1982,1,1,0,0,1,0.0,0.0,False,,invalid_nonpositive_denominator
era5_-23.50_-46.50,-23.5,-46.5,1983,1,1,0,0,1,0.0,0.0,False,,invalid_nonpositive_denominator
era5_-23.50_-46.50,-23.5,-46.5,1984,1,1,0,0,1,0.0,0.0,False,,invalid_nonpositive_denominator
era5_-23.50_-46.50,-23.5,-46.5,1985,1,1,0,0,1,0.0,0.0,False,,invalid_nonpositive_denominator
era5_-23.50_-46.50,-23.5,-46.5,1986,1,1,0,0,1,0.0,0.0,False,,invalid_nonpositive_denominator
era5_-23.50_-46.50,-23.5,-46.5,1987,1,1,0,0,1,0.0,0.0,False,,invalid_nonpositive_denominator
era5_-23.50_-46.50,-23.5,-46.5,1988,1,1,0,0,1,0.0,0.0,False,,invalid_nonpositive_denominator
era5_-23.50_-46.50,-23.5,-46.5,1989,1,1,0,0,1,0.0,0.0,False,,invalid_nonpositive_denominator
era5_-23.50_-46.50,-23.5,-46.5,1990,1,1,0,0,1,0.0,0.0,False,,invalid_nonpositive_denominator
era5_-23.50_-46.50,-23.5,-46.5,1991,1,1,0,0,1,0.0,0.0,False,,invalid_nonpositive_denominator
era5_-23.50_-46.50,-23.5,-46.5,1992,1,1,0,0,1,0.0,0.0,False,,invalid_nonpositive_denominator
era5_-23.50_-46.50,-23.5,-46.5,1993,1,0,1,0,0,0.0,0.0,False,,invalid_nonpositive_denominator
era5_-23.50_-46.50,-23.5,-46.5,1994,1,1,0,0,1,0.0,0.0,False,,invalid_nonpositive_denominator
era5_-23.50_-46.50,-23.5,-46.5,1995,1,1,0,0,1,0.0,0.0,False,,invalid_nonpositive_denominator
era5_-23.50_-46.50,-23.5,-46.5,1996,1,1,0,0,1,0.0,0.0,False,,invalid_nonpositive_denominator
era5_-23.50_-46.50,-23.5,-46.5,1997,1,1,0,0,1,0.0,0.0,False,,invalid_nonpositive_denominator
era5_-23.50_-46.50,-23.5,-46.5,1998,1,1,0,0,1,0.0,0.0,False,,invalid_nonpositive_denominator
era5_-23.50_-46.50,-23.5,-46.5,1999,1,1,0,0,1,0.0,0.0,False,,invalid_nonpositive_denominator
era5_-23.50_-46.50,-23.5,-46.5,2000,1,1,0,0,1,0.0,0.0,False,,invalid_nonpositive_denominator
era5_-23.50_-46.50,-23.5,-46.5,2001,1,1,0,0,1,0.0,0.0,False,,invalid_nonpositive_denominator
era5_-23.50_-46.50,-23.5,-46.5,2002,1,0,1,0,0,0.0,0.0,False,,invalid_nonpositive_denominator
era5_-23.50_-46.50,-23.5,-46.5,2003,1,0,1,0,0,0.0,0.0,False,,invalid_nonpositive_denominator
era5_-23.50_-46.50,-23.5,-46.5,2004,1,0,1,0,0,0.0,0.0,False,,invalid_nonpositive_denominator
era5_-23.50_-46.50,-23.5,-46.5,2005,1,0,1,0,0,0.0,0.0,False,,invalid_nonpositive_denominator
era5_-23.50_-46.50,-23.5,-46.5,2006,1,0,1,0,0,0.0,0.0,False,,invalid_nonpositive_denominator
era5_-23.50_-46.50,-23.5,-46.5,2007,1,0,1,0,0,0.0,0.0,False,,invalid_nonpositive_denominator
era5_-23.50_-46.50,-23.5,-46.5,2008,1,0,1,0,0,0.0,0.0,False,,invalid_nonpositive_denominator
era5_-23.50_-46.50,-23.5,-46.5,2009,1,0,1,0,0,0.0,0.0,False,,invalid_nonpositive_denominator
era5_-23.50_-46.50,-23.5,-46.5,2010,1,0,1,0,0,0.0,0.0,False,,invalid_nonpositive_denominator
era5_-23.50_-46.50,-23.5,-46.5,2011,1,0,1,0,0,0.0,0.0,False,,invalid_nonpositive_denominator
era5_-23.50_-46.50,-23.5,-46.5,2012,1,1,0,0,1,0.0,0.0,False,,invalid_nonpositive_denominator
era5_-23.50_-46.50,-23.5,-46.5,2013,1,1,0,1,0,10.0,10.0,True,1.0,100%
era5_-23.50_-46.50,-23.5,-46.5,2014,1,1,0,1,0,10.0,10.0,True,1.0,100%
era5_-23.50_-46.50,-23.5,-46.5,2015,1,1,0,1,0,10.0,10.0,True,1.0,100%
era5_-23.50_-46.50,-23.5,-46.5,2016,1,1,0,1,0,10.0,10.0,True,1.0,100%
era5_-23.50_-46.50,-23.5,-46.5,2017,1,1,0,1,0,10.0,10.0,True,1.0,100%
era5_-23.50_-46.50,-23.5,-46.5,2018,1,1,0,1,0,10.0,10.0,True,1.0,100%
era5_-23.50_-46.50,-23.5,-46.5,2019,1,1,0,1,0,10.0,10.0,True,1.0,100%
era5_-23.50_-46.50,-23.5,-46.5,2020,1,1,0,1,0,9.0,9.0,True,1.0,100%
era5_-23.50_-46.50,-23.5,-46.5,2021,1,1,0,1,0,11.0,11.0,True,1.0,100%
era5_-23.50_-46.50,-23.5,-46.5,2022,1,1,0,1,0,11.0,11.0,True,1.0,100%
era5_-23.50_-46.50,-23.5,-46.5,2023,1,1,0,1,0,11.0,11.0,True,1.0,100%
era5_-23.50_-46.50,-23.5,-46.5,2024,1,1,0,1,0,11.0,11.0,True,1.0,100%
era5_-23.50_-46.50,-23.5,-46.5,2025,1,1,0,1,0,11.0,11.0,True,1.0,100%
era5_-23.50_-47.00,-23.5,-47.0,1974,3,3,0,2,1,330.0,330.0,True,1.0,100%
era5_-23.50_-47.00,-23.5,-47.0,1975,3,3,0,2,1,350.0,350.0,True,1.0,100%
era5_-23.50_-47.00,-23.5,-47.0,1976,3,3,0,2,1,335.0,335.0,True,1.0,100%
era5_-23.50_-47.00,-23.5,-47.0,1977,3,3,0,2,1,450.0,450.0,True,1.0,100%
era5_-23.50_-47.00,-23.5,-47.0,1978,3,3,0,2,1,450.0,450.0,True,1.0,100%
era5_-23.50_-47.00,-23.5,-47.0,1979,3,3,0,2,1,400.0,400.0,True,1.0,100%
era5_-23.50_-47.00,-23.5,-47.0,1980,3,3,0,2,1,435.0,435.0,True,1.0,100%
era5_-23.50_-47.00,-23.5,-47.0,1981,3,3,0,2,1,483.0,483.0,True,1.0,100%
era5_-23.50_-47.00,-23.5,-47.0,1982,3,3,0,2,1,360.0,360.0,True,1.0,100%
era5_-23.50_-47.00,-23.5,-47.0,1983,3,3,0,2,1,360.0,360.0,True,1.0,100%
era5_-23.50_-47.00,-23.5,-47.0,1984,3,3,0,2,1,440.0,440.0,True,1.0,100%
era5_-23.50_-47.00,-23.5,-47.0,1985,3,3,0,2,1,440.0,440.0,True,1.0,100%
era5_-23.50_-47.00,-23.5,-47.0,1986,3,3,0,2,1,340.0,340.0,True,1.0,100%
era5_-23.50_-47.00,-23.5,-47.0,1987,3,3,0,2,1,340.0,340.0,True,1.0,100%
era5_-23.50_-47.00,-23.5,-47.0,1988,3,3,0,2,1,340.0,340.0,True,1.0,100%
era5_-23.50_-47.00,-23.5,-47.0,1989,3,3,0,2,1,430.0,430.0,True,1.0,100%
era5_-23.50_-47.00,-23.5,-47.0,1990,3,3,0,2,1,530.0,530.0,True,1.0,100%
era5_-23.50_-47.00,-23.5,-47.0,1991,3,3,0,2,1,580.0,580.0,True,1.0,100%
era5_-23.50_-47.00,-23.5,-47.0,1992,3,3,0,1,2,700.0,700.0,True,1.0,100%
era5_-23.50_-47.00,-23.5,-47.0,1993,3,2,1,1,1,800.0,800.0,True,1.0,100%
era5_-23.50_-47.00,-23.5,-47.0,1994,3,2,1,1,1,700.0,700.0,True,1.0,100%
era5_-23.50_-47.00,-23.5,-47.0,1995,3,2,1,1,1,900.0,900.0,True,1.0,100%
era5_-23.50_-47.00,-23.5,-47.0,1996,3,2,1,1,1,800.0,800.0,True,1.0,100%
era5_-23.50_-47.00,-23.5,-47.0,1997,3,2,1,1,1,800.0,800.0,True,1.0,100%
era5_-23.50_-47.00,-23.5,-47.0,1998,3,2,1,1,1,800.0,800.0,True,1.0,100%
era5_-23.50_-47.00,-23.5,-47.0,1999,3,2,1,1,1,800.0,800.0,True,1.0,100%
era5_-23.50_-47.00,-23.5,-47.0,2000,3,2,1,1,1,160.0,160.0,True,1.0,100%
era5_-23.50_-47.00,-23.5,-47.0,2001,3,3,0,3,0,230.0,230.0,True,1.0,100%
era5_-23.50_-47.00,-23.5,-47.0,2002,3,2,1,2,0,780.0,780.0,True,1.0,100%
era5_-23.50_-47.00,-23.5,-47.0,2003,3,2,1,2,0,780.0,780.0,True,1.0,100%
era5_-23.50_-47.00,-23.5,-47.0,2004,3,2,1,2,0,820.0,820.0,True,1.0,100%
era5_-23.50_-47.00,-23.5,-47.0,2005,3,2,1,2,0,819.0,819.0,True,1.0,100%
era5_-23.50_-47.00,-23.5,-47.0,2006,3,2,1,2,0,99.0,99.0,True,1.0,100%
era5_-23.50_-47.00,-23.5,-47.0,2007,3,2,1,2,0,751.0,751.0,True,1.0,100%
era5_-23.50_-47.00,-23.5,-47.0,2008,3,2,1,2,0,784.0,784.0,True,1.0,100%
era5_-23.50_-47.00,-23.5,-47.0,2009,3,2,1,1,1,80.0,80.0,True,1.0,100%
era5_-23.50_-47.00,-23.5,-47.0,2010,3,2,1,1,1,80.0,80.0,True,1.0,100%
era5_-23.50_-47.00,-23.5,-47.0,2011,3,2,1,2,0,60.0,60.0,True,1.0,100%
era5_-23.50_-47.00,-23.5,-47.0,2012,3,2,1,2,0,60.0,60.0,True,1.0,100%
era5_-23.50_-47.00,-23.5,-47.0,2013,3,2,1,2,0,45.0,45.0,True,1.0,100%
era5_-23.50_-47.00,-23.5,-47.0,2014,3,2,1,2,0,45.0,45.0,True,1.0,100%
era5_-23.50_-47.00,-23.5,-47.0,2015,3,2,1,1,1,8.0,8.0,True,1.0,100%
era5_-23.50_-47.00,-23.5,-47.0,2016,3,2,1,1,1,10.0,10.0,True,1.0,100%
era5_-23.50_-47.00,-23.5,-47.0,2017,3,2,1,2,0,40.0,40.0,True,1.0,100%
era5_-23.50_-47.00,-23.5,-47.0,2018,3,2,1,2,0,35.0,35.0,True,1.0,100%
era5_-23.50_-47.00,-23.5,-47.0,2019,3,2,1,2,0,35.0,35.0,True,1.0,100%
era5_-23.50_-47.00,-23.5,-47.0,2020,3,2,1,2,0,35.0,35.0,True,1.0,100%
era5_-23.50_-47.00,-23.5,-47.0,2021,3,2,1,2,0,35.0,35.0,True,1.0,100%
era5_-23.50_-47.00,-23.5,-47.0,2022,3,2,1,2,0,35.0,35.0,True,1.0,100%
era5_-23.50_-47.00,-23.5,-47.0,2023,3,2,1,1,1,5.0,5.0,True,1.0,100%
era5_-23.50_-47.00,-23.5,-47.0,2024,3,2,1,1,1,5.0,5.0,True,1.0,100%
era5_-23.50_-47.00,-23.5,-47.0,2025,3,2,1,1,1,5.0,5.0,True,1.0,100%
era5_-23.50_-47.50,-23.5,-47.5,1974,8,7,1,4,3,2863.0,2863.0,True,1.0,100%
era5_-23.50_-47.50,-23.5,-47.5,1975,8,7,1,4,3,3293.0,3293.0,True,1.0,100%
era5_-23.50_-47.50,-23.5,-47.5,1976,8,7,1,3,4,3540.0,3540.0,True,1.0,100%
era5_-23.50_-47.50,-23.5,-47.5,1977,8,7,1,3,4,4760.0,4760.0,True,1.0,100%
era5_-23.50_-47.50,-23.5,-47.5,1978,8,7,1,3,4,4610.0,4610.0,True,1.0,100%
era5_-23.50_-47.50,-23.5,-47.5,1979,8,7,1,3,4,3110.0,3110.0,True,1.0,100%
era5_-23.50_-47.50,-23.5,-47.5,1980,8,7,1,3,4,4760.0,4760.0,True,1.0,100%
era5_-23.50_-47.50,-23.5,-47.5,1981,8,7,1,3,4,5292.0,5292.0,True,1.0,100%
era5_-23.50_-47.50,-23.5,-47.5,1982,8,7,1,4,3,7400.0,7400.0,True,1.0,100%
era5_-23.50_-47.50,-23.5,-47.5,1983,8,7,1,4,3,7535.0,7535.0,True,1.0,100%
era5_-23.50_-47.50,-23.5,-47.5,1984,8,7,1,5,2,7170.0,7170.0,True,1.0,100%
era5_-23.50_-47.50,-23.5,-47.5,1985,8,7,1,5,2,7510.0,7510.0,True,1.0,100%
era5_-23.50_-47.50,-23.5,-47.5,1986,8,7,1,6,1,8170.0,8170.0,True,1.0,100%
era5_-23.50_-47.50,-23.5,-47.5,1987,8,7,1,6,1,7682.0,7682.0,True,1.0,100%
era5_-23.50_-47.50,-23.5,-47.5,1988,8,7,1,6,1,10471.0,10471.0,True,1.0,100%
era5_-23.50_-47.50,-23.5,-47.5,1989,8,7,1,6,1,7971.0,7971.0,True,1.0,100%
era5_-23.50_-47.50,-23.5,-47.5,1990,8,7,1,6,1,10595.0,10595.0,True,1.0,100%
era5_-23.50_-47.50,-23.5,-47.5,1991,8,7,1,6,1,10595.0,10595.0,True,1.0,100%
era5_-23.50_-47.50,-23.5,-47.5,1992,8,7,1,6,1,8795.0,8795.0,True,1.0,100%
era5_-23.50_-47.50,-23.5,-47.5,1993,8,7,1,7,0,8867.0,8867.0,True,1.0,100%
era5_-23.50_-47.50,-23.5,-47.5,1994,8,7,1,7,0,8770.0,8770.0,True,1.0,100%
era5_-23.50_-47.50,-23.5,-47.5,1995,8,7,1,7,0,8470.0,8470.0,True,1.0,100%
era5_-23.50_-47.50,-23.5,-47.5,1996,8,7,1,3,4,7500.0,7500.0,True,1.0,100%
era5_-23.50_-47.50,-23.5,-47.5,1997,8,8,0,5,3,8450.0,8450.0,True,1.0,100%
era5_-23.50_-47.50,-23.5,-47.5,1998,8,8,0,7,1,8620.0,8620.0,True,1.0,100%
era5_-23.50_-47.50,-23.5,-47.5,1999,8,8,0,7,1,8520.0,8520.0,True,1.0,100%
era5_-23.50_-47.50,-23.5,-47.5,2000,8,8,0,7,1,7720.0,7720.0,True,1.0,100%
era5_-23.50_-47.50,-23.5,-47.5,2001,8,8,0,7,1,9180.0,9180.0,True,1.0,100%
era5_-23.50_-47.50,-23.5,-47.5,2002,8,8,0,8,0,7890.0,7890.0,True,1.0,100%
era5_-23.50_-47.50,-23.5,-47.5,2003,8,8,0,8,0,8390.0,8390.0,True,1.0,100%
era5_-23.50_-47.50,-23.5,-47.5,2004,8,8,0,8,0,9050.0,9050.0,True,1.0,100%
era5_-23.50_-47.50,-23.5,-47.5,2005,8,8,0,8,0,9039.0,9039.0,True,1.0,100%
era5_-23.50_-47.50,-23.5,-47.5,2006,8,8,0,8,0,8459.0,8459.0,True,1.0,100%
era5_-23.50_-47.50,-23.5,-47.5,2007,8,8,0,5,3,1811.0,1811.0,True,1.0,100%
era5_-23.50_-47.50,-23.5,-47.5,2008,8,8,0,8,0,9611.0,9611.0,True,1.0,100%
era5_-23.50_-47.50,-23.5,-47.5,2009,8,8,0,6,2,12232.0,12232.0,True,1.0,100%
era5_-23.50_-47.50,-23.5,-47.5,2010,8,8,0,7,1,11850.0,11850.0,True,1.0,100%
era5_-23.50_-47.50,-23.5,-47.5,2011,8,8,0,7,1,12078.0,12078.0,True,1.0,100%
era5_-23.50_-47.50,-23.5,-47.5,2012,8,8,0,5,3,3134.0,3134.0,True,1.0,100%
era5_-23.50_-47.50,-23.5,-47.5,2013,8,8,0,7,1,14042.0,14042.0,True,1.0,100%
era5_-23.50_-47.50,-23.5,-47.5,2014,8,8,0,7,1,12342.0,12342.0,True,1.0,100%
era5_-23.50_-47.50,-23.5,-47.5,2015,8,8,0,7,1,11442.0,11442.0,True,1.0,100%
era5_-23.50_-47.50,-23.5,-47.5,2016,8,8,0,7,1,11442.0,11442.0,True,1.0,100%
era5_-23.50_-47.50,-23.5,-47.5,2017,8,8,0,7,1,11334.0,11334.0,True,1.0,100%
era5_-23.50_-47.50,-23.5,-47.5,2018,8,8,0,6,2,9052.0,9052.0,True,1.0,100%
era5_-23.50_-47.50,-23.5,-47.5,2019,8,8,0,7,1,9852.0,9852.0,True,1.0,100%
era5_-23.50_-47.50,-23.5,-47.5,2020,8,8,0,7,1,9252.0,9252.0,True,1.0,100%
era5_-23.50_-47.50,-23.5,-47.5,2021,8,8,0,7,1,9132.0,9132.0,True,1.0,100%
era5_-23.50_-47.50,-23.5,-47.5,2022,8,8,0,7,1,9152.0,9152.0,True,1.0,100%
era5_-23.50_-47.50,-23.5,-47.5,2023,8,8,0,6,2,9150.0,9150.0,True,1.0,100%
era5_-23.50_-47.50,-23.5,-47.5,2024,8,8,0,6,2,10100.0,10100.0,True,1.0,100%
era5_-23.50_-47.50,-23.5,-47.5,2025,8,8,0,6,2,5792.0,5792.0,True,1.0,100%
era5_-23.50_-48.00,-23.5,-48.0,1974,4,3,1,2,1,2700.0,2700.0,True,1.0,100%
era5_-23.50_-48.00,-23.5,-48.0,1975,4,3,1,2,1,1550.0,1550.0,True,1.0,100%
era5_-23.50_-48.00,-23.5,-48.0,1976,4,3,1,2,1,2300.0,2300.0,True,1.0,100%
era5_-23.50_-48.00,-23.5,-48.0,1977,4,3,1,2,1,2200.0,2200.0,True,1.0,100%
era5_-23.50_-48.00,-23.5,-48.0,1978,4,3,1,2,1,2048.0,2048.0,True,1.0,100%
era5_-23.50_-48.00,-23.5,-48.0,1979,4,3,1,2,1,1716.0,1716.0,True,1.0,100%
era5_-23.50_-48.00,-23.5,-48.0,1980,4,3,1,2,1,1430.0,1430.0,True,1.0,100%
era5_-23.50_-48.00,-23.5,-48.0,1981,4,3,1,3,0,1600.0,1600.0,True,1.0,100%
era5_-23.50_-48.00,-23.5,-48.0,1982,4,3,1,2,1,2080.0,2080.0,True,1.0,100%
era5_-23.50_-48.00,-23.5,-48.0,1983,4,3,1,2,1,3500.0,3500.0,True,1.0,100%
era5_-23.50_-48.00,-23.5,-48.0,1984,4,3,1,2,1,5530.0,5530.0,True,1.0,100%
era5_-23.50_-48.00,-23.5,-48.0,1985,4,3,1,2,1,6501.0,6501.0,True,1.0,100%
era5_-23.50_-48.00,-23.5,-48.0,1986,4,3,1,2,1,8530.0,8530.0,True,1.0,100%
era5_-23.50_-48.00,-23.5,-48.0,1987,4,3,1,2,1,10350.0,10350.0,True,1.0,100%
era5_-23.50_-48.00,-23.5,-48.0,1988,4,3,1,3,0,12737.0,12737.0,True,1.0,100%
era5_-23.50_-48.00,-23.5,-48.0,1989,4,3,1,3,0,15005.0,15005.0,True,1.0,100%
era5_-23.50_-48.00,-23.5,-48.0,1990,4,3,1,3,0,16139.0,16139.0,True,1.0,100%
era5_-23.50_-48.00,-23.5,-48.0,1991,4,3,1,3,0,15463.0,15463.0,True,1.0,100%
era5_-23.50_-48.00,-23.5,-48.0,1992,4,3,1,2,1,10600.0,10600.0,True,1.0,100%
era5_-23.50_-48.00,-23.5,-48.0,1993,4,3,1,1,2,8000.0,8000.0,True,1.0,100%
era5_-23.50_-48.00,-23.5,-48.0,1994,4,3,1,2,1,10190.0,10190.0,True,1.0,100%
era5_-23.50_-48.00,-23.5,-48.0,1995,4,3,1,2,1,12200.0,12200.0,True,1.0,100%
era5_-23.50_-48.00,-23.5,-48.0,1996,4,3,1,2,1,9200.0,9200.0,True,1.0,100%
era5_-23.50_-48.00,-23.5,-48.0,1997,4,4,0,3,1,9400.0,9400.0,True,1.0,100%
era5_-23.50_-48.00,-23.5,-48.0,1998,4,4,0,3,1,9700.0,9700.0,True,1.0,100%
era5_-23.50_-48.00,-23.5,-48.0,1999,4,4,0,3,1,8400.0,8400.0,True,1.0,100%
era5_-23.50_-48.00,-23.5,-48.0,2000,4,4,0,3,1,8500.0,8500.0,True,1.0,100%
era5_-23.50_-48.00,-23.5,-48.0,2001,4,4,0,4,0,9226.0,9226.0,True,1.0,100%
era5_-23.50_-48.00,-23.5,-48.0,2002,4,4,0,4,0,6771.0,6771.0,True,1.0,100%
era5_-23.50_-48.00,-23.5,-48.0,2003,4,4,0,4,0,7584.0,7584.0,True,1.0,100%
era5_-23.50_-48.00,-23.5,-48.0,2004,4,4,0,4,0,13248.0,13248.0,True,1.0,100%
era5_-23.50_-48.00,-23.5,-48.0,2005,4,4,0,4,0,16001.0,16001.0,True,1.0,100%
era5_-23.50_-48.00,-23.5,-48.0,2006,4,4,0,4,0,20400.0,20400.0,True,1.0,100%
era5_-23.50_-48.00,-23.5,-48.0,2007,4,4,0,4,0,20350.0,20350.0,True,1.0,100%
era5_-23.50_-48.00,-23.5,-48.0,2008,4,4,0,4,0,25730.0,25730.0,True,1.0,100%
era5_-23.50_-48.00,-23.5,-48.0,2009,4,4,0,4,0,32876.0,32876.0,True,1.0,100%
era5_-23.50_-48.00,-23.5,-48.0,2010,4,4,0,4,0,24570.0,24570.0,True,1.0,100%
era5_-23.50_-48.00,-23.5,-48.0,2011,4,4,0,4,0,26600.0,26600.0,True,1.0,100%
era5_-23.50_-48.00,-23.5,-48.0,2012,4,4,0,2,2,18770.0,18770.0,True,1.0,100%
era5_-23.50_-48.00,-23.5,-48.0,2013,4,4,0,4,0,33783.0,33783.0,True,1.0,100%
era5_-23.50_-48.00,-23.5,-48.0,2014,4,4,0,4,0,32550.0,32550.0,True,1.0,100%
era5_-23.50_-48.00,-23.5,-48.0,2015,4,4,0,4,0,30800.0,30800.0,True,1.0,100%
era5_-23.50_-48.00,-23.5,-48.0,2016,4,4,0,4,0,27448.0,27448.0,True,1.0,100%
era5_-23.50_-48.00,-23.5,-48.0,2017,4,4,0,4,0,26265.0,26265.0,True,1.0,100%
era5_-23.50_-48.00,-23.5,-48.0,2018,4,4,0,4,0,24785.0,24785.0,True,1.0,100%
era5_-23.50_-48.00,-23.5,-48.0,2019,4,4,0,4,0,15915.0,15915.0,True,1.0,100%
era5_-23.50_-48.00,-23.5,-48.0,2020,4,4,0,4,0,21715.0,21715.0,True,1.0,100%
era5_-23.50_-48.00,-23.5,-48.0,2021,4,4,0,4,0,20815.0,20815.0,True,1.0,100%
era5_-23.50_-48.00,-23.5,-48.0,2022,4,4,0,4,0,21200.0,21200.0,True,1.0,100%
era5_-23.50_-48.00,-23.5,-48.0,2023,4,4,0,4,0,20250.0,20250.0,True,1.0,100%
era5_-23.50_-48.00,-23.5,-48.0,2024,4,4,0,4,0,20090.0,20090.0,True,1.0,100%
era5_-23.50_-48.00,-23.5,-48.0,2025,4,4,0,4,0,20900.0,20900.0,True,1.0,100%
era5_-23.50_-48.50,-23.5,-48.5,1974,2,2,0,0,2,0.0,0.0,False,,invalid_nonpositive_denominator
era5_-23.50_-48.50,-23.5,-48.5,1975,2,2,0,0,2,0.0,0.0,False,,invalid_nonpositive_denominator
era5_-23.50_-48.50,-23.5,-48.5,1976,2,2,0,0,2,0.0,0.0,False,,invalid_nonpositive_denominator
era5_-23.50_-48.50,-23.5,-48.5,1977,2,2,0,0,2,0.0,0.0,False,,invalid_nonpositive_denominator
era5_-23.50_-48.50,-23.5,-48.5,1978,2,2,0,0,2,0.0,0.0,False,,invalid_nonpositive_denominator
era5_-23.50_-48.50,-23.5,-48.5,1979,2,2,0,0,2,0.0,0.0,False,,invalid_nonpositive_denominator
era5_-23.50_-48.50,-23.5,-48.5,1980,2,2,0,0,2,0.0,0.0,False,,invalid_nonpositive_denominator
era5_-23.50_-48.50,-23.5,-48.5,1981,2,2,0,0,2,0.0,0.0,False,,invalid_nonpositive_denominator
era5_-23.50_-48.50,-23.5,-48.5,1982,2,2,0,0,2,0.0,0.0,False,,invalid_nonpositive_denominator
era5_-23.50_-48.50,-23.5,-48.5,1983,2,2,0,0,2,0.0,0.0,False,,invalid_nonpositive_denominator
era5_-23.50_-48.50,-23.5,-48.5,1984,2,2,0,1,1,70.0,70.0,True,1.0,100%
era5_-23.50_-48.50,-23.5,-48.5,1985,2,2,0,1,1,61.0,61.0,True,1.0,100%
era5_-23.50_-48.50,-23.5,-48.5,1986,2,2,0,1,1,70.0,70.0,True,1.0,100%
era5_-23.50_-48.50,-23.5,-48.5,1987,2,2,0,1,1,50.0,50.0,True,1.0,100%
era5_-23.50_-48.50,-23.5,-48.5,1988,2,2,0,1,1,50.0,50.0,True,1.0,100%
era5_-23.50_-48.50,-23.5,-48.5,1989,2,2,0,1,1,50.0,50.0,True,1.0,100%
era5_-23.50_-48.50,-23.5,-48.5,1990,2,2,0,1,1,50.0,50.0,True,1.0,100%
era5_-23.50_-48.50,-23.5,-48.5,1991,2,2,0,1,1,50.0,50.0,True,1.0,100%
era5_-23.50_-48.50,-23.5,-48.5,1992,2,2,0,1,1,50.0,50.0,True,1.0,100%
era5_-23.50_-48.50,-23.5,-48.5,1993,2,2,0,1,1,718.0,718.0,True,1.0,100%
era5_-23.50_-48.50,-23.5,-48.5,1994,2,2,0,2,0,792.0,792.0,True,1.0,100%
era5_-23.50_-48.50,-23.5,-48.5,1995,2,2,0,2,0,905.0,905.0,True,1.0,100%
era5_-23.50_-48.50,-23.5,-48.5,1996,2,2,0,1,1,50.0,50.0,True,1.0,100%
era5_-23.50_-48.50,-23.5,-48.5,1997,2,2,0,2,0,800.0,800.0,True,1.0,100%
era5_-23.50_-48.50,-23.5,-48.5,1998,2,2,0,2,0,1500.0,1500.0,True,1.0,100%
era5_-23.50_-48.50,-23.5,-48.5,1999,2,2,0,2,0,1500.0,1500.0,True,1.0,100%
era5_-23.50_-48.50,-23.5,-48.5,2000,2,2,0,1,1,680.0,680.0,True,1.0,100%
era5_-23.50_-48.50,-23.5,-48.5,2001,2,2,0,1,1,710.0,710.0,True,1.0,100%
era5_-23.50_-48.50,-23.5,-48.5,2002,2,2,0,2,0,416.0,416.0,True,1.0,100%
era5_-23.50_-48.50,-23.5,-48.5,2003,2,2,0,2,0,532.0,532.0,True,1.0,100%
era5_-23.50_-48.50,-23.5,-48.5,2004,2,2,0,2,0,560.0,560.0,True,1.0,100%
era5_-23.50_-48.50,-23.5,-48.5,2005,2,2,0,2,0,472.0,472.0,True,1.0,100%
era5_-23.50_-48.50,-23.5,-48.5,2006,2,2,0,2,0,1068.0,1068.0,True,1.0,100%
era5_-23.50_-48.50,-23.5,-48.5,2007,2,2,0,2,0,780.0,780.0,True,1.0,100%
era5_-23.50_-48.50,-23.5,-48.5,2008,2,2,0,2,0,1100.0,1100.0,True,1.0,100%
era5_-23.50_-48.50,-23.5,-48.5,2009,2,2,0,2,0,1850.0,1850.0,True,1.0,100%
era5_-23.50_-48.50,-23.5,-48.5,2010,2,2,0,2,0,2300.0,2300.0,True,1.0,100%
era5_-23.50_-48.50,-23.5,-48.5,2011,2,2,0,2,0,2300.0,2300.0,True,1.0,100%
era5_-23.50_-48.50,-23.5,-48.5,2012,2,2,0,2,0,3000.0,3000.0,True,1.0,100%
era5_-23.50_-48.50,-23.5,-48.5,2013,2,2,0,2,0,2100.0,2100.0,True,1.0,100%
era5_-23.50_-48.50,-23.5,-48.5,2014,2,2,0,2,0,1300.0,1300.0,True,1.0,100%
era5_-23.50_-48.50,-23.5,-48.5,2015,2,2,0,2,0,3100.0,3100.0,True,1.0,100%
era5_-23.50_-48.50,-23.5,-48.5,2016,2,2,0,2,0,3300.0,3300.0,True,1.0,100%
era5_-23.50_-48.50,-23.5,-48.5,2017,2,2,0,2,0,3140.0,3140.0,True,1.0,100%
era5_-23.50_-48.50,-23.5,-48.5,2018,2,2,0,2,0,2905.0,2905.0,True,1.0,100%
era5_-23.50_-48.50,-23.5,-48.5,2019,2,2,0,2,0,2905.0,2905.0,True,1.0,100%
era5_-23.50_-48.50,-23.5,-48.5,2020,2,2,0,2,0,2977.0,2977.0,True,1.0,100%
era5_-23.50_-48.50,-23.5,-48.5,2021,2,2,0,2,0,2106.0,2106.0,True,1.0,100%
era5_-23.50_-48.50,-23.5,-48.5,2022,2,2,0,1,1,2577.0,2577.0,True,1.0,100%
era5_-23.50_-48.50,-23.5,-48.5,2023,2,2,0,1,1,2577.0,2577.0,True,1.0,100%
era5_-23.50_-48.50,-23.5,-48.5,2024,2,2,0,1,1,2577.0,2577.0,True,1.0,100%
era5_-23.50_-48.50,-23.5,-48.5,2025,2,2,0,2,0,2637.0,2637.0,True,1.0,100%
era5_-23.50_-49.00,-23.5,-49.0,1974,2,2,0,2,0,1106.0,1106.0,True,1.0,100%
era5_-23.50_-49.00,-23.5,-49.0,1975,2,2,0,2,0,550.0,550.0,True,1.0,100%
era5_-23.50_-49.00,-23.5,-49.0,1976,2,2,0,2,0,900.0,900.0,True,1.0,100%
era5_-23.50_-49.00,-23.5,-49.0,1977,2,2,0,2,0,1218.0,1218.0,True,1.0,100%
era5_-23.50_-49.00,-23.5,-49.0,1978,2,2,0,2,0,1000.0,1000.0,True,1.0,100%
era5_-23.50_-49.00,-23.5,-49.0,1979,2,2,0,2,0,2000.0,2000.0,True,1.0,100%
era5_-23.50_-49.00,-23.5,-49.0,1980,2,2,0,2,0,2400.0,2400.0,True,1.0,100%
era5_-23.50_-49.00,-23.5,-49.0,1981,2,2,0,2,0,2668.0,2668.0,True,1.0,100%
era5_-23.50_-49.00,-23.5,-49.0,1982,2,2,0,2,0,3049.0,3049.0,True,1.0,100%
era5_-23.50_-49.00,-23.5,-49.0,1983,2,2,0,2,0,3200.0,3200.0,True,1.0,100%
era5_-23.50_-49.00,-23.5,-49.0,1984,2,2,0,2,0,3200.0,3200.0,True,1.0,100%
era5_-23.50_-49.00,-23.5,-49.0,1985,2,2,0,2,0,4000.0,4000.0,True,1.0,100%
era5_-23.50_-49.00,-23.5,-49.0,1986,2,2,0,2,0,3000.0,3000.0,True,1.0,100%
era5_-23.50_-49.00,-23.5,-49.0,1987,2,2,0,2,0,4000.0,4000.0,True,1.0,100%
era5_-23.50_-49.00,-23.5,-49.0,1988,2,2,0,2,0,6600.0,6600.0,True,1.0,100%
era5_-23.50_-49.00,-23.5,-49.0,1989,2,2,0,2,0,6550.0,6550.0,True,1.0,100%
era5_-23.50_-49.00,-23.5,-49.0,1990,2,2,0,2,0,7300.0,7300.0,True,1.0,100%
era5_-23.50_-49.00,-23.5,-49.0,1991,2,2,0,2,0,7250.0,7250.0,True,1.0,100%
era5_-23.50_-49.00,-23.5,-49.0,1992,2,2,0,2,0,7350.0,7350.0,True,1.0,100%
era5_-23.50_-49.00,-23.5,-49.0,1993,2,2,0,2,0,6100.0,6100.0,True,1.0,100%
era5_-23.50_-49.00,-23.5,-49.0,1994,2,2,0,2,0,7075.0,7075.0,True,1.0,100%
era5_-23.50_-49.00,-23.5,-49.0,1995,2,2,0,2,0,6000.0,6000.0,True,1.0,100%
era5_-23.50_-49.00,-23.5,-49.0,1996,2,2,0,2,0,10800.0,10800.0,True,1.0,100%
era5_-23.50_-49.00,-23.5,-49.0,1997,2,2,0,2,0,10900.0,10900.0,True,1.0,100%
era5_-23.50_-49.00,-23.5,-49.0,1998,2,2,0,2,0,10200.0,10200.0,True,1.0,100%
era5_-23.50_-49.00,-23.5,-49.0,1999,2,2,0,2,0,9100.0,9100.0,True,1.0,100%
era5_-23.50_-49.00,-23.5,-49.0,2000,2,2,0,2,0,8550.0,8550.0,True,1.0,100%
era5_-23.50_-49.00,-23.5,-49.0,2001,2,2,0,2,0,10550.0,10550.0,True,1.0,100%
era5_-23.50_-49.00,-23.5,-49.0,2002,2,2,0,2,0,12050.0,12050.0,True,1.0,100%
era5_-23.50_-49.00,-23.5,-49.0,2003,2,2,0,2,0,12050.0,12050.0,True,1.0,100%
era5_-23.50_-49.00,-23.5,-49.0,2004,2,2,0,2,0,12500.0,12500.0,True,1.0,100%
era5_-23.50_-49.00,-23.5,-49.0,2005,2,2,0,2,0,12074.0,12074.0,True,1.0,100%
era5_-23.50_-49.00,-23.5,-49.0,2006,2,2,0,2,0,18000.0,18000.0,True,1.0,100%
era5_-23.50_-49.00,-23.5,-49.0,2007,2,2,0,2,0,20000.0,20000.0,True,1.0,100%
era5_-23.50_-49.00,-23.5,-49.0,2008,2,2,0,2,0,18348.0,18348.0,True,1.0,100%
era5_-23.50_-49.00,-23.5,-49.0,2009,2,2,0,2,0,20500.0,20500.0,True,1.0,100%
era5_-23.50_-49.00,-23.5,-49.0,2010,2,2,0,2,0,20500.0,20500.0,True,1.0,100%
era5_-23.50_-49.00,-23.5,-49.0,2011,2,2,0,2,0,20500.0,20500.0,True,1.0,100%
era5_-23.50_-49.00,-23.5,-49.0,2012,2,2,0,2,0,20500.0,20500.0,True,1.0,100%
era5_-23.50_-49.00,-23.5,-49.0,2013,2,2,0,2,0,29000.0,29000.0,True,1.0,100%
era5_-23.50_-49.00,-23.5,-49.0,2014,2,2,0,2,0,24000.0,24000.0,True,1.0,100%
era5_-23.50_-49.00,-23.5,-49.0,2015,2,2,0,2,0,28500.0,28500.0,True,1.0,100%
era5_-23.50_-49.00,-23.5,-49.0,2016,2,2,0,2,0,22000.0,22000.0,True,1.0,100%
era5_-23.50_-49.00,-23.5,-49.0,2017,2,2,0,2,0,21000.0,21000.0,True,1.0,100%
era5_-23.50_-49.00,-23.5,-49.0,2018,2,2,0,2,0,16000.0,16000.0,True,1.0,100%
era5_-23.50_-49.00,-23.5,-49.0,2019,2,2,0,2,0,16000.0,16000.0,True,1.0,100%
era5_-23.50_-49.00,-23.5,-49.0,2020,2,2,0,2,0,15300.0,15300.0,True,1.0,100%
era5_-23.50_-49.00,-23.5,-49.0,2021,2,2,0,2,0,12800.0,12800.0,True,1.0,100%
era5_-23.50_-49.00,-23.5,-49.0,2022,2,2,0,2,0,10778.0,10778.0,True,1.0,100%
era5_-23.50_-49.00,-23.5,-49.0,2023,2,2,0,2,0,10717.0,10717.0,True,1.0,100%
era5_-23.50_-49.00,-23.5,-49.0,2024,2,2,0,2,0,9727.0,9727.0,True,1.0,100%
era5_-23.50_-49.00,-23.5,-49.0,2025,2,2,0,2,0,9727.0,9727.0,True,1.0,100%
era5_-23.50_-49.50,-23.5,-49.5,1974,7,7,0,3,4,140.0,140.0,True,1.0,100%
era5_-23.50_-49.50,-23.5,-49.5,1975,7,7,0,5,2,237.0,237.0,True,1.0,100%
era5_-23.50_-49.50,-23.5,-49.5,1976,7,7,0,5,2,280.0,280.0,True,1.0,100%
era5_-23.50_-49.50,-23.5,-49.5,1977,7,7,0,5,2,330.0,330.0,True,1.0,100%
era5_-23.50_-49.50,-23.5,-49.5,1978,7,7,0,4,3,103.0,103.0,True,1.0,100%
era5_-23.50_-49.50,-23.5,-49.5,1979,7,7,0,3,4,130.0,130.0,True,1.0,100%
era5_-23.50_-49.50,-23.5,-49.5,1980,7,7,0,3,4,170.0,170.0,True,1.0,100%
era5_-23.50_-49.50,-23.5,-49.5,1981,7,7,0,3,4,228.0,228.0,True,1.0,100%
era5_-23.50_-49.50,-23.5,-49.5,1982,7,7,0,2,5,210.0,210.0,True,1.0,100%
era5_-23.50_-49.50,-23.5,-49.5,1983,7,7,0,2,5,505.0,505.0,True,1.0,100%
era5_-23.50_-49.50,-23.5,-49.5,1984,7,7,0,1,6,10.0,10.0,True,1.0,100%
era5_-23.50_-49.50,-23.5,-49.5,1985,7,7,0,3,4,94.0,94.0,True,1.0,100%
era5_-23.50_-49.50,-23.5,-49.5,1986,7,7,0,3,4,94.0,94.0,True,1.0,100%
era5_-23.50_-49.50,-23.5,-49.5,1987,7,7,0,3,4,76.0,76.0,True,1.0,100%
era5_-23.50_-49.50,-23.5,-49.5,1988,7,7,0,3,4,110.0,110.0,True,1.0,100%
era5_-23.50_-49.50,-23.5,-49.5,1989,7,7,0,3,4,110.0,110.0,True,1.0,100%
era5_-23.50_-49.50,-23.5,-49.5,1990,7,7,0,4,3,220.0,220.0,True,1.0,100%
era5_-23.50_-49.50,-23.5,-49.5,1991,7,7,0,4,3,370.0,370.0,True,1.0,100%
era5_-23.50_-49.50,-23.5,-49.5,1992,7,7,0,4,3,390.0,390.0,True,1.0,100%
era5_-23.50_-49.50,-23.5,-49.5,1993,7,7,0,4,3,420.0,420.0,True,1.0,100%
era5_-23.50_-49.50,-23.5,-49.5,1994,7,7,0,4,3,430.0,430.0,True,1.0,100%
era5_-23.50_-49.50,-23.5,-49.5,1995,7,7,0,4,3,430.0,430.0,True,1.0,100%
era5_-23.50_-49.50,-23.5,-49.5,1996,7,7,0,4,3,430.0,430.0,True,1.0,100%
era5_-23.50_-49.50,-23.5,-49.5,1997,7,7,0,4,3,440.0,440.0,True,1.0,100%
era5_-23.50_-49.50,-23.5,-49.5,1998,7,7,0,4,3,440.0,440.0,True,1.0,100%
era5_-23.50_-49.50,-23.5,-49.5,1999,7,7,0,4,3,440.0,440.0,True,1.0,100%
era5_-23.50_-49.50,-23.5,-49.5,2000,7,7,0,0,7,0.0,0.0,False,,invalid_nonpositive_denominator
era5_-23.50_-49.50,-23.5,-49.5,2001,7,7,0,1,6,500.0,500.0,True,1.0,100%
era5_-23.50_-49.50,-23.5,-49.5,2002,7,7,0,3,4,380.0,380.0,True,1.0,100%
era5_-23.50_-49.50,-23.5,-49.5,2003,7,7,0,3,4,380.0,380.0,True,1.0,100%
era5_-23.50_-49.50,-23.5,-49.5,2004,7,7,0,3,4,380.0,380.0,True,1.0,100%
era5_-23.50_-49.50,-23.5,-49.5,2005,7,7,0,3,4,398.0,398.0,True,1.0,100%
era5_-23.50_-49.50,-23.5,-49.5,2006,7,7,0,3,4,402.0,402.0,True,1.0,100%
era5_-23.50_-49.50,-23.5,-49.5,2007,7,7,0,5,2,1402.0,1402.0,True,1.0,100%
era5_-23.50_-49.50,-23.5,-49.5,2008,7,7,0,6,1,2602.0,2602.0,True,1.0,100%
era5_-23.50_-49.50,-23.5,-49.5,2009,7,7,0,5,2,2088.0,2088.0,True,1.0,100%
era5_-23.50_-49.50,-23.5,-49.5,2010,7,7,0,6,1,2746.0,2746.0,True,1.0,100%
era5_-23.50_-49.50,-23.5,-49.5,2011,7,7,0,6,1,3056.0,3056.0,True,1.0,100%
era5_-23.50_-49.50,-23.5,-49.5,2012,7,7,0,6,1,2596.0,2596.0,True,1.0,100%
era5_-23.50_-49.50,-23.5,-49.5,2013,7,7,0,7,0,4350.0,4350.0,True,1.0,100%
era5_-23.50_-49.50,-23.5,-49.5,2014,7,7,0,7,0,4015.0,4015.0,True,1.0,100%
era5_-23.50_-49.50,-23.5,-49.5,2015,7,7,0,6,1,3170.0,3170.0,True,1.0,100%
era5_-23.50_-49.50,-23.5,-49.5,2016,7,7,0,5,2,2940.0,2940.0,True,1.0,100%
era5_-23.50_-49.50,-23.5,-49.5,2017,7,7,0,5,2,3030.0,3030.0,True,1.0,100%
era5_-23.50_-49.50,-23.5,-49.5,2018,7,7,0,6,1,3300.0,3300.0,True,1.0,100%
era5_-23.50_-49.50,-23.5,-49.5,2019,7,7,0,4,3,2250.0,2250.0,True,1.0,100%
era5_-23.50_-49.50,-23.5,-49.5,2020,7,7,0,3,4,1350.0,1350.0,True,1.0,100%
era5_-23.50_-49.50,-23.5,-49.5,2021,7,7,0,3,4,2200.0,2200.0,True,1.0,100%
era5_-23.50_-49.50,-23.5,-49.5,2022,7,7,0,3,4,2200.0,2200.0,True,1.0,100%
era5_-23.50_-49.50,-23.5,-49.5,2023,7,7,0,3,4,2760.0,2760.0,True,1.0,100%
era5_-23.50_-49.50,-23.5,-49.5,2024,7,7,0,3,4,2760.0,2760.0,True,1.0,100%
era5_-23.50_-49.50,-23.5,-49.5,2025,7,7,0,3,4,2772.0,2772.0,True,1.0,100%
era5_-24.00_-49.00,-24.0,-49.0,1974,2,2,0,2,0,340.0,340.0,True,1.0,100%
era5_-24.00_-49.00,-24.0,-49.0,1975,2,2,0,2,0,360.0,360.0,True,1.0,100%
era5_-24.00_-49.00,-24.0,-49.0,1976,2,2,0,2,0,360.0,360.0,True,1.0,100%
era5_-24.00_-49.00,-24.0,-49.0,1977,2,2,0,2,0,360.0,360.0,True,1.0,100%
era5_-24.00_-49.00,-24.0,-49.0,1978,2,2,0,2,0,140.0,140.0,True,1.0,100%
era5_-24.00_-49.00,-24.0,-49.0,1979,2,2,0,2,0,140.0,140.0,True,1.0,100%
era5_-24.00_-49.00,-24.0,-49.0,1980,2,2,0,2,0,90.0,90.0,True,1.0,100%
era5_-24.00_-49.00,-24.0,-49.0,1981,2,2,0,1,1,33.0,33.0,True,1.0,100%
era5_-24.00_-49.00,-24.0,-49.0,1982,2,2,0,1,1,38.0,38.0,True,1.0,100%
era5_-24.00_-49.00,-24.0,-49.0,1983,2,2,0,1,1,30.0,30.0,True,1.0,100%
era5_-24.00_-49.00,-24.0,-49.0,1984,2,2,0,1,1,30.0,30.0,True,1.0,100%
era5_-24.00_-49.00,-24.0,-49.0,1985,2,2,0,1,1,400.0,400.0,True,1.0,100%
era5_-24.00_-49.00,-24.0,-49.0,1986,2,2,0,2,0,330.0,330.0,True,1.0,100%
era5_-24.00_-49.00,-24.0,-49.0,1987,2,2,0,1,1,300.0,300.0,True,1.0,100%
era5_-24.00_-49.00,-24.0,-49.0,1988,2,2,0,1,1,600.0,600.0,True,1.0,100%
era5_-24.00_-49.00,-24.0,-49.0,1989,2,2,0,1,1,600.0,600.0,True,1.0,100%
era5_-24.00_-49.00,-24.0,-49.0,1990,2,2,0,1,1,600.0,600.0,True,1.0,100%
era5_-24.00_-49.00,-24.0,-49.0,1991,2,2,0,1,1,700.0,700.0,True,1.0,100%
era5_-24.00_-49.00,-24.0,-49.0,1992,2,2,0,1,1,700.0,700.0,True,1.0,100%
era5_-24.00_-49.00,-24.0,-49.0,1993,2,2,0,1,1,500.0,500.0,True,1.0,100%
era5_-24.00_-49.00,-24.0,-49.0,1994,2,2,0,1,1,550.0,550.0,True,1.0,100%
era5_-24.00_-49.00,-24.0,-49.0,1995,2,2,0,1,1,600.0,600.0,True,1.0,100%
era5_-24.00_-49.00,-24.0,-49.0,1996,2,2,0,1,1,2000.0,2000.0,True,1.0,100%
era5_-24.00_-49.00,-24.0,-49.0,1997,2,2,0,1,1,2000.0,2000.0,True,1.0,100%
era5_-24.00_-49.00,-24.0,-49.0,1998,2,2,0,1,1,2500.0,2500.0,True,1.0,100%
era5_-24.00_-49.00,-24.0,-49.0,1999,2,2,0,1,1,2500.0,2500.0,True,1.0,100%
era5_-24.00_-49.00,-24.0,-49.0,2000,2,2,0,1,1,2200.0,2200.0,True,1.0,100%
era5_-24.00_-49.00,-24.0,-49.0,2001,2,2,0,1,1,2400.0,2400.0,True,1.0,100%
era5_-24.00_-49.00,-24.0,-49.0,2002,2,2,0,1,1,2200.0,2200.0,True,1.0,100%
era5_-24.00_-49.00,-24.0,-49.0,2003,2,2,0,1,1,2300.0,2300.0,True,1.0,100%
era5_-24.00_-49.00,-24.0,-49.0,2004,2,2,0,1,1,2300.0,2300.0,True,1.0,100%
era5_-24.00_-49.00,-24.0,-49.0,2005,2,2,0,1,1,3150.0,3150.0,True,1.0,100%
era5_-24.00_-49.00,-24.0,-49.0,2006,2,2,0,1,1,3500.0,3500.0,True,1.0,100%
era5_-24.00_-49.00,-24.0,-49.0,2007,2,2,0,1,1,5500.0,5500.0,True,1.0,100%
era5_-24.00_-49.00,-24.0,-49.0,2008,2,2,0,1,1,7000.0,7000.0,True,1.0,100%
era5_-24.00_-49.00,-24.0,-49.0,2009,2,2,0,1,1,6000.0,6000.0,True,1.0,100%
era5_-24.00_-49.00,-24.0,-49.0,2010,2,2,0,2,0,3160.0,3160.0,True,1.0,100%
era5_-24.00_-49.00,-24.0,-49.0,2011,2,2,0,2,0,6160.0,6160.0,True,1.0,100%
era5_-24.00_-49.00,-24.0,-49.0,2012,2,2,0,1,1,5500.0,5500.0,True,1.0,100%
era5_-24.00_-49.00,-24.0,-49.0,2013,2,2,0,1,1,5000.0,5000.0,True,1.0,100%
era5_-24.00_-49.00,-24.0,-49.0,2014,2,2,0,0,2,0.0,0.0,False,,invalid_nonpositive_denominator
era5_-24.00_-49.00,-24.0,-49.0,2015,2,2,0,1,1,3000.0,3000.0,True,1.0,100%
era5_-24.00_-49.00,-24.0,-49.0,2016,2,2,0,1,1,3000.0,3000.0,True,1.0,100%
era5_-24.00_-49.00,-24.0,-49.0,2017,2,2,0,1,1,2800.0,2800.0,True,1.0,100%
era5_-24.00_-49.00,-24.0,-49.0,2018,2,2,0,2,0,2530.0,2530.0,True,1.0,100%
era5_-24.00_-49.00,-24.0,-49.0,2019,2,2,0,2,0,2530.0,2530.0,True,1.0,100%
era5_-24.00_-49.00,-24.0,-49.0,2020,2,2,0,2,0,2530.0,2530.0,True,1.0,100%
era5_-24.00_-49.00,-24.0,-49.0,2021,2,2,0,2,0,2020.0,2020.0,True,1.0,100%
era5_-24.00_-49.00,-24.0,-49.0,2022,2,2,0,2,0,2520.0,2520.0,True,1.0,100%
era5_-24.00_-49.00,-24.0,-49.0,2023,2,2,0,2,0,2520.0,2520.0,True,1.0,100%
era5_-24.00_-49.00,-24.0,-49.0,2024,2,2,0,2,0,2520.0,2520.0,True,1.0,100%
era5_-24.00_-49.00,-24.0,-49.0,2025,2,2,0,2,0,1510.0,1510.0,True,1.0,100%
era5_-24.50_-48.00,-24.5,-48.0,1974,3,3,0,3,0,55.0,55.0,True,1.0,100%
era5_-24.50_-48.00,-24.5,-48.0,1975,3,3,0,2,1,50.0,50.0,True,1.0,100%
era5_-24.50_-48.00,-24.5,-48.0,1976,3,3,0,1,2,14.0,14.0,True,1.0,100%
era5_-24.50_-48.00,-24.5,-48.0,1977,3,3,0,1,2,20.0,20.0,True,1.0,100%
era5_-24.50_-48.00,-24.5,-48.0,1978,3,3,0,2,1,70.0,70.0,True,1.0,100%
era5_-24.50_-48.00,-24.5,-48.0,1979,3,3,0,2,1,70.0,70.0,True,1.0,100%
era5_-24.50_-48.00,-24.5,-48.0,1980,3,3,0,1,2,35.0,35.0,True,1.0,100%
era5_-24.50_-48.00,-24.5,-48.0,1981,3,3,0,1,2,40.0,40.0,True,1.0,100%
era5_-24.50_-48.00,-24.5,-48.0,1982,3,3,0,0,3,0.0,0.0,False,,invalid_nonpositive_denominator
era5_-24.50_-48.00,-24.5,-48.0,1983,3,3,0,3,0,115.0,115.0,True,1.0,100%
era5_-24.50_-48.00,-24.5,-48.0,1984,3,3,0,3,0,83.0,83.0,True,1.0,100%
era5_-24.50_-48.00,-24.5,-48.0,1985,3,3,0,3,0,78.0,78.0,True,1.0,100%
era5_-24.50_-48.00,-24.5,-48.0,1986,3,3,0,3,0,73.0,73.0,True,1.0,100%
era5_-24.50_-48.00,-24.5,-48.0,1987,3,3,0,3,0,85.0,85.0,True,1.0,100%
era5_-24.50_-48.00,-24.5,-48.0,1988,3,3,0,3,0,105.0,105.0,True,1.0,100%
era5_-24.50_-48.00,-24.5,-48.0,1989,3,3,0,2,1,50.0,50.0,True,1.0,100%
era5_-24.50_-48.00,-24.5,-48.0,1990,3,3,0,0,3,0.0,0.0,False,,invalid_nonpositive_denominator
era5_-24.50_-48.00,-24.5,-48.0,1991,3,3,0,1,2,80.0,80.0,True,1.0,100%
era5_-24.50_-48.00,-24.5,-48.0,1992,3,3,0,1,2,70.0,70.0,True,1.0,100%
era5_-24.50_-48.00,-24.5,-48.0,1993,3,3,0,1,2,100.0,100.0,True,1.0,100%
era5_-24.50_-48.00,-24.5,-48.0,1994,3,3,0,1,2,100.0,100.0,True,1.0,100%
era5_-24.50_-48.00,-24.5,-48.0,1995,3,3,0,1,2,60.0,60.0,True,1.0,100%
era5_-24.50_-48.00,-24.5,-48.0,1996,3,3,0,2,1,160.0,160.0,True,1.0,100%
era5_-24.50_-48.00,-24.5,-48.0,1997,3,3,0,1,2,100.0,100.0,True,1.0,100%
era5_-24.50_-48.00,-24.5,-48.0,1998,3,3,0,1,2,100.0,100.0,True,1.0,100%
era5_-24.50_-48.00,-24.5,-48.0,1999,3,3,0,1,2,100.0,100.0,True,1.0,100%
era5_-24.50_-48.00,-24.5,-48.0,2000,3,3,0,0,3,0.0,0.0,False,,invalid_nonpositive_denominator
era5_-24.50_-48.00,-24.5,-48.0,2001,3,3,0,0,3,0.0,0.0,False,,invalid_nonpositive_denominator
era5_-24.50_-48.00,-24.5,-48.0,2002,3,3,0,1,2,100.0,100.0,True,1.0,100%
era5_-24.50_-48.00,-24.5,-48.0,2003,3,3,0,0,3,0.0,0.0,False,,invalid_nonpositive_denominator
era5_-24.50_-48.00,-24.5,-48.0,2004,3,3,0,0,3,0.0,0.0,False,,invalid_nonpositive_denominator
era5_-24.50_-48.00,-24.5,-48.0,2005,3,3,0,1,2,157.0,157.0,True,1.0,100%
era5_-24.50_-48.00,-24.5,-48.0,2006,3,3,0,1,2,13.0,13.0,True,1.0,100%
era5_-24.50_-48.00,-24.5,-48.0,2007,3,3,0,0,3,0.0,0.0,False,,invalid_nonpositive_denominator
era5_-24.50_-48.00,-24.5,-48.0,2008,3,3,0,1,2,157.0,157.0,True,1.0,100%
era5_-24.50_-48.00,-24.5,-48.0,2009,3,3,0,2,1,180.0,180.0,True,1.0,100%
era5_-24.50_-48.00,-24.5,-48.0,2010,3,3,0,1,2,7.0,7.0,True,1.0,100%
era5_-24.50_-48.00,-24.5,-48.0,2011,3,3,0,1,2,7.0,7.0,True,1.0,100%
era5_-24.50_-48.00,-24.5,-48.0,2012,3,3,0,2,1,27.0,27.0,True,1.0,100%
era5_-24.50_-48.00,-24.5,-48.0,2013,3,3,0,2,1,27.0,27.0,True,1.0,100%
era5_-24.50_-48.00,-24.5,-48.0,2014,3,3,0,2,1,27.0,27.0,True,1.0,100%
era5_-24.50_-48.00,-24.5,-48.0,2015,3,3,0,1,2,35.0,35.0,True,1.0,100%
era5_-24.50_-48.00,-24.5,-48.0,2016,3,3,0,2,1,20.0,20.0,True,1.0,100%
era5_-24.50_-48.00,-24.5,-48.0,2017,3,3,0,2,1,20.0,20.0,True,1.0,100%
era5_-24.50_-48.00,-24.5,-48.0,2018,3,3,0,3,0,19.0,19.0,True,1.0,100%
era5_-24.50_-48.00,-24.5,-48.0,2019,3,3,0,3,0,19.0,19.0,True,1.0,100%
era5_-24.50_-48.00,-24.5,-48.0,2020,3,3,0,3,0,19.0,19.0,True,1.0,100%
era5_-24.50_-48.00,-24.5,-48.0,2021,3,3,0,3,0,19.0,19.0,True,1.0,100%
era5_-24.50_-48.00,-24.5,-48.0,2022,3,3,0,3,0,19.0,19.0,True,1.0,100%
era5_-24.50_-48.00,-24.5,-48.0,2023,3,3,0,3,0,19.0,19.0,True,1.0,100%
era5_-24.50_-48.00,-24.5,-48.0,2024,3,3,0,3,0,22.0,22.0,True,1.0,100%
era5_-24.50_-48.00,-24.5,-48.0,2025,3,3,0,3,0,39.0,39.0,True,1.0,100%
era5_-24.50_-48.50,-24.5,-48.5,1974,1,1,0,1,0,70.0,70.0,True,1.0,100%
era5_-24.50_-48.50,-24.5,-48.5,1975,1,1,0,1,0,70.0,70.0,True,1.0,100%
era5_-24.50_-48.50,-24.5,-48.5,1976,1,1,0,0,1,0.0,0.0,False,,invalid_nonpositive_denominator
era5_-24.50_-48.50,-24.5,-48.5,1977,1,1,0,0,1,0.0,0.0,False,,invalid_nonpositive_denominator
era5_-24.50_-48.50,-24.5,-48.5,1978,1,1,0,0,1,0.0,0.0,False,,invalid_nonpositive_denominator
era5_-24.50_-48.50,-24.5,-48.5,1979,1,1,0,0,1,0.0,0.0,False,,invalid_nonpositive_denominator
era5_-24.50_-48.50,-24.5,-48.5,1980,1,1,0,0,1,0.0,0.0,False,,invalid_nonpositive_denominator
era5_-24.50_-48.50,-24.5,-48.5,1981,1,1,0,0,1,0.0,0.0,False,,invalid_nonpositive_denominator
era5_-24.50_-48.50,-24.5,-48.5,1982,1,1,0,0,1,0.0,0.0,False,,invalid_nonpositive_denominator
era5_-24.50_-48.50,-24.5,-48.5,1983,1,1,0,0,1,0.0,0.0,False,,invalid_nonpositive_denominator
era5_-24.50_-48.50,-24.5,-48.5,1984,1,1,0,0,1,0.0,0.0,False,,invalid_nonpositive_denominator
era5_-24.50_-48.50,-24.5,-48.5,1985,1,1,0,0,1,0.0,0.0,False,,invalid_nonpositive_denominator
era5_-24.50_-48.50,-24.5,-48.5,1986,1,1,0,0,1,0.0,0.0,False,,invalid_nonpositive_denominator
era5_-24.50_-48.50,-24.5,-48.5,1987,1,1,0,1,0,45.0,45.0,True,1.0,100%
era5_-24.50_-48.50,-24.5,-48.5,1988,1,1,0,1,0,60.0,60.0,True,1.0,100%
era5_-24.50_-48.50,-24.5,-48.5,1989,1,1,0,1,0,60.0,60.0,True,1.0,100%
era5_-24.50_-48.50,-24.5,-48.5,1990,1,1,0,1,0,60.0,60.0,True,1.0,100%
era5_-24.50_-48.50,-24.5,-48.5,1991,1,1,0,1,0,60.0,60.0,True,1.0,100%
era5_-24.50_-48.50,-24.5,-48.5,1992,1,1,0,1,0,60.0,60.0,True,1.0,100%
era5_-24.50_-48.50,-24.5,-48.5,1993,1,1,0,1,0,60.0,60.0,True,1.0,100%
era5_-24.50_-48.50,-24.5,-48.5,1994,1,1,0,1,0,60.0,60.0,True,1.0,100%
era5_-24.50_-48.50,-24.5,-48.5,1995,1,1,0,1,0,20.0,20.0,True,1.0,100%
era5_-24.50_-48.50,-24.5,-48.5,1996,1,1,0,1,0,20.0,20.0,True,1.0,100%
era5_-24.50_-48.50,-24.5,-48.5,1997,1,1,0,0,1,0.0,0.0,False,,invalid_nonpositive_denominator
era5_-24.50_-48.50,-24.5,-48.5,1998,1,1,0,0,1,0.0,0.0,False,,invalid_nonpositive_denominator
era5_-24.50_-48.50,-24.5,-48.5,1999,1,1,0,0,1,0.0,0.0,False,,invalid_nonpositive_denominator
era5_-24.50_-48.50,-24.5,-48.5,2000,1,1,0,0,1,0.0,0.0,False,,invalid_nonpositive_denominator
era5_-24.50_-48.50,-24.5,-48.5,2001,1,1,0,0,1,0.0,0.0,False,,invalid_nonpositive_denominator
era5_-24.50_-48.50,-24.5,-48.5,2002,1,1,0,0,1,0.0,0.0,False,,invalid_nonpositive_denominator
era5_-24.50_-48.50,-24.5,-48.5,2003,1,1,0,0,1,0.0,0.0,False,,invalid_nonpositive_denominator
era5_-24.50_-48.50,-24.5,-48.5,2004,1,1,0,0,1,0.0,0.0,False,,invalid_nonpositive_denominator
era5_-24.50_-48.50,-24.5,-48.5,2005,1,1,0,0,1,0.0,0.0,False,,invalid_nonpositive_denominator
era5_-24.50_-48.50,-24.5,-48.5,2006,1,1,0,0,1,0.0,0.0,False,,invalid_nonpositive_denominator
era5_-24.50_-48.50,-24.5,-48.5,2007,1,1,0,0,1,0.0,0.0,False,,invalid_nonpositive_denominator
era5_-24.50_-48.50,-24.5,-48.5,2008,1,1,0,0,1,0.0,0.0,False,,invalid_nonpositive_denominator
era5_-24.50_-48.50,-24.5,-48.5,2009,1,1,0,0,1,0.0,0.0,False,,invalid_nonpositive_denominator
era5_-24.50_-48.50,-24.5,-48.5,2010,1,1,0,1,0,1.0,1.0,True,1.0,100%
era5_-24.50_-48.50,-24.5,-48.5,2011,1,1,0,1,0,2.0,2.0,True,1.0,100%
era5_-24.50_-48.50,-24.5,-48.5,2012,1,1,0,0,1,0.0,0.0,False,,invalid_nonpositive_denominator
era5_-24.50_-48.50,-24.5,-48.5,2013,1,1,0,1,0,35.0,35.0,True,1.0,100%
era5_-24.50_-48.50,-24.5,-48.5,2014,1,1,0,1,0,35.0,35.0,True,1.0,100%
era5_-24.50_-48.50,-24.5,-48.5,2015,1,1,0,1,0,35.0,35.0,True,1.0,100%
era5_-24.50_-48.50,-24.5,-48.5,2016,1,1,0,1,0,35.0,35.0,True,1.0,100%
era5_-24.50_-48.50,-24.5,-48.5,2017,1,1,0,1,0,35.0,35.0,True,1.0,100%
era5_-24.50_-48.50,-24.5,-48.5,2018,1,1,0,1,0,15.0,15.0,True,1.0,100%
era5_-24.50_-48.50,-24.5,-48.5,2019,1,1,0,1,0,15.0,15.0,True,1.0,100%
era5_-24.50_-48.50,-24.5,-48.5,2020,1,1,0,1,0,15.0,15.0,True,1.0,100%
era5_-24.50_-48.50,-24.5,-48.5,2021,1,1,0,1,0,15.0,15.0,True,1.0,100%
era5_-24.50_-48.50,-24.5,-48.5,2022,1,1,0,1,0,15.0,15.0,True,1.0,100%
era5_-24.50_-48.50,-24.5,-48.5,2023,1,1,0,1,0,15.0,15.0,True,1.0,100%
era5_-24.50_-48.50,-24.5,-48.5,2024,1,1,0,1,0,15.0,15.0,True,1.0,100%
era5_-24.50_-48.50,-24.5,-48.5,2025,1,1,0,1,0,15.0,15.0,True,1.0,100%
era5_-24.50_-49.00,-24.5,-49.0,1974,2,1,1,1,0,35.0,35.0,True,1.0,100%
era5_-24.50_-49.00,-24.5,-49.0,1975,2,1,1,1,0,35.0,35.0,True,1.0,100%
era5_-24.50_-49.00,-24.5,-49.0,1976,2,1,1,0,1,0.0,0.0,False,,invalid_nonpositive_denominator
era5_-24.50_-49.00,-24.5,-49.0,1977,2,1,1,0,1,0.0,0.0,False,,invalid_nonpositive_denominator
era5_-24.50_-49.00,-24.5,-49.0,1978,2,1,1,0,1,0.0,0.0,False,,invalid_nonpositive_denominator
era5_-24.50_-49.00,-24.5,-49.0,1979,2,1,1,0,1,0.0,0.0,False,,invalid_nonpositive_denominator
era5_-24.50_-49.00,-24.5,-49.0,1980,2,1,1,0,1,0.0,0.0,False,,invalid_nonpositive_denominator
era5_-24.50_-49.00,-24.5,-49.0,1981,2,1,1,0,1,0.0,0.0,False,,invalid_nonpositive_denominator
era5_-24.50_-49.00,-24.5,-49.0,1982,2,1,1,0,1,0.0,0.0,False,,invalid_nonpositive_denominator
era5_-24.50_-49.00,-24.5,-49.0,1983,2,1,1,0,1,0.0,0.0,False,,invalid_nonpositive_denominator
era5_-24.50_-49.00,-24.5,-49.0,1984,2,1,1,0,1,0.0,0.0,False,,invalid_nonpositive_denominator
era5_-24.50_-49.00,-24.5,-49.0,1985,2,1,1,0,1,0.0,0.0,False,,invalid_nonpositive_denominator
era5_-24.50_-49.00,-24.5,-49.0,1986,2,1,1,0,1,0.0,0.0,False,,invalid_nonpositive_denominator
era5_-24.50_-49.00,-24.5,-49.0,1987,2,1,1,0,1,0.0,0.0,False,,invalid_nonpositive_denominator
era5_-24.50_-49.00,-24.5,-49.0,1988,2,1,1,0,1,0.0,0.0,False,,invalid_nonpositive_denominator
era5_-24.50_-49.00,-24.5,-49.0,1989,2,1,1,0,1,0.0,0.0,False,,invalid_nonpositive_denominator
era5_-24.50_-49.00,-24.5,-49.0,1990,2,1,1,0,1,0.0,0.0,False,,invalid_nonpositive_denominator
era5_-24.50_-49.00,-24.5,-49.0,1991,2,1,1,0,1,0.0,0.0,False,,invalid_nonpositive_denominator
era5_-24.50_-49.00,-24.5,-49.0,1992,2,1,1,1,0,20.0,20.0,True,1.0,100%
era5_-24.50_-49.00,-24.5,-49.0,1993,2,2,0,2,0,65.0,65.0,True,1.0,100%
era5_-24.50_-49.00,-24.5,-49.0,1994,2,2,0,2,0,33.0,33.0,True,1.0,100%
era5_-24.50_-49.00,-24.5,-49.0,1995,2,2,0,2,0,33.0,33.0,True,1.0,100%
era5_-24.50_-49.00,-24.5,-49.0,1996,2,2,0,2,0,33.0,33.0,True,1.0,100%
era5_-24.50_-49.00,-24.5,-49.0,1997,2,2,0,0,2,0.0,0.0,False,,invalid_nonpositive_denominator
era5_-24.50_-49.00,-24.5,-49.0,1998,2,2,0,1,1,15.0,15.0,True,1.0,100%
era5_-24.50_-49.00,-24.5,-49.0,1999,2,2,0,1,1,30.0,30.0,True,1.0,100%
era5_-24.50_-49.00,-24.5,-49.0,2000,2,2,0,0,2,0.0,0.0,False,,invalid_nonpositive_denominator
era5_-24.50_-49.00,-24.5,-49.0,2001,2,2,0,0,2,0.0,0.0,False,,invalid_nonpositive_denominator
era5_-24.50_-49.00,-24.5,-49.0,2002,2,2,0,1,1,45.0,45.0,True,1.0,100%
era5_-24.50_-49.00,-24.5,-49.0,2003,2,2,0,1,1,60.0,60.0,True,1.0,100%
era5_-24.50_-49.00,-24.5,-49.0,2004,2,2,0,1,1,60.0,60.0,True,1.0,100%
era5_-24.50_-49.00,-24.5,-49.0,2005,2,2,0,1,1,73.0,73.0,True,1.0,100%
era5_-24.50_-49.00,-24.5,-49.0,2006,2,2,0,1,1,100.0,100.0,True,1.0,100%
era5_-24.50_-49.00,-24.5,-49.0,2007,2,2,0,1,1,90.0,90.0,True,1.0,100%
era5_-24.50_-49.00,-24.5,-49.0,2008,2,2,0,1,1,100.0,100.0,True,1.0,100%
era5_-24.50_-49.00,-24.5,-49.0,2009,2,2,0,1,1,100.0,100.0,True,1.0,100%
era5_-24.50_-49.00,-24.5,-49.0,2010,2,2,0,1,1,113.0,113.0,True,1.0,100%
era5_-24.50_-49.00,-24.5,-49.0,2011,2,2,0,1,1,113.0,113.0,True,1.0,100%
era5_-24.50_-49.00,-24.5,-49.0,2012,2,2,0,0,2,0.0,0.0,False,,invalid_nonpositive_denominator
era5_-24.50_-49.00,-24.5,-49.0,2013,2,2,0,0,2,0.0,0.0,False,,invalid_nonpositive_denominator
era5_-24.50_-49.00,-24.5,-49.0,2014,2,2,0,2,0,85.0,85.0,True,1.0,100%
era5_-24.50_-49.00,-24.5,-49.0,2015,2,2,0,2,0,70.0,70.0,True,1.0,100%
era5_-24.50_-49.00,-24.5,-49.0,2016,2,2,0,2,0,70.0,70.0,True,1.0,100%
era5_-24.50_-49.00,-24.5,-49.0,2017,2,2,0,2,0,63.0,63.0,True,1.0,100%
era5_-24.50_-49.00,-24.5,-49.0,2018,2,2,0,2,0,75.0,75.0,True,1.0,100%
era5_-24.50_-49.00,-24.5,-49.0,2019,2,2,0,2,0,75.0,75.0,True,1.0,100%
era5_-24.50_-49.00,-24.5,-49.0,2020,2,2,0,2,0,75.0,75.0,True,1.0,100%
era5_-24.50_-49.00,-24.5,-49.0,2021,2,2,0,2,0,63.0,63.0,True,1.0,100%
era5_-24.50_-49.00,-24.5,-49.0,2022,2,2,0,2,0,97.0,97.0,True,1.0,100%
era5_-24.50_-49.00,-24.5,-49.0,2023,2,2,0,2,0,97.0,97.0,True,1.0,100%
era5_-24.50_-49.00,-24.5,-49.0,2024,2,2,0,2,0,122.0,122.0,True,1.0,100%
era5_-24.50_-49.00,-24.5,-49.0,2025,2,2,0,2,0,112.0,112.0,True,1.0,100%
era5_-25.00_-48.00,-25.0,-48.0,1974,1,1,0,1,0,10.0,10.0,True,1.0,100%
era5_-25.00_-48.00,-25.0,-48.0,1975,1,1,0,1,0,8.0,8.0,True,1.0,100%
era5_-25.00_-48.00,-25.0,-48.0,1976,1,1,0,0,1,0.0,0.0,False,,invalid_nonpositive_denominator
era5_-25.00_-48.00,-25.0,-48.0,1977,1,1,0,0,1,0.0,0.0,False,,invalid_nonpositive_denominator
era5_-25.00_-48.00,-25.0,-48.0,1978,1,1,0,0,1,0.0,0.0,False,,invalid_nonpositive_denominator
era5_-25.00_-48.00,-25.0,-48.0,1979,1,1,0,0,1,0.0,0.0,False,,invalid_nonpositive_denominator
era5_-25.00_-48.00,-25.0,-48.0,1980,1,1,0,0,1,0.0,0.0,False,,invalid_nonpositive_denominator
era5_-25.00_-48.00,-25.0,-48.0,1981,1,1,0,0,1,0.0,0.0,False,,invalid_nonpositive_denominator
era5_-25.00_-48.00,-25.0,-48.0,1982,1,1,0,0,1,0.0,0.0,False,,invalid_nonpositive_denominator
era5_-25.00_-48.00,-25.0,-48.0,1983,1,1,0,1,0,10.0,10.0,True,1.0,100%
era5_-25.00_-48.00,-25.0,-48.0,1984,1,1,0,1,0,8.0,8.0,True,1.0,100%
era5_-25.00_-48.00,-25.0,-48.0,1985,1,1,0,1,0,8.0,8.0,True,1.0,100%
era5_-25.00_-48.00,-25.0,-48.0,1986,1,1,0,0,1,0.0,0.0,False,,invalid_nonpositive_denominator
era5_-25.00_-48.00,-25.0,-48.0,1987,1,1,0,0,1,0.0,0.0,False,,invalid_nonpositive_denominator
era5_-25.00_-48.00,-25.0,-48.0,1988,1,1,0,0,1,0.0,0.0,False,,invalid_nonpositive_denominator
era5_-25.00_-48.00,-25.0,-48.0,1989,1,1,0,0,1,0.0,0.0,False,,invalid_nonpositive_denominator
era5_-25.00_-48.00,-25.0,-48.0,1990,1,1,0,0,1,0.0,0.0,False,,invalid_nonpositive_denominator
era5_-25.00_-48.00,-25.0,-48.0,1991,1,1,0,0,1,0.0,0.0,False,,invalid_nonpositive_denominator
era5_-25.00_-48.00,-25.0,-48.0,1992,1,1,0,0,1,0.0,0.0,False,,invalid_nonpositive_denominator
era5_-25.00_-48.00,-25.0,-48.0,1993,1,1,0,0,1,0.0,0.0,False,,invalid_nonpositive_denominator
era5_-25.00_-48.00,-25.0,-48.0,1994,1,1,0,0,1,0.0,0.0,False,,invalid_nonpositive_denominator
era5_-25.00_-48.00,-25.0,-48.0,1995,1,1,0,0,1,0.0,0.0,False,,invalid_nonpositive_denominator
era5_-25.00_-48.00,-25.0,-48.0,1996,1,1,0,0,1,0.0,0.0,False,,invalid_nonpositive_denominator
era5_-25.00_-48.00,-25.0,-48.0,1997,1,1,0,0,1,0.0,0.0,False,,invalid_nonpositive_denominator
era5_-25.00_-48.00,-25.0,-48.0,1998,1,1,0,0,1,0.0,0.0,False,,invalid_nonpositive_denominator
era5_-25.00_-48.00,-25.0,-48.0,1999,1,1,0,0,1,0.0,0.0,False,,invalid_nonpositive_denominator
era5_-25.00_-48.00,-25.0,-48.0,2000,1,1,0,0,1,0.0,0.0,False,,invalid_nonpositive_denominator
era5_-25.00_-48.00,-25.0,-48.0,2001,1,1,0,0,1,0.0,0.0,False,,invalid_nonpositive_denominator
era5_-25.00_-48.00,-25.0,-48.0,2002,1,1,0,0,1,0.0,0.0,False,,invalid_nonpositive_denominator
era5_-25.00_-48.00,-25.0,-48.0,2003,1,1,0,0,1,0.0,0.0,False,,invalid_nonpositive_denominator
era5_-25.00_-48.00,-25.0,-48.0,2004,1,1,0,0,1,0.0,0.0,False,,invalid_nonpositive_denominator
era5_-25.00_-48.00,-25.0,-48.0,2005,1,1,0,0,1,0.0,0.0,False,,invalid_nonpositive_denominator
era5_-25.00_-48.00,-25.0,-48.0,2006,1,1,0,0,1,0.0,0.0,False,,invalid_nonpositive_denominator
era5_-25.00_-48.00,-25.0,-48.0,2007,1,1,0,0,1,0.0,0.0,False,,invalid_nonpositive_denominator
era5_-25.00_-48.00,-25.0,-48.0,2008,1,1,0,0,1,0.0,0.0,False,,invalid_nonpositive_denominator
era5_-25.00_-48.00,-25.0,-48.0,2009,1,1,0,0,1,0.0,0.0,False,,invalid_nonpositive_denominator
era5_-25.00_-48.00,-25.0,-48.0,2010,1,1,0,0,1,0.0,0.0,False,,invalid_nonpositive_denominator
era5_-25.00_-48.00,-25.0,-48.0,2011,1,1,0,0,1,0.0,0.0,False,,invalid_nonpositive_denominator
era5_-25.00_-48.00,-25.0,-48.0,2012,1,1,0,0,1,0.0,0.0,False,,invalid_nonpositive_denominator
era5_-25.00_-48.00,-25.0,-48.0,2013,1,1,0,0,1,0.0,0.0,False,,invalid_nonpositive_denominator
era5_-25.00_-48.00,-25.0,-48.0,2014,1,1,0,0,1,0.0,0.0,False,,invalid_nonpositive_denominator
era5_-25.00_-48.00,-25.0,-48.0,2015,1,1,0,0,1,0.0,0.0,False,,invalid_nonpositive_denominator
era5_-25.00_-48.00,-25.0,-48.0,2016,1,1,0,1,0,5.0,5.0,True,1.0,100%
era5_-25.00_-48.00,-25.0,-48.0,2017,1,1,0,1,0,5.0,5.0,True,1.0,100%
era5_-25.00_-48.00,-25.0,-48.0,2018,1,1,0,1,0,5.0,5.0,True,1.0,100%
era5_-25.00_-48.00,-25.0,-48.0,2019,1,1,0,1,0,5.0,5.0,True,1.0,100%
era5_-25.00_-48.00,-25.0,-48.0,2020,1,1,0,1,0,5.0,5.0,True,1.0,100%
era5_-25.00_-48.00,-25.0,-48.0,2021,1,1,0,1,0,5.0,5.0,True,1.0,100%
era5_-25.00_-48.00,-25.0,-48.0,2022,1,1,0,1,0,5.0,5.0,True,1.0,100%
era5_-25.00_-48.00,-25.0,-48.0,2023,1,1,0,1,0,5.0,5.0,True,1.0,100%
era5_-25.00_-48.00,-25.0,-48.0,2024,1,1,0,1,0,5.0,5.0,True,1.0,100%
era5_-25.00_-48.00,-25.0,-48.0,2025,1,1,0,1,0,5.0,5.0,True,1.0,100%
